date,water_level,storage_af,reservoir_storage,percent_full
1937-02-01,,45500,45500,30.1
1937-02-02,,45500,45500,30.1
1937-02-03,,45200,45200,29.9
1937-02-04,,45200,45200,29.9
1937-02-05,,44900,44900,29.7
1937-02-06,,44900,44900,29.7
1937-02-07,,44600,44600,29.5
1937-02-08,,44600,44600,29.5
1937-02-09,,44600,44600,29.5
1937-02-10,,44300,44300,29.3
1937-02-11,,44300,44300,29.3
1937-02-12,,44000,44000,29.1
1937-02-13,,44000,44000,29.1
1937-02-14,,44000,44000,29.1
1937-02-15,,43800,43800,29.0
1937-02-16,,43500,43500,28.8
1937-02-17,,43500,43500,28.8
1937-02-18,,43200,43200,28.6
1937-02-19,,43200,43200,28.6
1937-02-20,,43000,43000,28.5
1937-02-21,,43000,43000,28.5
1937-02-22,,42800,42800,28.3
1937-02-23,,42800,42800,28.3
1937-02-24,,42500,42500,28.1
1937-02-25,,42500,42500,28.1
1937-02-26,,42500,42500,28.1
1937-02-27,,42200,42200,27.9
1937-02-28,,42200,42200,27.9
1937-03-01,,42200,42200,27.9
1937-03-02,,42000,42000,27.8
1937-03-03,,42000,42000,27.8
1937-03-04,,43800,43800,29.0
1937-03-05,,45200,45200,29.9
1937-03-06,,44900,44900,29.7
1937-03-07,,44600,44600,29.5
1937-03-08,,44600,44600,29.5
1937-03-09,,44300,44300,29.3
1937-03-10,,44300,44300,29.3
1937-03-11,,44300,44300,29.3
1937-03-12,,44600,44600,29.5
1937-03-13,,44600,44600,29.5
1937-03-14,,43900,43900,29.1
1937-03-15,,43200,43200,28.6
1937-03-16,,43000,43000,28.5
1937-03-17,,42800,42800,28.3
1937-03-18,,42500,42500,28.1
1937-03-19,,42200,42200,27.9
1937-03-20,,42000,42000,27.8
1937-03-21,,41500,41500,27.5
1937-03-22,,41000,41000,27.1
1937-03-23,,40500,40500,26.8
1937-03-24,,40000,40000,26.5
1937-03-25,,39200,39200,25.9
1937-03-26,,38500,38500,25.5
1937-03-27,,37800,37800,25.0
1937-03-28,,37100,37100,24.6
1937-03-29,,36100,36100,23.9
1937-03-30,,35300,35300,23.4
1937-03-31,,34600,34600,22.9
1937-04-01,,33800,33800,22.4
1937-04-02,,33100,33100,21.9
1937-04-03,,32300,32300,21.4
1937-04-04,,31700,31700,21.0
1937-04-05,,30900,30900,20.4
1937-04-06,,30300,30300,20.1
1937-04-07,,29500,29500,19.5
1937-04-08,,28800,28800,19.1
1937-04-09,,28200,28200,18.7
1937-04-10,,27500,27500,18.2
1937-04-11,,26800,26800,17.7
1937-04-12,,26100,26100,17.3
1937-04-13,,25400,25400,16.8
1937-04-14,,24700,24700,16.3
1937-04-15,,23900,23900,15.8
1937-04-16,,23300,23300,15.4
1937-04-17,,22700,22700,15.0
1937-04-18,,22100,22100,14.6
1937-04-19,,21500,21500,14.2
1937-04-20,,21800,21800,14.4
1937-04-21,,22200,22200,14.7
1937-04-22,,22400,22400,14.8
1937-04-23,,22100,22100,14.6
1937-04-24,,21500,21500,14.2
1937-04-25,,20800,20800,13.8
1937-04-26,,20100,20100,13.3
1937-04-27,,19500,19500,12.9
1937-04-28,,18800,18800,12.4
1937-04-29,,17900,17900,11.8
1937-04-30,,17200,17200,11.4
1937-05-01,,16400,16400,10.9
1937-05-02,,15800,15800,10.5
1937-05-03,,15200,15200,10.1
1937-05-04,,14500,14500,9.6
1937-05-05,,14000,14000,9.3
1937-05-06,,13500,13500,8.9
1937-05-07,,13000,13000,8.6
1937-05-08,,12700,12700,8.4
1937-05-09,,12300,12300,8.1
1937-05-10,,12000,12000,7.9
1937-05-11,,11700,11700,7.7
1937-05-12,,11400,11400,7.5
1937-05-13,,11200,11200,7.4
1937-05-14,,10900,10900,7.2
1937-05-15,,10900,10900,7.2
1937-05-16,,11100,11100,7.3
1937-05-17,,11200,11200,7.4
1937-05-18,,11400,11400,7.5
1937-05-19,,11600,11600,7.7
1937-05-20,,11800,11800,7.8
1937-05-21,,12000,12000,7.9
1937-05-22,,12400,12400,8.2
1937-05-23,,12600,12600,8.3
1937-05-24,,12900,12900,8.5
1937-05-25,,13500,13500,8.9
1937-05-26,,14000,14000,9.3
1937-05-27,,15400,15400,10.2
1937-05-28,,16000,16000,10.6
1937-05-29,,17700,17700,11.7
1937-05-30,,25000,25000,16.5
1937-05-31,,34800,34800,23.0
1937-06-01,,42800,42800,28.3
1937-06-02,,104000,104000,68.8
1937-06-03,,146200,146200,96.8
1937-06-04,,170500,170500,100.0
1937-06-05,,210000,210000,100.0
1937-06-06,,243000,243000,100.0
1937-06-07,,263000,263000,100.0
1937-06-08,,277000,277000,100.0
1937-06-09,,288000,288000,100.0
1937-06-10,,296000,296000,100.0
1937-06-11,,302000,302000,100.0
1937-06-12,,302000,302000,100.0
1937-06-13,,302000,302000,100.0
1937-06-14,,303000,303000,100.0
1937-06-15,,303000,303000,100.0
1937-06-16,,303000,303000,100.0
1937-06-17,,305000,305000,100.0
1937-06-18,,304000,304000,100.0
1937-06-19,,303000,303000,100.0
1937-06-20,,302000,302000,100.0
1937-06-21,,302000,302000,100.0
1937-06-22,,302000,302000,100.0
1937-06-23,,302000,302000,100.0
1937-06-24,,302000,302000,100.0
1937-06-25,,302000,302000,100.0
1937-06-26,,301000,301000,100.0
1937-06-27,,300000,300000,100.0
1937-06-28,,299000,299000,100.0
1937-06-29,,297000,297000,100.0
1937-06-30,,296000,296000,100.0
1937-07-01,,295000,295000,100.0
1937-07-02,,294000,294000,100.0
1937-07-03,,293000,293000,100.0
1937-07-04,,292000,292000,100.0
1937-07-05,,289000,289000,100.0
1937-07-06,,287000,287000,100.0
1937-07-07,,286000,286000,100.0
1937-07-08,,285000,285000,100.0
1937-07-09,,284000,284000,100.0
1937-07-10,,283000,283000,100.0
1937-07-11,,282000,282000,100.0
1937-07-12,,282000,282000,100.0
1937-07-13,,281000,281000,100.0
1937-07-14,,281000,281000,100.0
1937-07-15,,280000,280000,100.0
1937-07-16,,280000,280000,100.0
1937-07-17,,280000,280000,100.0
1937-07-18,,280000,280000,100.0
1937-07-19,,279000,279000,100.0
1937-07-20,,279000,279000,100.0
1937-07-21,,278000,278000,100.0
1937-07-22,,278000,278000,100.0
1937-07-23,,277000,277000,100.0
1937-07-24,,276000,276000,100.0
1937-07-25,,275000,275000,100.0
1937-07-26,,274000,274000,100.0
1937-07-27,,273000,273000,100.0
1937-07-28,,272000,272000,100.0
1937-07-29,,271000,271000,100.0
1937-07-30,,270000,270000,100.0
1937-07-31,,268000,268000,100.0
1937-08-01,,267000,267000,100.0
1937-08-02,,266000,266000,100.0
1937-08-03,,266000,266000,100.0
1937-08-04,,264000,264000,100.0
1937-08-05,,262000,262000,100.0
1937-08-06,,262000,262000,100.0
1937-08-07,,260000,260000,100.0
1937-08-08,,259000,259000,100.0
1937-08-09,,258000,258000,100.0
1937-08-10,,256000,256000,100.0
1937-08-11,,255000,255000,100.0
1937-08-12,,254000,254000,100.0
1937-08-13,,253000,253000,100.0
1937-08-14,,252000,252000,100.0
1937-08-15,,250000,250000,100.0
1937-08-16,,248000,248000,100.0
1937-08-17,,246000,246000,100.0
1937-08-18,,246000,246000,100.0
1937-08-19,,244000,244000,100.0
1937-08-20,,243000,243000,100.0
1937-08-21,,244000,244000,100.0
1937-08-22,,246000,246000,100.0
1937-08-23,,250000,250000,100.0
1937-08-24,,252000,252000,100.0
1937-08-25,,254000,254000,100.0
1937-08-26,,254000,254000,100.0
1937-08-27,,253000,253000,100.0
1937-08-28,,253000,253000,100.0
1937-08-29,,252000,252000,100.0
1937-08-30,,251000,251000,100.0
1937-08-31,,251000,251000,100.0
1937-09-01,,250000,250000,100.0
1937-09-02,,249000,249000,100.0
1937-09-03,,249000,249000,100.0
1937-09-04,,249000,249000,100.0
1937-09-05,,248000,248000,100.0
1937-09-06,,248000,248000,100.0
1937-09-07,,252000,252000,100.0
1937-09-08,,254000,254000,100.0
1937-09-09,,254000,254000,100.0
1937-09-10,,253000,253000,100.0
1937-09-11,,253000,253000,100.0
1937-09-12,,254000,254000,100.0
1937-09-13,,254000,254000,100.0
1937-09-14,,254000,254000,100.0
1937-09-15,,254000,254000,100.0
1937-09-16,,254000,254000,100.0
1937-09-17,,259000,259000,100.0
1937-09-18,,260000,260000,100.0
1937-09-19,,261000,261000,100.0
1937-09-20,,261000,261000,100.0
1937-09-21,,261000,261000,100.0
1937-09-22,,262000,262000,100.0
1937-09-23,,262000,262000,100.0
1937-09-24,,262000,262000,100.0
1937-09-25,,263000,263000,100.0
1937-09-26,,263000,263000,100.0
1937-09-27,,263000,263000,100.0
1937-09-28,,263000,263000,100.0
1937-09-29,,263000,263000,100.0
1937-09-30,,263000,263000,100.0
1937-10-01,,263000,263000,100.0
1937-10-02,,263000,263000,100.0
1937-10-03,,263000,263000,100.0
1937-10-04,,263000,263000,100.0
1937-10-05,,262500,262500,100.0
1937-10-06,,262500,262500,100.0
1937-10-07,,262500,262500,100.0
1937-10-08,,262500,262500,100.0
1937-10-09,,262000,262000,100.0
1937-10-10,,262000,262000,100.0
1937-10-11,,262000,262000,100.0
1937-10-12,,263000,263000,100.0
1937-10-13,,263000,263000,100.0
1937-10-14,,264000,264000,100.0
1937-10-15,,264000,264000,100.0
1937-10-16,,264000,264000,100.0
1937-10-17,,264300,264300,100.0
1937-10-18,,264600,264600,100.0
1937-10-19,,265000,265000,100.0
1937-10-20,,265000,265000,100.0
1937-10-21,,267000,267000,100.0
1937-10-22,,265000,265000,100.0
1937-10-23,,264000,264000,100.0
1937-10-24,,265000,265000,100.0
1937-10-25,,266000,266000,100.0
1937-10-26,,265000,265000,100.0
1937-10-27,,265000,265000,100.0
1937-10-28,,266000,266000,100.0
1937-10-29,,266000,266000,100.0
1937-10-30,,266000,266000,100.0
1937-10-31,,266000,266000,100.0
1937-11-01,,264000,264000,100.0
1937-11-02,,264000,264000,100.0
1937-11-03,,264000,264000,100.0
1937-11-04,,264000,264000,100.0
1937-11-05,,264000,264000,100.0
1937-11-06,,264000,264000,100.0
1937-11-07,,264000,264000,100.0
1937-11-08,,264000,264000,100.0
1937-11-09,,264000,264000,100.0
1937-11-10,,264000,264000,100.0
1937-11-11,,264000,264000,100.0
1937-11-12,,264000,264000,100.0
1937-11-13,,264000,264000,100.0
1937-11-14,,265000,265000,100.0
1937-11-15,,267000,267000,100.0
1937-11-16,,268000,268000,100.0
1937-11-17,,268000,268000,100.0
1937-11-18,,268000,268000,100.0
1937-11-19,,266000,266000,100.0
1937-11-20,,266000,266000,100.0
1937-11-21,,265000,265000,100.0
1937-11-22,,264000,264000,100.0
1937-11-23,,263000,263000,100.0
1937-11-24,,262000,262000,100.0
1937-11-25,,262000,262000,100.0
1937-11-26,,262000,262000,100.0
1937-11-27,,262000,262000,100.0
1937-11-28,,263000,263000,100.0
1937-11-29,,263000,263000,100.0
1937-11-30,,264000,264000,100.0
1937-12-01,,264000,264000,100.0
1937-12-02,,264000,264000,100.0
1937-12-03,,265000,265000,100.0
1937-12-04,,265000,265000,100.0
1937-12-05,,265000,265000,100.0
1937-12-06,,265000,265000,100.0
1937-12-07,,265000,265000,100.0
1937-12-08,,265000,265000,100.0
1937-12-09,,265000,265000,100.0
1937-12-10,,265000,265000,100.0
1937-12-11,,265000,265000,100.0
1937-12-12,,265000,265000,100.0
1937-12-13,,265000,265000,100.0
1937-12-14,,264000,264000,100.0
1937-12-15,,264000,264000,100.0
1937-12-16,,263000,263000,100.0
1937-12-17,,263000,263000,100.0
1937-12-18,,262000,262000,100.0
1937-12-19,,262000,262000,100.0
1937-12-20,,261000,261000,100.0
1937-12-21,,261000,261000,100.0
1937-12-22,,260000,260000,100.0
1937-12-23,,260000,260000,100.0
1937-12-24,,260000,260000,100.0
1937-12-25,,260000,260000,100.0
1937-12-26,,262000,262000,100.0
1937-12-27,,262000,262000,100.0
1937-12-28,,262000,262000,100.0
1937-12-29,,262000,262000,100.0
1937-12-30,,262000,262000,100.0
1937-12-31,,262000,262000,100.0
1938-01-01,,262000,262000,100.0
1938-01-02,,262000,262000,100.0
1938-01-03,,262000,262000,100.0
1938-01-04,,262000,262000,100.0
1938-01-05,,262000,262000,100.0
1938-01-06,,262000,262000,100.0
1938-01-07,,262000,262000,100.0
1938-01-08,,262000,262000,100.0
1938-01-09,,262000,262000,100.0
1938-01-10,,262000,262000,100.0
1938-01-11,,262000,262000,100.0
1938-01-12,,262000,262000,100.0
1938-01-13,,262000,262000,100.0
1938-01-14,,262000,262000,100.0
1938-01-15,,262000,262000,100.0
1938-01-16,,262000,262000,100.0
1938-01-17,,262000,262000,100.0
1938-01-18,,262000,262000,100.0
1938-01-19,,262000,262000,100.0
1938-01-20,,261000,261000,100.0
1938-01-21,,261000,261000,100.0
1938-01-22,,261000,261000,100.0
1938-01-23,,261000,261000,100.0
1938-01-24,,261000,261000,100.0
1938-01-25,,261000,261000,100.0
1938-01-26,,261000,261000,100.0
1938-01-27,,261000,261000,100.0
1938-01-28,,261000,261000,100.0
1938-01-29,,261000,261000,100.0
1938-01-30,,261000,261000,100.0
1938-01-31,,261000,261000,100.0
1938-02-01,,261000,261000,100.0
1938-02-02,,261000,261000,100.0
1938-02-03,,261000,261000,100.0
1938-02-04,,260000,260000,100.0
1938-02-05,,260000,260000,100.0
1938-02-06,,260000,260000,100.0
1938-02-07,,260000,260000,100.0
1938-02-08,,260000,260000,100.0
1938-02-09,,260000,260000,100.0
1938-02-10,,260000,260000,100.0
1938-02-11,,260000,260000,100.0
1938-02-12,,260000,260000,100.0
1938-02-13,,260000,260000,100.0
1938-02-14,,260000,260000,100.0
1938-02-15,,260000,260000,100.0
1938-02-16,,260000,260000,100.0
1938-02-17,,260000,260000,100.0
1938-02-18,,260000,260000,100.0
1938-02-19,,260000,260000,100.0
1938-02-20,,260000,260000,100.0
1938-02-21,,260000,260000,100.0
1938-02-22,,260000,260000,100.0
1938-02-23,,260000,260000,100.0
1938-02-24,,261000,261000,100.0
1938-02-25,,260000,260000,100.0
1938-02-26,,260000,260000,100.0
1938-02-27,,260000,260000,100.0
1938-02-28,,260000,260000,100.0
1938-03-01,,260000,260000,100.0
1938-03-02,,260000,260000,100.0
1938-03-03,,260000,260000,100.0
1938-03-04,,260000,260000,100.0
1938-03-05,,260000,260000,100.0
1938-03-06,,260000,260000,100.0
1938-03-07,,260000,260000,100.0
1938-03-08,,260000,260000,100.0
1938-03-09,,260000,260000,100.0
1938-03-10,,260000,260000,100.0
1938-03-11,,260000,260000,100.0
1938-03-12,,260000,260000,100.0
1938-03-13,,259000,259000,100.0
1938-03-14,,259000,259000,100.0
1938-03-15,,259000,259000,100.0
1938-03-16,,259000,259000,100.0
1938-03-17,,259000,259000,100.0
1938-03-18,,259000,259000,100.0
1938-03-19,,259000,259000,100.0
1938-03-20,,258200,258200,100.0
1938-03-21,,257300,257300,100.0
1938-03-22,,256500,256500,100.0
1938-03-23,,255700,255700,100.0
1938-03-24,,254900,254900,100.0
1938-03-25,,254100,254100,100.0
1938-03-26,,253300,253300,100.0
1938-03-27,,253600,253600,100.0
1938-03-28,,252800,252800,100.0
1938-03-29,,252000,252000,100.0
1938-03-30,,250000,250000,100.0
1938-03-31,,248000,248000,100.0
1938-04-01,,247000,247000,100.0
1938-04-02,,246000,246000,100.0
1938-04-03,,247000,247000,100.0
1938-04-04,,250000,250000,100.0
1938-04-05,,248000,248000,100.0
1938-04-06,,246000,246000,100.0
1938-04-07,,245000,245000,100.0
1938-04-08,,243000,243000,100.0
1938-04-09,,241000,241000,100.0
1938-04-10,,240000,240000,100.0
1938-04-11,,239000,239000,100.0
1938-04-12,,239000,239000,100.0
1938-04-13,,239000,239000,100.0
1938-04-14,,238000,238000,100.0
1938-04-15,,238000,238000,100.0
1938-04-16,,237000,237000,100.0
1938-04-17,,237000,237000,100.0
1938-04-18,,235000,235000,100.0
1938-04-19,,235000,235000,100.0
1938-04-20,,234000,234000,100.0
1938-04-21,,233000,233000,100.0
1938-04-22,,230000,230000,100.0
1938-04-23,,229000,229000,100.0
1938-04-24,,229000,229000,100.0
1938-04-25,,228000,228000,100.0
1938-04-26,,227000,227000,100.0
1938-04-27,,220000,220000,100.0
1938-04-28,,220000,220000,100.0
1938-04-29,,220000,220000,100.0
1938-04-30,,219000,219000,100.0
1938-05-01,,218000,218000,100.0
1938-05-02,,217000,217000,100.0
1938-05-03,,215000,215000,100.0
1938-05-04,,213000,213000,100.0
1938-05-05,,213000,213000,100.0
1938-05-06,,212000,212000,100.0
1938-05-07,,211000,211000,100.0
1938-05-08,,210000,210000,100.0
1938-05-09,,210000,210000,100.0
1938-05-10,,209100,209100,100.0
1938-05-11,,209100,209100,100.0
1938-05-12,,208200,208200,100.0
1938-05-13,,208200,208200,100.0
1938-05-14,,209100,209100,100.0
1938-05-15,,209100,209100,100.0
1938-05-16,,208200,208200,100.0
1938-05-17,,207300,207300,100.0
1938-05-18,,206400,206400,100.0
1938-05-19,,206400,206400,100.0
1938-05-20,,206400,206400,100.0
1938-05-21,,206400,206400,100.0
1938-05-22,,206400,206400,100.0
1938-05-23,,204000,204000,100.0
1938-05-24,,202500,202500,100.0
1938-05-25,,201000,201000,100.0
1938-05-26,,201000,201000,100.0
1938-05-27,,201000,201000,100.0
1938-05-28,,200500,200500,100.0
1938-05-29,,200000,200000,100.0
1938-05-30,,199600,199600,100.0
1938-05-31,,199200,199200,100.0
1938-06-01,,199200,199200,100.0
1938-06-02,,199200,199200,100.0
1938-06-03,,200100,200100,100.0
1938-06-04,,200100,200100,100.0
1938-06-05,,198300,198300,100.0
1938-06-06,,197400,197400,100.0
1938-06-07,,196500,196500,100.0
1938-06-08,,195600,195600,100.0
1938-06-09,,194700,194700,100.0
1938-06-10,,192900,192900,100.0
1938-06-11,,192000,192000,100.0
1938-06-12,,192000,192000,100.0
1938-06-13,,191100,191100,100.0
1938-06-14,,190200,190200,100.0
1938-06-15,,188400,188400,100.0
1938-06-16,,187500,187500,100.0
1938-06-17,,186600,186600,100.0
1938-06-18,,185700,185700,100.0
1938-06-19,,185700,185700,100.0
1938-06-20,,184800,184800,100.0
1938-06-21,,184800,184800,100.0
1938-06-22,,183900,183900,100.0
1938-06-23,,181300,181300,100.0
1938-06-24,,179600,179600,100.0
1938-06-25,,178500,178500,100.0
1938-06-26,,177900,177900,100.0
1938-06-27,,175400,175400,100.0
1938-06-28,,192000,192000,100.0
1938-06-29,,199200,199200,100.0
1938-06-30,,201000,201000,100.0
1938-07-01,,202800,202800,100.0
1938-07-02,,202800,202800,100.0
1938-07-03,,204600,204600,100.0
1938-07-04,,204600,204600,100.0
1938-07-05,,205500,205500,100.0
1938-07-06,,202800,202800,100.0
1938-07-07,,202800,202800,100.0
1938-07-08,,201900,201900,100.0
1938-07-09,,201000,201000,100.0
1938-07-10,,200100,200100,100.0
1938-07-11,,198300,198300,100.0
1938-07-12,,197900,197900,100.0
1938-07-13,,197400,197400,100.0
1938-07-14,,197400,197400,100.0
1938-07-15,,194700,194700,100.0
1938-07-16,,194700,194700,100.0
1938-07-17,,195600,195600,100.0
1938-07-18,,192000,192000,100.0
1938-07-19,,191100,191100,100.0
1938-07-20,,190600,190600,100.0
1938-07-21,,190200,190200,100.0
1938-07-22,,187500,187500,100.0
1938-07-23,,188400,188400,100.0
1938-07-24,,190200,190200,100.0
1938-07-25,,190200,190200,100.0
1938-07-26,,190200,190200,100.0
1938-07-27,,190200,190200,100.0
1938-07-28,,190200,190200,100.0
1938-07-29,,190200,190200,100.0
1938-07-30,,189300,189300,100.0
1938-07-31,,190200,190200,100.0
1938-08-01,,189300,189300,100.0
1938-08-02,,191100,191100,100.0
1938-08-03,,191100,191100,100.0
1938-08-04,,190200,190200,100.0
1938-08-05,,190200,190200,100.0
1938-08-06,,190200,190200,100.0
1938-08-07,,189300,189300,100.0
1938-08-08,,183800,183800,100.0
1938-08-09,,177800,177800,100.0
1938-08-10,,172900,172900,100.0
1938-08-11,,171300,171300,100.0
1938-08-12,,169700,169700,100.0
1938-08-13,,168100,168100,100.0
1938-08-14,,167300,167300,100.0
1938-08-15,,166500,166500,100.0
1938-08-16,,165000,165000,100.0
1938-08-17,,163500,163500,100.0
1938-08-18,,162800,162800,100.0
1938-08-19,,161200,161200,100.0
1938-08-20,,159800,159800,100.0
1938-08-21,,159800,159800,100.0
1938-08-22,,156900,156900,100.0
1938-08-23,,152000,152000,100.0
1938-08-24,,154100,154100,100.0
1938-08-25,,153400,153400,100.0
1938-08-26,,151400,151400,100.0
1938-08-27,,150700,150700,99.7
1938-08-28,,150000,150000,99.3
1938-08-29,,149000,149000,98.6
1938-08-30,,148100,148100,98.0
1938-08-31,,146800,146800,97.1
1938-09-01,,144200,144200,95.4
1938-09-02,,145500,145500,96.3
1938-09-03,,146200,146200,96.8
1938-09-04,,146800,146800,97.1
1938-09-05,,147400,147400,97.5
1938-09-06,,148100,148100,98.0
1938-09-07,,148100,148100,98.0
1938-09-08,,147400,147400,97.5
1938-09-09,,148100,148100,98.0
1938-09-10,,148800,148800,98.5
1938-09-11,,148000,148000,97.9
1938-09-12,,147400,147400,97.5
1938-09-13,,147400,147400,97.5
1938-09-14,,147400,147400,97.5
1938-09-15,,148100,148100,98.0
1938-09-16,,146200,146200,96.8
1938-09-17,,146200,146200,96.8
1938-09-18,,146800,146800,97.1
1938-09-19,,145500,145500,96.3
1938-09-20,,146000,146000,96.6
1938-09-21,,146800,146800,97.1
1938-09-22,,146800,146800,97.1
1938-09-23,,146800,146800,97.1
1938-09-24,,146800,146800,97.1
1938-09-25,,146800,146800,97.1
1938-09-26,,146800,146800,97.1
1938-09-27,,146500,146500,96.9
1938-09-28,,146200,146200,96.8
1938-09-29,,145500,145500,96.3
1938-09-30,,145500,145500,96.3
1938-10-01,,145500,145500,96.3
1938-10-02,,145500,145500,96.3
1938-10-03,,144800,144800,95.8
1938-10-04,,144800,144800,95.8
1938-10-05,,144800,144800,95.8
1938-10-06,,144200,144200,95.4
1938-10-07,,144200,144200,95.4
1938-10-08,,143600,143600,95.0
1938-10-09,,143600,143600,95.0
1938-10-10,,143600,143600,95.0
1938-10-11,,144200,144200,95.4
1938-10-12,,143600,143600,95.0
1938-10-13,,143600,143600,95.0
1938-10-14,,142900,142900,94.6
1938-10-15,,142900,142900,94.6
1938-10-16,,142900,142900,94.6
1938-10-17,,142900,142900,94.6
1938-10-18,,143600,143600,95.0
1938-10-19,,142200,142200,94.1
1938-10-20,,141600,141600,93.7
1938-10-21,,141000,141000,93.3
1938-10-22,,141000,141000,93.3
1938-10-23,,141600,141600,93.7
1938-10-24,,141000,141000,93.3
1938-10-25,,141000,141000,93.3
1938-10-26,,141000,141000,93.3
1938-10-27,,141600,141600,93.7
1938-10-28,,141000,141000,93.3
1938-10-29,,141000,141000,93.3
1938-10-30,,140300,140300,92.8
1938-10-31,,141600,141600,93.7
1938-11-01,,141600,141600,93.7
1938-11-02,,141600,141600,93.7
1938-11-03,,141000,141000,93.3
1938-11-04,,141000,141000,93.3
1938-11-05,,141000,141000,93.3
1938-11-06,,141000,141000,93.3
1938-11-07,,138400,138400,91.6
1938-11-08,,137800,137800,91.2
1938-11-09,,139600,139600,92.4
1938-11-10,,139000,139000,92.0
1938-11-11,,141000,141000,93.3
1938-11-12,,141600,141600,93.7
1938-11-13,,141600,141600,93.7
1938-11-14,,141600,141600,93.7
1938-11-15,,142200,142200,94.1
1938-11-16,,142900,142900,94.6
1938-11-17,,142900,142900,94.6
1938-11-18,,142900,142900,94.6
1938-11-19,,142900,142900,94.6
1938-11-20,,143600,143600,95.0
1938-11-21,,143600,143600,95.0
1938-11-22,,142900,142900,94.6
1938-11-23,,142900,142900,94.6
1938-11-24,,142200,142200,94.1
1938-11-25,,142900,142900,94.6
1938-11-26,,142900,142900,94.6
1938-11-27,,143600,143600,95.0
1938-11-28,,143600,143600,95.0
1938-11-29,,143600,143600,95.0
1938-11-30,,144200,144200,95.4
1938-12-01,,144200,144200,95.4
1938-12-02,,144200,144200,95.4
1938-12-03,,144200,144200,95.4
1938-12-04,,144800,144800,95.8
1938-12-05,,145500,145500,96.3
1938-12-06,,144200,144200,95.4
1938-12-07,,144200,144200,95.4
1938-12-08,,144200,144200,95.4
1938-12-09,,145500,145500,96.3
1938-12-10,,145500,145500,96.3
1938-12-11,,145500,145500,96.3
1938-12-12,,144200,144200,95.4
1938-12-13,,144200,144200,95.4
1938-12-14,,144200,144200,95.4
1938-12-15,,144200,144200,95.4
1938-12-16,,144800,144800,95.8
1938-12-17,,144800,144800,95.8
1938-12-18,,144800,144800,95.8
1938-12-19,,145500,145500,96.3
1938-12-20,,145500,145500,96.3
1938-12-21,,145500,145500,96.3
1938-12-22,,145500,145500,96.3
1938-12-23,,145500,145500,96.3
1938-12-24,,145500,145500,96.3
1938-12-25,,146800,146800,97.1
1938-12-26,,146800,146800,97.1
1938-12-27,,145500,145500,96.3
1938-12-28,,144800,144800,95.8
1938-12-29,,145500,145500,96.3
1938-12-30,,145500,145500,96.3
1938-12-31,,146200,146200,96.8
1939-01-01,,146800,146800,97.1
1939-01-02,,148100,148100,98.0
1939-01-03,,148100,148100,98.0
1939-01-04,,148800,148800,98.5
1939-01-05,,148100,148100,98.0
1939-01-06,,148100,148100,98.0
1939-01-07,,148800,148800,98.5
1939-01-08,,149400,149400,98.9
1939-01-09,,149400,149400,98.9
1939-01-10,,149400,149400,98.9
1939-01-11,,149400,149400,98.9
1939-01-12,,148800,148800,98.5
1939-01-13,,149400,149400,98.9
1939-01-14,,150700,150700,99.7
1939-01-15,,150000,150000,99.3
1939-01-16,,150000,150000,99.3
1939-01-17,,150000,150000,99.3
1939-01-18,,150700,150700,99.7
1939-01-19,,150700,150700,99.7
1939-01-20,,150700,150700,99.7
1939-01-21,,150700,150700,99.7
1939-01-22,,151400,151400,100.0
1939-01-23,,151400,151400,100.0
1939-01-24,,151400,151400,100.0
1939-01-25,,152000,152000,100.0
1939-01-26,,152000,152000,100.0
1939-01-27,,152000,152000,100.0
1939-01-28,,152000,152000,100.0
1939-01-29,,152000,152000,100.0
1939-01-30,,152000,152000,100.0
1939-01-31,,152700,152700,100.0
1939-02-01,,153400,153400,100.0
1939-02-02,,153400,153400,100.0
1939-02-03,,153400,153400,100.0
1939-02-04,,153400,153400,100.0
1939-02-05,,153400,153400,100.0
1939-02-06,,154100,154100,100.0
1939-02-07,,154800,154800,100.0
1939-02-08,,154800,154800,100.0
1939-02-09,,155500,155500,100.0
1939-02-10,,155500,155500,100.0
1939-02-11,,155500,155500,100.0
1939-02-12,,155500,155500,100.0
1939-02-13,,155500,155500,100.0
1939-02-14,,156200,156200,100.0
1939-02-15,,156200,156200,100.0
1939-02-16,,156200,156200,100.0
1939-02-17,,156200,156200,100.0
1939-02-18,,156200,156200,100.0
1939-02-19,,156200,156200,100.0
1939-02-20,,156200,156200,100.0
1939-02-21,,156200,156200,100.0
1939-02-22,,156200,156200,100.0
1939-02-23,,156200,156200,100.0
1939-02-24,,156200,156200,100.0
1939-02-25,,156900,156900,100.0
1939-02-26,,156200,156200,100.0
1939-02-27,,156900,156900,100.0
1939-02-28,,156900,156900,100.0
1939-03-01,,156900,156900,100.0
1939-03-02,,156900,156900,100.0
1939-03-03,,156900,156900,100.0
1939-03-04,,157600,157600,100.0
1939-03-05,,157600,157600,100.0
1939-03-06,,157600,157600,100.0
1939-03-07,,157600,157600,100.0
1939-03-08,,157600,157600,100.0
1939-03-09,,158300,158300,100.0
1939-03-10,,158300,158300,100.0
1939-03-11,,159000,159000,100.0
1939-03-12,,158300,158300,100.0
1939-03-13,,158300,158300,100.0
1939-03-14,,159000,159000,100.0
1939-03-15,,157600,157600,100.0
1939-03-16,,157600,157600,100.0
1939-03-17,,156900,156900,100.0
1939-03-18,,156900,156900,100.0
1939-03-19,,156200,156200,100.0
1939-03-20,,157600,157600,100.0
1939-03-21,,156200,156200,100.0
1939-03-22,,156200,156200,100.0
1939-03-23,,156200,156200,100.0
1939-03-24,,156200,156200,100.0
1939-03-25,,155500,155500,100.0
1939-03-26,,155500,155500,100.0
1939-03-27,,155500,155500,100.0
1939-03-28,,154800,154800,100.0
1939-03-29,,152700,152700,100.0
1939-03-30,,152700,152700,100.0
1939-03-31,,152000,152000,100.0
1939-04-01,,152000,152000,100.0
1939-04-02,,152000,152000,100.0
1939-04-03,,151400,151400,100.0
1939-04-04,,150700,150700,99.7
1939-04-05,,148800,148800,98.5
1939-04-06,,146200,146200,96.8
1939-04-07,,143600,143600,95.0
1939-04-08,,142900,142900,94.6
1939-04-09,,144800,144800,95.8
1939-04-10,,144200,144200,95.4
1939-04-11,,143600,143600,95.0
1939-04-12,,138400,138400,91.6
1939-04-13,,137800,137800,91.2
1939-04-14,,137800,137800,91.2
1939-04-15,,136600,136600,90.4
1939-04-16,,134200,134200,88.8
1939-04-17,,132400,132400,87.6
1939-04-18,,130600,130600,86.4
1939-04-19,,132400,132400,87.6
1939-04-20,,130600,130600,86.4
1939-04-21,,129400,129400,85.6
1939-04-22,,129400,129400,85.6
1939-04-23,,129400,129400,85.6
1939-04-24,,129400,129400,85.6
1939-04-25,,128200,128200,84.8
1939-04-26,,127600,127600,84.4
1939-04-27,,126400,126400,83.6
1939-04-28,,126400,126400,83.6
1939-04-29,,124600,124600,82.5
1939-04-30,,123400,123400,81.7
1939-05-01,,122800,122800,81.3
1939-05-02,,122200,122200,80.9
1939-05-03,,121600,121600,80.5
1939-05-04,,121000,121000,80.1
1939-05-05,,121000,121000,80.1
1939-05-06,,121000,121000,80.1
1939-05-07,,121000,121000,80.1
1939-05-08,,121000,121000,80.1
1939-05-09,,120400,120400,79.7
1939-05-10,,119800,119800,79.3
1939-05-11,,119200,119200,78.9
1939-05-12,,118600,118600,78.5
1939-05-13,,116800,116800,77.3
1939-05-14,,115600,115600,76.5
1939-05-15,,115000,115000,76.1
1939-05-16,,115000,115000,76.1
1939-05-17,,115000,115000,76.1
1939-05-18,,116200,116200,76.9
1939-05-19,,115600,115600,76.5
1939-05-20,,115000,115000,76.1
1939-05-21,,115000,115000,76.1
1939-05-22,,114400,114400,75.7
1939-05-23,,115000,115000,76.1
1939-05-24,,114400,114400,75.7
1939-05-25,,116200,116200,76.9
1939-05-26,,116200,116200,76.9
1939-05-27,,115000,115000,76.1
1939-05-28,,115000,115000,76.1
1939-05-29,,114400,114400,75.7
1939-05-30,,113900,113900,75.4
1939-05-31,,113900,113900,75.4
1939-06-01,,113900,113900,75.4
1939-06-02,,113400,113400,75.0
1939-06-03,,113400,113400,75.0
1939-06-04,,113400,113400,75.0
1939-06-05,,111700,111700,73.9
1939-06-06,,111700,111700,73.9
1939-06-07,,111700,111700,73.9
1939-06-08,,111700,111700,73.9
1939-06-09,,110000,110000,72.8
1939-06-10,,109000,109000,72.1
1939-06-11,,107800,107800,71.3
1939-06-12,,107300,107300,71.0
1939-06-13,,106800,106800,70.7
1939-06-14,,106200,106200,70.3
1939-06-15,,105600,105600,69.9
1939-06-16,,105100,105100,69.6
1939-06-17,,106200,106200,70.3
1939-06-18,,104000,104000,68.8
1939-06-19,,103000,103000,68.2
1939-06-20,,103000,103000,68.2
1939-06-21,,107300,107300,71.0
1939-06-22,,107300,107300,71.0
1939-06-23,,106800,106800,70.7
1939-06-24,,106200,106200,70.3
1939-06-25,,105600,105600,69.9
1939-06-26,,105100,105100,69.6
1939-06-27,,103500,103500,68.5
1939-06-28,,103000,103000,68.2
1939-06-29,,102500,102500,67.8
1939-06-30,,101000,101000,66.8
1939-07-01,,101000,101000,66.8
1939-07-02,,101000,101000,66.8
1939-07-03,,99000,99000,65.5
1939-07-04,,97500,97500,64.5
1939-07-05,,95500,95500,63.2
1939-07-06,,93500,93500,61.9
1939-07-07,,92500,92500,61.2
1939-07-08,,91000,91000,60.2
1939-07-09,,89000,89000,58.9
1939-07-10,,88100,88100,58.3
1939-07-11,,87200,87200,57.7
1939-07-12,,86300,86300,57.1
1939-07-13,,85000,85000,56.3
1939-07-14,,85800,85800,56.8
1939-07-15,,83200,83200,55.1
1939-07-16,,83600,83600,55.3
1939-07-17,,82700,82700,54.7
1939-07-18,,82200,82200,54.4
1939-07-19,,81800,81800,54.1
1939-07-20,,81400,81400,53.9
1939-07-21,,80900,80900,53.5
1939-07-22,,80400,80400,53.2
1939-07-23,,81400,81400,53.9
1939-07-24,,80400,80400,53.2
1939-07-25,,80400,80400,53.2
1939-07-26,,79600,79600,52.7
1939-07-27,,79600,79600,52.7
1939-07-28,,78600,78600,52.0
1939-07-29,,78200,78200,51.8
1939-07-30,,77800,77800,51.5
1939-07-31,,78200,78200,51.8
1939-08-01,,78200,78200,51.8
1939-08-02,,80000,80000,52.9
1939-08-03,,77800,77800,51.5
1939-08-04,,77300,77300,51.2
1939-08-05,,76800,76800,50.8
1939-08-06,,76400,76400,50.6
1939-08-07,,76400,76400,50.6
1939-08-08,,76400,76400,50.6
1939-08-09,,75100,75100,49.7
1939-08-10,,75100,75100,49.7
1939-08-11,,74700,74700,49.4
1939-08-12,,75500,75500,50.0
1939-08-13,,75500,75500,50.0
1939-08-14,,75500,75500,50.0
1939-08-15,,75500,75500,50.0
1939-08-16,,76000,76000,50.3
1939-08-17,,76000,76000,50.3
1939-08-18,,75500,75500,50.0
1939-08-19,,74700,74700,49.4
1939-08-20,,74700,74700,49.4
1939-08-21,,73900,73900,48.9
1939-08-22,,73500,73500,48.6
1939-08-23,,73100,73100,48.4
1939-08-24,,72700,72700,48.1
1939-08-25,,71900,71900,47.6
1939-08-26,,71100,71100,47.1
1939-08-27,,70300,70300,46.5
1939-08-28,,69500,69500,46.0
1939-08-29,,68300,68300,45.2
1939-08-30,,67500,67500,44.7
1939-08-31,,66700,66700,44.1
1939-09-01,,65500,65500,43.3
1939-09-02,,62400,62400,41.3
1939-09-03,,61400,61400,40.6
1939-09-04,,60400,60400,40.0
1939-09-05,,60400,60400,40.0
1939-09-06,,59300,59300,39.2
1939-09-07,,59000,59000,39.0
1939-09-08,,58200,58200,38.5
1939-09-09,,57200,57200,37.9
1939-09-10,,56500,56500,37.4
1939-09-11,,55400,55400,36.7
1939-09-12,,54400,54400,36.0
1939-09-13,,54000,54000,35.7
1939-09-14,,53000,53000,35.1
1939-09-15,,52400,52400,34.7
1939-09-16,,50900,50900,33.7
1939-09-17,,50600,50600,33.5
1939-09-18,,50000,50000,33.1
1939-09-19,,49400,49400,32.7
1939-09-20,,48800,48800,32.3
1939-09-21,,48800,48800,32.3
1939-09-22,,47900,47900,31.7
1939-09-23,,48500,48500,32.1
1939-09-24,,48000,48000,31.8
1939-09-25,,47600,47600,31.5
1939-09-26,,47900,47900,31.7
1939-09-27,,47600,47600,31.5
1939-09-28,,47600,47600,31.5
1939-09-29,,47300,47300,31.3
1939-09-30,,47000,47000,31.1
1939-10-01,,47000,47000,31.1
1939-10-02,,47000,47000,31.1
1939-10-03,,47000,47000,31.1
1939-10-04,,46400,46400,30.7
1939-10-05,,46400,46400,30.7
1939-10-06,,46400,46400,30.7
1939-10-07,,46100,46100,30.5
1939-10-08,,46100,46100,30.5
1939-10-09,,46400,46400,30.7
1939-10-10,,46400,46400,30.7
1939-10-11,,46700,46700,30.9
1939-10-12,,46700,46700,30.9
1939-10-13,,46400,46400,30.7
1939-10-14,,46400,46400,30.7
1939-10-15,,46200,46200,30.6
1939-10-16,,46100,46100,30.5
1939-10-17,,46700,46700,30.9
1939-10-18,,46700,46700,30.9
1939-10-19,,46700,46700,30.9
1939-10-20,,47000,47000,31.1
1939-10-21,,46700,46700,30.9
1939-10-22,,47000,47000,31.1
1939-10-23,,47000,47000,31.1
1939-10-24,,47000,47000,31.1
1939-10-25,,47000,47000,31.1
1939-10-26,,47000,47000,31.1
1939-10-27,,47000,47000,31.1
1939-10-28,,46400,46400,30.7
1939-10-29,,46700,46700,30.9
1939-10-30,,46700,46700,30.9
1939-10-31,,46400,46400,30.7
1939-11-01,,46400,46400,30.7
1939-11-02,,46400,46400,30.7
1939-11-03,,46400,46400,30.7
1939-11-04,,46100,46100,30.5
1939-11-05,,45800,45800,30.3
1939-11-06,,45800,45800,30.3
1939-11-07,,45800,45800,30.3
1939-11-08,,45500,45500,30.1
1939-11-09,,45500,45500,30.1
1939-11-10,,45500,45500,30.1
1939-11-11,,45500,45500,30.1
1939-11-12,,46100,46100,30.5
1939-11-13,,46400,46400,30.7
1939-11-14,,46400,46400,30.7
1939-11-15,,47000,47000,31.1
1939-11-16,,47000,47000,31.1
1939-11-17,,47000,47000,31.1
1939-11-18,,47600,47600,31.5
1939-11-19,,47600,47600,31.5
1939-11-20,,47600,47600,31.5
1939-11-21,,47600,47600,31.5
1939-11-22,,48200,48200,31.9
1939-11-23,,48500,48500,32.1
1939-11-24,,48800,48800,32.3
1939-11-25,,48800,48800,32.3
1939-11-26,,49100,49100,32.5
1939-11-27,,49400,49400,32.7
1939-11-28,,49700,49700,32.9
1939-11-29,,50000,50000,33.1
1939-11-30,,50000,50000,33.1
1939-12-01,,50600,50600,33.5
1939-12-02,,50900,50900,33.7
1939-12-03,,51200,51200,33.9
1939-12-04,,51500,51500,34.1
1939-12-05,,51800,51800,34.3
1939-12-06,,52100,52100,34.5
1939-12-07,,52400,52400,34.7
1939-12-08,,52400,52400,34.7
1939-12-09,,52700,52700,34.9
1939-12-10,,53000,53000,35.1
1939-12-11,,53400,53400,35.3
1939-12-12,,53700,53700,35.5
1939-12-13,,54000,54000,35.7
1939-12-14,,54400,54400,36.0
1939-12-15,,54400,54400,36.0
1939-12-16,,54400,54400,36.0
1939-12-17,,54800,54800,36.3
1939-12-18,,55100,55100,36.5
1939-12-19,,55400,55400,36.7
1939-12-20,,55400,55400,36.7
1939-12-21,,55800,55800,36.9
1939-12-22,,56200,56200,37.2
1939-12-23,,56500,56500,37.4
1939-12-24,,56500,56500,37.4
1939-12-25,,56500,56500,37.4
1939-12-26,,56800,56800,37.6
1939-12-27,,57200,57200,37.9
1939-12-28,,57200,57200,37.9
1939-12-29,,57900,57900,38.3
1939-12-30,,57900,57900,38.3
1939-12-31,,58200,58200,38.5
1940-01-01,,58200,58200,38.5
1940-01-02,,58600,58600,38.8
1940-01-03,,58600,58600,38.8
1940-01-04,,58600,58600,38.8
1940-01-05,,58600,58600,38.8
1940-01-06,,59000,59000,39.0
1940-01-07,,59000,59000,39.0
1940-01-08,,59300,59300,39.2
1940-01-09,,59300,59300,39.2
1940-01-10,,59600,59600,39.4
1940-01-11,,60000,60000,39.7
1940-01-12,,60000,60000,39.7
1940-01-13,,60400,60400,40.0
1940-01-14,,60700,60700,40.2
1940-01-15,,60700,60700,40.2
1940-01-16,,60700,60700,40.2
1940-01-17,,61000,61000,40.4
1940-01-18,,61400,61400,40.6
1940-01-19,,61800,61800,40.9
1940-01-20,,62100,62100,41.1
1940-01-21,,62100,62100,41.1
1940-01-22,,62400,62400,41.3
1940-01-23,,62800,62800,41.6
1940-01-24,,63200,63200,41.8
1940-01-25,,63200,63200,41.8
1940-01-26,,63500,63500,42.0
1940-01-27,,64300,64300,42.6
1940-01-28,,65100,65100,43.1
1940-01-29,,65500,65500,43.3
1940-01-30,,65500,65500,43.3
1940-01-31,,65900,65900,43.6
1940-02-01,,65900,65900,43.6
1940-02-02,,66300,66300,43.9
1940-02-03,,66300,66300,43.9
1940-02-04,,66700,66700,44.1
1940-02-05,,67500,67500,44.7
1940-02-06,,67500,67500,44.7
1940-02-07,,67900,67900,44.9
1940-02-08,,68300,68300,45.2
1940-02-09,,68700,68700,45.5
1940-02-10,,68700,68700,45.5
1940-02-11,,69100,69100,45.7
1940-02-12,,69100,69100,45.7
1940-02-13,,69500,69500,46.0
1940-02-14,,69900,69900,46.3
1940-02-15,,69900,69900,46.3
1940-02-16,,70700,70700,46.8
1940-02-17,,70700,70700,46.8
1940-02-18,,70700,70700,46.8
1940-02-19,,71500,71500,47.3
1940-02-20,,71500,71500,47.3
1940-02-21,,71900,71900,47.6
1940-02-22,,71900,71900,47.6
1940-02-23,,72300,72300,47.8
1940-02-24,,72300,72300,47.8
1940-02-25,,72300,72300,47.8
1940-02-26,,72300,72300,47.8
1940-02-27,,72700,72700,48.1
1940-02-28,,73100,73100,48.4
1940-02-29,,73100,73100,48.4
1940-03-01,,73500,73500,48.6
1940-03-02,,73500,73500,48.6
1940-03-03,,73700,73700,48.8
1940-03-04,,73900,73900,48.9
1940-03-05,,73900,73900,48.9
1940-03-06,,73900,73900,48.9
1940-03-07,,73900,73900,48.9
1940-03-08,,74300,74300,49.2
1940-03-09,,74700,74700,49.4
1940-03-10,,74700,74700,49.4
1940-03-11,,74700,74700,49.4
1940-03-12,,74700,74700,49.4
1940-03-13,,75100,75100,49.7
1940-03-14,,75500,75500,50.0
1940-03-15,,75500,75500,50.0
1940-03-16,,75500,75500,50.0
1940-03-17,,75700,75700,50.1
1940-03-18,,76000,76000,50.3
1940-03-19,,76000,76000,50.3
1940-03-20,,76000,76000,50.3
1940-03-21,,76000,76000,50.3
1940-03-22,,76000,76000,50.3
1940-03-23,,76000,76000,50.3
1940-03-24,,74700,74700,49.4
1940-03-25,,74300,74300,49.2
1940-03-26,,73500,73500,48.6
1940-03-27,,73100,73100,48.4
1940-03-28,,72300,72300,47.8
1940-03-29,,71900,71900,47.6
1940-03-30,,71500,71500,47.3
1940-03-31,,70700,70700,46.8
1940-04-01,,68700,68700,45.5
1940-04-02,,68300,68300,45.2
1940-04-03,,67500,67500,44.7
1940-04-04,,65900,65900,43.6
1940-04-05,,64700,64700,42.8
1940-04-06,,63900,63900,42.3
1940-04-07,,63500,63500,42.0
1940-04-08,,62400,62400,41.3
1940-04-09,,61800,61800,40.9
1940-04-10,,60700,60700,40.2
1940-04-11,,60400,60400,40.0
1940-04-12,,59300,59300,39.2
1940-04-13,,59000,59000,39.0
1940-04-14,,59000,59000,39.0
1940-04-15,,58600,58600,38.8
1940-04-16,,57900,57900,38.3
1940-04-17,,57200,57200,37.9
1940-04-18,,55800,55800,36.9
1940-04-19,,55100,55100,36.5
1940-04-20,,56200,56200,37.2
1940-04-21,,55400,55400,36.7
1940-04-22,,54800,54800,36.3
1940-04-23,,54400,54400,36.0
1940-04-24,,53700,53700,35.5
1940-04-25,,53000,53000,35.1
1940-04-26,,52400,52400,34.7
1940-04-27,,52100,52100,34.5
1940-04-28,,51500,51500,34.1
1940-04-29,,50900,50900,33.7
1940-04-30,,50900,50900,33.7
1940-05-01,,50900,50900,33.7
1940-05-02,,50600,50600,33.5
1940-05-03,,50600,50600,33.5
1940-05-04,,50300,50300,33.3
1940-05-05,,50000,50000,33.1
1940-05-06,,49700,49700,32.9
1940-05-07,,49400,49400,32.7
1940-05-08,,49400,49400,32.7
1940-05-09,,49400,49400,32.7
1940-05-10,,49700,49700,32.9
1940-05-11,,50300,50300,33.3
1940-05-12,,50300,50300,33.3
1940-05-13,,50600,50600,33.5
1940-05-14,,50600,50600,33.5
1940-05-15,,50700,50700,33.6
1940-05-16,,50800,50800,33.6
1940-05-17,,50900,50900,33.7
1940-05-18,,51500,51500,34.1
1940-05-19,,51800,51800,34.3
1940-05-20,,52100,52100,34.5
1940-05-21,,52400,52400,34.7
1940-05-22,,52400,52400,34.7
1940-05-23,,54400,54400,36.0
1940-05-24,,55100,55100,36.5
1940-05-25,,56500,56500,37.4
1940-05-26,,57000,57000,37.7
1940-05-27,,57600,57600,38.1
1940-05-28,,57900,57900,38.3
1940-05-29,,57900,57900,38.3
1940-05-30,,57200,57200,37.9
1940-05-31,,57200,57200,37.9
1940-06-01,,56800,56800,37.6
1940-06-02,,56500,56500,37.4
1940-06-03,,56500,56500,37.4
1940-06-04,,56500,56500,37.4
1940-06-05,,56500,56500,37.4
1940-06-06,,57200,57200,37.9
1940-06-07,,57200,57200,37.9
1940-06-08,,56800,56800,37.6
1940-06-09,,56500,56500,37.4
1940-06-10,,56500,56500,37.4
1940-06-11,,55800,55800,36.9
1940-06-12,,55800,55800,36.9
1940-06-13,,54800,54800,36.3
1940-06-14,,54000,54000,35.7
1940-06-15,,53700,53700,35.5
1940-06-16,,53000,53000,35.1
1940-06-17,,52400,52400,34.7
1940-06-18,,51800,51800,34.3
1940-06-19,,50600,50600,33.5
1940-06-20,,51200,51200,33.9
1940-06-21,,51800,51800,34.3
1940-06-22,,51800,51800,34.3
1940-06-23,,51800,51800,34.3
1940-06-24,,52100,52100,34.5
1940-06-25,,52400,52400,34.7
1940-06-26,,52400,52400,34.7
1940-06-27,,52700,52700,34.9
1940-06-28,,53000,53000,35.1
1940-06-29,,53700,53700,35.5
1940-06-30,,53700,53700,35.5
1940-07-01,,53700,53700,35.5
1940-07-02,,54400,54400,36.0
1940-07-03,,54400,54400,36.0
1940-07-04,,54400,54400,36.0
1940-07-05,,54400,54400,36.0
1940-07-06,,54000,54000,35.7
1940-07-07,,54000,54000,35.7
1940-07-08,,54000,54000,35.7
1940-07-09,,54000,54000,35.7
1940-07-10,,53400,53400,35.3
1940-07-11,,52400,52400,34.7
1940-07-12,,51800,51800,34.3
1940-07-13,,50900,50900,33.7
1940-07-14,,49400,49400,32.7
1940-07-15,,48200,48200,31.9
1940-07-16,,47900,47900,31.7
1940-07-17,,46700,46700,30.9
1940-07-18,,45500,45500,30.1
1940-07-19,,44300,44300,29.3
1940-07-20,,43500,43500,28.8
1940-07-21,,42500,42500,28.1
1940-07-22,,41500,41500,27.5
1940-07-23,,40500,40500,26.8
1940-07-24,,39200,39200,25.9
1940-07-25,,38000,38000,25.1
1940-07-26,,36800,36800,24.4
1940-07-27,,36400,36400,24.1
1940-07-28,,35500,35500,23.5
1940-07-29,,34600,34600,22.9
1940-07-30,,34000,34000,22.5
1940-07-31,,33400,33400,22.1
1940-08-01,,33100,33100,21.9
1940-08-02,,32900,32900,21.8
1940-08-03,,32900,32900,21.8
1940-08-04,,32100,32100,21.2
1940-08-05,,31300,31300,20.7
1940-08-06,,30900,30900,20.4
1940-08-07,,30900,30900,20.4
1940-08-08,,30900,30900,20.4
1940-08-09,,31300,31300,20.7
1940-08-10,,31300,31300,20.7
1940-08-11,,31100,31100,20.6
1940-08-12,,31300,31300,20.7
1940-08-13,,31300,31300,20.7
1940-08-14,,31700,31700,21.0
1940-08-15,,31500,31500,20.8
1940-08-16,,31900,31900,21.1
1940-08-17,,32200,32200,21.3
1940-08-18,,32500,32500,21.5
1940-08-19,,32500,32500,21.5
1940-08-20,,32700,32700,21.6
1940-08-21,,32700,32700,21.6
1940-08-22,,32300,32300,21.4
1940-08-23,,32100,32100,21.2
1940-08-24,,31900,31900,21.1
1940-08-25,,31900,31900,21.1
1940-08-26,,31900,31900,21.1
1940-08-27,,31500,31500,20.8
1940-08-28,,31100,31100,20.6
1940-08-29,,31100,31100,20.6
1940-08-30,,31300,31300,20.7
1940-08-31,,31300,31300,20.7
1940-09-01,,31300,31300,20.7
1940-09-02,,31500,31500,20.8
1940-09-03,,31700,31700,21.0
1940-09-04,,31700,31700,21.0
1940-09-05,,31700,31700,21.0
1940-09-06,,31700,31700,21.0
1940-09-07,,31700,31700,21.0
1940-09-08,,31700,31700,21.0
1940-09-09,,31700,31700,21.0
1940-09-10,,30500,30500,20.2
1940-09-11,,30100,30100,19.9
1940-09-12,,30100,30100,19.9
1940-09-13,,29200,29200,19.3
1940-09-14,,28800,28800,19.1
1940-09-15,,28400,28400,18.8
1940-09-16,,28200,28200,18.7
1940-09-17,,28000,28000,18.5
1940-09-18,,28200,28200,18.7
1940-09-19,,28400,28400,18.8
1940-09-20,,28400,28400,18.8
1940-09-21,,28200,28200,18.7
1940-09-22,,28200,28200,18.7
1940-09-23,,28000,28000,18.5
1940-09-24,,28000,28000,18.5
1940-09-25,,28000,28000,18.5
1940-09-26,,28000,28000,18.5
1940-09-27,,28000,28000,18.5
1940-09-28,,28000,28000,18.5
1940-09-29,,28200,28200,18.7
1940-09-30,,28400,28400,18.8
1940-10-01,,28600,28600,18.9
1940-10-02,,28600,28600,18.9
1940-10-03,,28800,28800,19.1
1940-10-04,,29000,29000,19.2
1940-10-05,,29200,29200,19.3
1940-10-06,,29400,29400,19.5
1940-10-07,,29500,29500,19.5
1940-10-08,,29500,29500,19.5
1940-10-09,,29700,29700,19.7
1940-10-10,,29900,29900,19.8
1940-10-11,,29900,29900,19.8
1940-10-12,,30700,30700,20.3
1940-10-13,,32300,32300,21.4
1940-10-14,,37100,37100,24.6
1940-10-15,,39500,39500,26.1
1940-10-16,,40500,40500,26.8
1940-10-17,,41000,41000,27.1
1940-10-18,,41500,41500,27.5
1940-10-19,,41800,41800,27.7
1940-10-20,,42000,42000,27.8
1940-10-21,,42000,42000,27.8
1940-10-22,,42200,42200,27.9
1940-10-23,,42500,42500,28.1
1940-10-24,,42500,42500,28.1
1940-10-25,,42200,42200,27.9
1940-10-26,,42200,42200,27.9
1940-10-27,,42200,42200,27.9
1940-10-28,,42800,42800,28.3
1940-10-29,,42800,42800,28.3
1940-10-30,,43000,43000,28.5
1940-10-31,,43000,43000,28.5
1940-11-01,,43000,43000,28.5
1940-11-02,,43200,43200,28.6
1940-11-03,,43500,43500,28.8
1940-11-04,,43500,43500,28.8
1940-11-05,,43800,43800,29.0
1940-11-06,,44000,44000,29.1
1940-11-07,,44300,44300,29.3
1940-11-08,,44600,44600,29.5
1940-11-09,,44600,44600,29.5
1940-11-10,,45200,45200,29.9
1940-11-11,,45200,45200,29.9
1940-11-12,,45200,45200,29.9
1940-11-13,,45500,45500,30.1
1940-11-14,,45800,45800,30.3
1940-11-15,,45800,45800,30.3
1940-11-16,,46100,46100,30.5
1940-11-17,,46400,46400,30.7
1940-11-18,,46700,46700,30.9
1940-11-19,,47000,47000,31.1
1940-11-20,,47300,47300,31.3
1940-11-21,,48500,48500,32.1
1940-11-22,,48800,48800,32.3
1940-11-23,,48800,48800,32.3
1940-11-24,,48800,48800,32.3
1940-11-25,,49100,49100,32.5
1940-11-26,,49400,49400,32.7
1940-11-27,,49400,49400,32.7
1940-11-28,,49400,49400,32.7
1940-11-29,,49400,49400,32.7
1940-11-30,,49700,49700,32.9
1940-12-01,,50000,50000,33.1
1940-12-02,,51500,51500,34.1
1940-12-03,,50300,50300,33.3
1940-12-04,,50600,50600,33.5
1940-12-05,,50600,50600,33.5
1940-12-06,,50600,50600,33.5
1940-12-07,,50900,50900,33.7
1940-12-08,,51200,51200,33.9
1940-12-09,,51200,51200,33.9
1940-12-10,,51800,51800,34.3
1940-12-11,,51800,51800,34.3
1940-12-12,,52100,52100,34.5
1940-12-13,,52700,52700,34.9
1940-12-14,,53000,53000,35.1
1940-12-15,,53000,53000,35.1
1940-12-16,,53000,53000,35.1
1940-12-17,,53700,53700,35.5
1940-12-18,,53700,53700,35.5
1940-12-19,,54000,54000,35.7
1940-12-20,,54400,54400,36.0
1940-12-21,,54800,54800,36.3
1940-12-22,,55100,55100,36.5
1940-12-23,,55100,55100,36.5
1940-12-24,,55400,55400,36.7
1940-12-25,,55800,55800,36.9
1940-12-26,,56200,56200,37.2
1940-12-27,,56500,56500,37.4
1940-12-28,,56500,56500,37.4
1940-12-29,,56800,56800,37.6
1940-12-30,,57200,57200,37.9
1940-12-31,,57200,57200,37.9
1941-01-01,,57900,57900,38.3
1941-01-02,,57900,57900,38.3
1941-01-03,,58200,58200,38.5
1941-01-04,,58600,58600,38.8
1941-01-05,,59000,59000,39.0
1941-01-06,,59600,59600,39.4
1941-01-07,,60000,60000,39.7
1941-01-08,,60000,60000,39.7
1941-01-09,,60400,60400,40.0
1941-01-10,,60700,60700,40.2
1941-01-11,,60700,60700,40.2
1941-01-12,,61000,61000,40.4
1941-01-13,,61400,61400,40.6
1941-01-14,,61800,61800,40.9
1941-01-15,,62100,62100,41.1
1941-01-16,,62100,62100,41.1
1941-01-17,,62400,62400,41.3
1941-01-18,,62800,62800,41.6
1941-01-19,,62800,62800,41.6
1941-01-20,,62800,62800,41.6
1941-01-21,,63500,63500,42.0
1941-01-22,,63500,63500,42.0
1941-01-23,,63900,63900,42.3
1941-01-24,,64300,64300,42.6
1941-01-25,,64300,64300,42.6
1941-01-26,,64700,64700,42.8
1941-01-27,,65100,65100,43.1
1941-01-28,,65500,65500,43.3
1941-01-29,,65900,65900,43.6
1941-01-30,,65900,65900,43.6
1941-01-31,,66300,66300,43.9
1941-02-01,,65900,65900,43.6
1941-02-02,,66700,66700,44.1
1941-02-03,,67100,67100,44.4
1941-02-04,,67500,67500,44.7
1941-02-05,,67900,67900,44.9
1941-02-06,,68300,68300,45.2
1941-02-07,,68300,68300,45.2
1941-02-08,,68300,68300,45.2
1941-02-09,,68700,68700,45.5
1941-02-10,,69100,69100,45.7
1941-02-11,,69100,69100,45.7
1941-02-12,,69100,69100,45.7
1941-02-13,,69500,69500,46.0
1941-02-14,,69900,69900,46.3
1941-02-15,,69900,69900,46.3
1941-02-16,,69900,69900,46.3
1941-02-17,,70300,70300,46.5
1941-02-18,,70700,70700,46.8
1941-02-19,,70700,70700,46.8
1941-02-20,,70700,70700,46.8
1941-02-21,,71100,71100,47.1
1941-02-22,,71500,71500,47.3
1941-02-23,,71500,71500,47.3
1941-02-24,,71900,71900,47.6
1941-02-25,,72300,72300,47.8
1941-02-26,,72300,72300,47.8
1941-02-27,,72700,72700,48.1
1941-02-28,,73100,73100,48.4
1941-03-01,,73500,73500,48.6
1941-03-02,,73900,73900,48.9
1941-03-03,,73900,73900,48.9
1941-03-04,,73900,73900,48.9
1941-03-05,,74300,74300,49.2
1941-03-06,,74300,74300,49.2
1941-03-07,,74300,74300,49.2
1941-03-08,,74300,74300,49.2
1941-03-09,,74700,74700,49.4
1941-03-10,,74700,74700,49.4
1941-03-11,,74700,74700,49.4
1941-03-12,,75100,75100,49.7
1941-03-13,,75100,75100,49.7
1941-03-14,,75100,75100,49.7
1941-03-15,,75500,75500,50.0
1941-03-16,,75500,75500,50.0
1941-03-17,,75500,75500,50.0
1941-03-18,,75500,75500,50.0
1941-03-19,,76000,76000,50.3
1941-03-20,,76400,76400,50.6
1941-03-21,,76400,76400,50.6
1941-03-22,,76800,76800,50.8
1941-03-23,,77300,77300,51.2
1941-03-24,,77800,77800,51.5
1941-03-25,,77800,77800,51.5
1941-03-26,,79100,79100,52.3
1941-03-27,,80000,80000,52.9
1941-03-28,,80400,80400,53.2
1941-03-29,,80900,80900,53.5
1941-03-30,,80900,80900,53.5
1941-03-31,,80900,80900,53.5
1941-04-01,,80900,80900,53.5
1941-04-02,,80000,80000,52.9
1941-04-03,,78600,78600,52.0
1941-04-04,,77800,77800,51.5
1941-04-05,,76800,76800,50.8
1941-04-06,,76000,76000,50.3
1941-04-07,,74300,74300,49.2
1941-04-08,,72700,72700,48.1
1941-04-09,,71500,71500,47.3
1941-04-10,,70700,70700,46.8
1941-04-11,,70700,70700,46.8
1941-04-12,,69500,69500,46.0
1941-04-13,,68300,68300,45.2
1941-04-14,,66700,66700,44.1
1941-04-15,,65900,65900,43.6
1941-04-16,,64300,64300,42.6
1941-04-17,,62800,62800,41.6
1941-04-18,,61400,61400,40.6
1941-04-19,,60400,60400,40.0
1941-04-20,,58600,58600,38.8
1941-04-21,,56800,56800,37.6
1941-04-22,,55800,55800,36.9
1941-04-23,,55100,55100,36.5
1941-04-24,,53700,53700,35.5
1941-04-25,,52400,52400,34.7
1941-04-26,,52400,52400,34.7
1941-04-27,,52400,52400,34.7
1941-04-28,,52400,52400,34.7
1941-04-29,,53000,53000,35.1
1941-04-30,,53000,53000,35.1
1941-05-01,,53700,53700,35.5
1941-05-02,,53700,53700,35.5
1941-05-03,,73900,73900,48.9
1941-05-04,,89500,89500,59.2
1941-05-05,,98000,98000,64.9
1941-05-06,,107300,107300,71.0
1941-05-07,,122800,122800,81.3
1941-05-08,,136000,136000,90.0
1941-05-09,,142200,142200,94.1
1941-05-10,,146200,146200,96.8
1941-05-11,,147400,147400,97.5
1941-05-12,,152000,152000,100.0
1941-05-13,,153400,153400,100.0
1941-05-14,,155500,155500,100.0
1941-05-15,,156200,156200,100.0
1941-05-16,,160500,160500,100.0
1941-05-17,,160500,160500,100.0
1941-05-18,,162000,162000,100.0
1941-05-19,,162800,162800,100.0
1941-05-20,,162000,162000,100.0
1941-05-21,,163500,163500,100.0
1941-05-22,,167300,167300,100.0
1941-05-23,,210000,210000,100.0
1941-05-24,,288000,288000,100.0
1941-05-25,,320000,320000,100.0
1941-05-26,,325000,325000,100.0
1941-05-27,,332000,332000,100.0
1941-05-28,,336000,336000,100.0
1941-05-29,,338000,338000,100.0
1941-05-30,,334000,334000,100.0
1941-05-31,,330000,330000,100.0
1941-06-01,,326000,326000,100.0
1941-06-02,,320000,320000,100.0
1941-06-03,,320000,320000,100.0
1941-06-04,,316000,316000,100.0
1941-06-05,,319000,319000,100.0
1941-06-06,,317000,317000,100.0
1941-06-07,,314000,314000,100.0
1941-06-08,,307000,307000,100.0
1941-06-09,,303000,303000,100.0
1941-06-10,,301000,301000,100.0
1941-06-11,,303000,303000,100.0
1941-06-12,,307000,307000,100.0
1941-06-13,,310000,310000,100.0
1941-06-14,,312000,312000,100.0
1941-06-15,,314000,314000,100.0
1941-06-16,,321000,321000,100.0
1941-06-17,,320000,320000,100.0
1941-06-18,,319000,319000,100.0
1941-06-19,,321000,321000,100.0
1941-06-20,,320000,320000,100.0
1941-06-21,,319000,319000,100.0
1941-06-22,,319000,319000,100.0
1941-06-23,,320000,320000,100.0
1941-06-24,,320000,320000,100.0
1941-06-25,,319000,319000,100.0
1941-06-26,,320000,320000,100.0
1941-06-27,,319000,319000,100.0
1941-06-28,,322000,322000,100.0
1941-06-29,,321000,321000,100.0
1941-06-30,,319000,319000,100.0
1941-07-01,,318000,318000,100.0
1941-07-02,,317000,317000,100.0
1941-07-03,,317000,317000,100.0
1941-07-04,,317000,317000,100.0
1941-07-05,,318000,318000,100.0
1941-07-06,,317000,317000,100.0
1941-07-07,,317000,317000,100.0
1941-07-08,,316000,316000,100.0
1941-07-09,,315000,315000,100.0
1941-07-10,,315000,315000,100.0
1941-07-11,,314000,314000,100.0
1941-07-12,,313000,313000,100.0
1941-07-13,,312000,312000,100.0
1941-07-14,,311000,311000,100.0
1941-07-15,,311000,311000,100.0
1941-07-16,,313000,313000,100.0
1941-07-17,,317000,317000,100.0
1941-07-18,,321000,321000,100.0
1941-07-19,,322000,322000,100.0
1941-07-20,,325000,325000,100.0
1941-07-21,,326000,326000,100.0
1941-07-22,,324000,324000,100.0
1941-07-23,,321000,321000,100.0
1941-07-24,,318000,318000,100.0
1941-07-25,,317000,317000,100.0
1941-07-26,,316000,316000,100.0
1941-07-27,,316000,316000,100.0
1941-07-28,,317000,317000,100.0
1941-07-29,,317000,317000,100.0
1941-07-30,,317000,317000,100.0
1941-07-31,,316000,316000,100.0
1941-08-01,,315000,315000,100.0
1941-08-02,,314000,314000,100.0
1941-08-03,,313000,313000,100.0
1941-08-04,,312000,312000,100.0
1941-08-05,,311000,311000,100.0
1941-08-06,,311000,311000,100.0
1941-08-07,,311000,311000,100.0
1941-08-08,,310000,310000,100.0
1941-08-09,,310000,310000,100.0
1941-08-10,,309000,309000,100.0
1941-08-11,,309000,309000,100.0
1941-08-12,,308000,308000,100.0
1941-08-13,,307000,307000,100.0
1941-08-14,,308000,308000,100.0
1941-08-15,,309000,309000,100.0
1941-08-16,,308000,308000,100.0
1941-08-17,,307000,307000,100.0
1941-08-18,,308000,308000,100.0
1941-08-19,,309000,309000,100.0
1941-08-20,,313000,313000,100.0
1941-08-21,,313000,313000,100.0
1941-08-22,,313000,313000,100.0
1941-08-23,,315000,315000,100.0
1941-08-24,,317000,317000,100.0
1941-08-25,,318000,318000,100.0
1941-08-26,,319000,319000,100.0
1941-08-27,,317000,317000,100.0
1941-08-28,,316000,316000,100.0
1941-08-29,,315000,315000,100.0
1941-08-30,,316000,316000,100.0
1941-08-31,,317000,317000,100.0
1941-09-01,,317000,317000,100.0
1941-09-02,,317000,317000,100.0
1941-09-03,,317000,317000,100.0
1941-09-04,,318000,318000,100.0
1941-09-05,,318000,318000,100.0
1941-09-06,,318000,318000,100.0
1941-09-07,,317000,317000,100.0
1941-09-08,,316000,316000,100.0
1941-09-09,,316000,316000,100.0
1941-09-10,,315000,315000,100.0
1941-09-11,,314000,314000,100.0
1941-09-12,,314000,314000,100.0
1941-09-13,,313000,313000,100.0
1941-09-14,,312000,312000,100.0
1941-09-15,,312000,312000,100.0
1941-09-16,,313000,313000,100.0
1941-09-17,,312000,312000,100.0
1941-09-18,,313000,313000,100.0
1941-09-19,,312000,312000,100.0
1941-09-20,,311000,311000,100.0
1941-09-21,,311000,311000,100.0
1941-09-22,,338000,338000,100.0
1941-09-23,,336000,336000,100.0
1941-09-24,,339000,339000,100.0
1941-09-25,,336000,336000,100.0
1941-09-26,,336000,336000,100.0
1941-09-27,,347000,347000,100.0
1941-09-28,,351000,351000,100.0
1941-09-29,,340000,340000,100.0
1941-09-30,,327000,327000,100.0
1941-10-01,,326000,326000,100.0
1941-10-02,,326000,326000,100.0
1941-10-03,,331000,331000,100.0
1941-10-04,,339000,339000,100.0
1941-10-05,,343000,343000,100.0
1941-10-06,,338000,338000,100.0
1941-10-07,,331000,331000,100.0
1941-10-08,,324000,324000,100.0
1941-10-09,,318000,318000,100.0
1941-10-10,,313000,313000,100.0
1941-10-11,,311000,311000,100.0
1941-10-12,,308000,308000,100.0
1941-10-13,,304000,304000,100.0
1941-10-14,,301000,301000,100.0
1941-10-15,,306000,306000,100.0
1941-10-16,,307000,307000,100.0
1941-10-17,,308000,308000,100.0
1941-10-18,,311000,311000,100.0
1941-10-19,,313000,313000,100.0
1941-10-20,,315000,315000,100.0
1941-10-21,,313000,313000,100.0
1941-10-22,,313000,313000,100.0
1941-10-23,,312000,312000,100.0
1941-10-24,,315000,315000,100.0
1941-10-25,,313000,313000,100.0
1941-10-26,,313000,313000,100.0
1941-10-27,,314000,314000,100.0
1941-10-28,,316000,316000,100.0
1941-10-29,,318000,318000,100.0
1941-10-30,,320000,320000,100.0
1941-10-31,,320000,320000,100.0
1941-11-01,,319000,319000,100.0
1941-11-02,,316000,316000,100.0
1941-11-03,,312000,312000,100.0
1941-11-04,,308000,308000,100.0
1941-11-05,,310000,310000,100.0
1941-11-06,,315000,315000,100.0
1941-11-07,,316000,316000,100.0
1941-11-08,,314000,314000,100.0
1941-11-09,,313000,313000,100.0
1941-11-10,,311000,311000,100.0
1941-11-11,,310000,310000,100.0
1941-11-12,,311000,311000,100.0
1941-11-13,,312000,312000,100.0
1941-11-14,,311000,311000,100.0
1941-11-15,,309000,309000,100.0
1941-11-16,,307000,307000,100.0
1941-11-17,,307000,307000,100.0
1941-11-18,,307000,307000,100.0
1941-11-19,,307000,307000,100.0
1941-11-20,,308000,308000,100.0
1941-11-21,,311000,311000,100.0
1941-11-22,,313000,313000,100.0
1941-11-23,,314000,314000,100.0
1941-11-24,,316000,316000,100.0
1941-11-25,,317000,317000,100.0
1941-11-26,,317000,317000,100.0
1941-11-27,,316000,316000,100.0
1941-11-28,,315000,315000,100.0
1941-11-29,,315000,315000,100.0
1941-11-30,,315000,315000,100.0
1941-12-01,,315000,315000,100.0
1941-12-02,,316000,316000,100.0
1941-12-03,,315000,315000,100.0
1941-12-04,,315000,315000,100.0
1941-12-05,,314000,314000,100.0
1941-12-06,,314000,314000,100.0
1941-12-07,,314000,314000,100.0
1941-12-08,,314000,314000,100.0
1941-12-09,,315000,315000,100.0
1941-12-10,,315000,315000,100.0
1941-12-11,,315000,315000,100.0
1941-12-12,,315000,315000,100.0
1941-12-13,,315000,315000,100.0
1941-12-14,,315000,315000,100.0
1941-12-15,,315000,315000,100.0
1941-12-16,,315000,315000,100.0
1941-12-17,,316000,316000,100.0
1941-12-18,,316000,316000,100.0
1941-12-19,,316000,316000,100.0
1941-12-20,,316000,316000,100.0
1941-12-21,,316000,316000,100.0
1941-12-22,,316000,316000,100.0
1941-12-23,,315000,315000,100.0
1941-12-24,,315000,315000,100.0
1941-12-25,,315000,315000,100.0
1941-12-26,,314000,314000,100.0
1941-12-27,,314000,314000,100.0
1941-12-28,,314000,314000,100.0
1941-12-29,,313000,313000,100.0
1941-12-30,,313000,313000,100.0
1941-12-31,,312000,312000,100.0
1942-01-01,,312000,312000,100.0
1942-01-02,,312000,312000,100.0
1942-01-03,,312000,312000,100.0
1942-01-04,,312000,312000,100.0
1942-01-05,,312000,312000,100.0
1942-01-06,,312000,312000,100.0
1942-01-07,,312000,312000,100.0
1942-01-08,,312000,312000,100.0
1942-01-09,,313000,313000,100.0
1942-01-10,,314000,314000,100.0
1942-01-11,,316000,316000,100.0
1942-01-12,,317000,317000,100.0
1942-01-13,,317000,317000,100.0
1942-01-14,,316000,316000,100.0
1942-01-15,,315000,315000,100.0
1942-01-16,,314000,314000,100.0
1942-01-17,,314000,314000,100.0
1942-01-18,,313000,313000,100.0
1942-01-19,,313000,313000,100.0
1942-01-20,,312000,312000,100.0
1942-01-21,,312000,312000,100.0
1942-01-22,,311000,311000,100.0
1942-01-23,,311000,311000,100.0
1942-01-24,,311000,311000,100.0
1942-01-25,,310000,310000,100.0
1942-01-26,,310000,310000,100.0
1942-01-27,,310000,310000,100.0
1942-01-28,,310000,310000,100.0
1942-01-29,,310000,310000,100.0
1942-01-30,,312000,312000,100.0
1942-01-31,,313000,313000,100.0
1942-02-01,,314000,314000,100.0
1942-02-02,,314000,314000,100.0
1942-02-03,,315000,315000,100.0
1942-02-04,,315000,315000,100.0
1942-02-05,,315000,315000,100.0
1942-02-06,,314000,314000,100.0
1942-02-07,,313000,313000,100.0
1942-02-08,,313000,313000,100.0
1942-02-09,,317000,317000,100.0
1942-02-10,,316000,316000,100.0
1942-02-11,,315000,315000,100.0
1942-02-12,,314000,314000,100.0
1942-02-13,,314000,314000,100.0
1942-02-14,,313000,313000,100.0
1942-02-15,,312000,312000,100.0
1942-02-16,,312000,312000,100.0
1942-02-17,,311000,311000,100.0
1942-02-18,,310000,310000,100.0
1942-02-19,,309000,309000,100.0
1942-02-20,,309000,309000,100.0
1942-02-21,,309000,309000,100.0
1942-02-22,,308000,308000,100.0
1942-02-23,,308000,308000,100.0
1942-02-24,,308000,308000,100.0
1942-02-25,,308000,308000,100.0
1942-02-26,,308000,308000,100.0
1942-02-27,,309000,309000,100.0
1942-02-28,,309000,309000,100.0
1942-03-01,,310000,310000,100.0
1942-03-02,,310000,310000,100.0
1942-03-03,,311000,311000,100.0
1942-03-04,,311000,311000,100.0
1942-03-05,,311000,311000,100.0
1942-03-06,,311000,311000,100.0
1942-03-07,,311000,311000,100.0
1942-03-08,,311000,311000,100.0
1942-03-09,,311000,311000,100.0
1942-03-10,,311000,311000,100.0
1942-03-11,,311000,311000,100.0
1942-03-12,,311000,311000,100.0
1942-03-13,,311000,311000,100.0
1942-03-14,,311000,311000,100.0
1942-03-15,,311000,311000,100.0
1942-03-16,,311000,311000,100.0
1942-03-17,,311000,311000,100.0
1942-03-18,,311000,311000,100.0
1942-03-19,,311000,311000,100.0
1942-03-20,,311000,311000,100.0
1942-03-21,,310000,310000,100.0
1942-03-22,,310000,310000,100.0
1942-03-23,,310000,310000,100.0
1942-03-24,,310000,310000,100.0
1942-03-25,,310000,310000,100.0
1942-03-26,,310000,310000,100.0
1942-03-27,,309000,309000,100.0
1942-03-28,,309000,309000,100.0
1942-03-29,,308000,308000,100.0
1942-03-30,,308000,308000,100.0
1942-03-31,,308000,308000,100.0
1942-04-01,,307000,307000,100.0
1942-04-02,,307000,307000,100.0
1942-04-03,,307000,307000,100.0
1942-04-04,,307000,307000,100.0
1942-04-05,,306000,306000,100.0
1942-04-06,,306000,306000,100.0
1942-04-07,,306000,306000,100.0
1942-04-08,,306000,306000,100.0
1942-04-09,,306000,306000,100.0
1942-04-10,,306000,306000,100.0
1942-04-11,,305000,305000,100.0
1942-04-12,,304000,304000,100.0
1942-04-13,,304000,304000,100.0
1942-04-14,,303000,303000,100.0
1942-04-15,,302000,302000,100.0
1942-04-16,,302000,302000,100.0
1942-04-17,,301000,301000,100.0
1942-04-18,,301000,301000,100.0
1942-04-19,,300000,300000,100.0
1942-04-20,,299000,299000,100.0
1942-04-21,,298000,298000,100.0
1942-04-22,,298000,298000,100.0
1942-04-23,,298000,298000,100.0
1942-04-24,,298000,298000,100.0
1942-04-25,,298000,298000,100.0
1942-04-26,,299000,299000,100.0
1942-04-27,,304000,304000,100.0
1942-04-28,,308000,308000,100.0
1942-04-29,,308000,308000,100.0
1942-04-30,,309000,309000,100.0
1942-05-01,,311000,311000,100.0
1942-05-02,,315000,315000,100.0
1942-05-03,,318000,318000,100.0
1942-05-04,,320000,320000,100.0
1942-05-05,,326000,326000,100.0
1942-05-06,,319000,319000,100.0
1942-05-07,,316000,316000,100.0
1942-05-08,,315000,315000,100.0
1942-05-09,,314000,314000,100.0
1942-05-10,,314000,314000,100.0
1942-05-11,,313000,313000,100.0
1942-05-12,,312000,312000,100.0
1942-05-13,,311000,311000,100.0
1942-05-14,,310000,310000,100.0
1942-05-15,,310000,310000,100.0
1942-05-16,,309000,309000,100.0
1942-05-17,,309000,309000,100.0
1942-05-18,,309000,309000,100.0
1942-05-19,,308000,308000,100.0
1942-05-20,,310000,310000,100.0
1942-05-21,,309000,309000,100.0
1942-05-22,,309000,309000,100.0
1942-05-23,,311000,311000,100.0
1942-05-24,,312000,312000,100.0
1942-05-25,,312000,312000,100.0
1942-05-26,,312000,312000,100.0
1942-05-27,,312000,312000,100.0
1942-05-28,,313000,313000,100.0
1942-05-29,,312000,312000,100.0
1942-05-30,,311000,311000,100.0
1942-05-31,,310000,310000,100.0
1942-06-01,,310000,310000,100.0
1942-06-02,,310000,310000,100.0
1942-06-03,,310000,310000,100.0
1942-06-04,,309000,309000,100.0
1942-06-05,,309000,309000,100.0
1942-06-06,,309000,309000,100.0
1942-06-07,,309000,309000,100.0
1942-06-08,,309000,309000,100.0
1942-06-09,,309000,309000,100.0
1942-06-10,,310000,310000,100.0
1942-06-11,,310000,310000,100.0
1942-06-12,,310000,310000,100.0
1942-06-13,,310000,310000,100.0
1942-06-14,,309000,309000,100.0
1942-06-15,,309000,309000,100.0
1942-06-16,,309000,309000,100.0
1942-06-17,,308000,308000,100.0
1942-06-18,,308000,308000,100.0
1942-06-19,,308000,308000,100.0
1942-06-20,,308000,308000,100.0
1942-06-21,,307000,307000,100.0
1942-06-22,,307000,307000,100.0
1942-06-23,,306000,306000,100.0
1942-06-24,,306000,306000,100.0
1942-06-25,,305000,305000,100.0
1942-06-26,,304000,304000,100.0
1942-06-27,,303000,303000,100.0
1942-06-28,,302000,302000,100.0
1942-06-29,,301000,301000,100.0
1942-06-30,,301000,301000,100.0
1942-07-01,,300000,300000,100.0
1942-07-02,,300000,300000,100.0
1942-07-03,,299000,299000,100.0
1942-07-04,,298000,298000,100.0
1942-07-05,,298000,298000,100.0
1942-07-06,,297000,297000,100.0
1942-07-07,,296000,296000,100.0
1942-07-08,,295000,295000,100.0
1942-07-09,,294000,294000,100.0
1942-07-10,,293000,293000,100.0
1942-07-11,,292000,292000,100.0
1942-07-12,,291000,291000,100.0
1942-07-13,,290000,290000,100.0
1942-07-14,,290000,290000,100.0
1942-07-15,,289000,289000,100.0
1942-07-16,,288000,288000,100.0
1942-07-17,,287000,287000,100.0
1942-07-18,,286000,286000,100.0
1942-07-19,,285000,285000,100.0
1942-07-20,,285000,285000,100.0
1942-07-21,,284000,284000,100.0
1942-07-22,,282000,282000,100.0
1942-07-23,,280000,280000,100.0
1942-07-24,,279000,279000,100.0
1942-07-25,,278000,278000,100.0
1942-07-26,,277000,277000,100.0
1942-07-27,,277000,277000,100.0
1942-07-28,,276000,276000,100.0
1942-07-29,,274000,274000,100.0
1942-07-30,,273000,273000,100.0
1942-07-31,,272000,272000,100.0
1942-08-01,,270000,270000,100.0
1942-08-02,,268000,268000,100.0
1942-08-03,,267000,267000,100.0
1942-08-04,,266000,266000,100.0
1942-08-05,,265000,265000,100.0
1942-08-06,,264000,264000,100.0
1942-08-07,,263000,263000,100.0
1942-08-08,,262000,262000,100.0
1942-08-09,,261000,261000,100.0
1942-08-10,,260000,260000,100.0
1942-08-11,,259000,259000,100.0
1942-08-12,,258000,258000,100.0
1942-08-13,,257000,257000,100.0
1942-08-14,,256000,256000,100.0
1942-08-15,,255000,255000,100.0
1942-08-16,,254000,254000,100.0
1942-08-17,,254000,254000,100.0
1942-08-18,,253000,253000,100.0
1942-08-19,,253000,253000,100.0
1942-08-20,,252000,252000,100.0
1942-08-21,,252000,252000,100.0
1942-08-22,,252000,252000,100.0
1942-08-23,,252000,252000,100.0
1942-08-24,,251000,251000,100.0
1942-08-25,,252000,252000,100.0
1942-08-26,,252000,252000,100.0
1942-08-27,,252000,252000,100.0
1942-08-28,,252000,252000,100.0
1942-08-29,,252000,252000,100.0
1942-08-30,,253000,253000,100.0
1942-08-31,,253000,253000,100.0
1942-09-01,,254000,254000,100.0
1942-09-02,,253000,253000,100.0
1942-09-03,,253000,253000,100.0
1942-09-04,,256000,256000,100.0
1942-09-05,,259000,259000,100.0
1942-09-06,,262000,262000,100.0
1942-09-07,,270000,270000,100.0
1942-09-08,,274000,274000,100.0
1942-09-09,,281000,281000,100.0
1942-09-10,,287000,287000,100.0
1942-09-11,,292000,292000,100.0
1942-09-12,,294000,294000,100.0
1942-09-13,,295000,295000,100.0
1942-09-14,,296000,296000,100.0
1942-09-15,,298000,298000,100.0
1942-09-16,,299000,299000,100.0
1942-09-17,,297000,297000,100.0
1942-09-18,,299000,299000,100.0
1942-09-19,,300000,300000,100.0
1942-09-20,,300000,300000,100.0
1942-09-21,,298000,298000,100.0
1942-09-22,,297000,297000,100.0
1942-09-23,,296000,296000,100.0
1942-09-24,,298000,298000,100.0
1942-09-25,,298000,298000,100.0
1942-09-26,,297000,297000,100.0
1942-09-27,,300000,300000,100.0
1942-09-28,,301000,301000,100.0
1942-09-29,,302000,302000,100.0
1942-09-30,,302000,302000,100.0
1942-10-01,,303000,303000,100.0
1942-10-02,,303000,303000,100.0
1942-10-03,,303000,303000,100.0
1942-10-04,,302000,302000,100.0
1942-10-05,,302000,302000,100.0
1942-10-06,,302000,302000,100.0
1942-10-07,,302000,302000,100.0
1942-10-08,,302000,302000,100.0
1942-10-09,,301000,301000,100.0
1942-10-10,,301000,301000,100.0
1942-10-11,,301000,301000,100.0
1942-10-12,,300000,300000,100.0
1942-10-13,,300000,300000,100.0
1942-10-14,,300000,300000,100.0
1942-10-15,,300000,300000,100.0
1942-10-16,,299000,299000,100.0
1942-10-17,,298000,298000,100.0
1942-10-18,,297000,297000,100.0
1942-10-19,,297000,297000,100.0
1942-10-20,,297000,297000,100.0
1942-10-21,,296000,296000,100.0
1942-10-22,,296000,296000,100.0
1942-10-23,,295000,295000,100.0
1942-10-24,,295000,295000,100.0
1942-10-25,,295000,295000,100.0
1942-10-26,,294000,294000,100.0
1942-10-27,,294000,294000,100.0
1942-10-28,,294000,294000,100.0
1942-10-29,,295000,295000,100.0
1942-10-30,,294000,294000,100.0
1942-10-31,,294000,294000,100.0
1942-11-01,,295000,295000,100.0
1942-11-02,,295000,295000,100.0
1942-11-03,,298000,298000,100.0
1942-11-04,,302000,302000,100.0
1942-11-05,,301000,301000,100.0
1942-11-06,,299000,299000,100.0
1942-11-07,,297000,297000,100.0
1942-11-08,,306000,306000,100.0
1942-11-09,,305000,305000,100.0
1942-11-10,,308000,308000,100.0
1942-11-11,,305000,305000,100.0
1942-11-12,,305000,305000,100.0
1942-11-13,,304000,304000,100.0
1942-11-14,,303000,303000,100.0
1942-11-15,,303000,303000,100.0
1942-11-16,,302000,302000,100.0
1942-11-17,,302000,302000,100.0
1942-11-18,,302000,302000,100.0
1942-11-19,,301000,301000,100.0
1942-11-20,,303000,303000,100.0
1942-11-21,,303000,303000,100.0
1942-11-22,,303000,303000,100.0
1942-11-23,,302000,302000,100.0
1942-11-24,,302000,302000,100.0
1942-11-25,,302000,302000,100.0
1942-11-26,,302000,302000,100.0
1942-11-27,,302000,302000,100.0
1942-11-28,,301000,301000,100.0
1942-11-29,,301000,301000,100.0
1942-11-30,,301000,301000,100.0
1942-12-01,,301000,301000,100.0
1942-12-02,,301000,301000,100.0
1942-12-03,,300000,300000,100.0
1942-12-04,,300000,300000,100.0
1942-12-05,,300000,300000,100.0
1942-12-06,,300000,300000,100.0
1942-12-07,,300000,300000,100.0
1942-12-08,,300000,300000,100.0
1942-12-09,,300000,300000,100.0
1942-12-10,,300000,300000,100.0
1942-12-11,,300000,300000,100.0
1942-12-12,,300000,300000,100.0
1942-12-13,,300000,300000,100.0
1942-12-14,,299000,299000,100.0
1942-12-15,,299000,299000,100.0
1942-12-16,,299000,299000,100.0
1942-12-17,,299000,299000,100.0
1942-12-18,,299000,299000,100.0
1942-12-19,,299000,299000,100.0
1942-12-20,,299000,299000,100.0
1942-12-21,,299000,299000,100.0
1942-12-22,,299000,299000,100.0
1942-12-23,,299000,299000,100.0
1942-12-24,,299000,299000,100.0
1942-12-25,,299000,299000,100.0
1942-12-26,,299000,299000,100.0
1942-12-27,,300000,300000,100.0
1942-12-28,,301000,301000,100.0
1942-12-29,,301000,301000,100.0
1942-12-30,,301000,301000,100.0
1942-12-31,,301000,301000,100.0
1943-01-01,,300000,300000,100.0
1943-01-02,,299000,299000,100.0
1943-01-03,,299000,299000,100.0
1943-01-04,,298000,298000,100.0
1943-01-05,,297000,297000,100.0
1943-01-06,,296000,296000,100.0
1943-01-07,,296000,296000,100.0
1943-01-08,,296000,296000,100.0
1943-01-09,,297000,297000,100.0
1943-01-10,,296000,296000,100.0
1943-01-11,,297000,297000,100.0
1943-01-12,,297000,297000,100.0
1943-01-13,,297000,297000,100.0
1943-01-14,,297000,297000,100.0
1943-01-15,,297000,297000,100.0
1943-01-16,,297000,297000,100.0
1943-01-17,,298000,298000,100.0
1943-01-18,,298000,298000,100.0
1943-01-19,,297000,297000,100.0
1943-01-20,,298000,298000,100.0
1943-01-21,,298000,298000,100.0
1943-01-22,,297000,297000,100.0
1943-01-23,,297000,297000,100.0
1943-01-24,,297000,297000,100.0
1943-01-25,,297000,297000,100.0
1943-01-26,,297000,297000,100.0
1943-01-27,,297000,297000,100.0
1943-01-28,,297000,297000,100.0
1943-01-29,,297000,297000,100.0
1943-01-30,,297000,297000,100.0
1943-01-31,,297000,297000,100.0
1943-02-01,,297000,297000,100.0
1943-02-02,,297000,297000,100.0
1943-02-03,,297000,297000,100.0
1943-02-04,,298000,298000,100.0
1943-02-05,,298000,298000,100.0
1943-02-06,,298000,298000,100.0
1943-02-07,,298000,298000,100.0
1943-02-08,,299000,299000,100.0
1943-02-09,,299000,299000,100.0
1943-02-10,,300000,300000,100.0
1943-02-11,,300000,300000,100.0
1943-02-12,,300000,300000,100.0
1943-02-13,,300000,300000,100.0
1943-02-14,,300000,300000,100.0
1943-02-15,,300000,300000,100.0
1943-02-16,,300000,300000,100.0
1943-02-17,,300000,300000,100.0
1943-02-18,,300000,300000,100.0
1943-02-19,,300000,300000,100.0
1943-02-20,,300000,300000,100.0
1943-02-21,,300000,300000,100.0
1943-02-22,,300000,300000,100.0
1943-02-23,,300000,300000,100.0
1943-02-24,,300000,300000,100.0
1943-02-25,,300000,300000,100.0
1943-02-26,,300000,300000,100.0
1943-02-27,,300000,300000,100.0
1943-02-28,,300000,300000,100.0
1943-03-01,,300000,300000,100.0
1943-03-02,,300000,300000,100.0
1943-03-03,,300000,300000,100.0
1943-03-04,,300000,300000,100.0
1943-03-05,,300000,300000,100.0
1943-03-06,,300000,300000,100.0
1943-03-07,,300000,300000,100.0
1943-03-08,,300000,300000,100.0
1943-03-09,,300000,300000,100.0
1943-03-10,,300000,300000,100.0
1943-03-11,,301000,301000,100.0
1943-03-12,,301000,301000,100.0
1943-03-13,,301000,301000,100.0
1943-03-14,,301000,301000,100.0
1943-03-15,,301000,301000,100.0
1943-03-16,,301000,301000,100.0
1943-03-17,,301000,301000,100.0
1943-03-18,,301000,301000,100.0
1943-03-19,,300000,300000,100.0
1943-03-20,,300000,300000,100.0
1943-03-21,,300000,300000,100.0
1943-03-22,,300000,300000,100.0
1943-03-23,,299000,299000,100.0
1943-03-24,,298000,298000,100.0
1943-03-25,,298000,298000,100.0
1943-03-26,,298000,298000,100.0
1943-03-27,,298000,298000,100.0
1943-03-28,,298000,298000,100.0
1943-03-29,,298000,298000,100.0
1943-03-30,,297000,297000,100.0
1943-03-31,,296000,296000,100.0
1943-04-01,,296000,296000,100.0
1943-04-02,,295000,295000,100.0
1943-04-03,,294000,294000,100.0
1943-04-04,,293000,293000,100.0
1943-04-05,,293000,293000,100.0
1943-04-06,,292000,292000,100.0
1943-04-07,,291000,291000,100.0
1943-04-08,,290000,290000,100.0
1943-04-09,,289000,289000,100.0
1943-04-10,,288000,288000,100.0
1943-04-11,,287000,287000,100.0
1943-04-12,,286000,286000,100.0
1943-04-13,,284000,284000,100.0
1943-04-14,,283000,283000,100.0
1943-04-15,,282000,282000,100.0
1943-04-16,,282000,282000,100.0
1943-04-17,,281000,281000,100.0
1943-04-18,,280000,280000,100.0
1943-04-19,,279000,279000,100.0
1943-04-20,,278000,278000,100.0
1943-04-21,,277000,277000,100.0
1943-04-22,,276000,276000,100.0
1943-04-23,,276000,276000,100.0
1943-04-24,,275000,275000,100.0
1943-04-25,,275000,275000,100.0
1943-04-26,,274000,274000,100.0
1943-04-27,,274000,274000,100.0
1943-04-28,,273000,273000,100.0
1943-04-29,,273000,273000,100.0
1943-04-30,,272000,272000,100.0
1943-05-01,,271000,271000,100.0
1943-05-02,,270000,270000,100.0
1943-05-03,,270000,270000,100.0
1943-05-04,,269000,269000,100.0
1943-05-05,,268000,268000,100.0
1943-05-06,,267000,267000,100.0
1943-05-07,,267000,267000,100.0
1943-05-08,,266000,266000,100.0
1943-05-09,,265000,265000,100.0
1943-05-10,,264000,264000,100.0
1943-05-11,,264000,264000,100.0
1943-05-12,,263000,263000,100.0
1943-05-13,,262000,262000,100.0
1943-05-14,,262000,262000,100.0
1943-05-15,,261000,261000,100.0
1943-05-16,,261000,261000,100.0
1943-05-17,,260000,260000,100.0
1943-05-18,,259000,259000,100.0
1943-05-19,,259000,259000,100.0
1943-05-20,,258000,258000,100.0
1943-05-21,,258000,258000,100.0
1943-05-22,,257000,257000,100.0
1943-05-23,,257000,257000,100.0
1943-05-24,,257000,257000,100.0
1943-05-25,,257000,257000,100.0
1943-05-26,,257000,257000,100.0
1943-05-27,,257000,257000,100.0
1943-05-28,,256000,256000,100.0
1943-05-29,,256000,256000,100.0
1943-05-30,,255000,255000,100.0
1943-05-31,,255000,255000,100.0
1943-06-01,,255000,255000,100.0
1943-06-02,,254000,254000,100.0
1943-06-03,,254000,254000,100.0
1943-06-04,,253000,253000,100.0
1943-06-05,,253000,253000,100.0
1943-06-06,,252000,252000,100.0
1943-06-07,,252000,252000,100.0
1943-06-08,,251000,251000,100.0
1943-06-09,,250000,250000,100.0
1943-06-10,,250000,250000,100.0
1943-06-11,,250000,250000,100.0
1943-06-12,,250000,250000,100.0
1943-06-13,,250000,250000,100.0
1943-06-14,,249000,249000,100.0
1943-06-15,,248000,248000,100.0
1943-06-16,,248000,248000,100.0
1943-06-17,,248000,248000,100.0
1943-06-18,,247000,247000,100.0
1943-06-19,,246000,246000,100.0
1943-06-20,,246000,246000,100.0
1943-06-21,,245000,245000,100.0
1943-06-22,,245000,245000,100.0
1943-06-23,,244000,244000,100.0
1943-06-24,,244000,244000,100.0
1943-06-25,,244000,244000,100.0
1943-06-26,,243000,243000,100.0
1943-06-27,,242000,242000,100.0
1943-06-28,,242000,242000,100.0
1943-06-29,,243000,243000,100.0
1943-06-30,,243000,243000,100.0
1943-07-01,,244000,244000,100.0
1943-07-02,,245000,245000,100.0
1943-07-03,,245000,245000,100.0
1943-07-04,,245000,245000,100.0
1943-07-05,,245000,245000,100.0
1943-07-06,,246000,246000,100.0
1943-07-07,,246000,246000,100.0
1943-07-08,,246000,246000,100.0
1943-07-09,,246000,246000,100.0
1943-07-10,,246000,246000,100.0
1943-07-11,,246000,246000,100.0
1943-07-12,,246000,246000,100.0
1943-07-13,,245000,245000,100.0
1943-07-14,,245000,245000,100.0
1943-07-15,,244000,244000,100.0
1943-07-16,,244000,244000,100.0
1943-07-17,,243000,243000,100.0
1943-07-18,,243000,243000,100.0
1943-07-19,,242000,242000,100.0
1943-07-20,,242000,242000,100.0
1943-07-21,,241000,241000,100.0
1943-07-22,,240000,240000,100.0
1943-07-23,,240000,240000,100.0
1943-07-24,,238000,238000,100.0
1943-07-25,,237000,237000,100.0
1943-07-26,,235000,235000,100.0
1943-07-27,,234000,234000,100.0
1943-07-28,,232000,232000,100.0
1943-07-29,,231000,231000,100.0
1943-07-30,,229000,229000,100.0
1943-07-31,,227000,227000,100.0
1943-08-01,,226000,226000,100.0
1943-08-02,,224000,224000,100.0
1943-08-03,,223000,223000,100.0
1943-08-04,,222000,222000,100.0
1943-08-05,,220000,220000,100.0
1943-08-06,,219000,219000,100.0
1943-08-07,,218000,218000,100.0
1943-08-08,,216000,216000,100.0
1943-08-09,,215000,215000,100.0
1943-08-10,,214000,214000,100.0
1943-08-11,,212000,212000,100.0
1943-08-12,,211000,211000,100.0
1943-08-13,,209000,209000,100.0
1943-08-14,,207000,207000,100.0
1943-08-15,,206000,206000,100.0
1943-08-16,,204000,204000,100.0
1943-08-17,,203000,203000,100.0
1943-08-18,,201000,201000,100.0
1943-08-19,,200000,200000,100.0
1943-08-20,,198000,198000,100.0
1943-08-21,,197000,197000,100.0
1943-08-22,,195000,195000,100.0
1943-08-23,,194000,194000,100.0
1943-08-24,,192000,192000,100.0
1943-08-25,,191000,191000,100.0
1943-08-26,,190000,190000,100.0
1943-08-27,,188000,188000,100.0
1943-08-28,,187000,187000,100.0
1943-08-29,,186000,186000,100.0
1943-08-30,,184000,184000,100.0
1943-08-31,,183000,183000,100.0
1943-09-01,,181000,181000,100.0
1943-09-02,,180000,180000,100.0
1943-09-03,,179000,179000,100.0
1943-09-04,,179000,179000,100.0
1943-09-05,,178000,178000,100.0
1943-09-06,,177000,177000,100.0
1943-09-07,,177000,177000,100.0
1943-09-08,,176000,176000,100.0
1943-09-09,,174000,174000,100.0
1943-09-10,,174000,174000,100.0
1943-09-11,,174000,174000,100.0
1943-09-12,,174000,174000,100.0
1943-09-13,,174000,174000,100.0
1943-09-14,,175000,175000,100.0
1943-09-15,,175000,175000,100.0
1943-09-16,,173000,173000,100.0
1943-09-17,,174000,174000,100.0
1943-09-18,,174000,174000,100.0
1943-09-19,,174000,174000,100.0
1943-09-20,,174000,174000,100.0
1943-09-21,,175000,175000,100.0
1943-09-22,,176000,176000,100.0
1943-09-23,,175000,175000,100.0
1943-09-24,,176000,176000,100.0
1943-09-25,,176000,176000,100.0
1943-09-26,,176000,176000,100.0
1943-09-27,,176000,176000,100.0
1943-09-28,,176000,176000,100.0
1943-09-29,,176000,176000,100.0
1943-09-30,,177000,177000,100.0
1943-10-01,,177000,177000,100.0
1943-10-02,,177000,177000,100.0
1943-10-03,,178000,178000,100.0
1943-10-04,,178000,178000,100.0
1943-10-05,,178000,178000,100.0
1943-10-06,,179000,179000,100.0
1943-10-07,,179000,179000,100.0
1943-10-08,,179000,179000,100.0
1943-10-09,,180000,180000,100.0
1943-10-10,,181000,181000,100.0
1943-10-11,,181000,181000,100.0
1943-10-12,,181000,181000,100.0
1943-10-13,,181000,181000,100.0
1943-10-14,,181000,181000,100.0
1943-10-15,,181000,181000,100.0
1943-10-16,,182000,182000,100.0
1943-10-17,,182000,182000,100.0
1943-10-18,,182000,182000,100.0
1943-10-19,,182000,182000,100.0
1943-10-20,,182000,182000,100.0
1943-10-21,,183000,183000,100.0
1943-10-22,,183000,183000,100.0
1943-10-23,,183000,183000,100.0
1943-10-24,,183000,183000,100.0
1943-10-25,,183000,183000,100.0
1943-10-26,,183000,183000,100.0
1943-10-27,,183000,183000,100.0
1943-10-28,,184000,184000,100.0
1943-10-29,,184000,184000,100.0
1943-10-30,,184000,184000,100.0
1943-10-31,,184000,184000,100.0
1943-11-01,,184000,184000,100.0
1943-11-02,,185000,185000,100.0
1943-11-03,,184000,184000,100.0
1943-11-04,,184000,184000,100.0
1943-11-05,,184000,184000,100.0
1943-11-06,,184000,184000,100.0
1943-11-07,,184000,184000,100.0
1943-11-08,,184000,184000,100.0
1943-11-09,,183000,183000,100.0
1943-11-10,,183000,183000,100.0
1943-11-11,,183000,183000,100.0
1943-11-12,,183000,183000,100.0
1943-11-13,,184000,184000,100.0
1943-11-14,,188000,188000,100.0
1943-11-15,,188000,188000,100.0
1943-11-16,,189000,189000,100.0
1943-11-17,,190000,190000,100.0
1943-11-18,,190000,190000,100.0
1943-11-19,,190000,190000,100.0
1943-11-20,,190000,190000,100.0
1943-11-21,,190000,190000,100.0
1943-11-22,,190000,190000,100.0
1943-11-23,,190000,190000,100.0
1943-11-24,,191000,191000,100.0
1943-11-25,,191000,191000,100.0
1943-11-26,,192000,192000,100.0
1943-11-27,,194000,194000,100.0
1943-11-28,,195000,195000,100.0
1943-11-29,,195000,195000,100.0
1943-11-30,,195000,195000,100.0
1943-12-01,,193000,193000,100.0
1943-12-02,,195000,195000,100.0
1943-12-03,,196000,196000,100.0
1943-12-04,,196000,196000,100.0
1943-12-05,,197000,197000,100.0
1943-12-06,,197000,197000,100.0
1943-12-07,,197000,197000,100.0
1943-12-08,,198000,198000,100.0
1943-12-09,,198000,198000,100.0
1943-12-10,,199000,199000,100.0
1943-12-11,,199000,199000,100.0
1943-12-12,,199000,199000,100.0
1943-12-13,,200000,200000,100.0
1943-12-14,,200000,200000,100.0
1943-12-15,,201000,201000,100.0
1943-12-16,,201000,201000,100.0
1943-12-17,,201000,201000,100.0
1943-12-18,,202000,202000,100.0
1943-12-19,,202000,202000,100.0
1943-12-20,,202000,202000,100.0
1943-12-21,,203000,203000,100.0
1943-12-22,,203000,203000,100.0
1943-12-23,,204000,204000,100.0
1943-12-24,,205000,205000,100.0
1943-12-25,,206000,206000,100.0
1943-12-26,,206000,206000,100.0
1943-12-27,,207000,207000,100.0
1943-12-28,,207000,207000,100.0
1943-12-29,,207000,207000,100.0
1943-12-30,,208000,208000,100.0
1943-12-31,,208000,208000,100.0
1944-01-01,,208000,208000,100.0
1944-01-02,,209000,209000,100.0
1944-01-03,,209000,209000,100.0
1944-01-04,,210000,210000,100.0
1944-01-05,,211000,211000,100.0
1944-01-06,,212000,212000,100.0
1944-01-07,,212000,212000,100.0
1944-01-08,,213000,213000,100.0
1944-01-09,,213000,213000,100.0
1944-01-10,,214000,214000,100.0
1944-01-11,,214000,214000,100.0
1944-01-12,,215000,215000,100.0
1944-01-13,,215000,215000,100.0
1944-01-14,,216000,216000,100.0
1944-01-15,,217000,217000,100.0
1944-01-16,,217000,217000,100.0
1944-01-17,,217000,217000,100.0
1944-01-18,,218000,218000,100.0
1944-01-19,,218000,218000,100.0
1944-01-20,,218000,218000,100.0
1944-01-21,,219000,219000,100.0
1944-01-22,,219000,219000,100.0
1944-01-23,,220000,220000,100.0
1944-01-24,,220000,220000,100.0
1944-01-25,,221000,221000,100.0
1944-01-26,,222000,222000,100.0
1944-01-27,,222000,222000,100.0
1944-01-28,,223000,223000,100.0
1944-01-29,,223000,223000,100.0
1944-01-30,,224000,224000,100.0
1944-01-31,,224000,224000,100.0
1944-02-01,,225000,225000,100.0
1944-02-02,,225000,225000,100.0
1944-02-03,,226000,226000,100.0
1944-02-04,,227000,227000,100.0
1944-02-05,,227000,227000,100.0
1944-02-06,,227000,227000,100.0
1944-02-07,,228000,228000,100.0
1944-02-08,,228000,228000,100.0
1944-02-09,,229000,229000,100.0
1944-02-10,,230000,230000,100.0
1944-02-11,,230000,230000,100.0
1944-02-12,,230000,230000,100.0
1944-02-13,,230000,230000,100.0
1944-02-14,,231000,231000,100.0
1944-02-15,,231000,231000,100.0
1944-02-16,,232000,232000,100.0
1944-02-17,,233000,233000,100.0
1944-02-18,,233000,233000,100.0
1944-02-19,,233000,233000,100.0
1944-02-20,,233000,233000,100.0
1944-02-21,,234000,234000,100.0
1944-02-22,,234000,234000,100.0
1944-02-23,,234000,234000,100.0
1944-02-24,,234000,234000,100.0
1944-02-25,,234000,234000,100.0
1944-02-26,,234000,234000,100.0
1944-02-27,,234000,234000,100.0
1944-02-28,,234000,234000,100.0
1944-02-29,,234000,234000,100.0
1944-03-01,,235000,235000,100.0
1944-03-02,,235000,235000,100.0
1944-03-03,,235000,235000,100.0
1944-03-04,,235000,235000,100.0
1944-03-05,,235000,235000,100.0
1944-03-06,,236000,236000,100.0
1944-03-07,,236000,236000,100.0
1944-03-08,,237000,237000,100.0
1944-03-09,,238000,238000,100.0
1944-03-10,,238000,238000,100.0
1944-03-11,,238000,238000,100.0
1944-03-12,,238000,238000,100.0
1944-03-13,,238000,238000,100.0
1944-03-14,,239000,239000,100.0
1944-03-15,,240000,240000,100.0
1944-03-16,,240000,240000,100.0
1944-03-17,,240000,240000,100.0
1944-03-18,,239000,239000,100.0
1944-03-19,,238000,238000,100.0
1944-03-20,,237000,237000,100.0
1944-03-21,,236000,236000,100.0
1944-03-22,,236000,236000,100.0
1944-03-23,,235000,235000,100.0
1944-03-24,,234000,234000,100.0
1944-03-25,,233000,233000,100.0
1944-03-26,,232000,232000,100.0
1944-03-27,,232000,232000,100.0
1944-03-28,,230000,230000,100.0
1944-03-29,,229000,229000,100.0
1944-03-30,,228000,228000,100.0
1944-03-31,,227000,227000,100.0
1944-04-01,,226000,226000,100.0
1944-04-02,,225000,225000,100.0
1944-04-03,,224000,224000,100.0
1944-04-04,,223000,223000,100.0
1944-04-05,,222000,222000,100.0
1944-04-06,,221000,221000,100.0
1944-04-07,,219000,219000,100.0
1944-04-08,,217000,217000,100.0
1944-04-09,,217000,217000,100.0
1944-04-10,,215000,215000,100.0
1944-04-11,,214000,214000,100.0
1944-04-12,,213000,213000,100.0
1944-04-13,,212000,212000,100.0
1944-04-14,,211000,211000,100.0
1944-04-15,,210000,210000,100.0
1944-04-16,,209000,209000,100.0
1944-04-17,,208000,208000,100.0
1944-04-18,,207000,207000,100.0
1944-04-19,,206000,206000,100.0
1944-04-20,,205000,205000,100.0
1944-04-21,,204000,204000,100.0
1944-04-22,,203000,203000,100.0
1944-04-23,,201000,201000,100.0
1944-04-24,,201000,201000,100.0
1944-04-25,,200000,200000,100.0
1944-04-26,,199000,199000,100.0
1944-04-27,,198000,198000,100.0
1944-04-28,,197000,197000,100.0
1944-04-29,,196000,196000,100.0
1944-04-30,,196000,196000,100.0
1944-05-01,,194000,194000,100.0
1944-05-02,,194000,194000,100.0
1944-05-03,,193000,193000,100.0
1944-05-04,,192000,192000,100.0
1944-05-05,,191000,191000,100.0
1944-05-06,,190000,190000,100.0
1944-05-07,,189000,189000,100.0
1944-05-08,,188000,188000,100.0
1944-05-09,,186000,186000,100.0
1944-05-10,,185000,185000,100.0
1944-05-11,,184000,184000,100.0
1944-05-12,,183000,183000,100.0
1944-05-13,,183000,183000,100.0
1944-05-14,,183000,183000,100.0
1944-05-15,,182000,182000,100.0
1944-05-16,,181000,181000,100.0
1944-05-17,,181000,181000,100.0
1944-05-18,,181000,181000,100.0
1944-05-19,,180000,180000,100.0
1944-05-20,,179000,179000,100.0
1944-05-21,,179000,179000,100.0
1944-05-22,,178000,178000,100.0
1944-05-23,,178000,178000,100.0
1944-05-24,,177000,177000,100.0
1944-05-25,,177000,177000,100.0
1944-05-26,,177000,177000,100.0
1944-05-27,,176000,176000,100.0
1944-05-28,,176000,176000,100.0
1944-05-29,,175000,175000,100.0
1944-05-30,,174000,174000,100.0
1944-05-31,,173000,173000,100.0
1944-06-01,,172000,172000,100.0
1944-06-02,,172000,172000,100.0
1944-06-03,,171000,171000,100.0
1944-06-04,,171000,171000,100.0
1944-06-05,,170000,170000,100.0
1944-06-06,,170000,170000,100.0
1944-06-07,,169000,169000,100.0
1944-06-08,,168000,168000,100.0
1944-06-09,,168000,168000,100.0
1944-06-10,,168000,168000,100.0
1944-06-11,,168000,168000,100.0
1944-06-12,,167000,167000,100.0
1944-06-13,,167000,167000,100.0
1944-06-14,,166000,166000,100.0
1944-06-15,,166000,166000,100.0
1944-06-16,,165000,165000,100.0
1944-06-17,,164000,164000,100.0
1944-06-18,,164000,164000,100.0
1944-06-19,,163000,163000,100.0
1944-06-20,,162000,162000,100.0
1944-06-21,,162000,162000,100.0
1944-06-22,,161000,161000,100.0
1944-06-23,,160000,160000,100.0
1944-06-24,,160000,160000,100.0
1944-06-25,,159000,159000,100.0
1944-06-26,,158000,158000,100.0
1944-06-27,,158000,158000,100.0
1944-06-28,,157000,157000,100.0
1944-06-29,,156000,156000,100.0
1944-06-30,,155000,155000,100.0
1944-07-01,,154000,154000,100.0
1944-07-02,,153000,153000,100.0
1944-07-03,,152000,152000,100.0
1944-07-04,,152000,152000,100.0
1944-07-05,,150000,150000,99.3
1944-07-06,,149000,149000,98.6
1944-07-07,,148000,148000,97.9
1944-07-08,,147000,147000,97.3
1944-07-09,,146000,146000,96.6
1944-07-10,,145000,145000,96.0
1944-07-11,,144000,144000,95.3
1944-07-12,,144000,144000,95.3
1944-07-13,,143000,143000,94.6
1944-07-14,,142000,142000,94.0
1944-07-15,,141000,141000,93.3
1944-07-16,,140000,140000,92.6
1944-07-17,,139000,139000,92.0
1944-07-18,,138000,138000,91.3
1944-07-19,,137000,137000,90.7
1944-07-20,,136000,136000,90.0
1944-07-21,,135000,135000,89.3
1944-07-22,,134000,134000,88.7
1944-07-23,,133000,133000,88.0
1944-07-24,,132000,132000,87.4
1944-07-25,,131000,131000,86.7
1944-07-26,,130000,130000,86.0
1944-07-27,,129000,129000,85.4
1944-07-28,,128000,128000,84.7
1944-07-29,,127000,127000,84.0
1944-07-30,,126000,126000,83.4
1944-07-31,,125000,125000,82.7
1944-08-01,,124000,124000,82.1
1944-08-02,,123000,123000,81.4
1944-08-03,,122000,122000,80.7
1944-08-04,,121000,121000,80.1
1944-08-05,,120000,120000,79.4
1944-08-06,,119000,119000,78.8
1944-08-07,,118000,118000,78.1
1944-08-08,,117000,117000,77.4
1944-08-09,,116000,116000,76.8
1944-08-10,,115000,115000,76.1
1944-08-11,,113000,113000,74.8
1944-08-12,,112000,112000,74.1
1944-08-13,,111000,111000,73.5
1944-08-14,,110000,110000,72.8
1944-08-15,,110000,110000,72.8
1944-08-16,,109000,109000,72.1
1944-08-17,,108000,108000,71.5
1944-08-18,,109000,109000,72.1
1944-08-19,,108000,108000,71.5
1944-08-20,,108000,108000,71.5
1944-08-21,,107000,107000,70.8
1944-08-22,,107000,107000,70.8
1944-08-23,,106000,106000,70.1
1944-08-24,,106000,106000,70.1
1944-08-25,,106000,106000,70.1
1944-08-26,,106000,106000,70.1
1944-08-27,,106000,106000,70.1
1944-08-28,,106000,106000,70.1
1944-08-29,,106000,106000,70.1
1944-08-30,,106000,106000,70.1
1944-08-31,,106000,106000,70.1
1944-09-01,,105000,105000,69.5
1944-09-02,,105000,105000,69.5
1944-09-03,,105000,105000,69.5
1944-09-04,,107000,107000,70.8
1944-09-05,,109000,109000,72.1
1944-09-06,,110000,110000,72.8
1944-09-07,,110000,110000,72.8
1944-09-08,,111000,111000,73.5
1944-09-09,,111000,111000,73.5
1944-09-10,,111000,111000,73.5
1944-09-11,,112000,112000,74.1
1944-09-12,,112000,112000,74.1
1944-09-13,,112000,112000,74.1
1944-09-14,,112000,112000,74.1
1944-09-15,,112000,112000,74.1
1944-09-16,,112000,112000,74.1
1944-09-17,,112000,112000,74.1
1944-09-18,,113000,113000,74.8
1944-09-19,,113000,113000,74.8
1944-09-20,,113000,113000,74.8
1944-09-21,,113000,113000,74.8
1944-09-22,,113000,113000,74.8
1944-09-23,,113000,113000,74.8
1944-09-24,,113000,113000,74.8
1944-09-25,,113000,113000,74.8
1944-09-26,,113000,113000,74.8
1944-09-27,,115000,115000,76.1
1944-09-28,,115000,115000,76.1
1944-09-29,,115000,115000,76.1
1944-09-30,,116000,116000,76.8
1944-10-01,,116000,116000,76.8
1944-10-02,,116000,116000,76.8
1944-10-03,,116000,116000,76.8
1944-10-04,,116000,116000,76.8
1944-10-05,,116000,116000,76.8
1944-10-06,,116000,116000,76.8
1944-10-07,,117000,117000,77.4
1944-10-08,,117000,117000,77.4
1944-10-09,,117000,117000,77.4
1944-10-10,,118000,118000,78.1
1944-10-11,,118000,118000,78.1
1944-10-12,,118000,118000,78.1
1944-10-13,,118000,118000,78.1
1944-10-14,,118000,118000,78.1
1944-10-15,,118000,118000,78.1
1944-10-16,,119000,119000,78.8
1944-10-17,,119000,119000,78.8
1944-10-18,,119000,119000,78.8
1944-10-19,,119000,119000,78.8
1944-10-20,,119000,119000,78.8
1944-10-21,,120000,120000,79.4
1944-10-22,,120000,120000,79.4
1944-10-23,,120000,120000,79.4
1944-10-24,,120000,120000,79.4
1944-10-25,,120000,120000,79.4
1944-10-26,,120000,120000,79.4
1944-10-27,,121000,121000,80.1
1944-10-28,,121000,121000,80.1
1944-10-29,,122000,122000,80.7
1944-10-30,,122000,122000,80.7
1944-10-31,,122000,122000,80.7
1944-11-01,,122000,122000,80.7
1944-11-02,,122000,122000,80.7
1944-11-03,,123000,123000,81.4
1944-11-04,,123000,123000,81.4
1944-11-05,,124000,124000,82.1
1944-11-06,,124000,124000,82.1
1944-11-07,,124000,124000,82.1
1944-11-08,,124000,124000,82.1
1944-11-09,,125000,125000,82.7
1944-11-10,,125000,125000,82.7
1944-11-11,,125000,125000,82.7
1944-11-12,,125000,125000,82.7
1944-11-13,,125000,125000,82.7
1944-11-14,,126000,126000,83.4
1944-11-15,,126000,126000,83.4
1944-11-16,,126000,126000,83.4
1944-11-17,,127000,127000,84.0
1944-11-18,,127000,127000,84.0
1944-11-19,,127000,127000,84.0
1944-11-20,,127000,127000,84.0
1944-11-21,,128000,128000,84.7
1944-11-22,,128000,128000,84.7
1944-11-23,,128000,128000,84.7
1944-11-24,,129000,129000,85.4
1944-11-25,,129000,129000,85.4
1944-11-26,,129000,129000,85.4
1944-11-27,,130000,130000,86.0
1944-11-28,,130000,130000,86.0
1944-11-29,,130000,130000,86.0
1944-11-30,,131000,131000,86.7
1944-12-01,,131000,131000,86.7
1944-12-02,,131000,131000,86.7
1944-12-03,,131000,131000,86.7
1944-12-04,,132000,132000,87.4
1944-12-05,,132000,132000,87.4
1944-12-06,,132000,132000,87.4
1944-12-07,,133000,133000,88.0
1944-12-08,,133000,133000,88.0
1944-12-09,,134000,134000,88.7
1944-12-10,,134000,134000,88.7
1944-12-11,,134000,134000,88.7
1944-12-12,,135000,135000,89.3
1944-12-13,,135000,135000,89.3
1944-12-14,,135000,135000,89.3
1944-12-15,,136000,136000,90.0
1944-12-16,,136000,136000,90.0
1944-12-17,,137000,137000,90.7
1944-12-18,,137000,137000,90.7
1944-12-19,,137000,137000,90.7
1944-12-20,,138000,138000,91.3
1944-12-21,,138000,138000,91.3
1944-12-22,,138000,138000,91.3
1944-12-23,,138000,138000,91.3
1944-12-24,,139000,139000,92.0
1944-12-25,,139000,139000,92.0
1944-12-26,,139000,139000,92.0
1944-12-27,,140000,140000,92.6
1944-12-28,,141000,141000,93.3
1944-12-29,,141000,141000,93.3
1944-12-30,,141000,141000,93.3
1944-12-31,,142000,142000,94.0
1945-01-01,,142000,142000,94.0
1945-01-02,,143000,143000,94.6
1945-01-03,,143000,143000,94.6
1945-01-04,,143000,143000,94.6
1945-01-05,,144000,144000,95.3
1945-01-06,,144000,144000,95.3
1945-01-07,,145000,145000,96.0
1945-01-08,,145000,145000,96.0
1945-01-09,,146000,146000,96.6
1945-01-10,,146000,146000,96.6
1945-01-11,,147000,147000,97.3
1945-01-12,,147000,147000,97.3
1945-01-13,,147000,147000,97.3
1945-01-14,,148000,148000,97.9
1945-01-15,,148000,148000,97.9
1945-01-16,,148000,148000,97.9
1945-01-17,,149000,149000,98.6
1945-01-18,,150000,150000,99.3
1945-01-19,,150000,150000,99.3
1945-01-20,,151000,151000,99.9
1945-01-21,,151000,151000,99.9
1945-01-22,,151000,151000,99.9
1945-01-23,,151000,151000,99.9
1945-01-24,,152000,152000,100.0
1945-01-25,,152000,152000,100.0
1945-01-26,,153000,153000,100.0
1945-01-27,,153000,153000,100.0
1945-01-28,,154000,154000,100.0
1945-01-29,,154000,154000,100.0
1945-01-30,,155000,155000,100.0
1945-01-31,,155000,155000,100.0
1945-02-01,,155000,155000,100.0
1945-02-02,,156000,156000,100.0
1945-02-03,,156000,156000,100.0
1945-02-04,,157000,157000,100.0
1945-02-05,,157000,157000,100.0
1945-02-06,,158000,158000,100.0
1945-02-07,,158000,158000,100.0
1945-02-08,,158000,158000,100.0
1945-02-09,,159000,159000,100.0
1945-02-10,,159000,159000,100.0
1945-02-11,,159000,159000,100.0
1945-02-12,,159000,159000,100.0
1945-02-13,,159000,159000,100.0
1945-02-14,,159000,159000,100.0
1945-02-15,,159000,159000,100.0
1945-02-16,,159000,159000,100.0
1945-02-17,,159000,159000,100.0
1945-02-18,,158000,158000,100.0
1945-02-19,,158000,158000,100.0
1945-02-20,,157000,157000,100.0
1945-02-21,,157000,157000,100.0
1945-02-22,,156000,156000,100.0
1945-02-23,,156000,156000,100.0
1945-02-24,,156000,156000,100.0
1945-02-25,,155000,155000,100.0
1945-02-26,,155000,155000,100.0
1945-02-27,,155000,155000,100.0
1945-02-28,,156000,156000,100.0
1945-03-01,,156000,156000,100.0
1945-03-02,,156000,156000,100.0
1945-03-03,,156000,156000,100.0
1945-03-04,,156000,156000,100.0
1945-03-05,,155000,155000,100.0
1945-03-06,,155000,155000,100.0
1945-03-07,,155000,155000,100.0
1945-03-08,,154000,154000,100.0
1945-03-09,,154000,154000,100.0
1945-03-10,,154000,154000,100.0
1945-03-11,,154000,154000,100.0
1945-03-12,,154000,154000,100.0
1945-03-13,,153000,153000,100.0
1945-03-14,,153000,153000,100.0
1945-03-15,,152000,152000,100.0
1945-03-16,,152000,152000,100.0
1945-03-17,,152000,152000,100.0
1945-03-18,,151000,151000,99.9
1945-03-19,,151000,151000,99.9
1945-03-20,,150000,150000,99.3
1945-03-21,,150000,150000,99.3
1945-03-22,,149000,149000,98.6
1945-03-23,,148000,148000,97.9
1945-03-24,,148000,148000,97.9
1945-03-25,,147000,147000,97.3
1945-03-26,,146000,146000,96.6
1945-03-27,,146000,146000,96.6
1945-03-28,,145000,145000,96.0
1945-03-29,,144000,144000,95.3
1945-03-30,,144000,144000,95.3
1945-03-31,,144000,144000,95.3
1945-04-01,,143000,143000,94.6
1945-04-02,,143000,143000,94.6
1945-04-03,,143000,143000,94.6
1945-04-04,,142000,142000,94.0
1945-04-05,,142000,142000,94.0
1945-04-06,,142000,142000,94.0
1945-04-07,,141000,141000,93.3
1945-04-08,,141000,141000,93.3
1945-04-09,,141000,141000,93.3
1945-04-10,,141000,141000,93.3
1945-04-11,,141000,141000,93.3
1945-04-12,,141000,141000,93.3
1945-04-13,,139000,139000,92.0
1945-04-14,,138000,138000,91.3
1945-04-15,,137000,137000,90.7
1945-04-16,,136000,136000,90.0
1945-04-17,,135000,135000,89.3
1945-04-18,,135000,135000,89.3
1945-04-19,,134000,134000,88.7
1945-04-20,,133000,133000,88.0
1945-04-21,,132000,132000,87.4
1945-04-22,,131000,131000,86.7
1945-04-23,,130000,130000,86.0
1945-04-24,,129000,129000,85.4
1945-04-25,,128000,128000,84.7
1945-04-26,,127000,127000,84.0
1945-04-27,,127000,127000,84.0
1945-04-28,,126000,126000,83.4
1945-04-29,,125000,125000,82.7
1945-04-30,,124000,124000,82.1
1945-05-01,,124000,124000,82.1
1945-05-02,,123000,123000,81.4
1945-05-03,,122000,122000,80.7
1945-05-04,,121000,121000,80.1
1945-05-05,,120000,120000,79.4
1945-05-06,,120000,120000,79.4
1945-05-07,,119000,119000,78.8
1945-05-08,,118000,118000,78.1
1945-05-09,,118000,118000,78.1
1945-05-10,,117000,117000,77.4
1945-05-11,,116000,116000,76.8
1945-05-12,,115000,115000,76.1
1945-05-13,,115000,115000,76.1
1945-05-14,,114000,114000,75.4
1945-05-15,,113000,113000,74.8
1945-05-16,,112000,112000,74.1
1945-05-17,,112000,112000,74.1
1945-05-18,,111000,111000,73.5
1945-05-19,,111000,111000,73.5
1945-05-20,,110000,110000,72.8
1945-05-21,,109000,109000,72.1
1945-05-22,,108000,108000,71.5
1945-05-23,,108000,108000,71.5
1945-05-24,,107000,107000,70.8
1945-05-25,,107000,107000,70.8
1945-05-26,,106000,106000,70.1
1945-05-27,,106000,106000,70.1
1945-05-28,,105000,105000,69.5
1945-05-29,,105000,105000,69.5
1945-05-30,,104000,104000,68.8
1945-05-31,,103000,103000,68.2
1945-06-01,,102000,102000,67.5
1945-06-02,,102000,102000,67.5
1945-06-03,,101000,101000,66.8
1945-06-04,,100000,100000,66.2
1945-06-05,,99000,99000,65.5
1945-06-06,,99000,99000,65.5
1945-06-07,,98000,98000,64.9
1945-06-08,,97000,97000,64.2
1945-06-09,,96000,96000,63.5
1945-06-10,,96000,96000,63.5
1945-06-11,,95000,95000,62.9
1945-06-12,,94000,94000,62.2
1945-06-13,,93000,93000,61.5
1945-06-14,,92000,92000,60.9
1945-06-15,,92000,92000,60.9
1945-06-16,,90000,90000,59.6
1945-06-17,,89000,89000,58.9
1945-06-18,,88000,88000,58.2
1945-06-19,,87000,87000,57.6
1945-06-20,,86000,86000,56.9
1945-06-21,,85000,85000,56.3
1945-06-22,,85000,85000,56.3
1945-06-23,,83000,83000,54.9
1945-06-24,,82000,82000,54.3
1945-06-25,,81000,81000,53.6
1945-06-26,,80000,80000,52.9
1945-06-27,,79000,79000,52.3
1945-06-28,,78000,78000,51.6
1945-06-29,,78000,78000,51.6
1945-06-30,,77000,77000,51.0
1945-07-01,,77000,77000,51.0
1945-07-02,,77000,77000,51.0
1945-07-03,,77000,77000,51.0
1945-07-04,,79000,79000,52.3
1945-07-05,,80000,80000,52.9
1945-07-06,,80000,80000,52.9
1945-07-07,,81000,81000,53.6
1945-07-08,,81000,81000,53.6
1945-07-09,,81000,81000,53.6
1945-07-10,,80000,80000,52.9
1945-07-11,,80000,80000,52.9
1945-07-12,,79000,79000,52.3
1945-07-13,,78000,78000,51.6
1945-07-14,,77000,77000,51.0
1945-07-15,,77000,77000,51.0
1945-07-16,,77000,77000,51.0
1945-07-17,,76000,76000,50.3
1945-07-18,,75000,75000,49.6
1945-07-19,,75000,75000,49.6
1945-07-20,,74000,74000,49.0
1945-07-21,,73000,73000,48.3
1945-07-22,,72000,72000,47.6
1945-07-23,,71000,71000,47.0
1945-07-24,,70000,70000,46.3
1945-07-25,,69000,69000,45.7
1945-07-26,,68000,68000,45.0
1945-07-27,,67000,67000,44.3
1945-07-28,,65000,65000,43.0
1945-07-29,,65000,65000,43.0
1945-07-30,,64000,64000,42.4
1945-07-31,,62000,62000,41.0
1945-08-01,,61000,61000,40.4
1945-08-02,,60000,60000,39.7
1945-08-03,,59000,59000,39.0
1945-08-04,,58000,58000,38.4
1945-08-05,,56000,56000,37.1
1945-08-06,,55000,55000,36.4
1945-08-07,,54000,54000,35.7
1945-08-08,,53000,53000,35.1
1945-08-09,,52000,52000,34.4
1945-08-10,,50000,50000,33.1
1945-08-11,,49000,49000,32.4
1945-08-12,,48000,48000,31.8
1945-08-13,,47000,47000,31.1
1945-08-14,,46000,46000,30.4
1945-08-15,,44000,44000,29.1
1945-08-16,,43000,43000,28.5
1945-08-17,,42000,42000,27.8
1945-08-18,,41000,41000,27.1
1945-08-19,,40000,40000,26.5
1945-08-20,,38000,38000,25.1
1945-08-21,,37000,37000,24.5
1945-08-22,,44000,44000,29.1
1945-08-23,,45000,45000,29.8
1945-08-24,,44000,44000,29.1
1945-08-25,,44000,44000,29.1
1945-08-26,,43000,43000,28.5
1945-08-27,,42000,42000,27.8
1945-08-28,,41000,41000,27.1
1945-08-29,,40000,40000,26.5
1945-08-30,,39000,39000,25.8
1945-08-31,,39000,39000,25.8
1945-09-01,,38000,38000,25.1
1945-09-02,,37000,37000,24.5
1945-09-03,,36000,36000,23.8
1945-09-04,,35000,35000,23.2
1945-09-05,,35000,35000,23.2
1945-09-06,,34000,34000,22.5
1945-09-07,,33000,33000,21.8
1945-09-08,,33000,33000,21.8
1945-09-09,,32000,32000,21.2
1945-09-10,,32000,32000,21.2
1945-09-11,,31000,31000,20.5
1945-09-12,,31000,31000,20.5
1945-09-13,,30000,30000,19.9
1945-09-14,,30000,30000,19.9
1945-09-15,,30000,30000,19.9
1945-09-16,,30000,30000,19.9
1945-09-17,,29000,29000,19.2
1945-09-18,,29000,29000,19.2
1945-09-19,,29000,29000,19.2
1945-09-20,,29000,29000,19.2
1945-09-21,,29000,29000,19.2
1945-09-22,,29000,29000,19.2
1945-09-23,,28000,28000,18.5
1945-09-24,,28000,28000,18.5
1945-09-25,,28000,28000,18.5
1945-09-26,,28000,28000,18.5
1945-09-27,,28000,28000,18.5
1945-09-28,,28000,28000,18.5
1945-09-29,,28000,28000,18.5
1945-09-30,,28000,28000,18.5
1945-10-01,,28000,28000,18.5
1945-10-02,,28000,28000,18.5
1945-10-03,,29000,29000,19.2
1945-10-04,,29000,29000,19.2
1945-10-05,,30000,30000,19.9
1945-10-06,,30000,30000,19.9
1945-10-07,,30000,30000,19.9
1945-10-08,,31000,31000,20.5
1945-10-09,,31000,31000,20.5
1945-10-10,,32000,32000,21.2
1945-10-11,,33000,33000,21.8
1945-10-12,,35000,35000,23.2
1945-10-13,,35000,35000,23.2
1945-10-14,,36000,36000,23.8
1945-10-15,,36000,36000,23.8
1945-10-16,,36000,36000,23.8
1945-10-17,,35000,35000,23.2
1945-10-18,,35000,35000,23.2
1945-10-19,,35000,35000,23.2
1945-10-20,,35000,35000,23.2
1945-10-21,,35000,35000,23.2
1945-10-22,,35000,35000,23.2
1945-10-23,,36000,36000,23.8
1945-10-24,,36000,36000,23.8
1945-10-25,,36000,36000,23.8
1945-10-26,,36000,36000,23.8
1945-10-27,,37000,37000,24.5
1945-10-28,,37000,37000,24.5
1945-10-29,,37000,37000,24.5
1945-10-30,,37000,37000,24.5
1945-10-31,,38000,38000,25.1
1945-11-01,,38000,38000,25.1
1945-11-02,,38000,38000,25.1
1945-11-03,,38000,38000,25.1
1945-11-04,,38000,38000,25.1
1945-11-05,,38000,38000,25.1
1945-11-06,,38000,38000,25.1
1945-11-07,,39000,39000,25.8
1945-11-08,,39000,39000,25.8
1945-11-09,,39000,39000,25.8
1945-11-10,,39000,39000,25.8
1945-11-11,,39000,39000,25.8
1945-11-12,,39000,39000,25.8
1945-11-13,,40000,40000,26.5
1945-11-14,,40000,40000,26.5
1945-11-15,,40000,40000,26.5
1945-11-16,,40000,40000,26.5
1945-11-17,,40000,40000,26.5
1945-11-18,,41000,41000,27.1
1945-11-19,,41000,41000,27.1
1945-11-20,,41000,41000,27.1
1945-11-21,,41000,41000,27.1
1945-11-22,,41000,41000,27.1
1945-11-23,,41000,41000,27.1
1945-11-24,,42000,42000,27.8
1945-11-25,,42000,42000,27.8
1945-11-26,,42000,42000,27.8
1945-11-27,,42000,42000,27.8
1945-11-28,,42000,42000,27.8
1945-11-29,,42000,42000,27.8
1945-11-30,,43000,43000,28.5
1945-12-01,,43000,43000,28.5
1945-12-02,,43000,43000,28.5
1945-12-03,,43000,43000,28.5
1945-12-04,,43000,43000,28.5
1945-12-05,,43000,43000,28.5
1945-12-06,,43000,43000,28.5
1945-12-07,,43000,43000,28.5
1945-12-08,,43000,43000,28.5
1945-12-09,,43000,43000,28.5
1945-12-10,,44000,44000,29.1
1945-12-11,,44000,44000,29.1
1945-12-12,,44000,44000,29.1
1945-12-13,,44000,44000,29.1
1945-12-14,,45000,45000,29.8
1945-12-15,,45000,45000,29.8
1945-12-16,,45000,45000,29.8
1945-12-17,,46000,46000,30.4
1945-12-18,,46000,46000,30.4
1945-12-19,,46000,46000,30.4
1945-12-20,,46000,46000,30.4
1945-12-21,,47000,47000,31.1
1945-12-22,,47000,47000,31.1
1945-12-23,,47000,47000,31.1
1945-12-24,,47000,47000,31.1
1945-12-25,,47000,47000,31.1
1945-12-26,,48000,48000,31.8
1945-12-27,,48000,48000,31.8
1945-12-28,,48000,48000,31.8
1945-12-29,,48000,48000,31.8
1945-12-30,,48000,48000,31.8
1945-12-31,,49000,49000,32.4
1946-01-01,,49000,49000,32.4
1946-01-02,,49000,49000,32.4
1946-01-03,,49000,49000,32.4
1946-01-04,,50000,50000,33.1
1946-01-05,,50000,50000,33.1
1946-01-06,,50000,50000,33.1
1946-01-07,,51000,51000,33.8
1946-01-08,,51000,51000,33.8
1946-01-09,,51000,51000,33.8
1946-01-10,,52000,52000,34.4
1946-01-11,,52000,52000,34.4
1946-01-12,,52000,52000,34.4
1946-01-13,,53000,53000,35.1
1946-01-14,,53000,53000,35.1
1946-01-15,,53000,53000,35.1
1946-01-16,,53000,53000,35.1
1946-01-17,,54000,54000,35.7
1946-01-18,,54000,54000,35.7
1946-01-19,,54000,54000,35.7
1946-01-20,,54000,54000,35.7
1946-01-21,,55000,55000,36.4
1946-01-22,,55000,55000,36.4
1946-01-23,,55000,55000,36.4
1946-01-24,,55000,55000,36.4
1946-01-25,,56000,56000,37.1
1946-01-26,,56000,56000,37.1
1946-01-27,,56000,56000,37.1
1946-01-28,,56000,56000,37.1
1946-01-29,,56000,56000,37.1
1946-01-30,,56000,56000,37.1
1946-01-31,,57000,57000,37.7
1946-02-01,,58000,58000,38.4
1946-02-02,,58000,58000,38.4
1946-02-03,,58000,58000,38.4
1946-02-04,,59000,59000,39.0
1946-02-05,,59000,59000,39.0
1946-02-06,,59000,59000,39.0
1946-02-07,,59000,59000,39.0
1946-02-08,,60000,60000,39.7
1946-02-09,,60000,60000,39.7
1946-02-10,,60000,60000,39.7
1946-02-11,,60000,60000,39.7
1946-02-12,,60000,60000,39.7
1946-02-13,,61000,61000,40.4
1946-02-14,,61000,61000,40.4
1946-02-15,,61000,61000,40.4
1946-02-16,,61000,61000,40.4
1946-02-17,,61000,61000,40.4
1946-02-18,,61000,61000,40.4
1946-02-19,,61000,61000,40.4
1946-02-20,,61000,61000,40.4
1946-02-21,,61000,61000,40.4
1946-02-22,,61000,61000,40.4
1946-02-23,,61000,61000,40.4
1946-02-24,,61000,61000,40.4
1946-02-25,,61000,61000,40.4
1946-02-26,,61000,61000,40.4
1946-02-27,,60000,60000,39.7
1946-02-28,,60000,60000,39.7
1946-03-01,,60000,60000,39.7
1946-03-02,,60000,60000,39.7
1946-03-03,,61000,61000,40.4
1946-03-04,,61000,61000,40.4
1946-03-05,,61000,61000,40.4
1946-03-06,,61000,61000,40.4
1946-03-07,,61000,61000,40.4
1946-03-08,,61000,61000,40.4
1946-03-09,,61000,61000,40.4
1946-03-10,,61000,61000,40.4
1946-03-11,,61000,61000,40.4
1946-03-12,,61000,61000,40.4
1946-03-13,,61000,61000,40.4
1946-03-14,,61000,61000,40.4
1946-03-15,,61000,61000,40.4
1946-03-16,,60000,60000,39.7
1946-03-17,,60000,60000,39.7
1946-03-18,,60000,60000,39.7
1946-03-19,,60000,60000,39.7
1946-03-20,,60000,60000,39.7
1946-03-21,,60000,60000,39.7
1946-03-22,,60000,60000,39.7
1946-03-23,,59000,59000,39.0
1946-03-24,,59000,59000,39.0
1946-03-25,,58000,58000,38.4
1946-03-26,,57000,57000,37.7
1946-03-27,,57000,57000,37.7
1946-03-28,,57000,57000,37.7
1946-03-29,,57000,57000,37.7
1946-03-30,,57000,57000,37.7
1946-03-31,,57000,57000,37.7
1946-04-01,,57000,57000,37.7
1946-04-02,,56000,56000,37.1
1946-04-03,,55000,55000,36.4
1946-04-04,,55000,55000,36.4
1946-04-05,,54000,54000,35.7
1946-04-06,,53000,53000,35.1
1946-04-07,,53000,53000,35.1
1946-04-08,,52000,52000,34.4
1946-04-09,,51000,51000,33.8
1946-04-10,,50000,50000,33.1
1946-04-11,,49000,49000,32.4
1946-04-12,,49000,49000,32.4
1946-04-13,,48000,48000,31.8
1946-04-14,,47000,47000,31.1
1946-04-15,,46000,46000,30.4
1946-04-16,,45000,45000,29.8
1946-04-17,,44000,44000,29.1
1946-04-18,,43000,43000,28.5
1946-04-19,,43000,43000,28.5
1946-04-20,,42000,42000,27.8
1946-04-21,,41000,41000,27.1
1946-04-22,,41000,41000,27.1
1946-04-23,,40000,40000,26.5
1946-04-24,,40000,40000,26.5
1946-04-25,,39000,39000,25.8
1946-04-26,,39000,39000,25.8
1946-04-27,,38000,38000,25.1
1946-04-28,,37000,37000,24.5
1946-04-29,,36000,36000,23.8
1946-04-30,,35000,35000,23.2
1946-05-01,,34000,34000,22.5
1946-05-02,,34000,34000,22.5
1946-05-03,,33000,33000,21.8
1946-05-04,,33000,33000,21.8
1946-05-05,,32000,32000,21.2
1946-05-06,,32000,32000,21.2
1946-05-07,,32000,32000,21.2
1946-05-08,,31000,31000,20.5
1946-05-09,,31000,31000,20.5
1946-05-10,,30000,30000,19.9
1946-05-11,,30000,30000,19.9
1946-05-12,,29000,29000,19.2
1946-05-13,,29000,29000,19.2
1946-05-14,,29000,29000,19.2
1946-05-15,,28000,28000,18.5
1946-05-16,,28000,28000,18.5
1946-05-17,,28000,28000,18.5
1946-05-18,,28000,28000,18.5
1946-05-19,,27000,27000,17.9
1946-05-20,,27000,27000,17.9
1946-05-21,,27000,27000,17.9
1946-05-22,,27000,27000,17.9
1946-05-23,,27000,27000,17.9
1946-05-24,,27000,27000,17.9
1946-05-25,,27000,27000,17.9
1946-05-26,,28000,28000,18.5
1946-05-27,,28000,28000,18.5
1946-05-28,,28000,28000,18.5
1946-05-29,,28000,28000,18.5
1946-05-30,,28000,28000,18.5
1946-05-31,,28000,28000,18.5
1946-06-01,,28000,28000,18.5
1946-06-02,,28000,28000,18.5
1946-06-03,,28000,28000,18.5
1946-06-04,,28000,28000,18.5
1946-06-05,,28000,28000,18.5
1946-06-06,,28000,28000,18.5
1946-06-07,,28000,28000,18.5
1946-06-08,,28000,28000,18.5
1946-06-09,,28000,28000,18.5
1946-06-10,,28000,28000,18.5
1946-06-11,,28000,28000,18.5
1946-06-12,,28000,28000,18.5
1946-06-13,,28000,28000,18.5
1946-06-14,,28000,28000,18.5
1946-06-15,,28000,28000,18.5
1946-06-16,,28000,28000,18.5
1946-06-17,,28000,28000,18.5
1946-06-18,,28000,28000,18.5
1946-06-19,,27000,27000,17.9
1946-06-20,,27000,27000,17.9
1946-06-21,,27000,27000,17.9
1946-06-22,,27000,27000,17.9
1946-06-23,,27000,27000,17.9
1946-06-24,,27000,27000,17.9
1946-06-25,,27000,27000,17.9
1946-06-26,,27000,27000,17.9
1946-06-27,,27000,27000,17.9
1946-06-28,,27000,27000,17.9
1946-06-29,,27000,27000,17.9
1946-06-30,,27000,27000,17.9
1946-07-01,,27000,27000,17.9
1946-07-02,,27000,27000,17.9
1946-07-03,,27000,27000,17.9
1946-07-04,,27000,27000,17.9
1946-07-05,,27000,27000,17.9
1946-07-06,,27000,27000,17.9
1946-07-07,,27000,27000,17.9
1946-07-08,,27000,27000,17.9
1946-07-09,,27000,27000,17.9
1946-07-10,,27000,27000,17.9
1946-07-11,,27000,27000,17.9
1946-07-12,,26000,26000,17.2
1946-07-13,,26000,26000,17.2
1946-07-14,,25000,25000,16.5
1946-07-15,,25000,25000,16.5
1946-07-16,,24000,24000,15.9
1946-07-17,,23000,23000,15.2
1946-07-18,,22000,22000,14.6
1946-07-19,,22000,22000,14.6
1946-07-20,,21000,21000,13.9
1946-07-21,,20000,20000,13.2
1946-07-22,,19000,19000,12.6
1946-07-23,,18000,18000,11.9
1946-07-24,,17000,17000,11.3
1946-07-25,,16000,16000,10.6
1946-07-26,,15000,15000,9.9
1946-07-27,,15000,15000,9.9
1946-07-28,,14000,14000,9.3
1946-07-29,,14000,14000,9.3
1946-07-30,,14000,14000,9.3
1946-07-31,,14000,14000,9.3
1946-08-01,,14000,14000,9.3
1946-08-02,,14000,14000,9.3
1946-08-03,,14000,14000,9.3
1946-08-04,,14000,14000,9.3
1946-08-05,,14000,14000,9.3
1946-08-06,,14000,14000,9.3
1946-08-07,,13000,13000,8.6
1946-08-08,,13000,13000,8.6
1946-08-09,,13000,13000,8.6
1946-08-10,,13000,13000,8.6
1946-08-11,,13000,13000,8.6
1946-08-12,,13000,13000,8.6
1946-08-13,,13000,13000,8.6
1946-08-14,,13000,13000,8.6
1946-08-15,,13000,13000,8.6
1946-08-16,,12000,12000,7.9
1946-08-17,,12000,12000,7.9
1946-08-18,,12000,12000,7.9
1946-08-19,,12000,12000,7.9
1946-08-20,,13000,13000,8.6
1946-08-21,,13000,13000,8.6
1946-08-22,,13000,13000,8.6
1946-08-23,,13000,13000,8.6
1946-08-24,,13000,13000,8.6
1946-08-25,,13000,13000,8.6
1946-08-26,,13000,13000,8.6
1946-08-27,,13000,13000,8.6
1946-08-28,,14000,14000,9.3
1946-08-29,,15000,15000,9.9
1946-08-30,,16000,16000,10.6
1946-08-31,,17000,17000,11.3
1946-09-01,,17000,17000,11.3
1946-09-02,,17000,17000,11.3
1946-09-03,,17000,17000,11.3
1946-09-04,,17000,17000,11.3
1946-09-05,,17000,17000,11.3
1946-09-06,,17000,17000,11.3
1946-09-07,,17000,17000,11.3
1946-09-08,,17000,17000,11.3
1946-09-09,,17000,17000,11.3
1946-09-10,,17000,17000,11.3
1946-09-11,,17000,17000,11.3
1946-09-12,,17000,17000,11.3
1946-09-13,,17000,17000,11.3
1946-09-14,,17000,17000,11.3
1946-09-15,,17000,17000,11.3
1946-09-16,,17000,17000,11.3
1946-09-17,,17000,17000,11.3
1946-09-18,,19000,19000,12.6
1946-09-19,,21000,21000,13.9
1946-09-20,,23000,23000,15.2
1946-09-21,,25000,25000,16.5
1946-09-22,,26000,26000,17.2
1946-09-23,,26000,26000,17.2
1946-09-24,,27000,27000,17.9
1946-09-25,,27000,27000,17.9
1946-09-26,,28000,28000,18.5
1946-09-27,,28000,28000,18.5
1946-09-28,,29000,29000,19.2
1946-09-29,,29000,29000,19.2
1946-09-30,,29000,29000,19.2
1946-10-01,,29540,29540,19.5
1946-10-02,,29700,29700,19.7
1946-10-03,,30000,30000,19.9
1946-10-04,,30300,30300,20.1
1946-10-05,,32720,32720,21.7
1946-10-06,,34620,34620,22.9
1946-10-07,,35280,35280,23.3
1946-10-08,,35720,35720,23.6
1946-10-09,,35720,35720,23.6
1946-10-10,,36160,36160,23.9
1946-10-11,,36300,36300,24.0
1946-10-12,,36500,36500,24.2
1946-10-13,,36700,36700,24.3
1946-10-14,,37080,37080,24.5
1946-10-15,,37300,37300,24.7
1946-10-16,,37560,37560,24.9
1946-10-17,,38040,38040,25.2
1946-10-18,,38400,38400,25.4
1946-10-19,,38800,38800,25.7
1946-10-20,,39100,39100,25.9
1946-10-21,,39500,39500,26.1
1946-10-22,,40000,40000,26.5
1946-10-23,,40500,40500,26.8
1946-10-24,,41000,41000,27.1
1946-10-25,,41400,41400,27.4
1946-10-26,,41800,41800,27.7
1946-10-27,,42200,42200,27.9
1946-10-28,,42500,42500,28.1
1946-10-29,,42750,42750,28.3
1946-10-30,,43000,43000,28.5
1946-10-31,,43250,43250,28.6
1946-11-01,,43600,43600,28.9
1946-11-02,,44000,44000,29.1
1946-11-03,,44500,44500,29.4
1946-11-04,,45000,45000,29.8
1946-11-05,,45400,45400,30.0
1946-11-06,,45800,45800,30.3
1946-11-07,,46200,46200,30.6
1946-11-08,,46700,46700,30.9
1946-11-09,,47200,47200,31.2
1946-11-10,,47700,47700,31.6
1946-11-11,,48200,48200,31.9
1946-11-12,,48700,48700,32.2
1946-11-13,,49100,49100,32.5
1946-11-14,,49500,49500,32.8
1946-11-15,,49900,49900,33.0
1946-11-16,,50300,50300,33.3
1946-11-17,,50700,50700,33.6
1946-11-18,,51100,51100,33.8
1946-11-19,,51500,51500,34.1
1946-11-20,,51900,51900,34.3
1946-11-21,,52200,52200,34.5
1946-11-22,,52500,52500,34.7
1946-11-23,,52800,52800,34.9
1946-11-24,,53000,53000,35.1
1946-11-25,,53000,53000,35.1
1946-11-26,,53000,53000,35.1
1946-11-27,,54000,54000,35.7
1946-11-28,,55000,55000,36.4
1946-11-29,,55800,55800,36.9
1946-11-30,,56150,56150,37.2
1946-12-01,,56500,56500,37.4
1946-12-02,,56500,56500,37.4
1946-12-03,,56500,56500,37.4
1946-12-04,,56850,56850,37.6
1946-12-05,,56500,56500,37.4
1946-12-06,,56850,56850,37.6
1946-12-07,,57200,57200,37.9
1946-12-08,,57200,57200,37.9
1946-12-09,,57550,57550,38.1
1946-12-10,,57900,57900,38.3
1946-12-11,,58250,58250,38.5
1946-12-12,,58600,58600,38.8
1946-12-13,,58950,58950,39.0
1946-12-14,,59300,59300,39.2
1946-12-15,,59300,59300,39.2
1946-12-16,,59650,59650,39.5
1946-12-17,,60000,60000,39.7
1946-12-18,,60000,60000,39.7
1946-12-19,,60350,60350,39.9
1946-12-20,,60350,60350,39.9
1946-12-21,,60700,60700,40.2
1946-12-22,,61050,61050,40.4
1946-12-23,,61400,61400,40.6
1946-12-24,,61400,61400,40.6
1946-12-25,,61750,61750,40.9
1946-12-26,,62100,62100,41.1
1946-12-27,,62100,62100,41.1
1946-12-28,,62450,62450,41.3
1946-12-29,,62450,62450,41.3
1946-12-30,,62800,62800,41.6
1946-12-31,,62800,62800,41.6
1947-01-01,,63150,63150,41.8
1947-01-02,,63300,63300,41.9
1947-01-03,,63500,63500,42.0
1947-01-04,,63500,63500,42.0
1947-01-05,,64000,64000,42.4
1947-01-06,,64500,64500,42.7
1947-01-07,,65100,65100,43.1
1947-01-08,,65700,65700,43.5
1947-01-09,,66300,66300,43.9
1947-01-10,,66700,66700,44.1
1947-01-11,,67500,67500,44.7
1947-01-12,,67900,67900,44.9
1947-01-13,,68300,68300,45.2
1947-01-14,,68700,68700,45.5
1947-01-15,,69500,69500,46.0
1947-01-16,,69900,69900,46.3
1947-01-17,,70300,70300,46.5
1947-01-18,,70700,70700,46.8
1947-01-19,,71100,71100,47.1
1947-01-20,,71500,71500,47.3
1947-01-21,,71900,71900,47.6
1947-01-22,,72300,72300,47.8
1947-01-23,,72700,72700,48.1
1947-01-24,,73100,73100,48.4
1947-01-25,,73500,73500,48.6
1947-01-26,,73900,73900,48.9
1947-01-27,,74300,74300,49.2
1947-01-28,,74700,74700,49.4
1947-01-29,,75100,75100,49.7
1947-01-30,,75500,75500,50.0
1947-01-31,,75950,75950,50.3
1947-02-01,,76400,76400,50.6
1947-02-02,,76400,76400,50.6
1947-02-03,,77300,77300,51.2
1947-02-04,,77300,77300,51.2
1947-02-05,,77300,77300,51.2
1947-02-06,,77750,77750,51.5
1947-02-07,,78200,78200,51.8
1947-02-08,,78650,78650,52.0
1947-02-09,,79100,79100,52.3
1947-02-10,,79550,79550,52.6
1947-02-11,,80000,80000,52.9
1947-02-12,,80000,80000,52.9
1947-02-13,,80450,80450,53.2
1947-02-14,,80600,80600,53.3
1947-02-15,,80900,80900,53.5
1947-02-16,,80900,80900,53.5
1947-02-17,,81350,81350,53.8
1947-02-18,,81600,81600,54.0
1947-02-19,,81800,81800,54.1
1947-02-20,,81800,81800,54.1
1947-02-21,,82250,82250,54.4
1947-02-22,,82250,82250,54.4
1947-02-23,,82500,82500,54.6
1947-02-24,,82700,82700,54.7
1947-02-25,,82700,82700,54.7
1947-02-26,,82700,82700,54.7
1947-02-27,,83150,83150,55.0
1947-02-28,,82700,82700,54.7
1947-03-01,,82700,82700,54.7
1947-03-02,,82700,82700,54.7
1947-03-03,,83150,83150,55.0
1947-03-04,,83150,83150,55.0
1947-03-05,,83400,83400,55.2
1947-03-06,,83800,83800,55.5
1947-03-07,,84050,84050,55.6
1947-03-08,,84050,84050,55.6
1947-03-09,,84500,84500,55.9
1947-03-10,,84500,84500,55.9
1947-03-11,,84950,84950,56.2
1947-03-12,,84950,84950,56.2
1947-03-13,,85400,85400,56.5
1947-03-14,,85400,85400,56.5
1947-03-15,,85400,85400,56.5
1947-03-16,,85850,85850,56.8
1947-03-17,,85800,85800,56.8
1947-03-18,,85850,85850,56.8
1947-03-19,,85850,85850,56.8
1947-03-20,,85400,85400,56.5
1947-03-21,,85400,85400,56.5
1947-03-22,,85400,85400,56.5
1947-03-23,,85000,85000,56.3
1947-03-24,,84500,84500,55.9
1947-03-25,,84050,84050,55.6
1947-03-26,,83150,83150,55.0
1947-03-27,,82700,82700,54.7
1947-03-28,,81800,81800,54.1
1947-03-29,,81350,81350,53.8
1947-03-30,,80400,80400,53.2
1947-03-31,,79550,79550,52.6
1947-04-01,,78650,78650,52.0
1947-04-02,,77750,77750,51.5
1947-04-03,,75950,75950,50.3
1947-04-04,,75500,75500,50.0
1947-04-05,,74300,74300,49.2
1947-04-06,,73100,73100,48.4
1947-04-07,,72300,72300,47.8
1947-04-08,,71500,71500,47.3
1947-04-09,,70700,70700,46.8
1947-04-10,,69500,69500,46.0
1947-04-11,,68300,68300,45.2
1947-04-12,,67500,67500,44.7
1947-04-13,,66300,66300,43.9
1947-04-14,,65100,65100,43.1
1947-04-15,,63500,63500,42.0
1947-04-16,,62800,62800,41.6
1947-04-17,,62100,62100,41.1
1947-04-18,,61050,61050,40.4
1947-04-19,,60000,60000,39.7
1947-04-20,,59000,59000,39.0
1947-04-21,,57900,57900,38.3
1947-04-22,,57200,57200,37.9
1947-04-23,,56100,56100,37.1
1947-04-24,,55100,55100,36.5
1947-04-25,,54050,54050,35.8
1947-04-26,,53000,53000,35.1
1947-04-27,,52100,52100,34.5
1947-04-28,,51200,51200,33.9
1947-04-29,,50300,50300,33.3
1947-04-30,,49400,49400,32.7
1947-05-01,,48800,48800,32.3
1947-05-02,,47600,47600,31.5
1947-05-03,,47000,47000,31.1
1947-05-04,,46400,46400,30.7
1947-05-05,,45500,45500,30.1
1947-05-06,,44600,44600,29.5
1947-05-07,,44000,44000,29.1
1947-05-08,,43500,43500,28.8
1947-05-09,,43250,43250,28.6
1947-05-10,,42750,42750,28.3
1947-05-11,,42750,42750,28.3
1947-05-12,,42500,42500,28.1
1947-05-13,,42500,42500,28.1
1947-05-14,,42250,42250,28.0
1947-05-15,,42250,42250,28.0
1947-05-16,,42500,42500,28.1
1947-05-17,,42750,42750,28.3
1947-05-18,,43000,43000,28.5
1947-05-19,,43000,43000,28.5
1947-05-20,,43200,43200,28.6
1947-05-21,,43500,43500,28.8
1947-05-22,,43750,43750,29.0
1947-05-23,,44000,44000,29.1
1947-05-24,,44000,44000,29.1
1947-05-25,,44300,44300,29.3
1947-05-26,,44600,44600,29.5
1947-05-27,,44900,44900,29.7
1947-05-28,,45200,45200,29.9
1947-05-29,,45200,45200,29.9
1947-05-30,,45200,45200,29.9
1947-05-31,,45500,45500,30.1
1947-06-01,,45500,45500,30.1
1947-06-02,,45800,45800,30.3
1947-06-03,,45800,45800,30.3
1947-06-04,,45500,45500,30.1
1947-06-05,,45500,45500,30.1
1947-06-06,,45800,45800,30.3
1947-06-07,,45800,45800,30.3
1947-06-08,,45800,45800,30.3
1947-06-09,,46100,46100,30.5
1947-06-10,,45800,45800,30.3
1947-06-11,,45200,45200,29.9
1947-06-12,,44600,44600,29.5
1947-06-13,,44000,44000,29.1
1947-06-14,,44000,44000,29.1
1947-06-15,,42750,42750,28.3
1947-06-16,,42500,42500,28.1
1947-06-17,,43500,43500,28.8
1947-06-18,,43500,43500,28.8
1947-06-19,,43000,43000,28.5
1947-06-20,,42500,42500,28.1
1947-06-21,,42250,42250,28.0
1947-06-22,,42000,42000,27.8
1947-06-23,,41750,41750,27.6
1947-06-24,,41250,41250,27.3
1947-06-25,,41000,41000,27.1
1947-06-26,,40500,40500,26.8
1947-06-27,,40000,40000,26.5
1947-06-28,,39500,39500,26.1
1947-06-29,,39000,39000,25.8
1947-06-30,,38280,38280,25.3
1947-07-01,,37560,37560,24.9
1947-07-02,,36600,36600,24.2
1947-07-03,,35720,35720,23.6
1947-07-04,,34840,34840,23.1
1947-07-05,,34400,34400,22.8
1947-07-06,,34190,34190,22.6
1947-07-07,,33400,33400,22.1
1947-07-08,,32720,32720,21.7
1947-07-09,,32100,32100,21.2
1947-07-10,,31500,31500,20.8
1947-07-11,,30900,30900,20.4
1947-07-12,,30300,30300,20.1
1947-07-13,,29700,29700,19.7
1947-07-14,,29100,29100,19.3
1947-07-15,,28500,28500,18.9
1947-07-16,,27900,27900,18.5
1947-07-17,,27300,27300,18.1
1947-07-18,,26700,26700,17.7
1947-07-19,,26100,26100,17.3
1947-07-20,,25400,25400,16.8
1947-07-21,,24700,24700,16.3
1947-07-22,,24000,24000,15.9
1947-07-23,,23300,23300,15.4
1947-07-24,,22600,22600,15.0
1947-07-25,,21900,21900,14.5
1947-07-26,,21200,21200,14.0
1947-07-27,,20500,20500,13.6
1947-07-28,,19800,19800,13.1
1947-07-29,,19100,19100,12.6
1947-07-30,,18400,18400,12.2
1947-07-31,,17670,17670,11.7
1947-08-01,,17410,17410,11.5
1947-08-02,,17280,17280,11.4
1947-08-03,,17150,17150,11.3
1947-08-04,,17020,17020,11.3
1947-08-05,,16500,16500,10.9
1947-08-06,,16380,16380,10.8
1947-08-07,,16260,16260,10.8
1947-08-08,,16020,16020,10.6
1947-08-09,,15190,15190,10.1
1947-08-10,,14640,14640,9.7
1947-08-11,,14000,14000,9.3
1947-08-12,,13400,13400,8.9
1947-08-13,,13020,13020,8.6
1947-08-14,,12660,12660,8.4
1947-08-15,,12140,12140,8.0
1947-08-16,,11820,11820,7.8
1947-08-17,,11660,11660,7.7
1947-08-18,,11580,11580,7.7
1947-08-19,,11500,11500,7.6
1947-08-20,,11400,11400,7.5
1947-08-21,,11400,11400,7.5
1947-08-22,,11400,11400,7.5
1947-08-23,,11500,11500,7.6
1947-08-24,,11500,11500,7.6
1947-08-25,,11600,11600,7.7
1947-08-26,,11600,11600,7.7
1947-08-27,,11600,11600,7.7
1947-08-28,,11700,11700,7.7
1947-08-29,,11700,11700,7.7
1947-08-30,,11700,11700,7.7
1947-08-31,,11820,11820,7.8
1947-09-01,,11820,11820,7.8
1947-09-02,,11820,11820,7.8
1947-09-03,,11820,11820,7.8
1947-09-04,,11740,11740,7.8
1947-09-05,,11740,11740,7.8
1947-09-06,,11740,11740,7.8
1947-09-07,,11740,11740,7.8
1947-09-08,,11740,11740,7.8
1947-09-09,,11740,11740,7.8
1947-09-10,,11740,11740,7.8
1947-09-11,,11820,11820,7.8
1947-09-12,,11900,11900,7.9
1947-09-13,,11980,11980,7.9
1947-09-14,,12060,12060,8.0
1947-09-15,,12140,12140,8.0
1947-09-16,,12140,12140,8.0
1947-09-17,,12300,12300,8.1
1947-09-18,,12350,12350,8.2
1947-09-19,,12400,12400,8.2
1947-09-20,,12480,12480,8.3
1947-09-21,,12800,12800,8.5
1947-09-22,,13200,13200,8.7
1947-09-23,,13600,13600,9.0
1947-09-24,,13600,13600,9.0
1947-09-25,,13600,13600,9.0
1947-09-26,,13500,13500,8.9
1947-09-27,,13500,13500,8.9
1947-09-28,,13400,13400,8.9
1947-09-29,,13400,13400,8.9
1947-09-30,,13400,13400,8.9
1947-10-01,,13500,13500,8.9
1947-10-02,,13600,13600,9.0
1947-10-03,,13800,13800,9.1
1947-10-04,,13900,13900,9.2
1947-10-05,,14000,14000,9.3
1947-10-06,,14200,14200,9.4
1947-10-07,,14310,14310,9.5
1947-10-08,,14420,14420,9.5
1947-10-09,,14530,14530,9.6
1947-10-10,,14640,14640,9.7
1947-10-11,,14860,14860,9.8
1947-10-12,,14900,14900,9.9
1947-10-13,,15000,15000,9.9
1947-10-14,,15080,15080,10.0
1947-10-15,,15190,15190,10.1
1947-10-16,,15300,15300,10.1
1947-10-17,,15420,15420,10.2
1947-10-18,,15540,15540,10.3
1947-10-19,,15660,15660,10.4
1947-10-20,,15780,15780,10.4
1947-10-21,,15780,15780,10.4
1947-10-22,,16900,16900,11.2
1947-10-23,,16020,16020,10.6
1947-10-24,,16020,16020,10.6
1947-10-25,,16260,16260,10.8
1947-10-26,,16500,16500,10.9
1947-10-27,,16630,16630,11.0
1947-10-28,,16760,16760,11.1
1947-10-29,,16760,16760,11.1
1947-10-30,,16900,16900,11.2
1947-10-31,,17020,17020,11.3
1947-11-01,,17280,17280,11.4
1947-11-02,,17410,17410,11.5
1947-11-03,,17540,17540,11.6
1947-11-04,,17410,17410,11.5
1947-11-05,,17410,17410,11.5
1947-11-06,,17470,17470,11.6
1947-11-07,,17540,17540,11.6
1947-11-08,,17540,17540,11.6
1947-11-09,,17800,17800,11.8
1947-11-10,,17800,17800,11.8
1947-11-11,,18060,18060,12.0
1947-11-12,,18060,18060,12.0
1947-11-13,,18200,18200,12.0
1947-11-14,,18400,18400,12.2
1947-11-15,,18580,18580,12.3
1947-11-16,,18700,18700,12.4
1947-11-17,,18840,18840,12.5
1947-11-18,,19100,19100,12.6
1947-11-19,,19360,19360,12.8
1947-11-20,,19620,19620,13.0
1947-11-21,,19750,19750,13.1
1947-11-22,,20000,20000,13.2
1947-11-23,,20140,20140,13.3
1947-11-24,,20140,20140,13.3
1947-11-25,,20270,20270,13.4
1947-11-26,,20400,20400,13.5
1947-11-27,,20680,20680,13.7
1947-11-28,,20680,20680,13.7
1947-11-29,,20800,20800,13.8
1947-11-30,,21100,21100,14.0
1947-12-01,,21240,21240,14.1
1947-12-02,,21400,21400,14.2
1947-12-03,,21520,21520,14.2
1947-12-04,,21660,21660,14.3
1947-12-05,,21800,21800,14.4
1947-12-06,,22100,22100,14.6
1947-12-07,,22250,22250,14.7
1947-12-08,,22850,22850,15.1
1947-12-09,,23000,23000,15.2
1947-12-10,,23100,23100,15.3
1947-12-11,,23200,23200,15.4
1947-12-12,,23300,23300,15.4
1947-12-13,,23300,23300,15.4
1947-12-14,,23460,23460,15.5
1947-12-15,,23620,23620,15.6
1947-12-16,,23620,23620,15.6
1947-12-17,,23940,23940,15.8
1947-12-18,,23940,23940,15.8
1947-12-19,,24100,24100,15.9
1947-12-20,,24300,24300,16.1
1947-12-21,,24400,24400,16.1
1947-12-22,,24600,24600,16.3
1947-12-23,,24740,24740,16.4
1947-12-24,,24740,24740,16.4
1947-12-25,,24900,24900,16.5
1947-12-26,,25070,25070,16.6
1947-12-27,,25240,25240,16.7
1947-12-28,,25410,25410,16.8
1947-12-29,,25580,25580,16.9
1947-12-30,,25580,25580,16.9
1947-12-31,,25750,25750,17.0
1948-01-01,,25920,25920,17.2
1948-01-02,,25920,25920,17.2
1948-01-03,,26100,26100,17.3
1948-01-04,,26260,26260,17.4
1948-01-05,,26400,26400,17.5
1948-01-06,,26600,26600,17.6
1948-01-07,,26780,26780,17.7
1948-01-08,,26960,26960,17.8
1948-01-09,,27000,27000,17.9
1948-01-10,,27140,27140,18.0
1948-01-11,,27320,27320,18.1
1948-01-12,,27500,27500,18.2
1948-01-13,,27680,27680,18.3
1948-01-14,,27860,27860,18.4
1948-01-15,,28040,28040,18.6
1948-01-16,,28100,28100,18.6
1948-01-17,,28100,28100,18.6
1948-01-18,,28200,28200,18.7
1948-01-19,,28220,28220,18.7
1948-01-20,,28400,28400,18.8
1948-01-21,,28500,28500,18.9
1948-01-22,,28590,28590,18.9
1948-01-23,,28780,28780,19.0
1948-01-24,,28780,28780,19.0
1948-01-25,,28900,28900,19.1
1948-01-26,,28970,28970,19.2
1948-01-27,,29200,29200,19.3
1948-01-28,,29500,29500,19.5
1948-01-29,,29700,29700,19.7
1948-01-30,,29920,29920,19.8
1948-01-31,,30110,30110,19.9
1948-02-01,,30300,30300,20.1
1948-02-02,,30500,30500,20.2
1948-02-03,,30600,30600,20.3
1948-02-04,,30700,30700,20.3
1948-02-05,,30900,30900,20.4
1948-02-06,,31000,31000,20.5
1948-02-07,,31100,31100,20.6
1948-02-08,,31200,31200,20.6
1948-02-09,,31500,31500,20.8
1948-02-10,,31600,31600,20.9
1948-02-11,,31800,31800,21.0
1948-02-12,,31900,31900,21.1
1948-02-13,,32100,32100,21.2
1948-02-14,,32200,32200,21.3
1948-02-15,,32300,32300,21.4
1948-02-16,,32300,32300,21.4
1948-02-17,,32510,32510,21.5
1948-02-18,,32720,32720,21.7
1948-02-19,,32930,32930,21.8
1948-02-20,,32930,32930,21.8
1948-02-21,,33140,33140,21.9
1948-02-22,,33350,33350,22.1
1948-02-23,,33560,33560,22.2
1948-02-24,,33700,33700,22.3
1948-02-25,,33800,33800,22.4
1948-02-26,,33980,33980,22.5
1948-02-27,,34100,34100,22.6
1948-02-28,,34300,34300,22.7
1948-02-29,,34400,34400,22.8
1948-03-01,,34400,34400,22.8
1948-03-02,,34400,34400,22.8
1948-03-03,,34620,34620,22.9
1948-03-04,,34840,34840,23.1
1948-03-05,,34840,34840,23.1
1948-03-06,,34800,34800,23.0
1948-03-07,,34840,34840,23.1
1948-03-08,,35060,35060,23.2
1948-03-09,,35060,35060,23.2
1948-03-10,,35280,35280,23.3
1948-03-11,,35400,35400,23.4
1948-03-12,,35500,35500,23.5
1948-03-13,,35720,35720,23.6
1948-03-14,,35700,35700,23.6
1948-03-15,,35700,35700,23.6
1948-03-16,,35720,35720,23.6
1948-03-17,,35800,35800,23.7
1948-03-18,,35940,35940,23.8
1948-03-19,,36000,36000,23.8
1948-03-20,,36000,36000,23.8
1948-03-21,,36100,36100,23.9
1948-03-22,,36160,36160,23.9
1948-03-23,,36160,36160,23.9
1948-03-24,,36160,36160,23.9
1948-03-25,,36160,36160,23.9
1948-03-26,,36160,36160,23.9
1948-03-27,,36160,36160,23.9
1948-03-28,,36200,36200,24.0
1948-03-29,,36200,36200,24.0
1948-03-30,,36300,36300,24.0
1948-03-31,,36380,36380,24.1
1948-04-01,,36300,36300,24.0
1948-04-02,,36200,36200,24.0
1948-04-03,,36160,36160,23.9
1948-04-04,,36160,36160,23.9
1948-04-05,,36160,36160,23.9
1948-04-06,,36160,36160,23.9
1948-04-07,,36160,36160,23.9
1948-04-08,,36160,36160,23.9
1948-04-09,,36160,36160,23.9
1948-04-10,,35300,35300,23.4
1948-04-11,,34600,34600,22.9
1948-04-12,,33770,33770,22.3
1948-04-13,,32720,32720,21.7
1948-04-14,,31700,31700,21.0
1948-04-15,,30700,30700,20.3
1948-04-16,,29540,29540,19.5
1948-04-17,,28200,28200,18.7
1948-04-18,,26800,26800,17.7
1948-04-19,,25580,25580,16.9
1948-04-20,,24300,24300,16.1
1948-04-21,,23000,23000,15.2
1948-04-22,,21800,21800,14.4
1948-04-23,,20680,20680,13.7
1948-04-24,,19620,19620,13.0
1948-04-25,,18400,18400,12.2
1948-04-26,,17150,17150,11.3
1948-04-27,,15300,15300,10.1
1948-04-28,,14680,14680,9.7
1948-04-29,,14700,14700,9.7
1948-04-30,,15080,15080,10.0
1948-05-01,,14600,14600,9.7
1948-05-02,,14200,14200,9.4
1948-05-03,,13700,13700,9.1
1948-05-04,,12840,12840,8.5
1948-05-05,,12000,12000,7.9
1948-05-06,,11600,11600,7.7
1948-05-07,,11500,11500,7.6
1948-05-08,,11360,11360,7.5
1948-05-09,,11360,11360,7.5
1948-05-10,,11360,11360,7.5
1948-05-11,,11300,11300,7.5
1948-05-12,,11200,11200,7.4
1948-05-13,,11080,11080,7.3
1948-05-14,,11100,11100,7.3
1948-05-15,,11200,11200,7.4
1948-05-16,,11250,11250,7.4
1948-05-17,,11290,11290,7.5
1948-05-18,,11500,11500,7.6
1948-05-19,,11660,11660,7.7
1948-05-20,,11740,11740,7.8
1948-05-21,,11980,11980,7.9
1948-05-22,,12100,12100,8.0
1948-05-23,,12200,12200,8.1
1948-05-24,,12300,12300,8.1
1948-05-25,,12300,12300,8.1
1948-05-26,,13600,13600,9.0
1948-05-27,,14970,14970,9.9
1948-05-28,,15540,15540,10.3
1948-05-29,,15780,15780,10.4
1948-05-30,,15900,15900,10.5
1948-05-31,,16140,16140,10.7
1948-06-01,,22100,22100,14.6
1948-06-02,,37560,37560,24.9
1948-06-03,,54400,54400,36.0
1948-06-04,,58600,58600,38.8
1948-06-05,,57900,57900,38.3
1948-06-06,,57900,57900,38.3
1948-06-07,,56500,56500,37.4
1948-06-08,,55200,55200,36.5
1948-06-09,,54000,54000,35.7
1948-06-10,,53000,53000,35.1
1948-06-11,,50900,50900,33.7
1948-06-12,,49900,49900,33.0
1948-06-13,,48800,48800,32.3
1948-06-14,,47900,47900,31.7
1948-06-15,,47000,47000,31.1
1948-06-16,,46100,46100,30.5
1948-06-17,,45200,45200,29.9
1948-06-18,,43800,43800,29.0
1948-06-19,,42600,42600,28.2
1948-06-20,,41400,41400,27.4
1948-06-21,,40200,40200,26.6
1948-06-22,,39000,39000,25.8
1948-06-23,,38000,38000,25.1
1948-06-24,,37000,37000,24.5
1948-06-25,,36000,36000,23.8
1948-06-26,,35720,35720,23.6
1948-06-27,,34800,34800,23.0
1948-06-28,,33980,33980,22.5
1948-06-29,,33140,33140,21.9
1948-06-30,,32930,32930,21.8
1948-07-01,,32300,32300,21.4
1948-07-02,,31700,31700,21.0
1948-07-03,,31100,31100,20.6
1948-07-04,,30600,30600,20.3
1948-07-05,,30100,30100,19.9
1948-07-06,,29540,29540,19.5
1948-07-07,,28900,28900,19.1
1948-07-08,,28300,28300,18.7
1948-07-09,,27600,27600,18.3
1948-07-10,,26900,26900,17.8
1948-07-11,,26200,26200,17.3
1948-07-12,,25580,25580,16.9
1948-07-13,,24900,24900,16.5
1948-07-14,,24100,24100,15.9
1948-07-15,,23300,23300,15.4
1948-07-16,,22400,22400,14.8
1948-07-17,,21900,21900,14.5
1948-07-18,,21400,21400,14.2
1948-07-19,,20960,20960,13.9
1948-07-20,,20800,20800,13.8
1948-07-21,,20600,20600,13.6
1948-07-22,,20500,20500,13.6
1948-07-23,,20500,20500,13.6
1948-07-24,,20960,20960,13.9
1948-07-25,,20960,20960,13.9
1948-07-26,,21240,21240,14.1
1948-07-27,,21100,21100,14.0
1948-07-28,,21100,21100,14.0
1948-07-29,,21100,21100,14.0
1948-07-30,,21100,21100,14.0
1948-07-31,,21100,21100,14.0
1948-08-01,,21300,21300,14.1
1948-08-02,,21240,21240,14.1
1948-08-03,,21200,21200,14.0
1948-08-04,,21200,21200,14.0
1948-08-05,,21100,21100,14.0
1948-08-06,,20600,20600,13.6
1948-08-07,,20140,20140,13.3
1948-08-08,,19620,19620,13.0
1948-08-09,,18580,18580,12.3
1948-08-10,,18060,18060,12.0
1948-08-11,,17800,17800,11.8
1948-08-12,,17000,17000,11.3
1948-08-13,,16260,16260,10.8
1948-08-14,,15500,15500,10.3
1948-08-15,,15000,15000,9.9
1948-08-16,,14500,14500,9.6
1948-08-17,,13900,13900,9.2
1948-08-18,,13400,13400,8.9
1948-08-19,,13020,13020,8.6
1948-08-20,,12480,12480,8.3
1948-08-21,,12140,12140,8.0
1948-08-22,,11800,11800,7.8
1948-08-23,,11500,11500,7.6
1948-08-24,,11600,11600,7.7
1948-08-25,,12000,12000,7.9
1948-08-26,,12480,12480,8.3
1948-08-27,,12700,12700,8.4
1948-08-28,,12900,12900,8.5
1948-08-29,,13200,13200,8.7
1948-08-30,,13400,13400,8.9
1948-08-31,,13700,13700,9.1
1948-09-01,,13800,13800,9.1
1948-09-02,,14000,14000,9.3
1948-09-03,,14200,14200,9.4
1948-09-04,,14420,14420,9.5
1948-09-05,,14500,14500,9.6
1948-09-06,,14530,14530,9.6
1948-09-07,,14600,14600,9.7
1948-09-08,,14600,14600,9.7
1948-09-09,,14650,14650,9.7
1948-09-10,,14700,14700,9.7
1948-09-11,,14750,14750,9.8
1948-09-12,,14900,14900,9.9
1948-09-13,,15000,15000,9.9
1948-09-14,,15080,15080,10.0
1948-09-15,,15170,15170,10.0
1948-09-16,,15260,15260,10.1
1948-09-17,,15350,15350,10.2
1948-09-18,,15440,15440,10.2
1948-09-19,,15530,15530,10.3
1948-09-20,,15630,15630,10.3
1948-09-21,,15730,15730,10.4
1948-09-22,,15850,15850,10.5
1948-09-23,,16020,16020,10.6
1948-09-24,,16070,16070,10.6
1948-09-25,,16120,16120,10.7
1948-09-26,,16170,16170,10.7
1948-09-27,,16210,16210,10.7
1948-09-28,,16260,16260,10.8
1948-09-29,,16400,16400,10.9
1948-09-30,,16630,16630,11.0
1948-10-01,,16630,16630,11.0
1948-10-02,,16630,16630,11.0
1948-10-03,,16630,16630,11.0
1948-10-04,,16650,16650,11.0
1948-10-05,,16660,16660,11.0
1948-10-06,,16670,16670,11.0
1948-10-07,,16680,16680,11.0
1948-10-08,,16680,16680,11.0
1948-10-09,,16700,16700,11.1
1948-10-10,,16900,16900,11.2
1948-10-11,,17100,17100,11.3
1948-10-12,,17400,17400,11.5
1948-10-13,,17700,17700,11.7
1948-10-14,,18000,18000,11.9
1948-10-15,,18300,18300,12.1
1948-10-16,,18600,18600,12.3
1948-10-17,,18800,18800,12.4
1948-10-18,,19000,19000,12.6
1948-10-19,,19230,19230,12.7
1948-10-20,,19500,19500,12.9
1948-10-21,,19880,19880,13.2
1948-10-22,,20140,20140,13.3
1948-10-23,,20300,20300,13.4
1948-10-24,,20400,20400,13.5
1948-10-25,,20600,20600,13.6
1948-10-26,,20800,20800,13.8
1948-10-27,,20960,20960,13.9
1948-10-28,,21100,21100,14.0
1948-10-29,,21400,21400,14.2
1948-10-30,,21600,21600,14.3
1948-10-31,,21800,21800,14.4
1948-11-01,,21800,21800,14.4
1948-11-02,,21900,21900,14.5
1948-11-03,,21950,21950,14.5
1948-11-04,,21700,21700,14.4
1948-11-05,,21520,21520,14.2
1948-11-06,,21380,21380,14.1
1948-11-07,,21400,21400,14.2
1948-11-08,,21600,21600,14.3
1948-11-09,,21800,21800,14.4
1948-11-10,,22000,22000,14.6
1948-11-11,,22100,22100,14.6
1948-11-12,,22300,22300,14.8
1948-11-13,,22400,22400,14.8
1948-11-14,,22600,22600,15.0
1948-11-15,,22700,22700,15.0
1948-11-16,,22850,22850,15.1
1948-11-17,,23000,23000,15.2
1948-11-18,,23150,23150,15.3
1948-11-19,,23300,23300,15.4
1948-11-20,,23450,23450,15.5
1948-11-21,,23600,23600,15.6
1948-11-22,,23750,23750,15.7
1948-11-23,,23900,23900,15.8
1948-11-24,,24050,24050,15.9
1948-11-25,,24200,24200,16.0
1948-11-26,,24350,24350,16.1
1948-11-27,,24500,24500,16.2
1948-11-28,,24650,24650,16.3
1948-11-29,,24800,24800,16.4
1948-11-30,,24900,24900,16.5
1948-12-01,,24900,24900,16.5
1948-12-02,,25070,25070,16.6
1948-12-03,,25240,25240,16.7
1948-12-04,,25300,25300,16.7
1948-12-05,,25400,25400,16.8
1948-12-06,,25500,25500,16.9
1948-12-07,,25600,25600,16.9
1948-12-08,,25700,25700,17.0
1948-12-09,,25800,25800,17.1
1948-12-10,,25920,25920,17.2
1948-12-11,,26000,26000,17.2
1948-12-12,,26100,26100,17.3
1948-12-13,,26260,26260,17.4
1948-12-14,,26400,26400,17.5
1948-12-15,,26550,26550,17.6
1948-12-16,,26700,26700,17.7
1948-12-17,,26800,26800,17.7
1948-12-18,,26900,26900,17.8
1948-12-19,,27000,27000,17.9
1948-12-20,,27140,27140,18.0
1948-12-21,,27200,27200,18.0
1948-12-22,,27300,27300,18.1
1948-12-23,,27400,27400,18.1
1948-12-24,,27500,27500,18.2
1948-12-25,,27600,27600,18.3
1948-12-26,,27700,27700,18.3
1948-12-27,,27680,27680,18.3
1948-12-28,,27800,27800,18.4
1948-12-29,,28000,28000,18.5
1948-12-30,,28220,28220,18.7
1948-12-31,,28220,28220,18.7
1949-01-01,,28220,28220,18.7
1949-01-02,,28400,28400,18.8
1949-01-03,,28600,28600,18.9
1949-01-04,,28800,28800,19.1
1949-01-05,,29000,29000,19.2
1949-01-06,,29160,29160,19.3
1949-01-07,,29160,29160,19.3
1949-01-08,,29200,29200,19.3
1949-01-09,,29540,29540,19.5
1949-01-10,,30000,30000,19.9
1949-01-11,,30500,30500,20.2
1949-01-12,,31000,31000,20.5
1949-01-13,,31200,31200,20.6
1949-01-14,,31400,31400,20.8
1949-01-15,,31600,31600,20.9
1949-01-16,,31800,31800,21.0
1949-01-17,,32000,32000,21.2
1949-01-18,,32200,32200,21.3
1949-01-19,,32300,32300,21.4
1949-01-20,,32600,32600,21.6
1949-01-21,,32900,32900,21.8
1949-01-22,,33100,33100,21.9
1949-01-23,,33350,33350,22.1
1949-01-24,,33500,33500,22.2
1949-01-25,,33700,33700,22.3
1949-01-26,,33900,33900,22.4
1949-01-27,,34100,34100,22.6
1949-01-28,,34400,34400,22.8
1949-01-29,,34600,34600,22.9
1949-01-30,,34800,34800,23.0
1949-01-31,,35060,35060,23.2
1949-02-01,,35280,35280,23.3
1949-02-02,,35500,35500,23.5
1949-02-03,,35700,35700,23.6
1949-02-04,,35900,35900,23.8
1949-02-05,,36100,36100,23.9
1949-02-06,,36380,36380,24.1
1949-02-07,,36380,36380,24.1
1949-02-08,,36500,36500,24.2
1949-02-09,,36700,36700,24.3
1949-02-10,,36900,36900,24.4
1949-02-11,,37100,37100,24.6
1949-02-12,,37300,37300,24.7
1949-02-13,,37560,37560,24.9
1949-02-14,,37760,37760,25.0
1949-02-15,,38040,38040,25.2
1949-02-16,,38300,38300,25.3
1949-02-17,,38520,38520,25.5
1949-02-18,,38600,38600,25.5
1949-02-19,,38760,38760,25.7
1949-02-20,,38900,38900,25.7
1949-02-21,,39100,39100,25.9
1949-02-22,,39300,39300,26.0
1949-02-23,,39500,39500,26.1
1949-02-24,,39800,39800,26.3
1949-02-25,,40000,40000,26.5
1949-02-26,,40100,40100,26.5
1949-02-27,,40250,40250,26.6
1949-02-28,,40500,40500,26.8
1949-03-01,,40500,40500,26.8
1949-03-02,,40600,40600,26.9
1949-03-03,,40800,40800,27.0
1949-03-04,,41000,41000,27.1
1949-03-05,,41200,41200,27.3
1949-03-06,,41400,41400,27.4
1949-03-07,,41500,41500,27.5
1949-03-08,,41500,41500,27.5
1949-03-09,,41800,41800,27.7
1949-03-10,,42000,42000,27.8
1949-03-11,,42000,42000,27.8
1949-03-12,,42100,42100,27.9
1949-03-13,,42250,42250,28.0
1949-03-14,,42300,42300,28.0
1949-03-15,,42400,42400,28.1
1949-03-16,,42450,42450,28.1
1949-03-17,,42500,42500,28.1
1949-03-18,,42600,42600,28.2
1949-03-19,,42800,42800,28.3
1949-03-20,,43000,43000,28.5
1949-03-21,,43100,43100,28.5
1949-03-22,,42900,42900,28.4
1949-03-23,,42400,42400,28.1
1949-03-24,,42000,42000,27.8
1949-03-25,,41500,41500,27.5
1949-03-26,,40000,40000,26.5
1949-03-27,,39600,39600,26.2
1949-03-28,,39300,39300,26.0
1949-03-29,,39200,39200,25.9
1949-03-30,,39100,39100,25.9
1949-03-31,,39000,39000,25.8
1949-04-01,,38700,38700,25.6
1949-04-02,,38500,38500,25.5
1949-04-03,,38000,38000,25.1
1949-04-04,,37600,37600,24.9
1949-04-05,,37100,37100,24.6
1949-04-06,,36600,36600,24.2
1949-04-07,,36200,36200,24.0
1949-04-08,,35700,35700,23.6
1949-04-09,,35300,35300,23.4
1949-04-10,,34800,34800,23.0
1949-04-11,,34400,34400,22.8
1949-04-12,,33900,33900,22.4
1949-04-13,,33350,33350,22.1
1949-04-14,,32300,32300,21.4
1949-04-15,,31400,31400,20.8
1949-04-16,,30500,30500,20.2
1949-04-17,,29700,29700,19.7
1949-04-18,,28970,28970,19.2
1949-04-19,,28400,28400,18.8
1949-04-20,,27860,27860,18.4
1949-04-21,,27320,27320,18.1
1949-04-22,,26800,26800,17.7
1949-04-23,,26300,26300,17.4
1949-04-24,,25800,25800,17.1
1949-04-25,,25580,25580,16.9
1949-04-26,,25300,25300,16.7
1949-04-27,,25100,25100,16.6
1949-04-28,,25000,25000,16.5
1949-04-29,,24900,24900,16.5
1949-04-30,,24900,24900,16.5
1949-05-01,,24900,24900,16.5
1949-05-02,,25000,25000,16.5
1949-05-03,,25100,25100,16.6
1949-05-04,,25200,25200,16.7
1949-05-05,,25300,25300,16.7
1949-05-06,,25580,25580,16.9
1949-05-07,,26000,26000,17.2
1949-05-08,,26400,26400,17.5
1949-05-09,,26800,26800,17.7
1949-05-10,,27200,27200,18.0
1949-05-11,,27600,27600,18.3
1949-05-12,,28000,28000,18.5
1949-05-13,,28400,28400,18.8
1949-05-14,,28800,28800,19.1
1949-05-15,,29200,29200,19.3
1949-05-16,,29540,29540,19.5
1949-05-17,,29540,29540,19.5
1949-05-18,,29500,29500,19.5
1949-05-19,,29500,29500,19.5
1949-05-20,,29300,29300,19.4
1949-05-21,,29000,29000,19.2
1949-05-22,,28700,28700,19.0
1949-05-23,,28400,28400,18.8
1949-05-24,,28200,28200,18.7
1949-05-25,,28100,28100,18.6
1949-05-26,,28300,28300,18.7
1949-05-27,,28500,28500,18.9
1949-05-28,,28700,28700,19.0
1949-05-29,,28900,28900,19.1
1949-05-30,,29000,29000,19.2
1949-05-31,,29160,29160,19.3
1949-06-01,,29160,29160,19.3
1949-06-02,,29600,29600,19.6
1949-06-03,,30100,30100,19.9
1949-06-04,,30600,30600,20.3
1949-06-05,,31100,31100,20.6
1949-06-06,,31600,31600,20.9
1949-06-07,,32100,32100,21.2
1949-06-08,,32600,32600,21.6
1949-06-09,,33140,33140,21.9
1949-06-10,,33800,33800,22.4
1949-06-11,,34600,34600,22.9
1949-06-12,,35400,35400,23.4
1949-06-13,,36160,36160,23.9
1949-06-14,,36500,36500,24.2
1949-06-15,,36840,36840,24.4
1949-06-16,,36900,36900,24.4
1949-06-17,,37000,37000,24.5
1949-06-18,,37100,37100,24.6
1949-06-19,,37200,37200,24.6
1949-06-20,,37320,37320,24.7
1949-06-21,,37200,37200,24.6
1949-06-22,,37080,37080,24.5
1949-06-23,,36840,36840,24.4
1949-06-24,,36300,36300,24.0
1949-06-25,,35800,35800,23.7
1949-06-26,,35200,35200,23.3
1949-06-27,,34700,34700,23.0
1949-06-28,,34190,34190,22.6
1949-06-29,,33350,33350,22.1
1949-06-30,,32100,32100,21.2
1949-07-01,,31200,31200,20.6
1949-07-02,,30300,30300,20.1
1949-07-03,,29300,29300,19.4
1949-07-04,,28500,28500,18.9
1949-07-05,,27680,27680,18.3
1949-07-06,,26960,26960,17.8
1949-07-07,,26600,26600,17.6
1949-07-08,,26100,26100,17.3
1949-07-09,,25500,25500,16.9
1949-07-10,,24900,24900,16.5
1949-07-11,,24260,24260,16.1
1949-07-12,,23300,23300,15.4
1949-07-13,,22800,22800,15.1
1949-07-14,,22400,22400,14.8
1949-07-15,,21800,21800,14.4
1949-07-16,,21300,21300,14.1
1949-07-17,,20800,20800,13.8
1949-07-18,,20270,20270,13.4
1949-07-19,,19900,19900,13.2
1949-07-20,,19500,19500,12.9
1949-07-21,,19100,19100,12.6
1949-07-22,,18700,18700,12.4
1949-07-23,,18700,18700,12.4
1949-07-24,,18800,18800,12.4
1949-07-25,,18840,18840,12.5
1949-07-26,,19100,19100,12.6
1949-07-27,,19100,19100,12.6
1949-07-28,,18970,18970,12.6
1949-07-29,,18300,18300,12.1
1949-07-30,,17670,17670,11.7
1949-07-31,,16500,16500,10.9
1949-08-01,,16100,16100,10.7
1949-08-02,,15780,15780,10.4
1949-08-03,,14640,14640,9.7
1949-08-04,,14400,14400,9.5
1949-08-05,,14200,14200,9.4
1949-08-06,,13800,13800,9.1
1949-08-07,,13400,13400,8.9
1949-08-08,,13000,13000,8.6
1949-08-09,,12800,12800,8.5
1949-08-10,,13400,13400,8.9
1949-08-11,,14200,14200,9.4
1949-08-12,,15000,15000,9.9
1949-08-13,,14900,14900,9.9
1949-08-14,,14800,14800,9.8
1949-08-15,,14750,14750,9.8
1949-08-16,,14700,14700,9.7
1949-08-17,,14800,14800,9.8
1949-08-18,,14900,14900,9.9
1949-08-19,,15000,15000,9.9
1949-08-20,,15200,15200,10.1
1949-08-21,,15400,15400,10.2
1949-08-22,,15300,15300,10.1
1949-08-23,,15080,15080,10.0
1949-08-24,,14860,14860,9.8
1949-08-25,,14600,14600,9.7
1949-08-26,,14420,14420,9.5
1949-08-27,,14200,14200,9.4
1949-08-28,,14000,14000,9.3
1949-08-29,,13900,13900,9.2
1949-08-30,,13700,13700,9.1
1949-08-31,,13400,13400,8.9
1949-09-01,,13200,13200,8.7
1949-09-02,,13000,13000,8.6
1949-09-03,,12900,12900,8.5
1949-09-04,,12700,12700,8.4
1949-09-05,,12600,12600,8.3
1949-09-06,,12480,12480,8.3
1949-09-07,,12400,12400,8.2
1949-09-08,,12200,12200,8.1
1949-09-09,,14500,14500,9.6
1949-09-10,,18060,18060,12.0
1949-09-11,,19000,19000,12.6
1949-09-12,,19500,19500,12.9
1949-09-13,,20000,20000,13.2
1949-09-14,,21000,21000,13.9
1949-09-15,,22100,22100,14.6
1949-09-16,,28400,28400,18.8
1949-09-17,,39000,39000,25.8
1949-09-18,,45000,45000,29.8
1949-09-19,,49400,49400,32.7
1949-09-20,,51000,51000,33.8
1949-09-21,,52400,52400,34.7
1949-09-22,,55100,55100,36.5
1949-09-23,,57550,57550,38.1
1949-09-24,,57800,57800,38.3
1949-09-25,,57900,57900,38.3
1949-09-26,,58250,58250,38.5
1949-09-27,,58600,58600,38.8
1949-09-28,,58600,58600,38.8
1949-09-29,,58950,58950,39.0
1949-09-30,,59300,59300,39.2
1949-10-01,,60000,60000,39.7
1949-10-02,,60200,60200,39.8
1949-10-03,,60350,60350,39.9
1949-10-04,,60500,60500,40.0
1949-10-05,,60700,60700,40.2
1949-10-06,,61050,61050,40.4
1949-10-07,,62450,62450,41.3
1949-10-08,,65000,65000,43.0
1949-10-09,,68000,68000,45.0
1949-10-10,,69100,69100,45.7
1949-10-11,,70700,70700,46.8
1949-10-12,,71500,71500,47.3
1949-10-13,,71500,71500,47.3
1949-10-14,,71900,71900,47.6
1949-10-15,,72000,72000,47.6
1949-10-16,,72200,72200,47.8
1949-10-17,,72300,72300,47.8
1949-10-18,,72300,72300,47.8
1949-10-19,,72700,72700,48.1
1949-10-20,,73100,73100,48.4
1949-10-21,,73100,73100,48.4
1949-10-22,,73300,73300,48.5
1949-10-23,,73600,73600,48.7
1949-10-24,,73900,73900,48.9
1949-10-25,,74300,74300,49.2
1949-10-26,,74700,74700,49.4
1949-10-27,,74800,74800,49.5
1949-10-28,,74900,74900,49.6
1949-10-29,,75100,75100,49.7
1949-10-30,,75300,75300,49.8
1949-10-31,,75500,75500,50.0
1949-11-01,,75800,75800,50.2
1949-11-02,,76100,76100,50.4
1949-11-03,,76400,76400,50.6
1949-11-04,,76700,76700,50.8
1949-11-05,,77000,77000,51.0
1949-11-06,,77400,77400,51.2
1949-11-07,,77800,77800,51.5
1949-11-08,,78200,78200,51.8
1949-11-09,,78650,78650,52.0
1949-11-10,,79000,79000,52.3
1949-11-11,,79400,79400,52.5
1949-11-12,,79800,79800,52.8
1949-11-13,,80200,80200,53.1
1949-11-14,,80600,80600,53.3
1949-11-15,,80900,80900,53.5
1949-11-16,,81800,81800,54.1
1949-11-17,,82400,82400,54.5
1949-11-18,,83000,83000,54.9
1949-11-19,,83600,83600,55.3
1949-11-20,,83700,83700,55.4
1949-11-21,,83800,83800,55.5
1949-11-22,,83900,83900,55.5
1949-11-23,,84050,84050,55.6
1949-11-24,,84400,84400,55.9
1949-11-25,,84900,84900,56.2
1949-11-26,,85400,85400,56.5
1949-11-27,,86000,86000,56.9
1949-11-28,,86750,86750,57.4
1949-11-29,,87200,87200,57.7
1949-11-30,,87650,87650,58.0
1949-12-01,,88100,88100,58.3
1949-12-02,,88550,88550,58.6
1949-12-03,,89000,89000,58.9
1949-12-04,,89400,89400,59.2
1949-12-05,,89800,89800,59.4
1949-12-06,,90100,90100,59.6
1949-12-07,,90500,90500,59.9
1949-12-08,,90700,90700,60.0
1949-12-09,,91000,91000,60.2
1949-12-10,,91500,91500,60.6
1949-12-11,,92000,92000,60.9
1949-12-12,,92500,92500,61.2
1949-12-13,,93000,93000,61.5
1949-12-14,,93000,93000,61.5
1949-12-15,,93200,93200,61.7
1949-12-16,,93500,93500,61.9
1949-12-17,,93600,93600,61.9
1949-12-18,,93800,93800,62.1
1949-12-19,,94000,94000,62.2
1949-12-20,,94500,94500,62.5
1949-12-21,,94900,94900,62.8
1949-12-22,,95300,95300,63.1
1949-12-23,,95700,95700,63.3
1949-12-24,,96000,96000,63.5
1949-12-25,,96200,96200,63.7
1949-12-26,,96300,96300,63.7
1949-12-27,,96500,96500,63.9
1949-12-28,,97000,97000,64.2
1949-12-29,,97500,97500,64.5
1949-12-30,,98000,98000,64.9
1949-12-31,,98000,98000,64.9
1950-01-01,,98500,98500,65.2
1950-01-02,,99000,99000,65.5
1950-01-03,,99500,99500,65.8
1950-01-04,,100000,100000,66.2
1950-01-05,,100500,100500,66.5
1950-01-06,,101000,101000,66.8
1950-01-07,,101000,101000,66.8
1950-01-08,,102000,102000,67.5
1950-01-09,,102000,102000,67.5
1950-01-10,,102500,102500,67.8
1950-01-11,,103000,103000,68.2
1950-01-12,,103500,103500,68.5
1950-01-13,,103800,103800,68.7
1950-01-14,,104000,104000,68.8
1950-01-15,,104500,104500,69.2
1950-01-16,,105100,105100,69.6
1950-01-17,,105700,105700,69.9
1950-01-18,,106200,106200,70.3
1950-01-19,,106200,106200,70.3
1950-01-20,,106800,106800,70.7
1950-01-21,,107000,107000,70.8
1950-01-22,,107100,107100,70.9
1950-01-23,,107300,107300,71.0
1950-01-24,,107600,107600,71.2
1950-01-25,,107900,107900,71.4
1950-01-26,,108200,108200,71.6
1950-01-27,,108500,108500,71.8
1950-01-28,,108800,108800,72.0
1950-01-29,,109200,109200,72.3
1950-01-30,,109500,109500,72.5
1950-01-31,,110000,110000,72.8
1950-02-01,,110200,110200,72.9
1950-02-02,,110400,110400,73.1
1950-02-03,,110600,110600,73.2
1950-02-04,,110900,110900,73.4
1950-02-05,,111200,111200,73.6
1950-02-06,,111700,111700,73.9
1950-02-07,,111900,111900,74.1
1950-02-08,,112000,112000,74.1
1950-02-09,,112100,112100,74.2
1950-02-10,,112200,112200,74.3
1950-02-11,,112400,112400,74.4
1950-02-12,,112500,112500,74.4
1950-02-13,,112700,112700,74.6
1950-02-14,,112800,112800,74.6
1950-02-15,,112800,112800,74.6
1950-02-16,,112800,112800,74.6
1950-02-17,,112900,112900,74.7
1950-02-18,,113100,113100,74.8
1950-02-19,,113200,113200,74.9
1950-02-20,,113400,113400,75.0
1950-02-21,,113900,113900,75.4
1950-02-22,,114100,114100,75.5
1950-02-23,,114400,114400,75.7
1950-02-24,,114500,114500,75.8
1950-02-25,,114700,114700,75.9
1950-02-26,,114800,114800,76.0
1950-02-27,,115000,115000,76.1
1950-02-28,,115000,115000,76.1
1950-03-01,,115000,115000,76.1
1950-03-02,,115300,115300,76.3
1950-03-03,,115600,115600,76.5
1950-03-04,,115600,115600,76.5
1950-03-05,,115600,115600,76.5
1950-03-06,,115600,115600,76.5
1950-03-07,,115600,115600,76.5
1950-03-08,,115600,115600,76.5
1950-03-09,,115600,115600,76.5
1950-03-10,,115600,115600,76.5
1950-03-11,,115100,115100,76.2
1950-03-12,,114500,114500,75.8
1950-03-13,,113900,113900,75.4
1950-03-14,,113900,113900,75.4
1950-03-15,,113900,113900,75.4
1950-03-16,,113600,113600,75.2
1950-03-17,,113400,113400,75.0
1950-03-18,,113400,113400,75.0
1950-03-19,,112800,112800,74.6
1950-03-20,,112200,112200,74.3
1950-03-21,,112000,112000,74.1
1950-03-22,,111700,111700,73.9
1950-03-23,,110600,110600,73.2
1950-03-24,,110600,110600,73.2
1950-03-25,,109500,109500,72.5
1950-03-26,,108400,108400,71.7
1950-03-27,,107300,107300,71.0
1950-03-28,,106200,106200,70.3
1950-03-29,,105600,105600,69.9
1950-03-30,,105100,105100,69.6
1950-03-31,,104600,104600,69.2
1950-04-01,,104600,104600,69.2
1950-04-02,,103800,103800,68.7
1950-04-03,,103000,103000,68.2
1950-04-04,,102000,102000,67.5
1950-04-05,,101000,101000,66.8
1950-04-06,,100500,100500,66.5
1950-04-07,,100000,100000,66.2
1950-04-08,,99200,99200,65.6
1950-04-09,,98400,98400,65.1
1950-04-10,,97500,97500,64.5
1950-04-11,,96500,96500,63.9
1950-04-12,,95500,95500,63.2
1950-04-13,,94000,94000,62.2
1950-04-14,,93300,93300,61.7
1950-04-15,,92600,92600,61.3
1950-04-16,,91900,91900,60.8
1950-04-17,,91200,91200,60.4
1950-04-18,,90400,90400,59.8
1950-04-19,,89500,89500,59.2
1950-04-20,,88900,88900,58.8
1950-04-21,,88200,88200,58.4
1950-04-22,,87650,87650,58.0
1950-04-23,,86800,86800,57.4
1950-04-24,,86000,86000,56.9
1950-04-25,,85200,85200,56.4
1950-04-26,,84500,84500,55.9
1950-04-27,,84100,84100,55.7
1950-04-28,,83600,83600,55.3
1950-04-29,,82000,82000,54.3
1950-04-30,,80450,80450,53.2
1950-05-01,,80450,80450,53.2
1950-05-02,,80000,80000,52.9
1950-05-03,,79550,79550,52.6
1950-05-04,,78200,78200,51.8
1950-05-05,,77500,77500,51.3
1950-05-06,,76800,76800,50.8
1950-05-07,,76100,76100,50.4
1950-05-08,,75400,75400,49.9
1950-05-09,,74700,74700,49.4
1950-05-10,,74200,74200,49.1
1950-05-11,,73700,73700,48.8
1950-05-12,,73100,73100,48.4
1950-05-13,,72700,72700,48.1
1950-05-14,,72300,72300,47.8
1950-05-15,,71900,71900,47.6
1950-05-16,,71500,71500,47.3
1950-05-17,,71000,71000,47.0
1950-05-18,,70500,70500,46.7
1950-05-19,,70000,70000,46.3
1950-05-20,,69500,69500,46.0
1950-05-21,,69100,69100,45.7
1950-05-22,,68700,68700,45.5
1950-05-23,,68400,68400,45.3
1950-05-24,,68100,68100,45.1
1950-05-25,,67900,67900,44.9
1950-05-26,,67700,67700,44.8
1950-05-27,,67400,67400,44.6
1950-05-28,,67100,67100,44.4
1950-05-29,,66900,66900,44.3
1950-05-30,,66600,66600,44.1
1950-05-31,,66300,66300,43.9
1950-06-01,,65900,65900,43.6
1950-06-02,,65600,65600,43.4
1950-06-03,,65300,65300,43.2
1950-06-04,,65000,65000,43.0
1950-06-05,,64700,64700,42.8
1950-06-06,,64500,64500,42.7
1950-06-07,,64300,64300,42.6
1950-06-08,,64100,64100,42.4
1950-06-09,,64000,64000,42.4
1950-06-10,,63900,63900,42.3
1950-06-11,,63700,63700,42.2
1950-06-12,,63500,63500,42.0
1950-06-13,,63300,63300,41.9
1950-06-14,,63000,63000,41.7
1950-06-15,,62600,62600,41.4
1950-06-16,,62200,62200,41.2
1950-06-17,,61800,61800,40.9
1950-06-18,,61300,61300,40.6
1950-06-19,,60700,60700,40.2
1950-06-20,,60000,60000,39.7
1950-06-21,,59300,59300,39.2
1950-06-22,,58600,58600,38.8
1950-06-23,,57900,57900,38.3
1950-06-24,,57200,57200,37.9
1950-06-25,,56400,56400,37.3
1950-06-26,,55600,55600,36.8
1950-06-27,,54800,54800,36.3
1950-06-28,,54000,54000,35.7
1950-06-29,,53200,53200,35.2
1950-06-30,,52400,52400,34.7
1950-07-01,,52400,52400,34.7
1950-07-02,,51600,51600,34.1
1950-07-03,,50800,50800,33.6
1950-07-04,,50000,50000,33.1
1950-07-05,,49200,49200,32.6
1950-07-06,,48400,48400,32.0
1950-07-07,,47500,47500,31.4
1950-07-08,,46700,46700,30.9
1950-07-09,,45900,45900,30.4
1950-07-10,,45100,45100,29.8
1950-07-11,,44300,44300,29.3
1950-07-12,,43400,43400,28.7
1950-07-13,,42400,42400,28.1
1950-07-14,,41500,41500,27.5
1950-07-15,,40600,40600,26.9
1950-07-16,,39800,39800,26.3
1950-07-17,,39000,39000,25.8
1950-07-18,,38200,38200,25.3
1950-07-19,,37800,37800,25.0
1950-07-20,,37500,37500,24.8
1950-07-21,,37000,37000,24.5
1950-07-22,,36200,36200,24.0
1950-07-23,,35800,35800,23.7
1950-07-24,,36000,36000,23.8
1950-07-25,,38500,38500,25.5
1950-07-26,,39000,39000,25.8
1950-07-27,,46400,46400,30.7
1950-07-28,,49000,49000,32.4
1950-07-29,,50300,50300,33.3
1950-07-30,,51500,51500,34.1
1950-07-31,,55100,55100,36.5
1950-08-01,,55000,55000,36.4
1950-08-02,,54800,54800,36.3
1950-08-03,,54600,54600,36.1
1950-08-04,,54400,54400,36.0
1950-08-05,,54600,54600,36.1
1950-08-06,,54800,54800,36.3
1950-08-07,,54700,54700,36.2
1950-08-08,,54500,54500,36.1
1950-08-09,,54200,54200,35.9
1950-08-10,,54050,54050,35.8
1950-08-11,,53400,53400,35.3
1950-08-12,,52800,52800,34.9
1950-08-13,,52000,52000,34.4
1950-08-14,,51000,51000,33.8
1950-08-15,,50000,50000,33.1
1950-08-16,,48800,48800,32.3
1950-08-17,,47600,47600,31.5
1950-08-18,,46400,46400,30.7
1950-08-19,,45100,45100,29.8
1950-08-20,,43700,43700,28.9
1950-08-21,,42200,42200,27.9
1950-08-22,,40600,40600,26.9
1950-08-23,,38800,38800,25.7
1950-08-24,,37000,37000,24.5
1950-08-25,,35280,35280,23.3
1950-08-26,,34100,34100,22.6
1950-08-27,,33200,33200,22.0
1950-08-28,,32300,32300,21.4
1950-08-29,,31500,31500,20.8
1950-08-30,,31100,31100,20.6
1950-08-31,,30300,30300,20.1
1950-09-01,,29540,29540,19.5
1950-09-02,,28700,28700,19.0
1950-09-03,,28000,28000,18.5
1950-09-04,,27500,27500,18.2
1950-09-05,,27300,27300,18.1
1950-09-06,,27800,27800,18.4
1950-09-07,,29000,29000,19.2
1950-09-08,,31000,31000,20.5
1950-09-09,,32000,32000,21.2
1950-09-10,,33000,33000,21.8
1950-09-11,,34000,34000,22.5
1950-09-12,,34600,34600,22.9
1950-09-13,,35280,35280,23.3
1950-09-14,,35500,35500,23.5
1950-09-15,,35700,35700,23.6
1950-09-16,,35900,35900,23.8
1950-09-17,,36100,36100,23.9
1950-09-18,,36300,36300,24.0
1950-09-19,,36600,36600,24.2
1950-09-20,,36800,36800,24.4
1950-09-21,,37000,37000,24.5
1950-09-22,,37200,37200,24.6
1950-09-23,,37500,37500,24.8
1950-09-24,,37800,37800,25.0
1950-09-25,,38280,38280,25.3
1950-09-26,,38520,38520,25.5
1950-09-27,,39000,39000,25.8
1950-09-28,,40000,40000,26.5
1950-09-29,,40300,40300,26.7
1950-09-30,,40500,40500,26.8
1950-10-01,,40250,40250,26.6
1950-10-02,,43000,43000,28.5
1950-10-03,,47300,47300,31.3
1950-10-04,,53700,53700,35.5
1950-10-05,,56500,56500,37.4
1950-10-06,,57900,57900,38.3
1950-10-07,,58950,58950,39.0
1950-10-08,,59600,59600,39.4
1950-10-09,,60700,60700,40.2
1950-10-10,,61400,61400,40.6
1950-10-11,,62100,62100,41.1
1950-10-12,,62800,62800,41.6
1950-10-13,,62800,62800,41.6
1950-10-14,,63150,63150,41.8
1950-10-15,,63300,63300,41.9
1950-10-16,,63500,63500,42.0
1950-10-17,,63900,63900,42.3
1950-10-18,,64300,64300,42.6
1950-10-19,,64700,64700,42.8
1950-10-20,,65100,65100,43.1
1950-10-21,,65500,65500,43.3
1950-10-22,,65900,65900,43.6
1950-10-23,,66300,66300,43.9
1950-10-24,,66700,66700,44.1
1950-10-25,,67100,67100,44.4
1950-10-26,,67500,67500,44.7
1950-10-27,,67900,67900,44.9
1950-10-28,,68300,68300,45.2
1950-10-29,,69100,69100,45.7
1950-10-30,,69900,69900,46.3
1950-10-31,,71100,71100,47.1
1950-11-01,,72300,72300,47.8
1950-11-02,,72700,72700,48.1
1950-11-03,,72900,72900,48.2
1950-11-04,,73100,73100,48.4
1950-11-05,,73400,73400,48.6
1950-11-06,,73700,73700,48.8
1950-11-07,,74000,74000,49.0
1950-11-08,,74300,74300,49.2
1950-11-09,,74800,74800,49.5
1950-11-10,,75300,75300,49.8
1950-11-11,,75800,75800,50.2
1950-11-12,,76300,76300,50.5
1950-11-13,,76850,76850,50.9
1950-11-14,,77300,77300,51.2
1950-11-15,,77750,77750,51.5
1950-11-16,,78200,78200,51.8
1950-11-17,,78650,78650,52.0
1950-11-18,,79550,79550,52.6
1950-11-19,,80000,80000,52.9
1950-11-20,,80400,80400,53.2
1950-11-21,,80900,80900,53.5
1950-11-22,,81400,81400,53.9
1950-11-23,,81800,81800,54.1
1950-11-24,,82200,82200,54.4
1950-11-25,,82800,82800,54.8
1950-11-26,,83400,83400,55.2
1950-11-27,,84050,84050,55.6
1950-11-28,,84500,84500,55.9
1950-11-29,,85000,85000,56.3
1950-11-30,,85400,85400,56.5
1950-12-01,,85850,85850,56.8
1950-12-02,,86300,86300,57.1
1950-12-03,,86800,86800,57.4
1950-12-04,,87200,87200,57.7
1950-12-05,,87600,87600,58.0
1950-12-06,,88100,88100,58.3
1950-12-07,,88600,88600,58.6
1950-12-08,,89000,89000,58.9
1950-12-09,,89400,89400,59.2
1950-12-10,,89700,89700,59.4
1950-12-11,,90000,90000,59.6
1950-12-12,,90700,90700,60.0
1950-12-13,,91500,91500,60.6
1950-12-14,,92000,92000,60.9
1950-12-15,,92500,92500,61.2
1950-12-16,,92600,92600,61.3
1950-12-17,,92800,92800,61.4
1950-12-18,,92900,92900,61.5
1950-12-19,,93100,93100,61.6
1950-12-20,,93200,93200,61.7
1950-12-21,,93400,93400,61.8
1950-12-22,,93500,93500,61.9
1950-12-23,,93700,93700,62.0
1950-12-24,,93800,93800,62.1
1950-12-25,,93900,93900,62.1
1950-12-26,,94100,94100,62.3
1950-12-27,,94200,94200,62.3
1950-12-28,,94300,94300,62.4
1950-12-29,,94400,94400,62.5
1950-12-30,,94500,94500,62.5
1950-12-31,,95000,95000,62.9
1951-01-01,,95000,95000,62.9
1951-01-02,,95300,95300,63.1
1951-01-03,,95600,95600,63.3
1951-01-04,,96000,96000,63.5
1951-01-05,,96400,96400,63.8
1951-01-06,,96700,96700,64.0
1951-01-07,,97000,97000,64.2
1951-01-08,,97400,97400,64.5
1951-01-09,,97700,97700,64.7
1951-01-10,,98000,98000,64.9
1951-01-11,,98300,98300,65.1
1951-01-12,,98500,98500,65.2
1951-01-13,,98700,98700,65.3
1951-01-14,,99000,99000,65.5
1951-01-15,,99200,99200,65.6
1951-01-16,,99500,99500,65.8
1951-01-17,,99700,99700,66.0
1951-01-18,,100000,100000,66.2
1951-01-19,,100200,100200,66.3
1951-01-20,,100500,100500,66.5
1951-01-21,,100700,100700,66.6
1951-01-22,,101000,101000,66.8
1951-01-23,,101200,101200,67.0
1951-01-24,,101500,101500,67.2
1951-01-25,,102000,102000,67.5
1951-01-26,,102200,102200,67.6
1951-01-27,,102400,102400,67.8
1951-01-28,,102600,102600,67.9
1951-01-29,,102800,102800,68.0
1951-01-30,,102900,102900,68.1
1951-01-31,,103000,103000,68.2
1951-02-01,,103000,103000,68.2
1951-02-02,,103200,103200,68.3
1951-02-03,,103400,103400,68.4
1951-02-04,,103600,103600,68.6
1951-02-05,,103800,103800,68.7
1951-02-06,,103900,103900,68.8
1951-02-07,,104000,104000,68.8
1951-02-08,,103800,103800,68.7
1951-02-09,,103500,103500,68.5
1951-02-10,,103300,103300,68.4
1951-02-11,,103100,103100,68.2
1951-02-12,,102900,102900,68.1
1951-02-13,,102600,102600,67.9
1951-02-14,,102300,102300,67.7
1951-02-15,,102000,102000,67.5
1951-02-16,,101800,101800,67.4
1951-02-17,,101500,101500,67.2
1951-02-18,,101300,101300,67.0
1951-02-19,,101000,101000,66.8
1951-02-20,,100500,100500,66.5
1951-02-21,,100500,100500,66.5
1951-02-22,,101000,101000,66.8
1951-02-23,,101100,101100,66.9
1951-02-24,,101200,101200,67.0
1951-02-25,,101300,101300,67.0
1951-02-26,,101400,101400,67.1
1951-02-27,,101500,101500,67.2
1951-02-28,,101500,101500,67.2
1951-03-01,,101500,101500,67.2
1951-03-02,,101800,101800,67.4
1951-03-03,,102000,102000,67.5
1951-03-04,,102300,102300,67.7
1951-03-05,,102500,102500,67.8
1951-03-06,,102800,102800,68.0
1951-03-07,,103100,103100,68.2
1951-03-08,,103500,103500,68.5
1951-03-09,,103700,103700,68.6
1951-03-10,,104000,104000,68.8
1951-03-11,,104300,104300,69.0
1951-03-12,,104600,104600,69.2
1951-03-13,,104600,104600,69.2
1951-03-14,,104800,104800,69.4
1951-03-15,,105100,105100,69.6
1951-03-16,,105100,105100,69.6
1951-03-17,,105100,105100,69.6
1951-03-18,,105100,105100,69.6
1951-03-19,,105100,105100,69.6
1951-03-20,,105100,105100,69.6
1951-03-21,,105100,105100,69.6
1951-03-22,,105100,105100,69.6
1951-03-23,,105600,105600,69.9
1951-03-24,,105600,105600,69.9
1951-03-25,,105600,105600,69.9
1951-03-26,,105600,105600,69.9
1951-03-27,,105500,105500,69.8
1951-03-28,,105200,105200,69.6
1951-03-29,,104900,104900,69.4
1951-03-30,,104600,104600,69.2
1951-03-31,,104000,104000,68.8
1951-04-01,,103500,103500,68.5
1951-04-02,,103000,103000,68.2
1951-04-03,,103000,103000,68.2
1951-04-04,,102500,102500,67.8
1951-04-05,,102000,102000,67.5
1951-04-06,,101500,101500,67.2
1951-04-07,,101000,101000,66.8
1951-04-08,,100500,100500,66.5
1951-04-09,,100000,100000,66.2
1951-04-10,,99500,99500,65.8
1951-04-11,,99000,99000,65.5
1951-04-12,,98500,98500,65.2
1951-04-13,,97500,97500,64.5
1951-04-14,,97000,97000,64.2
1951-04-15,,96300,96300,63.7
1951-04-16,,95500,95500,63.2
1951-04-17,,94800,94800,62.7
1951-04-18,,94000,94000,62.2
1951-04-19,,93000,93000,61.5
1951-04-20,,92000,92000,60.9
1951-04-21,,91000,91000,60.2
1951-04-22,,90000,90000,59.6
1951-04-23,,89000,89000,58.9
1951-04-24,,88100,88100,58.3
1951-04-25,,87300,87300,57.8
1951-04-26,,86500,86500,57.2
1951-04-27,,85700,85700,56.7
1951-04-28,,84950,84950,56.2
1951-04-29,,84000,84000,55.6
1951-04-30,,83150,83150,55.0
1951-05-01,,82250,82250,54.4
1951-05-02,,80450,80450,53.2
1951-05-03,,78600,78600,52.0
1951-05-04,,77300,77300,51.2
1951-05-05,,76000,76000,50.3
1951-05-06,,74700,74700,49.4
1951-05-07,,73900,73900,48.9
1951-05-08,,73100,73100,48.4
1951-05-09,,72300,72300,47.8
1951-05-10,,71500,71500,47.3
1951-05-11,,70700,70700,46.8
1951-05-12,,70100,70100,46.4
1951-05-13,,69600,69600,46.1
1951-05-14,,69100,69100,45.7
1951-05-15,,68300,68300,45.2
1951-05-16,,67500,67500,44.7
1951-05-17,,66700,66700,44.1
1951-05-18,,66300,66300,43.9
1951-05-19,,65900,65900,43.6
1951-05-20,,65500,65500,43.3
1951-05-21,,65100,65100,43.1
1951-05-22,,64700,64700,42.8
1951-05-23,,64300,64300,42.6
1951-05-24,,63900,63900,42.3
1951-05-25,,63500,63500,42.0
1951-05-26,,63300,63300,41.9
1951-05-27,,63200,63200,41.8
1951-05-28,,63150,63150,41.8
1951-05-29,,62800,62800,41.6
1951-05-30,,62600,62600,41.4
1951-05-31,,62500,62500,41.4
1951-06-01,,62450,62450,41.3
1951-06-02,,62300,62300,41.2
1951-06-03,,62200,62200,41.2
1951-06-04,,62100,62100,41.1
1951-06-05,,62100,62100,41.1
1951-06-06,,62100,62100,41.1
1951-06-07,,62100,62100,41.1
1951-06-08,,62100,62100,41.1
1951-06-09,,62100,62100,41.1
1951-06-10,,62100,62100,41.1
1951-06-11,,62100,62100,41.1
1951-06-12,,62100,62100,41.1
1951-06-13,,62100,62100,41.1
1951-06-14,,62100,62100,41.1
1951-06-15,,62100,62100,41.1
1951-06-16,,62100,62100,41.1
1951-06-17,,62100,62100,41.1
1951-06-18,,62100,62100,41.1
1951-06-19,,62100,62100,41.1
1951-06-20,,61900,61900,41.0
1951-06-21,,61400,61400,40.6
1951-06-22,,60800,60800,40.2
1951-06-23,,60200,60200,39.8
1951-06-24,,59600,59600,39.4
1951-06-25,,59000,59000,39.0
1951-06-26,,58400,58400,38.6
1951-06-27,,57800,57800,38.3
1951-06-28,,57000,57000,37.7
1951-06-29,,56400,56400,37.3
1951-06-30,,55800,55800,36.9
1951-07-01,,55400,55400,36.7
1951-07-02,,55100,55100,36.5
1951-07-03,,53700,53700,35.5
1951-07-04,,52600,52600,34.8
1951-07-05,,51500,51500,34.1
1951-07-06,,50400,50400,33.4
1951-07-07,,49200,49200,32.6
1951-07-08,,48000,48000,31.8
1951-07-09,,46800,46800,31.0
1951-07-10,,45600,45600,30.2
1951-07-11,,44400,44400,29.4
1951-07-12,,43200,43200,28.6
1951-07-13,,42000,42000,27.8
1951-07-14,,40750,40750,27.0
1951-07-15,,39300,39300,26.0
1951-07-16,,37900,37900,25.1
1951-07-17,,36500,36500,24.2
1951-07-18,,35280,35280,23.3
1951-07-19,,33980,33980,22.5
1951-07-20,,33000,33000,21.8
1951-07-21,,32400,32400,21.4
1951-07-22,,32000,32000,21.2
1951-07-23,,32500,32500,21.5
1951-07-24,,33200,33200,22.0
1951-07-25,,34400,34400,22.8
1951-07-26,,34300,34300,22.7
1951-07-27,,34000,34000,22.5
1951-07-28,,33600,33600,22.2
1951-07-29,,33200,33200,22.0
1951-07-30,,32720,32720,21.7
1951-07-31,,32100,32100,21.2
1951-08-01,,31800,31800,21.0
1951-08-02,,31500,31500,20.8
1951-08-03,,31100,31100,20.6
1951-08-04,,30700,30700,20.3
1951-08-05,,30300,30300,20.1
1951-08-06,,30100,30100,19.9
1951-08-07,,29730,29730,19.7
1951-08-08,,29300,29300,19.4
1951-08-09,,28900,28900,19.1
1951-08-10,,28500,28500,18.9
1951-08-11,,28200,28200,18.7
1951-08-12,,27900,27900,18.5
1951-08-13,,27700,27700,18.3
1951-08-14,,27500,27500,18.2
1951-08-15,,27320,27320,18.1
1951-08-16,,27000,27000,17.9
1951-08-17,,26800,26800,17.7
1951-08-18,,26600,26600,17.6
1951-08-19,,26400,26400,17.5
1951-08-20,,26200,26200,17.3
1951-08-21,,26000,26000,17.2
1951-08-22,,25800,25800,17.1
1951-08-23,,25700,25700,17.0
1951-08-24,,25600,25600,16.9
1951-08-25,,25500,25500,16.9
1951-08-26,,25400,25400,16.8
1951-08-27,,25300,25300,16.7
1951-08-28,,25200,25200,16.7
1951-08-29,,25100,25100,16.6
1951-08-30,,25200,25200,16.7
1951-08-31,,25240,25240,16.7
1951-09-01,,25300,25300,16.7
1951-09-02,,25400,25400,16.8
1951-09-03,,25600,25600,16.9
1951-09-04,,25800,25800,17.1
1951-09-05,,26000,26000,17.2
1951-09-06,,26200,26200,17.3
1951-09-07,,26400,26400,17.5
1951-09-08,,26600,26600,17.6
1951-09-09,,26800,26800,17.7
1951-09-10,,26960,26960,17.8
1951-09-11,,27000,27000,17.9
1951-09-12,,26800,26800,17.7
1951-09-13,,26600,26600,17.6
1951-09-14,,26400,26400,17.5
1951-09-15,,26400,26400,17.5
1951-09-16,,26500,26500,17.5
1951-09-17,,26700,26700,17.7
1951-09-18,,26900,26900,17.8
1951-09-19,,27100,27100,17.9
1951-09-20,,27300,27300,18.1
1951-09-21,,27500,27500,18.2
1951-09-22,,27680,27680,18.3
1951-09-23,,27800,27800,18.4
1951-09-24,,27900,27900,18.5
1951-09-25,,28000,28000,18.5
1951-09-26,,28200,28200,18.7
1951-09-27,,28300,28300,18.7
1951-09-28,,28400,28400,18.8
1951-09-29,,28500,28500,18.9
1951-09-30,,28590,28590,18.9
1951-10-01,,28590,28590,18.9
1951-10-02,,28600,28600,18.9
1951-10-03,,28700,28700,19.0
1951-10-04,,28780,28780,19.0
1951-10-05,,28800,28800,19.1
1951-10-06,,28900,28900,19.1
1951-10-07,,28900,28900,19.1
1951-10-08,,28970,28970,19.2
1951-10-09,,28970,28970,19.2
1951-10-10,,29160,29160,19.3
1951-10-11,,29200,29200,19.3
1951-10-12,,29300,29300,19.4
1951-10-13,,29400,29400,19.5
1951-10-14,,29500,29500,19.5
1951-10-15,,29600,29600,19.6
1951-10-16,,29730,29730,19.7
1951-10-17,,29800,29800,19.7
1951-10-18,,29900,29900,19.8
1951-10-19,,30000,30000,19.9
1951-10-20,,30100,30100,19.9
1951-10-21,,30200,30200,20.0
1951-10-22,,30300,30300,20.1
1951-10-23,,30500,30500,20.2
1951-10-24,,30700,30700,20.3
1951-10-25,,30800,30800,20.4
1951-10-26,,30900,30900,20.4
1951-10-27,,31000,31000,20.5
1951-10-28,,31000,31000,20.5
1951-10-29,,31100,31100,20.6
1951-10-30,,31100,31100,20.6
1951-10-31,,31300,31300,20.7
1951-11-01,,31300,31300,20.7
1951-11-02,,31400,31400,20.8
1951-11-03,,31500,31500,20.8
1951-11-04,,31600,31600,20.9
1951-11-05,,31700,31700,21.0
1951-11-06,,31700,31700,21.0
1951-11-07,,31800,31800,21.0
1951-11-08,,31900,31900,21.1
1951-11-09,,32000,32000,21.2
1951-11-10,,32200,32200,21.3
1951-11-11,,32400,32400,21.4
1951-11-12,,32600,32600,21.6
1951-11-13,,32720,32720,21.7
1951-11-14,,32800,32800,21.7
1951-11-15,,32900,32900,21.8
1951-11-16,,33100,33100,21.9
1951-11-17,,33200,33200,22.0
1951-11-18,,33300,33300,22.0
1951-11-19,,33500,33500,22.2
1951-11-20,,33600,33600,22.2
1951-11-21,,33700,33700,22.3
1951-11-22,,33800,33800,22.4
1951-11-23,,34000,34000,22.5
1951-11-24,,34100,34100,22.6
1951-11-25,,34200,34200,22.6
1951-11-26,,34300,34300,22.7
1951-11-27,,34400,34400,22.8
1951-11-28,,34400,34400,22.8
1951-11-29,,34400,34400,22.8
1951-11-30,,34400,34400,22.8
1951-12-01,,34400,34400,22.8
1951-12-02,,34700,34700,23.0
1951-12-03,,35060,35060,23.2
1951-12-04,,34900,34900,23.1
1951-12-05,,34800,34800,23.0
1951-12-06,,34700,34700,23.0
1951-12-07,,34600,34600,22.9
1951-12-08,,34500,34500,22.8
1951-12-09,,34400,34400,22.8
1951-12-10,,34400,34400,22.8
1951-12-11,,34500,34500,22.8
1951-12-12,,34600,34600,22.9
1951-12-13,,34800,34800,23.0
1951-12-14,,34900,34900,23.1
1951-12-15,,35000,35000,23.2
1951-12-16,,35200,35200,23.3
1951-12-17,,35300,35300,23.4
1951-12-18,,35400,35400,23.4
1951-12-19,,35500,35500,23.5
1951-12-20,,35700,35700,23.6
1951-12-21,,35800,35800,23.7
1951-12-22,,35900,35900,23.8
1951-12-23,,36000,36000,23.8
1951-12-24,,36200,36200,24.0
1951-12-25,,36300,36300,24.0
1951-12-26,,36400,36400,24.1
1951-12-27,,36600,36600,24.2
1951-12-28,,36700,36700,24.3
1951-12-29,,36800,36800,24.4
1951-12-30,,36900,36900,24.4
1951-12-31,,37080,37080,24.5
1952-01-01,,37320,37320,24.7
1952-01-02,,37400,37400,24.8
1952-01-03,,37400,37400,24.8
1952-01-04,,37500,37500,24.8
1952-01-05,,37560,37560,24.9
1952-01-06,,37800,37800,25.0
1952-01-07,,37900,37900,25.1
1952-01-08,,38040,38040,25.2
1952-01-09,,38280,38280,25.3
1952-01-10,,38350,38350,25.4
1952-01-11,,38430,38430,25.4
1952-01-12,,38520,38520,25.5
1952-01-13,,38600,38600,25.5
1952-01-14,,38800,38800,25.7
1952-01-15,,39000,39000,25.8
1952-01-16,,39000,39000,25.8
1952-01-17,,39250,39250,26.0
1952-01-18,,39300,39300,26.0
1952-01-19,,39400,39400,26.1
1952-01-20,,39500,39500,26.1
1952-01-21,,39600,39600,26.2
1952-01-22,,39800,39800,26.3
1952-01-23,,40000,40000,26.5
1952-01-24,,40100,40100,26.5
1952-01-25,,40300,40300,26.7
1952-01-26,,40500,40500,26.8
1952-01-27,,40500,40500,26.8
1952-01-28,,40500,40500,26.8
1952-01-29,,40600,40600,26.9
1952-01-30,,40800,40800,27.0
1952-01-31,,41000,41000,27.1
1952-02-01,,41100,41100,27.2
1952-02-02,,41100,41100,27.2
1952-02-03,,41200,41200,27.3
1952-02-04,,41250,41250,27.3
1952-02-05,,41350,41350,27.4
1952-02-06,,41500,41500,27.5
1952-02-07,,41550,41550,27.5
1952-02-08,,41650,41650,27.6
1952-02-09,,41750,41750,27.6
1952-02-10,,41900,41900,27.7
1952-02-11,,42000,42000,27.8
1952-02-12,,42100,42100,27.9
1952-02-13,,42250,42250,28.0
1952-02-14,,42300,42300,28.0
1952-02-15,,42400,42400,28.1
1952-02-16,,42500,42500,28.1
1952-02-17,,42600,42600,28.2
1952-02-18,,42800,42800,28.3
1952-02-19,,43000,43000,28.5
1952-02-20,,43000,43000,28.5
1952-02-21,,43000,43000,28.5
1952-02-22,,43100,43100,28.5
1952-02-23,,43250,43250,28.6
1952-02-24,,43300,43300,28.7
1952-02-25,,43400,43400,28.7
1952-02-26,,43500,43500,28.8
1952-02-27,,43600,43600,28.9
1952-02-28,,43750,43750,29.0
1952-02-29,,44000,44000,29.1
1952-03-01,,44100,44100,29.2
1952-03-02,,44100,44100,29.2
1952-03-03,,44200,44200,29.3
1952-03-04,,44300,44300,29.3
1952-03-05,,44400,44400,29.4
1952-03-06,,44600,44600,29.5
1952-03-07,,44600,44600,29.5
1952-03-08,,44600,44600,29.5
1952-03-09,,44700,44700,29.6
1952-03-10,,44700,44700,29.6
1952-03-11,,44800,44800,29.6
1952-03-12,,44900,44900,29.7
1952-03-13,,44900,44900,29.7
1952-03-14,,44900,44900,29.7
1952-03-15,,44900,44900,29.7
1952-03-16,,44900,44900,29.7
1952-03-17,,45000,45000,29.8
1952-03-18,,45000,45000,29.8
1952-03-19,,45100,45100,29.8
1952-03-20,,45200,45200,29.9
1952-03-21,,45200,45200,29.9
1952-03-22,,45300,45300,30.0
1952-03-23,,45300,45300,30.0
1952-03-24,,45100,45100,29.8
1952-03-25,,44000,44000,29.1
1952-03-26,,43200,43200,28.6
1952-03-27,,42750,42750,28.3
1952-03-28,,42250,42250,28.0
1952-03-29,,41700,41700,27.6
1952-03-30,,41200,41200,27.3
1952-03-31,,40750,40750,27.0
1952-04-01,,40500,40500,26.8
1952-04-02,,40000,40000,26.5
1952-04-03,,39500,39500,26.1
1952-04-04,,39100,39100,25.9
1952-04-05,,38760,38760,25.7
1952-04-06,,38500,38500,25.5
1952-04-07,,38280,38280,25.3
1952-04-08,,37500,37500,24.8
1952-04-09,,36900,36900,24.4
1952-04-10,,36380,36380,24.1
1952-04-11,,35700,35700,23.6
1952-04-12,,35100,35100,23.2
1952-04-13,,34620,34620,22.9
1952-04-14,,34100,34100,22.6
1952-04-15,,33700,33700,22.3
1952-04-16,,33200,33200,22.0
1952-04-17,,32720,32720,21.7
1952-04-18,,33140,33140,21.9
1952-04-19,,33350,33350,22.1
1952-04-20,,33300,33300,22.0
1952-04-21,,33100,33100,21.9
1952-04-22,,32900,32900,21.8
1952-04-23,,32700,32700,21.6
1952-04-24,,32400,32400,21.4
1952-04-25,,32100,32100,21.2
1952-04-26,,31900,31900,21.1
1952-04-27,,31700,31700,21.0
1952-04-28,,31400,31400,20.8
1952-04-29,,31200,31200,20.6
1952-04-30,,30900,30900,20.4
1952-05-01,,30700,30700,20.3
1952-05-02,,30500,30500,20.2
1952-05-03,,30300,30300,20.1
1952-05-04,,30200,30200,20.0
1952-05-05,,30100,30100,19.9
1952-05-06,,30110,30110,19.9
1952-05-07,,30000,30000,19.9
1952-05-08,,29920,29920,19.8
1952-05-09,,29900,29900,19.8
1952-05-10,,29900,29900,19.8
1952-05-11,,29920,29920,19.8
1952-05-12,,29900,29900,19.8
1952-05-13,,29920,29920,19.8
1952-05-14,,29900,29900,19.8
1952-05-15,,29900,29900,19.8
1952-05-16,,29900,29900,19.8
1952-05-17,,29900,29900,19.8
1952-05-18,,29900,29900,19.8
1952-05-19,,29920,29920,19.8
1952-05-20,,30000,30000,19.9
1952-05-21,,30110,30110,19.9
1952-05-22,,30110,30110,19.9
1952-05-23,,30000,30000,19.9
1952-05-24,,29900,29900,19.8
1952-05-25,,29730,29730,19.7
1952-05-26,,29600,29600,19.6
1952-05-27,,29500,29500,19.5
1952-05-28,,29400,29400,19.5
1952-05-29,,29500,29500,19.5
1952-05-30,,29700,29700,19.7
1952-05-31,,29920,29920,19.8
1952-06-01,,29800,29800,19.7
1952-06-02,,29730,29730,19.7
1952-06-03,,29800,29800,19.7
1952-06-04,,29800,29800,19.7
1952-06-05,,29900,29900,19.8
1952-06-06,,29920,29920,19.8
1952-06-07,,29900,29900,19.8
1952-06-08,,29900,29900,19.8
1952-06-09,,30000,30000,19.9
1952-06-10,,30000,30000,19.9
1952-06-11,,29900,29900,19.8
1952-06-12,,29730,29730,19.7
1952-06-13,,29600,29600,19.6
1952-06-14,,29500,29500,19.5
1952-06-15,,29300,29300,19.4
1952-06-16,,29160,29160,19.3
1952-06-17,,28970,28970,19.2
1952-06-18,,28800,28800,19.1
1952-06-19,,28590,28590,18.9
1952-06-20,,28480,28480,18.8
1952-06-21,,28370,28370,18.8
1952-06-22,,28220,28220,18.7
1952-06-23,,28040,28040,18.6
1952-06-24,,27500,27500,18.2
1952-06-25,,27000,27000,17.9
1952-06-26,,26430,26430,17.5
1952-06-27,,26400,26400,17.5
1952-06-28,,26350,26350,17.4
1952-06-29,,26300,26300,17.4
1952-06-30,,26260,26260,17.4
1952-07-01,,26000,26000,17.2
1952-07-02,,25800,25800,17.1
1952-07-03,,25500,25500,16.9
1952-07-04,,25200,25200,16.7
1952-07-05,,24900,24900,16.5
1952-07-06,,24600,24600,16.3
1952-07-07,,24100,24100,15.9
1952-07-08,,23500,23500,15.6
1952-07-09,,24580,24580,16.3
1952-07-10,,25200,25200,16.7
1952-07-11,,25700,25700,17.0
1952-07-12,,26260,26260,17.4
1952-07-13,,26600,26600,17.6
1952-07-14,,27000,27000,17.9
1952-07-15,,28000,28000,18.5
1952-07-16,,28590,28590,18.9
1952-07-17,,29400,29400,19.5
1952-07-18,,29730,29730,19.7
1952-07-19,,29920,29920,19.8
1952-07-20,,29800,29800,19.7
1952-07-21,,29730,29730,19.7
1952-07-22,,29730,29730,19.7
1952-07-23,,29600,29600,19.6
1952-07-24,,29540,29540,19.5
1952-07-25,,29300,29300,19.4
1952-07-26,,29000,29000,19.2
1952-07-27,,28800,28800,19.1
1952-07-28,,28590,28590,18.9
1952-07-29,,28400,28400,18.8
1952-07-30,,28200,28200,18.7
1952-07-31,,27860,27860,18.4
1952-08-01,,27320,27320,18.1
1952-08-02,,26600,26600,17.6
1952-08-03,,25800,25800,17.1
1952-08-04,,25070,25070,16.6
1952-08-05,,24300,24300,16.1
1952-08-06,,23620,23620,15.6
1952-08-07,,22900,22900,15.2
1952-08-08,,22200,22200,14.7
1952-08-09,,21500,21500,14.2
1952-08-10,,20820,20820,13.8
1952-08-11,,20500,20500,13.6
1952-08-12,,20200,20200,13.4
1952-08-13,,20010,20010,13.2
1952-08-14,,19800,19800,13.1
1952-08-15,,19600,19600,13.0
1952-08-16,,19490,19490,12.9
1952-08-17,,19360,19360,12.8
1952-08-18,,19230,19230,12.7
1952-08-19,,18840,18840,12.5
1952-08-20,,18200,18200,12.0
1952-08-21,,17500,17500,11.6
1952-08-22,,16800,16800,11.1
1952-08-23,,16000,16000,10.6
1952-08-24,,15190,15190,10.1
1952-08-25,,15000,15000,9.9
1952-08-26,,15000,15000,9.9
1952-08-27,,15050,15050,10.0
1952-08-28,,15100,15100,10.0
1952-08-29,,15150,15150,10.0
1952-08-30,,15200,15200,10.1
1952-08-31,,15190,15190,10.1
1952-09-01,,15200,15200,10.1
1952-09-02,,15200,15200,10.1
1952-09-03,,15000,15000,9.9
1952-09-04,,14600,14600,9.7
1952-09-05,,14200,14200,9.4
1952-09-06,,13800,13800,9.1
1952-09-07,,13400,13400,8.9
1952-09-08,,13110,13110,8.7
1952-09-09,,12700,12700,8.4
1952-09-10,,12570,12570,8.3
1952-09-11,,12500,12500,8.3
1952-09-12,,12500,12500,8.3
1952-09-13,,12600,12600,8.3
1952-09-14,,12700,12700,8.4
1952-09-15,,12800,12800,8.5
1952-09-16,,12900,12900,8.5
1952-09-17,,13000,13000,8.6
1952-09-18,,13000,13000,8.6
1952-09-19,,13100,13100,8.7
1952-09-20,,13200,13200,8.7
1952-09-21,,13300,13300,8.8
1952-09-22,,13400,13400,8.9
1952-09-23,,13500,13500,8.9
1952-09-24,,13600,13600,9.0
1952-09-25,,13700,13700,9.1
1952-09-26,,13800,13800,9.1
1952-09-27,,13900,13900,9.2
1952-09-28,,14000,14000,9.3
1952-09-29,,14200,14200,9.4
1952-09-30,,14420,14420,9.5
1952-10-01,,14500,14500,9.6
1952-10-02,,14600,14600,9.7
1952-10-03,,14700,14700,9.7
1952-10-04,,14800,14800,9.8
1952-10-05,,14900,14900,9.9
1952-10-06,,15000,15000,9.9
1952-10-07,,15100,15100,10.0
1952-10-08,,15190,15190,10.1
1952-10-09,,15660,15660,10.4
1952-10-10,,15660,15660,10.4
1952-10-11,,15800,15800,10.5
1952-10-12,,15900,15900,10.5
1952-10-13,,16100,16100,10.7
1952-10-14,,16200,16200,10.7
1952-10-15,,16400,16400,10.9
1952-10-16,,16600,16600,11.0
1952-10-17,,16800,16800,11.1
1952-10-18,,16900,16900,11.2
1952-10-19,,17100,17100,11.3
1952-10-20,,17300,17300,11.4
1952-10-21,,17500,17500,11.6
1952-10-22,,17700,17700,11.7
1952-10-23,,17800,17800,11.8
1952-10-24,,18000,18000,11.9
1952-10-25,,18300,18300,12.1
1952-10-26,,18580,18580,12.3
1952-10-27,,18600,18600,12.3
1952-10-28,,18600,18600,12.3
1952-10-29,,18700,18700,12.4
1952-10-30,,18800,18800,12.4
1952-10-31,,18840,18840,12.5
1952-11-01,,18900,18900,12.5
1952-11-02,,19000,19000,12.6
1952-11-03,,19200,19200,12.7
1952-11-04,,19400,19400,12.8
1952-11-05,,19500,19500,12.9
1952-11-06,,19600,19600,13.0
1952-11-07,,19800,19800,13.1
1952-11-08,,19900,19900,13.2
1952-11-09,,20000,20000,13.2
1952-11-10,,20140,20140,13.3
1952-11-11,,20270,20270,13.4
1952-11-12,,20300,20300,13.4
1952-11-13,,20400,20400,13.5
1952-11-14,,20500,20500,13.6
1952-11-15,,20600,20600,13.6
1952-11-16,,20700,20700,13.7
1952-11-17,,20800,20800,13.8
1952-11-18,,20900,20900,13.8
1952-11-19,,21000,21000,13.9
1952-11-20,,21000,21000,13.9
1952-11-21,,21100,21100,14.0
1952-11-22,,21200,21200,14.0
1952-11-23,,21300,21300,14.1
1952-11-24,,21400,21400,14.2
1952-11-25,,21500,21500,14.2
1952-11-26,,21600,21600,14.3
1952-11-27,,21700,21700,14.4
1952-11-28,,21800,21800,14.4
1952-11-29,,21900,21900,14.5
1952-11-30,,21950,21950,14.5
1952-12-01,,22000,22000,14.6
1952-12-02,,22100,22100,14.6
1952-12-03,,22300,22300,14.8
1952-12-04,,22400,22400,14.8
1952-12-05,,22600,22600,15.0
1952-12-06,,22700,22700,15.0
1952-12-07,,22900,22900,15.2
1952-12-08,,23000,23000,15.2
1952-12-09,,23150,23150,15.3
1952-12-10,,23300,23300,15.4
1952-12-11,,23400,23400,15.5
1952-12-12,,23500,23500,15.6
1952-12-13,,23650,23650,15.7
1952-12-14,,23800,23800,15.8
1952-12-15,,23900,23900,15.8
1952-12-16,,24000,24000,15.9
1952-12-17,,24100,24100,15.9
1952-12-18,,24200,24200,16.0
1952-12-19,,24300,24300,16.1
1952-12-20,,24420,24420,16.2
1952-12-21,,24500,24500,16.2
1952-12-22,,24600,24600,16.3
1952-12-23,,24700,24700,16.3
1952-12-24,,24800,24800,16.4
1952-12-25,,24900,24900,16.5
1952-12-26,,25070,25070,16.6
1952-12-27,,25200,25200,16.7
1952-12-28,,25350,25350,16.8
1952-12-29,,25500,25500,16.9
1952-12-30,,25650,25650,17.0
1952-12-31,,25750,25750,17.0
1953-01-01,,25900,25900,17.1
1953-01-02,,26000,26000,17.2
1953-01-03,,26100,26100,17.3
1953-01-04,,26200,26200,17.3
1953-01-05,,26300,26300,17.4
1953-01-06,,26400,26400,17.5
1953-01-07,,26500,26500,17.5
1953-01-08,,26600,26600,17.6
1953-01-09,,26700,26700,17.7
1953-01-10,,26780,26780,17.7
1953-01-11,,26900,26900,17.8
1953-01-12,,27000,27000,17.9
1953-01-13,,27140,27140,18.0
1953-01-14,,27200,27200,18.0
1953-01-15,,27320,27320,18.1
1953-01-16,,27400,27400,18.1
1953-01-17,,27400,27400,18.1
1953-01-18,,27500,27500,18.2
1953-01-19,,27600,27600,18.3
1953-01-20,,27700,27700,18.3
1953-01-21,,27800,27800,18.4
1953-01-22,,27800,27800,18.4
1953-01-23,,27900,27900,18.5
1953-01-24,,28000,28000,18.5
1953-01-25,,28100,28100,18.6
1953-01-26,,28100,28100,18.6
1953-01-27,,28200,28200,18.7
1953-01-28,,28300,28300,18.7
1953-01-29,,28400,28400,18.8
1953-01-30,,28600,28600,18.9
1953-01-31,,28780,28780,19.0
1953-02-01,,28800,28800,19.1
1953-02-02,,28900,28900,19.1
1953-02-03,,28900,28900,19.1
1953-02-04,,29000,29000,19.2
1953-02-05,,29000,29000,19.2
1953-02-06,,29100,29100,19.3
1953-02-07,,29200,29200,19.3
1953-02-08,,29300,29300,19.4
1953-02-09,,29350,29350,19.4
1953-02-10,,29400,29400,19.5
1953-02-11,,29500,29500,19.5
1953-02-12,,29600,29600,19.6
1953-02-13,,29700,29700,19.7
1953-02-14,,29800,29800,19.7
1953-02-15,,29900,29900,19.8
1953-02-16,,30000,30000,19.9
1953-02-17,,30110,30110,19.9
1953-02-18,,30200,30200,20.0
1953-02-19,,30300,30300,20.1
1953-02-20,,30400,30400,20.1
1953-02-21,,30500,30500,20.2
1953-02-22,,30600,30600,20.3
1953-02-23,,30700,30700,20.3
1953-02-24,,30800,30800,20.4
1953-02-25,,30800,30800,20.4
1953-02-26,,30900,30900,20.4
1953-02-27,,31000,31000,20.5
1953-02-28,,31100,31100,20.6
1953-03-01,,31200,31200,20.6
1953-03-02,,31300,31300,20.7
1953-03-03,,31300,31300,20.7
1953-03-04,,31300,31300,20.7
1953-03-05,,31300,31300,20.7
1953-03-06,,31300,31300,20.7
1953-03-07,,31300,31300,20.7
1953-03-08,,31400,31400,20.8
1953-03-09,,31400,31400,20.8
1953-03-10,,31400,31400,20.8
1953-03-11,,31500,31500,20.8
1953-03-12,,31500,31500,20.8
1953-03-13,,31500,31500,20.8
1953-03-14,,31600,31600,20.9
1953-03-15,,31600,31600,20.9
1953-03-16,,31600,31600,20.9
1953-03-17,,31700,31700,21.0
1953-03-18,,31700,31700,21.0
1953-03-19,,31700,31700,21.0
1953-03-20,,31800,31800,21.0
1953-03-21,,31800,31800,21.0
1953-03-22,,31800,31800,21.0
1953-03-23,,31900,31900,21.1
1953-03-24,,31900,31900,21.1
1953-03-25,,31900,31900,21.1
1953-03-26,,31900,31900,21.1
1953-03-27,,31900,31900,21.1
1953-03-28,,31900,31900,21.1
1953-03-29,,31900,31900,21.1
1953-03-30,,31900,31900,21.1
1953-03-31,,31900,31900,21.1
1953-04-01,,31900,31900,21.1
1953-04-02,,31800,31800,21.0
1953-04-03,,31800,31800,21.0
1953-04-04,,31700,31700,21.0
1953-04-05,,31700,31700,21.0
1953-04-06,,31700,31700,21.0
1953-04-07,,31700,31700,21.0
1953-04-08,,31600,31600,20.9
1953-04-09,,31500,31500,20.8
1953-04-10,,31400,31400,20.8
1953-04-11,,31300,31300,20.7
1953-04-12,,31200,31200,20.6
1953-04-13,,31100,31100,20.6
1953-04-14,,31100,31100,20.6
1953-04-15,,31100,31100,20.6
1953-04-16,,31100,31100,20.6
1953-04-17,,31000,31000,20.5
1953-04-18,,31000,31000,20.5
1953-04-19,,31000,31000,20.5
1953-04-20,,31000,31000,20.5
1953-04-21,,31000,31000,20.5
1953-04-22,,31000,31000,20.5
1953-04-23,,30900,30900,20.4
1953-04-24,,30900,30900,20.4
1953-04-25,,30900,30900,20.4
1953-04-26,,30900,30900,20.4
1953-04-27,,30800,30800,20.4
1953-04-28,,30800,30800,20.4
1953-04-29,,30800,30800,20.4
1953-04-30,,30700,30700,20.3
1953-05-01,,30700,30700,20.3
1953-05-02,,30600,30600,20.3
1953-05-03,,30600,30600,20.3
1953-05-04,,30600,30600,20.3
1953-05-05,,30500,30500,20.2
1953-05-06,,30500,30500,20.2
1953-05-07,,30600,30600,20.3
1953-05-08,,30600,30600,20.3
1953-05-09,,30600,30600,20.3
1953-05-10,,30600,30600,20.3
1953-05-11,,30600,30600,20.3
1953-05-12,,30700,30700,20.3
1953-05-13,,30700,30700,20.3
1953-05-14,,30700,30700,20.3
1953-05-15,,30700,30700,20.3
1953-05-16,,30700,30700,20.3
1953-05-17,,30700,30700,20.3
1953-05-18,,30700,30700,20.3
1953-05-19,,30700,30700,20.3
1953-05-20,,30700,30700,20.3
1953-05-21,,30700,30700,20.3
1953-05-22,,30700,30700,20.3
1953-05-23,,30700,30700,20.3
1953-05-24,,30600,30600,20.3
1953-05-25,,30600,30600,20.3
1953-05-26,,30600,30600,20.3
1953-05-27,,30500,30500,20.2
1953-05-28,,30500,30500,20.2
1953-05-29,,30500,30500,20.2
1953-05-30,,30500,30500,20.2
1953-05-31,,30500,30500,20.2
1953-06-01,,30600,30600,20.3
1953-06-02,,30600,30600,20.3
1953-06-03,,30500,30500,20.2
1953-06-04,,30400,30400,20.1
1953-06-05,,30300,30300,20.1
1953-06-06,,30200,30200,20.0
1953-06-07,,30100,30100,19.9
1953-06-08,,30000,30000,19.9
1953-06-09,,29920,29920,19.8
1953-06-10,,29900,29900,19.8
1953-06-11,,29900,29900,19.8
1953-06-12,,29900,29900,19.8
1953-06-13,,29900,29900,19.8
1953-06-14,,29900,29900,19.8
1953-06-15,,29920,29920,19.8
1953-06-16,,29800,29800,19.7
1953-06-17,,29800,29800,19.7
1953-06-18,,29700,29700,19.7
1953-06-19,,29700,29700,19.7
1953-06-20,,29600,29600,19.6
1953-06-21,,29600,29600,19.6
1953-06-22,,29540,29540,19.5
1953-06-23,,29540,29540,19.5
1953-06-24,,29400,29400,19.5
1953-06-25,,29300,29300,19.4
1953-06-26,,29200,29200,19.3
1953-06-27,,29100,29100,19.3
1953-06-28,,29000,29000,19.2
1953-06-29,,28900,28900,19.1
1953-06-30,,28780,28780,19.0
1953-07-01,,28500,28500,18.9
1953-07-02,,28300,28300,18.7
1953-07-03,,28100,28100,18.6
1953-07-04,,27900,27900,18.5
1953-07-05,,27680,27680,18.3
1953-07-06,,27500,27500,18.2
1953-07-07,,27200,27200,18.0
1953-07-08,,26960,26960,17.8
1953-07-09,,26900,26900,17.8
1953-07-10,,26780,26780,17.7
1953-07-11,,26650,26650,17.6
1953-07-12,,26450,26450,17.5
1953-07-13,,26260,26260,17.4
1953-07-14,,26260,26260,17.4
1953-07-15,,26260,26260,17.4
1953-07-16,,26260,26260,17.4
1953-07-17,,26300,26300,17.4
1953-07-18,,26500,26500,17.5
1953-07-19,,26800,26800,17.7
1953-07-20,,27000,27000,17.9
1953-07-21,,27300,27300,18.1
1953-07-22,,27500,27500,18.2
1953-07-23,,27500,27500,18.2
1953-07-24,,27400,27400,18.1
1953-07-25,,27400,27400,18.1
1953-07-26,,27300,27300,18.1
1953-07-27,,27200,27200,18.0
1953-07-28,,27140,27140,18.0
1953-07-29,,27100,27100,17.9
1953-07-30,,27000,27000,17.9
1953-07-31,,26960,26960,17.8
1953-08-01,,26900,26900,17.8
1953-08-02,,26850,26850,17.8
1953-08-03,,26800,26800,17.7
1953-08-04,,26800,26800,17.7
1953-08-05,,26780,26780,17.7
1953-08-06,,26700,26700,17.7
1953-08-07,,26500,26500,17.5
1953-08-08,,26400,26400,17.5
1953-08-09,,26300,26300,17.4
1953-08-10,,26200,26200,17.3
1953-08-11,,26090,26090,17.3
1953-08-12,,25900,25900,17.1
1953-08-13,,25700,25700,17.0
1953-08-14,,25500,25500,16.9
1953-08-15,,25200,25200,16.7
1953-08-16,,24900,24900,16.5
1953-08-17,,24800,24800,16.4
1953-08-18,,24800,24800,16.4
1953-08-19,,24700,24700,16.3
1953-08-20,,24700,24700,16.3
1953-08-21,,24700,24700,16.3
1953-08-22,,24600,24600,16.3
1953-08-23,,24600,24600,16.3
1953-08-24,,24600,24600,16.3
1953-08-25,,24600,24600,16.3
1953-08-26,,24600,24600,16.3
1953-08-27,,24600,24600,16.3
1953-08-28,,24600,24600,16.3
1953-08-29,,24600,24600,16.3
1953-08-30,,24600,24600,16.3
1953-08-31,,24580,24580,16.3
1953-09-01,,24500,24500,16.2
1953-09-02,,24420,24420,16.2
1953-09-03,,24360,24360,16.1
1953-09-04,,24300,24300,16.1
1953-09-05,,24240,24240,16.0
1953-09-06,,24180,24180,16.0
1953-09-07,,24120,24120,16.0
1953-09-08,,24060,24060,15.9
1953-09-09,,24000,24000,15.9
1953-09-10,,23940,23940,15.8
1953-09-11,,23900,23900,15.8
1953-09-12,,23850,23850,15.8
1953-09-13,,23850,23850,15.8
1953-09-14,,23800,23800,15.8
1953-09-15,,23800,23800,15.8
1953-09-16,,23780,23780,15.7
1953-09-17,,23780,23780,15.7
1953-09-18,,23780,23780,15.7
1953-09-19,,23750,23750,15.7
1953-09-20,,23720,23720,15.7
1953-09-21,,23680,23680,15.7
1953-09-22,,23660,23660,15.7
1953-09-23,,23640,23640,15.6
1953-09-24,,23620,23620,15.6
1953-09-25,,23600,23600,15.6
1953-09-26,,23550,23550,15.6
1953-09-27,,23500,23500,15.6
1953-09-28,,23440,23440,15.5
1953-09-29,,23370,23370,15.5
1953-09-30,,23300,23300,15.4
1953-10-01,,23300,23300,15.4
1953-10-02,,23300,23300,15.4
1953-10-03,,25000,25000,16.5
1953-10-04,,26000,26000,17.2
1953-10-05,,26400,26400,17.5
1953-10-06,,26500,26500,17.5
1953-10-07,,26500,26500,17.5
1953-10-08,,26430,26430,17.5
1953-10-09,,26400,26400,17.5
1953-10-10,,26350,26350,17.4
1953-10-11,,26320,26320,17.4
1953-10-12,,26300,26300,17.4
1953-10-13,,26260,26260,17.4
1953-10-14,,26260,26260,17.4
1953-10-15,,26260,26260,17.4
1953-10-16,,26260,26260,17.4
1953-10-17,,26260,26260,17.4
1953-10-18,,26260,26260,17.4
1953-10-19,,26260,26260,17.4
1953-10-20,,26260,26260,17.4
1953-10-21,,26260,26260,17.4
1953-10-22,,26400,26400,17.5
1953-10-23,,30000,30000,19.9
1953-10-24,,32100,32100,21.2
1953-10-25,,32800,32800,21.7
1953-10-26,,33200,33200,22.0
1953-10-27,,33350,33350,22.1
1953-10-28,,33400,33400,22.1
1953-10-29,,33400,33400,22.1
1953-10-30,,33380,33380,22.1
1953-10-31,,33350,33350,22.1
1953-11-01,,33350,33350,22.1
1953-11-02,,33350,33350,22.1
1953-11-03,,33350,33350,22.1
1953-11-04,,33350,33350,22.1
1953-11-05,,33350,33350,22.1
1953-11-06,,33350,33350,22.1
1953-11-07,,33350,33350,22.1
1953-11-08,,33350,33350,22.1
1953-11-09,,33350,33350,22.1
1953-11-10,,33350,33350,22.1
1953-11-11,,33350,33350,22.1
1953-11-12,,33350,33350,22.1
1953-11-13,,33350,33350,22.1
1953-11-14,,33350,33350,22.1
1953-11-15,,33350,33350,22.1
1953-11-16,,33420,33420,22.1
1953-11-17,,33560,33560,22.2
1953-11-18,,33560,33560,22.2
1953-11-19,,33560,33560,22.2
1953-11-20,,33560,33560,22.2
1953-11-21,,33560,33560,22.2
1953-11-22,,33560,33560,22.2
1953-11-23,,33560,33560,22.2
1953-11-24,,33560,33560,22.2
1953-11-25,,33560,33560,22.2
1953-11-26,,33560,33560,22.2
1953-11-27,,33600,33600,22.2
1953-11-28,,33650,33650,22.3
1953-11-29,,33700,33700,22.3
1953-11-30,,33770,33770,22.3
1953-12-01,,33770,33770,22.3
1953-12-02,,33770,33770,22.3
1953-12-03,,33770,33770,22.3
1953-12-04,,33800,33800,22.4
1953-12-05,,33800,33800,22.4
1953-12-06,,33800,33800,22.4
1953-12-07,,33800,33800,22.4
1953-12-08,,33850,33850,22.4
1953-12-09,,33850,33850,22.4
1953-12-10,,33850,33850,22.4
1953-12-11,,33900,33900,22.4
1953-12-12,,33900,33900,22.4
1953-12-13,,33950,33950,22.5
1953-12-14,,33950,33950,22.5
1953-12-15,,33980,33980,22.5
1953-12-16,,33980,33980,22.5
1953-12-17,,34000,34000,22.5
1953-12-18,,34000,34000,22.5
1953-12-19,,34100,34100,22.6
1953-12-20,,34100,34100,22.6
1953-12-21,,34200,34200,22.6
1953-12-22,,34200,34200,22.6
1953-12-23,,34300,34300,22.7
1953-12-24,,34300,34300,22.7
1953-12-25,,34400,34400,22.8
1953-12-26,,34400,34400,22.8
1953-12-27,,34500,34500,22.8
1953-12-28,,34500,34500,22.8
1953-12-29,,34600,34600,22.9
1953-12-30,,34600,34600,22.9
1953-12-31,,34620,34620,22.9
1954-01-01,,34620,34620,22.9
1954-01-02,,34650,34650,22.9
1954-01-03,,34700,34700,23.0
1954-01-04,,34750,34750,23.0
1954-01-05,,34840,34840,23.1
1954-01-06,,34900,34900,23.1
1954-01-07,,34950,34950,23.1
1954-01-08,,35000,35000,23.2
1954-01-09,,35100,35100,23.2
1954-01-10,,35200,35200,23.3
1954-01-11,,35280,35280,23.3
1954-01-12,,35350,35350,23.4
1954-01-13,,35400,35400,23.4
1954-01-14,,35450,35450,23.5
1954-01-15,,35500,35500,23.5
1954-01-16,,35550,35550,23.5
1954-01-17,,35600,35600,23.6
1954-01-18,,35700,35700,23.6
1954-01-19,,35800,35800,23.7
1954-01-20,,35940,35940,23.8
1954-01-21,,35940,35940,23.8
1954-01-22,,36040,36040,23.9
1954-01-23,,36030,36030,23.8
1954-01-24,,36120,36120,23.9
1954-01-25,,36210,36210,24.0
1954-01-26,,36300,36300,24.0
1954-01-27,,36400,36400,24.1
1954-01-28,,36500,36500,24.2
1954-01-29,,36600,36600,24.2
1954-01-30,,36700,36700,24.3
1954-01-31,,36840,36840,24.4
1954-02-01,,36840,36840,24.4
1954-02-02,,36900,36900,24.4
1954-02-03,,37000,37000,24.5
1954-02-04,,37080,37080,24.5
1954-02-05,,37160,37160,24.6
1954-02-06,,37240,37240,24.6
1954-02-07,,37320,37320,24.7
1954-02-08,,37300,37300,24.7
1954-02-09,,37300,37300,24.7
1954-02-10,,37300,37300,24.7
1954-02-11,,37300,37300,24.7
1954-02-12,,37300,37300,24.7
1954-02-13,,37300,37300,24.7
1954-02-14,,37300,37300,24.7
1954-02-15,,37300,37300,24.7
1954-02-16,,37320,37320,24.7
1954-02-17,,37350,37350,24.7
1954-02-18,,37400,37400,24.8
1954-02-19,,37450,37450,24.8
1954-02-20,,37500,37500,24.8
1954-02-21,,37530,37530,24.8
1954-02-22,,37560,37560,24.9
1954-02-23,,37600,37600,24.9
1954-02-24,,37600,37600,24.9
1954-02-25,,37600,37600,24.9
1954-02-26,,37400,37400,24.8
1954-02-27,,37200,37200,24.6
1954-02-28,,37080,37080,24.5
1954-03-01,,36800,36800,24.4
1954-03-02,,36480,36480,24.1
1954-03-03,,36160,36160,23.9
1954-03-04,,35800,35800,23.7
1954-03-05,,35500,35500,23.5
1954-03-06,,35100,35100,23.2
1954-03-07,,34600,34600,22.9
1954-03-08,,34100,34100,22.6
1954-03-09,,33600,33600,22.2
1954-03-10,,33100,33100,21.9
1954-03-11,,32600,32600,21.6
1954-03-12,,32100,32100,21.2
1954-03-13,,31700,31700,21.0
1954-03-14,,31300,31300,20.7
1954-03-15,,30900,30900,20.4
1954-03-16,,30400,30400,20.1
1954-03-17,,29900,29900,19.8
1954-03-18,,29400,29400,19.5
1954-03-19,,28900,28900,19.1
1954-03-20,,28400,28400,18.8
1954-03-21,,28040,28040,18.6
1954-03-22,,27500,27500,18.2
1954-03-23,,27000,27000,17.9
1954-03-24,,26500,26500,17.5
1954-03-25,,26000,26000,17.2
1954-03-26,,25500,25500,16.9
1954-03-27,,25000,25000,16.5
1954-03-28,,24740,24740,16.4
1954-03-29,,24700,24700,16.3
1954-03-30,,24700,24700,16.3
1954-03-31,,24740,24740,16.4
1954-04-01,,24740,24740,16.4
1954-04-02,,24750,24750,16.4
1954-04-03,,24770,24770,16.4
1954-04-04,,24800,24800,16.4
1954-04-05,,24830,24830,16.4
1954-04-06,,24860,24860,16.5
1954-04-07,,24900,24900,16.5
1954-04-08,,24920,24920,16.5
1954-04-09,,24940,24940,16.5
1954-04-10,,24960,24960,16.5
1954-04-11,,31000,31000,20.5
1954-04-12,,32500,32500,21.5
1954-04-13,,33560,33560,22.2
1954-04-14,,34840,34840,23.1
1954-04-15,,34900,34900,23.1
1954-04-16,,35060,35060,23.2
1954-04-17,,35100,35100,23.2
1954-04-18,,35150,35150,23.3
1954-04-19,,35200,35200,23.3
1954-04-20,,35250,35250,23.3
1954-04-21,,35300,35300,23.4
1954-04-22,,35350,35350,23.4
1954-04-23,,35400,35400,23.4
1954-04-24,,35450,35450,23.5
1954-04-25,,36500,36500,24.2
1954-04-26,,37080,37080,24.5
1954-04-27,,37320,37320,24.7
1954-04-28,,37200,37200,24.6
1954-04-29,,37100,37100,24.6
1954-04-30,,37080,37080,24.5
1954-05-01,,37080,37080,24.5
1954-05-02,,37000,37000,24.5
1954-05-03,,36950,36950,24.5
1954-05-04,,36900,36900,24.4
1954-05-05,,36850,36850,24.4
1954-05-06,,36800,36800,24.4
1954-05-07,,36750,36750,24.3
1954-05-08,,36700,36700,24.3
1954-05-09,,36650,36650,24.3
1954-05-10,,36600,36600,24.2
1954-05-11,,36550,36550,24.2
1954-05-12,,36500,36500,24.2
1954-05-13,,36450,36450,24.1
1954-05-14,,36400,36400,24.1
1954-05-15,,36400,36400,24.1
1954-05-16,,36350,36350,24.1
1954-05-17,,36380,36380,24.1
1954-05-18,,39750,39750,26.3
1954-05-19,,40000,40000,26.5
1954-05-20,,39500,39500,26.1
1954-05-21,,39000,39000,25.8
1954-05-22,,38500,38500,25.5
1954-05-23,,38100,38100,25.2
1954-05-24,,37700,37700,24.9
1954-05-25,,37320,37320,24.7
1954-05-26,,37000,37000,24.5
1954-05-27,,36700,36700,24.3
1954-05-28,,36400,36400,24.1
1954-05-29,,36250,36250,24.0
1954-05-30,,36300,36300,24.0
1954-05-31,,36380,36380,24.1
1954-06-01,,36380,36380,24.1
1954-06-02,,36380,36380,24.1
1954-06-03,,36380,36380,24.1
1954-06-04,,36380,36380,24.1
1954-06-05,,36380,36380,24.1
1954-06-06,,36380,36380,24.1
1954-06-07,,36000,36000,23.8
1954-06-08,,35600,35600,23.6
1954-06-09,,35200,35200,23.3
1954-06-10,,34840,34840,23.1
1954-06-11,,34400,34400,22.8
1954-06-12,,34000,34000,22.5
1954-06-13,,33600,33600,22.2
1954-06-14,,33350,33350,22.1
1954-06-15,,33100,33100,21.9
1954-06-16,,32930,32930,21.8
1954-06-17,,32930,32930,21.8
1954-06-18,,32800,32800,21.7
1954-06-19,,32720,32720,21.7
1954-06-20,,32700,32700,21.6
1954-06-21,,32600,32600,21.6
1954-06-22,,32600,32600,21.6
1954-06-23,,32510,32510,21.5
1954-06-24,,32500,32500,21.5
1954-06-25,,32400,32400,21.4
1954-06-26,,32300,32300,21.4
1954-06-27,,32100,32100,21.2
1954-06-28,,31700,31700,21.0
1954-06-29,,31200,31200,20.6
1954-06-30,,30800,30800,20.4
1954-07-01,,30300,30300,20.1
1954-07-02,,29900,29900,19.8
1954-07-03,,29500,29500,19.5
1954-07-04,,29160,29160,19.3
1954-07-05,,29000,29000,19.2
1954-07-06,,28780,28780,19.0
1954-07-07,,28700,28700,19.0
1954-07-08,,28650,28650,19.0
1954-07-09,,28600,28600,18.9
1954-07-10,,28590,28590,18.9
1954-07-11,,28400,28400,18.8
1954-07-12,,28400,28400,18.8
1954-07-13,,28400,28400,18.8
1954-07-14,,28400,28400,18.8
1954-07-15,,28400,28400,18.8
1954-07-16,,28400,28400,18.8
1954-07-17,,28400,28400,18.8
1954-07-18,,28400,28400,18.8
1954-07-19,,28400,28400,18.8
1954-07-20,,28400,28400,18.8
1954-07-21,,28220,28220,18.7
1954-07-22,,27500,27500,18.2
1954-07-23,,26700,26700,17.7
1954-07-24,,26000,26000,17.2
1954-07-25,,25200,25200,16.7
1954-07-26,,24500,24500,16.2
1954-07-27,,23700,23700,15.7
1954-07-28,,23000,23000,15.2
1954-07-29,,22100,22100,14.6
1954-07-30,,21400,21400,14.2
1954-07-31,,20680,20680,13.7
1954-08-01,,20010,20010,13.2
1954-08-02,,19500,19500,12.9
1954-08-03,,19100,19100,12.6
1954-08-04,,18710,18710,12.4
1954-08-05,,18200,18200,12.0
1954-08-06,,18200,18200,12.0
1954-08-07,,18200,18200,12.0
1954-08-08,,18200,18200,12.0
1954-08-09,,18200,18200,12.0
1954-08-10,,18710,18710,12.4
1954-08-11,,18200,18200,12.0
1954-08-12,,17670,17670,11.7
1954-08-13,,17300,17300,11.4
1954-08-14,,17000,17000,11.3
1954-08-15,,16700,16700,11.1
1954-08-16,,16400,16400,10.9
1954-08-17,,16260,16260,10.8
1954-08-18,,16200,16200,10.7
1954-08-19,,16100,16100,10.7
1954-08-20,,16000,16000,10.6
1954-08-21,,16000,16000,10.6
1954-08-22,,17000,17000,11.3
1954-08-23,,20140,20140,13.3
1954-08-24,,24100,24100,15.9
1954-08-25,,27320,27320,18.1
1954-08-26,,28780,28780,19.0
1954-08-27,,28400,28400,18.8
1954-08-28,,28000,28000,18.5
1954-08-29,,28000,28000,18.5
1954-08-30,,28100,28100,18.6
1954-08-31,,28220,28220,18.7
1954-09-01,,27680,27680,18.3
1954-09-02,,26900,26900,17.8
1954-09-03,,26100,26100,17.3
1954-09-04,,25240,25240,16.7
1954-09-05,,24400,24400,16.1
1954-09-06,,23620,23620,15.6
1954-09-07,,22900,22900,15.2
1954-09-08,,22200,22200,14.7
1954-09-09,,21520,21520,14.2
1954-09-10,,20800,20800,13.8
1954-09-11,,20100,20100,13.3
1954-09-12,,19490,19490,12.9
1954-09-13,,19000,19000,12.6
1954-09-14,,18840,18840,12.5
1954-09-15,,18840,18840,12.5
1954-09-16,,18840,18840,12.5
1954-09-17,,18840,18840,12.5
1954-09-18,,18840,18840,12.5
1954-09-19,,18840,18840,12.5
1954-09-20,,18850,18850,12.5
1954-09-21,,18860,18860,12.5
1954-09-22,,18870,18870,12.5
1954-09-23,,18880,18880,12.5
1954-09-24,,18890,18890,12.5
1954-09-25,,18900,18900,12.5
1954-09-26,,18920,18920,12.5
1954-09-27,,18930,18930,12.5
1954-09-28,,18950,18950,12.5
1954-09-29,,18960,18960,12.5
1954-09-30,,18970,18970,12.6
1954-10-01,,18970,18970,12.6
1954-10-02,,19400,19400,12.8
1954-10-03,,19600,19600,13.0
1954-10-04,,19880,19880,13.2
1954-10-05,,20010,20010,13.2
1954-10-06,,20960,20960,13.9
1954-10-07,,24100,24100,15.9
1954-10-08,,37800,37800,25.0
1954-10-09,,53000,53000,35.1
1954-10-10,,80000,80000,52.9
1954-10-11,,85400,85400,56.5
1954-10-12,,102000,102000,67.5
1954-10-13,,127000,127000,84.0
1954-10-14,,143600,143600,95.0
1954-10-15,,150700,150700,99.7
1954-10-16,,155500,155500,100.0
1954-10-17,,157600,157600,100.0
1954-10-18,,158300,158300,100.0
1954-10-19,,157600,157600,100.0
1954-10-20,,157600,157600,100.0
1954-10-21,,157600,157600,100.0
1954-10-22,,157600,157600,100.0
1954-10-23,,157600,157600,100.0
1954-10-24,,157600,157600,100.0
1954-10-25,,158300,158300,100.0
1954-10-26,,159000,159000,100.0
1954-10-27,,160500,160500,100.0
1954-10-28,,161200,161200,100.0
1954-10-29,,162000,162000,100.0
1954-10-30,,162800,162800,100.0
1954-10-31,,163500,163500,100.0
1954-11-01,,163500,163500,100.0
1954-11-02,,163200,163200,100.0
1954-11-03,,163000,163000,100.0
1954-11-04,,162800,162800,100.0
1954-11-05,,162800,162800,100.0
1954-11-06,,162800,162800,100.0
1954-11-07,,162800,162800,100.0
1954-11-08,,162800,162800,100.0
1954-11-09,,162800,162800,100.0
1954-11-10,,162800,162800,100.0
1954-11-11,,162800,162800,100.0
1954-11-12,,162900,162900,100.0
1954-11-13,,163000,163000,100.0
1954-11-14,,163200,163200,100.0
1954-11-15,,163500,163500,100.0
1954-11-16,,164000,164000,100.0
1954-11-17,,164200,164200,100.0
1954-11-18,,163500,163500,100.0
1954-11-19,,163500,163500,100.0
1954-11-20,,163500,163500,100.0
1954-11-21,,163500,163500,100.0
1954-11-22,,163500,163500,100.0
1954-11-23,,163500,163500,100.0
1954-11-24,,163500,163500,100.0
1954-11-25,,163500,163500,100.0
1954-11-26,,163500,163500,100.0
1954-11-27,,163500,163500,100.0
1954-11-28,,163300,163300,100.0
1954-11-29,,163000,163000,100.0
1954-11-30,,162800,162800,100.0
1954-12-01,,162800,162800,100.0
1954-12-02,,162800,162800,100.0
1954-12-03,,162800,162800,100.0
1954-12-04,,162800,162800,100.0
1954-12-05,,162800,162800,100.0
1954-12-06,,162800,162800,100.0
1954-12-07,,162800,162800,100.0
1954-12-08,,162800,162800,100.0
1954-12-09,,162800,162800,100.0
1954-12-10,,162800,162800,100.0
1954-12-11,,162800,162800,100.0
1954-12-12,,162400,162400,100.0
1954-12-13,,162000,162000,100.0
1954-12-14,,162000,162000,100.0
1954-12-15,,162000,162000,100.0
1954-12-16,,162000,162000,100.0
1954-12-17,,162000,162000,100.0
1954-12-18,,162000,162000,100.0
1954-12-19,,162000,162000,100.0
1954-12-20,,162000,162000,100.0
1954-12-21,,162000,162000,100.0
1954-12-22,,162000,162000,100.0
1954-12-23,,162000,162000,100.0
1954-12-24,,162000,162000,100.0
1954-12-25,,162000,162000,100.0
1954-12-26,,162000,162000,100.0
1954-12-27,,162000,162000,100.0
1954-12-28,,162000,162000,100.0
1954-12-29,,162000,162000,100.0
1954-12-30,,162000,162000,100.0
1954-12-31,,162000,162000,100.0
1955-01-01,,162000,162000,100.0
1955-01-02,,162000,162000,100.0
1955-01-03,,162000,162000,100.0
1955-01-04,,162400,162400,100.0
1955-01-05,,162800,162800,100.0
1955-01-06,,162800,162800,100.0
1955-01-07,,162800,162800,100.0
1955-01-08,,162800,162800,100.0
1955-01-09,,162800,162800,100.0
1955-01-10,,162800,162800,100.0
1955-01-11,,162800,162800,100.0
1955-01-12,,162800,162800,100.0
1955-01-13,,162800,162800,100.0
1955-01-14,,163100,163100,100.0
1955-01-15,,163500,163500,100.0
1955-01-16,,163500,163500,100.0
1955-01-17,,163500,163500,100.0
1955-01-18,,164200,164200,100.0
1955-01-19,,164200,164200,100.0
1955-01-20,,164200,164200,100.0
1955-01-21,,164200,164200,100.0
1955-01-22,,164200,164200,100.0
1955-01-23,,164200,164200,100.0
1955-01-24,,164200,164200,100.0
1955-01-25,,164200,164200,100.0
1955-01-26,,164200,164200,100.0
1955-01-27,,164200,164200,100.0
1955-01-28,,164200,164200,100.0
1955-01-29,,164200,164200,100.0
1955-01-30,,164200,164200,100.0
1955-01-31,,164200,164200,100.0
1955-02-01,,164200,164200,100.0
1955-02-02,,164200,164200,100.0
1955-02-03,,164200,164200,100.0
1955-02-04,,164200,164200,100.0
1955-02-05,,164200,164200,100.0
1955-02-06,,164200,164200,100.0
1955-02-07,,164200,164200,100.0
1955-02-08,,163800,163800,100.0
1955-02-09,,163500,163500,100.0
1955-02-10,,163500,163500,100.0
1955-02-11,,163500,163500,100.0
1955-02-12,,163500,163500,100.0
1955-02-13,,163500,163500,100.0
1955-02-14,,163500,163500,100.0
1955-02-15,,163500,163500,100.0
1955-02-16,,163400,163400,100.0
1955-02-17,,163300,163300,100.0
1955-02-18,,163200,163200,100.0
1955-02-19,,163100,163100,100.0
1955-02-20,,163000,163000,100.0
1955-02-21,,162900,162900,100.0
1955-02-22,,162800,162800,100.0
1955-02-23,,162000,162000,100.0
1955-02-24,,162000,162000,100.0
1955-02-25,,162000,162000,100.0
1955-02-26,,162000,162000,100.0
1955-02-27,,162000,162000,100.0
1955-02-28,,162000,162000,100.0
1955-03-01,,162000,162000,100.0
1955-03-02,,162000,162000,100.0
1955-03-03,,161700,161700,100.0
1955-03-04,,161400,161400,100.0
1955-03-05,,161200,161200,100.0
1955-03-06,,161200,161200,100.0
1955-03-07,,161200,161200,100.0
1955-03-08,,161200,161200,100.0
1955-03-09,,159800,159800,100.0
1955-03-10,,159000,159000,100.0
1955-03-11,,158300,158300,100.0
1955-03-12,,156900,156900,100.0
1955-03-13,,156200,156200,100.0
1955-03-14,,155500,155500,100.0
1955-03-15,,154800,154800,100.0
1955-03-16,,154100,154100,100.0
1955-03-17,,153400,153400,100.0
1955-03-18,,152700,152700,100.0
1955-03-19,,152000,152000,100.0
1955-03-20,,151000,151000,99.9
1955-03-21,,149900,149900,99.2
1955-03-22,,148800,148800,98.5
1955-03-23,,147800,147800,97.8
1955-03-24,,146800,146800,97.1
1955-03-25,,145900,145900,96.6
1955-03-26,,145000,145000,96.0
1955-03-27,,144200,144200,95.4
1955-03-28,,143600,143600,95.0
1955-03-29,,142900,142900,94.6
1955-03-30,,142200,142200,94.1
1955-03-31,,141600,141600,93.7
1955-04-01,,141600,141600,93.7
1955-04-02,,140300,140300,92.8
1955-04-03,,139900,139900,92.6
1955-04-04,,139600,139600,92.4
1955-04-05,,138400,138400,91.6
1955-04-06,,137500,137500,91.0
1955-04-07,,136600,136600,90.4
1955-04-08,,136000,136000,90.0
1955-04-09,,134800,134800,89.2
1955-04-10,,133900,133900,88.6
1955-04-11,,133000,133000,88.0
1955-04-12,,130600,130600,86.4
1955-04-13,,130000,130000,86.0
1955-04-14,,129400,129400,85.6
1955-04-15,,128800,128800,85.2
1955-04-16,,128200,128200,84.8
1955-04-17,,127600,127600,84.4
1955-04-18,,127000,127000,84.0
1955-04-19,,126400,126400,83.6
1955-04-20,,125800,125800,83.3
1955-04-21,,124600,124600,82.5
1955-04-22,,123400,123400,81.7
1955-04-23,,122200,122200,80.9
1955-04-24,,121000,121000,80.1
1955-04-25,,119800,119800,79.3
1955-04-26,,118600,118600,78.5
1955-04-27,,117800,117800,78.0
1955-04-28,,117000,117000,77.4
1955-04-29,,116300,116300,77.0
1955-04-30,,115600,115600,76.5
1955-05-01,,115000,115000,76.1
1955-05-02,,114400,114400,75.7
1955-05-03,,114000,114000,75.4
1955-05-04,,113700,113700,75.2
1955-05-05,,113400,113400,75.0
1955-05-06,,113100,113100,74.8
1955-05-07,,112800,112800,74.6
1955-05-08,,112300,112300,74.3
1955-05-09,,111800,111800,74.0
1955-05-10,,111200,111200,73.6
1955-05-11,,110800,110800,73.3
1955-05-12,,110400,110400,73.1
1955-05-13,,110000,110000,72.8
1955-05-14,,109500,109500,72.5
1955-05-15,,109200,109200,72.3
1955-05-16,,108800,108800,72.0
1955-05-17,,108400,108400,71.7
1955-05-18,,108400,108400,71.7
1955-05-19,,107900,107900,71.4
1955-05-20,,107400,107400,71.1
1955-05-21,,106800,106800,70.7
1955-05-22,,106200,106200,70.3
1955-05-23,,105600,105600,69.9
1955-05-24,,105100,105100,69.6
1955-05-25,,104600,104600,69.2
1955-05-26,,104100,104100,68.9
1955-05-27,,103500,103500,68.5
1955-05-28,,103000,103000,68.2
1955-05-29,,102700,102700,68.0
1955-05-30,,102600,102600,67.9
1955-05-31,,102500,102500,67.8
1955-06-01,,102500,102500,67.8
1955-06-02,,102500,102500,67.8
1955-06-03,,102200,102200,67.6
1955-06-04,,101800,101800,67.4
1955-06-05,,101500,101500,67.2
1955-06-06,,101200,101200,67.0
1955-06-07,,100900,100900,66.8
1955-06-08,,100500,100500,66.5
1955-06-09,,100000,100000,66.2
1955-06-10,,99500,99500,65.8
1955-06-11,,99000,99000,65.5
1955-06-12,,98500,98500,65.2
1955-06-13,,98000,98000,64.9
1955-06-14,,97000,97000,64.2
1955-06-15,,96000,96000,63.5
1955-06-16,,94500,94500,62.5
1955-06-17,,93000,93000,61.5
1955-06-18,,91500,91500,60.6
1955-06-19,,90000,90000,59.6
1955-06-20,,89500,89500,59.2
1955-06-21,,89000,89000,58.9
1955-06-22,,88000,88000,58.2
1955-06-23,,87000,87000,57.6
1955-06-24,,86000,86000,56.9
1955-06-25,,85000,85000,56.3
1955-06-26,,84000,84000,55.6
1955-06-27,,83600,83600,55.3
1955-06-28,,83300,83300,55.1
1955-06-29,,82400,82400,54.5
1955-06-30,,80900,80900,53.5
1955-07-01,,80450,80450,53.2
1955-07-02,,79000,79000,52.3
1955-07-03,,77800,77800,51.5
1955-07-04,,76850,76850,50.9
1955-07-05,,76000,76000,50.3
1955-07-06,,75200,75200,49.8
1955-07-07,,74300,74300,49.2
1955-07-08,,73100,73100,48.4
1955-07-09,,71900,71900,47.6
1955-07-10,,70700,70700,46.8
1955-07-11,,69500,69500,46.0
1955-07-12,,68500,68500,45.3
1955-07-13,,67500,67500,44.7
1955-07-14,,66400,66400,43.9
1955-07-15,,65300,65300,43.2
1955-07-16,,64200,64200,42.5
1955-07-17,,63150,63150,41.8
1955-07-18,,62200,62200,41.2
1955-07-19,,61400,61400,40.6
1955-07-20,,60700,60700,40.2
1955-07-21,,60000,60000,39.7
1955-07-22,,59300,59300,39.2
1955-07-23,,59000,59000,39.0
1955-07-24,,58600,58600,38.8
1955-07-25,,57550,57550,38.1
1955-07-26,,56500,56500,37.4
1955-07-27,,55800,55800,36.9
1955-07-28,,55100,55100,36.5
1955-07-29,,54400,54400,36.0
1955-07-30,,53700,53700,35.5
1955-07-31,,53000,53000,35.1
1955-08-01,,52700,52700,34.9
1955-08-02,,51500,51500,34.1
1955-08-03,,50700,50700,33.6
1955-08-04,,49900,49900,33.0
1955-08-05,,49100,49100,32.5
1955-08-06,,47600,47600,31.5
1955-08-07,,47000,47000,31.1
1955-08-08,,46100,46100,30.5
1955-08-09,,44900,44900,29.7
1955-08-10,,43750,43750,29.0
1955-08-11,,42900,42900,28.4
1955-08-12,,42000,42000,27.8
1955-08-13,,41100,41100,27.2
1955-08-14,,40200,40200,26.6
1955-08-15,,39300,39300,26.0
1955-08-16,,38520,38520,25.5
1955-08-17,,37500,37500,24.8
1955-08-18,,36500,36500,24.2
1955-08-19,,35500,35500,23.5
1955-08-20,,34620,34620,22.9
1955-08-21,,33900,33900,22.4
1955-08-22,,33350,33350,22.1
1955-08-23,,32500,32500,21.5
1955-08-24,,31700,31700,21.0
1955-08-25,,30900,30900,20.4
1955-08-26,,30110,30110,19.9
1955-08-27,,29200,29200,19.3
1955-08-28,,28220,28220,18.7
1955-08-29,,26960,26960,17.8
1955-08-30,,26100,26100,17.3
1955-08-31,,25410,25410,16.8
1955-09-01,,24740,24740,16.4
1955-09-02,,24000,24000,15.9
1955-09-03,,23400,23400,15.5
1955-09-04,,23000,23000,15.2
1955-09-05,,22850,22850,15.1
1955-09-06,,22400,22400,14.8
1955-09-07,,22000,22000,14.6
1955-09-08,,21660,21660,14.3
1955-09-09,,21200,21200,14.0
1955-09-10,,20800,20800,13.8
1955-09-11,,20400,20400,13.5
1955-09-12,,19750,19750,13.1
1955-09-13,,19800,19800,13.1
1955-09-14,,19880,19880,13.2
1955-09-15,,19900,19900,13.2
1955-09-16,,19900,19900,13.2
1955-09-17,,19900,19900,13.2
1955-09-18,,19900,19900,13.2
1955-09-19,,19900,19900,13.2
1955-09-20,,19900,19900,13.2
1955-09-21,,19900,19900,13.2
1955-09-22,,19900,19900,13.2
1955-09-23,,21000,21000,13.9
1955-09-24,,26000,26000,17.2
1955-09-25,,27800,27800,18.4
1955-09-26,,28780,28780,19.0
1955-09-27,,29400,29400,19.5
1955-09-28,,30000,30000,19.9
1955-09-29,,30700,30700,20.3
1955-09-30,,31700,31700,21.0
1955-10-01,,31700,31700,21.0
1955-10-02,,36000,36000,23.8
1955-10-03,,54050,54050,35.8
1955-10-04,,68300,68300,45.2
1955-10-05,,80000,80000,52.9
1955-10-06,,85400,85400,56.5
1955-10-07,,88100,88100,58.3
1955-10-08,,89000,89000,58.9
1955-10-09,,92000,92000,60.9
1955-10-10,,92000,92000,60.9
1955-10-11,,92000,92000,60.9
1955-10-12,,92200,92200,61.0
1955-10-13,,92500,92500,61.2
1955-10-14,,93000,93000,61.5
1955-10-15,,93300,93300,61.7
1955-10-16,,93600,93600,61.9
1955-10-17,,94000,94000,62.2
1955-10-18,,94000,94000,62.2
1955-10-19,,94100,94100,62.3
1955-10-20,,94200,94200,62.3
1955-10-21,,94300,94300,62.4
1955-10-22,,94400,94400,62.5
1955-10-23,,94500,94500,62.5
1955-10-24,,94500,94500,62.5
1955-10-25,,94500,94500,62.5
1955-10-26,,94500,94500,62.5
1955-10-27,,94500,94500,62.5
1955-10-28,,94500,94500,62.5
1955-10-29,,94500,94500,62.5
1955-10-30,,94500,94500,62.5
1955-10-31,,94500,94500,62.5
1955-11-01,,94500,94500,62.5
1955-11-02,,94500,94500,62.5
1955-11-03,,94500,94500,62.5
1955-11-04,,94500,94500,62.5
1955-11-05,,94500,94500,62.5
1955-11-06,,94500,94500,62.5
1955-11-07,,94500,94500,62.5
1955-11-08,,95000,95000,62.9
1955-11-09,,95000,95000,62.9
1955-11-10,,95000,95000,62.9
1955-11-11,,95000,95000,62.9
1955-11-12,,95000,95000,62.9
1955-11-13,,95000,95000,62.9
1955-11-14,,95000,95000,62.9
1955-11-15,,95000,95000,62.9
1955-11-16,,95000,95000,62.9
1955-11-17,,95100,95100,62.9
1955-11-18,,95200,95200,63.0
1955-11-19,,95300,95300,63.1
1955-11-20,,95400,95400,63.1
1955-11-21,,95500,95500,63.2
1955-11-22,,95500,95500,63.2
1955-11-23,,95600,95600,63.3
1955-11-24,,95700,95700,63.3
1955-11-25,,95800,95800,63.4
1955-11-26,,95900,95900,63.5
1955-11-27,,96000,96000,63.5
1955-11-28,,96000,96000,63.5
1955-11-29,,96200,96200,63.7
1955-11-30,,96500,96500,63.9
1955-12-01,,96500,96500,63.9
1955-12-02,,96600,96600,63.9
1955-12-03,,96700,96700,64.0
1955-12-04,,96800,96800,64.1
1955-12-05,,96900,96900,64.1
1955-12-06,,97000,97000,64.2
1955-12-07,,97000,97000,64.2
1955-12-08,,97100,97100,64.3
1955-12-09,,97200,97200,64.3
1955-12-10,,97300,97300,64.4
1955-12-11,,97400,97400,64.5
1955-12-12,,97500,97500,64.5
1955-12-13,,97650,97650,64.6
1955-12-14,,97800,97800,64.7
1955-12-15,,97950,97950,64.8
1955-12-16,,98100,98100,64.9
1955-12-17,,98250,98250,65.0
1955-12-18,,98400,98400,65.1
1955-12-19,,98500,98500,65.2
1955-12-20,,98600,98600,65.3
1955-12-21,,98800,98800,65.4
1955-12-22,,99000,99000,65.5
1955-12-23,,99000,99000,65.5
1955-12-24,,99000,99000,65.5
1955-12-25,,99000,99000,65.5
1955-12-26,,99000,99000,65.5
1955-12-27,,99000,99000,65.5
1955-12-28,,99200,99200,65.6
1955-12-29,,99500,99500,65.8
1955-12-30,,99800,99800,66.0
1955-12-31,,100000,100000,66.2
1956-01-01,,100500,100500,66.5
1956-01-02,,100500,100500,66.5
1956-01-03,,100500,100500,66.5
1956-01-04,,100500,100500,66.5
1956-01-05,,100500,100500,66.5
1956-01-06,,100600,100600,66.6
1956-01-07,,100800,100800,66.7
1956-01-08,,101000,101000,66.8
1956-01-09,,101200,101200,67.0
1956-01-10,,101400,101400,67.1
1956-01-11,,101500,101500,67.2
1956-01-12,,101500,101500,67.2
1956-01-13,,101600,101600,67.2
1956-01-14,,101700,101700,67.3
1956-01-15,,101700,101700,67.3
1956-01-16,,101800,101800,67.4
1956-01-17,,101900,101900,67.4
1956-01-18,,102000,102000,67.5
1956-01-19,,102000,102000,67.5
1956-01-20,,102100,102100,67.6
1956-01-21,,102200,102200,67.6
1956-01-22,,102300,102300,67.7
1956-01-23,,102400,102400,67.8
1956-01-24,,102500,102500,67.8
1956-01-25,,102500,102500,67.8
1956-01-26,,102500,102500,67.8
1956-01-27,,102500,102500,67.8
1956-01-28,,102500,102500,67.8
1956-01-29,,102500,102500,67.8
1956-01-30,,102500,102500,67.8
1956-01-31,,102500,102500,67.8
1956-02-01,,103000,103000,68.2
1956-02-02,,103000,103000,68.2
1956-02-03,,103000,103000,68.2
1956-02-04,,103000,103000,68.2
1956-02-05,,103000,103000,68.2
1956-02-06,,103100,103100,68.2
1956-02-07,,103300,103300,68.4
1956-02-08,,103500,103500,68.5
1956-02-09,,103500,103500,68.5
1956-02-10,,103500,103500,68.5
1956-02-11,,103500,103500,68.5
1956-02-12,,103500,103500,68.5
1956-02-13,,103500,103500,68.5
1956-02-14,,103500,103500,68.5
1956-02-15,,103500,103500,68.5
1956-02-16,,103500,103500,68.5
1956-02-17,,103500,103500,68.5
1956-02-18,,103500,103500,68.5
1956-02-19,,103500,103500,68.5
1956-02-20,,103400,103400,68.4
1956-02-21,,103200,103200,68.3
1956-02-22,,103000,103000,68.2
1956-02-23,,103000,103000,68.2
1956-02-24,,103000,103000,68.2
1956-02-25,,103000,103000,68.2
1956-02-26,,103000,103000,68.2
1956-02-27,,103000,103000,68.2
1956-02-28,,103000,103000,68.2
1956-02-29,,103000,103000,68.2
1956-03-01,,103000,103000,68.2
1956-03-02,,102800,102800,68.0
1956-03-03,,102500,102500,67.8
1956-03-04,,102400,102400,67.8
1956-03-05,,102300,102300,67.7
1956-03-06,,102200,102200,67.6
1956-03-07,,102100,102100,67.6
1956-03-08,,102000,102000,67.5
1956-03-09,,102000,102000,67.5
1956-03-10,,102000,102000,67.5
1956-03-11,,102000,102000,67.5
1956-03-12,,102000,102000,67.5
1956-03-13,,102000,102000,67.5
1956-03-14,,102000,102000,67.5
1956-03-15,,102000,102000,67.5
1956-03-16,,102000,102000,67.5
1956-03-17,,102000,102000,67.5
1956-03-18,,102000,102000,67.5
1956-03-19,,102000,102000,67.5
1956-03-20,,102000,102000,67.5
1956-03-21,,102000,102000,67.5
1956-03-22,,102000,102000,67.5
1956-03-23,,102000,102000,67.5
1956-03-24,,102000,102000,67.5
1956-03-25,,102000,102000,67.5
1956-03-26,,101800,101800,67.4
1956-03-27,,101200,101200,67.0
1956-03-28,,100500,100500,66.5
1956-03-29,,100000,100000,66.2
1956-03-30,,99500,99500,65.8
1956-03-31,,99000,99000,65.5
1956-04-01,,98500,98500,65.2
1956-04-02,,97700,97700,64.7
1956-04-03,,96900,96900,64.1
1956-04-04,,96000,96000,63.5
1956-04-05,,95300,95300,63.1
1956-04-06,,94600,94600,62.6
1956-04-07,,94000,94000,62.2
1956-04-08,,93200,93200,61.7
1956-04-09,,92400,92400,61.1
1956-04-10,,91500,91500,60.6
1956-04-11,,90600,90600,60.0
1956-04-12,,89700,89700,59.4
1956-04-13,,88800,88800,58.8
1956-04-14,,88100,88100,58.3
1956-04-15,,87400,87400,57.8
1956-04-16,,86750,86750,57.4
1956-04-17,,86300,86300,57.1
1956-04-18,,85800,85800,56.8
1956-04-19,,85400,85400,56.5
1956-04-20,,84950,84950,56.2
1956-04-21,,84400,84400,55.9
1956-04-22,,84000,84000,55.6
1956-04-23,,83700,83700,55.4
1956-04-24,,83400,83400,55.2
1956-04-25,,83150,83150,55.0
1956-04-26,,82800,82800,54.8
1956-04-27,,82500,82500,54.6
1956-04-28,,82200,82200,54.4
1956-04-29,,81900,81900,54.2
1956-04-30,,81600,81600,54.0
1956-05-01,,81350,81350,53.8
1956-05-02,,81350,81350,53.8
1956-05-03,,81350,81350,53.8
1956-05-04,,81350,81350,53.8
1956-05-05,,81300,81300,53.8
1956-05-06,,81200,81200,53.7
1956-05-07,,81000,81000,53.6
1956-05-08,,80900,80900,53.5
1956-05-09,,80800,80800,53.5
1956-05-10,,80600,80600,53.3
1956-05-11,,80500,80500,53.3
1956-05-12,,80300,80300,53.1
1956-05-13,,80200,80200,53.1
1956-05-14,,80000,80000,52.9
1956-05-15,,80000,80000,52.9
1956-05-16,,80000,80000,52.9
1956-05-17,,80000,80000,52.9
1956-05-18,,79700,79700,52.7
1956-05-19,,79400,79400,52.5
1956-05-20,,78800,78800,52.1
1956-05-21,,78200,78200,51.8
1956-05-22,,77500,77500,51.3
1956-05-23,,76800,76800,50.8
1956-05-24,,76100,76100,50.4
1956-05-25,,75500,75500,50.0
1956-05-26,,75000,75000,49.6
1956-05-27,,74500,74500,49.3
1956-05-28,,74000,74000,49.0
1956-05-29,,74200,74200,49.1
1956-05-30,,74800,74800,49.5
1956-05-31,,74700,74700,49.4
1956-06-01,,74300,74300,49.2
1956-06-02,,74000,74000,49.0
1956-06-03,,73700,73700,48.8
1956-06-04,,73400,73400,48.6
1956-06-05,,73100,73100,48.4
1956-06-06,,72800,72800,48.2
1956-06-07,,72500,72500,48.0
1956-06-08,,72200,72200,47.8
1956-06-09,,71900,71900,47.6
1956-06-10,,71500,71500,47.3
1956-06-11,,71200,71200,47.1
1956-06-12,,70900,70900,46.9
1956-06-13,,70600,70600,46.7
1956-06-14,,70100,70100,46.4
1956-06-15,,69600,69600,46.1
1956-06-16,,69100,69100,45.7
1956-06-17,,68700,68700,45.5
1956-06-18,,68200,68200,45.1
1956-06-19,,67700,67700,44.8
1956-06-20,,67200,67200,44.5
1956-06-21,,66700,66700,44.1
1956-06-22,,65900,65900,43.6
1956-06-23,,65400,65400,43.3
1956-06-24,,64900,64900,42.9
1956-06-25,,64400,64400,42.6
1956-06-26,,63900,63900,42.3
1956-06-27,,62700,62700,41.5
1956-06-28,,61400,61400,40.6
1956-06-29,,60500,60500,40.0
1956-06-30,,60000,60000,39.7
1956-07-01,,60000,60000,39.7
1956-07-02,,59600,59600,39.4
1956-07-03,,59300,59300,39.2
1956-07-04,,58900,58900,39.0
1956-07-05,,58600,58600,38.8
1956-07-06,,58100,58100,38.4
1956-07-07,,57500,57500,38.1
1956-07-08,,56850,56850,37.6
1956-07-09,,56100,56100,37.1
1956-07-10,,55450,55450,36.7
1956-07-11,,54700,54700,36.2
1956-07-12,,54000,54000,35.7
1956-07-13,,53350,53350,35.3
1956-07-14,,52600,52600,34.8
1956-07-15,,51800,51800,34.3
1956-07-16,,51000,51000,33.8
1956-07-17,,50300,50300,33.3
1956-07-18,,49600,49600,32.8
1956-07-19,,48900,48900,32.4
1956-07-20,,48200,48200,31.9
1956-07-21,,47500,47500,31.4
1956-07-22,,46800,46800,31.0
1956-07-23,,46200,46200,30.6
1956-07-24,,45600,45600,30.2
1956-07-25,,44900,44900,29.7
1956-07-26,,44100,44100,29.2
1956-07-27,,43400,43400,28.7
1956-07-28,,42700,42700,28.3
1956-07-29,,42000,42000,27.8
1956-07-30,,41400,41400,27.4
1956-07-31,,40750,40750,27.0
1956-08-01,,40250,40250,26.6
1956-08-02,,39600,39600,26.2
1956-08-03,,38900,38900,25.7
1956-08-04,,38200,38200,25.3
1956-08-05,,37560,37560,24.9
1956-08-06,,36900,36900,24.4
1956-08-07,,36300,36300,24.0
1956-08-08,,35720,35720,23.6
1956-08-09,,35100,35100,23.2
1956-08-10,,34500,34500,22.8
1956-08-11,,33980,33980,22.5
1956-08-12,,33500,33500,22.2
1956-08-13,,33000,33000,21.8
1956-08-14,,32510,32510,21.5
1956-08-15,,32100,32100,21.2
1956-08-16,,31700,31700,21.0
1956-08-17,,31400,31400,20.8
1956-08-18,,31100,31100,20.6
1956-08-19,,30800,30800,20.4
1956-08-20,,30500,30500,20.2
1956-08-21,,30300,30300,20.1
1956-08-22,,30100,30100,19.9
1956-08-23,,29920,29920,19.8
1956-08-24,,29500,29500,19.5
1956-08-25,,29100,29100,19.3
1956-08-26,,28590,28590,18.9
1956-08-27,,28200,28200,18.7
1956-08-28,,27800,27800,18.4
1956-08-29,,27500,27500,18.2
1956-08-30,,27200,27200,18.0
1956-08-31,,26960,26960,17.8
1956-09-01,,26600,26600,17.6
1956-09-02,,26300,26300,17.4
1956-09-03,,26000,26000,17.2
1956-09-04,,25750,25750,17.0
1956-09-05,,25500,25500,16.9
1956-09-06,,25300,25300,16.7
1956-09-07,,25100,25100,16.6
1956-09-08,,25900,25900,17.1
1956-09-09,,25700,25700,17.0
1956-09-10,,24580,24580,16.3
1956-09-11,,24450,24450,16.2
1956-09-12,,24320,24320,16.1
1956-09-13,,24200,24200,16.0
1956-09-14,,24100,24100,15.9
1956-09-15,,24020,24020,15.9
1956-09-16,,23980,23980,15.9
1956-09-17,,23940,23940,15.8
1956-09-18,,23880,23880,15.8
1956-09-19,,23820,23820,15.8
1956-09-20,,23760,23760,15.7
1956-09-21,,23700,23700,15.7
1956-09-22,,23620,23620,15.6
1956-09-23,,23560,23560,15.6
1956-09-24,,23500,23500,15.6
1956-09-25,,23440,23440,15.5
1956-09-26,,23380,23380,15.5
1956-09-27,,23320,23320,15.4
1956-09-28,,23260,23260,15.4
1956-09-29,,23200,23200,15.4
1956-09-30,,23150,23150,15.3
1956-10-01,,23150,23150,15.3
1956-10-02,,23150,23150,15.3
1956-10-03,,23150,23150,15.3
1956-10-04,,23200,23200,15.4
1956-10-05,,23230,23230,15.4
1956-10-06,,23260,23260,15.4
1956-10-07,,23300,23300,15.4
1956-10-08,,23330,23330,15.4
1956-10-09,,23360,23360,15.5
1956-10-10,,23390,23390,15.5
1956-10-11,,23420,23420,15.5
1956-10-12,,23440,23440,15.5
1956-10-13,,23450,23450,15.5
1956-10-14,,23460,23460,15.5
1956-10-15,,23500,23500,15.6
1956-10-16,,23560,23560,15.6
1956-10-17,,23620,23620,15.6
1956-10-18,,23800,23800,15.8
1956-10-19,,23900,23900,15.8
1956-10-20,,24000,24000,15.9
1956-10-21,,24100,24100,15.9
1956-10-22,,24170,24170,16.0
1956-10-23,,24240,24240,16.0
1956-10-24,,24310,24310,16.1
1956-10-25,,24380,24380,16.1
1956-10-26,,24440,24440,16.2
1956-10-27,,24500,24500,16.2
1956-10-28,,24560,24560,16.3
1956-10-29,,24620,24620,16.3
1956-10-30,,24680,24680,16.3
1956-10-31,,24740,24740,16.4
1956-11-01,,24740,24740,16.4
1956-11-02,,24770,24770,16.4
1956-11-03,,24800,24800,16.4
1956-11-04,,24830,24830,16.4
1956-11-05,,24860,24860,16.5
1956-11-06,,24880,24880,16.5
1956-11-07,,24900,24900,16.5
1956-11-08,,24900,24900,16.5
1956-11-09,,24900,24900,16.5
1956-11-10,,24900,24900,16.5
1956-11-11,,24900,24900,16.5
1956-11-12,,24910,24910,16.5
1956-11-13,,24920,24920,16.5
1956-11-14,,24930,24930,16.5
1956-11-15,,24940,24940,16.5
1956-11-16,,24960,24960,16.5
1956-11-17,,24980,24980,16.5
1956-11-18,,25000,25000,16.5
1956-11-19,,25070,25070,16.6
1956-11-20,,25090,25090,16.6
1956-11-21,,25110,25110,16.6
1956-11-22,,25130,25130,16.6
1956-11-23,,25220,25220,16.7
1956-11-24,,25310,25310,16.7
1956-11-25,,25400,25400,16.8
1956-11-26,,25490,25490,16.9
1956-11-27,,25580,25580,16.9
1956-11-28,,25580,25580,16.9
1956-11-29,,25580,25580,16.9
1956-11-30,,25660,25660,17.0
1956-12-01,,25750,25750,17.0
1956-12-02,,25820,25820,17.1
1956-12-03,,25900,25900,17.1
1956-12-04,,25970,25970,17.2
1956-12-05,,26040,26040,17.2
1956-12-06,,26110,26110,17.3
1956-12-07,,26190,26190,17.3
1956-12-08,,26270,26270,17.4
1956-12-09,,26350,26350,17.4
1956-12-10,,26430,26430,17.5
1956-12-11,,26540,26540,17.6
1956-12-12,,26650,26650,17.6
1956-12-13,,26760,26760,17.7
1956-12-14,,26870,26870,17.8
1956-12-15,,26980,26980,17.9
1956-12-16,,27090,27090,17.9
1956-12-17,,27200,27200,18.0
1956-12-18,,27320,27320,18.1
1956-12-19,,27390,27390,18.1
1956-12-20,,27460,27460,18.2
1956-12-21,,27530,27530,18.2
1956-12-22,,27600,27600,18.3
1956-12-23,,27660,27660,18.3
1956-12-24,,27720,27720,18.3
1956-12-25,,27790,27790,18.4
1956-12-26,,27860,27860,18.4
1956-12-27,,27960,27960,18.5
1956-12-28,,28070,28070,18.6
1956-12-29,,28180,28180,18.6
1956-12-30,,28290,28290,18.7
1956-12-31,,28400,28400,18.8
1957-01-01,,28400,28400,18.8
1957-01-02,,28480,28480,18.8
1957-01-03,,28560,28560,18.9
1957-01-04,,28640,28640,19.0
1957-01-05,,28720,28720,19.0
1957-01-06,,28800,28800,19.1
1957-01-07,,28880,28880,19.1
1957-01-08,,28960,28960,19.2
1957-01-09,,29040,29040,19.2
1957-01-10,,29120,29120,19.3
1957-01-11,,29200,29200,19.3
1957-01-12,,29280,29280,19.4
1957-01-13,,29360,29360,19.4
1957-01-14,,29450,29450,19.5
1957-01-15,,29540,29540,19.5
1957-01-16,,29540,29540,19.5
1957-01-17,,29600,29600,19.6
1957-01-18,,29660,29660,19.6
1957-01-19,,29710,29710,19.7
1957-01-20,,29760,29760,19.7
1957-01-21,,29810,29810,19.7
1957-01-22,,29860,29860,19.8
1957-01-23,,29920,29920,19.8
1957-01-24,,30000,30000,19.9
1957-01-25,,30100,30100,19.9
1957-01-26,,30200,30200,20.0
1957-01-27,,30300,30300,20.1
1957-01-28,,30200,30200,20.0
1957-01-29,,29800,29800,19.7
1957-01-30,,29400,29400,19.5
1957-01-31,,28900,28900,19.1
1957-02-01,,28400,28400,18.8
1957-02-02,,27900,27900,18.5
1957-02-03,,27400,27400,18.1
1957-02-04,,26900,26900,17.8
1957-02-05,,26400,26400,17.5
1957-02-06,,25900,25900,17.1
1957-02-07,,25410,25410,16.8
1957-02-08,,24800,24800,16.4
1957-02-09,,24200,24200,16.0
1957-02-10,,23620,23620,15.6
1957-02-11,,23000,23000,15.2
1957-02-12,,22400,22400,14.8
1957-02-13,,21800,21800,14.4
1957-02-14,,21200,21200,14.0
1957-02-15,,20600,20600,13.6
1957-02-16,,20000,20000,13.2
1957-02-17,,19490,19490,12.9
1957-02-18,,19000,19000,12.6
1957-02-19,,18450,18450,12.2
1957-02-20,,17800,17800,11.8
1957-02-21,,17100,17100,11.3
1957-02-22,,16500,16500,10.9
1957-02-23,,15900,15900,10.5
1957-02-24,,15200,15200,10.1
1957-02-25,,14500,14500,9.6
1957-02-26,,13800,13800,9.1
1957-02-27,,13200,13200,8.7
1957-02-28,,12750,12750,8.4
1957-03-01,,12750,12750,8.4
1957-03-02,,12820,12820,8.5
1957-03-03,,12890,12890,8.5
1957-03-04,,12960,12960,8.6
1957-03-05,,13030,13030,8.6
1957-03-06,,13100,13100,8.7
1957-03-07,,13170,13170,8.7
1957-03-08,,13250,13250,8.8
1957-03-09,,13330,13330,8.8
1957-03-10,,13400,13400,8.9
1957-03-11,,13480,13480,8.9
1957-03-12,,13560,13560,9.0
1957-03-13,,13640,13640,9.0
1957-03-14,,13720,13720,9.1
1957-03-15,,13810,13810,9.1
1957-03-16,,13900,13900,9.2
1957-03-17,,14030,14030,9.3
1957-03-18,,14200,14200,9.4
1957-03-19,,14350,14350,9.5
1957-03-20,,14500,14500,9.6
1957-03-21,,14640,14640,9.7
1957-03-22,,14740,14740,9.8
1957-03-23,,14830,14830,9.8
1957-03-24,,14920,14920,9.9
1957-03-25,,15010,15010,9.9
1957-03-26,,15100,15100,10.0
1957-03-27,,15190,15190,10.1
1957-03-28,,15280,15280,10.1
1957-03-29,,15370,15370,10.2
1957-03-30,,15460,15460,10.2
1957-03-31,,15540,15540,10.3
1957-04-01,,15540,15540,10.3
1957-04-02,,15600,15600,10.3
1957-04-03,,15660,15660,10.4
1957-04-04,,15680,15680,10.4
1957-04-05,,15700,15700,10.4
1957-04-06,,15720,15720,10.4
1957-04-07,,15740,15740,10.4
1957-04-08,,15760,15760,10.4
1957-04-09,,15780,15780,10.4
1957-04-10,,15810,15810,10.5
1957-04-11,,15840,15840,10.5
1957-04-12,,15870,15870,10.5
1957-04-13,,15900,15900,10.5
1957-04-14,,15930,15930,10.5
1957-04-15,,15960,15960,10.6
1957-04-16,,15990,15990,10.6
1957-04-17,,16020,16020,10.6
1957-04-18,,16040,16040,10.6
1957-04-19,,16070,16070,10.6
1957-04-20,,16090,16090,10.6
1957-04-21,,16110,16110,10.7
1957-04-22,,16140,16140,10.7
1957-04-23,,16160,16160,10.7
1957-04-24,,16180,16180,10.7
1957-04-25,,16200,16200,10.7
1957-04-26,,16220,16220,10.7
1957-04-27,,16240,16240,10.7
1957-04-28,,16260,16260,10.8
1957-04-29,,16330,16330,10.8
1957-04-30,,16400,16400,10.9
1957-05-01,,16500,16500,10.9
1957-05-02,,16490,16490,10.9
1957-05-03,,16500,16500,10.9
1957-05-04,,16520,16520,10.9
1957-05-05,,16540,16540,10.9
1957-05-06,,16560,16560,11.0
1957-05-07,,16590,16590,11.0
1957-05-08,,16610,16610,11.0
1957-05-09,,16630,16630,11.0
1957-05-10,,16500,16500,10.9
1957-05-11,,16300,16300,10.8
1957-05-12,,16000,16000,10.6
1957-05-13,,15660,15660,10.4
1957-05-14,,15400,15400,10.2
1957-05-15,,15300,15300,10.1
1957-05-16,,15200,15200,10.1
1957-05-17,,15100,15100,10.0
1957-05-18,,15000,15000,9.9
1957-05-19,,14900,14900,9.9
1957-05-20,,14860,14860,9.8
1957-05-21,,14840,14840,9.8
1957-05-22,,14820,14820,9.8
1957-05-23,,14800,14800,9.8
1957-05-24,,14770,14770,9.8
1957-05-25,,14740,14740,9.8
1957-05-26,,14710,14710,9.7
1957-05-27,,14680,14680,9.7
1957-05-28,,14660,14660,9.7
1957-05-29,,14640,14640,9.7
1957-05-30,,15300,15300,10.1
1957-05-31,,16380,16380,10.8
1957-06-01,,18970,18970,12.6
1957-06-02,,19620,19620,13.0
1957-06-03,,19880,19880,13.2
1957-06-04,,19880,19880,13.2
1957-06-05,,19880,19880,13.2
1957-06-06,,19880,19880,13.2
1957-06-07,,19880,19880,13.2
1957-06-08,,19880,19880,13.2
1957-06-09,,19880,19880,13.2
1957-06-10,,19840,19840,13.1
1957-06-11,,19800,19800,13.1
1957-06-12,,19760,19760,13.1
1957-06-13,,19720,19720,13.1
1957-06-14,,19670,19670,13.0
1957-06-15,,19620,19620,13.0
1957-06-16,,19560,19560,12.9
1957-06-17,,19490,19490,12.9
1957-06-18,,19430,19430,12.9
1957-06-19,,19360,19360,12.8
1957-06-20,,19300,19300,12.8
1957-06-21,,19230,19230,12.7
1957-06-22,,19200,19200,12.7
1957-06-23,,19160,19160,12.7
1957-06-24,,19120,19120,12.7
1957-06-25,,19080,19080,12.6
1957-06-26,,19040,19040,12.6
1957-06-27,,19000,19000,12.6
1957-06-28,,18950,18950,12.5
1957-06-29,,18900,18900,12.5
1957-06-30,,18840,18840,12.5
1957-07-01,,18710,18710,12.4
1957-07-02,,18660,18660,12.3
1957-07-03,,18610,18610,12.3
1957-07-04,,18560,18560,12.3
1957-07-05,,18510,18510,12.2
1957-07-06,,18460,18460,12.2
1957-07-07,,18410,18410,12.2
1957-07-08,,18360,18360,12.2
1957-07-09,,18320,18320,12.1
1957-07-10,,18320,18320,12.1
1957-07-11,,18270,18270,12.1
1957-07-12,,18220,18220,12.1
1957-07-13,,18170,18170,12.0
1957-07-14,,18120,18120,12.0
1957-07-15,,18070,18070,12.0
1957-07-16,,18020,18020,11.9
1957-07-17,,17970,17970,11.9
1957-07-18,,17920,17920,11.9
1957-07-19,,17860,17860,11.8
1957-07-20,,17800,17800,11.8
1957-07-21,,17750,17750,11.7
1957-07-22,,17750,17750,11.7
1957-07-23,,17940,17940,11.9
1957-07-24,,18190,18190,12.0
1957-07-25,,18600,18600,12.3
1957-07-26,,18970,18970,12.6
1957-07-27,,19000,19000,12.6
1957-07-28,,19000,19000,12.6
1957-07-29,,18990,18990,12.6
1957-07-30,,18980,18980,12.6
1957-07-31,,18970,18970,12.6
1957-08-01,,18970,18970,12.6
1957-08-02,,18940,18940,12.5
1957-08-03,,18920,18920,12.5
1957-08-04,,18900,18900,12.5
1957-08-05,,18880,18880,12.5
1957-08-06,,18860,18860,12.5
1957-08-07,,18840,18840,12.5
1957-08-08,,18800,18800,12.4
1957-08-09,,18770,18770,12.4
1957-08-10,,18740,18740,12.4
1957-08-11,,18710,18710,12.4
1957-08-12,,18670,18670,12.4
1957-08-13,,18640,18640,12.3
1957-08-14,,18610,18610,12.3
1957-08-15,,18580,18580,12.3
1957-08-16,,18610,18610,12.3
1957-08-17,,18650,18650,12.3
1957-08-18,,19750,19750,13.1
1957-08-19,,27320,27320,18.1
1957-08-20,,31900,31900,21.1
1957-08-21,,31900,31900,21.1
1957-08-22,,31300,31300,20.7
1957-08-23,,30700,30700,20.3
1957-08-24,,30100,30100,19.9
1957-08-25,,29500,29500,19.5
1957-08-26,,28970,28970,19.2
1957-08-27,,28500,28500,18.9
1957-08-28,,28100,28100,18.6
1957-08-29,,27800,27800,18.4
1957-08-30,,27500,27500,18.2
1957-08-31,,27140,27140,18.0
1957-09-01,,26960,26960,17.8
1957-09-02,,26500,26500,17.5
1957-09-03,,26000,26000,17.2
1957-09-04,,25400,25400,16.8
1957-09-05,,24900,24900,16.5
1957-09-06,,24500,24500,16.2
1957-09-07,,24100,24100,15.9
1957-09-08,,23700,23700,15.7
1957-09-09,,23400,23400,15.5
1957-09-10,,23100,23100,15.3
1957-09-11,,22700,22700,15.0
1957-09-12,,22400,22400,14.8
1957-09-13,,22100,22100,14.6
1957-09-14,,21800,21800,14.4
1957-09-15,,21500,21500,14.2
1957-09-16,,21240,21240,14.1
1957-09-17,,21000,21000,13.9
1957-09-18,,20800,20800,13.8
1957-09-19,,20500,20500,13.6
1957-09-20,,20300,20300,13.4
1957-09-21,,20000,20000,13.2
1957-09-22,,20700,20700,13.7
1957-09-23,,19360,19360,12.8
1957-09-24,,19100,19100,12.6
1957-09-25,,18800,18800,12.4
1957-09-26,,18500,18500,12.2
1957-09-27,,18200,18200,12.0
1957-09-28,,17900,17900,11.8
1957-09-29,,17670,17670,11.7
1957-09-30,,17400,17400,11.5
1957-10-01,,17150,17150,11.3
1957-10-02,,16760,16760,11.1
1957-10-03,,16660,16660,11.0
1957-10-04,,16560,16560,11.0
1957-10-05,,16470,16470,10.9
1957-10-06,,16380,16380,10.8
1957-10-07,,16280,16280,10.8
1957-10-08,,16200,16200,10.7
1957-10-09,,17540,17540,11.6
1957-10-10,,18190,18190,12.0
1957-10-11,,18500,18500,12.2
1957-10-12,,18600,18600,12.3
1957-10-13,,18700,18700,12.4
1957-10-14,,18800,18800,12.4
1957-10-15,,18900,18900,12.5
1957-10-16,,19000,19000,12.6
1957-10-17,,19100,19100,12.6
1957-10-18,,19250,19250,12.7
1957-10-19,,19400,19400,12.8
1957-10-20,,19600,19600,13.0
1957-10-21,,19880,19880,13.2
1957-10-22,,21100,21100,14.0
1957-10-23,,21380,21380,14.1
1957-10-24,,21520,21520,14.2
1957-10-25,,21550,21550,14.3
1957-10-26,,21600,21600,14.3
1957-10-27,,21700,21700,14.4
1957-10-28,,21800,21800,14.4
1957-10-29,,21900,21900,14.5
1957-10-30,,22000,22000,14.6
1957-10-31,,22000,22000,14.6
1957-11-01,,22100,22100,14.6
1957-11-02,,22700,22700,15.0
1957-11-03,,22750,22750,15.1
1957-11-04,,22800,22800,15.1
1957-11-05,,22850,22850,15.1
1957-11-06,,22900,22900,15.2
1957-11-07,,22950,22950,15.2
1957-11-08,,23000,23000,15.2
1957-11-09,,23100,23100,15.3
1957-11-10,,23200,23200,15.4
1957-11-11,,23300,23300,15.4
1957-11-12,,23620,23620,15.6
1957-11-13,,23700,23700,15.7
1957-11-14,,23800,23800,15.8
1957-11-15,,23900,23900,15.8
1957-11-16,,23940,23940,15.8
1957-11-17,,24000,24000,15.9
1957-11-18,,24060,24060,15.9
1957-11-19,,24120,24120,16.0
1957-11-20,,24180,24180,16.0
1957-11-21,,24260,24260,16.1
1957-11-22,,24360,24360,16.1
1957-11-23,,24460,24460,16.2
1957-11-24,,24580,24580,16.3
1957-11-25,,24700,24700,16.3
1957-11-26,,24800,24800,16.4
1957-11-27,,24900,24900,16.5
1957-11-28,,25000,25000,16.5
1957-11-29,,25100,25100,16.6
1957-11-30,,25240,25240,16.7
1957-12-01,,25410,25410,16.8
1957-12-02,,25480,25480,16.9
1957-12-03,,25550,25550,16.9
1957-12-04,,25620,25620,17.0
1957-12-05,,25690,25690,17.0
1957-12-06,,25760,25760,17.0
1957-12-07,,25830,25830,17.1
1957-12-08,,25920,25920,17.2
1957-12-09,,26090,26090,17.3
1957-12-10,,26260,26260,17.4
1957-12-11,,26360,26360,17.4
1957-12-12,,26460,26460,17.5
1957-12-13,,26560,26560,17.6
1957-12-14,,26660,26660,17.6
1957-12-15,,26760,26760,17.7
1957-12-16,,26860,26860,17.8
1957-12-17,,26960,26960,17.8
1957-12-18,,27010,27010,17.9
1957-12-19,,27060,27060,17.9
1957-12-20,,27110,27110,17.9
1957-12-21,,27160,27160,18.0
1957-12-22,,27210,27210,18.0
1957-12-23,,27260,27260,18.0
1957-12-24,,27320,27320,18.1
1957-12-25,,27450,27450,18.2
1957-12-26,,27580,27580,18.3
1957-12-27,,27710,27710,18.3
1957-12-28,,27840,27840,18.4
1957-12-29,,27970,27970,18.5
1957-12-30,,28100,28100,18.6
1957-12-31,,28220,28220,18.7
1958-01-01,,28220,28220,18.7
1958-01-02,,28370,28370,18.8
1958-01-03,,28530,28530,18.9
1958-01-04,,28700,28700,19.0
1958-01-05,,28850,28850,19.1
1958-01-06,,29000,29000,19.2
1958-01-07,,29160,29160,19.3
1958-01-08,,29350,29350,19.4
1958-01-09,,29350,29350,19.4
1958-01-10,,29460,29460,19.5
1958-01-11,,29580,29580,19.6
1958-01-12,,29690,29690,19.6
1958-01-13,,29800,29800,19.7
1958-01-14,,29920,29920,19.8
1958-01-15,,30010,30010,19.9
1958-01-16,,30110,30110,19.9
1958-01-17,,30230,30230,20.0
1958-01-18,,30350,30350,20.1
1958-01-19,,30470,30470,20.2
1958-01-20,,30580,30580,20.2
1958-01-21,,30700,30700,20.3
1958-01-22,,30800,30800,20.4
1958-01-23,,30900,30900,20.4
1958-01-24,,31000,31000,20.5
1958-01-25,,31100,31100,20.6
1958-01-26,,31140,31140,20.6
1958-01-27,,31180,31180,20.6
1958-01-28,,31220,31220,20.7
1958-01-29,,31260,31260,20.7
1958-01-30,,31300,31300,20.7
1958-01-31,,31400,31400,20.8
1958-02-01,,31500,31500,20.8
1958-02-02,,31550,31550,20.9
1958-02-03,,31600,31600,20.9
1958-02-04,,31650,31650,20.9
1958-02-05,,31700,31700,21.0
1958-02-06,,31820,31820,21.1
1958-02-07,,31940,31940,21.1
1958-02-08,,32060,32060,21.2
1958-02-09,,32180,32180,21.3
1958-02-10,,32300,32300,21.4
1958-02-11,,32380,32380,21.4
1958-02-12,,32460,32460,21.5
1958-02-13,,32540,32540,21.5
1958-02-14,,32630,32630,21.6
1958-02-15,,32720,32720,21.7
1958-02-16,,32810,32810,21.7
1958-02-17,,32900,32900,21.8
1958-02-18,,32990,32990,21.8
1958-02-19,,33080,33080,21.9
1958-02-20,,33170,33170,22.0
1958-02-21,,33260,33260,22.0
1958-02-22,,33350,33350,22.1
1958-02-23,,33460,33460,22.1
1958-02-24,,33560,33560,22.2
1958-02-25,,33660,33660,22.3
1958-02-26,,33760,33760,22.3
1958-02-27,,33870,33870,22.4
1958-02-28,,33980,33980,22.5
1958-03-01,,33980,33980,22.5
1958-03-02,,34080,34080,22.6
1958-03-03,,34180,34180,22.6
1958-03-04,,34290,34290,22.7
1958-03-05,,34400,34400,22.8
1958-03-06,,34470,34470,22.8
1958-03-07,,34540,34540,22.9
1958-03-08,,34610,34610,22.9
1958-03-09,,34680,34680,23.0
1958-03-10,,34760,34760,23.0
1958-03-11,,34840,34840,23.1
1958-03-12,,34910,34910,23.1
1958-03-13,,34980,34980,23.1
1958-03-14,,35050,35050,23.2
1958-03-15,,35120,35120,23.2
1958-03-16,,35200,35200,23.3
1958-03-17,,35280,35280,23.3
1958-03-18,,35390,35390,23.4
1958-03-19,,35500,35500,23.5
1958-03-20,,35570,35570,23.5
1958-03-21,,35640,35640,23.6
1958-03-22,,35720,35720,23.6
1958-03-23,,35790,35790,23.7
1958-03-24,,35860,35860,23.7
1958-03-25,,35940,35940,23.8
1958-03-26,,35940,35940,23.8
1958-03-27,,35940,35940,23.8
1958-03-28,,35940,35940,23.8
1958-03-29,,35940,35940,23.8
1958-03-30,,35940,35940,23.8
1958-03-31,,35940,35940,23.8
1958-04-01,,35940,35940,23.8
1958-04-02,,35900,35900,23.8
1958-04-03,,35860,35860,23.7
1958-04-04,,35820,35820,23.7
1958-04-05,,35770,35770,23.7
1958-04-06,,35720,35720,23.6
1958-04-07,,35650,35650,23.6
1958-04-08,,35600,35600,23.6
1958-04-09,,35550,35550,23.5
1958-04-10,,35500,35500,23.5
1958-04-11,,34300,34300,22.7
1958-04-12,,33100,33100,21.9
1958-04-13,,31900,31900,21.1
1958-04-14,,30700,30700,20.3
1958-04-15,,29920,29920,19.8
1958-04-16,,29540,29540,19.5
1958-04-17,,29160,29160,19.3
1958-04-18,,28700,28700,19.0
1958-04-19,,28250,28250,18.7
1958-04-20,,27800,27800,18.4
1958-04-21,,27320,27320,18.1
1958-04-22,,27300,27300,18.1
1958-04-23,,27270,27270,18.0
1958-04-24,,27240,27240,18.0
1958-04-25,,27210,27210,18.0
1958-04-26,,27180,27180,18.0
1958-04-27,,27160,27160,18.0
1958-04-28,,27140,27140,18.0
1958-04-29,,27140,27140,18.0
1958-04-30,,27140,27140,18.0
1958-05-01,,27140,27140,18.0
1958-05-02,,27140,27140,18.0
1958-05-03,,27140,27140,18.0
1958-05-04,,27140,27140,18.0
1958-05-05,,27140,27140,18.0
1958-05-06,,27140,27140,18.0
1958-05-07,,27140,27140,18.0
1958-05-08,,27140,27140,18.0
1958-05-09,,27140,27140,18.0
1958-05-10,,27140,27140,18.0
1958-05-11,,27200,27200,18.0
1958-05-12,,28400,28400,18.8
1958-05-13,,29350,29350,19.4
1958-05-14,,31100,31100,20.6
1958-05-15,,31700,31700,21.0
1958-05-16,,32300,32300,21.4
1958-05-17,,32720,32720,21.7
1958-05-18,,33560,33560,22.2
1958-05-19,,36600,36600,24.2
1958-05-20,,40500,40500,26.8
1958-05-21,,42500,42500,28.1
1958-05-22,,44300,44300,29.3
1958-05-23,,45500,45500,30.1
1958-05-24,,46100,46100,30.5
1958-05-25,,46400,46400,30.7
1958-05-26,,47000,47000,31.1
1958-05-27,,47600,47600,31.5
1958-05-28,,48500,48500,32.1
1958-05-29,,49700,49700,32.9
1958-05-30,,50600,50600,33.5
1958-05-31,,50900,50900,33.7
1958-06-01,,51500,51500,34.1
1958-06-02,,51800,51800,34.3
1958-06-03,,51800,51800,34.3
1958-06-04,,51500,51500,34.1
1958-06-05,,51200,51200,33.9
1958-06-06,,51200,51200,33.9
1958-06-07,,50600,50600,33.5
1958-06-08,,50000,50000,33.1
1958-06-09,,49500,49500,32.8
1958-06-10,,49100,49100,32.5
1958-06-11,,48800,48800,32.3
1958-06-12,,48800,48800,32.3
1958-06-13,,48700,48700,32.2
1958-06-14,,48700,48700,32.2
1958-06-15,,48600,48600,32.2
1958-06-16,,48600,48600,32.2
1958-06-17,,48500,48500,32.1
1958-06-18,,48300,48300,32.0
1958-06-19,,48200,48200,31.9
1958-06-20,,47600,47600,31.5
1958-06-21,,47000,47000,31.1
1958-06-22,,46100,46100,30.5
1958-06-23,,48200,48200,31.9
1958-06-24,,48200,48200,31.9
1958-06-25,,48200,48200,31.9
1958-06-26,,47900,47900,31.7
1958-06-27,,47600,47600,31.5
1958-06-28,,47400,47400,31.4
1958-06-29,,47300,47300,31.3
1958-06-30,,47000,47000,31.1
1958-07-01,,46700,46700,30.9
1958-07-02,,45800,45800,30.3
1958-07-03,,45200,45200,29.9
1958-07-04,,45500,45500,30.1
1958-07-05,,45800,45800,30.3
1958-07-06,,46800,46800,31.0
1958-07-07,,47900,47900,31.7
1958-07-08,,47900,47900,31.7
1958-07-09,,47600,47600,31.5
1958-07-10,,47300,47300,31.3
1958-07-11,,47000,47000,31.1
1958-07-12,,46500,46500,30.8
1958-07-13,,46100,46100,30.5
1958-07-14,,46000,46000,30.4
1958-07-15,,45900,45900,30.4
1958-07-16,,45900,45900,30.4
1958-07-17,,45800,45800,30.3
1958-07-18,,45000,45000,29.8
1958-07-19,,44200,44200,29.3
1958-07-20,,43500,43500,28.8
1958-07-21,,42800,42800,28.3
1958-07-22,,42000,42000,27.8
1958-07-23,,41250,41250,27.3
1958-07-24,,40800,40800,27.0
1958-07-25,,40400,40400,26.7
1958-07-26,,40000,40000,26.5
1958-07-27,,39500,39500,26.1
1958-07-28,,39000,39000,25.8
1958-07-29,,38600,38600,25.5
1958-07-30,,38300,38300,25.3
1958-07-31,,38000,38000,25.1
1958-08-01,,37080,37080,24.5
1958-08-02,,36860,36860,24.4
1958-08-03,,36640,36640,24.2
1958-08-04,,36420,36420,24.1
1958-08-05,,36200,36200,24.0
1958-08-06,,35940,35940,23.8
1958-08-07,,35500,35500,23.5
1958-08-08,,35200,35200,23.3
1958-08-09,,34840,34840,23.1
1958-08-10,,34400,34400,22.8
1958-08-11,,33980,33980,22.5
1958-08-12,,33660,33660,22.3
1958-08-13,,33350,33350,22.1
1958-08-14,,33150,33150,21.9
1958-08-15,,32950,32950,21.8
1958-08-16,,32750,32750,21.7
1958-08-17,,32520,32520,21.5
1958-08-18,,32300,32300,21.4
1958-08-19,,32000,32000,21.2
1958-08-20,,31700,31700,21.0
1958-08-21,,31500,31500,20.8
1958-08-22,,32510,32510,21.5
1958-08-23,,41750,41750,27.6
1958-08-24,,47900,47900,31.7
1958-08-25,,51800,51800,34.3
1958-08-26,,54050,54050,35.8
1958-08-27,,54750,54750,36.2
1958-08-28,,55100,55100,36.5
1958-08-29,,55100,55100,36.5
1958-08-30,,55100,55100,36.5
1958-08-31,,54750,54750,36.2
1958-09-01,,54400,54400,36.0
1958-09-02,,54000,54000,35.7
1958-09-03,,53600,53600,35.5
1958-09-04,,53200,53200,35.2
1958-09-05,,52800,52800,34.9
1958-09-06,,52400,52400,34.7
1958-09-07,,52100,52100,34.5
1958-09-08,,51800,51800,34.3
1958-09-09,,51800,51800,34.3
1958-09-10,,51800,51800,34.3
1958-09-11,,51700,51700,34.2
1958-09-12,,51600,51600,34.1
1958-09-13,,53000,53000,35.1
1958-09-14,,54500,54500,36.1
1958-09-15,,55450,55450,36.7
1958-09-16,,56850,56850,37.6
1958-09-17,,57900,57900,38.3
1958-09-18,,59300,59300,39.2
1958-09-19,,60000,60000,39.7
1958-09-20,,60350,60350,39.9
1958-09-21,,60350,60350,39.9
1958-09-22,,60500,60500,40.0
1958-09-23,,60700,60700,40.2
1958-09-24,,62450,62450,41.3
1958-09-25,,63500,63500,42.0
1958-09-26,,65100,65100,43.1
1958-09-27,,66500,66500,44.0
1958-09-28,,67900,67900,44.9
1958-09-29,,70300,70300,46.5
1958-09-30,,72300,72300,47.8
1958-10-01,,75100,75100,49.7
1958-10-02,,76400,76400,50.6
1958-10-03,,77300,77300,51.2
1958-10-04,,78200,78200,51.8
1958-10-05,,79550,79550,52.6
1958-10-06,,80450,80450,53.2
1958-10-07,,80900,80900,53.5
1958-10-08,,81200,81200,53.7
1958-10-09,,81500,81500,53.9
1958-10-10,,81800,81800,54.1
1958-10-11,,82250,82250,54.4
1958-10-12,,82700,82700,54.7
1958-10-13,,83150,83150,55.0
1958-10-14,,84050,84050,55.6
1958-10-15,,84500,84500,55.9
1958-10-16,,84500,84500,55.9
1958-10-17,,85400,85400,56.5
1958-10-18,,85850,85850,56.8
1958-10-19,,86300,86300,57.1
1958-10-20,,86750,86750,57.4
1958-10-21,,87000,87000,57.6
1958-10-22,,87200,87200,57.7
1958-10-23,,87200,87200,57.7
1958-10-24,,87650,87650,58.0
1958-10-25,,87900,87900,58.2
1958-10-26,,88100,88100,58.3
1958-10-27,,88100,88100,58.3
1958-10-28,,88100,88100,58.3
1958-10-29,,88550,88550,58.6
1958-10-30,,88800,88800,58.8
1958-10-31,,89000,89000,58.9
1958-11-01,,89500,89500,59.2
1958-11-02,,89800,89800,59.4
1958-11-03,,90000,90000,59.6
1958-11-04,,90300,90300,59.8
1958-11-05,,90700,90700,60.0
1958-11-06,,91000,91000,60.2
1958-11-07,,91200,91200,60.4
1958-11-08,,91500,91500,60.6
1958-11-09,,92000,92000,60.9
1958-11-10,,92500,92500,61.2
1958-11-11,,93000,93000,61.5
1958-11-12,,93500,93500,61.9
1958-11-13,,94000,94000,62.2
1958-11-14,,94500,94500,62.5
1958-11-15,,95000,95000,62.9
1958-11-16,,95500,95500,63.2
1958-11-17,,96000,96000,63.5
1958-11-18,,96500,96500,63.9
1958-11-19,,96800,96800,64.1
1958-11-20,,97000,97000,64.2
1958-11-21,,97200,97200,64.3
1958-11-22,,97500,97500,64.5
1958-11-23,,97800,97800,64.7
1958-11-24,,98000,98000,64.9
1958-11-25,,98300,98300,65.1
1958-11-26,,98500,98500,65.2
1958-11-27,,98600,98600,65.3
1958-11-28,,98800,98800,65.4
1958-11-29,,98900,98900,65.4
1958-11-30,,99000,99000,65.5
1958-12-01,,99000,99000,65.5
1958-12-02,,99200,99200,65.6
1958-12-03,,99500,99500,65.8
1958-12-04,,99800,99800,66.0
1958-12-05,,100000,100000,66.2
1958-12-06,,100200,100200,66.3
1958-12-07,,100400,100400,66.4
1958-12-08,,100700,100700,66.6
1958-12-09,,101000,101000,66.8
1958-12-10,,101300,101300,67.0
1958-12-11,,101500,101500,67.2
1958-12-12,,101600,101600,67.2
1958-12-13,,101800,101800,67.4
1958-12-14,,102000,102000,67.5
1958-12-15,,102300,102300,67.7
1958-12-16,,102500,102500,67.8
1958-12-17,,102500,102500,67.8
1958-12-18,,102800,102800,68.0
1958-12-19,,103100,103100,68.2
1958-12-20,,103500,103500,68.5
1958-12-21,,103900,103900,68.8
1958-12-22,,104200,104200,69.0
1958-12-23,,104600,104600,69.2
1958-12-24,,104800,104800,69.4
1958-12-25,,105000,105000,69.5
1958-12-26,,105300,105300,69.7
1958-12-27,,105600,105600,69.9
1958-12-28,,105800,105800,70.0
1958-12-29,,106000,106000,70.1
1958-12-30,,106100,106100,70.2
1958-12-31,,106200,106200,70.3
1959-01-01,,106200,106200,70.3
1959-01-02,,106500,106500,70.5
1959-01-03,,106800,106800,70.7
1959-01-04,,107000,107000,70.8
1959-01-05,,107300,107300,71.0
1959-01-06,,107400,107400,71.1
1959-01-07,,107600,107600,71.2
1959-01-08,,107800,107800,71.3
1959-01-09,,108000,108000,71.5
1959-01-10,,108200,108200,71.6
1959-01-11,,108500,108500,71.8
1959-01-12,,108800,108800,72.0
1959-01-13,,109000,109000,72.1
1959-01-14,,109100,109100,72.2
1959-01-15,,109200,109200,72.3
1959-01-16,,109300,109300,72.3
1959-01-17,,109400,109400,72.4
1959-01-18,,109500,109500,72.5
1959-01-19,,109500,109500,72.5
1959-01-20,,109500,109500,72.5
1959-01-21,,109500,109500,72.5
1959-01-22,,109700,109700,72.6
1959-01-23,,109900,109900,72.7
1959-01-24,,110200,110200,72.9
1959-01-25,,110400,110400,73.1
1959-01-26,,110600,110600,73.2
1959-01-27,,110800,110800,73.3
1959-01-28,,110900,110900,73.4
1959-01-29,,111000,111000,73.5
1959-01-30,,111100,111100,73.5
1959-01-31,,111200,111200,73.6
1959-02-01,,111200,111200,73.6
1959-02-02,,111300,111300,73.7
1959-02-03,,111400,111400,73.7
1959-02-04,,111500,111500,73.8
1959-02-05,,111600,111600,73.9
1959-02-06,,111700,111700,73.9
1959-02-07,,111900,111900,74.1
1959-02-08,,112000,112000,74.1
1959-02-09,,112100,112100,74.2
1959-02-10,,112200,112200,74.3
1959-02-11,,112400,112400,74.4
1959-02-12,,112500,112500,74.4
1959-02-13,,112600,112600,74.5
1959-02-14,,112700,112700,74.6
1959-02-15,,112800,112800,74.6
1959-02-16,,113000,113000,74.8
1959-02-17,,113200,113200,74.9
1959-02-18,,113400,113400,75.0
1959-02-19,,113600,113600,75.2
1959-02-20,,113700,113700,75.2
1959-02-21,,113800,113800,75.3
1959-02-22,,113900,113900,75.4
1959-02-23,,113900,113900,75.4
1959-02-24,,113900,113900,75.4
1959-02-25,,113900,113900,75.4
1959-02-26,,113900,113900,75.4
1959-02-27,,113900,113900,75.4
1959-02-28,,113900,113900,75.4
1959-03-01,,113900,113900,75.4
1959-03-02,,113900,113900,75.4
1959-03-03,,113900,113900,75.4
1959-03-04,,113900,113900,75.4
1959-03-05,,113900,113900,75.4
1959-03-06,,113900,113900,75.4
1959-03-07,,113800,113800,75.3
1959-03-08,,113700,113700,75.2
1959-03-09,,113700,113700,75.2
1959-03-10,,113600,113600,75.2
1959-03-11,,113600,113600,75.2
1959-03-12,,113500,113500,75.1
1959-03-13,,113400,113400,75.0
1959-03-14,,113400,113400,75.0
1959-03-15,,113300,113300,75.0
1959-03-16,,113300,113300,75.0
1959-03-17,,113200,113200,74.9
1959-03-18,,113100,113100,74.8
1959-03-19,,113000,113000,74.8
1959-03-20,,112900,112900,74.7
1959-03-21,,112800,112800,74.6
1959-03-22,,112800,112800,74.6
1959-03-23,,112800,112800,74.6
1959-03-24,,112800,112800,74.6
1959-03-25,,112800,112800,74.6
1959-03-26,,112200,112200,74.3
1959-03-27,,111500,111500,73.8
1959-03-28,,110700,110700,73.3
1959-03-29,,109900,109900,72.7
1959-03-30,,109100,109100,72.2
1959-03-31,,108400,108400,71.7
1959-04-01,,107300,107300,71.0
1959-04-02,,106400,106400,70.4
1959-04-03,,105500,105500,69.8
1959-04-04,,104600,104600,69.2
1959-04-05,,103700,103700,68.6
1959-04-06,,102800,102800,68.0
1959-04-07,,102300,102300,67.7
1959-04-08,,101900,101900,67.4
1959-04-09,,101700,101700,67.3
1959-04-10,,101500,101500,67.2
1959-04-11,,101200,101200,67.0
1959-04-12,,100900,100900,66.8
1959-04-13,,100600,100600,66.6
1959-04-14,,100300,100300,66.4
1959-04-15,,100000,100000,66.2
1959-04-16,,99700,99700,66.0
1959-04-17,,99400,99400,65.8
1959-04-18,,99100,99100,65.6
1959-04-19,,98800,98800,65.4
1959-04-20,,98500,98500,65.2
1959-04-21,,98200,98200,65.0
1959-04-22,,98000,98000,64.9
1959-04-23,,97700,97700,64.7
1959-04-24,,97400,97400,64.5
1959-04-25,,97200,97200,64.3
1959-04-26,,97000,97000,64.2
1959-04-27,,96700,96700,64.0
1959-04-28,,96500,96500,63.9
1959-04-29,,96500,96500,63.9
1959-04-30,,96500,96500,63.9
1959-05-01,,96500,96500,63.9
1959-05-02,,96500,96500,63.9
1959-05-03,,96500,96500,63.9
1959-05-04,,96600,96600,63.9
1959-05-05,,96700,96700,64.0
1959-05-06,,96800,96800,64.1
1959-05-07,,96900,96900,64.1
1959-05-08,,97000,97000,64.2
1959-05-09,,100000,100000,66.2
1959-05-10,,100500,100500,66.5
1959-05-11,,100700,100700,66.6
1959-05-12,,100900,100900,66.8
1959-05-13,,101200,101200,67.0
1959-05-14,,101500,101500,67.2
1959-05-15,,102000,102000,67.5
1959-05-16,,102500,102500,67.8
1959-05-17,,102600,102600,67.9
1959-05-18,,102800,102800,68.0
1959-05-19,,103000,103000,68.2
1959-05-20,,103000,103000,68.2
1959-05-21,,103000,103000,68.2
1959-05-22,,103000,103000,68.2
1959-05-23,,103000,103000,68.2
1959-05-24,,103000,103000,68.2
1959-05-25,,103000,103000,68.2
1959-05-26,,103000,103000,68.2
1959-05-27,,103000,103000,68.2
1959-05-28,,103000,103000,68.2
1959-05-29,,103000,103000,68.2
1959-05-30,,103000,103000,68.2
1959-05-31,,103000,103000,68.2
1959-06-01,,103000,103000,68.2
1959-06-02,,102900,102900,68.1
1959-06-03,,102700,102700,68.0
1959-06-04,,102600,102600,67.9
1959-06-05,,102500,102500,67.8
1959-06-06,,102300,102300,67.7
1959-06-07,,102100,102100,67.6
1959-06-08,,101900,101900,67.4
1959-06-09,,101700,101700,67.3
1959-06-10,,101500,101500,67.2
1959-06-11,,101200,101200,67.0
1959-06-12,,100800,100800,66.7
1959-06-13,,100400,100400,66.4
1959-06-14,,100000,100000,66.2
1959-06-15,,99700,99700,66.0
1959-06-16,,99400,99400,65.8
1959-06-17,,99000,99000,65.5
1959-06-18,,98500,98500,65.2
1959-06-19,,98000,98000,64.9
1959-06-20,,97500,97500,64.5
1959-06-21,,97000,97000,64.2
1959-06-22,,96500,96500,63.9
1959-06-23,,96000,96000,63.5
1959-06-24,,95500,95500,63.2
1959-06-25,,95000,95000,62.9
1959-06-26,,94500,94500,62.5
1959-06-27,,94000,94000,62.2
1959-06-28,,94000,94000,62.2
1959-06-29,,94000,94000,62.2
1959-06-30,,94000,94000,62.2
1959-07-01,,93500,93500,61.9
1959-07-02,,93400,93400,61.8
1959-07-03,,93200,93200,61.7
1959-07-04,,93100,93100,61.6
1959-07-05,,93000,93000,61.5
1959-07-06,,92800,92800,61.4
1959-07-07,,92500,92500,61.2
1959-07-08,,92400,92400,61.1
1959-07-09,,92300,92300,61.1
1959-07-10,,92200,92200,61.0
1959-07-11,,92100,92100,60.9
1959-07-12,,92000,92000,60.9
1959-07-13,,91700,91700,60.7
1959-07-14,,91300,91300,60.4
1959-07-15,,91000,91000,60.2
1959-07-16,,90600,90600,60.0
1959-07-17,,90200,90200,59.7
1959-07-18,,89800,89800,59.4
1959-07-19,,89500,89500,59.2
1959-07-20,,89100,89100,59.0
1959-07-21,,88800,88800,58.8
1959-07-22,,88400,88400,58.5
1959-07-23,,88100,88100,58.3
1959-07-24,,87700,87700,58.0
1959-07-25,,87000,87000,57.6
1959-07-26,,86000,86000,56.9
1959-07-27,,85600,85600,56.6
1959-07-28,,85300,85300,56.4
1959-07-29,,85100,85100,56.3
1959-07-30,,84950,84950,56.2
1959-07-31,,84500,84500,55.9
1959-08-01,,83600,83600,55.3
1959-08-02,,83000,83000,54.9
1959-08-03,,82400,82400,54.5
1959-08-04,,81800,81800,54.1
1959-08-05,,80900,80900,53.5
1959-08-06,,80300,80300,53.1
1959-08-07,,79800,79800,52.8
1959-08-08,,79200,79200,52.4
1959-08-09,,78650,78650,52.0
1959-08-10,,78000,78000,51.6
1959-08-11,,77400,77400,51.2
1959-08-12,,76850,76850,50.9
1959-08-13,,76200,76200,50.4
1959-08-14,,75600,75600,50.0
1959-08-15,,75000,75000,49.6
1959-08-16,,74300,74300,49.2
1959-08-17,,73700,73700,48.8
1959-08-18,,73100,73100,48.4
1959-08-19,,72500,72500,48.0
1959-08-20,,72000,72000,47.6
1959-08-21,,71700,71700,47.4
1959-08-22,,71500,71500,47.3
1959-08-23,,71100,71100,47.1
1959-08-24,,70700,70700,46.8
1959-08-25,,70400,70400,46.6
1959-08-26,,70100,70100,46.4
1959-08-27,,69800,69800,46.2
1959-08-28,,69500,69500,46.0
1959-08-29,,69300,69300,45.9
1959-08-30,,69100,69100,45.7
1959-08-31,,68700,68700,45.5
1959-09-01,,68300,68300,45.2
1959-09-02,,67900,67900,44.9
1959-09-03,,67600,67600,44.7
1959-09-04,,67300,67300,44.5
1959-09-05,,67000,67000,44.3
1959-09-06,,66700,66700,44.1
1959-09-07,,66400,66400,43.9
1959-09-08,,66100,66100,43.7
1959-09-09,,65900,65900,43.6
1959-09-10,,65900,65900,43.6
1959-09-11,,65900,65900,43.6
1959-09-12,,65700,65700,43.5
1959-09-13,,65600,65600,43.4
1959-09-14,,66550,66550,44.0
1959-09-15,,65500,65500,43.3
1959-09-16,,65370,65370,43.3
1959-09-17,,65240,65240,43.2
1959-09-18,,65110,65110,43.1
1959-09-19,,64980,64980,43.0
1959-09-20,,64850,64850,42.9
1959-09-21,,64720,64720,42.8
1959-09-22,,64590,64590,42.7
1959-09-23,,64450,64450,42.7
1959-09-24,,64300,64300,42.6
1959-09-25,,64100,64100,42.4
1959-09-26,,63900,63900,42.3
1959-09-27,,63700,63700,42.2
1959-09-28,,63500,63500,42.0
1959-09-29,,63350,63350,41.9
1959-09-30,,63150,63150,41.8
1959-10-01,,63150,63150,41.8
1959-10-02,,63150,63150,41.8
1959-10-03,,63150,63150,41.8
1959-10-04,,63150,63150,41.8
1959-10-05,,63150,63150,41.8
1959-10-06,,63200,63200,41.8
1959-10-07,,63250,63250,41.9
1959-10-08,,63300,63300,41.9
1959-10-09,,63350,63350,41.9
1959-10-10,,63400,63400,42.0
1959-10-11,,63450,63450,42.0
1959-10-12,,63500,63500,42.0
1959-10-13,,63570,63570,42.1
1959-10-14,,63640,63640,42.1
1959-10-15,,63710,63710,42.2
1959-10-16,,63780,63780,42.2
1959-10-17,,63840,63840,42.2
1959-10-18,,63900,63900,42.3
1959-10-19,,64100,64100,42.4
1959-10-20,,64300,64300,42.6
1959-10-21,,64500,64500,42.7
1959-10-22,,64700,64700,42.8
1959-10-23,,64700,64700,42.8
1959-10-24,,64700,64700,42.8
1959-10-25,,64700,64700,42.8
1959-10-26,,64700,64700,42.8
1959-10-27,,64700,64700,42.8
1959-10-28,,64800,64800,42.9
1959-10-29,,64900,64900,42.9
1959-10-30,,65000,65000,43.0
1959-10-31,,65100,65100,43.1
1959-11-01,,65500,65500,43.3
1959-11-02,,65600,65600,43.4
1959-11-03,,65700,65700,43.5
1959-11-04,,65800,65800,43.5
1959-11-05,,65900,65900,43.6
1959-11-06,,66000,66000,43.7
1959-11-07,,66100,66100,43.7
1959-11-08,,66200,66200,43.8
1959-11-09,,66300,66300,43.9
1959-11-10,,66450,66450,44.0
1959-11-11,,66600,66600,44.1
1959-11-12,,66750,66750,44.2
1959-11-13,,66900,66900,44.3
1959-11-14,,67000,67000,44.3
1959-11-15,,67100,67100,44.4
1959-11-16,,67220,67220,44.5
1959-11-17,,67340,67340,44.6
1959-11-18,,67460,67460,44.6
1959-11-19,,67580,67580,44.7
1959-11-20,,67700,67700,44.8
1959-11-21,,67800,67800,44.9
1959-11-22,,67900,67900,44.9
1959-11-23,,68020,68020,45.0
1959-11-24,,68140,68140,45.1
1959-11-25,,68260,68260,45.2
1959-11-26,,68380,68380,45.3
1959-11-27,,68500,68500,45.3
1959-11-28,,68600,68600,45.4
1959-11-29,,68700,68700,45.5
1959-11-30,,69100,69100,45.7
1959-12-01,,69100,69100,45.7
1959-12-02,,69100,69100,45.7
1959-12-03,,69150,69150,45.8
1959-12-04,,69200,69200,45.8
1959-12-05,,69250,69250,45.8
1959-12-06,,69300,69300,45.9
1959-12-07,,69350,69350,45.9
1959-12-08,,69400,69400,45.9
1959-12-09,,69500,69500,46.0
1959-12-10,,69620,69620,46.1
1959-12-11,,69740,69740,46.2
1959-12-12,,69860,69860,46.2
1959-12-13,,70000,70000,46.3
1959-12-14,,70140,70140,46.4
1959-12-15,,70280,70280,46.5
1959-12-16,,70420,70420,46.6
1959-12-17,,70560,70560,46.7
1959-12-18,,70700,70700,46.8
1959-12-19,,70820,70820,46.9
1959-12-20,,70940,70940,46.9
1959-12-21,,71060,71060,47.0
1959-12-22,,71180,71180,47.1
1959-12-23,,71300,71300,47.2
1959-12-24,,71420,71420,47.3
1959-12-25,,71540,71540,47.3
1959-12-26,,71660,71660,47.4
1959-12-27,,71780,71780,47.5
1959-12-28,,71900,71900,47.6
1959-12-29,,71400,71400,47.3
1959-12-30,,70800,70800,46.9
1959-12-31,,70300,70300,46.5
1960-01-01,,70300,70300,46.5
1960-01-02,,70430,70430,46.6
1960-01-03,,70560,70560,46.7
1960-01-04,,70690,70690,46.8
1960-01-05,,70820,70820,46.9
1960-01-06,,70950,70950,47.0
1960-01-07,,71100,71100,47.1
1960-01-08,,71230,71230,47.1
1960-01-09,,71360,71360,47.2
1960-01-10,,71490,71490,47.3
1960-01-11,,71620,71620,47.4
1960-01-12,,71750,71750,47.5
1960-01-13,,71900,71900,47.6
1960-01-14,,71900,71900,47.6
1960-01-15,,71970,71970,47.6
1960-01-16,,72040,72040,47.7
1960-01-17,,72110,72110,47.7
1960-01-18,,72180,72180,47.8
1960-01-19,,72250,72250,47.8
1960-01-20,,72300,72300,47.8
1960-01-21,,72430,72430,47.9
1960-01-22,,72560,72560,48.0
1960-01-23,,72690,72690,48.1
1960-01-24,,72820,72820,48.2
1960-01-25,,72960,72960,48.3
1960-01-26,,73100,73100,48.4
1960-01-27,,73260,73260,48.5
1960-01-28,,73420,73420,48.6
1960-01-29,,73580,73580,48.7
1960-01-30,,73740,73740,48.8
1960-01-31,,73900,73900,48.9
1960-02-01,,73900,73900,48.9
1960-02-02,,74010,74010,49.0
1960-02-03,,74120,74120,49.1
1960-02-04,,74230,74230,49.1
1960-02-05,,74340,74340,49.2
1960-02-06,,74460,74460,49.3
1960-02-07,,74580,74580,49.4
1960-02-08,,74700,74700,49.4
1960-02-09,,74700,74700,49.4
1960-02-10,,74700,74700,49.4
1960-02-11,,74700,74700,49.4
1960-02-12,,74700,74700,49.4
1960-02-13,,74700,74700,49.4
1960-02-14,,74700,74700,49.4
1960-02-15,,74700,74700,49.4
1960-02-16,,74700,74700,49.4
1960-02-17,,74700,74700,49.4
1960-02-18,,74700,74700,49.4
1960-02-19,,74700,74700,49.4
1960-02-20,,74700,74700,49.4
1960-02-21,,74700,74700,49.4
1960-02-22,,74700,74700,49.4
1960-02-23,,74700,74700,49.4
1960-02-24,,74700,74700,49.4
1960-02-25,,74700,74700,49.4
1960-02-26,,74700,74700,49.4
1960-02-27,,74700,74700,49.4
1960-02-28,,74700,74700,49.4
1960-02-29,,74700,74700,49.4
1960-03-01,,74700,74700,49.4
1960-03-02,,74700,74700,49.4
1960-03-03,,74700,74700,49.4
1960-03-04,,74700,74700,49.4
1960-03-05,,74700,74700,49.4
1960-03-06,,74750,74750,49.5
1960-03-07,,74800,74800,49.5
1960-03-08,,74850,74850,49.5
1960-03-09,,74900,74900,49.6
1960-03-10,,74950,74950,49.6
1960-03-11,,75000,75000,49.6
1960-03-12,,75050,75050,49.7
1960-03-13,,75100,75100,49.7
1960-03-14,,75100,75100,49.7
1960-03-15,,75100,75100,49.7
1960-03-16,,75100,75100,49.7
1960-03-17,,75100,75100,49.7
1960-03-18,,75100,75100,49.7
1960-03-19,,75100,75100,49.7
1960-03-20,,75200,75200,49.8
1960-03-21,,75300,75300,49.8
1960-03-22,,75500,75500,50.0
1960-03-23,,75500,75500,50.0
1960-03-24,,75500,75500,50.0
1960-03-25,,75500,75500,50.0
1960-03-26,,75500,75500,50.0
1960-03-27,,75500,75500,50.0
1960-03-28,,75500,75500,50.0
1960-03-29,,75500,75500,50.0
1960-03-30,,75500,75500,50.0
1960-03-31,,75500,75500,50.0
1960-04-01,,75100,75100,49.7
1960-04-02,,74600,74600,49.4
1960-04-03,,74100,74100,49.0
1960-04-04,,73600,73600,48.7
1960-04-05,,73100,73100,48.4
1960-04-06,,72700,72700,48.1
1960-04-07,,72300,72300,47.8
1960-04-08,,71900,71900,47.6
1960-04-09,,71500,71500,47.3
1960-04-10,,71100,71100,47.1
1960-04-11,,70700,70700,46.8
1960-04-12,,70300,70300,46.5
1960-04-13,,69900,69900,46.3
1960-04-14,,69500,69500,46.0
1960-04-15,,69100,69100,45.7
1960-04-16,,68500,68500,45.3
1960-04-17,,67800,67800,44.9
1960-04-18,,67100,67100,44.4
1960-04-19,,66500,66500,44.0
1960-04-20,,65900,65900,43.6
1960-04-21,,65300,65300,43.2
1960-04-22,,64800,64800,42.9
1960-04-23,,64300,64300,42.6
1960-04-24,,64000,64000,42.4
1960-04-25,,63700,63700,42.2
1960-04-26,,63400,63400,42.0
1960-04-27,,63150,63150,41.8
1960-04-28,,62500,62500,41.4
1960-04-29,,61900,61900,41.0
1960-04-30,,61400,61400,40.6
1960-05-01,,61400,61400,40.6
1960-05-02,,61000,61000,40.4
1960-05-03,,60800,60800,40.2
1960-05-04,,60650,60650,40.1
1960-05-05,,60550,60550,40.1
1960-05-06,,60450,60450,40.0
1960-05-07,,60350,60350,39.9
1960-05-08,,60180,60180,39.8
1960-05-09,,60000,60000,39.7
1960-05-10,,59830,59830,39.6
1960-05-11,,59650,59650,39.5
1960-05-12,,59580,59580,39.4
1960-05-13,,59510,59510,39.4
1960-05-14,,59470,59470,39.4
1960-05-15,,59390,59390,39.3
1960-05-16,,59300,59300,39.2
1960-05-17,,59000,59000,39.0
1960-05-18,,58700,58700,38.8
1960-05-19,,58250,58250,38.5
1960-05-20,,57800,57800,38.3
1960-05-21,,57400,57400,38.0
1960-05-22,,57000,57000,37.7
1960-05-23,,56500,56500,37.4
1960-05-24,,56150,56150,37.2
1960-05-25,,55800,55800,36.9
1960-05-26,,55450,55450,36.7
1960-05-27,,55100,55100,36.5
1960-05-28,,54750,54750,36.2
1960-05-29,,54600,54600,36.1
1960-05-30,,54400,54400,36.0
1960-05-31,,54750,54750,36.2
1960-06-01,,54400,54400,36.0
1960-06-02,,54200,54200,35.9
1960-06-03,,54000,54000,35.7
1960-06-04,,53800,53800,35.6
1960-06-05,,53600,53600,35.5
1960-06-06,,53350,53350,35.3
1960-06-07,,53000,53000,35.1
1960-06-08,,53000,53000,35.1
1960-06-09,,53000,53000,35.1
1960-06-10,,53000,53000,35.1
1960-06-11,,53000,53000,35.1
1960-06-12,,53150,53150,35.2
1960-06-13,,53350,53350,35.3
1960-06-14,,53400,53400,35.3
1960-06-15,,53450,53450,35.4
1960-06-16,,53500,53500,35.4
1960-06-17,,53500,53500,35.4
1960-06-18,,53000,53000,35.1
1960-06-19,,52400,52400,34.7
1960-06-20,,52100,52100,34.5
1960-06-21,,51800,51800,34.3
1960-06-22,,51500,51500,34.1
1960-06-23,,51200,51200,33.9
1960-06-24,,51200,51200,33.9
1960-06-25,,51200,51200,33.9
1960-06-26,,51200,51200,33.9
1960-06-27,,51100,51100,33.8
1960-06-28,,51000,51000,33.8
1960-06-29,,50900,50900,33.7
1960-06-30,,50900,50900,33.7
1960-07-01,,50600,50600,33.5
1960-07-02,,50500,50500,33.4
1960-07-03,,50400,50400,33.4
1960-07-04,,50500,50500,33.4
1960-07-05,,50600,50600,33.5
1960-07-06,,50900,50900,33.7
1960-07-07,,52700,52700,34.9
1960-07-08,,58250,58250,38.5
1960-07-09,,62100,62100,41.1
1960-07-10,,63150,63150,41.8
1960-07-11,,63500,63500,42.0
1960-07-12,,63900,63900,42.3
1960-07-13,,65100,65100,43.1
1960-07-14,,71500,71500,47.3
1960-07-15,,82700,82700,54.7
1960-07-16,,91000,91000,60.2
1960-07-17,,96000,96000,63.5
1960-07-18,,96500,96500,63.9
1960-07-19,,96500,96500,63.9
1960-07-20,,96500,96500,63.9
1960-07-21,,96000,96000,63.5
1960-07-22,,96000,96000,63.5
1960-07-23,,96000,96000,63.5
1960-07-24,,96000,96000,63.5
1960-07-25,,96500,96500,63.9
1960-07-26,,96500,96500,63.9
1960-07-27,,96500,96500,63.9
1960-07-28,,96500,96500,63.9
1960-07-29,,96500,96500,63.9
1960-07-30,,96200,96200,63.7
1960-07-31,,96000,96000,63.5
1960-08-01,,95500,95500,63.2
1960-08-02,,95200,95200,63.0
1960-08-03,,95000,95000,62.9
1960-08-04,,94700,94700,62.7
1960-08-05,,94300,94300,62.4
1960-08-06,,94000,94000,62.2
1960-08-07,,93700,93700,62.0
1960-08-08,,93500,93500,61.9
1960-08-09,,93500,93500,61.9
1960-08-10,,93500,93500,61.9
1960-08-11,,93500,93500,61.9
1960-08-12,,93700,93700,62.0
1960-08-13,,94000,94000,62.2
1960-08-14,,94000,94000,62.2
1960-08-15,,94000,94000,62.2
1960-08-16,,94000,94000,62.2
1960-08-17,,94000,94000,62.2
1960-08-18,,94000,94000,62.2
1960-08-19,,94000,94000,62.2
1960-08-20,,93800,93800,62.1
1960-08-21,,93600,93600,61.9
1960-08-22,,93400,93400,61.8
1960-08-23,,93200,93200,61.7
1960-08-24,,93000,93000,61.5
1960-08-25,,92800,92800,61.4
1960-08-26,,92600,92600,61.3
1960-08-27,,92500,92500,61.2
1960-08-28,,92600,92600,61.3
1960-08-29,,92800,92800,61.4
1960-08-30,,93000,93000,61.5
1960-08-31,,93000,93000,61.5
1960-09-01,,92500,92500,61.2
1960-09-02,,92200,92200,61.0
1960-09-03,,91800,91800,60.8
1960-09-04,,91400,91400,60.5
1960-09-05,,91000,91000,60.2
1960-09-06,,90600,90600,60.0
1960-09-07,,90300,90300,59.8
1960-09-08,,90000,90000,59.6
1960-09-09,,89700,89700,59.4
1960-09-10,,89400,89400,59.2
1960-09-11,,89100,89100,59.0
1960-09-12,,88800,88800,58.8
1960-09-13,,88550,88550,58.6
1960-09-14,,88200,88200,58.4
1960-09-15,,87900,87900,58.2
1960-09-16,,87600,87600,58.0
1960-09-17,,87300,87300,57.8
1960-09-18,,87000,87000,57.6
1960-09-19,,86750,86750,57.4
1960-09-20,,86450,86450,57.2
1960-09-21,,86150,86150,57.0
1960-09-22,,85850,85850,56.8
1960-09-23,,85700,85700,56.7
1960-09-24,,85550,85550,56.6
1960-09-25,,85400,85400,56.5
1960-09-26,,85400,85400,56.5
1960-09-27,,85400,85400,56.5
1960-09-28,,85400,85400,56.5
1960-09-29,,85400,85400,56.5
1960-09-30,,85400,85400,56.5
1960-10-01,,84950,84950,56.2
1960-10-02,,84800,84800,56.1
1960-10-03,,84650,84650,56.0
1960-10-04,,84500,84500,55.9
1960-10-05,,84350,84350,55.8
1960-10-06,,84200,84200,55.7
1960-10-07,,84050,84050,55.6
1960-10-08,,84150,84150,55.7
1960-10-09,,84250,84250,55.8
1960-10-10,,84350,84350,55.8
1960-10-11,,84500,84500,55.9
1960-10-12,,84500,84500,55.9
1960-10-13,,84700,84700,56.1
1960-10-14,,84950,84950,56.2
1960-10-15,,85500,85500,56.6
1960-10-16,,86100,86100,57.0
1960-10-17,,86750,86750,57.4
1960-10-18,,90000,90000,59.6
1960-10-19,,91000,91000,60.2
1960-10-20,,91500,91500,60.6
1960-10-21,,91500,91500,60.6
1960-10-22,,92000,92000,60.9
1960-10-23,,92000,92000,60.9
1960-10-24,,92000,92000,60.9
1960-10-25,,92500,92500,61.2
1960-10-26,,92500,92500,61.2
1960-10-27,,92500,92500,61.2
1960-10-28,,92800,92800,61.4
1960-10-29,,93000,93000,61.5
1960-10-30,,93000,93000,61.5
1960-10-31,,93000,93000,61.5
1960-11-01,,93000,93000,61.5
1960-11-02,,93000,93000,61.5
1960-11-03,,93500,93500,61.9
1960-11-04,,93500,93500,61.9
1960-11-05,,93800,93800,62.1
1960-11-06,,94200,94200,62.3
1960-11-07,,94500,94500,62.5
1960-11-08,,94500,94500,62.5
1960-11-09,,94700,94700,62.7
1960-11-10,,95000,95000,62.9
1960-11-11,,95000,95000,62.9
1960-11-12,,95500,95500,63.2
1960-11-13,,95800,95800,63.4
1960-11-14,,96000,96000,63.5
1960-11-15,,96500,96500,63.9
1960-11-16,,96500,96500,63.9
1960-11-17,,97000,97000,64.2
1960-11-18,,97000,97000,64.2
1960-11-19,,97000,97000,64.2
1960-11-20,,97200,97200,64.3
1960-11-21,,97500,97500,64.5
1960-11-22,,97600,97600,64.6
1960-11-23,,97700,97700,64.7
1960-11-24,,97800,97800,64.7
1960-11-25,,98000,98000,64.9
1960-11-26,,98300,98300,65.1
1960-11-27,,98700,98700,65.3
1960-11-28,,99000,99000,65.5
1960-11-29,,99000,99000,65.5
1960-11-30,,99000,99000,65.5
1960-12-01,,99500,99500,65.8
1960-12-02,,99800,99800,66.0
1960-12-03,,100000,100000,66.2
1960-12-04,,100200,100200,66.3
1960-12-05,,100500,100500,66.5
1960-12-06,,100900,100900,66.8
1960-12-07,,101300,101300,67.0
1960-12-08,,101700,101700,67.3
1960-12-09,,102100,102100,67.6
1960-12-10,,102500,102500,67.8
1960-12-11,,103000,103000,68.2
1960-12-12,,103500,103500,68.5
1960-12-13,,104000,104000,68.8
1960-12-14,,104500,104500,69.2
1960-12-15,,105000,105000,69.5
1960-12-16,,105600,105600,69.9
1960-12-17,,106200,106200,70.3
1960-12-18,,106800,106800,70.7
1960-12-19,,107300,107300,71.0
1960-12-20,,107800,107800,71.3
1960-12-21,,108200,108200,71.6
1960-12-22,,108600,108600,71.9
1960-12-23,,109000,109000,72.1
1960-12-24,,109200,109200,72.3
1960-12-25,,109500,109500,72.5
1960-12-26,,110000,110000,72.8
1960-12-27,,110600,110600,73.2
1960-12-28,,111100,111100,73.5
1960-12-29,,111700,111700,73.9
1960-12-30,,112200,112200,74.3
1960-12-31,,112800,112800,74.6
1961-01-01,,113400,113400,75.0
1961-01-02,,113600,113600,75.2
1961-01-03,,113900,113900,75.4
1961-01-04,,114500,114500,75.8
1961-01-05,,115100,115100,76.2
1961-01-06,,115600,115600,76.5
1961-01-07,,115900,115900,76.7
1961-01-08,,116200,116200,76.9
1961-01-09,,116500,116500,77.1
1961-01-10,,116800,116800,77.3
1961-01-11,,117100,117100,77.5
1961-01-12,,117400,117400,77.7
1961-01-13,,117700,117700,77.9
1961-01-14,,118000,118000,78.1
1961-01-15,,118200,118200,78.2
1961-01-16,,118400,118400,78.4
1961-01-17,,118600,118600,78.5
1961-01-18,,118900,118900,78.7
1961-01-19,,119200,119200,78.9
1961-01-20,,119300,119300,78.9
1961-01-21,,119400,119400,79.0
1961-01-22,,119600,119600,79.1
1961-01-23,,119800,119800,79.3
1961-01-24,,120100,120100,79.5
1961-01-25,,120400,120400,79.7
1961-01-26,,120700,120700,79.9
1961-01-27,,121000,121000,80.1
1961-01-28,,121300,121300,80.3
1961-01-29,,121600,121600,80.5
1961-01-30,,122200,122200,80.9
1961-01-31,,122800,122800,81.3
1961-02-01,,123400,123400,81.7
1961-02-02,,123600,123600,81.8
1961-02-03,,123800,123800,81.9
1961-02-04,,124000,124000,82.1
1961-02-05,,124400,124400,82.3
1961-02-06,,124800,124800,82.6
1961-02-07,,125200,125200,82.9
1961-02-08,,125600,125600,83.1
1961-02-09,,126000,126000,83.4
1961-02-10,,126400,126400,83.6
1961-02-11,,126600,126600,83.8
1961-02-12,,126800,126800,83.9
1961-02-13,,127000,127000,84.0
1961-02-14,,127300,127300,84.2
1961-02-15,,127700,127700,84.5
1961-02-16,,128000,128000,84.7
1961-02-17,,128400,128400,85.0
1961-02-18,,128800,128800,85.2
1961-02-19,,129000,129000,85.4
1961-02-20,,129200,129200,85.5
1961-02-21,,129400,129400,85.6
1961-02-22,,129800,129800,85.9
1961-02-23,,130300,130300,86.2
1961-02-24,,130700,130700,86.5
1961-02-25,,131200,131200,86.8
1961-02-26,,131400,131400,87.0
1961-02-27,,131600,131600,87.1
1961-02-28,,131800,131800,87.2
1961-03-01,,131800,131800,87.2
1961-03-02,,132000,132000,87.4
1961-03-03,,132100,132100,87.4
1961-03-04,,132200,132200,87.5
1961-03-05,,132300,132300,87.6
1961-03-06,,132400,132400,87.6
1961-03-07,,132400,132400,87.6
1961-03-08,,132400,132400,87.6
1961-03-09,,131800,131800,87.2
1961-03-10,,131200,131200,86.8
1961-03-11,,130600,130600,86.4
1961-03-12,,130000,130000,86.0
1961-03-13,,129600,129600,85.8
1961-03-14,,129200,129200,85.5
1961-03-15,,128800,128800,85.2
1961-03-16,,128500,128500,85.0
1961-03-17,,128100,128100,84.8
1961-03-18,,127800,127800,84.6
1961-03-19,,127400,127400,84.3
1961-03-20,,127000,127000,84.0
1961-03-21,,126800,126800,83.9
1961-03-22,,126700,126700,83.8
1961-03-23,,126600,126600,83.8
1961-03-24,,126500,126500,83.7
1961-03-25,,126400,126400,83.6
1961-03-26,,126200,126200,83.5
1961-03-27,,126100,126100,83.4
1961-03-28,,126000,126000,83.4
1961-03-29,,125900,125900,83.3
1961-03-30,,125800,125800,83.3
1961-03-31,,125800,125800,83.3
1961-04-01,,125200,125200,82.9
1961-04-02,,125000,125000,82.7
1961-04-03,,124800,124800,82.6
1961-04-04,,124600,124600,82.5
1961-04-05,,124300,124300,82.3
1961-04-06,,124000,124000,82.1
1961-04-07,,123800,123800,81.9
1961-04-08,,123600,123600,81.8
1961-04-09,,123400,123400,81.7
1961-04-10,,123200,123200,81.5
1961-04-11,,123000,123000,81.4
1961-04-12,,122800,122800,81.3
1961-04-13,,122600,122600,81.1
1961-04-14,,122400,122400,81.0
1961-04-15,,122200,122200,80.9
1961-04-16,,122000,122000,80.7
1961-04-17,,121800,121800,80.6
1961-04-18,,121600,121600,80.5
1961-04-19,,121000,121000,80.1
1961-04-20,,120800,120800,79.9
1961-04-21,,120500,120500,79.7
1961-04-22,,120200,120200,79.5
1961-04-23,,120000,120000,79.4
1961-04-24,,119800,119800,79.3
1961-04-25,,119200,119200,78.9
1961-04-26,,118600,118600,78.5
1961-04-27,,118000,118000,78.1
1961-04-28,,117400,117400,77.7
1961-04-29,,116800,116800,77.3
1961-04-30,,116200,116200,76.9
1961-05-01,,115600,115600,76.5
1961-05-02,,115200,115200,76.2
1961-05-03,,114800,114800,76.0
1961-05-04,,114300,114300,75.6
1961-05-05,,113900,113900,75.4
1961-05-06,,113500,113500,75.1
1961-05-07,,113100,113100,74.8
1961-05-08,,112600,112600,74.5
1961-05-09,,112200,112200,74.3
1961-05-10,,111900,111900,74.1
1961-05-11,,111600,111600,73.9
1961-05-12,,111300,111300,73.7
1961-05-13,,111100,111100,73.5
1961-05-14,,110800,110800,73.3
1961-05-15,,110600,110600,73.2
1961-05-16,,110100,110100,72.9
1961-05-17,,109500,109500,72.5
1961-05-18,,109400,109400,72.4
1961-05-19,,109200,109200,72.3
1961-05-20,,109000,109000,72.1
1961-05-21,,108800,108800,72.0
1961-05-22,,108600,108600,71.9
1961-05-23,,108300,108300,71.7
1961-05-24,,108000,108000,71.5
1961-05-25,,107800,107800,71.3
1961-05-26,,107600,107600,71.2
1961-05-27,,107400,107400,71.1
1961-05-28,,107300,107300,71.0
1961-05-29,,106600,106600,70.5
1961-05-30,,105900,105900,70.1
1961-05-31,,105100,105100,69.6
1961-06-01,,104600,104600,69.2
1961-06-02,,104100,104100,68.9
1961-06-03,,103600,103600,68.6
1961-06-04,,103100,103100,68.2
1961-06-05,,102600,102600,67.9
1961-06-06,,102000,102000,67.5
1961-06-07,,101500,101500,67.2
1961-06-08,,101100,101100,66.9
1961-06-09,,100700,100700,66.6
1961-06-10,,100400,100400,66.4
1961-06-11,,100100,100100,66.2
1961-06-12,,99800,99800,66.0
1961-06-13,,99500,99500,65.8
1961-06-14,,99000,99000,65.5
1961-06-15,,99000,99000,65.5
1961-06-16,,99300,99300,65.7
1961-06-17,,99500,99500,65.8
1961-06-18,,99100,99100,65.6
1961-06-19,,98700,98700,65.3
1961-06-20,,98300,98300,65.1
1961-06-21,,97900,97900,64.8
1961-06-22,,97500,97500,64.5
1961-06-23,,97200,97200,64.3
1961-06-24,,96900,96900,64.1
1961-06-25,,96600,96600,63.9
1961-06-26,,96300,96300,63.7
1961-06-27,,96000,96000,63.5
1961-06-28,,95500,95500,63.2
1961-06-29,,95000,95000,62.9
1961-06-30,,94500,94500,62.5
1961-07-01,,94500,94500,62.5
1961-07-02,,93800,93800,62.1
1961-07-03,,93100,93100,61.6
1961-07-04,,92400,92400,61.1
1961-07-05,,91700,91700,60.7
1961-07-06,,91000,91000,60.2
1961-07-07,,90500,90500,59.9
1961-07-08,,90000,90000,59.6
1961-07-09,,89500,89500,59.2
1961-07-10,,89000,89000,58.9
1961-07-11,,88400,88400,58.5
1961-07-12,,87700,87700,58.0
1961-07-13,,87100,87100,57.6
1961-07-14,,86400,86400,57.2
1961-07-15,,85800,85800,56.8
1961-07-16,,85200,85200,56.4
1961-07-17,,84500,84500,55.9
1961-07-18,,84100,84100,55.7
1961-07-19,,83700,83700,55.4
1961-07-20,,83150,83150,55.0
1961-07-21,,82700,82700,54.7
1961-07-22,,82300,82300,54.5
1961-07-23,,81800,81800,54.1
1961-07-24,,81400,81400,53.9
1961-07-25,,81000,81000,53.6
1961-07-26,,80600,80600,53.3
1961-07-27,,80200,80200,53.1
1961-07-28,,79800,79800,52.8
1961-07-29,,79400,79400,52.5
1961-07-30,,79100,79100,52.3
1961-07-31,,79100,79100,52.3
1961-08-01,,78650,78650,52.0
1961-08-02,,78100,78100,51.7
1961-08-03,,77600,77600,51.4
1961-08-04,,77100,77100,51.0
1961-08-05,,76500,76500,50.6
1961-08-06,,75950,75950,50.3
1961-08-07,,75300,75300,49.8
1961-08-08,,74700,74700,49.4
1961-08-09,,74100,74100,49.0
1961-08-10,,73500,73500,48.6
1961-08-11,,72800,72800,48.2
1961-08-12,,72100,72100,47.7
1961-08-13,,71500,71500,47.3
1961-08-14,,70600,70600,46.7
1961-08-15,,69700,69700,46.1
1961-08-16,,68700,68700,45.5
1961-08-17,,68100,68100,45.1
1961-08-18,,67500,67500,44.7
1961-08-19,,66900,66900,44.3
1961-08-20,,66300,66300,43.9
1961-08-21,,65700,65700,43.5
1961-08-22,,65100,65100,43.1
1961-08-23,,64600,64600,42.8
1961-08-24,,64100,64100,42.4
1961-08-25,,63600,63600,42.1
1961-08-26,,63150,63150,41.8
1961-08-27,,62400,62400,41.3
1961-08-28,,61600,61600,40.8
1961-08-29,,60800,60800,40.2
1961-08-30,,60000,60000,39.7
1961-08-31,,59300,59300,39.2
1961-09-01,,58950,58950,39.0
1961-09-02,,58100,58100,38.4
1961-09-03,,57300,57300,37.9
1961-09-04,,56500,56500,37.4
1961-09-05,,55900,55900,37.0
1961-09-06,,55300,55300,36.6
1961-09-07,,54750,54750,36.2
1961-09-08,,54300,54300,35.9
1961-09-09,,53900,53900,35.7
1961-09-10,,53400,53400,35.3
1961-09-11,,53000,53000,35.1
1961-09-12,,52700,52700,34.9
1961-09-13,,52400,52400,34.7
1961-09-14,,52100,52100,34.5
1961-09-15,,51800,51800,34.3
1961-09-16,,51600,51600,34.1
1961-09-17,,51400,51400,34.0
1961-09-18,,51200,51200,33.9
1961-09-19,,51050,51050,33.8
1961-09-20,,50900,50900,33.7
1961-09-21,,50750,50750,33.6
1961-09-22,,50600,50600,33.5
1961-09-23,,50600,50600,33.5
1961-09-24,,50600,50600,33.5
1961-09-25,,50600,50600,33.5
1961-09-26,,50600,50600,33.5
1961-09-27,,50400,50400,33.4
1961-09-28,,50200,50200,33.2
1961-09-29,,50100,50100,33.2
1961-09-30,,50000,50000,33.1
1961-10-01,,49700,49700,32.9
1961-10-02,,49900,49900,33.0
1961-10-03,,50100,50100,33.2
1961-10-04,,50200,50200,33.2
1961-10-05,,50300,50300,33.3
1961-10-06,,50100,50100,33.2
1961-10-07,,50000,50000,33.1
1961-10-08,,49800,49800,33.0
1961-10-09,,49700,49700,32.9
1961-10-10,,49500,49500,32.8
1961-10-11,,49400,49400,32.7
1961-10-12,,49350,49350,32.7
1961-10-13,,49300,49300,32.6
1961-10-14,,49250,49250,32.6
1961-10-15,,49200,49200,32.6
1961-10-16,,49150,49150,32.5
1961-10-17,,49100,49100,32.5
1961-10-18,,49100,49100,32.5
1961-10-19,,49100,49100,32.5
1961-10-20,,49100,49100,32.5
1961-10-21,,49100,49100,32.5
1961-10-22,,49100,49100,32.5
1961-10-23,,49100,49100,32.5
1961-10-24,,49100,49100,32.5
1961-10-25,,49100,49100,32.5
1961-10-26,,49100,49100,32.5
1961-10-27,,49100,49100,32.5
1961-10-28,,49100,49100,32.5
1961-10-29,,49300,49300,32.6
1961-10-30,,49500,49500,32.8
1961-10-31,,49700,49700,32.9
1961-11-01,,49700,49700,32.9
1961-11-02,,49900,49900,33.0
1961-11-03,,50000,50000,33.1
1961-11-04,,50100,50100,33.2
1961-11-05,,50200,50200,33.2
1961-11-06,,50300,50300,33.3
1961-11-07,,50400,50400,33.4
1961-11-08,,50500,50500,33.4
1961-11-09,,50600,50600,33.5
1961-11-10,,50700,50700,33.6
1961-11-11,,50800,50800,33.6
1961-11-12,,50900,50900,33.7
1961-11-13,,51000,51000,33.8
1961-11-14,,51100,51100,33.8
1961-11-15,,51200,51200,33.9
1961-11-16,,51200,51200,33.9
1961-11-17,,51300,51300,33.9
1961-11-18,,51500,51500,34.1
1961-11-19,,51600,51600,34.1
1961-11-20,,51800,51800,34.3
1961-11-21,,51900,51900,34.3
1961-11-22,,52000,52000,34.4
1961-11-23,,52100,52100,34.5
1961-11-24,,52200,52200,34.5
1961-11-25,,52400,52400,34.7
1961-11-26,,52500,52500,34.7
1961-11-27,,52700,52700,34.9
1961-11-28,,52800,52800,34.9
1961-11-29,,52900,52900,35.0
1961-11-30,,53000,53000,35.1
1961-12-01,,53000,53000,35.1
1961-12-02,,53150,53150,35.2
1961-12-03,,53300,53300,35.3
1961-12-04,,53460,53460,35.4
1961-12-05,,53630,53630,35.5
1961-12-06,,53850,53850,35.6
1961-12-07,,54050,54050,35.8
1961-12-08,,54170,54170,35.8
1961-12-09,,54300,54300,35.9
1961-12-10,,54420,54420,36.0
1961-12-11,,54540,54540,36.1
1961-12-12,,54650,54650,36.2
1961-12-13,,54750,54750,36.2
1961-12-14,,54900,54900,36.3
1961-12-15,,55050,55050,36.4
1961-12-16,,55200,55200,36.5
1961-12-17,,55350,55350,36.6
1961-12-18,,55500,55500,36.7
1961-12-19,,55650,55650,36.8
1961-12-20,,55800,55800,36.9
1961-12-21,,55920,55920,37.0
1961-12-22,,56040,56040,37.1
1961-12-23,,56160,56160,37.2
1961-12-24,,56280,56280,37.2
1961-12-25,,56400,56400,37.3
1961-12-26,,56500,56500,37.4
1961-12-27,,56640,56640,37.5
1961-12-28,,56780,56780,37.6
1961-12-29,,56920,56920,37.7
1961-12-30,,51060,51060,33.8
1961-12-31,,57200,57200,37.9
1962-01-01,,57200,57200,37.9
1962-01-02,,57340,57340,37.9
1962-01-03,,57480,57480,38.0
1962-01-04,,57620,57620,38.1
1962-01-05,,57760,57760,38.2
1962-01-06,,57900,57900,38.3
1962-01-07,,57970,57970,38.4
1962-01-08,,58040,58040,38.4
1962-01-09,,58110,58110,38.5
1962-01-10,,58180,58180,38.5
1962-01-11,,58250,58250,38.5
1962-01-12,,58320,58320,38.6
1962-01-13,,58400,58400,38.6
1962-01-14,,58500,58500,38.7
1962-01-15,,58600,58600,38.8
1962-01-16,,58950,58950,39.0
1962-01-17,,59030,59030,39.1
1962-01-18,,59110,59110,39.1
1962-01-19,,59190,59190,39.2
1962-01-20,,59270,59270,39.2
1962-01-21,,59300,59300,39.2
1962-01-22,,59460,59460,39.3
1962-01-23,,59620,59620,39.5
1962-01-24,,59780,59780,39.6
1962-01-25,,59940,59940,39.7
1962-01-26,,60200,60200,39.8
1962-01-27,,60350,60350,39.9
1962-01-28,,60450,60450,40.0
1962-01-29,,60500,60500,40.0
1962-01-30,,60600,60600,40.1
1962-01-31,,60700,60700,40.2
1962-02-01,,61050,61050,40.4
1962-02-02,,61100,61100,40.4
1962-02-03,,61150,61150,40.5
1962-02-04,,61200,61200,40.5
1962-02-05,,61250,61250,40.5
1962-02-06,,61300,61300,40.6
1962-02-07,,61350,61350,40.6
1962-02-08,,61400,61400,40.6
1962-02-09,,61400,61400,40.6
1962-02-10,,61560,61560,40.7
1962-02-11,,61720,61720,40.8
1962-02-12,,61880,61880,41.0
1962-02-13,,62040,62040,41.1
1962-02-14,,62250,62250,41.2
1962-02-15,,62450,62450,41.3
1962-02-16,,62520,62520,41.4
1962-02-17,,62590,62590,41.4
1962-02-18,,62660,62660,41.5
1962-02-19,,62730,62730,41.5
1962-02-20,,62800,62800,41.6
1962-02-21,,62860,62860,41.6
1962-02-22,,62920,62920,41.6
1962-02-23,,62980,62980,41.7
1962-02-24,,63040,63040,41.7
1962-02-25,,63100,63100,41.8
1962-02-26,,63150,63150,41.8
1962-02-27,,63300,63300,41.9
1962-02-28,,63500,63500,42.0
1962-03-01,,63500,63500,42.0
1962-03-02,,63500,63500,42.0
1962-03-03,,63500,63500,42.0
1962-03-04,,63500,63500,42.0
1962-03-05,,63500,63500,42.0
1962-03-06,,63500,63500,42.0
1962-03-07,,63500,63500,42.0
1962-03-08,,63500,63500,42.0
1962-03-09,,63500,63500,42.0
1962-03-10,,63500,63500,42.0
1962-03-11,,63500,63500,42.0
1962-03-12,,63500,63500,42.0
1962-03-13,,63500,63500,42.0
1962-03-14,,63500,63500,42.0
1962-03-15,,63500,63500,42.0
1962-03-16,,63500,63500,42.0
1962-03-17,,63500,63500,42.0
1962-03-18,,63500,63500,42.0
1962-03-19,,63200,63200,41.8
1962-03-20,,62900,62900,41.6
1962-03-21,,62600,62600,41.4
1962-03-22,,62300,62300,41.2
1962-03-23,,62100,62100,41.1
1962-03-24,,61600,61600,40.8
1962-03-25,,61100,61100,40.4
1962-03-26,,60700,60700,40.2
1962-03-27,,60700,60700,40.2
1962-03-28,,60700,60700,40.2
1962-03-29,,60700,60700,40.2
1962-03-30,,60700,60700,40.2
1962-03-31,,60700,60700,40.2
1962-04-01,,60350,60350,39.9
1962-04-02,,60260,60260,39.9
1962-04-03,,60170,60170,39.8
1962-04-04,,60080,60080,39.8
1962-04-05,,60000,60000,39.7
1962-04-06,,59940,59940,39.7
1962-04-07,,59880,59880,39.6
1962-04-08,,59820,59820,39.6
1962-04-09,,59760,59760,39.5
1962-04-10,,59700,59700,39.5
1962-04-11,,59650,59650,39.5
1962-04-12,,59400,59400,39.3
1962-04-13,,59150,59150,39.1
1962-04-14,,58900,58900,39.0
1962-04-15,,58600,58600,38.8
1962-04-16,,58350,58350,38.6
1962-04-17,,58100,58100,38.4
1962-04-18,,57800,57800,38.3
1962-04-19,,57550,57550,38.1
1962-04-20,,57300,57300,37.9
1962-04-21,,57000,57000,37.7
1962-04-22,,56750,56750,37.6
1962-04-23,,56500,56500,37.4
1962-04-24,,56200,56200,37.2
1962-04-25,,55800,55800,36.9
1962-04-26,,55400,55400,36.7
1962-04-27,,55000,55000,36.4
1962-04-28,,54500,54500,36.1
1962-04-29,,54100,54100,35.8
1962-04-30,,53700,53700,35.5
1962-05-01,,53350,53350,35.3
1962-05-02,,53200,53200,35.2
1962-05-03,,53050,53050,35.1
1962-05-04,,52900,52900,35.0
1962-05-05,,52750,52750,34.9
1962-05-06,,52600,52600,34.8
1962-05-07,,52400,52400,34.7
1962-05-08,,52200,52200,34.5
1962-05-09,,52000,52000,34.4
1962-05-10,,51800,51800,34.3
1962-05-11,,51600,51600,34.1
1962-05-12,,51400,51400,34.0
1962-05-13,,51200,51200,33.9
1962-05-14,,51100,51100,33.8
1962-05-15,,50050,50050,33.1
1962-05-16,,50000,50000,33.1
1962-05-17,,50000,50000,33.1
1962-05-18,,50000,50000,33.1
1962-05-19,,50000,50000,33.1
1962-05-20,,50000,50000,33.1
1962-05-21,,50000,50000,33.1
1962-05-22,,50000,50000,33.1
1962-05-23,,50000,50000,33.1
1962-05-24,,50000,50000,33.1
1962-05-25,,50000,50000,33.1
1962-05-26,,50000,50000,33.1
1962-05-27,,49800,49800,33.0
1962-05-28,,49600,49600,32.8
1962-05-29,,49400,49400,32.7
1962-05-30,,49200,49200,32.6
1962-05-31,,49000,49000,32.4
1962-06-01,,48800,48800,32.3
1962-06-02,,48700,48700,32.2
1962-06-03,,48600,48600,32.2
1962-06-04,,48500,48500,32.1
1962-06-05,,48500,48500,32.1
1962-06-06,,48400,48400,32.0
1962-06-07,,48400,48400,32.0
1962-06-08,,48300,48300,32.0
1962-06-09,,48300,48300,32.0
1962-06-10,,48200,48200,31.9
1962-06-11,,48200,48200,31.9
1962-06-12,,48800,48800,32.3
1962-06-13,,48800,48800,32.3
1962-06-14,,48900,48900,32.4
1962-06-15,,48900,48900,32.4
1962-06-16,,49000,49000,32.4
1962-06-17,,49000,49000,32.4
1962-06-18,,49100,49100,32.5
1962-06-19,,49100,49100,32.5
1962-06-20,,49100,49100,32.5
1962-06-21,,49000,49000,32.4
1962-06-22,,48900,48900,32.4
1962-06-23,,48800,48800,32.3
1962-06-24,,48700,48700,32.2
1962-06-25,,48500,48500,32.1
1962-06-26,,48100,48100,31.8
1962-06-27,,47700,47700,31.6
1962-06-28,,47300,47300,31.3
1962-06-29,,47000,47000,31.1
1962-06-30,,46700,46700,30.9
1962-07-01,,46400,46400,30.7
1962-07-02,,46000,46000,30.4
1962-07-03,,45600,45600,30.2
1962-07-04,,45200,45200,29.9
1962-07-05,,45000,45000,29.8
1962-07-06,,44900,44900,29.7
1962-07-07,,44300,44300,29.3
1962-07-08,,44000,44000,29.1
1962-07-09,,43500,43500,28.8
1962-07-10,,43250,43250,28.6
1962-07-11,,43000,43000,28.5
1962-07-12,,42500,42500,28.1
1962-07-13,,42250,42250,28.0
1962-07-14,,42000,42000,27.8
1962-07-15,,41500,41500,27.5
1962-07-16,,41250,41250,27.3
1962-07-17,,41000,41000,27.1
1962-07-18,,40500,40500,26.8
1962-07-19,,40250,40250,26.6
1962-07-20,,39750,39750,26.3
1962-07-21,,39500,39500,26.1
1962-07-22,,39000,39000,25.8
1962-07-23,,38760,38760,25.7
1962-07-24,,38520,38520,25.5
1962-07-25,,38040,38040,25.2
1962-07-26,,37800,37800,25.0
1962-07-27,,38280,38280,25.3
1962-07-28,,38040,38040,25.2
1962-07-29,,37560,37560,24.9
1962-07-30,,37800,37800,25.0
1962-07-31,,38520,38520,25.5
1962-08-01,,39000,39000,25.8
1962-08-02,,39500,39500,26.1
1962-08-03,,39500,39500,26.1
1962-08-04,,39500,39500,26.1
1962-08-05,,39500,39500,26.1
1962-08-06,,39250,39250,26.0
1962-08-07,,39250,39250,26.0
1962-08-08,,39000,39000,25.8
1962-08-09,,39000,39000,25.8
1962-08-10,,38760,38760,25.7
1962-08-11,,38520,38520,25.5
1962-08-12,,38040,38040,25.2
1962-08-13,,37800,37800,25.0
1962-08-14,,37560,37560,24.9
1962-08-15,,37080,37080,24.5
1962-08-16,,36840,36840,24.4
1962-08-17,,36600,36600,24.2
1962-08-18,,36160,36160,23.9
1962-08-19,,35720,35720,23.6
1962-08-20,,35280,35280,23.3
1962-08-21,,35060,35060,23.2
1962-08-22,,34620,34620,22.9
1962-08-23,,34400,34400,22.8
1962-08-24,,33980,33980,22.5
1962-08-25,,33560,33560,22.2
1962-08-26,,33560,33560,22.2
1962-08-27,,33140,33140,21.9
1962-08-28,,33140,33140,21.9
1962-08-29,,32720,32720,21.7
1962-08-30,,32720,32720,21.7
1962-08-31,,32720,32720,21.7
1962-09-01,,32720,32720,21.7
1962-09-02,,32720,32720,21.7
1962-09-03,,32720,32720,21.7
1962-09-04,,32930,32930,21.8
1962-09-05,,32930,32930,21.8
1962-09-06,,33140,33140,21.9
1962-09-07,,33140,33140,21.9
1962-09-08,,32930,32930,21.8
1962-09-09,,32930,32930,21.8
1962-09-10,,32720,32720,21.7
1962-09-11,,32720,32720,21.7
1962-09-12,,32720,32720,21.7
1962-09-13,,32720,32720,21.7
1962-09-14,,32510,32510,21.5
1962-09-15,,32300,32300,21.4
1962-09-16,,32300,32300,21.4
1962-09-17,,32100,32100,21.2
1962-09-18,,31900,31900,21.1
1962-09-19,,31900,31900,21.1
1962-09-20,,31700,31700,21.0
1962-09-21,,31500,31500,20.8
1962-09-22,,31300,31300,20.7
1962-09-23,,31100,31100,20.6
1962-09-24,,31100,31100,20.6
1962-09-25,,30900,30900,20.4
1962-09-26,,30700,30700,20.3
1962-09-27,,30700,30700,20.3
1962-09-28,,30500,30500,20.2
1962-09-29,,30300,30300,20.1
1962-09-30,,30300,30300,20.1
1962-10-01,,30110,30110,19.9
1962-10-02,,29920,29920,19.8
1962-10-03,,29920,29920,19.8
1962-10-04,,29920,29920,19.8
1962-10-05,,30110,30110,19.9
1962-10-06,,30110,30110,19.9
1962-10-07,,30110,30110,19.9
1962-10-08,,30110,30110,19.9
1962-10-09,,30300,30300,20.1
1962-10-10,,30300,30300,20.1
1962-10-11,,30300,30300,20.1
1962-10-12,,30300,30300,20.1
1962-10-13,,30300,30300,20.1
1962-10-14,,30300,30300,20.1
1962-10-15,,30400,30400,20.1
1962-10-16,,30500,30500,20.2
1962-10-17,,30110,30110,19.9
1962-10-18,,29730,29730,19.7
1962-10-19,,29540,29540,19.5
1962-10-20,,29160,29160,19.3
1962-10-21,,28970,28970,19.2
1962-10-22,,28780,28780,19.0
1962-10-23,,28400,28400,18.8
1962-10-24,,28220,28220,18.7
1962-10-25,,27860,27860,18.4
1962-10-26,,27680,27680,18.3
1962-10-27,,27500,27500,18.2
1962-10-28,,27200,27200,18.0
1962-10-29,,26960,26960,17.8
1962-10-30,,26800,26800,17.7
1962-10-31,,26600,26600,17.6
1962-11-01,,25920,25920,17.2
1962-11-02,,25240,25240,16.7
1962-11-03,,24580,24580,16.3
1962-11-04,,23940,23940,15.8
1962-11-05,,23300,23300,15.4
1962-11-06,,22550,22550,14.9
1962-11-07,,21900,21900,14.5
1962-11-08,,21240,21240,14.1
1962-11-09,,20680,20680,13.7
1962-11-10,,20140,20140,13.3
1962-11-11,,19490,19490,12.9
1962-11-12,,18840,18840,12.5
1962-11-13,,18190,18190,12.0
1962-11-14,,17540,17540,11.6
1962-11-15,,16760,16760,11.1
1962-11-16,,16260,16260,10.8
1962-11-17,,15420,15420,10.2
1962-11-18,,15660,15660,10.4
1962-11-19,,15900,15900,10.5
1962-11-20,,16140,16140,10.7
1962-11-21,,16380,16380,10.8
1962-11-22,,16630,16630,11.0
1962-11-23,,16890,16890,11.2
1962-11-24,,17150,17150,11.3
1962-11-25,,17280,17280,11.4
1962-11-26,,17540,17540,11.6
1962-11-27,,17800,17800,11.8
1962-11-28,,17930,17930,11.9
1962-11-29,,18190,18190,12.0
1962-11-30,,18320,18320,12.1
1962-12-01,,18550,18550,12.3
1962-12-02,,18790,18790,12.4
1962-12-03,,19020,19020,12.6
1962-12-04,,19260,19260,12.7
1962-12-05,,19490,19490,12.9
1962-12-06,,19620,19620,13.0
1962-12-07,,19750,19750,13.1
1962-12-08,,19880,19880,13.2
1962-12-09,,20010,20010,13.2
1962-12-10,,20140,20140,13.3
1962-12-11,,20270,20270,13.4
1962-12-12,,20400,20400,13.5
1962-12-13,,20680,20680,13.7
1962-12-14,,20820,20820,13.8
1962-12-15,,20960,20960,13.9
1962-12-16,,21100,21100,14.0
1962-12-17,,21100,21100,14.0
1962-12-18,,21520,21520,14.2
1962-12-19,,21520,21520,14.2
1962-12-20,,21660,21660,14.3
1962-12-21,,21800,21800,14.4
1962-12-22,,22100,22100,14.6
1962-12-23,,22200,22200,14.7
1962-12-24,,22250,22250,14.7
1962-12-25,,22400,22400,14.8
1962-12-26,,22550,22550,14.9
1962-12-27,,22700,22700,15.0
1962-12-28,,22850,22850,15.1
1962-12-29,,22990,22990,15.2
1962-12-30,,23150,23150,15.3
1962-12-31,,23300,23300,15.4
1963-01-01,,23460,23460,15.5
1963-01-02,,23620,23620,15.6
1963-01-03,,23620,23620,15.6
1963-01-04,,23780,23780,15.7
1963-01-05,,23920,23920,15.8
1963-01-06,,24100,24100,15.9
1963-01-07,,24240,24240,16.0
1963-01-08,,24420,24420,16.2
1963-01-09,,24530,24530,16.2
1963-01-10,,24640,24640,16.3
1963-01-11,,24740,24740,16.4
1963-01-12,,24910,24910,16.5
1963-01-13,,25080,25080,16.6
1963-01-14,,25240,25240,16.7
1963-01-15,,25240,25240,16.7
1963-01-16,,25410,25410,16.8
1963-01-17,,25580,25580,16.9
1963-01-18,,25750,25750,17.0
1963-01-19,,25920,25920,17.2
1963-01-20,,26000,26000,17.2
1963-01-21,,26090,26090,17.3
1963-01-22,,26260,26260,17.4
1963-01-23,,26340,26340,17.4
1963-01-24,,26430,26430,17.5
1963-01-25,,26600,26600,17.6
1963-01-26,,26780,26780,17.7
1963-01-27,,26780,26780,17.7
1963-01-28,,26960,26960,17.8
1963-01-29,,27140,27140,18.0
1963-01-30,,27140,27140,18.0
1963-01-31,,27320,27320,18.1
1963-02-01,,27320,27320,18.1
1963-02-02,,27320,27320,18.1
1963-02-03,,27320,27320,18.1
1963-02-04,,27500,27500,18.2
1963-02-05,,27500,27500,18.2
1963-02-06,,27500,27500,18.2
1963-02-07,,27500,27500,18.2
1963-02-08,,27500,27500,18.2
1963-02-09,,27680,27680,18.3
1963-02-10,,27680,27680,18.3
1963-02-11,,27680,27680,18.3
1963-02-12,,27680,27680,18.3
1963-02-13,,27680,27680,18.3
1963-02-14,,27680,27680,18.3
1963-02-15,,27860,27860,18.4
1963-02-16,,27860,27860,18.4
1963-02-17,,27860,27860,18.4
1963-02-18,,27860,27860,18.4
1963-02-19,,27900,27900,18.5
1963-02-20,,28040,28040,18.6
1963-02-21,,28040,28040,18.6
1963-02-22,,28040,28040,18.6
1963-02-23,,28220,28220,18.7
1963-02-24,,28400,28400,18.8
1963-02-25,,28400,28400,18.8
1963-02-26,,28400,28400,18.8
1963-02-27,,28590,28590,18.9
1963-02-28,,28590,28590,18.9
1963-03-01,,28780,28780,19.0
1963-03-02,,28780,28780,19.0
1963-03-03,,28800,28800,19.1
1963-03-04,,28900,28900,19.1
1963-03-05,,28970,28970,19.2
1963-03-06,,28970,28970,19.2
1963-03-07,,28970,28970,19.2
1963-03-08,,28970,28970,19.2
1963-03-09,,28970,28970,19.2
1963-03-10,,28970,28970,19.2
1963-03-11,,28970,28970,19.2
1963-03-12,,28970,28970,19.2
1963-03-13,,28970,28970,19.2
1963-03-14,,28970,28970,19.2
1963-03-15,,28970,28970,19.2
1963-03-16,,28970,28970,19.2
1963-03-17,,28970,28970,19.2
1963-03-18,,29160,29160,19.3
1963-03-19,,29160,29160,19.3
1963-03-20,,29160,29160,19.3
1963-03-21,,29160,29160,19.3
1963-03-22,,29160,29160,19.3
1963-03-23,,29160,29160,19.3
1963-03-24,,29160,29160,19.3
1963-03-25,,29160,29160,19.3
1963-03-26,,29160,29160,19.3
1963-03-27,,29350,29350,19.4
1963-03-28,,29350,29350,19.4
1963-03-29,,29350,29350,19.4
1963-03-30,,29350,29350,19.4
1963-03-31,,29350,29350,19.4
1963-04-01,,29350,29350,19.4
1963-04-02,,29540,29540,19.5
1963-04-03,,30110,30110,19.9
1963-04-04,,30300,30300,20.1
1963-04-05,,30300,30300,20.1
1963-04-06,,30500,30500,20.2
1963-04-07,,30500,30500,20.2
1963-04-08,,30500,30500,20.2
1963-04-09,,30700,30700,20.3
1963-04-10,,30700,30700,20.3
1963-04-11,,30500,30500,20.2
1963-04-12,,30500,30500,20.2
1963-04-13,,30500,30500,20.2
1963-04-14,,30500,30500,20.2
1963-04-15,,30500,30500,20.2
1963-04-16,,30500,30500,20.2
1963-04-17,,30500,30500,20.2
1963-04-18,,30500,30500,20.2
1963-04-19,,30500,30500,20.2
1963-04-20,,30300,30300,20.1
1963-04-21,,30300,30300,20.1
1963-04-22,,30300,30300,20.1
1963-04-23,,30300,30300,20.1
1963-04-24,,30300,30300,20.1
1963-04-25,,30300,30300,20.1
1963-04-26,,30300,30300,20.1
1963-04-27,,30300,30300,20.1
1963-04-28,,30300,30300,20.1
1963-04-29,,30300,30300,20.1
1963-04-30,,30300,30300,20.1
1963-05-01,,30300,30300,20.1
1963-05-02,,30300,30300,20.1
1963-05-03,,30300,30300,20.1
1963-05-04,,30110,30110,19.9
1963-05-05,,30110,30110,19.9
1963-05-06,,29920,29920,19.8
1963-05-07,,29920,29920,19.8
1963-05-08,,29920,29920,19.8
1963-05-09,,29730,29730,19.7
1963-05-10,,29730,29730,19.7
1963-05-11,,29540,29540,19.5
1963-05-12,,29350,29350,19.4
1963-05-13,,29350,29350,19.4
1963-05-14,,29160,29160,19.3
1963-05-15,,29160,29160,19.3
1963-05-16,,28970,28970,19.2
1963-05-17,,28880,28880,19.1
1963-05-18,,28780,28780,19.0
1963-05-19,,29160,29160,19.3
1963-05-20,,28970,28970,19.2
1963-05-21,,28780,28780,19.0
1963-05-22,,28970,28970,19.2
1963-05-23,,29160,29160,19.3
1963-05-24,,29160,29160,19.3
1963-05-25,,29160,29160,19.3
1963-05-26,,28780,28780,19.0
1963-05-27,,28400,28400,18.8
1963-05-28,,28040,28040,18.6
1963-05-29,,27680,27680,18.3
1963-05-30,,27320,27320,18.1
1963-05-31,,27500,27500,18.2
1963-06-01,,27320,27320,18.1
1963-06-02,,30300,30300,20.1
1963-06-03,,32720,32720,21.7
1963-06-04,,32510,32510,21.5
1963-06-05,,32510,32510,21.5
1963-06-06,,32510,32510,21.5
1963-06-07,,32300,32300,21.4
1963-06-08,,32300,32300,21.4
1963-06-09,,32300,32300,21.4
1963-06-10,,32300,32300,21.4
1963-06-11,,32100,32100,21.2
1963-06-12,,31900,31900,21.1
1963-06-13,,31900,31900,21.1
1963-06-14,,31700,31700,21.0
1963-06-15,,31700,31700,21.0
1963-06-16,,31500,31500,20.8
1963-06-17,,31500,31500,20.8
1963-06-18,,31300,31300,20.7
1963-06-19,,31100,31100,20.6
1963-06-20,,31100,31100,20.6
1963-06-21,,30900,30900,20.4
1963-06-22,,30900,30900,20.4
1963-06-23,,30700,30700,20.3
1963-06-24,,30700,30700,20.3
1963-06-25,,30500,30500,20.2
1963-06-26,,30500,30500,20.2
1963-06-27,,30300,30300,20.1
1963-06-28,,30300,30300,20.1
1963-06-29,,30110,30110,19.9
1963-06-30,,29920,29920,19.8
1963-07-01,,29730,29730,19.7
1963-07-02,,29540,29540,19.5
1963-07-03,,29350,29350,19.4
1963-07-04,,29160,29160,19.3
1963-07-05,,29160,29160,19.3
1963-07-06,,28970,28970,19.2
1963-07-07,,28970,28970,19.2
1963-07-08,,28780,28780,19.0
1963-07-09,,29540,29540,19.5
1963-07-10,,29540,29540,19.5
1963-07-11,,29350,29350,19.4
1963-07-12,,29160,29160,19.3
1963-07-13,,29160,29160,19.3
1963-07-14,,28970,28970,19.2
1963-07-15,,28780,28780,19.0
1963-07-16,,28780,28780,19.0
1963-07-17,,28590,28590,18.9
1963-07-18,,28400,28400,18.8
1963-07-19,,28220,28220,18.7
1963-07-20,,27860,27860,18.4
1963-07-21,,27320,27320,18.1
1963-07-22,,29960,29960,19.8
1963-07-23,,26430,26430,17.5
1963-07-24,,26260,26260,17.4
1963-07-25,,26090,26090,17.3
1963-07-26,,25920,25920,17.2
1963-07-27,,25750,25750,17.0
1963-07-28,,25580,25580,16.9
1963-07-29,,25410,25410,16.8
1963-07-30,,25240,25240,16.7
1963-07-31,,25240,25240,16.7
1963-08-01,,25070,25070,16.6
1963-08-02,,24900,24900,16.5
1963-08-03,,24900,24900,16.5
1963-08-04,,24740,24740,16.4
1963-08-05,,24740,24740,16.4
1963-08-06,,24580,24580,16.3
1963-08-07,,24420,24420,16.2
1963-08-08,,24420,24420,16.2
1963-08-09,,24260,24260,16.1
1963-08-10,,24420,24420,16.2
1963-08-11,,24260,24260,16.1
1963-08-12,,24100,24100,15.9
1963-08-13,,23940,23940,15.8
1963-08-14,,24100,24100,15.9
1963-08-15,,23940,23940,15.8
1963-08-16,,25240,25240,16.7
1963-08-17,,25750,25750,17.0
1963-08-18,,25750,25750,17.0
1963-08-19,,25750,25750,17.0
1963-08-20,,25750,25750,17.0
1963-08-21,,25580,25580,16.9
1963-08-22,,25410,25410,16.8
1963-08-23,,25240,25240,16.7
1963-08-24,,24900,24900,16.5
1963-08-25,,24740,24740,16.4
1963-08-26,,24420,24420,16.2
1963-08-27,,24260,24260,16.1
1963-08-28,,23940,23940,15.8
1963-08-29,,24100,24100,15.9
1963-08-30,,24260,24260,16.1
1963-08-31,,24900,24900,16.5
1963-09-01,,26960,26960,17.8
1963-09-02,,29160,29160,19.3
1963-09-03,,29730,29730,19.7
1963-09-04,,30500,30500,20.2
1963-09-05,,30900,30900,20.4
1963-09-06,,30900,30900,20.4
1963-09-07,,30900,30900,20.4
1963-09-08,,30900,30900,20.4
1963-09-09,,30900,30900,20.4
1963-09-10,,31100,31100,20.6
1963-09-11,,31100,31100,20.6
1963-09-12,,31100,31100,20.6
1963-09-13,,31100,31100,20.6
1963-09-14,,30900,30900,20.4
1963-09-15,,30900,30900,20.4
1963-09-16,,30900,30900,20.4
1963-09-17,,30900,30900,20.4
1963-09-18,,30900,30900,20.4
1963-09-19,,30900,30900,20.4
1963-09-20,,30900,30900,20.4
1963-09-21,,30900,30900,20.4
1963-09-22,,30900,30900,20.4
1963-09-23,,30700,30700,20.3
1963-09-24,,30700,30700,20.3
1963-09-25,,30800,30800,20.4
1963-09-26,,30900,30900,20.4
1963-09-27,,30900,30900,20.4
1963-09-28,,30900,30900,20.4
1963-09-29,,31000,31000,20.5
1963-09-30,,31100,31100,20.6
1963-10-01,,31100,31100,20.6
1963-10-02,,31100,31100,20.6
1963-10-03,,31100,31100,20.6
1963-10-04,,31100,31100,20.6
1963-10-05,,31100,31100,20.6
1963-10-06,,31100,31100,20.6
1963-10-07,,31100,31100,20.6
1963-10-08,,31100,31100,20.6
1963-10-09,,31100,31100,20.6
1963-10-10,,31100,31100,20.6
1963-10-11,,31100,31100,20.6
1963-10-12,,31100,31100,20.6
1963-10-13,,31100,31100,20.6
1963-10-14,,31100,31100,20.6
1963-10-15,,31100,31100,20.6
1963-10-16,,31100,31100,20.6
1963-10-17,,31100,31100,20.6
1963-10-18,,31300,31300,20.7
1963-10-19,,31300,31300,20.7
1963-10-20,,31300,31300,20.7
1963-10-21,,31300,31300,20.7
1963-10-22,,31300,31300,20.7
1963-10-23,,31300,31300,20.7
1963-10-24,,31300,31300,20.7
1963-10-25,,31300,31300,20.7
1963-10-26,,31300,31300,20.7
1963-10-27,,31300,31300,20.7
1963-10-28,,31300,31300,20.7
1963-10-29,,31300,31300,20.7
1963-10-30,,31100,31100,20.6
1963-10-31,,30500,30500,20.2
1963-11-01,,30500,30500,20.2
1963-11-02,,30500,30500,20.2
1963-11-03,,30500,30500,20.2
1963-11-04,,30500,30500,20.2
1963-11-05,,30500,30500,20.2
1963-11-06,,30700,30700,20.3
1963-11-07,,30700,30700,20.3
1963-11-08,,30700,30700,20.3
1963-11-09,,30700,30700,20.3
1963-11-10,,30700,30700,20.3
1963-11-11,,30900,30900,20.4
1963-11-12,,30900,30900,20.4
1963-11-13,,30900,30900,20.4
1963-11-14,,30900,30900,20.4
1963-11-15,,31100,31100,20.6
1963-11-16,,31100,31100,20.6
1963-11-17,,31100,31100,20.6
1963-11-18,,31100,31100,20.6
1963-11-19,,31100,31100,20.6
1963-11-20,,31100,31100,20.6
1963-11-21,,31100,31100,20.6
1963-11-22,,31100,31100,20.6
1963-11-23,,31100,31100,20.6
1963-11-24,,31100,31100,20.6
1963-11-25,,31100,31100,20.6
1963-11-26,,31200,31200,20.6
1963-11-27,,31300,31300,20.7
1963-11-28,,31300,31300,20.7
1963-11-29,,31300,31300,20.7
1963-11-30,,31300,31300,20.7
1963-12-01,,31300,31300,20.7
1963-12-02,,31300,31300,20.7
1963-12-03,,31300,31300,20.7
1963-12-04,,31400,31400,20.8
1963-12-05,,31400,31400,20.8
1963-12-06,,31500,31500,20.8
1963-12-07,,31600,31600,20.9
1963-12-08,,31700,31700,21.0
1963-12-09,,31700,31700,21.0
1963-12-10,,31700,31700,21.0
1963-12-11,,31800,31800,21.0
1963-12-12,,31900,31900,21.1
1963-12-13,,31900,31900,21.1
1963-12-14,,31900,31900,21.1
1963-12-15,,32100,32100,21.2
1963-12-16,,32100,32100,21.2
1963-12-17,,32300,32300,21.4
1963-12-18,,32300,32300,21.4
1963-12-19,,32510,32510,21.5
1963-12-20,,32510,32510,21.5
1963-12-21,,32510,32510,21.5
1963-12-22,,32620,32620,21.6
1963-12-23,,32720,32720,21.7
1963-12-24,,32930,32930,21.8
1963-12-25,,32930,32930,21.8
1963-12-26,,33000,33000,21.8
1963-12-27,,33140,33140,21.9
1963-12-28,,33250,33250,22.0
1963-12-29,,33350,33350,22.1
1963-12-30,,33350,33350,22.1
1963-12-31,,33350,33350,22.1
1964-01-01,,33560,33560,22.2
1964-01-02,,33560,33560,22.2
1964-01-03,,33560,33560,22.2
1964-01-04,,33770,33770,22.3
1964-01-05,,33770,33770,22.3
1964-01-06,,33880,33880,22.4
1964-01-07,,33980,33980,22.5
1964-01-08,,33980,33980,22.5
1964-01-09,,33980,33980,22.5
1964-01-10,,33980,33980,22.5
1964-01-11,,34190,34190,22.6
1964-01-12,,34300,34300,22.7
1964-01-13,,34400,34400,22.8
1964-01-14,,34400,34400,22.8
1964-01-15,,34500,34500,22.8
1964-01-16,,34620,34620,22.9
1964-01-17,,34620,34620,22.9
1964-01-18,,34620,34620,22.9
1964-01-19,,34730,34730,23.0
1964-01-20,,34840,34840,23.1
1964-01-21,,35060,35060,23.2
1964-01-22,,35060,35060,23.2
1964-01-23,,35060,35060,23.2
1964-01-24,,35060,35060,23.2
1964-01-25,,35060,35060,23.2
1964-01-26,,35060,35060,23.2
1964-01-27,,35060,35060,23.2
1964-01-28,,35060,35060,23.2
1964-01-29,,35170,35170,23.3
1964-01-30,,35280,35280,23.3
1964-01-31,,35280,35280,23.3
1964-02-01,,35280,35280,23.3
1964-02-02,,35280,35280,23.3
1964-02-03,,35280,35280,23.3
1964-02-04,,35280,35280,23.3
1964-02-05,,35280,35280,23.3
1964-02-06,,35280,35280,23.3
1964-02-07,,35280,35280,23.3
1964-02-08,,35280,35280,23.3
1964-02-09,,35280,35280,23.3
1964-02-10,,35280,35280,23.3
1964-02-11,,35280,35280,23.3
1964-02-12,,35280,35280,23.3
1964-02-13,,35280,35280,23.3
1964-02-14,,35500,35500,23.5
1964-02-15,,35500,35500,23.5
1964-02-16,,35500,35500,23.5
1964-02-17,,35500,35500,23.5
1964-02-18,,35500,35500,23.5
1964-02-19,,35720,35720,23.6
1964-02-20,,35600,35600,23.6
1964-02-21,,35500,35500,23.5
1964-02-22,,35280,35280,23.3
1964-02-23,,35180,35180,23.3
1964-02-24,,35060,35060,23.2
1964-02-25,,34840,34840,23.1
1964-02-26,,34620,34620,22.9
1964-02-27,,34400,34400,22.8
1964-02-28,,34190,34190,22.6
1964-02-29,,33980,33980,22.5
1964-03-01,,33770,33770,22.3
1964-03-02,,33560,33560,22.2
1964-03-03,,33350,33350,22.1
1964-03-04,,33140,33140,21.9
1964-03-05,,32930,32930,21.8
1964-03-06,,32720,32720,21.7
1964-03-07,,32510,32510,21.5
1964-03-08,,32300,32300,21.4
1964-03-09,,32100,32100,21.2
1964-03-10,,32100,32100,21.2
1964-03-11,,32100,32100,21.2
1964-03-12,,32100,32100,21.2
1964-03-13,,32100,32100,21.2
1964-03-14,,32100,32100,21.2
1964-03-15,,32100,32100,21.2
1964-03-16,,32100,32100,21.2
1964-03-17,,32100,32100,21.2
1964-03-18,,32100,32100,21.2
1964-03-19,,32300,32300,21.4
1964-03-20,,32300,32300,21.4
1964-03-21,,32300,32300,21.4
1964-03-22,,32300,32300,21.4
1964-03-23,,32300,32300,21.4
1964-03-24,,32300,32300,21.4
1964-03-25,,32300,32300,21.4
1964-03-26,,32300,32300,21.4
1964-03-27,,32300,32300,21.4
1964-03-28,,32300,32300,21.4
1964-03-29,,32300,32300,21.4
1964-03-30,,32300,32300,21.4
1964-03-31,,32300,32300,21.4
1964-04-01,,32300,32300,21.4
1964-04-02,,32300,32300,21.4
1964-04-03,,32300,32300,21.4
1964-04-04,,32200,32200,21.3
1964-04-05,,32200,32200,21.3
1964-04-06,,32100,32100,21.2
1964-04-07,,32100,32100,21.2
1964-04-08,,32100,32100,21.2
1964-04-09,,32100,32100,21.2
1964-04-10,,32100,32100,21.2
1964-04-11,,32100,32100,21.2
1964-04-12,,32100,32100,21.2
1964-04-13,,32100,32100,21.2
1964-04-14,,32000,32000,21.2
1964-04-15,,31900,31900,21.1
1964-04-16,,31900,31900,21.1
1964-04-17,,31900,31900,21.1
1964-04-18,,31900,31900,21.1
1964-04-19,,31900,31900,21.1
1964-04-20,,31900,31900,21.1
1964-04-21,,31900,31900,21.1
1964-04-22,,31900,31900,21.1
1964-04-23,,31700,31700,21.0
1964-04-24,,31700,31700,21.0
1964-04-25,,31700,31700,21.0
1964-04-26,,31600,31600,20.9
1964-04-27,,31600,31600,20.9
1964-04-28,,31500,31500,20.8
1964-04-29,,31400,31400,20.8
1964-04-30,,31300,31300,20.7
1964-05-01,,31100,31100,20.6
1964-05-02,,31000,31000,20.5
1964-05-03,,30900,30900,20.4
1964-05-04,,30700,30700,20.3
1964-05-05,,30500,30500,20.2
1964-05-06,,30300,30300,20.1
1964-05-07,,30300,30300,20.1
1964-05-08,,30110,30110,19.9
1964-05-09,,29920,29920,19.8
1964-05-10,,29920,29920,19.8
1964-05-11,,29730,29730,19.7
1964-05-12,,29540,29540,19.5
1964-05-13,,29350,29350,19.4
1964-05-14,,29160,29160,19.3
1964-05-15,,29160,29160,19.3
1964-05-16,,28970,28970,19.2
1964-05-17,,28970,28970,19.2
1964-05-18,,28780,28780,19.0
1964-05-19,,28780,28780,19.0
1964-05-20,,28220,28220,18.7
1964-05-21,,27680,27680,18.3
1964-05-22,,27500,27500,18.2
1964-05-23,,27320,27320,18.1
1964-05-24,,27050,27050,17.9
1964-05-25,,26780,26780,17.7
1964-05-26,,26600,26600,17.6
1964-05-27,,26400,26400,17.5
1964-05-28,,26100,26100,17.3
1964-05-29,,25750,25750,17.0
1964-05-30,,25400,25400,16.8
1964-05-31,,25070,25070,16.6
1964-06-01,,24740,24740,16.4
1964-06-02,,24420,24420,16.2
1964-06-03,,24100,24100,15.9
1964-06-04,,23780,23780,15.7
1964-06-05,,23300,23300,15.4
1964-06-06,,22850,22850,15.1
1964-06-07,,22400,22400,14.8
1964-06-08,,21950,21950,14.5
1964-06-09,,21520,21520,14.2
1964-06-10,,21100,21100,14.0
1964-06-11,,20680,20680,13.7
1964-06-12,,20400,20400,13.5
1964-06-13,,20140,20140,13.3
1964-06-14,,20010,20010,13.2
1964-06-15,,19880,19880,13.2
1964-06-16,,20010,20010,13.2
1964-06-17,,20010,20010,13.2
1964-06-18,,20010,20010,13.2
1964-06-19,,20010,20010,13.2
1964-06-20,,19880,19880,13.2
1964-06-21,,19880,19880,13.2
1964-06-22,,19880,19880,13.2
1964-06-23,,19880,19880,13.2
1964-06-24,,19880,19880,13.2
1964-06-25,,20270,20270,13.4
1964-06-26,,20270,20270,13.4
1964-06-27,,20270,20270,13.4
1964-06-28,,20270,20270,13.4
1964-06-29,,20270,20270,13.4
1964-06-30,,20140,20140,13.3
1964-07-01,,20140,20140,13.3
1964-07-02,,20140,20140,13.3
1964-07-03,,20140,20140,13.3
1964-07-04,,20010,20010,13.2
1964-07-05,,20010,20010,13.2
1964-07-06,,20010,20010,13.2
1964-07-07,,19880,19880,13.2
1964-07-08,,19750,19750,13.1
1964-07-09,,19620,19620,13.0
1964-07-10,,19490,19490,12.9
1964-07-11,,19360,19360,12.8
1964-07-12,,19230,19230,12.7
1964-07-13,,19230,19230,12.7
1964-07-14,,19230,19230,12.7
1964-07-15,,19230,19230,12.7
1964-07-16,,19230,19230,12.7
1964-07-17,,19100,19100,12.6
1964-07-18,,19100,19100,12.6
1964-07-19,,19100,19100,12.6
1964-07-20,,18970,18970,12.6
1964-07-21,,18970,18970,12.6
1964-07-22,,18970,18970,12.6
1964-07-23,,18970,18970,12.6
1964-07-24,,18970,18970,12.6
1964-07-25,,18840,18840,12.5
1964-07-26,,18840,18840,12.5
1964-07-27,,18840,18840,12.5
1964-07-28,,18840,18840,12.5
1964-07-29,,18710,18710,12.4
1964-07-30,,18710,18710,12.4
1964-07-31,,18710,18710,12.4
1964-08-01,,18580,18580,12.3
1964-08-02,,18450,18450,12.2
1964-08-03,,18320,18320,12.1
1964-08-04,,18060,18060,12.0
1964-08-05,,17930,17930,11.9
1964-08-06,,17800,17800,11.8
1964-08-07,,17670,17670,11.7
1964-08-08,,17540,17540,11.6
1964-08-09,,17540,17540,11.6
1964-08-10,,17410,17410,11.5
1964-08-11,,17410,17410,11.5
1964-08-12,,17410,17410,11.5
1964-08-13,,17410,17410,11.5
1964-08-14,,17410,17410,11.5
1964-08-15,,17280,17280,11.4
1964-08-16,,17280,17280,11.4
1964-08-17,,17280,17280,11.4
1964-08-18,,17280,17280,11.4
1964-08-19,,17280,17280,11.4
1964-08-20,,17930,17930,11.9
1964-08-21,,18060,18060,12.0
1964-08-22,,18060,18060,12.0
1964-08-23,,18060,18060,12.0
1964-08-24,,17930,17930,11.9
1964-08-25,,17930,17930,11.9
1964-08-26,,17930,17930,11.9
1964-08-27,,17670,17670,11.7
1964-08-28,,17280,17280,11.4
1964-08-29,,17020,17020,11.3
1964-08-30,,16760,16760,11.1
1964-08-31,,16380,16380,10.8
1964-09-01,,16020,16020,10.6
1964-09-02,,15540,15540,10.3
1964-09-03,,15190,15190,10.1
1964-09-04,,14860,14860,9.8
1964-09-05,,14420,14420,9.5
1964-09-06,,14000,14000,9.3
1964-09-07,,14000,14000,9.3
1964-09-08,,14000,14000,9.3
1964-09-09,,14000,14000,9.3
1964-09-10,,14000,14000,9.3
1964-09-11,,14000,14000,9.3
1964-09-12,,14000,14000,9.3
1964-09-13,,14000,14000,9.3
1964-09-14,,14000,14000,9.3
1964-09-15,,16630,16630,11.0
1964-09-16,,17540,17540,11.6
1964-09-17,,17800,17800,11.8
1964-09-18,,17930,17930,11.9
1964-09-19,,17930,17930,11.9
1964-09-20,,18060,18060,12.0
1964-09-21,,18320,18320,12.1
1964-09-22,,18450,18450,12.2
1964-09-23,,18580,18580,12.3
1964-09-24,,18580,18580,12.3
1964-09-25,,18710,18710,12.4
1964-09-26,,18710,18710,12.4
1964-09-27,,18710,18710,12.4
1964-09-28,,18710,18710,12.4
1964-09-29,,18710,18710,12.4
1964-09-30,,18710,18710,12.4
1964-10-01,,18710,18710,12.4
1964-10-02,,18710,18710,12.4
1964-10-03,,18710,18710,12.4
1964-10-04,,18710,18710,12.4
1964-10-05,,18710,18710,12.4
1964-10-06,,18710,18710,12.4
1964-10-07,,18710,18710,12.4
1964-10-08,,18710,18710,12.4
1964-10-09,,18710,18710,12.4
1964-10-10,,18710,18710,12.4
1964-10-11,,18710,18710,12.4
1964-10-12,,18710,18710,12.4
1964-10-13,,18710,18710,12.4
1964-10-14,,18710,18710,12.4
1964-10-15,,18710,18710,12.4
1964-10-16,,18710,18710,12.4
1964-10-17,,18710,18710,12.4
1964-10-18,,18650,18650,12.3
1964-10-19,,18580,18580,12.3
1964-10-20,,18580,18580,12.3
1964-10-21,,18580,18580,12.3
1964-10-22,,18580,18580,12.3
1964-10-23,,18580,18580,12.3
1964-10-24,,18580,18580,12.3
1964-10-25,,18650,18650,12.3
1964-10-26,,18710,18710,12.4
1964-10-27,,18710,18710,12.4
1964-10-28,,18710,18710,12.4
1964-10-29,,18710,18710,12.4
1964-10-30,,18710,18710,12.4
1964-10-31,,18710,18710,12.4
1964-11-01,,18710,18710,12.4
1964-11-02,,18710,18710,12.4
1964-11-03,,18710,18710,12.4
1964-11-04,,18710,18710,12.4
1964-11-05,,18710,18710,12.4
1964-11-06,,18710,18710,12.4
1964-11-07,,18710,18710,12.4
1964-11-08,,18710,18710,12.4
1964-11-09,,18710,18710,12.4
1964-11-10,,18710,18710,12.4
1964-11-11,,18710,18710,12.4
1964-11-12,,18710,18710,12.4
1964-11-13,,18710,18710,12.4
1964-11-14,,18710,18710,12.4
1964-11-15,,18710,18710,12.4
1964-11-16,,18710,18710,12.4
1964-11-17,,18710,18710,12.4
1964-11-18,,18710,18710,12.4
1964-11-19,,18710,18710,12.4
1964-11-20,,18710,18710,12.4
1964-11-21,,18710,18710,12.4
1964-11-22,,18710,18710,12.4
1964-11-23,,18710,18710,12.4
1964-11-24,,18710,18710,12.4
1964-11-25,,18710,18710,12.4
1964-11-26,,18840,18840,12.5
1964-11-27,,18840,18840,12.5
1964-11-28,,18840,18840,12.5
1964-11-29,,18840,18840,12.5
1964-11-30,,18840,18840,12.5
1964-12-01,,18840,18840,12.5
1964-12-02,,18840,18840,12.5
1964-12-03,,18840,18840,12.5
1964-12-04,,18840,18840,12.5
1964-12-05,,18840,18840,12.5
1964-12-06,,18840,18840,12.5
1964-12-07,,18840,18840,12.5
1964-12-08,,18840,18840,12.5
1964-12-09,,18840,18840,12.5
1964-12-10,,18860,18860,12.5
1964-12-11,,18890,18890,12.5
1964-12-12,,18930,18930,12.5
1964-12-13,,18970,18970,12.6
1964-12-14,,18970,18970,12.6
1964-12-15,,18980,18980,12.6
1964-12-16,,18990,18990,12.6
1964-12-17,,19000,19000,12.6
1964-12-18,,19000,19000,12.6
1964-12-19,,19100,19100,12.6
1964-12-20,,19100,19100,12.6
1964-12-21,,19100,19100,12.6
1964-12-22,,19100,19100,12.6
1964-12-23,,19100,19100,12.6
1964-12-24,,19230,19230,12.7
1964-12-25,,19230,19230,12.7
1964-12-26,,19230,19230,12.7
1964-12-27,,19230,19230,12.7
1964-12-28,,19230,19230,12.7
1964-12-29,,19360,19360,12.8
1964-12-30,,19360,19360,12.8
1964-12-31,,19360,19360,12.8
1965-01-01,,19360,19360,12.8
1965-01-02,,19420,19420,12.9
1965-01-03,,19490,19490,12.9
1965-01-04,,19490,19490,12.9
1965-01-05,,19490,19490,12.9
1965-01-06,,19490,19490,12.9
1965-01-07,,19490,19490,12.9
1965-01-08,,19490,19490,12.9
1965-01-09,,19620,19620,13.0
1965-01-10,,19620,19620,13.0
1965-01-11,,19620,19620,13.0
1965-01-12,,19620,19620,13.0
1965-01-13,,19620,19620,13.0
1965-01-14,,19620,19620,13.0
1965-01-15,,19620,19620,13.0
1965-01-16,,19620,19620,13.0
1965-01-17,,19750,19750,13.1
1965-01-18,,19750,19750,13.1
1965-01-19,,19750,19750,13.1
1965-01-20,,19750,19750,13.1
1965-01-21,,19750,19750,13.1
1965-01-22,,19750,19750,13.1
1965-01-23,,19750,19750,13.1
1965-01-24,,19750,19750,13.1
1965-01-25,,19750,19750,13.1
1965-01-26,,19750,19750,13.1
1965-01-27,,19750,19750,13.1
1965-01-28,,19750,19750,13.1
1965-01-29,,19750,19750,13.1
1965-01-30,,19750,19750,13.1
1965-01-31,,19750,19750,13.1
1965-02-01,,19750,19750,13.1
1965-02-02,,19880,19880,13.2
1965-02-03,,19880,19880,13.2
1965-02-04,,19880,19880,13.2
1965-02-05,,19880,19880,13.2
1965-02-06,,19880,19880,13.2
1965-02-07,,19880,19880,13.2
1965-02-08,,19950,19950,13.2
1965-02-09,,20010,20010,13.2
1965-02-10,,20010,20010,13.2
1965-02-11,,20010,20010,13.2
1965-02-12,,20010,20010,13.2
1965-02-13,,20010,20010,13.2
1965-02-14,,20010,20010,13.2
1965-02-15,,20010,20010,13.2
1965-02-16,,20010,20010,13.2
1965-02-17,,20040,20040,13.3
1965-02-18,,20070,20070,13.3
1965-02-19,,20100,20100,13.3
1965-02-20,,20140,20140,13.3
1965-02-21,,20140,20140,13.3
1965-02-22,,20140,20140,13.3
1965-02-23,,20140,20140,13.3
1965-02-24,,20140,20140,13.3
1965-02-25,,20140,20140,13.3
1965-02-26,,20140,20140,13.3
1965-02-27,,20270,20270,13.4
1965-02-28,,20270,20270,13.4
1965-03-01,,20270,20270,13.4
1965-03-02,,20290,20290,13.4
1965-03-03,,20310,20310,13.4
1965-03-04,,20350,20350,13.5
1965-03-05,,20370,20370,13.5
1965-03-06,,20400,20400,13.5
1965-03-07,,20400,20400,13.5
1965-03-08,,20400,20400,13.5
1965-03-09,,20400,20400,13.5
1965-03-10,,20400,20400,13.5
1965-03-11,,20400,20400,13.5
1965-03-12,,20400,20400,13.5
1965-03-13,,20400,20400,13.5
1965-03-14,,20400,20400,13.5
1965-03-15,,20400,20400,13.5
1965-03-16,,20400,20400,13.5
1965-03-17,,20400,20400,13.5
1965-03-18,,20400,20400,13.5
1965-03-19,,20400,20400,13.5
1965-03-20,,20400,20400,13.5
1965-03-21,,20400,20400,13.5
1965-03-22,,20400,20400,13.5
1965-03-23,,20400,20400,13.5
1965-03-24,,20400,20400,13.5
1965-03-25,,20400,20400,13.5
1965-03-26,,20400,20400,13.5
1965-03-27,,20400,20400,13.5
1965-03-28,,20400,20400,13.5
1965-03-29,,20400,20400,13.5
1965-03-30,,20400,20400,13.5
1965-03-31,,20400,20400,13.5
1965-04-01,,20400,20400,13.5
1965-04-02,,20400,20400,13.5
1965-04-03,,20540,20540,13.6
1965-04-04,,20400,20400,13.5
1965-04-05,,20400,20400,13.5
1965-04-06,,20400,20400,13.5
1965-04-07,,20400,20400,13.5
1965-04-08,,20400,20400,13.5
1965-04-09,,20400,20400,13.5
1965-04-10,,20400,20400,13.5
1965-04-11,,20400,20400,13.5
1965-04-12,,20400,20400,13.5
1965-04-13,,20400,20400,13.5
1965-04-14,,20340,20340,13.5
1965-04-15,,20270,20270,13.4
1965-04-16,,20270,20270,13.4
1965-04-17,,20270,20270,13.4
1965-04-18,,20270,20270,13.4
1965-04-19,,20270,20270,13.4
1965-04-20,,20140,20140,13.3
1965-04-21,,20140,20140,13.3
1965-04-22,,20140,20140,13.3
1965-04-23,,20140,20140,13.3
1965-04-24,,20140,20140,13.3
1965-04-25,,20140,20140,13.3
1965-04-26,,20010,20010,13.2
1965-04-27,,20010,20010,13.2
1965-04-28,,20010,20010,13.2
1965-04-29,,20010,20010,13.2
1965-04-30,,20010,20010,13.2
1965-05-01,,20010,20010,13.2
1965-05-02,,20010,20010,13.2
1965-05-03,,20010,20010,13.2
1965-05-04,,20010,20010,13.2
1965-05-05,,19880,19880,13.2
1965-05-06,,19880,19880,13.2
1965-05-07,,19880,19880,13.2
1965-05-08,,19800,19800,13.1
1965-05-09,,19750,19750,13.1
1965-05-10,,19750,19750,13.1
1965-05-11,,19750,19750,13.1
1965-05-12,,19750,19750,13.1
1965-05-13,,19750,19750,13.1
1965-05-14,,19750,19750,13.1
1965-05-15,,19750,19750,13.1
1965-05-16,,19880,19880,13.2
1965-05-17,,19880,19880,13.2
1965-05-18,,19880,19880,13.2
1965-05-19,,19750,19750,13.1
1965-05-20,,19750,19750,13.1
1965-05-21,,19750,19750,13.1
1965-05-22,,19750,19750,13.1
1965-05-23,,19700,19700,13.0
1965-05-24,,19660,19660,13.0
1965-05-25,,19620,19620,13.0
1965-05-26,,19620,19620,13.0
1965-05-27,,19620,19620,13.0
1965-05-28,,19550,19550,12.9
1965-05-29,,19490,19490,12.9
1965-05-30,,19490,19490,12.9
1965-05-31,,28780,28780,19.0
1965-06-01,,42750,42750,28.3
1965-06-02,,47000,47000,31.1
1965-06-03,,47000,47000,31.1
1965-06-04,,46700,46700,30.9
1965-06-05,,46700,46700,30.9
1965-06-06,,46600,46600,30.8
1965-06-07,,46500,46500,30.8
1965-06-08,,46400,46400,30.7
1965-06-09,,46400,46400,30.7
1965-06-10,,47600,47600,31.5
1965-06-11,,49700,49700,32.9
1965-06-12,,51200,51200,33.9
1965-06-13,,51000,51000,33.8
1965-06-14,,50900,50900,33.7
1965-06-15,,50900,50900,33.7
1965-06-16,,50600,50600,33.5
1965-06-17,,50300,50300,33.3
1965-06-18,,50300,50300,33.3
1965-06-19,,50300,50300,33.3
1965-06-20,,50000,50000,33.1
1965-06-21,,50000,50000,33.1
1965-06-22,,49700,49700,32.9
1965-06-23,,49700,49700,32.9
1965-06-24,,49700,49700,32.9
1965-06-25,,49400,49400,32.7
1965-06-26,,50000,50000,33.1
1965-06-27,,50000,50000,33.1
1965-06-28,,50000,50000,33.1
1965-06-29,,49700,49700,32.9
1965-06-30,,49700,49700,32.9
1965-07-01,,49700,49700,32.9
1965-07-02,,49500,49500,32.8
1965-07-03,,49400,49400,32.7
1965-07-04,,49100,49100,32.5
1965-07-05,,49100,49100,32.5
1965-07-06,,48800,48800,32.3
1965-07-07,,48800,48800,32.3
1965-07-08,,48500,48500,32.1
1965-07-09,,48500,48500,32.1
1965-07-10,,48200,48200,31.9
1965-07-11,,48200,48200,31.9
1965-07-12,,47900,47900,31.7
1965-07-13,,47900,47900,31.7
1965-07-14,,47900,47900,31.7
1965-07-15,,47600,47600,31.5
1965-07-16,,47300,47300,31.3
1965-07-17,,47000,47000,31.1
1965-07-18,,46700,46700,30.9
1965-07-19,,46100,46100,30.5
1965-07-20,,45500,45500,30.1
1965-07-21,,44600,44600,29.5
1965-07-22,,44300,44300,29.3
1965-07-23,,44000,44000,29.1
1965-07-24,,43500,43500,28.8
1965-07-25,,43250,43250,28.6
1965-07-26,,43250,43250,28.6
1965-07-27,,43000,43000,28.5
1965-07-28,,43000,43000,28.5
1965-07-29,,47300,47300,31.3
1965-07-30,,49400,49400,32.7
1965-07-31,,49700,49700,32.9
1965-08-01,,49700,49700,32.9
1965-08-02,,49700,49700,32.9
1965-08-03,,49700,49700,32.9
1965-08-04,,49700,49700,32.9
1965-08-05,,49400,49400,32.7
1965-08-06,,49400,49400,32.7
1965-08-07,,49400,49400,32.7
1965-08-08,,49400,49400,32.7
1965-08-09,,49100,49100,32.5
1965-08-10,,49100,49100,32.5
1965-08-11,,48800,48800,32.3
1965-08-12,,48800,48800,32.3
1965-08-13,,48700,48700,32.2
1965-08-14,,48500,48500,32.1
1965-08-15,,48500,48500,32.1
1965-08-16,,48500,48500,32.1
1965-08-17,,48200,48200,31.9
1965-08-18,,48500,48500,32.1
1965-08-19,,48500,48500,32.1
1965-08-20,,48400,48400,32.0
1965-08-21,,48200,48200,31.9
1965-08-22,,48200,48200,31.9
1965-08-23,,48500,48500,32.1
1965-08-24,,48800,48800,32.3
1965-08-25,,48800,48800,32.3
1965-08-26,,48800,48800,32.3
1965-08-27,,48800,48800,32.3
1965-08-28,,48800,48800,32.3
1965-08-29,,48500,48500,32.1
1965-08-30,,48500,48500,32.1
1965-08-31,,48500,48500,32.1
1965-09-01,,49700,49700,32.9
1965-09-02,,51200,51200,33.9
1965-09-03,,51200,51200,33.9
1965-09-04,,50900,50900,33.7
1965-09-05,,50600,50600,33.5
1965-09-06,,50300,50300,33.3
1965-09-07,,50300,50300,33.3
1965-09-08,,50000,50000,33.1
1965-09-09,,50000,50000,33.1
1965-09-10,,50000,50000,33.1
1965-09-11,,50000,50000,33.1
1965-09-12,,49800,49800,33.0
1965-09-13,,49700,49700,32.9
1965-09-14,,49700,49700,32.9
1965-09-15,,49700,49700,32.9
1965-09-16,,49400,49400,32.7
1965-09-17,,49400,49400,32.7
1965-09-18,,49700,49700,32.9
1965-09-19,,50000,50000,33.1
1965-09-20,,50300,50300,33.3
1965-09-21,,50300,50300,33.3
1965-09-22,,50300,50300,33.3
1965-09-23,,50000,50000,33.1
1965-09-24,,49700,49700,32.9
1965-09-25,,52400,52400,34.7
1965-09-26,,53350,53350,35.3
1965-09-27,,53350,53350,35.3
1965-09-28,,53000,53000,35.1
1965-09-29,,53000,53000,35.1
1965-09-30,,53000,53000,35.1
1965-10-01,,53000,53000,35.1
1965-10-02,,52700,52700,34.9
1965-10-03,,52700,52700,34.9
1965-10-04,,52700,52700,34.9
1965-10-05,,52700,52700,34.9
1965-10-06,,52400,52400,34.7
1965-10-07,,52400,52400,34.7
1965-10-08,,52400,52400,34.7
1965-10-09,,52400,52400,34.7
1965-10-10,,52400,52400,34.7
1965-10-11,,52100,52100,34.5
1965-10-12,,52100,52100,34.5
1965-10-13,,52100,52100,34.5
1965-10-14,,52100,52100,34.5
1965-10-15,,51800,51800,34.3
1965-10-16,,51800,51800,34.3
1965-10-17,,51800,51800,34.3
1965-10-18,,51800,51800,34.3
1965-10-19,,51800,51800,34.3
1965-10-20,,51500,51500,34.1
1965-10-21,,51500,51500,34.1
1965-10-22,,51500,51500,34.1
1965-10-23,,51500,51500,34.1
1965-10-24,,51200,51200,33.9
1965-10-25,,51200,51200,33.9
1965-10-26,,51200,51200,33.9
1965-10-27,,51200,51200,33.9
1965-10-28,,51200,51200,33.9
1965-10-29,,51200,51200,33.9
1965-10-30,,51200,51200,33.9
1965-10-31,,51200,51200,33.9
1965-11-01,,51200,51200,33.9
1965-11-02,,51200,51200,33.9
1965-11-03,,51200,51200,33.9
1965-11-04,,51200,51200,33.9
1965-11-05,,51200,51200,33.9
1965-11-06,,50900,50900,33.7
1965-11-07,,50900,50900,33.7
1965-11-08,,51200,51200,33.9
1965-11-09,,51200,51200,33.9
1965-11-10,,52100,52100,34.5
1965-11-11,,52400,52400,34.7
1965-11-12,,52700,52700,34.9
1965-11-13,,52700,52700,34.9
1965-11-14,,52700,52700,34.9
1965-11-15,,52400,52400,34.7
1965-11-16,,52400,52400,34.7
1965-11-17,,52400,52400,34.7
1965-11-18,,52400,52400,34.7
1965-11-19,,52400,52400,34.7
1965-11-20,,52400,52400,34.7
1965-11-21,,52400,52400,34.7
1965-11-22,,52400,52400,34.7
1965-11-23,,52400,52400,34.7
1965-11-24,,52100,52100,34.5
1965-11-25,,52100,52100,34.5
1965-11-26,,52100,52100,34.5
1965-11-27,,52100,52100,34.5
1965-11-28,,52100,52100,34.5
1965-11-29,,51800,51800,34.3
1965-11-30,,51800,51800,34.3
1965-12-01,,51800,51800,34.3
1965-12-02,,51800,51800,34.3
1965-12-03,,51800,51800,34.3
1965-12-04,,51800,51800,34.3
1965-12-05,,51800,51800,34.3
1965-12-06,,51800,51800,34.3
1965-12-07,,51800,51800,34.3
1965-12-08,,51800,51800,34.3
1965-12-09,,51800,51800,34.3
1965-12-10,,51800,51800,34.3
1965-12-11,,51800,51800,34.3
1965-12-12,,51800,51800,34.3
1965-12-13,,51800,51800,34.3
1965-12-14,,51800,51800,34.3
1965-12-15,,51800,51800,34.3
1965-12-16,,51800,51800,34.3
1965-12-17,,51800,51800,34.3
1965-12-18,,51500,51500,34.1
1965-12-19,,51500,51500,34.1
1965-12-20,,51500,51500,34.1
1965-12-21,,51500,51500,34.1
1965-12-22,,51500,51500,34.1
1965-12-23,,51500,51500,34.1
1965-12-24,,51500,51500,34.1
1965-12-25,,51500,51500,34.1
1965-12-26,,51500,51500,34.1
1965-12-27,,51500,51500,34.1
1965-12-28,,51500,51500,34.1
1965-12-29,,51500,51500,34.1
1965-12-30,,51500,51500,34.1
1965-12-31,,51500,51500,34.1
1966-01-01,,51500,51500,34.1
1966-01-02,,51500,51500,34.1
1966-01-03,,51500,51500,34.1
1966-01-04,,51500,51500,34.1
1966-01-05,,51500,51500,34.1
1966-01-06,,51800,51800,34.3
1966-01-07,,51800,51800,34.3
1966-01-08,,51800,51800,34.3
1966-01-09,,51800,51800,34.3
1966-01-10,,51800,51800,34.3
1966-01-11,,51800,51800,34.3
1966-01-12,,51800,51800,34.3
1966-01-13,,51800,51800,34.3
1966-01-14,,51800,51800,34.3
1966-01-15,,51800,51800,34.3
1966-01-16,,51800,51800,34.3
1966-01-17,,51800,51800,34.3
1966-01-18,,51800,51800,34.3
1966-01-19,,51800,51800,34.3
1966-01-20,,51800,51800,34.3
1966-01-21,,51800,51800,34.3
1966-01-22,,51800,51800,34.3
1966-01-23,,51800,51800,34.3
1966-01-24,,51800,51800,34.3
1966-01-25,,51800,51800,34.3
1966-01-26,,51800,51800,34.3
1966-01-27,,51800,51800,34.3
1966-01-28,,51800,51800,34.3
1966-01-29,,51800,51800,34.3
1966-01-30,,51800,51800,34.3
1966-01-31,,51800,51800,34.3
1966-02-01,,51800,51800,34.3
1966-02-02,,51800,51800,34.3
1966-02-03,,51800,51800,34.3
1966-02-04,,51800,51800,34.3
1966-02-05,,51800,51800,34.3
1966-02-06,,51800,51800,34.3
1966-02-07,,51800,51800,34.3
1966-02-08,,51800,51800,34.3
1966-02-09,,51800,51800,34.3
1966-02-10,,51800,51800,34.3
1966-02-11,,51800,51800,34.3
1966-02-12,,51800,51800,34.3
1966-02-13,,51800,51800,34.3
1966-02-14,,51800,51800,34.3
1966-02-15,,51800,51800,34.3
1966-02-16,,51800,51800,34.3
1966-02-17,,51800,51800,34.3
1966-02-18,,51800,51800,34.3
1966-02-19,,51800,51800,34.3
1966-02-20,,51800,51800,34.3
1966-02-21,,51800,51800,34.3
1966-02-22,,51500,51500,34.1
1966-02-23,,51500,51500,34.1
1966-02-24,,51500,51500,34.1
1966-02-25,,51800,51800,34.3
1966-02-26,,51800,51800,34.3
1966-02-27,,51800,51800,34.3
1966-02-28,,51800,51800,34.3
1966-03-01,,51800,51800,34.3
1966-03-02,,51800,51800,34.3
1966-03-03,,51500,51500,34.1
1966-03-04,,51500,51500,34.1
1966-03-05,,51500,51500,34.1
1966-03-06,,51500,51500,34.1
1966-03-07,,51500,51500,34.1
1966-03-08,,51500,51500,34.1
1966-03-09,,51500,51500,34.1
1966-03-10,,51500,51500,34.1
1966-03-11,,51500,51500,34.1
1966-03-12,,51500,51500,34.1
1966-03-13,,51500,51500,34.1
1966-03-14,,51500,51500,34.1
1966-03-15,,51500,51500,34.1
1966-03-16,,51500,51500,34.1
1966-03-17,,51500,51500,34.1
1966-03-18,,51500,51500,34.1
1966-03-19,,51500,51500,34.1
1966-03-20,,51500,51500,34.1
1966-03-21,,51200,51200,33.9
1966-03-22,,51200,51200,33.9
1966-03-23,,51200,51200,33.9
1966-03-24,,51200,51200,33.9
1966-03-25,,51200,51200,33.9
1966-03-26,,51200,51200,33.9
1966-03-27,,51200,51200,33.9
1966-03-28,,51200,51200,33.9
1966-03-29,,51200,51200,33.9
1966-03-30,,51200,51200,33.9
1966-03-31,,50900,50900,33.7
1966-04-01,,50900,50900,33.7
1966-04-02,,50900,50900,33.7
1966-04-03,,50900,50900,33.7
1966-04-04,,50900,50900,33.7
1966-04-05,,50600,50600,33.5
1966-04-06,,50600,50600,33.5
1966-04-07,,50600,50600,33.5
1966-04-08,,50600,50600,33.5
1966-04-09,,50600,50600,33.5
1966-04-10,,50600,50600,33.5
1966-04-11,,50600,50600,33.5
1966-04-12,,50600,50600,33.5
1966-04-13,,50300,50300,33.3
1966-04-14,,50300,50300,33.3
1966-04-15,,50300,50300,33.3
1966-04-16,,50300,50300,33.3
1966-04-17,,50300,50300,33.3
1966-04-18,,50000,50000,33.1
1966-04-19,,50000,50000,33.1
1966-04-20,,50000,50000,33.1
1966-04-21,,50000,50000,33.1
1966-04-22,,49700,49700,32.9
1966-04-23,,50000,50000,33.1
1966-04-24,,50000,50000,33.1
1966-04-25,,52100,52100,34.5
1966-04-26,,52700,52700,34.9
1966-04-27,,52700,52700,34.9
1966-04-28,,52700,52700,34.9
1966-04-29,,52700,52700,34.9
1966-04-30,,52700,52700,34.9
1966-05-01,,52700,52700,34.9
1966-05-02,,52700,52700,34.9
1966-05-03,,52700,52700,34.9
1966-05-04,,52700,52700,34.9
1966-05-05,,52400,52400,34.7
1966-05-06,,52400,52400,34.7
1966-05-07,,52400,52400,34.7
1966-05-08,,52400,52400,34.7
1966-05-09,,52400,52400,34.7
1966-05-10,,52400,52400,34.7
1966-05-11,,52400,52400,34.7
1966-05-12,,52100,52100,34.5
1966-05-13,,52100,52100,34.5
1966-05-14,,52100,52100,34.5
1966-05-15,,52100,52100,34.5
1966-05-16,,51800,51800,34.3
1966-05-17,,51800,51800,34.3
1966-05-18,,51800,51800,34.3
1966-05-19,,51500,51500,34.1
1966-05-20,,51500,51500,34.1
1966-05-21,,51500,51500,34.1
1966-05-22,,51800,51800,34.3
1966-05-23,,51500,51500,34.1
1966-05-24,,51500,51500,34.1
1966-05-25,,51500,51500,34.1
1966-05-26,,51200,51200,33.9
1966-05-27,,51500,51500,34.1
1966-05-28,,51800,51800,34.3
1966-05-29,,51500,51500,34.1
1966-05-30,,51500,51500,34.1
1966-05-31,,51500,51500,34.1
1966-06-01,,51200,51200,33.9
1966-06-02,,51200,51200,33.9
1966-06-03,,51200,51200,33.9
1966-06-04,,51200,51200,33.9
1966-06-05,,50900,50900,33.7
1966-06-06,,50900,50900,33.7
1966-06-07,,50900,50900,33.7
1966-06-08,,50900,50900,33.7
1966-06-09,,50600,50600,33.5
1966-06-10,,51200,51200,33.9
1966-06-11,,56500,56500,37.4
1966-06-12,,58600,58600,38.8
1966-06-13,,58200,58200,38.5
1966-06-14,,58600,58600,38.8
1966-06-15,,58600,58600,38.8
1966-06-16,,58600,58600,38.8
1966-06-17,,58600,58600,38.8
1966-06-18,,58600,58600,38.8
1966-06-19,,58250,58250,38.5
1966-06-20,,58250,58250,38.5
1966-06-21,,57900,57900,38.3
1966-06-22,,57900,57900,38.3
1966-06-23,,57900,57900,38.3
1966-06-24,,57900,57900,38.3
1966-06-25,,57550,57550,38.1
1966-06-26,,57550,57550,38.1
1966-06-27,,57550,57550,38.1
1966-06-28,,57350,57350,38.0
1966-06-29,,57200,57200,37.9
1966-06-30,,57200,57200,37.9
1966-07-01,,57200,57200,37.9
1966-07-02,,57200,57200,37.9
1966-07-03,,56850,56850,37.6
1966-07-04,,56850,56850,37.6
1966-07-05,,56500,56500,37.4
1966-07-06,,56500,56500,37.4
1966-07-07,,56150,56150,37.2
1966-07-08,,56150,56150,37.2
1966-07-09,,55800,55800,36.9
1966-07-10,,55800,55800,36.9
1966-07-11,,55450,55450,36.7
1966-07-12,,55450,55450,36.7
1966-07-13,,55100,55100,36.5
1966-07-14,,54750,54750,36.2
1966-07-15,,54750,54750,36.2
1966-07-16,,54400,54400,36.0
1966-07-17,,54400,54400,36.0
1966-07-18,,53350,53350,35.3
1966-07-19,,52400,52400,34.7
1966-07-20,,51800,51800,34.3
1966-07-21,,50900,50900,33.7
1966-07-22,,49700,49700,32.9
1966-07-23,,48800,48800,32.3
1966-07-24,,47600,47600,31.5
1966-07-25,,46700,46700,30.9
1966-07-26,,45500,45500,30.1
1966-07-27,,44600,44600,29.5
1966-07-28,,44300,44300,29.3
1966-07-29,,44300,44300,29.3
1966-07-30,,44000,44000,29.1
1966-07-31,,43750,43750,29.0
1966-08-01,,43750,43750,29.0
1966-08-02,,43500,43500,28.8
1966-08-03,,43500,43500,28.8
1966-08-04,,43250,43250,28.6
1966-08-05,,43250,43250,28.6
1966-08-06,,43000,43000,28.5
1966-08-07,,43000,43000,28.5
1966-08-08,,43500,43500,28.8
1966-08-09,,48800,48800,32.3
1966-08-10,,49400,49400,32.7
1966-08-11,,49400,49400,32.7
1966-08-12,,49400,49400,32.7
1966-08-13,,49100,49100,32.5
1966-08-14,,49100,49100,32.5
1966-08-15,,49100,49100,32.5
1966-08-16,,48800,48800,32.3
1966-08-17,,48800,48800,32.3
1966-08-18,,48800,48800,32.3
1966-08-19,,48800,48800,32.3
1966-08-20,,48800,48800,32.3
1966-08-21,,48800,48800,32.3
1966-08-22,,50600,50600,33.5
1966-08-23,,68700,68700,45.5
1966-08-24,,120000,120000,79.4
1966-08-25,,232000,232000,100.0
1966-08-26,,255000,255000,100.0
1966-08-27,,264000,264000,100.0
1966-08-28,,270000,270000,100.0
1966-08-29,,270000,270000,100.0
1966-08-30,,270000,270000,100.0
1966-08-31,,271000,271000,100.0
1966-09-01,,270000,270000,100.0
1966-09-02,,270000,270000,100.0
1966-09-03,,270000,270000,100.0
1966-09-04,,271000,271000,100.0
1966-09-05,,272000,272000,100.0
1966-09-06,,273000,273000,100.0
1966-09-07,,273000,273000,100.0
1966-09-08,,274000,274000,100.0
1966-09-09,,275000,275000,100.0
1966-09-10,,276000,276000,100.0
1966-09-11,,276000,276000,100.0
1966-09-12,,276000,276000,100.0
1966-09-13,,276000,276000,100.0
1966-09-14,,276000,276000,100.0
1966-09-15,,276000,276000,100.0
1966-09-16,,276000,276000,100.0
1966-09-17,,276000,276000,100.0
1966-09-18,,275000,275000,100.0
1966-09-19,,275000,275000,100.0
1966-09-20,,275000,275000,100.0
1966-09-21,,274000,274000,100.0
1966-09-22,,274000,274000,100.0
1966-09-23,,274000,274000,100.0
1966-09-24,,274000,274000,100.0
1966-09-25,,273000,273000,100.0
1966-09-26,,273000,273000,100.0
1966-09-27,,273000,273000,100.0
1966-09-28,,272000,272000,100.0
1966-09-29,,272000,272000,100.0
1966-09-30,,272000,272000,100.0
1966-10-01,,272000,272000,100.0
1966-10-02,,271000,271000,100.0
1966-10-03,,271000,271000,100.0
1966-10-04,,271000,271000,100.0
1966-10-05,,270000,270000,100.0
1966-10-06,,270000,270000,100.0
1966-10-07,,270000,270000,100.0
1966-10-08,,269000,269000,100.0
1966-10-09,,269000,269000,100.0
1966-10-10,,269000,269000,100.0
1966-10-11,,269000,269000,100.0
1966-10-12,,269000,269000,100.0
1966-10-13,,269000,269000,100.0
1966-10-14,,268000,268000,100.0
1966-10-15,,267000,267000,100.0
1966-10-16,,267000,267000,100.0
1966-10-17,,266000,266000,100.0
1966-10-18,,266000,266000,100.0
1966-10-19,,266000,266000,100.0
1966-10-20,,266000,266000,100.0
1966-10-21,,264000,264000,100.0
1966-10-22,,264000,264000,100.0
1966-10-23,,263000,263000,100.0
1966-10-24,,262000,262000,100.0
1966-10-25,,260000,260000,100.0
1966-10-26,,259000,259000,100.0
1966-10-27,,259000,259000,100.0
1966-10-28,,258000,258000,100.0
1966-10-29,,257000,257000,100.0
1966-10-30,,257000,257000,100.0
1966-10-31,,256000,256000,100.0
1966-11-01,,256000,256000,100.0
1966-11-02,,255000,255000,100.0
1966-11-03,,254000,254000,100.0
1966-11-04,,254000,254000,100.0
1966-11-05,,253000,253000,100.0
1966-11-06,,253000,253000,100.0
1966-11-07,,252000,252000,100.0
1966-11-08,,251000,251000,100.0
1966-11-09,,251000,251000,100.0
1966-11-10,,251000,251000,100.0
1966-11-11,,250000,250000,100.0
1966-11-12,,250000,250000,100.0
1966-11-13,,249000,249000,100.0
1966-11-14,,249000,249000,100.0
1966-11-15,,249000,249000,100.0
1966-11-16,,249000,249000,100.0
1966-11-17,,249000,249000,100.0
1966-11-18,,248000,248000,100.0
1966-11-19,,248000,248000,100.0
1966-11-20,,248000,248000,100.0
1966-11-21,,248000,248000,100.0
1966-11-22,,248000,248000,100.0
1966-11-23,,247000,247000,100.0
1966-11-24,,247000,247000,100.0
1966-11-25,,247000,247000,100.0
1966-11-26,,247000,247000,100.0
1966-11-27,,247000,247000,100.0
1966-11-28,,247000,247000,100.0
1966-11-29,,246000,246000,100.0
1966-11-30,,246000,246000,100.0
1966-12-01,,245000,245000,100.0
1966-12-02,,245000,245000,100.0
1966-12-03,,245000,245000,100.0
1966-12-04,,245000,245000,100.0
1966-12-05,,244000,244000,100.0
1966-12-06,,244000,244000,100.0
1966-12-07,,244000,244000,100.0
1966-12-08,,244000,244000,100.0
1966-12-09,,244000,244000,100.0
1966-12-10,,244000,244000,100.0
1966-12-11,,244000,244000,100.0
1966-12-12,,244000,244000,100.0
1966-12-13,,243000,243000,100.0
1966-12-14,,243000,243000,100.0
1966-12-15,,243000,243000,100.0
1966-12-16,,243000,243000,100.0
1966-12-17,,243000,243000,100.0
1966-12-18,,243000,243000,100.0
1966-12-19,,243000,243000,100.0
1966-12-20,,243000,243000,100.0
1966-12-21,,243000,243000,100.0
1966-12-22,,243000,243000,100.0
1966-12-23,,242000,242000,100.0
1966-12-24,,242000,242000,100.0
1966-12-25,,242000,242000,100.0
1966-12-26,,242000,242000,100.0
1966-12-27,,242000,242000,100.0
1966-12-28,,242000,242000,100.0
1966-12-29,,242000,242000,100.0
1966-12-30,,242000,242000,100.0
1966-12-31,,242000,242000,100.0
1967-01-01,,242000,242000,100.0
1967-01-02,,241000,241000,100.0
1967-01-03,,241000,241000,100.0
1967-01-04,,241000,241000,100.0
1967-01-05,,241000,241000,100.0
1967-01-06,,241000,241000,100.0
1967-01-07,,241000,241000,100.0
1967-01-08,,240000,240000,100.0
1967-01-09,,240000,240000,100.0
1967-01-10,,240000,240000,100.0
1967-01-11,,239000,239000,100.0
1967-01-12,,239000,239000,100.0
1967-01-13,,239000,239000,100.0
1967-01-14,,238000,238000,100.0
1967-01-15,,238000,238000,100.0
1967-01-16,,238000,238000,100.0
1967-01-17,,237000,237000,100.0
1967-01-18,,237000,237000,100.0
1967-01-19,,237000,237000,100.0
1967-01-20,,236000,236000,100.0
1967-01-21,,236000,236000,100.0
1967-01-22,,236000,236000,100.0
1967-01-23,,236000,236000,100.0
1967-01-24,,236000,236000,100.0
1967-01-25,,235000,235000,100.0
1967-01-26,,235000,235000,100.0
1967-01-27,,235000,235000,100.0
1967-01-28,,235000,235000,100.0
1967-01-29,,235000,235000,100.0
1967-01-30,,235000,235000,100.0
1967-01-31,,235000,235000,100.0
1967-02-01,,235000,235000,100.0
1967-02-02,,234000,234000,100.0
1967-02-03,,234000,234000,100.0
1967-02-04,,234000,234000,100.0
1967-02-05,,233000,233000,100.0
1967-02-06,,233000,233000,100.0
1967-02-07,,233000,233000,100.0
1967-02-08,,232000,232000,100.0
1967-02-09,,232000,232000,100.0
1967-02-10,,232000,232000,100.0
1967-02-11,,232000,232000,100.0
1967-02-12,,231000,231000,100.0
1967-02-13,,231000,231000,100.0
1967-02-14,,231000,231000,100.0
1967-02-15,,231000,231000,100.0
1967-02-16,,231000,231000,100.0
1967-02-17,,231000,231000,100.0
1967-02-18,,230000,230000,100.0
1967-02-19,,230000,230000,100.0
1967-02-20,,230000,230000,100.0
1967-02-21,,229000,229000,100.0
1967-02-22,,229000,229000,100.0
1967-02-23,,229000,229000,100.0
1967-02-24,,228000,228000,100.0
1967-02-25,,228000,228000,100.0
1967-02-26,,228000,228000,100.0
1967-02-27,,228000,228000,100.0
1967-02-28,,227000,227000,100.0
1967-03-01,,227000,227000,100.0
1967-03-02,,227000,227000,100.0
1967-03-03,,227000,227000,100.0
1967-03-04,,226000,226000,100.0
1967-03-05,,226000,226000,100.0
1967-03-06,,225000,225000,100.0
1967-03-07,,225000,225000,100.0
1967-03-08,,224000,224000,100.0
1967-03-09,,224000,224000,100.0
1967-03-10,,223000,223000,100.0
1967-03-11,,223000,223000,100.0
1967-03-12,,222000,222000,100.0
1967-03-13,,222000,222000,100.0
1967-03-14,,221000,221000,100.0
1967-03-15,,221000,221000,100.0
1967-03-16,,220000,220000,100.0
1967-03-17,,220000,220000,100.0
1967-03-18,,219000,219000,100.0
1967-03-19,,218000,218000,100.0
1967-03-20,,217000,217000,100.0
1967-03-21,,216000,216000,100.0
1967-03-22,,215000,215000,100.0
1967-03-23,,215000,215000,100.0
1967-03-24,,214000,214000,100.0
1967-03-25,,213000,213000,100.0
1967-03-26,,212000,212000,100.0
1967-03-27,,211000,211000,100.0
1967-03-28,,210000,210000,100.0
1967-03-29,,209100,209100,100.0
1967-03-30,,208200,208200,100.0
1967-03-31,,207300,207300,100.0
1967-04-01,,206400,206400,100.0
1967-04-02,,205500,205500,100.0
1967-04-03,,204600,204600,100.0
1967-04-04,,203700,203700,100.0
1967-04-05,,202800,202800,100.0
1967-04-06,,201900,201900,100.0
1967-04-07,,201000,201000,100.0
1967-04-08,,200100,200100,100.0
1967-04-09,,199200,199200,100.0
1967-04-10,,197400,197400,100.0
1967-04-11,,196500,196500,100.0
1967-04-12,,194700,194700,100.0
1967-04-13,,192900,192900,100.0
1967-04-14,,191100,191100,100.0
1967-04-15,,190200,190200,100.0
1967-04-16,,188400,188400,100.0
1967-04-17,,186600,186600,100.0
1967-04-18,,185700,185700,100.0
1967-04-19,,184800,184800,100.0
1967-04-20,,183000,183000,100.0
1967-04-21,,182200,182200,100.0
1967-04-22,,180400,180400,100.0
1967-04-23,,179600,179600,100.0
1967-04-24,,177900,177900,100.0
1967-04-25,,177000,177000,100.0
1967-04-26,,176200,176200,100.0
1967-04-27,,175400,175400,100.0
1967-04-28,,174500,174500,100.0
1967-04-29,,173700,173700,100.0
1967-04-30,,172900,172900,100.0
1967-05-01,,172100,172100,100.0
1967-05-02,,171300,171300,100.0
1967-05-03,,169700,169700,100.0
1967-05-04,,168900,168900,100.0
1967-05-05,,168900,168900,100.0
1967-05-06,,168100,168100,100.0
1967-05-07,,167300,167300,100.0
1967-05-08,,166500,166500,100.0
1967-05-09,,166500,166500,100.0
1967-05-10,,165800,165800,100.0
1967-05-11,,165800,165800,100.0
1967-05-12,,165000,165000,100.0
1967-05-13,,164200,164200,100.0
1967-05-14,,163500,163500,100.0
1967-05-15,,163500,163500,100.0
1967-05-16,,162800,162800,100.0
1967-05-17,,162800,162800,100.0
1967-05-18,,162000,162000,100.0
1967-05-19,,162000,162000,100.0
1967-05-20,,162000,162000,100.0
1967-05-21,,161200,161200,100.0
1967-05-22,,161200,161200,100.0
1967-05-23,,161200,161200,100.0
1967-05-24,,160500,160500,100.0
1967-05-25,,160500,160500,100.0
1967-05-26,,160500,160500,100.0
1967-05-27,,160100,160100,100.0
1967-05-28,,159800,159800,100.0
1967-05-29,,159800,159800,100.0
1967-05-30,,159800,159800,100.0
1967-05-31,,159800,159800,100.0
1967-06-01,,159000,159000,100.0
1967-06-02,,159000,159000,100.0
1967-06-03,,158300,158300,100.0
1967-06-04,,158300,158300,100.0
1967-06-05,,158300,158300,100.0
1967-06-06,,158300,158300,100.0
1967-06-07,,158300,158300,100.0
1967-06-08,,157600,157600,100.0
1967-06-09,,156900,156900,100.0
1967-06-10,,156200,156200,100.0
1967-06-11,,154800,154800,100.0
1967-06-12,,154100,154100,100.0
1967-06-13,,152700,152700,100.0
1967-06-14,,152000,152000,100.0
1967-06-15,,150700,150700,99.7
1967-06-16,,150000,150000,99.3
1967-06-17,,150000,150000,99.3
1967-06-18,,149400,149400,98.9
1967-06-19,,150000,150000,99.3
1967-06-20,,150000,150000,99.3
1967-06-21,,149400,149400,98.9
1967-06-22,,150000,150000,99.3
1967-06-23,,150000,150000,99.3
1967-06-24,,150000,150000,99.3
1967-06-25,,149400,149400,98.9
1967-06-26,,150000,150000,99.3
1967-06-27,,149400,149400,98.9
1967-06-28,,149400,149400,98.9
1967-06-29,,148800,148800,98.5
1967-06-30,,148800,148800,98.5
1967-07-01,,148800,148800,98.5
1967-07-02,,148800,148800,98.5
1967-07-03,,148800,148800,98.5
1967-07-04,,149400,149400,98.9
1967-07-05,,149400,149400,98.9
1967-07-06,,148800,148800,98.5
1967-07-07,,148800,148800,98.5
1967-07-08,,148100,148100,98.0
1967-07-09,,148100,148100,98.0
1967-07-10,,147400,147400,97.5
1967-07-11,,147400,147400,97.5
1967-07-12,,146800,146800,97.1
1967-07-13,,145500,145500,96.3
1967-07-14,,144800,144800,95.8
1967-07-15,,144200,144200,95.4
1967-07-16,,142900,142900,94.6
1967-07-17,,142200,142200,94.1
1967-07-18,,141000,141000,93.3
1967-07-19,,140300,140300,92.8
1967-07-20,,139000,139000,92.0
1967-07-21,,138400,138400,91.6
1967-07-22,,137200,137200,90.8
1967-07-23,,136600,136600,90.4
1967-07-24,,135400,135400,89.6
1967-07-25,,134200,134200,88.8
1967-07-26,,133600,133600,88.4
1967-07-27,,133000,133000,88.0
1967-07-28,,131800,131800,87.2
1967-07-29,,130600,130600,86.4
1967-07-30,,130600,130600,86.4
1967-07-31,,129400,129400,85.6
1967-08-01,,128800,128800,85.2
1967-08-02,,128200,128200,84.8
1967-08-03,,127600,127600,84.4
1967-08-04,,126400,126400,83.6
1967-08-05,,125800,125800,83.3
1967-08-06,,124600,124600,82.5
1967-08-07,,123400,123400,81.7
1967-08-08,,123400,123400,81.7
1967-08-09,,122200,122200,80.9
1967-08-10,,121000,121000,80.1
1967-08-11,,119800,119800,79.3
1967-08-12,,119200,119200,78.9
1967-08-13,,118000,118000,78.1
1967-08-14,,117400,117400,77.7
1967-08-15,,116800,116800,77.3
1967-08-16,,115600,115600,76.5
1967-08-17,,115000,115000,76.1
1967-08-18,,113900,113900,75.4
1967-08-19,,113400,113400,75.0
1967-08-20,,112800,112800,74.6
1967-08-21,,111700,111700,73.9
1967-08-22,,111200,111200,73.6
1967-08-23,,110600,110600,73.2
1967-08-24,,110000,110000,72.8
1967-08-25,,109500,109500,72.5
1967-08-26,,109000,109000,72.1
1967-08-27,,108400,108400,71.7
1967-08-28,,107800,107800,71.3
1967-08-29,,107800,107800,71.3
1967-08-30,,107300,107300,71.0
1967-08-31,,106800,106800,70.7
1967-09-01,,106200,106200,70.3
1967-09-02,,105600,105600,69.9
1967-09-03,,105100,105100,69.6
1967-09-04,,105100,105100,69.6
1967-09-05,,104600,104600,69.2
1967-09-06,,104000,104000,68.8
1967-09-07,,103500,103500,68.5
1967-09-08,,103000,103000,68.2
1967-09-09,,103000,103000,68.2
1967-09-10,,103000,103000,68.2
1967-09-11,,102500,102500,67.8
1967-09-12,,102500,102500,67.8
1967-09-13,,102000,102000,67.5
1967-09-14,,102000,102000,67.5
1967-09-15,,102000,102000,67.5
1967-09-16,,101500,101500,67.2
1967-09-17,,101500,101500,67.2
1967-09-18,,101500,101500,67.2
1967-09-19,,101000,101000,66.8
1967-09-20,,101000,101000,66.8
1967-09-21,,100800,100800,66.7
1967-09-22,,100500,100500,66.5
1967-09-23,,100500,100500,66.5
1967-09-24,,100500,100500,66.5
1967-09-25,,100500,100500,66.5
1967-09-26,,100500,100500,66.5
1967-09-27,,100500,100500,66.5
1967-09-28,,100500,100500,66.5
1967-09-29,,100500,100500,66.5
1967-09-30,,100500,100500,66.5
1967-10-01,,100000,100000,66.2
1967-10-02,,100000,100000,66.2
1967-10-03,,100000,100000,66.2
1967-10-04,,100000,100000,66.2
1967-10-05,,100000,100000,66.2
1967-10-06,,100000,100000,66.2
1967-10-07,,99800,99800,66.0
1967-10-08,,99500,99500,65.8
1967-10-09,,99500,99500,65.8
1967-10-10,,99500,99500,65.8
1967-10-11,,99500,99500,65.8
1967-10-12,,99500,99500,65.8
1967-10-13,,99500,99500,65.8
1967-10-14,,99500,99500,65.8
1967-10-15,,99200,99200,65.6
1967-10-16,,99000,99000,65.5
1967-10-17,,99000,99000,65.5
1967-10-18,,99000,99000,65.5
1967-10-19,,99000,99000,65.5
1967-10-20,,99000,99000,65.5
1967-10-21,,99000,99000,65.5
1967-10-22,,99000,99000,65.5
1967-10-23,,99000,99000,65.5
1967-10-24,,99000,99000,65.5
1967-10-25,,99000,99000,65.5
1967-10-26,,99000,99000,65.5
1967-10-27,,98500,98500,65.2
1967-10-28,,98500,98500,65.2
1967-10-29,,98500,98500,65.2
1967-10-30,,98500,98500,65.2
1967-10-31,,98500,98500,65.2
1967-11-01,,98500,98500,65.2
1967-11-02,,98500,98500,65.2
1967-11-03,,98200,98200,65.0
1967-11-04,,98000,98000,64.9
1967-11-05,,98000,98000,64.9
1967-11-06,,98000,98000,64.9
1967-11-07,,98000,98000,64.9
1967-11-08,,98000,98000,64.9
1967-11-09,,98000,98000,64.9
1967-11-10,,98000,98000,64.9
1967-11-11,,98000,98000,64.9
1967-11-12,,98000,98000,64.9
1967-11-13,,98000,98000,64.9
1967-11-14,,98000,98000,64.9
1967-11-15,,98000,98000,64.9
1967-11-16,,98000,98000,64.9
1967-11-17,,98000,98000,64.9
1967-11-18,,98000,98000,64.9
1967-11-19,,98000,98000,64.9
1967-11-20,,98000,98000,64.9
1967-11-21,,98000,98000,64.9
1967-11-22,,98000,98000,64.9
1967-11-23,,98000,98000,64.9
1967-11-24,,98000,98000,64.9
1967-11-25,,98000,98000,64.9
1967-11-26,,98000,98000,64.9
1967-11-27,,98200,98200,65.0
1967-11-28,,98500,98500,65.2
1967-11-29,,98500,98500,65.2
1967-11-30,,98500,98500,65.2
1967-12-01,,98500,98500,65.2
1967-12-02,,98500,98500,65.2
1967-12-03,,98500,98500,65.2
1967-12-04,,98500,98500,65.2
1967-12-05,,98500,98500,65.2
1967-12-06,,98500,98500,65.2
1967-12-07,,98500,98500,65.2
1967-12-08,,98500,98500,65.2
1967-12-09,,98500,98500,65.2
1967-12-10,,98500,98500,65.2
1967-12-11,,98500,98500,65.2
1967-12-12,,98500,98500,65.2
1967-12-13,,98500,98500,65.2
1967-12-14,,98600,98600,65.3
1967-12-15,,98800,98800,65.4
1967-12-16,,99000,99000,65.5
1967-12-17,,99000,99000,65.5
1967-12-18,,99000,99000,65.5
1967-12-19,,99000,99000,65.5
1967-12-20,,99000,99000,65.5
1967-12-21,,99000,99000,65.5
1967-12-22,,99500,99500,65.8
1967-12-23,,99500,99500,65.8
1967-12-24,,99500,99500,65.8
1967-12-25,,99500,99500,65.8
1967-12-26,,99500,99500,65.8
1967-12-27,,99500,99500,65.8
1967-12-28,,99500,99500,65.8
1967-12-29,,99800,99800,66.0
1967-12-30,,100000,100000,66.2
1967-12-31,,100000,100000,66.2
1968-01-01,,100000,100000,66.2
1968-01-02,,100000,100000,66.2
1968-01-03,,100500,100500,66.5
1968-01-04,,100500,100500,66.5
1968-01-05,,100500,100500,66.5
1968-01-06,,100500,100500,66.5
1968-01-07,,100500,100500,66.5
1968-01-08,,100500,100500,66.5
1968-01-09,,100700,100700,66.6
1968-01-10,,101000,101000,66.8
1968-01-11,,101000,101000,66.8
1968-01-12,,101000,101000,66.8
1968-01-13,,101000,101000,66.8
1968-01-14,,101000,101000,66.8
1968-01-15,,101000,101000,66.8
1968-01-16,,101000,101000,66.8
1968-01-17,,101500,101500,67.2
1968-01-18,,101600,101600,67.2
1968-01-19,,101700,101700,67.3
1968-01-20,,101800,101800,67.4
1968-01-21,,101900,101900,67.4
1968-01-22,,102000,102000,67.5
1968-01-23,,102000,102000,67.5
1968-01-24,,102000,102000,67.5
1968-01-25,,102000,102000,67.5
1968-01-26,,102000,102000,67.5
1968-01-27,,102000,102000,67.5
1968-01-28,,102000,102000,67.5
1968-01-29,,102500,102500,67.8
1968-01-30,,102500,102500,67.8
1968-01-31,,102500,102500,67.8
1968-02-01,,102500,102500,67.8
1968-02-02,,102500,102500,67.8
1968-02-03,,102500,102500,67.8
1968-02-04,,102500,102500,67.8
1968-02-05,,102500,102500,67.8
1968-02-06,,102700,102700,68.0
1968-02-07,,103000,103000,68.2
1968-02-08,,103000,103000,68.2
1968-02-09,,103000,103000,68.2
1968-02-10,,103000,103000,68.2
1968-02-11,,103000,103000,68.2
1968-02-12,,103000,103000,68.2
1968-02-13,,103200,103200,68.3
1968-02-14,,103500,103500,68.5
1968-02-15,,103500,103500,68.5
1968-02-16,,104000,104000,68.8
1968-02-17,,104000,104000,68.8
1968-02-18,,104000,104000,68.8
1968-02-19,,104000,104000,68.8
1968-02-20,,104000,104000,68.8
1968-02-21,,104000,104000,68.8
1968-02-22,,104000,104000,68.8
1968-02-23,,104000,104000,68.8
1968-02-24,,104600,104600,69.2
1968-02-25,,104600,104600,69.2
1968-02-26,,104600,104600,69.2
1968-02-27,,104600,104600,69.2
1968-02-28,,104800,104800,69.4
1968-02-29,,105100,105100,69.6
1968-03-01,,105100,105100,69.6
1968-03-02,,105100,105100,69.6
1968-03-03,,105100,105100,69.6
1968-03-04,,105100,105100,69.6
1968-03-05,,105600,105600,69.9
1968-03-06,,105600,105600,69.9
1968-03-07,,105600,105600,69.9
1968-03-08,,105600,105600,69.9
1968-03-09,,105600,105600,69.9
1968-03-10,,105600,105600,69.9
1968-03-11,,105600,105600,69.9
1968-03-12,,105600,105600,69.9
1968-03-13,,105600,105600,69.9
1968-03-14,,105600,105600,69.9
1968-03-15,,105400,105400,69.8
1968-03-16,,105100,105100,69.6
1968-03-17,,104000,104000,68.8
1968-03-18,,103500,103500,68.5
1968-03-19,,103500,103500,68.5
1968-03-20,,103400,103400,68.4
1968-03-21,,103200,103200,68.3
1968-03-22,,103000,103000,68.2
1968-03-23,,102500,102500,67.8
1968-03-24,,102500,102500,67.8
1968-03-25,,102500,102500,67.8
1968-03-26,,102500,102500,67.8
1968-03-27,,102000,102000,67.5
1968-03-28,,102000,102000,67.5
1968-03-29,,101500,101500,67.2
1968-03-30,,101500,101500,67.2
1968-03-31,,101000,101000,66.8
1968-04-01,,100500,100500,66.5
1968-04-02,,100500,100500,66.5
1968-04-03,,100000,100000,66.2
1968-04-04,,99500,99500,65.8
1968-04-05,,99000,99000,65.5
1968-04-06,,98500,98500,65.2
1968-04-07,,98000,98000,64.9
1968-04-08,,97500,97500,64.5
1968-04-09,,97000,97000,64.2
1968-04-10,,96500,96500,63.9
1968-04-11,,96000,96000,63.5
1968-04-12,,95500,95500,63.2
1968-04-13,,95000,95000,62.9
1968-04-14,,94500,94500,62.5
1968-04-15,,94000,94000,62.2
1968-04-16,,94000,94000,62.2
1968-04-17,,93500,93500,61.9
1968-04-18,,93000,93000,61.5
1968-04-19,,92500,92500,61.2
1968-04-20,,92000,92000,60.9
1968-04-21,,91500,91500,60.6
1968-04-22,,91000,91000,60.2
1968-04-23,,90800,90800,60.1
1968-04-24,,90500,90500,59.9
1968-04-25,,90500,90500,59.9
1968-04-26,,90500,90500,59.9
1968-04-27,,90000,90000,59.6
1968-04-28,,89700,89700,59.4
1968-04-29,,89500,89500,59.2
1968-04-30,,89500,89500,59.2
1968-05-01,,89500,89500,59.2
1968-05-02,,89500,89500,59.2
1968-05-03,,89500,89500,59.2
1968-05-04,,89500,89500,59.2
1968-05-05,,89500,89500,59.2
1968-05-06,,89500,89500,59.2
1968-05-07,,89500,89500,59.2
1968-05-08,,89000,89000,58.9
1968-05-09,,89000,89000,58.9
1968-05-10,,88600,88600,58.6
1968-05-11,,88100,88100,58.3
1968-05-12,,91000,91000,60.2
1968-05-13,,95500,95500,63.2
1968-05-14,,95500,95500,63.2
1968-05-15,,95500,95500,63.2
1968-05-16,,95500,95500,63.2
1968-05-17,,95300,95300,63.1
1968-05-18,,95000,95000,62.9
1968-05-19,,94700,94700,62.7
1968-05-20,,94500,94500,62.5
1968-05-21,,94500,94500,62.5
1968-05-22,,94000,94000,62.2
1968-05-23,,93500,93500,61.9
1968-05-24,,92500,92500,61.2
1968-05-25,,92000,92000,60.9
1968-05-26,,91500,91500,60.6
1968-05-27,,91000,91000,60.2
1968-05-28,,90500,90500,59.9
1968-05-29,,90000,90000,59.6
1968-05-30,,89500,89500,59.2
1968-05-31,,89000,89000,58.9
1968-06-01,,88400,88400,58.5
1968-06-02,,87650,87650,58.0
1968-06-03,,87650,87650,58.0
1968-06-04,,87200,87200,57.7
1968-06-05,,86800,86800,57.4
1968-06-06,,86300,86300,57.1
1968-06-07,,86300,86300,57.1
1968-06-08,,85850,85850,56.8
1968-06-09,,85400,85400,56.5
1968-06-10,,84950,84950,56.2
1968-06-11,,84700,84700,56.1
1968-06-12,,84500,84500,55.9
1968-06-13,,84050,84050,55.6
1968-06-14,,84050,84050,55.6
1968-06-15,,83150,83150,55.0
1968-06-16,,82700,82700,54.7
1968-06-17,,82700,82700,54.7
1968-06-18,,82250,82250,54.4
1968-06-19,,81800,81800,54.1
1968-06-20,,81350,81350,53.8
1968-06-21,,80900,80900,53.5
1968-06-22,,80450,80450,53.2
1968-06-23,,80000,80000,52.9
1968-06-24,,79550,79550,52.6
1968-06-25,,79100,79100,52.3
1968-06-26,,78650,78650,52.0
1968-06-27,,78200,78200,51.8
1968-06-28,,77750,77750,51.5
1968-06-29,,76860,76860,50.9
1968-06-30,,76400,76400,50.6
1968-07-01,,75950,75950,50.3
1968-07-02,,75100,75100,49.7
1968-07-03,,74300,74300,49.2
1968-07-04,,73900,73900,48.9
1968-07-05,,73500,73500,48.6
1968-07-06,,74700,74700,49.4
1968-07-07,,74700,74700,49.4
1968-07-08,,80450,80450,53.2
1968-07-09,,80450,80450,53.2
1968-07-10,,80900,80900,53.5
1968-07-11,,80450,80450,53.2
1968-07-12,,80450,80450,53.2
1968-07-13,,80000,80000,52.9
1968-07-14,,79550,79550,52.6
1968-07-15,,79100,79100,52.3
1968-07-16,,78200,78200,51.8
1968-07-17,,77750,77750,51.5
1968-07-18,,77300,77300,51.2
1968-07-19,,76850,76850,50.9
1968-07-20,,76400,76400,50.6
1968-07-21,,76400,76400,50.6
1968-07-22,,75950,75950,50.3
1968-07-23,,75950,75950,50.3
1968-07-24,,75500,75500,50.0
1968-07-25,,75100,75100,49.7
1968-07-26,,74700,74700,49.4
1968-07-27,,74300,74300,49.2
1968-07-28,,73900,73900,48.9
1968-07-29,,73900,73900,48.9
1968-07-30,,73500,73500,48.6
1968-07-31,,73100,73100,48.4
1968-08-01,,73100,73100,48.4
1968-08-02,,72700,72700,48.1
1968-08-03,,72300,72300,47.8
1968-08-04,,72300,72300,47.8
1968-08-05,,71900,71900,47.6
1968-08-06,,71100,71100,47.1
1968-08-07,,70700,70700,46.8
1968-08-08,,70300,70300,46.5
1968-08-09,,69300,69300,45.9
1968-08-10,,68300,68300,45.2
1968-08-11,,67500,67500,44.7
1968-08-12,,67100,67100,44.4
1968-08-13,,66700,66700,44.1
1968-08-14,,66300,66300,43.9
1968-08-15,,65900,65900,43.6
1968-08-16,,65500,65500,43.3
1968-08-17,,64700,64700,42.8
1968-08-18,,64700,64700,42.8
1968-08-19,,64700,64700,42.8
1968-08-20,,63500,63500,42.0
1968-08-21,,63150,63150,41.8
1968-08-22,,62800,62800,41.6
1968-08-23,,62450,62450,41.3
1968-08-24,,61750,61750,40.9
1968-08-25,,61400,61400,40.6
1968-08-26,,61050,61050,40.4
1968-08-27,,60700,60700,40.2
1968-08-28,,60000,60000,39.7
1968-08-29,,59650,59650,39.5
1968-08-30,,59300,59300,39.2
1968-08-31,,58950,58950,39.0
1968-09-01,,58950,58950,39.0
1968-09-02,,58950,58950,39.0
1968-09-03,,58950,58950,39.0
1968-09-04,,58800,58800,38.9
1968-09-05,,58600,58600,38.8
1968-09-06,,58250,58250,38.5
1968-09-07,,58250,58250,38.5
1968-09-08,,58250,58250,38.5
1968-09-09,,57900,57900,38.3
1968-09-10,,57550,57550,38.1
1968-09-11,,57200,57200,37.9
1968-09-12,,56850,56850,37.6
1968-09-13,,56500,56500,37.4
1968-09-14,,56150,56150,37.2
1968-09-15,,55450,55450,36.7
1968-09-16,,55100,55100,36.5
1968-09-17,,54800,54800,36.3
1968-09-18,,54400,54400,36.0
1968-09-19,,54050,54050,35.8
1968-09-20,,54050,54050,35.8
1968-09-21,,53700,53700,35.5
1968-09-22,,53350,53350,35.3
1968-09-23,,53350,53350,35.3
1968-09-24,,53000,53000,35.1
1968-09-25,,53000,53000,35.1
1968-09-26,,53000,53000,35.1
1968-09-27,,52700,52700,34.9
1968-09-28,,52700,52700,34.9
1968-09-29,,52700,52700,34.9
1968-09-30,,52700,52700,34.9
1968-10-01,,52700,52700,34.9
1968-10-02,,52700,52700,34.9
1968-10-03,,52700,52700,34.9
1968-10-04,,52700,52700,34.9
1968-10-05,,52700,52700,34.9
1968-10-06,,52700,52700,34.9
1968-10-07,,52700,52700,34.9
1968-10-08,,52700,52700,34.9
1968-10-09,,52700,52700,34.9
1968-10-10,,52700,52700,34.9
1968-10-11,,52700,52700,34.9
1968-10-12,,52700,52700,34.9
1968-10-13,,53000,53000,35.1
1968-10-14,,53000,53000,35.1
1968-10-15,,53000,53000,35.1
1968-10-16,,53000,53000,35.1
1968-10-17,,53000,53000,35.1
1968-10-18,,52700,52700,34.9
1968-10-19,,52400,52400,34.7
1968-10-20,,52200,52200,34.5
1968-10-21,,52100,52100,34.5
1968-10-22,,52000,52000,34.4
1968-10-23,,51800,51800,34.3
1968-10-24,,51500,51500,34.1
1968-10-25,,51500,51500,34.1
1968-10-26,,51500,51500,34.1
1968-10-27,,51500,51500,34.1
1968-10-28,,51500,51500,34.1
1968-10-29,,51200,51200,33.9
1968-10-30,,51500,51500,34.1
1968-10-31,,51500,51500,34.1
1968-11-01,,51500,51500,34.1
1968-11-02,,51500,51500,34.1
1968-11-03,,51800,51800,34.3
1968-11-04,,51800,51800,34.3
1968-11-05,,51800,51800,34.3
1968-11-06,,51800,51800,34.3
1968-11-07,,51500,51500,34.1
1968-11-08,,51500,51500,34.1
1968-11-09,,51800,51800,34.3
1968-11-10,,51800,51800,34.3
1968-11-11,,51800,51800,34.3
1968-11-12,,51800,51800,34.3
1968-11-13,,52100,52100,34.5
1968-11-14,,52100,52100,34.5
1968-11-15,,52200,52200,34.5
1968-11-16,,52400,52400,34.7
1968-11-17,,52400,52400,34.7
1968-11-18,,52400,52400,34.7
1968-11-19,,52400,52400,34.7
1968-11-20,,52400,52400,34.7
1968-11-21,,52700,52700,34.9
1968-11-22,,52700,52700,34.9
1968-11-23,,52700,52700,34.9
1968-11-24,,52700,52700,34.9
1968-11-25,,53000,53000,35.1
1968-11-26,,53000,53000,35.1
1968-11-27,,53200,53200,35.2
1968-11-28,,53350,53350,35.3
1968-11-29,,53500,53500,35.4
1968-11-30,,53700,53700,35.5
1968-12-01,,53700,53700,35.5
1968-12-02,,53700,53700,35.5
1968-12-03,,53700,53700,35.5
1968-12-04,,54050,54050,35.8
1968-12-05,,54050,54050,35.8
1968-12-06,,54050,54050,35.8
1968-12-07,,54050,54050,35.8
1968-12-08,,54050,54050,35.8
1968-12-09,,54100,54100,35.8
1968-12-10,,54200,54200,35.9
1968-12-11,,54400,54400,36.0
1968-12-12,,54500,54500,36.1
1968-12-13,,54600,54600,36.1
1968-12-14,,54750,54750,36.2
1968-12-15,,54750,54750,36.2
1968-12-16,,54750,54750,36.2
1968-12-17,,55100,55100,36.5
1968-12-18,,55100,55100,36.5
1968-12-19,,55100,55100,36.5
1968-12-20,,55100,55100,36.5
1968-12-21,,55100,55100,36.5
1968-12-22,,55100,55100,36.5
1968-12-23,,55100,55100,36.5
1968-12-24,,55450,55450,36.7
1968-12-25,,55450,55450,36.7
1968-12-26,,55500,55500,36.7
1968-12-27,,55600,55600,36.8
1968-12-28,,55800,55800,36.9
1968-12-29,,55800,55800,36.9
1968-12-30,,55800,55800,36.9
1968-12-31,,55800,55800,36.9
1969-01-01,,55800,55800,36.9
1969-01-02,,56150,56150,37.2
1969-01-03,,56150,56150,37.2
1969-01-04,,56150,56150,37.2
1969-01-05,,56150,56150,37.2
1969-01-06,,56150,56150,37.2
1969-01-07,,56200,56200,37.2
1969-01-08,,56400,56400,37.3
1969-01-09,,56500,56500,37.4
1969-01-10,,56500,56500,37.4
1969-01-11,,56500,56500,37.4
1969-01-12,,56500,56500,37.4
1969-01-13,,56850,56850,37.6
1969-01-14,,56850,56850,37.6
1969-01-15,,56850,56850,37.6
1969-01-16,,56850,56850,37.6
1969-01-17,,57000,57000,37.7
1969-01-18,,57200,57200,37.9
1969-01-19,,57200,57200,37.9
1969-01-20,,57200,57200,37.9
1969-01-21,,57550,57550,38.1
1969-01-22,,57550,57550,38.1
1969-01-23,,57550,57550,38.1
1969-01-24,,57550,57550,38.1
1969-01-25,,57550,57550,38.1
1969-01-26,,57550,57550,38.1
1969-01-27,,57700,57700,38.2
1969-01-28,,57900,57900,38.3
1969-01-29,,57900,57900,38.3
1969-01-30,,57900,57900,38.3
1969-01-31,,57900,57900,38.3
1969-02-01,,57900,57900,38.3
1969-02-02,,57900,57900,38.3
1969-02-03,,58100,58100,38.4
1969-02-04,,58250,58250,38.5
1969-02-05,,28250,28250,18.7
1969-02-06,,28250,28250,18.7
1969-02-07,,28250,28250,18.7
1969-02-08,,28250,28250,18.7
1969-02-09,,58250,58250,38.5
1969-02-10,,58250,58250,38.5
1969-02-11,,58250,58250,38.5
1969-02-12,,58600,58600,38.8
1969-02-13,,58600,58600,38.8
1969-02-14,,58600,58600,38.8
1969-02-15,,58600,58600,38.8
1969-02-16,,58600,58600,38.8
1969-02-17,,58600,58600,38.8
1969-02-18,,58950,58950,39.0
1969-02-19,,58950,58950,39.0
1969-02-20,,58950,58950,39.0
1969-02-21,,58950,58950,39.0
1969-02-22,,58950,58950,39.0
1969-02-23,,58950,58950,39.0
1969-02-24,,58950,58950,39.0
1969-02-25,,58950,58950,39.0
1969-02-26,,58950,58950,39.0
1969-02-27,,58950,58950,39.0
1969-02-28,,58950,58950,39.0
1969-03-01,,58950,58950,39.0
1969-03-02,,58950,58950,39.0
1969-03-03,,58950,58950,39.0
1969-03-04,,58950,58950,39.0
1969-03-05,,58950,58950,39.0
1969-03-06,,58950,58950,39.0
1969-03-07,,58900,58900,39.0
1969-03-08,,58700,58700,38.8
1969-03-09,,58600,58600,38.8
1969-03-10,,58600,58600,38.8
1969-03-11,,58600,58600,38.8
1969-03-12,,58250,58250,38.5
1969-03-13,,57200,57200,37.9
1969-03-14,,56500,56500,37.4
1969-03-15,,56300,56300,37.3
1969-03-16,,56100,56100,37.1
1969-03-17,,55800,55800,36.9
1969-03-18,,55800,55800,36.9
1969-03-19,,55450,55450,36.7
1969-03-20,,55100,55100,36.5
1969-03-21,,54750,54750,36.2
1969-03-22,,54400,54400,36.0
1969-03-23,,54100,54100,35.8
1969-03-24,,53700,53700,35.5
1969-03-25,,53350,53350,35.3
1969-03-26,,53000,53000,35.1
1969-03-27,,52700,52700,34.9
1969-03-28,,52700,52700,34.9
1969-03-29,,52400,52400,34.7
1969-03-30,,52100,52100,34.5
1969-03-31,,51800,51800,34.3
1969-04-01,,51500,51500,34.1
1969-04-02,,51800,51800,34.3
1969-04-03,,51500,51500,34.1
1969-04-04,,51500,51500,34.1
1969-04-05,,51200,51200,33.9
1969-04-06,,50900,50900,33.7
1969-04-07,,50900,50900,33.7
1969-04-08,,50600,50600,33.5
1969-04-09,,50300,50300,33.3
1969-04-10,,50300,50300,33.3
1969-04-11,,50300,50300,33.3
1969-04-12,,50600,50600,33.5
1969-04-13,,50600,50600,33.5
1969-04-14,,50600,50600,33.5
1969-04-15,,50900,50900,33.7
1969-04-16,,50900,50900,33.7
1969-04-17,,50700,50700,33.6
1969-04-18,,50600,50600,33.5
1969-04-19,,50600,50600,33.5
1969-04-20,,50600,50600,33.5
1969-04-21,,50600,50600,33.5
1969-04-22,,50600,50600,33.5
1969-04-23,,50600,50600,33.5
1969-04-24,,50600,50600,33.5
1969-04-25,,50600,50600,33.5
1969-04-26,,50600,50600,33.5
1969-04-27,,50600,50600,33.5
1969-04-28,,50600,50600,33.5
1969-04-29,,50600,50600,33.5
1969-04-30,,50300,50300,33.3
1969-05-01,,50300,50300,33.3
1969-05-02,,50300,50300,33.3
1969-05-03,,50300,50300,33.3
1969-05-04,,50300,50300,33.3
1969-05-05,,50300,50300,33.3
1969-05-06,,50600,50600,33.5
1969-05-07,,50900,50900,33.7
1969-05-08,,50900,50900,33.7
1969-05-09,,50900,50900,33.7
1969-05-10,,50900,50900,33.7
1969-05-11,,50600,50600,33.5
1969-05-12,,50600,50600,33.5
1969-05-13,,50600,50600,33.5
1969-05-14,,50600,50600,33.5
1969-05-15,,50600,50600,33.5
1969-05-16,,50600,50600,33.5
1969-05-17,,50600,50600,33.5
1969-05-18,,50600,50600,33.5
1969-05-19,,50600,50600,33.5
1969-05-20,,50300,50300,33.3
1969-05-21,,50000,50000,33.1
1969-05-22,,50000,50000,33.1
1969-05-23,,49700,49700,32.9
1969-05-24,,49700,49700,32.9
1969-05-25,,49700,49700,32.9
1969-05-26,,49400,49400,32.7
1969-05-27,,49400,49400,32.7
1969-05-28,,49100,49100,32.5
1969-05-29,,49100,49100,32.5
1969-05-30,,48800,48800,32.3
1969-05-31,,48800,48800,32.3
1969-06-01,,48500,48500,32.1
1969-06-02,,48200,48200,31.9
1969-06-03,,48200,48200,31.9
1969-06-04,,47900,47900,31.7
1969-06-05,,47900,47900,31.7
1969-06-06,,47600,47600,31.5
1969-06-07,,47300,47300,31.3
1969-06-08,,47000,47000,31.1
1969-06-09,,46700,46700,30.9
1969-06-10,,46700,46700,30.9
1969-06-11,,46400,46400,30.7
1969-06-12,,46100,46100,30.5
1969-06-13,,46100,46100,30.5
1969-06-14,,45800,45800,30.3
1969-06-15,,45500,45500,30.1
1969-06-16,,45500,45500,30.1
1969-06-17,,46100,46100,30.5
1969-06-18,,46100,46100,30.5
1969-06-19,,46100,46100,30.5
1969-06-20,,45800,45800,30.3
1969-06-21,,45800,45800,30.3
1969-06-22,,45500,45500,30.1
1969-06-23,,45200,45200,29.9
1969-06-24,,44900,44900,29.7
1969-06-25,,44600,44600,29.5
1969-06-26,,44300,44300,29.3
1969-06-27,,44000,44000,29.1
1969-06-28,,43750,43750,29.0
1969-06-29,,43500,43500,28.8
1969-06-30,,43250,43250,28.6
1969-07-01,,43000,43000,28.5
1969-07-02,,42750,42750,28.3
1969-07-03,,42500,42500,28.1
1969-07-04,,42500,42500,28.1
1969-07-05,,42250,42250,28.0
1969-07-06,,42000,42000,27.8
1969-07-07,,42000,42000,27.8
1969-07-08,,42000,42000,27.8
1969-07-09,,41750,41750,27.6
1969-07-10,,41600,41600,27.5
1969-07-11,,41500,41500,27.5
1969-07-12,,41500,41500,27.5
1969-07-13,,41500,41500,27.5
1969-07-14,,41250,41250,27.3
1969-07-15,,41000,41000,27.1
1969-07-16,,41000,41000,27.1
1969-07-17,,40750,40750,27.0
1969-07-18,,40750,40750,27.0
1969-07-19,,40500,40500,26.8
1969-07-20,,40500,40500,26.8
1969-07-21,,40250,40250,26.6
1969-07-22,,40250,40250,26.6
1969-07-23,,40000,40000,26.5
1969-07-24,,40000,40000,26.5
1969-07-25,,39750,39750,26.3
1969-07-26,,39750,39750,26.3
1969-07-27,,39500,39500,26.1
1969-07-28,,39500,39500,26.1
1969-07-29,,39250,39250,26.0
1969-07-30,,39000,39000,25.8
1969-07-31,,39000,39000,25.8
1969-08-01,,38520,38520,25.5
1969-08-02,,38520,38520,25.5
1969-08-03,,38400,38400,25.4
1969-08-04,,38280,38280,25.3
1969-08-05,,38040,38040,25.2
1969-08-06,,37800,37800,25.0
1969-08-07,,37560,37560,24.9
1969-08-08,,37320,37320,24.7
1969-08-09,,37080,37080,24.5
1969-08-10,,37080,37080,24.5
1969-08-11,,36840,36840,24.4
1969-08-12,,36600,36600,24.2
1969-08-13,,36380,36380,24.1
1969-08-14,,36160,36160,23.9
1969-08-15,,35940,35940,23.8
1969-08-16,,35720,35720,23.6
1969-08-17,,35500,35500,23.5
1969-08-18,,35280,35280,23.3
1969-08-19,,35060,35060,23.2
1969-08-20,,34840,34840,23.1
1969-08-21,,34400,34400,22.8
1969-08-22,,34190,34190,22.6
1969-08-23,,33980,33980,22.5
1969-08-24,,33770,33770,22.3
1969-08-25,,33560,33560,22.2
1969-08-26,,33350,33350,22.1
1969-08-27,,33140,33140,21.9
1969-08-28,,32930,32930,21.8
1969-08-29,,32720,32720,21.7
1969-08-30,,32300,32300,21.4
1969-08-31,,32720,32720,21.7
1969-09-01,,33980,33980,22.5
1969-09-02,,33770,33770,22.3
1969-09-03,,33560,33560,22.2
1969-09-04,,33350,33350,22.1
1969-09-05,,33140,33140,21.9
1969-09-06,,32720,32720,21.7
1969-09-07,,32510,32510,21.5
1969-09-08,,32300,32300,21.4
1969-09-09,,32100,32100,21.2
1969-09-10,,31900,31900,21.1
1969-09-11,,31500,31500,20.8
1969-09-12,,31500,31500,20.8
1969-09-13,,31300,31300,20.7
1969-09-14,,31100,31100,20.6
1969-09-15,,30900,30900,20.4
1969-09-16,,30700,30700,20.3
1969-09-17,,30500,30500,20.2
1969-09-18,,30300,30300,20.1
1969-09-19,,30110,30110,19.9
1969-09-20,,29920,29920,19.8
1969-09-21,,29730,29730,19.7
1969-09-22,,33980,33980,22.5
1969-09-23,,36380,36380,24.1
1969-09-24,,37080,37080,24.5
1969-09-25,,37080,37080,24.5
1969-09-26,,37800,37800,25.0
1969-09-27,,37800,37800,25.0
1969-09-28,,37800,37800,25.0
1969-09-29,,37560,37560,24.9
1969-09-30,,37320,37320,24.7
1969-10-01,,37080,37080,24.5
1969-10-02,,37080,37080,24.5
1969-10-03,,36600,36600,24.2
1969-10-04,,36380,36380,24.1
1969-10-05,,36380,36380,24.1
1969-10-06,,36380,36380,24.1
1969-10-07,,36840,36840,24.4
1969-10-08,,36840,36840,24.4
1969-10-09,,36840,36840,24.4
1969-10-10,,36840,36840,24.4
1969-10-11,,36840,36840,24.4
1969-10-12,,36840,36840,24.4
1969-10-13,,36840,36840,24.4
1969-10-14,,36840,36840,24.4
1969-10-15,,36840,36840,24.4
1969-10-16,,36840,36840,24.4
1969-10-17,,36840,36840,24.4
1969-10-18,,36840,36840,24.4
1969-10-19,,36840,36840,24.4
1969-10-20,,40000,40000,26.5
1969-10-21,,46400,46400,30.7
1969-10-22,,77300,77300,51.2
1969-10-23,,84950,84950,56.2
1969-10-24,,85850,85850,56.8
1969-10-25,,86300,86300,57.1
1969-10-26,,86300,86300,57.1
1969-10-27,,88550,88550,58.6
1969-10-28,,89500,89500,59.2
1969-10-29,,90000,90000,59.6
1969-10-30,,91000,91000,60.2
1969-10-31,,91500,91500,60.6
1969-11-01,,92000,92000,60.9
1969-11-02,,93000,93000,61.5
1969-11-03,,93500,93500,61.9
1969-11-04,,93500,93500,61.9
1969-11-05,,94000,94000,62.2
1969-11-06,,94000,94000,62.2
1969-11-07,,94500,94500,62.5
1969-11-08,,94500,94500,62.5
1969-11-09,,94500,94500,62.5
1969-11-10,,95000,95000,62.9
1969-11-11,,95000,95000,62.9
1969-11-12,,95000,95000,62.9
1969-11-13,,95500,95500,63.2
1969-11-14,,95500,95500,63.2
1969-11-15,,95500,95500,63.2
1969-11-16,,95500,95500,63.2
1969-11-17,,95500,95500,63.2
1969-11-18,,95500,95500,63.2
1969-11-19,,95500,95500,63.2
1969-11-20,,95500,95500,63.2
1969-11-21,,96000,96000,63.5
1969-11-22,,96000,96000,63.5
1969-11-23,,96000,96000,63.5
1969-11-24,,96000,96000,63.5
1969-11-25,,96000,96000,63.5
1969-11-26,,96000,96000,63.5
1969-11-27,,96000,96000,63.5
1969-11-28,,96500,96500,63.9
1969-11-29,,96500,96500,63.9
1969-11-30,,96500,96500,63.9
1969-12-01,,96500,96500,63.9
1969-12-02,,97000,97000,64.2
1969-12-03,,97000,97000,64.2
1969-12-04,,97000,97000,64.2
1969-12-05,,97000,97000,64.2
1969-12-06,,97500,97500,64.5
1969-12-07,,97500,97500,64.5
1969-12-08,,97500,97500,64.5
1969-12-09,,97500,97500,64.5
1969-12-10,,97500,97500,64.5
1969-12-11,,97500,97500,64.5
1969-12-12,,98000,98000,64.9
1969-12-13,,98000,98000,64.9
1969-12-14,,98000,98000,64.9
1969-12-15,,98000,98000,64.9
1969-12-16,,98000,98000,64.9
1969-12-17,,98000,98000,64.9
1969-12-18,,98500,98500,65.2
1969-12-19,,98500,98500,65.2
1969-12-20,,99000,99000,65.5
1969-12-21,,99000,99000,65.5
1969-12-22,,99000,99000,65.5
1969-12-23,,99000,99000,65.5
1969-12-24,,99000,99000,65.5
1969-12-25,,99000,99000,65.5
1969-12-26,,99500,99500,65.8
1969-12-27,,99500,99500,65.8
1969-12-28,,99500,99500,65.8
1969-12-29,,99500,99500,65.8
1969-12-30,,99500,99500,65.8
1969-12-31,,99500,99500,65.8
1970-01-01,,99500,99500,65.8
1970-01-02,,100000,100000,66.2
1970-01-03,,100000,100000,66.2
1970-01-04,,100000,100000,66.2
1970-01-05,,100000,100000,66.2
1970-01-06,,100500,100500,66.5
1970-01-07,,100500,100500,66.5
1970-01-08,,100500,100500,66.5
1970-01-09,,100500,100500,66.5
1970-01-10,,100500,100500,66.5
1970-01-11,,101000,101000,66.8
1970-01-12,,101000,101000,66.8
1970-01-13,,101000,101000,66.8
1970-01-14,,101000,101000,66.8
1970-01-15,,101500,101500,67.2
1970-01-16,,101500,101500,67.2
1970-01-17,,101500,101500,67.2
1970-01-18,,101500,101500,67.2
1970-01-19,,102000,102000,67.5
1970-01-20,,102000,102000,67.5
1970-01-21,,102000,102000,67.5
1970-01-22,,102000,102000,67.5
1970-01-23,,102000,102000,67.5
1970-01-24,,102500,102500,67.8
1970-01-25,,102500,102500,67.8
1970-01-26,,102500,102500,67.8
1970-01-27,,102500,102500,67.8
1970-01-28,,102500,102500,67.8
1970-01-29,,103000,103000,68.2
1970-01-30,,103000,103000,68.2
1970-01-31,,103000,103000,68.2
1970-02-01,,103000,103000,68.2
1970-02-02,,103000,103000,68.2
1970-02-03,,103000,103000,68.2
1970-02-04,,103000,103000,68.2
1970-02-05,,103000,103000,68.2
1970-02-06,,103500,103500,68.5
1970-02-07,,103500,103500,68.5
1970-02-08,,103500,103500,68.5
1970-02-09,,103500,103500,68.5
1970-02-10,,103500,103500,68.5
1970-02-11,,103500,103500,68.5
1970-02-12,,103500,103500,68.5
1970-02-13,,103500,103500,68.5
1970-02-14,,104000,104000,68.8
1970-02-15,,104000,104000,68.8
1970-02-16,,104000,104000,68.8
1970-02-17,,104000,104000,68.8
1970-02-18,,104000,104000,68.8
1970-02-19,,103000,103000,68.2
1970-02-20,,102500,102500,67.8
1970-02-21,,102500,102500,67.8
1970-02-22,,102500,102500,67.8
1970-02-23,,102500,102500,67.8
1970-02-24,,102500,102500,67.8
1970-02-25,,102500,102500,67.8
1970-02-26,,102500,102500,67.8
1970-02-27,,103000,103000,68.2
1970-02-28,,103000,103000,68.2
1970-03-01,,103000,103000,68.2
1970-03-02,,103000,103000,68.2
1970-03-03,,103000,103000,68.2
1970-03-04,,103000,103000,68.2
1970-03-05,,103000,103000,68.2
1970-03-06,,103500,103500,68.5
1970-03-07,,103500,103500,68.5
1970-03-08,,104000,104000,68.8
1970-03-09,,104000,104000,68.8
1970-03-10,,104000,104000,68.8
1970-03-11,,104600,104600,69.2
1970-03-12,,104600,104600,69.2
1970-03-13,,104600,104600,69.2
1970-03-14,,104600,104600,69.2
1970-03-15,,105100,105100,69.6
1970-03-16,,105100,105100,69.6
1970-03-17,,105100,105100,69.6
1970-03-18,,105100,105100,69.6
1970-03-19,,105100,105100,69.6
1970-03-20,,105600,105600,69.9
1970-03-21,,105600,105600,69.9
1970-03-22,,105600,105600,69.9
1970-03-23,,105600,105600,69.9
1970-03-24,,105600,105600,69.9
1970-03-25,,105600,105600,69.9
1970-03-26,,105600,105600,69.9
1970-03-27,,105600,105600,69.9
1970-03-28,,105600,105600,69.9
1970-03-29,,105100,105100,69.6
1970-03-30,,105100,105100,69.6
1970-03-31,,104600,104600,69.2
1970-04-01,,104600,104600,69.2
1970-04-02,,104000,104000,68.8
1970-04-03,,104000,104000,68.8
1970-04-04,,103500,103500,68.5
1970-04-05,,103500,103500,68.5
1970-04-06,,103000,103000,68.2
1970-04-07,,103000,103000,68.2
1970-04-08,,102500,102500,67.8
1970-04-09,,102500,102500,67.8
1970-04-10,,102500,102500,67.8
1970-04-11,,102000,102000,67.5
1970-04-12,,102000,102000,67.5
1970-04-13,,102000,102000,67.5
1970-04-14,,101500,101500,67.2
1970-04-15,,101500,101500,67.2
1970-04-16,,101000,101000,66.8
1970-04-17,,101000,101000,66.8
1970-04-18,,101000,101000,66.8
1970-04-19,,100500,100500,66.5
1970-04-20,,100500,100500,66.5
1970-04-21,,100500,100500,66.5
1970-04-22,,100000,100000,66.2
1970-04-23,,100000,100000,66.2
1970-04-24,,100000,100000,66.2
1970-04-25,,100000,100000,66.2
1970-04-26,,100000,100000,66.2
1970-04-27,,99500,99500,65.8
1970-04-28,,99500,99500,65.8
1970-04-29,,99500,99500,65.8
1970-04-30,,99000,99000,65.5
1970-05-01,,99000,99000,65.5
1970-05-02,,99000,99000,65.5
1970-05-03,,98500,98500,65.2
1970-05-04,,98500,98500,65.2
1970-05-05,,98500,98500,65.2
1970-05-06,,98000,98000,64.9
1970-05-07,,98000,98000,64.9
1970-05-08,,97500,97500,64.5
1970-05-09,,96500,96500,63.9
1970-05-10,,95500,95500,63.2
1970-05-11,,94500,94500,62.5
1970-05-12,,93500,93500,61.9
1970-05-13,,93500,93500,61.9
1970-05-14,,93000,93000,61.5
1970-05-15,,93000,93000,61.5
1970-05-16,,92500,92500,61.2
1970-05-17,,92000,92000,60.9
1970-05-18,,91500,91500,60.6
1970-05-19,,91000,91000,60.2
1970-05-20,,90500,90500,59.9
1970-05-21,,90000,90000,59.6
1970-05-22,,90000,90000,59.6
1970-05-23,,89500,89500,59.2
1970-05-24,,89000,89000,58.9
1970-05-25,,88550,88550,58.6
1970-05-26,,88550,88550,58.6
1970-05-27,,88100,88100,58.3
1970-05-28,,88100,88100,58.3
1970-05-29,,88100,88100,58.3
1970-05-30,,87650,87650,58.0
1970-05-31,,87650,87650,58.0
1970-06-01,,87200,87200,57.7
1970-06-02,,86700,86700,57.4
1970-06-03,,86300,86300,57.1
1970-06-04,,86300,86300,57.1
1970-06-05,,86300,86300,57.1
1970-06-06,,85850,85850,56.8
1970-06-07,,85850,85850,56.8
1970-06-08,,85850,85850,56.8
1970-06-09,,85850,85850,56.8
1970-06-10,,85850,85850,56.8
1970-06-11,,85400,85400,56.5
1970-06-12,,84950,84950,56.2
1970-06-13,,84950,84950,56.2
1970-06-14,,84500,84500,55.9
1970-06-15,,84500,84500,55.9
1970-06-16,,84500,84500,55.9
1970-06-17,,84050,84050,55.6
1970-06-18,,84050,84050,55.6
1970-06-19,,83600,83600,55.3
1970-06-20,,83600,83600,55.3
1970-06-21,,83150,83150,55.0
1970-06-22,,84500,84500,55.9
1970-06-23,,84950,84950,56.2
1970-06-24,,84950,84950,56.2
1970-06-25,,84950,84950,56.2
1970-06-26,,84950,84950,56.2
1970-06-27,,84950,84950,56.2
1970-06-28,,84500,84500,55.9
1970-06-29,,84050,84050,55.6
1970-06-30,,83600,83600,55.3
1970-07-01,,84950,84950,56.2
1970-07-02,,84500,84500,55.9
1970-07-03,,84500,84500,55.9
1970-07-04,,83150,83150,55.0
1970-07-05,,82700,82700,54.7
1970-07-06,,82700,82700,54.7
1970-07-07,,82250,82250,54.4
1970-07-08,,81800,81800,54.1
1970-07-09,,81350,81350,53.8
1970-07-10,,80900,80900,53.5
1970-07-11,,80450,80450,53.2
1970-07-12,,80000,80000,52.9
1970-07-13,,79100,79100,52.3
1970-07-14,,78650,78650,52.0
1970-07-15,,78200,78200,51.8
1970-07-16,,77750,77750,51.5
1970-07-17,,77300,77300,51.2
1970-07-18,,76850,76850,50.9
1970-07-19,,76850,76850,50.9
1970-07-20,,76400,76400,50.6
1970-07-21,,75950,75950,50.3
1970-07-22,,75500,75500,50.0
1970-07-23,,75500,75500,50.0
1970-07-24,,75500,75500,50.0
1970-07-25,,75500,75500,50.0
1970-07-26,,75100,75100,49.7
1970-07-27,,75100,75100,49.7
1970-07-28,,74700,74700,49.4
1970-07-29,,74700,74700,49.4
1970-07-30,,74700,74700,49.4
1970-07-31,,74300,74300,49.2
1970-08-01,,73900,73900,48.9
1970-08-02,,73500,73500,48.6
1970-08-03,,73100,73100,48.4
1970-08-04,,72700,72700,48.1
1970-08-05,,72300,72300,47.8
1970-08-06,,71900,71900,47.6
1970-08-07,,71900,71900,47.6
1970-08-08,,71500,71500,47.3
1970-08-09,,71200,71200,47.1
1970-08-10,,70900,70900,46.9
1970-08-11,,70700,70700,46.8
1970-08-12,,70300,70300,46.5
1970-08-13,,69900,69900,46.3
1970-08-14,,69500,69500,46.0
1970-08-15,,69600,69600,46.1
1970-08-16,,68700,68700,45.5
1970-08-17,,68300,68300,45.2
1970-08-18,,67900,67900,44.9
1970-08-19,,67500,67500,44.7
1970-08-20,,67100,67100,44.4
1970-08-21,,66800,66800,44.2
1970-08-22,,66500,66500,44.0
1970-08-23,,66300,66300,43.9
1970-08-24,,65900,65900,43.6
1970-08-25,,65500,65500,43.3
1970-08-26,,65500,65500,43.3
1970-08-27,,65100,65100,43.1
1970-08-28,,64700,64700,42.8
1970-08-29,,64300,64300,42.6
1970-08-30,,64300,64300,42.6
1970-08-31,,63900,63900,42.3
1970-09-01,,63500,63500,42.0
1970-09-02,,63500,63500,42.0
1970-09-03,,63500,63500,42.0
1970-09-04,,63500,63500,42.0
1970-09-05,,63150,63150,41.8
1970-09-06,,62800,62800,41.6
1970-09-07,,62450,62450,41.3
1970-09-08,,62100,62100,41.1
1970-09-09,,61750,61750,40.9
1970-09-10,,61200,61200,40.5
1970-09-11,,60700,60700,40.2
1970-09-12,,60350,60350,39.9
1970-09-13,,60000,60000,39.7
1970-09-14,,59650,59650,39.5
1970-09-15,,59300,59300,39.2
1970-09-16,,58950,58950,39.0
1970-09-17,,60350,60350,39.9
1970-09-18,,60700,60700,40.2
1970-09-19,,60700,60700,40.2
1970-09-20,,60350,60350,39.9
1970-09-21,,60000,60000,39.7
1970-09-22,,60000,60000,39.7
1970-09-23,,59300,59300,39.2
1970-09-24,,58950,58950,39.0
1970-09-25,,58950,58950,39.0
1970-09-26,,58600,58600,38.8
1970-09-27,,58250,58250,38.5
1970-09-28,,58250,58250,38.5
1970-09-29,,58250,58250,38.5
1970-09-30,,58250,58250,38.5
1970-10-01,,58250,58250,38.5
1970-10-02,,58600,58600,38.8
1970-10-03,,58600,58600,38.8
1970-10-04,,58600,58600,38.8
1970-10-05,,58600,58600,38.8
1970-10-06,,58600,58600,38.8
1970-10-07,,58600,58600,38.8
1970-10-08,,58600,58600,38.8
1970-10-09,,58600,58600,38.8
1970-10-10,,58600,58600,38.8
1970-10-11,,58600,58600,38.8
1970-10-12,,58600,58600,38.8
1970-10-13,,58600,58600,38.8
1970-10-14,,58600,58600,38.8
1970-10-15,,58600,58600,38.8
1970-10-16,,58600,58600,38.8
1970-10-17,,58950,58950,39.0
1970-10-18,,59300,59300,39.2
1970-10-19,,59300,59300,39.2
1970-10-20,,59300,59300,39.2
1970-10-21,,59300,59300,39.2
1970-10-22,,59650,59650,39.5
1970-10-23,,59650,59650,39.5
1970-10-24,,59650,59650,39.5
1970-10-25,,59650,59650,39.5
1970-10-26,,59650,59650,39.5
1970-10-27,,59650,59650,39.5
1970-10-28,,59650,59650,39.5
1970-10-29,,59650,59650,39.5
1970-10-30,,59650,59650,39.5
1970-10-31,,60000,60000,39.7
1970-11-01,,60000,60000,39.7
1970-11-02,,60000,60000,39.7
1970-11-03,,60000,60000,39.7
1970-11-04,,60000,60000,39.7
1970-11-05,,60000,60000,39.7
1970-11-06,,60000,60000,39.7
1970-11-07,,60000,60000,39.7
1970-11-08,,60000,60000,39.7
1970-11-09,,60000,60000,39.7
1970-11-10,,60000,60000,39.7
1970-11-11,,60000,60000,39.7
1970-11-12,,60350,60350,39.9
1970-11-13,,60350,60350,39.9
1970-11-14,,60350,60350,39.9
1970-11-15,,60350,60350,39.9
1970-11-16,,60350,60350,39.9
1970-11-17,,60350,60350,39.9
1970-11-18,,60350,60350,39.9
1970-11-19,,60700,60700,40.2
1970-11-20,,60700,60700,40.2
1970-11-21,,60700,60700,40.2
1970-11-22,,60700,60700,40.2
1970-11-23,,60700,60700,40.2
1970-11-24,,60700,60700,40.2
1970-11-25,,60700,60700,40.2
1970-11-26,,60700,60700,40.2
1970-11-27,,60700,60700,40.2
1970-11-28,,61050,61050,40.4
1970-11-29,,61050,61050,40.4
1970-11-30,,61050,61050,40.4
1970-12-01,,61050,61050,40.4
1970-12-02,,61400,61400,40.6
1970-12-03,,61400,61400,40.6
1970-12-04,,61400,61400,40.6
1970-12-05,,61400,61400,40.6
1970-12-06,,61400,61400,40.6
1970-12-07,,61400,61400,40.6
1970-12-08,,61750,61750,40.9
1970-12-09,,61750,61750,40.9
1970-12-10,,61750,61750,40.9
1970-12-11,,61750,61750,40.9
1970-12-12,,62100,62100,41.1
1970-12-13,,62100,62100,41.1
1970-12-14,,62100,62100,41.1
1970-12-15,,62100,62100,41.1
1970-12-16,,62100,62100,41.1
1970-12-17,,62100,62100,41.1
1970-12-18,,62100,62100,41.1
1970-12-19,,62100,62100,41.1
1970-12-20,,62450,62450,41.3
1970-12-21,,62450,62450,41.3
1970-12-22,,62450,62450,41.3
1970-12-23,,62450,62450,41.3
1970-12-24,,62800,62800,41.6
1970-12-25,,62800,62800,41.6
1970-12-26,,62800,62800,41.6
1970-12-27,,62800,62800,41.6
1970-12-28,,62800,62800,41.6
1970-12-29,,62800,62800,41.6
1970-12-30,,63150,63150,41.8
1970-12-31,,63150,63150,41.8
1971-01-01,,63150,63150,41.8
1971-01-02,,63150,63150,41.8
1971-01-03,,63150,63150,41.8
1971-01-04,,63500,63500,42.0
1971-01-05,,63500,63500,42.0
1971-01-06,,63500,63500,42.0
1971-01-07,,63500,63500,42.0
1971-01-08,,63500,63500,42.0
1971-01-09,,63900,63900,42.3
1971-01-10,,63900,63900,42.3
1971-01-11,,63900,63900,42.3
1971-01-12,,63900,63900,42.3
1971-01-13,,63900,63900,42.3
1971-01-14,,64300,64300,42.6
1971-01-15,,64300,64300,42.6
1971-01-16,,64300,64300,42.6
1971-01-17,,64300,64300,42.6
1971-01-18,,64700,64700,42.8
1971-01-19,,64700,64700,42.8
1971-01-20,,64700,64700,42.8
1971-01-21,,64700,64700,42.8
1971-01-22,,65100,65100,43.1
1971-01-23,,65100,65100,43.1
1971-01-24,,65100,65100,43.1
1971-01-25,,65100,65100,43.1
1971-01-26,,65100,65100,43.1
1971-01-27,,65100,65100,43.1
1971-01-28,,65100,65100,43.1
1971-01-29,,65100,65100,43.1
1971-01-30,,65100,65100,43.1
1971-01-31,,65100,65100,43.1
1971-02-01,,65100,65100,43.1
1971-02-02,,65100,65100,43.1
1971-02-03,,65100,65100,43.1
1971-02-04,,65100,65100,43.1
1971-02-05,,65500,65500,43.3
1971-02-06,,65100,65100,43.1
1971-02-07,,65100,65100,43.1
1971-02-08,,65100,65100,43.1
1971-02-09,,65100,65100,43.1
1971-02-10,,65100,65100,43.1
1971-02-11,,65100,65100,43.1
1971-02-12,,65100,65100,43.1
1971-02-13,,65100,65100,43.1
1971-02-14,,65100,65100,43.1
1971-02-15,,65100,65100,43.1
1971-02-16,,65100,65100,43.1
1971-02-17,,65100,65100,43.1
1971-02-18,,65100,65100,43.1
1971-02-19,,65100,65100,43.1
1971-02-20,,65100,65100,43.1
1971-02-21,,65100,65100,43.1
1971-02-22,,65100,65100,43.1
1971-02-23,,65100,65100,43.1
1971-02-24,,65100,65100,43.1
1971-02-25,,65100,65100,43.1
1971-02-26,,65100,65100,43.1
1971-02-27,,65100,65100,43.1
1971-02-28,,65100,65100,43.1
1971-03-01,,65100,65100,43.1
1971-03-02,,65100,65100,43.1
1971-03-03,,65100,65100,43.1
1971-03-04,,65100,65100,43.1
1971-03-05,,65100,65100,43.1
1971-03-06,,65100,65100,43.1
1971-03-07,,65100,65100,43.1
1971-03-08,,65100,65100,43.1
1971-03-09,,65100,65100,43.1
1971-03-10,,65100,65100,43.1
1971-03-11,,65100,65100,43.1
1971-03-12,,65100,65100,43.1
1971-03-13,,65100,65100,43.1
1971-03-14,,65100,65100,43.1
1971-03-15,,65100,65100,43.1
1971-03-16,,65100,65100,43.1
1971-03-17,,65100,65100,43.1
1971-03-18,,65100,65100,43.1
1971-03-19,,65100,65100,43.1
1971-03-20,,65100,65100,43.1
1971-03-21,,65100,65100,43.1
1971-03-22,,65100,65100,43.1
1971-03-23,,65100,65100,43.1
1971-03-24,,65100,65100,43.1
1971-03-25,,65100,65100,43.1
1971-03-26,,65100,65100,43.1
1971-03-27,,65100,65100,43.1
1971-03-28,,65100,65100,43.1
1971-03-29,,65100,65100,43.1
1971-03-30,,65100,65100,43.1
1971-03-31,,65100,65100,43.1
1971-04-01,,65100,65100,43.1
1971-04-02,,64300,64300,42.6
1971-04-03,,63150,63150,41.8
1971-04-04,,62800,62800,41.6
1971-04-05,,62450,62450,41.3
1971-04-06,,62100,62100,41.1
1971-04-07,,62100,62100,41.1
1971-04-08,,61750,61750,40.9
1971-04-09,,61400,61400,40.6
1971-04-10,,61050,61050,40.4
1971-04-11,,60700,60700,40.2
1971-04-12,,60700,60700,40.2
1971-04-13,,60350,60350,39.9
1971-04-14,,60000,60000,39.7
1971-04-15,,59650,59650,39.5
1971-04-16,,59300,59300,39.2
1971-04-17,,59300,59300,39.2
1971-04-18,,58600,58600,38.8
1971-04-19,,58250,58250,38.5
1971-04-20,,57900,57900,38.3
1971-04-21,,57550,57550,38.1
1971-04-22,,57550,57550,38.1
1971-04-23,,57200,57200,37.9
1971-04-24,,57200,57200,37.9
1971-04-25,,56850,56850,37.6
1971-04-26,,56850,56850,37.6
1971-04-27,,56850,56850,37.6
1971-04-28,,56500,56500,37.4
1971-04-29,,56500,56500,37.4
1971-04-30,,56150,56150,37.2
1971-05-01,,56150,56150,37.2
1971-05-02,,55800,55800,36.9
1971-05-03,,55100,55100,36.5
1971-05-04,,54400,54400,36.0
1971-05-05,,53700,53700,35.5
1971-05-06,,52700,52700,34.9
1971-05-07,,52100,52100,34.5
1971-05-08,,51800,51800,34.3
1971-05-09,,51500,51500,34.1
1971-05-10,,50600,50600,33.5
1971-05-11,,50000,50000,33.1
1971-05-12,,49400,49400,32.7
1971-05-13,,48800,48800,32.3
1971-05-14,,48200,48200,31.9
1971-05-15,,47600,47600,31.5
1971-05-16,,47000,47000,31.1
1971-05-17,,46400,46400,30.7
1971-05-18,,46100,46100,30.5
1971-05-19,,45800,45800,30.3
1971-05-20,,45800,45800,30.3
1971-05-21,,45800,45800,30.3
1971-05-22,,45500,45500,30.1
1971-05-23,,45500,45500,30.1
1971-05-24,,45200,45200,29.9
1971-05-25,,45200,45200,29.9
1971-05-26,,44900,44900,29.7
1971-05-27,,44600,44600,29.5
1971-05-28,,44300,44300,29.3
1971-05-29,,44000,44000,29.1
1971-05-30,,43750,43750,29.0
1971-05-31,,43500,43500,28.8
1971-06-01,,43000,43000,28.5
1971-06-02,,42750,42750,28.3
1971-06-03,,42500,42500,28.1
1971-06-04,,42000,42000,27.8
1971-06-05,,41750,41750,27.6
1971-06-06,,41500,41500,27.5
1971-06-07,,41000,41000,27.1
1971-06-08,,40750,40750,27.0
1971-06-09,,40500,40500,26.8
1971-06-10,,40250,40250,26.6
1971-06-11,,40000,40000,26.5
1971-06-12,,40000,40000,26.5
1971-06-13,,40000,40000,26.5
1971-06-14,,40000,40000,26.5
1971-06-15,,39750,39750,26.3
1971-06-16,,39750,39750,26.3
1971-06-17,,39750,39750,26.3
1971-06-18,,39500,39500,26.1
1971-06-19,,39750,39750,26.3
1971-06-20,,39750,39750,26.3
1971-06-21,,39500,39500,26.1
1971-06-22,,39500,39500,26.1
1971-06-23,,39500,39500,26.1
1971-06-24,,39250,39250,26.0
1971-06-25,,39250,39250,26.0
1971-06-26,,39250,39250,26.0
1971-06-27,,39000,39000,25.8
1971-06-28,,39000,39000,25.8
1971-06-29,,38760,38760,25.7
1971-06-30,,38520,38520,25.5
1971-07-01,,38520,38520,25.5
1971-07-02,,38280,38280,25.3
1971-07-03,,38280,38280,25.3
1971-07-04,,38040,38040,25.2
1971-07-05,,38040,38040,25.2
1971-07-06,,37800,37800,25.0
1971-07-07,,37800,37800,25.0
1971-07-08,,37560,37560,24.9
1971-07-09,,37080,37080,24.5
1971-07-10,,36840,36840,24.4
1971-07-11,,36380,36380,24.1
1971-07-12,,36160,36160,23.9
1971-07-13,,35720,35720,23.6
1971-07-14,,35500,35500,23.5
1971-07-15,,35060,35060,23.2
1971-07-16,,34620,34620,22.9
1971-07-17,,34400,34400,22.8
1971-07-18,,33980,33980,22.5
1971-07-19,,33770,33770,22.3
1971-07-20,,33350,33350,22.1
1971-07-21,,32930,32930,21.8
1971-07-22,,32720,32720,21.7
1971-07-23,,32510,32510,21.5
1971-07-24,,32300,32300,21.4
1971-07-25,,31900,31900,21.1
1971-07-26,,31700,31700,21.0
1971-07-27,,31500,31500,20.8
1971-07-28,,31300,31300,20.7
1971-07-29,,31100,31100,20.6
1971-07-30,,31700,31700,21.0
1971-07-31,,31900,31900,21.1
1971-08-01,,33980,33980,22.5
1971-08-02,,36160,36160,23.9
1971-08-03,,36380,36380,24.1
1971-08-04,,36600,36600,24.2
1971-08-05,,36600,36600,24.2
1971-08-06,,36600,36600,24.2
1971-08-07,,36840,36840,24.4
1971-08-08,,36840,36840,24.4
1971-08-09,,36840,36840,24.4
1971-08-10,,36840,36840,24.4
1971-08-11,,36840,36840,24.4
1971-08-12,,37080,37080,24.5
1971-08-13,,37080,37080,24.5
1971-08-14,,37080,37080,24.5
1971-08-15,,37320,37320,24.7
1971-08-16,,38280,38280,25.3
1971-08-17,,40500,40500,26.8
1971-08-18,,41000,41000,27.1
1971-08-19,,41250,41250,27.3
1971-08-20,,41250,41250,27.3
1971-08-21,,41250,41250,27.3
1971-08-22,,41250,41250,27.3
1971-08-23,,41250,41250,27.3
1971-08-24,,41250,41250,27.3
1971-08-25,,41500,41500,27.5
1971-08-26,,41500,41500,27.5
1971-08-27,,42000,42000,27.8
1971-08-28,,42250,42250,28.0
1971-08-29,,42250,42250,28.0
1971-08-30,,42250,42250,28.0
1971-08-31,,41500,41500,27.5
1971-09-01,,41000,41000,27.1
1971-09-02,,40750,40750,27.0
1971-09-03,,40750,40750,27.0
1971-09-04,,40500,40500,26.8
1971-09-05,,40250,40250,26.6
1971-09-06,,40250,40250,26.6
1971-09-07,,40000,40000,26.5
1971-09-08,,39750,39750,26.3
1971-09-09,,39500,39500,26.1
1971-09-10,,39250,39250,26.0
1971-09-11,,38760,38760,25.7
1971-09-12,,38520,38520,25.5
1971-09-13,,38280,38280,25.3
1971-09-14,,38040,38040,25.2
1971-09-15,,37800,37800,25.0
1971-09-16,,37560,37560,24.9
1971-09-17,,37320,37320,24.7
1971-09-18,,37080,37080,24.5
1971-09-19,,37080,37080,24.5
1971-09-20,,36840,36840,24.4
1971-09-21,,36600,36600,24.2
1971-09-22,,36380,36380,24.1
1971-09-23,,39500,39500,26.1
1971-09-24,,41000,41000,27.1
1971-09-25,,41750,41750,27.6
1971-09-26,,42000,42000,27.8
1971-09-27,,42000,42000,27.8
1971-09-28,,42000,42000,27.8
1971-09-29,,42000,42000,27.8
1971-09-30,,41750,41750,27.6
1971-10-01,,41750,41750,27.6
1971-10-02,,41750,41750,27.6
1971-10-03,,41500,41500,27.5
1971-10-04,,41500,41500,27.5
1971-10-05,,41250,41250,27.3
1971-10-06,,41250,41250,27.3
1971-10-07,,41000,41000,27.1
1971-10-08,,41000,41000,27.1
1971-10-09,,40750,40750,27.0
1971-10-10,,41750,41750,27.6
1971-10-11,,41750,41750,27.6
1971-10-12,,41750,41750,27.6
1971-10-13,,41750,41750,27.6
1971-10-14,,41750,41750,27.6
1971-10-15,,42000,42000,27.8
1971-10-16,,42000,42000,27.8
1971-10-17,,42000,42000,27.8
1971-10-18,,42000,42000,27.8
1971-10-19,,42000,42000,27.8
1971-10-20,,41750,41750,27.6
1971-10-21,,41750,41750,27.6
1971-10-22,,41750,41750,27.6
1971-10-23,,41750,41750,27.6
1971-10-24,,41750,41750,27.6
1971-10-25,,41750,41750,27.6
1971-10-26,,41750,41750,27.6
1971-10-27,,41750,41750,27.6
1971-10-28,,41750,41750,27.6
1971-10-29,,41750,41750,27.6
1971-10-30,,41750,41750,27.6
1971-10-31,,42000,42000,27.8
1971-11-01,,42000,42000,27.8
1971-11-02,,42000,42000,27.8
1971-11-03,,42000,42000,27.8
1971-11-04,,42000,42000,27.8
1971-11-05,,42000,42000,27.8
1971-11-06,,42000,42000,27.8
1971-11-07,,42000,42000,27.8
1971-11-08,,41750,41750,27.6
1971-11-09,,42000,42000,27.8
1971-11-10,,42000,42000,27.8
1971-11-11,,42000,42000,27.8
1971-11-12,,42000,42000,27.8
1971-11-13,,42000,42000,27.8
1971-11-14,,42000,42000,27.8
1971-11-15,,42000,42000,27.8
1971-11-16,,42000,42000,27.8
1971-11-17,,42000,42000,27.8
1971-11-18,,42000,42000,27.8
1971-11-19,,42000,42000,27.8
1971-11-20,,42000,42000,27.8
1971-11-21,,42000,42000,27.8
1971-11-22,,42000,42000,27.8
1971-11-23,,42000,42000,27.8
1971-11-24,,42000,42000,27.8
1971-11-25,,42000,42000,27.8
1971-11-26,,42250,42250,28.0
1971-11-27,,42250,42250,28.0
1971-11-28,,42250,42250,28.0
1971-11-29,,42250,42250,28.0
1971-11-30,,42250,42250,28.0
1971-12-01,,42250,42250,28.0
1971-12-02,,42250,42250,28.0
1971-12-03,,42250,42250,28.0
1971-12-04,,42250,42250,28.0
1971-12-05,,42500,42500,28.1
1971-12-06,,42500,42500,28.1
1971-12-07,,42500,42500,28.1
1971-12-08,,42500,42500,28.1
1971-12-09,,42500,42500,28.1
1971-12-10,,42500,42500,28.1
1971-12-11,,42750,42750,28.3
1971-12-12,,42750,42750,28.3
1971-12-13,,42750,42750,28.3
1971-12-14,,42750,42750,28.3
1971-12-15,,42750,42750,28.3
1971-12-16,,43000,43000,28.5
1971-12-17,,43000,43000,28.5
1971-12-18,,43000,43000,28.5
1971-12-19,,43000,43000,28.5
1971-12-20,,43000,43000,28.5
1971-12-21,,43250,43250,28.6
1971-12-22,,43250,43250,28.6
1971-12-23,,43250,43250,28.6
1971-12-24,,43250,43250,28.6
1971-12-25,,43500,43500,28.8
1971-12-26,,43500,43500,28.8
1971-12-27,,43500,43500,28.8
1971-12-28,,43500,43500,28.8
1971-12-29,,43750,43750,29.0
1971-12-30,,43750,43750,29.0
1971-12-31,,43750,43750,29.0
1972-01-01,,43750,43750,29.0
1972-01-02,,43750,43750,29.0
1972-01-03,,43750,43750,29.0
1972-01-04,,44000,44000,29.1
1972-01-05,,44000,44000,29.1
1972-01-06,,44000,44000,29.1
1972-01-07,,44000,44000,29.1
1972-01-08,,44000,44000,29.1
1972-01-09,,44300,44300,29.3
1972-01-10,,44300,44300,29.3
1972-01-11,,44300,44300,29.3
1972-01-12,,44300,44300,29.3
1972-01-13,,44300,44300,29.3
1972-01-14,,44300,44300,29.3
1972-01-15,,44600,44600,29.5
1972-01-16,,44600,44600,29.5
1972-01-17,,44600,44600,29.5
1972-01-18,,44600,44600,29.5
1972-01-19,,44600,44600,29.5
1972-01-20,,44600,44600,29.5
1972-01-21,,44600,44600,29.5
1972-01-22,,44900,44900,29.7
1972-01-23,,44900,44900,29.7
1972-01-24,,44900,44900,29.7
1972-01-25,,44900,44900,29.7
1972-01-26,,44900,44900,29.7
1972-01-27,,44900,44900,29.7
1972-01-28,,44900,44900,29.7
1972-01-29,,44900,44900,29.7
1972-01-30,,45200,45200,29.9
1972-01-31,,45200,45200,29.9
1972-02-01,,45200,45200,29.9
1972-02-02,,45200,45200,29.9
1972-02-03,,45200,45200,29.9
1972-02-04,,45200,45200,29.9
1972-02-05,,45200,45200,29.9
1972-02-06,,45200,45200,29.9
1972-02-07,,45200,45200,29.9
1972-02-08,,45200,45200,29.9
1972-02-09,,45500,45500,30.1
1972-02-10,,45500,45500,30.1
1972-02-11,,45500,45500,30.1
1972-02-12,,45500,45500,30.1
1972-02-13,,45500,45500,30.1
1972-02-14,,45500,45500,30.1
1972-02-15,,45500,45500,30.1
1972-02-16,,45500,45500,30.1
1972-02-17,,45500,45500,30.1
1972-02-18,,45500,45500,30.1
1972-02-19,,45500,45500,30.1
1972-02-20,,45500,45500,30.1
1972-02-21,,45500,45500,30.1
1972-02-22,,45500,45500,30.1
1972-02-23,,45800,45800,30.3
1972-02-24,,45800,45800,30.3
1972-02-25,,45500,45500,30.1
1972-02-26,,45500,45500,30.1
1972-02-27,,45500,45500,30.1
1972-02-28,,45500,45500,30.1
1972-02-29,,45500,45500,30.1
1972-03-01,,45500,45500,30.1
1972-03-02,,45500,45500,30.1
1972-03-03,,45500,45500,30.1
1972-03-04,,45500,45500,30.1
1972-03-05,,45500,45500,30.1
1972-03-06,,45500,45500,30.1
1972-03-07,,45500,45500,30.1
1972-03-08,,45500,45500,30.1
1972-03-09,,45500,45500,30.1
1972-03-10,,45500,45500,30.1
1972-03-11,,45800,45800,30.3
1972-03-12,,45800,45800,30.3
1972-03-13,,45800,45800,30.3
1972-03-14,,45800,45800,30.3
1972-03-15,,45800,45800,30.3
1972-03-16,,45800,45800,30.3
1972-03-17,,45800,45800,30.3
1972-03-18,,45800,45800,30.3
1972-03-19,,45800,45800,30.3
1972-03-20,,45500,45500,30.1
1972-03-21,,45500,45500,30.1
1972-03-22,,45500,45500,30.1
1972-03-23,,45500,45500,30.1
1972-03-24,,45500,45500,30.1
1972-03-25,,45500,45500,30.1
1972-03-26,,45500,45500,30.1
1972-03-27,,45500,45500,30.1
1972-03-28,,45500,45500,30.1
1972-03-29,,45500,45500,30.1
1972-03-30,,45500,45500,30.1
1972-03-31,,45200,45200,29.9
1972-04-01,,45200,45200,29.9
1972-04-02,,45200,45200,29.9
1972-04-03,,45200,45200,29.9
1972-04-04,,45200,45200,29.9
1972-04-05,,45200,45200,29.9
1972-04-06,,45200,45200,29.9
1972-04-07,,45200,45200,29.9
1972-04-08,,45200,45200,29.9
1972-04-09,,45200,45200,29.9
1972-04-10,,45200,45200,29.9
1972-04-11,,45200,45200,29.9
1972-04-12,,45200,45200,29.9
1972-04-13,,45200,45200,29.9
1972-04-14,,44300,44300,29.3
1972-04-15,,43500,43500,28.8
1972-04-16,,42750,42750,28.3
1972-04-17,,42250,42250,28.0
1972-04-18,,42000,42000,27.8
1972-04-19,,41500,41500,27.5
1972-04-20,,41000,41000,27.1
1972-04-21,,40500,40500,26.8
1972-04-22,,40000,40000,26.5
1972-04-23,,39500,39500,26.1
1972-04-24,,39000,39000,25.8
1972-04-25,,38520,38520,25.5
1972-04-26,,38040,38040,25.2
1972-04-27,,37320,37320,24.7
1972-04-28,,36600,36600,24.2
1972-04-29,,35720,35720,23.6
1972-04-30,,35720,35720,23.6
1972-05-01,,35280,35280,23.3
1972-05-02,,34840,34840,23.1
1972-05-03,,34400,34400,22.8
1972-05-04,,34400,34400,22.8
1972-05-05,,34190,34190,22.6
1972-05-06,,34190,34190,22.6
1972-05-07,,34190,34190,22.6
1972-05-08,,33980,33980,22.5
1972-05-09,,33980,33980,22.5
1972-05-10,,33980,33980,22.5
1972-05-11,,33980,33980,22.5
1972-05-12,,33980,33980,22.5
1972-05-13,,33980,33980,22.5
1972-05-14,,33770,33770,22.3
1972-05-15,,33770,33770,22.3
1972-05-16,,33770,33770,22.3
1972-05-17,,33770,33770,22.3
1972-05-18,,33560,33560,22.2
1972-05-19,,33560,33560,22.2
1972-05-20,,33350,33350,22.1
1972-05-21,,34400,34400,22.8
1972-05-22,,34190,34190,22.6
1972-05-23,,34190,34190,22.6
1972-05-24,,33980,33980,22.5
1972-05-25,,33980,33980,22.5
1972-05-26,,33770,33770,22.3
1972-05-27,,33770,33770,22.3
1972-05-28,,33770,33770,22.3
1972-05-29,,33560,33560,22.2
1972-05-30,,33560,33560,22.2
1972-05-31,,33350,33350,22.1
1972-06-01,,33350,33350,22.1
1972-06-02,,33140,33140,21.9
1972-06-03,,33140,33140,21.9
1972-06-04,,32930,32930,21.8
1972-06-05,,32930,32930,21.8
1972-06-06,,32720,32720,21.7
1972-06-07,,32720,32720,21.7
1972-06-08,,32510,32510,21.5
1972-06-09,,32510,32510,21.5
1972-06-10,,32300,32300,21.4
1972-06-11,,32930,32930,21.8
1972-06-12,,32720,32720,21.7
1972-06-13,,32720,32720,21.7
1972-06-14,,32510,32510,21.5
1972-06-15,,32510,32510,21.5
1972-06-16,,32300,32300,21.4
1972-06-17,,32510,32510,21.5
1972-06-18,,32510,32510,21.5
1972-06-19,,32510,32510,21.5
1972-06-20,,32300,32300,21.4
1972-06-21,,32300,32300,21.4
1972-06-22,,32300,32300,21.4
1972-06-23,,32100,32100,21.2
1972-06-24,,32100,32100,21.2
1972-06-25,,32100,32100,21.2
1972-06-26,,31900,31900,21.1
1972-06-27,,31700,31700,21.0
1972-06-28,,31500,31500,20.8
1972-06-29,,31500,31500,20.8
1972-06-30,,31300,31300,20.7
1972-07-01,,31300,31300,20.7
1972-07-02,,31100,31100,20.6
1972-07-03,,31100,31100,20.6
1972-07-04,,30900,30900,20.4
1972-07-05,,30700,30700,20.3
1972-07-06,,30700,30700,20.3
1972-07-07,,30500,30500,20.2
1972-07-08,,30300,30300,20.1
1972-07-09,,29920,29920,19.8
1972-07-10,,29730,29730,19.7
1972-07-11,,29540,29540,19.5
1972-07-12,,29350,29350,19.4
1972-07-13,,29160,29160,19.3
1972-07-14,,28780,28780,19.0
1972-07-15,,28400,28400,18.8
1972-07-16,,28220,28220,18.7
1972-07-17,,28040,28040,18.6
1972-07-18,,27860,27860,18.4
1972-07-19,,27500,27500,18.2
1972-07-20,,28040,28040,18.6
1972-07-21,,28400,28400,18.8
1972-07-22,,28220,28220,18.7
1972-07-23,,27680,27680,18.3
1972-07-24,,26960,26960,17.8
1972-07-25,,26090,26090,17.3
1972-07-26,,25580,25580,16.9
1972-07-27,,24580,24580,16.3
1972-07-28,,24100,24100,15.9
1972-07-29,,23940,23940,15.8
1972-07-30,,23940,23940,15.8
1972-07-31,,23780,23780,15.7
1972-08-01,,23620,23620,15.6
1972-08-02,,23460,23460,15.5
1972-08-03,,23300,23300,15.4
1972-08-04,,23300,23300,15.4
1972-08-05,,23300,23300,15.4
1972-08-06,,23150,23150,15.3
1972-08-07,,23460,23460,15.5
1972-08-08,,23300,23300,15.4
1972-08-09,,23300,23300,15.4
1972-08-10,,23300,23300,15.4
1972-08-11,,23150,23150,15.3
1972-08-12,,23150,23150,15.3
1972-08-13,,23150,23150,15.3
1972-08-14,,23000,23000,15.2
1972-08-15,,23000,23000,15.2
1972-08-16,,24740,24740,16.4
1972-08-17,,25070,25070,16.6
1972-08-18,,24900,24900,16.5
1972-08-19,,24900,24900,16.5
1972-08-20,,24740,24740,16.4
1972-08-21,,24740,24740,16.4
1972-08-22,,24900,24900,16.5
1972-08-23,,25240,25240,16.7
1972-08-24,,25410,25410,16.8
1972-08-25,,25410,25410,16.8
1972-08-26,,25580,25580,16.9
1972-08-27,,25580,25580,16.9
1972-08-28,,25580,25580,16.9
1972-08-29,,25240,25240,16.7
1972-08-30,,24900,24900,16.5
1972-08-31,,24740,24740,16.4
1972-09-01,,24260,24260,16.1
1972-09-02,,23940,23940,15.8
1972-09-03,,25410,25410,16.8
1972-09-04,,27140,27140,18.0
1972-09-05,,28040,28040,18.6
1972-09-06,,29540,29540,19.5
1972-09-07,,29730,29730,19.7
1972-09-08,,30500,30500,20.2
1972-09-09,,30110,30110,19.9
1972-09-10,,29920,29920,19.8
1972-09-11,,31300,31300,20.7
1972-09-12,,34400,34400,22.8
1972-09-13,,35940,35940,23.8
1972-09-14,,38760,38760,25.7
1972-09-15,,39750,39750,26.3
1972-09-16,,44000,44000,29.1
1972-09-17,,41500,41500,27.5
1972-09-18,,42750,42750,28.3
1972-09-19,,44300,44300,29.3
1972-09-20,,44600,44600,29.5
1972-09-21,,44900,44900,29.7
1972-09-22,,44900,44900,29.7
1972-09-23,,45200,45200,29.9
1972-09-24,,45200,45200,29.9
1972-09-25,,45200,45200,29.9
1972-09-26,,45200,45200,29.9
1972-09-27,,45200,45200,29.9
1972-09-28,,45200,45200,29.9
1972-09-29,,44900,44900,29.7
1972-09-30,,44900,44900,29.7
1973-10-01,,53000,53000,35.1
1973-10-02,,53000,53000,35.1
1973-10-03,,53000,53000,35.1
1973-10-04,,53350,53350,35.3
1973-10-05,,53350,53350,35.3
1973-10-06,,53350,53350,35.3
1973-10-07,,53350,53350,35.3
1973-10-08,,53700,53700,35.5
1973-10-09,,53700,53700,35.5
1973-10-10,,53700,53700,35.5
1973-10-11,,53700,53700,35.5
1973-10-12,,53700,53700,35.5
1973-10-13,,53700,53700,35.5
1973-10-14,,53700,53700,35.5
1973-10-15,,53700,53700,35.5
1973-10-16,,53700,53700,35.5
1973-10-17,,54050,54050,35.8
1973-10-18,,54050,54050,35.8
1973-10-19,,54050,54050,35.8
1973-10-20,,54050,54050,35.8
1973-10-21,,54050,54050,35.8
1973-10-22,,54050,54050,35.8
1973-10-23,,54400,54400,36.0
1973-10-24,,54400,54400,36.0
1973-10-25,,54400,54400,36.0
1973-10-26,,54400,54400,36.0
1973-10-27,,54400,54400,36.0
1973-10-28,,54750,54750,36.2
1973-10-29,,54750,54750,36.2
1973-10-30,,54750,54750,36.2
1973-10-31,,54750,54750,36.2
1973-11-01,,54750,54750,36.2
1973-11-02,,54750,54750,36.2
1973-11-03,,54750,54750,36.2
1973-11-04,,54750,54750,36.2
1973-11-05,,54750,54750,36.2
1973-11-06,,55100,55100,36.5
1973-11-07,,55100,55100,36.5
1973-11-08,,55100,55100,36.5
1973-11-09,,55100,55100,36.5
1973-11-10,,55100,55100,36.5
1973-11-11,,55450,55450,36.7
1973-11-12,,55450,55450,36.7
1973-11-13,,55450,55450,36.7
1973-11-14,,55450,55450,36.7
1973-11-15,,55450,55450,36.7
1973-11-16,,55800,55800,36.9
1973-11-17,,55800,55800,36.9
1973-11-18,,55800,55800,36.9
1973-11-19,,56150,56150,37.2
1973-11-20,,56150,56150,37.2
1973-11-21,,56150,56150,37.2
1973-11-22,,56150,56150,37.2
1973-11-23,,56150,56150,37.2
1973-11-24,,56150,56150,37.2
1973-11-25,,56150,56150,37.2
1973-11-26,,56500,56500,37.4
1973-11-27,,56500,56500,37.4
1973-11-28,,56500,56500,37.4
1973-11-29,,56500,56500,37.4
1973-11-30,,56500,56500,37.4
1973-12-01,,56500,56500,37.4
1973-12-02,,56500,56500,37.4
1973-12-03,,56500,56500,37.4
1973-12-04,,56500,56500,37.4
1973-12-05,,56500,56500,37.4
1973-12-06,,56500,56500,37.4
1973-12-07,,56500,56500,37.4
1973-12-08,,56500,56500,37.4
1973-12-09,,56500,56500,37.4
1973-12-10,,56500,56500,37.4
1973-12-11,,56500,56500,37.4
1973-12-12,,56500,56500,37.4
1973-12-13,,56500,56500,37.4
1973-12-14,,56500,56500,37.4
1973-12-15,,56500,56500,37.4
1973-12-16,,56500,56500,37.4
1973-12-17,,56500,56500,37.4
1973-12-18,,56500,56500,37.4
1973-12-19,,56500,56500,37.4
1973-12-20,,56500,56500,37.4
1973-12-21,,56500,56500,37.4
1973-12-22,,56500,56500,37.4
1973-12-23,,56500,56500,37.4
1973-12-24,,56500,56500,37.4
1973-12-25,,56500,56500,37.4
1973-12-26,,56500,56500,37.4
1973-12-27,,56500,56500,37.4
1973-12-28,,56500,56500,37.4
1973-12-29,,56500,56500,37.4
1973-12-30,,56500,56500,37.4
1973-12-31,,56500,56500,37.4
1974-01-01,,56500,56500,37.4
1974-01-02,,56500,56500,37.4
1974-01-03,,56500,56500,37.4
1974-01-04,,56500,56500,37.4
1974-01-05,,56500,56500,37.4
1974-01-06,,56500,56500,37.4
1974-01-07,,56500,56500,37.4
1974-01-08,,56500,56500,37.4
1974-01-09,,56500,56500,37.4
1974-01-10,,56500,56500,37.4
1974-01-11,,56500,56500,37.4
1974-01-12,,56500,56500,37.4
1974-01-13,,56500,56500,37.4
1974-01-14,,56500,56500,37.4
1974-01-15,,56500,56500,37.4
1974-01-16,,56500,56500,37.4
1974-01-17,,56500,56500,37.4
1974-01-18,,56500,56500,37.4
1974-01-19,,56500,56500,37.4
1974-01-20,,56850,56850,37.6
1974-01-21,,56850,56850,37.6
1974-01-22,,56500,56500,37.4
1974-01-23,,56500,56500,37.4
1974-01-24,,56850,56850,37.6
1974-01-25,,57200,57200,37.9
1974-01-26,,57200,57200,37.9
1974-01-27,,57200,57200,37.9
1974-01-28,,57200,57200,37.9
1974-01-29,,57200,57200,37.9
1974-01-30,,57200,57200,37.9
1974-01-31,,57200,57200,37.9
1974-02-01,,57200,57200,37.9
1974-02-02,,57200,57200,37.9
1974-02-03,,57200,57200,37.9
1974-02-04,,57200,57200,37.9
1974-02-05,,57200,57200,37.9
1974-02-06,,57200,57200,37.9
1974-02-07,,57200,57200,37.9
1974-02-08,,57200,57200,37.9
1974-02-09,,57200,57200,37.9
1974-02-10,,56850,56850,37.6
1974-02-11,,56850,56850,37.6
1974-02-12,,56850,56850,37.6
1974-02-13,,56850,56850,37.6
1974-02-14,,56850,56850,37.6
1974-02-15,,56850,56850,37.6
1974-02-16,,56850,56850,37.6
1974-02-17,,56850,56850,37.6
1974-02-18,,56850,56850,37.6
1974-02-19,,56850,56850,37.6
1974-02-20,,56850,56850,37.6
1974-02-21,,56850,56850,37.6
1974-02-22,,56850,56850,37.6
1974-02-23,,56850,56850,37.6
1974-02-24,,56850,56850,37.6
1974-02-25,,56850,56850,37.6
1974-02-26,,56850,56850,37.6
1974-02-27,,56850,56850,37.6
1974-02-28,,56500,56500,37.4
1974-03-01,,56850,56850,37.6
1974-03-02,,56850,56850,37.6
1974-03-03,,56850,56850,37.6
1974-03-04,,56850,56850,37.6
1974-03-05,,56850,56850,37.6
1974-03-06,,56850,56850,37.6
1974-03-07,,56850,56850,37.6
1974-03-08,,56850,56850,37.6
1974-03-09,,56850,56850,37.6
1974-03-10,,56850,56850,37.6
1974-03-11,,56850,56850,37.6
1974-03-12,,56850,56850,37.6
1974-03-13,,56850,56850,37.6
1974-03-14,,56850,56850,37.6
1974-03-15,,56500,56500,37.4
1974-03-16,,55450,55450,36.7
1974-03-17,,54750,54750,36.2
1974-03-18,,54750,54750,36.2
1974-03-19,,54400,54400,36.0
1974-03-20,,54050,54050,35.8
1974-03-21,,53350,53350,35.3
1974-03-22,,53000,53000,35.1
1974-03-23,,52700,52700,34.9
1974-03-24,,52100,52100,34.5
1974-03-25,,51800,51800,34.3
1974-03-26,,51500,51500,34.1
1974-03-27,,51200,51200,33.9
1974-03-28,,51200,51200,33.9
1974-03-29,,50900,50900,33.7
1974-03-30,,50900,50900,33.7
1974-03-31,,50900,50900,33.7
1974-04-01,,50600,50600,33.5
1974-04-02,,50600,50600,33.5
1974-04-03,,50300,50300,33.3
1974-04-04,,50000,50000,33.1
1974-04-05,,50000,50000,33.1
1974-04-06,,50000,50000,33.1
1974-04-07,,49700,49700,32.9
1974-04-08,,49700,49700,32.9
1974-04-09,,49700,49700,32.9
1974-04-10,,49400,49400,32.7
1974-04-11,,49400,49400,32.7
1974-04-12,,49400,49400,32.7
1974-04-13,,49100,49100,32.5
1974-04-14,,49100,49100,32.5
1974-04-15,,48800,48800,32.3
1974-04-16,,48800,48800,32.3
1974-04-17,,48500,48500,32.1
1974-04-18,,48500,48500,32.1
1974-04-19,,48200,48200,31.9
1974-04-20,,48200,48200,31.9
1974-04-21,,48200,48200,31.9
1974-04-22,,47900,47900,31.7
1974-04-23,,47900,47900,31.7
1974-04-24,,47900,47900,31.7
1974-04-25,,47600,47600,31.5
1974-04-26,,47600,47600,31.5
1974-04-27,,47600,47600,31.5
1974-04-28,,47300,47300,31.3
1974-04-29,,47300,47300,31.3
1974-04-30,,47300,47300,31.3
1974-05-01,,47300,47300,31.3
1974-05-02,,47300,47300,31.3
1974-05-03,,47000,47000,31.1
1974-05-04,,47000,47000,31.1
1974-05-05,,47000,47000,31.1
1974-05-06,,46400,46400,30.7
1974-05-07,,45800,45800,30.3
1974-05-08,,45500,45500,30.1
1974-05-09,,45200,45200,29.9
1974-05-10,,44900,44900,29.7
1974-05-11,,44900,44900,29.7
1974-05-12,,44600,44600,29.5
1974-05-13,,44600,44600,29.5
1974-05-14,,44300,44300,29.3
1974-05-15,,44000,44000,29.1
1974-05-16,,44000,44000,29.1
1974-05-17,,43750,43750,29.0
1974-05-18,,43750,43750,29.0
1974-05-19,,43500,43500,28.8
1974-05-20,,43500,43500,28.8
1974-05-21,,43250,43250,28.6
1974-05-22,,43250,43250,28.6
1974-05-23,,43250,43250,28.6
1974-05-24,,42250,42250,28.0
1974-05-25,,41500,41500,27.5
1974-05-26,,40750,40750,27.0
1974-05-27,,40250,40250,26.6
1974-05-28,,39500,39500,26.1
1974-05-29,,39000,39000,25.8
1974-05-30,,38280,38280,25.3
1974-05-31,,37800,37800,25.0
1974-06-01,,37320,37320,24.7
1974-06-02,,36840,36840,24.4
1974-06-03,,36160,36160,23.9
1974-06-04,,35720,35720,23.6
1974-06-05,,34840,34840,23.1
1974-06-06,,34400,34400,22.8
1974-06-07,,33560,33560,22.2
1974-06-08,,32930,32930,21.8
1974-06-09,,32300,32300,21.4
1974-06-10,,31900,31900,21.1
1974-06-11,,31300,31300,20.7
1974-06-12,,31100,31100,20.6
1974-06-13,,31100,31100,20.6
1974-06-14,,30900,30900,20.4
1974-06-15,,30900,30900,20.4
1974-06-16,,30900,30900,20.4
1974-06-17,,30700,30700,20.3
1974-06-18,,30700,30700,20.3
1974-06-19,,30500,30500,20.2
1974-06-20,,30300,30300,20.1
1974-06-21,,30300,30300,20.1
1974-06-22,,30110,30110,19.9
1974-06-23,,30110,30110,19.9
1974-06-24,,29920,29920,19.8
1974-06-25,,29920,29920,19.8
1974-06-26,,29730,29730,19.7
1974-06-27,,29730,29730,19.7
1974-06-28,,29540,29540,19.5
1974-06-29,,29350,29350,19.4
1974-06-30,,29350,29350,19.4
1974-07-01,,29160,29160,19.3
1974-07-02,,28970,28970,19.2
1974-07-03,,28780,28780,19.0
1974-07-04,,28780,28780,19.0
1974-07-05,,28590,28590,18.9
1974-07-06,,28590,28590,18.9
1974-07-07,,28400,28400,18.8
1974-07-08,,28590,28590,18.9
1974-07-09,,28400,28400,18.8
1974-07-10,,28400,28400,18.8
1974-07-11,,28400,28400,18.8
1974-07-12,,28220,28220,18.7
1974-07-13,,28220,28220,18.7
1974-07-14,,28040,28040,18.6
1974-07-15,,28040,28040,18.6
1974-07-16,,28040,28040,18.6
1974-07-17,,27860,27860,18.4
1974-07-18,,27860,27860,18.4
1974-07-19,,27860,27860,18.4
1974-07-20,,27680,27680,18.3
1974-07-21,,27680,27680,18.3
1974-07-22,,27500,27500,18.2
1974-07-23,,27500,27500,18.2
1974-07-24,,27500,27500,18.2
1974-07-25,,27500,27500,18.2
1974-07-26,,27500,27500,18.2
1974-07-27,,27320,27320,18.1
1974-07-28,,27320,27320,18.1
1974-07-29,,27140,27140,18.0
1974-07-30,,27140,27140,18.0
1974-07-31,,26960,26960,17.8
1974-08-01,,26960,26960,17.8
1974-08-02,,26780,26780,17.7
1974-08-03,,26600,26600,17.6
1974-08-04,,26260,26260,17.4
1974-08-05,,25920,25920,17.2
1974-08-06,,25580,25580,16.9
1974-08-07,,25070,25070,16.6
1974-08-08,,24740,24740,16.4
1974-08-09,,24260,24260,16.1
1974-08-10,,24260,24260,16.1
1974-08-11,,24100,24100,15.9
1974-08-12,,24100,24100,15.9
1974-08-13,,24100,24100,15.9
1974-08-14,,23000,23000,15.2
1974-08-15,,23000,23000,15.2
1974-08-16,,22850,22850,15.1
1974-08-17,,22850,22850,15.1
1974-08-18,,22700,22700,15.0
1974-08-19,,22550,22550,14.9
1974-08-20,,22550,22550,14.9
1974-08-21,,22400,22400,14.8
1974-08-22,,22250,22250,14.7
1974-08-23,,22250,22250,14.7
1974-08-24,,22850,22850,15.1
1974-08-25,,23300,23300,15.4
1974-08-26,,23780,23780,15.7
1974-08-27,,25580,25580,16.9
1974-08-28,,26090,26090,17.3
1974-08-29,,26260,26260,17.4
1974-08-30,,26260,26260,17.4
1974-08-31,,26260,26260,17.4
1974-09-01,,26260,26260,17.4
1974-09-02,,26260,26260,17.4
1974-09-03,,26090,26090,17.3
1974-09-04,,26090,26090,17.3
1974-09-05,,25920,25920,17.2
1974-09-06,,25920,25920,17.2
1974-09-07,,25920,25920,17.2
1974-09-08,,25750,25750,17.0
1974-09-09,,25750,25750,17.0
1974-09-10,,25580,25580,16.9
1974-09-11,,25410,25410,16.8
1974-09-12,,25240,25240,16.7
1974-09-13,,25070,25070,16.6
1974-09-14,,25070,25070,16.6
1974-09-15,,25070,25070,16.6
1974-09-16,,25070,25070,16.6
1974-09-17,,24900,24900,16.5
1974-09-18,,24900,24900,16.5
1974-09-19,,25240,25240,16.7
1974-09-20,,25240,25240,16.7
1974-09-21,,25580,25580,16.9
1974-09-22,,25920,25920,17.2
1974-09-23,,26780,26780,17.7
1974-09-24,,39000,39000,25.8
1974-09-25,,75100,75100,49.7
1974-09-26,,90000,90000,59.6
1974-09-27,,97500,97500,64.5
1974-09-28,,103000,103000,68.2
1974-09-29,,108400,108400,71.7
1974-09-30,,109000,109000,72.1
1974-10-01,,109000,109000,72.1
1974-10-02,,109000,109000,72.1
1974-10-03,,109000,109000,72.1
1974-10-04,,109500,109500,72.5
1974-10-05,,109500,109500,72.5
1974-10-06,,109500,109500,72.5
1974-10-07,,111200,111200,73.6
1974-10-08,,111700,111700,73.9
1974-10-09,,111700,111700,73.9
1974-10-10,,111700,111700,73.9
1974-10-11,,111700,111700,73.9
1974-10-12,,111700,111700,73.9
1974-10-13,,112200,112200,74.3
1974-10-14,,112200,112200,74.3
1974-10-15,,112200,112200,74.3
1974-10-16,,112200,112200,74.3
1974-10-17,,112800,112800,74.6
1974-10-18,,112800,112800,74.6
1974-10-19,,112800,112800,74.6
1974-10-20,,112800,112800,74.6
1974-10-21,,113400,113400,75.0
1974-10-22,,113400,113400,75.0
1974-10-23,,113400,113400,75.0
1974-10-24,,128200,128200,84.8
1974-10-25,,136600,136600,90.4
1974-10-26,,141000,141000,93.3
1974-10-27,,144200,144200,95.4
1974-10-28,,147400,147400,97.5
1974-10-29,,149400,149400,98.9
1974-10-30,,150000,150000,99.3
1974-10-31,,150700,150700,99.7
1974-11-01,,151400,151400,100.0
1974-11-02,,151400,151400,100.0
1974-11-03,,152000,152000,100.0
1974-11-04,,152700,152700,100.0
1974-11-05,,154100,154100,100.0
1974-11-06,,154100,154100,100.0
1974-11-07,,154800,154800,100.0
1974-11-08,,154800,154800,100.0
1974-11-09,,155500,155500,100.0
1974-11-10,,155500,155500,100.0
1974-11-11,,156200,156200,100.0
1974-11-12,,156900,156900,100.0
1974-11-13,,156900,156900,100.0
1974-11-14,,156900,156900,100.0
1974-11-15,,157600,157600,100.0
1974-11-16,,157600,157600,100.0
1974-11-17,,157600,157600,100.0
1974-11-18,,158300,158300,100.0
1974-11-19,,158300,158300,100.0
1974-11-20,,158300,158300,100.0
1974-11-21,,158300,158300,100.0
1974-11-22,,159000,159000,100.0
1974-11-23,,159000,159000,100.0
1974-11-24,,159000,159000,100.0
1974-11-25,,159000,159000,100.0
1974-11-26,,159000,159000,100.0
1974-11-27,,159800,159800,100.0
1974-11-28,,159800,159800,100.0
1974-11-29,,159800,159800,100.0
1974-11-30,,159800,159800,100.0
1974-12-01,,159800,159800,100.0
1974-12-02,,159800,159800,100.0
1974-12-03,,159800,159800,100.0
1974-12-04,,160500,160500,100.0
1974-12-05,,160500,160500,100.0
1974-12-06,,160500,160500,100.0
1974-12-07,,160500,160500,100.0
1974-12-08,,160500,160500,100.0
1974-12-09,,161200,161200,100.0
1974-12-10,,161200,161200,100.0
1974-12-11,,161200,161200,100.0
1974-12-12,,161200,161200,100.0
1974-12-13,,162000,162000,100.0
1974-12-14,,162000,162000,100.0
1974-12-15,,162000,162000,100.0
1974-12-16,,162000,162000,100.0
1974-12-17,,162800,162800,100.0
1974-12-18,,162800,162800,100.0
1974-12-19,,162800,162800,100.0
1974-12-20,,163500,163500,100.0
1974-12-21,,163500,163500,100.0
1974-12-22,,163500,163500,100.0
1974-12-23,,164200,164200,100.0
1974-12-24,,164200,164200,100.0
1974-12-25,,165000,165000,100.0
1974-12-26,,165000,165000,100.0
1974-12-27,,165000,165000,100.0
1974-12-28,,165000,165000,100.0
1974-12-29,,165800,165800,100.0
1974-12-30,,165800,165800,100.0
1974-12-31,,165800,165800,100.0
1975-01-01,,166500,166500,100.0
1975-01-02,,166500,166500,100.0
1975-01-03,,166500,166500,100.0
1975-01-04,,167300,167300,100.0
1975-01-05,,167300,167300,100.0
1975-01-06,,167300,167300,100.0
1975-01-07,,168100,168100,100.0
1975-01-08,,168100,168100,100.0
1975-01-09,,168100,168100,100.0
1975-01-10,,168100,168100,100.0
1975-01-11,,168900,168900,100.0
1975-01-12,,168900,168900,100.0
1975-01-13,,168900,168900,100.0
1975-01-14,,168900,168900,100.0
1975-01-15,,168900,168900,100.0
1975-01-16,,168900,168900,100.0
1975-01-17,,168900,168900,100.0
1975-01-18,,169700,169700,100.0
1975-01-19,,169700,169700,100.0
1975-01-20,,169700,169700,100.0
1975-01-21,,169700,169700,100.0
1975-01-22,,169700,169700,100.0
1975-01-23,,170500,170500,100.0
1975-01-24,,170500,170500,100.0
1975-01-25,,170500,170500,100.0
1975-01-26,,171300,171300,100.0
1975-01-27,,171300,171300,100.0
1975-01-28,,171300,171300,100.0
1975-01-29,,171300,171300,100.0
1975-01-30,,172100,172100,100.0
1975-01-31,,172100,172100,100.0
1975-02-01,,172100,172100,100.0
1975-02-02,,172900,172900,100.0
1975-02-03,,172900,172900,100.0
1975-02-04,,173700,173700,100.0
1975-02-05,,173700,173700,100.0
1975-02-06,,173700,173700,100.0
1975-02-07,,173700,173700,100.0
1975-02-08,,173700,173700,100.0
1975-02-09,,173700,173700,100.0
1975-02-10,,174500,174500,100.0
1975-02-11,,174500,174500,100.0
1975-02-12,,174500,174500,100.0
1975-02-13,,174500,174500,100.0
1975-02-14,,175400,175400,100.0
1975-02-15,,175400,175400,100.0
1975-02-16,,175400,175400,100.0
1975-02-17,,175400,175400,100.0
1975-02-18,,175400,175400,100.0
1975-02-19,,175400,175400,100.0
1975-02-20,,175400,175400,100.0
1975-02-21,,175400,175400,100.0
1975-02-22,,175400,175400,100.0
1975-02-23,,175400,175400,100.0
1975-02-24,,176200,176200,100.0
1975-02-25,,176200,176200,100.0
1975-02-26,,176200,176200,100.0
1975-02-27,,176200,176200,100.0
1975-02-28,,176200,176200,100.0
1975-03-01,,177000,177000,100.0
1975-03-02,,177000,177000,100.0
1975-03-03,,177000,177000,100.0
1975-03-04,,177000,177000,100.0
1975-03-05,,177000,177000,100.0
1975-03-06,,177000,177000,100.0
1975-03-07,,177900,177900,100.0
1975-03-08,,177900,177900,100.0
1975-03-09,,177900,177900,100.0
1975-03-10,,177900,177900,100.0
1975-03-11,,177900,177900,100.0
1975-03-12,,177900,177900,100.0
1975-03-13,,177900,177900,100.0
1975-03-14,,177900,177900,100.0
1975-03-15,,177900,177900,100.0
1975-03-16,,177900,177900,100.0
1975-03-17,,177900,177900,100.0
1975-03-18,,177900,177900,100.0
1975-03-19,,177900,177900,100.0
1975-03-20,,177900,177900,100.0
1975-03-21,,177900,177900,100.0
1975-03-22,,177900,177900,100.0
1975-03-23,,177900,177900,100.0
1975-03-24,,177900,177900,100.0
1975-03-25,,177900,177900,100.0
1975-03-26,,177900,177900,100.0
1975-03-27,,177000,177000,100.0
1975-03-28,,177000,177000,100.0
1975-03-29,,176200,176200,100.0
1975-03-30,,176200,176200,100.0
1975-03-31,,176200,176200,100.0
1975-04-01,,175400,175400,100.0
1975-04-02,,175400,175400,100.0
1975-04-03,,174500,174500,100.0
1975-04-04,,174500,174500,100.0
1975-04-05,,174500,174500,100.0
1975-04-06,,173700,173700,100.0
1975-04-07,,173700,173700,100.0
1975-04-08,,173700,173700,100.0
1975-04-09,,172900,172900,100.0
1975-04-10,,172900,172900,100.0
1975-04-11,,172900,172900,100.0
1975-04-12,,172900,172900,100.0
1975-04-13,,172100,172100,100.0
1975-04-14,,172100,172100,100.0
1975-04-15,,172100,172100,100.0
1975-04-16,,172100,172100,100.0
1975-04-17,,172100,172100,100.0
1975-04-18,,171300,171300,100.0
1975-04-19,,171300,171300,100.0
1975-04-20,,170500,170500,100.0
1975-04-21,,170500,170500,100.0
1975-04-22,,170500,170500,100.0
1975-04-23,,170500,170500,100.0
1975-04-24,,169700,169700,100.0
1975-04-25,,169700,169700,100.0
1975-04-26,,169700,169700,100.0
1975-04-27,,169700,169700,100.0
1975-04-28,,169700,169700,100.0
1975-04-29,,168900,168900,100.0
1975-04-30,,168900,168900,100.0
1975-05-01,,168100,168100,100.0
1975-05-02,,168100,168100,100.0
1975-05-03,,168100,168100,100.0
1975-05-04,,166500,166500,100.0
1975-05-05,,165800,165800,100.0
1975-05-06,,164200,164200,100.0
1975-05-07,,162800,162800,100.0
1975-05-08,,162000,162000,100.0
1975-05-09,,161200,161200,100.0
1975-05-10,,160500,160500,100.0
1975-05-11,,159800,159800,100.0
1975-05-12,,159000,159000,100.0
1975-05-13,,158300,158300,100.0
1975-05-14,,157600,157600,100.0
1975-05-15,,156900,156900,100.0
1975-05-16,,156900,156900,100.0
1975-05-17,,156200,156200,100.0
1975-05-18,,156900,156900,100.0
1975-05-19,,156900,156900,100.0
1975-05-20,,156900,156900,100.0
1975-05-21,,156200,156200,100.0
1975-05-22,,156200,156200,100.0
1975-05-23,,155500,155500,100.0
1975-05-24,,155500,155500,100.0
1975-05-25,,155500,155500,100.0
1975-05-26,,155500,155500,100.0
1975-05-27,,154800,154800,100.0
1975-05-28,,154800,154800,100.0
1975-05-29,,154100,154100,100.0
1975-05-30,,154100,154100,100.0
1975-05-31,,153400,153400,100.0
1975-06-01,,153400,153400,100.0
1975-06-02,,152700,152700,100.0
1975-06-03,,152700,152700,100.0
1975-06-04,,152700,152700,100.0
1975-06-05,,152000,152000,100.0
1975-06-06,,152000,152000,100.0
1975-06-07,,152000,152000,100.0
1975-06-08,,151400,151400,100.0
1975-06-09,,151400,151400,100.0
1975-06-10,,150700,150700,99.7
1975-06-11,,150700,150700,99.7
1975-06-12,,150700,150700,99.7
1975-06-13,,150700,150700,99.7
1975-06-14,,150000,150000,99.3
1975-06-15,,150000,150000,99.3
1975-06-16,,149400,149400,98.9
1975-06-17,,148800,148800,98.5
1975-06-18,,148800,148800,98.5
1975-06-19,,148800,148800,98.5
1975-06-20,,148100,148100,98.0
1975-06-21,,148100,148100,98.0
1975-06-22,,147400,147400,97.5
1975-06-23,,147400,147400,97.5
1975-06-24,,147400,147400,97.5
1975-06-25,,147400,147400,97.5
1975-06-26,,147400,147400,97.5
1975-06-27,,147400,147400,97.5
1975-06-28,,146800,146800,97.1
1975-06-29,,146800,146800,97.1
1975-06-30,,146200,146200,96.8
1975-07-01,,145500,145500,96.3
1975-07-02,,145500,145500,96.3
1975-07-03,,144800,144800,95.8
1975-07-04,,144800,144800,95.8
1975-07-05,,144800,144800,95.8
1975-07-06,,144800,144800,95.8
1975-07-07,,144200,144200,95.4
1975-07-08,,144200,144200,95.4
1975-07-09,,143600,143600,95.0
1975-07-10,,142900,142900,94.6
1975-07-11,,142900,142900,94.6
1975-07-12,,142900,142900,94.6
1975-07-13,,142900,142900,94.6
1975-07-14,,142900,142900,94.6
1975-07-15,,142200,142200,94.1
1975-07-16,,141600,141600,93.7
1975-07-17,,141600,141600,93.7
1975-07-18,,141000,141000,93.3
1975-07-19,,141000,141000,93.3
1975-07-20,,141000,141000,93.3
1975-07-21,,141000,141000,93.3
1975-07-22,,140300,140300,92.8
1975-07-23,,141000,141000,93.3
1975-07-24,,142200,142200,94.1
1975-07-25,,142200,142200,94.1
1975-07-26,,142200,142200,94.1
1975-07-27,,142200,142200,94.1
1975-07-28,,142200,142200,94.1
1975-07-29,,141600,141600,93.7
1975-07-30,,141600,141600,93.7
1975-07-31,,141000,141000,93.3
1975-08-01,,141000,141000,93.3
1975-08-02,,141000,141000,93.3
1975-08-03,,140300,140300,92.8
1975-08-04,,140300,140300,92.8
1975-08-05,,139600,139600,92.4
1975-08-06,,139600,139600,92.4
1975-08-07,,139000,139000,92.0
1975-08-08,,139000,139000,92.0
1975-08-09,,138400,138400,91.6
1975-08-10,,138400,138400,91.6
1975-08-11,,137800,137800,91.2
1975-08-12,,137800,137800,91.2
1975-08-13,,137200,137200,90.8
1975-08-14,,137200,137200,90.8
1975-08-15,,136600,136600,90.4
1975-08-16,,136600,136600,90.4
1975-08-17,,136600,136600,90.4
1975-08-18,,136600,136600,90.4
1975-08-19,,136000,136000,90.0
1975-08-20,,136000,136000,90.0
1975-08-21,,135400,135400,89.6
1975-08-22,,135400,135400,89.6
1975-08-23,,134800,134800,89.2
1975-08-24,,134800,134800,89.2
1975-08-25,,134800,134800,89.2
1975-08-26,,134200,134200,88.8
1975-08-27,,134200,134200,88.8
1975-08-28,,134800,134800,89.2
1975-08-29,,134200,134200,88.8
1975-08-30,,133600,133600,88.4
1975-08-31,,133000,133000,88.0
1975-09-01,,132400,132400,87.6
1975-09-02,,131200,131200,86.8
1975-09-03,,130600,130600,86.4
1975-09-04,,130000,130000,86.0
1975-09-05,,129400,129400,85.6
1975-09-06,,128200,128200,84.8
1975-09-07,,127600,127600,84.4
1975-09-08,,127000,127000,84.0
1975-09-09,,125800,125800,83.3
1975-09-10,,125200,125200,82.9
1975-09-11,,124600,124600,82.5
1975-09-12,,123400,123400,81.7
1975-09-13,,122800,122800,81.3
1975-09-14,,122200,122200,80.9
1975-09-15,,121600,121600,80.5
1975-09-16,,121000,121000,80.1
1975-09-17,,119800,119800,79.3
1975-09-18,,119200,119200,78.9
1975-09-19,,119200,119200,78.9
1975-09-20,,118600,118600,78.5
1975-09-21,,118600,118600,78.5
1975-09-22,,118600,118600,78.5
1975-09-23,,118000,118000,78.1
1975-09-24,,118000,118000,78.1
1975-09-25,,118000,118000,78.1
1975-09-26,,117400,117400,77.7
1975-09-27,,117400,117400,77.7
1975-09-28,,117400,117400,77.7
1975-09-29,,117400,117400,77.7
1975-09-30,,116800,116800,77.3
1975-10-01,,116800,116800,77.3
1975-10-02,,116800,116800,77.3
1975-10-03,,116200,116200,76.9
1975-10-04,,116200,116200,76.9
1975-10-05,,115600,115600,76.5
1975-10-06,,115600,115600,76.5
1975-10-07,,115600,115600,76.5
1975-10-08,,115600,115600,76.5
1975-10-09,,115000,115000,76.1
1975-10-10,,115000,115000,76.1
1975-10-11,,115000,115000,76.1
1975-10-12,,114400,114400,75.7
1975-10-13,,114400,114400,75.7
1975-10-14,,114400,114400,75.7
1975-10-15,,113900,113900,75.4
1975-10-16,,113900,113900,75.4
1975-10-17,,113900,113900,75.4
1975-10-18,,113400,113400,75.0
1975-10-19,,113400,113400,75.0
1975-10-20,,113400,113400,75.0
1975-10-21,,112800,112800,74.6
1975-10-22,,113400,113400,75.0
1975-10-23,,112800,112800,74.6
1975-10-24,,112800,112800,74.6
1975-10-25,,112800,112800,74.6
1975-10-26,,112200,112200,74.3
1975-10-27,,112200,112200,74.3
1975-10-28,,112200,112200,74.3
1975-10-29,,112200,112200,74.3
1975-10-30,,112200,112200,74.3
1975-10-31,,112200,112200,74.3
1975-11-01,,112200,112200,74.3
1975-11-02,,112800,112800,74.6
1975-11-03,,112800,112800,74.6
1975-11-04,,112800,112800,74.6
1975-11-05,,112800,112800,74.6
1975-11-06,,112800,112800,74.6
1975-11-07,,112800,112800,74.6
1975-11-08,,112800,112800,74.6
1975-11-09,,112800,112800,74.6
1975-11-10,,112800,112800,74.6
1975-11-11,,112800,112800,74.6
1975-11-12,,112800,112800,74.6
1975-11-13,,112800,112800,74.6
1975-11-14,,112800,112800,74.6
1975-11-15,,112800,112800,74.6
1975-11-16,,113400,113400,75.0
1975-11-17,,113400,113400,75.0
1975-11-18,,113400,113400,75.0
1975-11-19,,113400,113400,75.0
1975-11-20,,113400,113400,75.0
1975-11-21,,113400,113400,75.0
1975-11-22,,113400,113400,75.0
1975-11-23,,113400,113400,75.0
1975-11-24,,113400,113400,75.0
1975-11-25,,113400,113400,75.0
1975-11-26,,113400,113400,75.0
1975-11-27,,113400,113400,75.0
1975-11-28,,113400,113400,75.0
1975-11-29,,113400,113400,75.0
1975-11-30,,113400,113400,75.0
1975-12-01,,113400,113400,75.0
1975-12-02,,113400,113400,75.0
1975-12-03,,113400,113400,75.0
1975-12-04,,113400,113400,75.0
1975-12-05,,113400,113400,75.0
1975-12-06,,113400,113400,75.0
1975-12-07,,113400,113400,75.0
1975-12-08,,113400,113400,75.0
1975-12-09,,113400,113400,75.0
1975-12-10,,113400,113400,75.0
1975-12-11,,113400,113400,75.0
1975-12-12,,113400,113400,75.0
1975-12-13,,113900,113900,75.4
1975-12-14,,113900,113900,75.4
1975-12-15,,113900,113900,75.4
1975-12-16,,113900,113900,75.4
1975-12-17,,113900,113900,75.4
1975-12-18,,113900,113900,75.4
1975-12-19,,113900,113900,75.4
1975-12-20,,113900,113900,75.4
1975-12-21,,114400,114400,75.7
1975-12-22,,114400,114400,75.7
1975-12-23,,114400,114400,75.7
1975-12-24,,114400,114400,75.7
1975-12-25,,115000,115000,76.1
1975-12-26,,115000,115000,76.1
1975-12-27,,115000,115000,76.1
1975-12-28,,115000,115000,76.1
1975-12-29,,115600,115600,76.5
1975-12-30,,115600,115600,76.5
1975-12-31,,115600,115600,76.5
1976-01-01,,115600,115600,76.5
1976-01-02,,115600,115600,76.5
1976-01-03,,115600,115600,76.5
1976-01-04,,115600,115600,76.5
1976-01-05,,115600,115600,76.5
1976-01-06,,115600,115600,76.5
1976-01-07,,115600,115600,76.5
1976-01-08,,115600,115600,76.5
1976-01-09,,115600,115600,76.5
1976-01-10,,115600,115600,76.5
1976-01-11,,115600,115600,76.5
1976-01-12,,115600,115600,76.5
1976-01-13,,116200,116200,76.9
1976-01-14,,116200,116200,76.9
1976-01-15,,116200,116200,76.9
1976-01-16,,116200,116200,76.9
1976-01-17,,115600,115600,76.5
1976-01-18,,115000,115000,76.1
1976-01-19,,114400,114400,75.7
1976-01-20,,113900,113900,75.4
1976-01-21,,113900,113900,75.4
1976-01-22,,112800,112800,74.6
1976-01-23,,112200,112200,74.3
1976-01-24,,111700,111700,73.9
1976-01-25,,111200,111200,73.6
1976-01-26,,110600,110600,73.2
1976-01-27,,110000,110000,72.8
1976-01-28,,109500,109500,72.5
1976-01-29,,109000,109000,72.1
1976-01-30,,108400,108400,71.7
1976-01-31,,107800,107800,71.3
1976-02-01,,107800,107800,71.3
1976-02-02,,107800,107800,71.3
1976-02-03,,107800,107800,71.3
1976-02-04,,107800,107800,71.3
1976-02-05,,107800,107800,71.3
1976-02-06,,108400,108400,71.7
1976-02-07,,108400,108400,71.7
1976-02-08,,108400,108400,71.7
1976-02-09,,108400,108400,71.7
1976-02-10,,108400,108400,71.7
1976-02-11,,109000,109000,72.1
1976-02-12,,109000,109000,72.1
1976-02-13,,109000,109000,72.1
1976-02-14,,109000,109000,72.1
1976-02-15,,109000,109000,72.1
1976-02-16,,109000,109000,72.1
1976-02-17,,109000,109000,72.1
1976-02-18,,109000,109000,72.1
1976-02-19,,109000,109000,72.1
1976-02-20,,109500,109500,72.5
1976-02-21,,109500,109500,72.5
1976-02-22,,109000,109000,72.1
1976-02-23,,109000,109000,72.1
1976-02-24,,109000,109000,72.1
1976-02-25,,109000,109000,72.1
1976-02-26,,109000,109000,72.1
1976-02-27,,109000,109000,72.1
1976-02-28,,109000,109000,72.1
1976-02-29,,109000,109000,72.1
1976-03-01,,109000,109000,72.1
1976-03-02,,109000,109000,72.1
1976-03-03,,109000,109000,72.1
1976-03-04,,109000,109000,72.1
1976-03-05,,109000,109000,72.1
1976-03-06,,109000,109000,72.1
1976-03-07,,108400,108400,71.7
1976-03-08,,109000,109000,72.1
1976-03-09,,109000,109000,72.1
1976-03-10,,109000,109000,72.1
1976-03-11,,109000,109000,72.1
1976-03-12,,108400,108400,71.7
1976-03-13,,108400,108400,71.7
1976-03-14,,109000,109000,72.1
1976-03-15,,109000,109000,72.1
1976-03-16,,109000,109000,72.1
1976-03-17,,108400,108400,71.7
1976-03-18,,108400,108400,71.7
1976-03-19,,108400,108400,71.7
1976-03-20,,108400,108400,71.7
1976-03-21,,108400,108400,71.7
1976-03-22,,108400,108400,71.7
1976-03-23,,108400,108400,71.7
1976-03-24,,108400,108400,71.7
1976-03-25,,108400,108400,71.7
1976-03-26,,107800,107800,71.3
1976-03-27,,107800,107800,71.3
1976-03-28,,107800,107800,71.3
1976-03-29,,107800,107800,71.3
1976-03-30,,107800,107800,71.3
1976-03-31,,107800,107800,71.3
1976-04-01,,107800,107800,71.3
1976-04-02,,107800,107800,71.3
1976-04-03,,107800,107800,71.3
1976-04-04,,107800,107800,71.3
1976-04-05,,107800,107800,71.3
1976-04-06,,107800,107800,71.3
1976-04-07,,107800,107800,71.3
1976-04-08,,107800,107800,71.3
1976-04-09,,107800,107800,71.3
1976-04-10,,107800,107800,71.3
1976-04-11,,107800,107800,71.3
1976-04-12,,107300,107300,71.0
1976-04-13,,107300,107300,71.0
1976-04-14,,107800,107800,71.3
1976-04-15,,107800,107800,71.3
1976-04-16,,107300,107300,71.0
1976-04-17,,107300,107300,71.0
1976-04-18,,107300,107300,71.0
1976-04-19,,107300,107300,71.0
1976-04-20,,107300,107300,71.0
1976-04-21,,107300,107300,71.0
1976-04-22,,106800,106800,70.7
1976-04-23,,106200,106200,70.3
1976-04-24,,105600,105600,69.9
1976-04-25,,105100,105100,69.6
1976-04-26,,104600,104600,69.2
1976-04-27,,103000,103000,68.2
1976-04-28,,103000,103000,68.2
1976-04-29,,102000,102000,67.5
1976-04-30,,101500,101500,67.2
1976-05-01,,101000,101000,66.8
1976-05-02,,100500,100500,66.5
1976-05-03,,100000,100000,66.2
1976-05-04,,99500,99500,65.8
1976-05-05,,99000,99000,65.5
1976-05-06,,98500,98500,65.2
1976-05-07,,98000,98000,64.9
1976-05-08,,98000,98000,64.9
1976-05-09,,97500,97500,64.5
1976-05-10,,96500,96500,63.9
1976-05-11,,96000,96000,63.5
1976-05-12,,95500,95500,63.2
1976-05-13,,95000,95000,62.9
1976-05-14,,95000,95000,62.9
1976-05-15,,94500,94500,62.5
1976-05-16,,94500,94500,62.5
1976-05-17,,94500,94500,62.5
1976-05-18,,94500,94500,62.5
1976-05-19,,94000,94000,62.2
1976-05-20,,94000,94000,62.2
1976-05-21,,94000,94000,62.2
1976-05-22,,94000,94000,62.2
1976-05-23,,94000,94000,62.2
1976-05-24,,93500,93500,61.9
1976-05-25,,93500,93500,61.9
1976-05-26,,93000,93000,61.5
1976-05-27,,92500,92500,61.2
1976-05-28,,91500,91500,60.6
1976-05-29,,91500,91500,60.6
1976-05-30,,91000,91000,60.2
1976-05-31,,90500,90500,59.9
1976-06-01,,90500,90500,59.9
1976-06-02,,90500,90500,59.9
1976-06-03,,90000,90000,59.6
1976-06-04,,90000,90000,59.6
1976-06-05,,90000,90000,59.6
1976-06-06,,89500,89500,59.2
1976-06-07,,89500,89500,59.2
1976-06-08,,89500,89500,59.2
1976-06-09,,89000,89000,58.9
1976-06-10,,89000,89000,58.9
1976-06-11,,89000,89000,58.9
1976-06-12,,89000,89000,58.9
1976-06-13,,88550,88550,58.6
1976-06-14,,88550,88550,58.6
1976-06-15,,88100,88100,58.3
1976-06-16,,88100,88100,58.3
1976-06-17,,87650,87650,58.0
1976-06-18,,87650,87650,58.0
1976-06-19,,87200,87200,57.7
1976-06-20,,87200,87200,57.7
1976-06-21,,86750,86750,57.4
1976-06-22,,86300,86300,57.1
1976-06-23,,86300,86300,57.1
1976-06-24,,86300,86300,57.1
1976-06-25,,85850,85850,56.8
1976-06-26,,85400,85400,56.5
1976-06-27,,85400,85400,56.5
1976-06-28,,85400,85400,56.5
1976-06-29,,84950,84950,56.2
1976-06-30,,84950,84950,56.2
1976-07-01,,84500,84500,55.9
1976-07-02,,83600,83600,55.3
1976-07-03,,83600,83600,55.3
1976-07-04,,82700,82700,54.7
1976-07-05,,82250,82250,54.4
1976-07-06,,81800,81800,54.1
1976-07-07,,80900,80900,53.5
1976-07-08,,80450,80450,53.2
1976-07-09,,80000,80000,52.9
1976-07-10,,79100,79100,52.3
1976-07-11,,78200,78200,51.8
1976-07-12,,79550,79550,52.6
1976-07-13,,79550,79550,52.6
1976-07-14,,79100,79100,52.3
1976-07-15,,79100,79100,52.3
1976-07-16,,79100,79100,52.3
1976-07-17,,79100,79100,52.3
1976-07-18,,78650,78650,52.0
1976-07-19,,78650,78650,52.0
1976-07-20,,78650,78650,52.0
1976-07-21,,78200,78200,51.8
1976-07-22,,78200,78200,51.8
1976-07-23,,78200,78200,51.8
1976-07-24,,77750,77750,51.5
1976-07-25,,77750,77750,51.5
1976-07-26,,77750,77750,51.5
1976-07-27,,77300,77300,51.2
1976-07-28,,77300,77300,51.2
1976-07-29,,77300,77300,51.2
1976-07-30,,77750,77750,51.5
1976-07-31,,77300,77300,51.2
1976-08-01,,77300,77300,51.2
1976-08-02,,77300,77300,51.2
1976-08-03,,76850,76850,50.9
1976-08-04,,76850,76850,50.9
1976-08-05,,77300,77300,51.2
1976-08-06,,77300,77300,51.2
1976-08-07,,77300,77300,51.2
1976-08-08,,76850,76850,50.9
1976-08-09,,76850,76850,50.9
1976-08-10,,76400,76400,50.6
1976-08-11,,75950,75950,50.3
1976-08-12,,75950,75950,50.3
1976-08-13,,75950,75950,50.3
1976-08-14,,75100,75100,49.7
1976-08-15,,74700,74700,49.4
1976-08-16,,73900,73900,48.9
1976-08-17,,73100,73100,48.4
1976-08-18,,72700,72700,48.1
1976-08-19,,71900,71900,47.6
1976-08-20,,71500,71500,47.3
1976-08-21,,70700,70700,46.8
1976-08-22,,70300,70300,46.5
1976-08-23,,69500,69500,46.0
1976-08-24,,69100,69100,45.7
1976-08-25,,68300,68300,45.2
1976-08-26,,67500,67500,44.7
1976-08-27,,66700,66700,44.1
1976-08-28,,66300,66300,43.9
1976-08-29,,65500,65500,43.3
1976-08-30,,64700,64700,42.8
1976-08-31,,63900,63900,42.3
1976-09-01,,63500,63500,42.0
1976-09-02,,62800,62800,41.6
1976-09-03,,62450,62450,41.3
1976-09-04,,61750,61750,40.9
1976-09-05,,61400,61400,40.6
1976-09-06,,60700,60700,40.2
1976-09-07,,60000,60000,39.7
1976-09-08,,59300,59300,39.2
1976-09-09,,63500,63500,42.0
1976-09-10,,64300,64300,42.6
1976-09-11,,64700,64700,42.8
1976-09-12,,65100,65100,43.1
1976-09-13,,65100,65100,43.1
1976-09-14,,65100,65100,43.1
1976-09-15,,65500,65500,43.3
1976-09-16,,65500,65500,43.3
1976-09-17,,65500,65500,43.3
1976-09-18,,65500,65500,43.3
1976-09-19,,65500,65500,43.3
1976-09-20,,66300,66300,43.9
1976-09-21,,66300,66300,43.9
1976-09-22,,66700,66700,44.1
1976-09-23,,66700,66700,44.1
1976-09-24,,66700,66700,44.1
1976-09-25,,66700,66700,44.1
1976-09-26,,66700,66700,44.1
1976-09-27,,66700,66700,44.1
1976-09-28,,66700,66700,44.1
1976-09-29,,66700,66700,44.1
1976-09-30,,66700,66700,44.1
1976-10-01,,66700,66700,44.1
1976-10-02,,66700,66700,44.1
1976-10-03,,66700,66700,44.1
1976-10-04,,66700,66700,44.1
1976-10-05,,66700,66700,44.1
1976-10-06,,66700,66700,44.1
1976-10-07,,66700,66700,44.1
1976-10-08,,66700,66700,44.1
1976-10-09,,66700,66700,44.1
1976-10-10,,66300,66300,43.9
1976-10-11,,66300,66300,43.9
1976-10-12,,66700,66700,44.1
1976-10-13,,66300,66300,43.9
1976-10-14,,66300,66300,43.9
1976-10-15,,66300,66300,43.9
1976-10-16,,66300,66300,43.9
1976-10-17,,66300,66300,43.9
1976-10-18,,66300,66300,43.9
1976-10-19,,66300,66300,43.9
1976-10-20,,66300,66300,43.9
1976-10-21,,66300,66300,43.9
1976-10-22,,66300,66300,43.9
1976-10-23,,66300,66300,43.9
1976-10-24,,66300,66300,43.9
1976-10-25,,66300,66300,43.9
1976-10-26,,66300,66300,43.9
1976-10-27,,66300,66300,43.9
1976-10-28,,66300,66300,43.9
1976-10-29,,66300,66300,43.9
1976-10-30,,66300,66300,43.9
1976-10-31,,66300,66300,43.9
1976-11-01,,66300,66300,43.9
1976-11-02,,66300,66300,43.9
1976-11-03,,66700,66700,44.1
1976-11-04,,66700,66700,44.1
1976-11-05,,66700,66700,44.1
1976-11-06,,66700,66700,44.1
1976-11-07,,66700,66700,44.1
1976-11-08,,66300,66300,43.9
1976-11-09,,66300,66300,43.9
1976-11-10,,66300,66300,43.9
1976-11-11,,66300,66300,43.9
1976-11-12,,66300,66300,43.9
1976-11-13,,66300,66300,43.9
1976-11-14,,66300,66300,43.9
1976-11-15,,66300,66300,43.9
1976-11-16,,66300,66300,43.9
1976-11-17,,66300,66300,43.9
1976-11-18,,66300,66300,43.9
1976-11-19,,66700,66700,44.1
1976-11-20,,66700,66700,44.1
1976-11-21,,66700,66700,44.1
1976-11-22,,66700,66700,44.1
1976-11-23,,66700,66700,44.1
1976-11-24,,66700,66700,44.1
1976-11-25,,67100,67100,44.4
1976-11-26,,67100,67100,44.4
1976-11-27,,67100,67100,44.4
1976-11-28,,67100,67100,44.4
1976-11-29,,67100,67100,44.4
1976-11-30,,67100,67100,44.4
1976-12-01,,67500,67500,44.7
1976-12-02,,67500,67500,44.7
1976-12-03,,67500,67500,44.7
1976-12-04,,67500,67500,44.7
1976-12-05,,67500,67500,44.7
1976-12-06,,67500,67500,44.7
1976-12-07,,67900,67900,44.9
1976-12-08,,67900,67900,44.9
1976-12-09,,67900,67900,44.9
1976-12-10,,67900,67900,44.9
1976-12-11,,67900,67900,44.9
1976-12-12,,67900,67900,44.9
1976-12-13,,68300,68300,45.2
1976-12-14,,68300,68300,45.2
1976-12-15,,68300,68300,45.2
1976-12-16,,68300,68300,45.2
1976-12-17,,68300,68300,45.2
1976-12-18,,68300,68300,45.2
1976-12-19,,68300,68300,45.2
1976-12-20,,68700,68700,45.5
1976-12-21,,68700,68700,45.5
1976-12-22,,68700,68700,45.5
1976-12-23,,68700,68700,45.5
1976-12-24,,68700,68700,45.5
1976-12-25,,68700,68700,45.5
1976-12-26,,68700,68700,45.5
1976-12-27,,68700,68700,45.5
1976-12-28,,68700,68700,45.5
1976-12-29,,68700,68700,45.5
1976-12-30,,68700,68700,45.5
1976-12-31,,68700,68700,45.5
1977-01-01,,68700,68700,45.5
1977-01-02,,68700,68700,45.5
1977-01-03,,68700,68700,45.5
1977-01-04,,68700,68700,45.5
1977-01-05,,68700,68700,45.5
1977-01-06,,68700,68700,45.5
1977-01-07,,68700,68700,45.5
1977-01-08,,68700,68700,45.5
1977-01-09,,68700,68700,45.5
1977-01-10,,69100,69100,45.7
1977-01-11,,69100,69100,45.7
1977-01-12,,69100,69100,45.7
1977-01-13,,69100,69100,45.7
1977-01-14,,69100,69100,45.7
1977-01-15,,69500,69500,46.0
1977-01-16,,69500,69500,46.0
1977-01-17,,69500,69500,46.0
1977-01-18,,69500,69500,46.0
1977-01-19,,69500,69500,46.0
1977-01-20,,69500,69500,46.0
1977-01-21,,69500,69500,46.0
1977-01-22,,69900,69900,46.3
1977-01-23,,69900,69900,46.3
1977-01-24,,69900,69900,46.3
1977-01-25,,69900,69900,46.3
1977-01-26,,69900,69900,46.3
1977-01-27,,69900,69900,46.3
1977-01-28,,69900,69900,46.3
1977-01-29,,69900,69900,46.3
1977-01-30,,69900,69900,46.3
1977-01-31,,70300,70300,46.5
1977-02-01,,70300,70300,46.5
1977-02-02,,70300,70300,46.5
1977-02-03,,70300,70300,46.5
1977-02-04,,70300,70300,46.5
1977-02-05,,70300,70300,46.5
1977-02-06,,70300,70300,46.5
1977-02-07,,70300,70300,46.5
1977-02-08,,70300,70300,46.5
1977-02-09,,70300,70300,46.5
1977-02-10,,70300,70300,46.5
1977-02-11,,70300,70300,46.5
1977-02-12,,70700,70700,46.8
1977-02-13,,70700,70700,46.8
1977-02-14,,70700,70700,46.8
1977-02-15,,70700,70700,46.8
1977-02-16,,70700,70700,46.8
1977-02-17,,70700,70700,46.8
1977-02-18,,70700,70700,46.8
1977-02-19,,70700,70700,46.8
1977-02-20,,70700,70700,46.8
1977-02-21,,70700,70700,46.8
1977-02-22,,70700,70700,46.8
1977-02-23,,70700,70700,46.8
1977-02-24,,70700,70700,46.8
1977-02-25,,70700,70700,46.8
1977-02-26,,70700,70700,46.8
1977-02-27,,70700,70700,46.8
1977-02-28,,70700,70700,46.8
1977-03-01,,70700,70700,46.8
1977-03-02,,70300,70300,46.5
1977-03-03,,69500,69500,46.0
1977-03-04,,69100,69100,45.7
1977-03-05,,68300,68300,45.2
1977-03-06,,67900,67900,44.9
1977-03-07,,67500,67500,44.7
1977-03-08,,66700,66700,44.1
1977-03-09,,65900,65900,43.6
1977-03-10,,65100,65100,43.1
1977-03-11,,64300,64300,42.6
1977-03-12,,63900,63900,42.3
1977-03-13,,63500,63500,42.0
1977-03-14,,63150,63150,41.8
1977-03-15,,63150,63150,41.8
1977-03-16,,63150,63150,41.8
1977-03-17,,63150,63150,41.8
1977-03-18,,63150,63150,41.8
1977-03-19,,62800,62800,41.6
1977-03-20,,62800,62800,41.6
1977-03-21,,62800,62800,41.6
1977-03-22,,62800,62800,41.6
1977-03-23,,62800,62800,41.6
1977-03-24,,62800,62800,41.6
1977-03-25,,62800,62800,41.6
1977-03-26,,62800,62800,41.6
1977-03-27,,62800,62800,41.6
1977-03-28,,62800,62800,41.6
1977-03-29,,62800,62800,41.6
1977-03-30,,62800,62800,41.6
1977-03-31,,62800,62800,41.6
1977-04-01,,62800,62800,41.6
1977-04-02,,62800,62800,41.6
1977-04-03,,62800,62800,41.6
1977-04-04,,62800,62800,41.6
1977-04-05,,62800,62800,41.6
1977-04-06,,62800,62800,41.6
1977-04-07,,62800,62800,41.6
1977-04-08,,62800,62800,41.6
1977-04-09,,62450,62450,41.3
1977-04-10,,62450,62450,41.3
1977-04-11,,62450,62450,41.3
1977-04-12,,62450,62450,41.3
1977-04-13,,62100,62100,41.1
1977-04-14,,62450,62450,41.3
1977-04-15,,62100,62100,41.1
1977-04-16,,62100,62100,41.1
1977-04-17,,62100,62100,41.1
1977-04-18,,61750,61750,40.9
1977-04-19,,61750,61750,40.9
1977-04-20,,61750,61750,40.9
1977-04-21,,61750,61750,40.9
1977-04-22,,61750,61750,40.9
1977-04-23,,61750,61750,40.9
1977-04-24,,61750,61750,40.9
1977-04-25,,61750,61750,40.9
1977-04-26,,61750,61750,40.9
1977-04-27,,61750,61750,40.9
1977-04-28,,61750,61750,40.9
1977-04-29,,61750,61750,40.9
1977-04-30,,61750,61750,40.9
1977-05-01,,61750,61750,40.9
1977-05-02,,61750,61750,40.9
1977-05-03,,61750,61750,40.9
1977-05-04,,61400,61400,40.6
1977-05-05,,61400,61400,40.6
1977-05-06,,61050,61050,40.4
1977-05-07,,61050,61050,40.4
1977-05-08,,61050,61050,40.4
1977-05-09,,60700,60700,40.2
1977-05-10,,60700,60700,40.2
1977-05-11,,60000,60000,39.7
1977-05-12,,59650,59650,39.5
1977-05-13,,58950,58950,39.0
1977-05-14,,58250,58250,38.5
1977-05-15,,57550,57550,38.1
1977-05-16,,56850,56850,37.6
1977-05-17,,56150,56150,37.2
1977-05-18,,55100,55100,36.5
1977-05-19,,54750,54750,36.2
1977-05-20,,54050,54050,35.8
1977-05-21,,53350,53350,35.3
1977-05-22,,53000,53000,35.1
1977-05-23,,52100,52100,34.5
1977-05-24,,51500,51500,34.1
1977-05-25,,50900,50900,33.7
1977-05-26,,50900,50900,33.7
1977-05-27,,51200,51200,33.9
1977-05-28,,51200,51200,33.9
1977-05-29,,51200,51200,33.9
1977-05-30,,51200,51200,33.9
1977-05-31,,51200,51200,33.9
1977-06-01,,51200,51200,33.9
1977-06-02,,50900,50900,33.7
1977-06-03,,50900,50900,33.7
1977-06-04,,50900,50900,33.7
1977-06-05,,50900,50900,33.7
1977-06-06,,50900,50900,33.7
1977-06-07,,50600,50600,33.5
1977-06-08,,50600,50600,33.5
1977-06-09,,50300,50300,33.3
1977-06-10,,50300,50300,33.3
1977-06-11,,50000,50000,33.1
1977-06-12,,50000,50000,33.1
1977-06-13,,50000,50000,33.1
1977-06-14,,49700,49700,32.9
1977-06-15,,49700,49700,32.9
1977-06-16,,49400,49400,32.7
1977-06-17,,49400,49400,32.7
1977-06-18,,49100,49100,32.5
1977-06-19,,49100,49100,32.5
1977-06-20,,48800,48800,32.3
1977-06-21,,48800,48800,32.3
1977-06-22,,48800,48800,32.3
1977-06-23,,48800,48800,32.3
1977-06-24,,49700,49700,32.9
1977-06-25,,49700,49700,32.9
1977-06-26,,49700,49700,32.9
1977-06-27,,49700,49700,32.9
1977-06-28,,49400,49400,32.7
1977-06-29,,49100,49100,32.5
1977-06-30,,48500,48500,32.1
1977-07-01,,48200,48200,31.9
1977-07-02,,47900,47900,31.7
1977-07-03,,47300,47300,31.3
1977-07-04,,46700,46700,30.9
1977-07-05,,46400,46400,30.7
1977-07-06,,45800,45800,30.3
1977-07-07,,45200,45200,29.9
1977-07-08,,44600,44600,29.5
1977-07-09,,44300,44300,29.3
1977-07-10,,44300,44300,29.3
1977-07-11,,44300,44300,29.3
1977-07-12,,44300,44300,29.3
1977-07-13,,44300,44300,29.3
1977-07-14,,44300,44300,29.3
1977-07-15,,44300,44300,29.3
1977-07-16,,44000,44000,29.1
1977-07-17,,44000,44000,29.1
1977-07-18,,44000,44000,29.1
1977-07-19,,43750,43750,29.0
1977-07-20,,43750,43750,29.0
1977-07-21,,43500,43500,28.8
1977-07-22,,43500,43500,28.8
1977-07-23,,43500,43500,28.8
1977-07-24,,42750,42750,28.3
1977-07-25,,42250,42250,28.0
1977-07-26,,41750,41750,27.6
1977-07-27,,41000,41000,27.1
1977-07-28,,40250,40250,26.6
1977-07-29,,39000,39000,25.8
1977-07-30,,39000,39000,25.8
1977-07-31,,38520,38520,25.5
1977-08-01,,38040,38040,25.2
1977-08-02,,37320,37320,24.7
1977-08-03,,36600,36600,24.2
1977-08-04,,35940,35940,23.8
1977-08-05,,35500,35500,23.5
1977-08-06,,34620,34620,22.9
1977-08-07,,34400,34400,22.8
1977-08-08,,33560,33560,22.2
1977-08-09,,33140,33140,21.9
1977-08-10,,33140,33140,21.9
1977-08-11,,33140,33140,21.9
1977-08-12,,33140,33140,21.9
1977-08-13,,33140,33140,21.9
1977-08-14,,33140,33140,21.9
1977-08-15,,32930,32930,21.8
1977-08-16,,32930,32930,21.8
1977-08-17,,32720,32720,21.7
1977-08-18,,32300,32300,21.4
1977-08-19,,31700,31700,21.0
1977-08-20,,31300,31300,20.7
1977-08-21,,30500,30500,20.2
1977-08-22,,30300,30300,20.1
1977-08-23,,29730,29730,19.7
1977-08-24,,29160,29160,19.3
1977-08-25,,28590,28590,18.9
1977-08-26,,28220,28220,18.7
1977-08-27,,27680,27680,18.3
1977-08-28,,27140,27140,18.0
1977-08-29,,26600,26600,17.6
1977-08-30,,26090,26090,17.3
1977-08-31,,25580,25580,16.9
1977-09-01,,24330,24330,16.1
1977-09-02,,23570,23570,15.6
1977-09-03,,23000,23000,15.2
1977-09-04,,22640,22640,15.0
1977-09-05,,22640,22640,15.0
1977-09-06,,22760,22760,15.1
1977-09-07,,22640,22640,15.0
1977-09-08,,22520,22520,14.9
1977-09-09,,22520,22520,14.9
1977-09-10,,22400,22400,14.8
1977-09-11,,22400,22400,14.8
1977-09-12,,22280,22280,14.7
1977-09-13,,22280,22280,14.7
1977-09-14,,22160,22160,14.7
1977-09-15,,22040,22040,14.6
1977-09-16,,21920,21920,14.5
1977-09-17,,21920,21920,14.5
1977-09-18,,21800,21800,14.4
1977-09-19,,21800,21800,14.4
1977-09-20,,21660,21660,14.3
1977-09-21,,21660,21660,14.3
1977-09-22,,21520,21520,14.2
1977-09-23,,21520,21520,14.2
1977-09-24,,21380,21380,14.1
1977-09-25,,21240,21240,14.1
1977-09-26,,21240,21240,14.1
1977-09-27,,21100,21100,14.0
1977-09-28,,21100,21100,14.0
1977-09-29,,21100,21100,14.0
1977-09-30,,21100,21100,14.0
1977-10-01,,21100,21100,14.0
1977-10-02,,20960,20960,13.9
1977-10-03,,21100,21100,14.0
1977-10-04,,21100,21100,14.0
1977-10-05,,21100,21100,14.0
1977-10-06,,21100,21100,14.0
1977-10-07,,21100,21100,14.0
1977-10-08,,21100,21100,14.0
1977-10-09,,21100,21100,14.0
1977-10-10,,21100,21100,14.0
1977-10-11,,21100,21100,14.0
1977-10-12,,21100,21100,14.0
1977-10-13,,21100,21100,14.0
1977-10-14,,21240,21240,14.1
1977-10-15,,21240,21240,14.1
1977-10-16,,21240,21240,14.1
1977-10-17,,21240,21240,14.1
1977-10-18,,21240,21240,14.1
1977-10-19,,21240,21240,14.1
1977-10-20,,21240,21240,14.1
1977-10-21,,21240,21240,14.1
1977-10-22,,21240,21240,14.1
1977-10-23,,21520,21520,14.2
1977-10-24,,21800,21800,14.4
1977-10-25,,21920,21920,14.5
1977-10-26,,21920,21920,14.5
1977-10-27,,21920,21920,14.5
1977-10-28,,22040,22040,14.6
1977-10-29,,22040,22040,14.6
1977-10-30,,22040,22040,14.6
1977-10-31,,22040,22040,14.6
1977-11-01,,22160,22160,14.7
1977-11-02,,22040,22040,14.6
1977-11-03,,22040,22040,14.6
1977-11-04,,22040,22040,14.6
1977-11-05,,22040,22040,14.6
1977-11-06,,22040,22040,14.6
1977-11-07,,22040,22040,14.6
1977-11-08,,22160,22160,14.7
1977-11-09,,22160,22160,14.7
1977-11-10,,22160,22160,14.7
1977-11-11,,22160,22160,14.7
1977-11-12,,22160,22160,14.7
1977-11-13,,22160,22160,14.7
1977-11-14,,22160,22160,14.7
1977-11-15,,22160,22160,14.7
1977-11-16,,22160,22160,14.7
1977-11-17,,22160,22160,14.7
1977-11-18,,22160,22160,14.7
1977-11-19,,22160,22160,14.7
1977-11-20,,22280,22280,14.7
1977-11-21,,22280,22280,14.7
1977-11-22,,22280,22280,14.7
1977-11-23,,22280,22280,14.7
1977-11-24,,22280,22280,14.7
1977-11-25,,22280,22280,14.7
1977-11-26,,22280,22280,14.7
1977-11-27,,22280,22280,14.7
1977-11-28,,22280,22280,14.7
1977-11-29,,22280,22280,14.7
1977-11-30,,22280,22280,14.7
1977-12-01,,22280,22280,14.7
1977-12-02,,22280,22280,14.7
1977-12-03,,22400,22400,14.8
1977-12-04,,22400,22400,14.8
1977-12-05,,22400,22400,14.8
1977-12-06,,22400,22400,14.8
1977-12-07,,22400,22400,14.8
1977-12-08,,22400,22400,14.8
1977-12-09,,22400,22400,14.8
1977-12-10,,22400,22400,14.8
1977-12-11,,22400,22400,14.8
1977-12-12,,22400,22400,14.8
1977-12-13,,22520,22520,14.9
1977-12-14,,22520,22520,14.9
1977-12-15,,22520,22520,14.9
1977-12-16,,22520,22520,14.9
1977-12-17,,22520,22520,14.9
1977-12-18,,22520,22520,14.9
1977-12-19,,22640,22640,15.0
1977-12-20,,22640,22640,15.0
1977-12-21,,22640,22640,15.0
1977-12-22,,22640,22640,15.0
1977-12-23,,22640,22640,15.0
1977-12-24,,22640,22640,15.0
1977-12-25,,22640,22640,15.0
1977-12-26,,22640,22640,15.0
1977-12-27,,22640,22640,15.0
1977-12-28,,22760,22760,15.1
1977-12-29,,22760,22760,15.1
1977-12-30,,22760,22760,15.1
1977-12-31,,22880,22880,15.1
1978-01-01,,22880,22880,15.1
1978-01-02,,22880,22880,15.1
1978-01-03,,22880,22880,15.1
1978-01-04,,22880,22880,15.1
1978-01-05,,22880,22880,15.1
1978-01-06,,23000,23000,15.2
1978-01-07,,23000,23000,15.2
1978-01-08,,23000,23000,15.2
1978-01-09,,23000,23000,15.2
1978-01-10,,23000,23000,15.2
1978-01-11,,23000,23000,15.2
1978-01-12,,23190,23190,15.3
1978-01-13,,23190,23190,15.3
1978-01-14,,23190,23190,15.3
1978-01-15,,23190,23190,15.3
1978-01-16,,23190,23190,15.3
1978-01-17,,23190,23190,15.3
1978-01-18,,23190,23190,15.3
1978-01-19,,23380,23380,15.5
1978-01-20,,23380,23380,15.5
1978-01-21,,23380,23380,15.5
1978-01-22,,23380,23380,15.5
1978-01-23,,23380,23380,15.5
1978-01-24,,23570,23570,15.6
1978-01-25,,23570,23570,15.6
1978-01-26,,23570,23570,15.6
1978-01-27,,23570,23570,15.6
1978-01-28,,23570,23570,15.6
1978-01-29,,23760,23760,15.7
1978-01-30,,23760,23760,15.7
1978-01-31,,23760,23760,15.7
1978-02-01,,23760,23760,15.7
1978-02-02,,23950,23950,15.8
1978-02-03,,23950,23950,15.8
1978-02-04,,23950,23950,15.8
1978-02-05,,23950,23950,15.8
1978-02-06,,24140,24140,16.0
1978-02-07,,24140,24140,16.0
1978-02-08,,24140,24140,16.0
1978-02-09,,24330,24330,16.1
1978-02-10,,24330,24330,16.1
1978-02-11,,24330,24330,16.1
1978-02-12,,24330,24330,16.1
1978-02-13,,24520,24520,16.2
1978-02-14,,24520,24520,16.2
1978-02-15,,24520,24520,16.2
1978-02-16,,24520,24520,16.2
1978-02-17,,24520,24520,16.2
1978-02-18,,24520,24520,16.2
1978-02-19,,24710,24710,16.4
1978-02-20,,24710,24710,16.4
1978-02-21,,24710,24710,16.4
1978-02-22,,24710,24710,16.4
1978-02-23,,24900,24900,16.5
1978-02-24,,24900,24900,16.5
1978-02-25,,24900,24900,16.5
1978-02-26,,24900,24900,16.5
1978-02-27,,24900,24900,16.5
1978-02-28,,24900,24900,16.5
1978-03-01,,25070,25070,16.6
1978-03-02,,25070,25070,16.6
1978-03-03,,25070,25070,16.6
1978-03-04,,25070,25070,16.6
1978-03-05,,25240,25240,16.7
1978-03-06,,25240,25240,16.7
1978-03-07,,25240,25240,16.7
1978-03-08,,25240,25240,16.7
1978-03-09,,25240,25240,16.7
1978-03-10,,25240,25240,16.7
1978-03-11,,25240,25240,16.7
1978-03-12,,25240,25240,16.7
1978-03-13,,25240,25240,16.7
1978-03-14,,25240,25240,16.7
1978-03-15,,25240,25240,16.7
1978-03-16,,25240,25240,16.7
1978-03-17,,25240,25240,16.7
1978-03-18,,25240,25240,16.7
1978-03-19,,25240,25240,16.7
1978-03-20,,25240,25240,16.7
1978-03-21,,25240,25240,16.7
1978-03-22,,25410,25410,16.8
1978-03-23,,25410,25410,16.8
1978-03-24,,25410,25410,16.8
1978-03-25,,25410,25410,16.8
1978-03-26,,25410,25410,16.8
1978-03-27,,25240,25240,16.7
1978-03-28,,25240,25240,16.7
1978-03-29,,25240,25240,16.7
1978-03-30,,25240,25240,16.7
1978-03-31,,25240,25240,16.7
1978-04-01,,25240,25240,16.7
1978-04-02,,25240,25240,16.7
1978-04-03,,25240,25240,16.7
1978-04-04,,25240,25240,16.7
1978-04-05,,25240,25240,16.7
1978-04-06,,25240,25240,16.7
1978-04-07,,25070,25070,16.6
1978-04-08,,25070,25070,16.6
1978-04-09,,25070,25070,16.6
1978-04-10,,25070,25070,16.6
1978-04-11,,25070,25070,16.6
1978-04-12,,25070,25070,16.6
1978-04-13,,25070,25070,16.6
1978-04-14,,25070,25070,16.6
1978-04-15,,25070,25070,16.6
1978-04-16,,25070,25070,16.6
1978-04-17,,25070,25070,16.6
1978-04-18,,24900,24900,16.5
1978-04-19,,24900,24900,16.5
1978-04-20,,24900,24900,16.5
1978-04-21,,24900,24900,16.5
1978-04-22,,24900,24900,16.5
1978-04-23,,24900,24900,16.5
1978-04-24,,24900,24900,16.5
1978-04-25,,24710,24710,16.4
1978-04-26,,24710,24710,16.4
1978-04-27,,24710,24710,16.4
1978-04-28,,24710,24710,16.4
1978-04-29,,24710,24710,16.4
1978-04-30,,24710,24710,16.4
1978-05-01,,24710,24710,16.4
1978-05-02,,24710,24710,16.4
1978-05-03,,24710,24710,16.4
1978-05-04,,24710,24710,16.4
1978-05-05,,24710,24710,16.4
1978-05-06,,24520,24520,16.2
1978-05-07,,24520,24520,16.2
1978-05-08,,24520,24520,16.2
1978-05-09,,24520,24520,16.2
1978-05-10,,24520,24520,16.2
1978-05-11,,24520,24520,16.2
1978-05-12,,24520,24520,16.2
1978-05-13,,24520,24520,16.2
1978-05-14,,24330,24330,16.1
1978-05-15,,24330,24330,16.1
1978-05-16,,24330,24330,16.1
1978-05-17,,24330,24330,16.1
1978-05-18,,24330,24330,16.1
1978-05-19,,24140,24140,16.0
1978-05-20,,24520,24520,16.2
1978-05-21,,24710,24710,16.4
1978-05-22,,24710,24710,16.4
1978-05-23,,24710,24710,16.4
1978-05-24,,24710,24710,16.4
1978-05-25,,24710,24710,16.4
1978-05-26,,24710,24710,16.4
1978-05-27,,24710,24710,16.4
1978-05-28,,24520,24520,16.2
1978-05-29,,24520,24520,16.2
1978-05-30,,24520,24520,16.2
1978-05-31,,24520,24520,16.2
1978-06-01,,24520,24520,16.2
1978-06-02,,24520,24520,16.2
1978-06-03,,31300,31300,20.7
1978-06-04,,35060,35060,23.2
1978-06-05,,35280,35280,23.3
1978-06-06,,35500,35500,23.5
1978-06-07,,35500,35500,23.5
1978-06-08,,35500,35500,23.5
1978-06-09,,35500,35500,23.5
1978-06-10,,35500,35500,23.5
1978-06-11,,35500,35500,23.5
1978-06-12,,35500,35500,23.5
1978-06-13,,35280,35280,23.3
1978-06-14,,35280,35280,23.3
1978-06-15,,35280,35280,23.3
1978-06-16,,35280,35280,23.3
1978-06-17,,35060,35060,23.2
1978-06-18,,35060,35060,23.2
1978-06-19,,35060,35060,23.2
1978-06-20,,34840,34840,23.1
1978-06-21,,34840,34840,23.1
1978-06-22,,34840,34840,23.1
1978-06-23,,34620,34620,22.9
1978-06-24,,34620,34620,22.9
1978-06-25,,34400,34400,22.8
1978-06-26,,34400,34400,22.8
1978-06-27,,34400,34400,22.8
1978-06-28,,34190,34190,22.6
1978-06-29,,34400,34400,22.8
1978-06-30,,34400,34400,22.8
1978-07-01,,34400,34400,22.8
1978-07-02,,34400,34400,22.8
1978-07-03,,34400,34400,22.8
1978-07-04,,34400,34400,22.8
1978-07-05,,34190,34190,22.6
1978-07-06,,34190,34190,22.6
1978-07-07,,34190,34190,22.6
1978-07-08,,34190,34190,22.6
1978-07-09,,34190,34190,22.6
1978-07-10,,33980,33980,22.5
1978-07-11,,33980,33980,22.5
1978-07-12,,33980,33980,22.5
1978-07-13,,33770,33770,22.3
1978-07-14,,33770,33770,22.3
1978-07-15,,33770,33770,22.3
1978-07-16,,33560,33560,22.2
1978-07-17,,33560,33560,22.2
1978-07-18,,33560,33560,22.2
1978-07-19,,33350,33350,22.1
1978-07-20,,33350,33350,22.1
1978-07-21,,33350,33350,22.1
1978-07-22,,33350,33350,22.1
1978-07-23,,33350,33350,22.1
1978-07-24,,33770,33770,22.3
1978-07-25,,33770,33770,22.3
1978-07-26,,33770,33770,22.3
1978-07-27,,33770,33770,22.3
1978-07-28,,33770,33770,22.3
1978-07-29,,33560,33560,22.2
1978-07-30,,33560,33560,22.2
1978-07-31,,33560,33560,22.2
1978-08-01,,33560,33560,22.2
1978-08-02,,33560,33560,22.2
1978-08-03,,33560,33560,22.2
1978-08-04,,33560,33560,22.2
1978-08-05,,33770,33770,22.3
1978-08-06,,33770,33770,22.3
1978-08-07,,33770,33770,22.3
1978-08-08,,33770,33770,22.3
1978-08-09,,33770,33770,22.3
1978-08-10,,33560,33560,22.2
1978-08-11,,33560,33560,22.2
1978-08-12,,33560,33560,22.2
1978-08-13,,33350,33350,22.1
1978-08-14,,33350,33350,22.1
1978-08-15,,33350,33350,22.1
1978-08-16,,33350,33350,22.1
1978-08-17,,33350,33350,22.1
1978-08-18,,33140,33140,21.9
1978-08-19,,33140,33140,21.9
1978-08-20,,32930,32930,21.8
1978-08-21,,32930,32930,21.8
1978-08-22,,32930,32930,21.8
1978-08-23,,33140,33140,21.9
1978-08-24,,32930,32930,21.8
1978-08-25,,32930,32930,21.8
1978-08-26,,32930,32930,21.8
1978-08-27,,32930,32930,21.8
1978-08-28,,32930,32930,21.8
1978-08-29,,32930,32930,21.8
1978-08-30,,32720,32720,21.7
1978-08-31,,32720,32720,21.7
1978-09-01,,32720,32720,21.7
1978-09-02,,32720,32720,21.7
1978-09-03,,32720,32720,21.7
1978-09-04,,32720,32720,21.7
1978-09-05,,32930,32930,21.8
1978-09-06,,32930,32930,21.8
1978-09-07,,33140,33140,21.9
1978-09-08,,33140,33140,21.9
1978-09-09,,32930,32930,21.8
1978-09-10,,32930,32930,21.8
1978-09-11,,32930,32930,21.8
1978-09-12,,32930,32930,21.8
1978-09-13,,32930,32930,21.8
1978-09-14,,32930,32930,21.8
1978-09-15,,32930,32930,21.8
1978-09-16,,32930,32930,21.8
1978-09-17,,32930,32930,21.8
1978-09-18,,32930,32930,21.8
1978-09-19,,32930,32930,21.8
1978-09-20,,32720,32720,21.7
1978-09-21,,32930,32930,21.8
1978-09-22,,33140,33140,21.9
1978-09-23,,33350,33350,22.1
1978-09-24,,33350,33350,22.1
1978-09-25,,35940,35940,23.8
1978-09-26,,61400,61400,40.6
1978-09-27,,89000,89000,58.9
1978-09-28,,95000,95000,62.9
1978-09-29,,96000,96000,63.5
1978-09-30,,96500,96500,63.9
1978-10-01,,97000,97000,64.2
1978-10-02,,97500,97500,64.5
1978-10-03,,97500,97500,64.5
1978-10-04,,97000,97000,64.2
1978-10-05,,97000,97000,64.2
1978-10-06,,97000,97000,64.2
1978-10-07,,97000,97000,64.2
1978-10-08,,97000,97000,64.2
1978-10-09,,97000,97000,64.2
1978-10-10,,97000,97000,64.2
1978-10-11,,97000,97000,64.2
1978-10-12,,97000,97000,64.2
1978-10-13,,96500,96500,63.9
1978-10-14,,96500,96500,63.9
1978-10-15,,96500,96500,63.9
1978-10-16,,96500,96500,63.9
1978-10-17,,96500,96500,63.9
1978-10-18,,96500,96500,63.9
1978-10-19,,96000,96000,63.5
1978-10-20,,96000,96000,63.5
1978-10-21,,96000,96000,63.5
1978-10-22,,96000,96000,63.5
1978-10-23,,96000,96000,63.5
1978-10-24,,96000,96000,63.5
1978-10-25,,96500,96500,63.9
1978-10-26,,96500,96500,63.9
1978-10-27,,96500,96500,63.9
1978-10-28,,96500,96500,63.9
1978-10-29,,96500,96500,63.9
1978-10-30,,96500,96500,63.9
1978-10-31,,96500,96500,63.9
1978-11-01,,96500,96500,63.9
1978-11-02,,96500,96500,63.9
1978-11-03,,96500,96500,63.9
1978-11-04,,97500,97500,64.5
1978-11-05,,101000,101000,66.8
1978-11-06,,102500,102500,67.8
1978-11-07,,103000,103000,68.2
1978-11-08,,103000,103000,68.2
1978-11-09,,103000,103000,68.2
1978-11-10,,103500,103500,68.5
1978-11-11,,103500,103500,68.5
1978-11-12,,103500,103500,68.5
1978-11-13,,103500,103500,68.5
1978-11-14,,103500,103500,68.5
1978-11-15,,103500,103500,68.5
1978-11-16,,103500,103500,68.5
1978-11-17,,104000,104000,68.8
1978-11-18,,104000,104000,68.8
1978-11-19,,104000,104000,68.8
1978-11-20,,104000,104000,68.8
1978-11-21,,104000,104000,68.8
1978-11-22,,104000,104000,68.8
1978-11-23,,104000,104000,68.8
1978-11-24,,104000,104000,68.8
1978-11-25,,104000,104000,68.8
1978-11-26,,104000,104000,68.8
1978-11-27,,104000,104000,68.8
1978-11-28,,104000,104000,68.8
1978-11-29,,104000,104000,68.8
1978-11-30,,104000,104000,68.8
1978-12-01,,104000,104000,68.8
1978-12-02,,104000,104000,68.8
1978-12-03,,104000,104000,68.8
1978-12-04,,104000,104000,68.8
1978-12-05,,104000,104000,68.8
1978-12-06,,104000,104000,68.8
1978-12-07,,104000,104000,68.8
1978-12-08,,104000,104000,68.8
1978-12-09,,104000,104000,68.8
1978-12-10,,104600,104600,69.2
1978-12-11,,104600,104600,69.2
1978-12-12,,104600,104600,69.2
1978-12-13,,104600,104600,69.2
1978-12-14,,104600,104600,69.2
1978-12-15,,104600,104600,69.2
1978-12-16,,104600,104600,69.2
1978-12-17,,104600,104600,69.2
1978-12-18,,104600,104600,69.2
1978-12-19,,104600,104600,69.2
1978-12-20,,104600,104600,69.2
1978-12-21,,104600,104600,69.2
1978-12-22,,105100,105100,69.6
1978-12-23,,105100,105100,69.6
1978-12-24,,105100,105100,69.6
1978-12-25,,105100,105100,69.6
1978-12-26,,105100,105100,69.6
1978-12-27,,105100,105100,69.6
1978-12-28,,105100,105100,69.6
1978-12-29,,105100,105100,69.6
1978-12-30,,105100,105100,69.6
1978-12-31,,105700,105700,69.9
1979-01-01,,105700,105700,69.9
1979-01-02,,105700,105700,69.9
1979-01-03,,105700,105700,69.9
1979-01-04,,105700,105700,69.9
1979-01-05,,105700,105700,69.9
1979-01-06,,105700,105700,69.9
1979-01-07,,105700,105700,69.9
1979-01-08,,105700,105700,69.9
1979-01-09,,105700,105700,69.9
1979-01-10,,106200,106200,70.3
1979-01-11,,106200,106200,70.3
1979-01-12,,106200,106200,70.3
1979-01-13,,106200,106200,70.3
1979-01-14,,106200,106200,70.3
1979-01-15,,106200,106200,70.3
1979-01-16,,106200,106200,70.3
1979-01-17,,106800,106800,70.7
1979-01-18,,106800,106800,70.7
1979-01-19,,106800,106800,70.7
1979-01-20,,106800,106800,70.7
1979-01-21,,106800,106800,70.7
1979-01-22,,106800,106800,70.7
1979-01-23,,106800,106800,70.7
1979-01-24,,106800,106800,70.7
1979-01-25,,107300,107300,71.0
1979-01-26,,107300,107300,71.0
1979-01-27,,107300,107300,71.0
1979-01-28,,107300,107300,71.0
1979-01-29,,107300,107300,71.0
1979-01-30,,107300,107300,71.0
1979-01-31,,107300,107300,71.0
1979-02-01,,107300,107300,71.0
1979-02-02,,107900,107900,71.4
1979-02-03,,107900,107900,71.4
1979-02-04,,107900,107900,71.4
1979-02-05,,107900,107900,71.4
1979-02-06,,107900,107900,71.4
1979-02-07,,108400,108400,71.7
1979-02-08,,108400,108400,71.7
1979-02-09,,108400,108400,71.7
1979-02-10,,108400,108400,71.7
1979-02-11,,108400,108400,71.7
1979-02-12,,109000,109000,72.1
1979-02-13,,109000,109000,72.1
1979-02-14,,109000,109000,72.1
1979-02-15,,109000,109000,72.1
1979-02-16,,109000,109000,72.1
1979-02-17,,109000,109000,72.1
1979-02-18,,109500,109500,72.5
1979-02-19,,109500,109500,72.5
1979-02-20,,109500,109500,72.5
1979-02-21,,109500,109500,72.5
1979-02-22,,109500,109500,72.5
1979-02-23,,109500,109500,72.5
1979-02-24,,109500,109500,72.5
1979-02-25,,109500,109500,72.5
1979-02-26,,109500,109500,72.5
1979-02-27,,109500,109500,72.5
1979-02-28,,109500,109500,72.5
1979-03-01,,109500,109500,72.5
1979-03-02,,110100,110100,72.9
1979-03-03,,110100,110100,72.9
1979-03-04,,110100,110100,72.9
1979-03-05,,110100,110100,72.9
1979-03-06,,110100,110100,72.9
1979-03-07,,110100,110100,72.9
1979-03-08,,110100,110100,72.9
1979-03-09,,110100,110100,72.9
1979-03-10,,110100,110100,72.9
1979-03-11,,110100,110100,72.9
1979-03-12,,110100,110100,72.9
1979-03-13,,110100,110100,72.9
1979-03-14,,110100,110100,72.9
1979-03-15,,110100,110100,72.9
1979-03-16,,110100,110100,72.9
1979-03-17,,110100,110100,72.9
1979-03-18,,110100,110100,72.9
1979-03-19,,110100,110100,72.9
1979-03-20,,110100,110100,72.9
1979-03-21,,110100,110100,72.9
1979-03-22,,110100,110100,72.9
1979-03-23,,110100,110100,72.9
1979-03-24,,110100,110100,72.9
1979-03-25,,110100,110100,72.9
1979-03-26,,110100,110100,72.9
1979-03-27,,110100,110100,72.9
1979-03-28,,110100,110100,72.9
1979-03-29,,110600,110600,73.2
1979-03-30,,110600,110600,73.2
1979-03-31,,110600,110600,73.2
1979-04-01,,110600,110600,73.2
1979-04-02,,110600,110600,73.2
1979-04-03,,110600,110600,73.2
1979-04-04,,110600,110600,73.2
1979-04-05,,110600,110600,73.2
1979-04-06,,110600,110600,73.2
1979-04-07,,110600,110600,73.2
1979-04-08,,110600,110600,73.2
1979-04-09,,110600,110600,73.2
1979-04-10,,110600,110600,73.2
1979-04-11,,110600,110600,73.2
1979-04-12,,110600,110600,73.2
1979-04-13,,110100,110100,72.9
1979-04-14,,110100,110100,72.9
1979-04-15,,110100,110100,72.9
1979-04-16,,110100,110100,72.9
1979-04-17,,110100,110100,72.9
1979-04-18,,110100,110100,72.9
1979-04-19,,110100,110100,72.9
1979-04-20,,110100,110100,72.9
1979-04-21,,110100,110100,72.9
1979-04-22,,110100,110100,72.9
1979-04-23,,110100,110100,72.9
1979-04-24,,110100,110100,72.9
1979-04-25,,109500,109500,72.5
1979-04-26,,109500,109500,72.5
1979-04-27,,109500,109500,72.5
1979-04-28,,109500,109500,72.5
1979-04-29,,109500,109500,72.5
1979-04-30,,109500,109500,72.5
1979-05-01,,109500,109500,72.5
1979-05-02,,109500,109500,72.5
1979-05-03,,109000,109000,72.1
1979-05-04,,108400,108400,71.7
1979-05-05,,108400,108400,71.7
1979-05-06,,108400,108400,71.7
1979-05-07,,107900,107900,71.4
1979-05-08,,107300,107300,71.0
1979-05-09,,107300,107300,71.0
1979-05-10,,107300,107300,71.0
1979-05-11,,106800,106800,70.7
1979-05-12,,106200,106200,70.3
1979-05-13,,106200,106200,70.3
1979-05-14,,105700,105700,69.9
1979-05-15,,105700,105700,69.9
1979-05-16,,105100,105100,69.6
1979-05-17,,105100,105100,69.6
1979-05-18,,104600,104600,69.2
1979-05-19,,104000,104000,68.8
1979-05-20,,104000,104000,68.8
1979-05-21,,103500,103500,68.5
1979-05-22,,103500,103500,68.5
1979-05-23,,103500,103500,68.5
1979-05-24,,103000,103000,68.2
1979-05-25,,103000,103000,68.2
1979-05-26,,103000,103000,68.2
1979-05-27,,102500,102500,67.8
1979-05-28,,103000,103000,68.2
1979-05-29,,103000,103000,68.2
1979-05-30,,102500,102500,67.8
1979-05-31,,102000,102000,67.5
1979-06-01,,102500,102500,67.8
1979-06-02,,103000,103000,68.2
1979-06-03,,104000,104000,68.8
1979-06-04,,104600,104600,69.2
1979-06-05,,104600,104600,69.2
1979-06-06,,104600,104600,69.2
1979-06-07,,104600,104600,69.2
1979-06-08,,104600,104600,69.2
1979-06-09,,104600,104600,69.2
1979-06-10,,104600,104600,69.2
1979-06-11,,104600,104600,69.2
1979-06-12,,104600,104600,69.2
1979-06-13,,104000,104000,68.8
1979-06-14,,103000,103000,68.2
1979-06-15,,102500,102500,67.8
1979-06-16,,102000,102000,67.5
1979-06-17,,101000,101000,66.8
1979-06-18,,100500,100500,66.5
1979-06-19,,100000,100000,66.2
1979-06-20,,99500,99500,65.8
1979-06-21,,99500,99500,65.8
1979-06-22,,99500,99500,65.8
1979-06-23,,99500,99500,65.8
1979-06-24,,99500,99500,65.8
1979-06-25,,99500,99500,65.8
1979-06-26,,99500,99500,65.8
1979-06-27,,99500,99500,65.8
1979-06-28,,99000,99000,65.5
1979-06-29,,99000,99000,65.5
1979-06-30,,99000,99000,65.5
1979-07-01,,99000,99000,65.5
1979-07-02,,98500,98500,65.2
1979-07-03,,98500,98500,65.2
1979-07-04,,98500,98500,65.2
1979-07-05,,98500,98500,65.2
1979-07-06,,98500,98500,65.2
1979-07-07,,98500,98500,65.2
1979-07-08,,98000,98000,64.9
1979-07-09,,98000,98000,64.9
1979-07-10,,98000,98000,64.9
1979-07-11,,97500,97500,64.5
1979-07-12,,97500,97500,64.5
1979-07-13,,97500,97500,64.5
1979-07-14,,97000,97000,64.2
1979-07-15,,97000,97000,64.2
1979-07-16,,96500,96500,63.9
1979-07-17,,96000,96000,63.5
1979-07-18,,96000,96000,63.5
1979-07-19,,96000,96000,63.5
1979-07-20,,96500,96500,63.9
1979-07-21,,97500,97500,64.5
1979-07-22,,97500,97500,64.5
1979-07-23,,98000,98000,64.9
1979-07-24,,98000,98000,64.9
1979-07-25,,98000,98000,64.9
1979-07-26,,98000,98000,64.9
1979-07-27,,97500,97500,64.5
1979-07-28,,97500,97500,64.5
1979-07-29,,97500,97500,64.5
1979-07-30,,97500,97500,64.5
1979-07-31,,97000,97000,64.2
1979-08-01,,97000,97000,64.2
1979-08-02,,96500,96500,63.9
1979-08-03,,96000,96000,63.5
1979-08-04,,95000,95000,62.9
1979-08-05,,95000,95000,62.9
1979-08-06,,94500,94500,62.5
1979-08-07,,94000,94000,62.2
1979-08-08,,94000,94000,62.2
1979-08-09,,93500,93500,61.9
1979-08-10,,93000,93000,61.5
1979-08-11,,92000,92000,60.9
1979-08-12,,91500,91500,60.6
1979-08-13,,91000,91000,60.2
1979-08-14,,90000,90000,59.6
1979-08-15,,89000,89000,58.9
1979-08-16,,88550,88550,58.6
1979-08-17,,88100,88100,58.3
1979-08-18,,87200,87200,57.7
1979-08-19,,86300,86300,57.1
1979-08-20,,87200,87200,57.7
1979-08-21,,88100,88100,58.3
1979-08-22,,88100,88100,58.3
1979-08-23,,88100,88100,58.3
1979-08-24,,88100,88100,58.3
1979-08-25,,87650,87650,58.0
1979-08-26,,87650,87650,58.0
1979-08-27,,87200,87200,57.7
1979-08-28,,87200,87200,57.7
1979-08-29,,87200,87200,57.7
1979-08-30,,87650,87650,58.0
1979-08-31,,87650,87650,58.0
1979-09-01,,87650,87650,58.0
1979-09-02,,87650,87650,58.0
1979-09-03,,87650,87650,58.0
1979-09-04,,87650,87650,58.0
1979-09-05,,87650,87650,58.0
1979-09-06,,87650,87650,58.0
1979-09-07,,87200,87200,57.7
1979-09-08,,87200,87200,57.7
1979-09-09,,87200,87200,57.7
1979-09-10,,86750,86750,57.4
1979-09-11,,86750,86750,57.4
1979-09-12,,86300,86300,57.1
1979-09-13,,86300,86300,57.1
1979-09-14,,85850,85850,56.8
1979-09-15,,85850,85850,56.8
1979-09-16,,85400,85400,56.5
1979-09-17,,85400,85400,56.5
1979-09-18,,84950,84950,56.2
1979-09-19,,84950,84950,56.2
1979-09-20,,84950,84950,56.2
1979-09-21,,84950,84950,56.2
1979-09-22,,84500,84500,55.9
1979-09-23,,84500,84500,55.9
1979-09-24,,84500,84500,55.9
1979-09-25,,84500,84500,55.9
1979-09-26,,84050,84050,55.6
1979-09-27,,84050,84050,55.6
1979-09-28,,84050,84050,55.6
1979-09-29,,84050,84050,55.6
1979-09-30,,83600,83600,55.3
1979-10-01,,83600,83600,55.3
1979-10-02,,83150,83150,55.0
1979-10-03,,82250,82250,54.4
1979-10-04,,81350,81350,53.8
1979-10-05,,80450,80450,53.2
1979-10-06,,80000,80000,52.9
1979-10-07,,79100,79100,52.3
1979-10-08,,78200,78200,51.8
1979-10-09,,77750,77750,51.5
1979-10-10,,76850,76850,50.9
1979-10-11,,75950,75950,50.3
1979-10-12,,75500,75500,50.0
1979-10-13,,74700,74700,49.4
1979-10-14,,73900,73900,48.9
1979-10-15,,73100,73100,48.4
1979-10-16,,73100,73100,48.4
1979-10-17,,73100,73100,48.4
1979-10-18,,73100,73100,48.4
1979-10-19,,73100,73100,48.4
1979-10-20,,73100,73100,48.4
1979-10-21,,73100,73100,48.4
1979-10-22,,73100,73100,48.4
1979-10-23,,73100,73100,48.4
1979-10-24,,73100,73100,48.4
1979-10-25,,73100,73100,48.4
1979-10-26,,73100,73100,48.4
1979-10-27,,73100,73100,48.4
1979-10-28,,73100,73100,48.4
1979-10-29,,73100,73100,48.4
1979-10-30,,73100,73100,48.4
1979-10-31,,73100,73100,48.4
1979-11-01,,73100,73100,48.4
1979-11-02,,73100,73100,48.4
1979-11-03,,73100,73100,48.4
1979-11-04,,73100,73100,48.4
1979-11-05,,73100,73100,48.4
1979-11-06,,73100,73100,48.4
1979-11-07,,73100,73100,48.4
1979-11-08,,73100,73100,48.4
1979-11-09,,73100,73100,48.4
1979-11-10,,73500,73500,48.6
1979-11-11,,73500,73500,48.6
1979-11-12,,73500,73500,48.6
1979-11-13,,73500,73500,48.6
1979-11-14,,73500,73500,48.6
1979-11-15,,73900,73900,48.9
1979-11-16,,73900,73900,48.9
1979-11-17,,73900,73900,48.9
1979-11-18,,73900,73900,48.9
1979-11-19,,73900,73900,48.9
1979-11-20,,73900,73900,48.9
1979-11-21,,74300,74300,49.2
1979-11-22,,74300,74300,49.2
1979-11-23,,74300,74300,49.2
1979-11-24,,74300,74300,49.2
1979-11-25,,74300,74300,49.2
1979-11-26,,74300,74300,49.2
1979-11-27,,74700,74700,49.4
1979-11-28,,74700,74700,49.4
1979-11-29,,74700,74700,49.4
1979-11-30,,74700,74700,49.4
1979-12-01,,74700,74700,49.4
1979-12-02,,75100,75100,49.7
1979-12-03,,75100,75100,49.7
1979-12-04,,75100,75100,49.7
1979-12-05,,75100,75100,49.7
1979-12-06,,75100,75100,49.7
1979-12-07,,75500,75500,50.0
1979-12-08,,75500,75500,50.0
1979-12-09,,75500,75500,50.0
1979-12-10,,75500,75500,50.0
1979-12-11,,75500,75500,50.0
1979-12-12,,75950,75950,50.3
1979-12-13,,76400,76400,50.6
1979-12-14,,76400,76400,50.6
1979-12-15,,76400,76400,50.6
1979-12-16,,76400,76400,50.6
1979-12-17,,76850,76850,50.9
1979-12-18,,76850,76850,50.9
1979-12-19,,76850,76850,50.9
1979-12-20,,76850,76850,50.9
1979-12-21,,77300,77300,51.2
1979-12-22,,77300,77300,51.2
1979-12-23,,77300,77300,51.2
1979-12-24,,77750,77750,51.5
1979-12-25,,77750,77750,51.5
1979-12-26,,77750,77750,51.5
1979-12-27,,78200,78200,51.8
1979-12-28,,78200,78200,51.8
1979-12-29,,78200,78200,51.8
1979-12-30,,78200,78200,51.8
1979-12-31,,78200,78200,51.8
1980-01-01,,78650,78650,52.0
1980-01-02,,78650,78650,52.0
1980-01-03,,79100,79100,52.3
1980-01-04,,79100,79100,52.3
1980-01-05,,79100,79100,52.3
1980-01-06,,79100,79100,52.3
1980-01-07,,79100,79100,52.3
1980-01-08,,79550,79550,52.6
1980-01-09,,79550,79550,52.6
1980-01-10,,79550,79550,52.6
1980-01-11,,79550,79550,52.6
1980-01-12,,80000,80000,52.9
1980-01-13,,80000,80000,52.9
1980-01-14,,80000,80000,52.9
1980-01-15,,80000,80000,52.9
1980-01-16,,80000,80000,52.9
1980-01-17,,80450,80450,53.2
1980-01-18,,80450,80450,53.2
1980-01-19,,80450,80450,53.2
1980-01-20,,80900,80900,53.5
1980-01-21,,80900,80900,53.5
1980-01-22,,80900,80900,53.5
1980-01-23,,80900,80900,53.5
1980-01-24,,81350,81350,53.8
1980-01-25,,81350,81350,53.8
1980-01-26,,81350,81350,53.8
1980-01-27,,81800,81800,54.1
1980-01-28,,81800,81800,54.1
1980-01-29,,81800,81800,54.1
1980-01-30,,81800,81800,54.1
1980-01-31,,82250,82250,54.4
1980-02-01,,82250,82250,54.4
1980-02-02,,82250,82250,54.4
1980-02-03,,82700,82700,54.7
1980-02-04,,82700,82700,54.7
1980-02-05,,82700,82700,54.7
1980-02-06,,82700,82700,54.7
1980-02-07,,82700,82700,54.7
1980-02-08,,83150,83150,55.0
1980-02-09,,83150,83150,55.0
1980-02-10,,83150,83150,55.0
1980-02-11,,83150,83150,55.0
1980-02-12,,83600,83600,55.3
1980-02-13,,83600,83600,55.3
1980-02-14,,83600,83600,55.3
1980-02-15,,83600,83600,55.3
1980-02-16,,83600,83600,55.3
1980-02-17,,83600,83600,55.3
1980-02-18,,84050,84050,55.6
1980-02-19,,84050,84050,55.6
1980-02-20,,84050,84050,55.6
1980-02-21,,84500,84500,55.9
1980-02-22,,84500,84500,55.9
1980-02-23,,84500,84500,55.9
1980-02-24,,84500,84500,55.9
1980-02-25,,84500,84500,55.9
1980-02-26,,84950,84950,56.2
1980-02-27,,84950,84950,56.2
1980-02-28,,84950,84950,56.2
1980-02-29,,84950,84950,56.2
1980-03-01,,84950,84950,56.2
1980-03-02,,84950,84950,56.2
1980-03-03,,84950,84950,56.2
1980-03-04,,84950,84950,56.2
1980-03-05,,84950,84950,56.2
1980-03-06,,84950,84950,56.2
1980-03-07,,84950,84950,56.2
1980-03-08,,84950,84950,56.2
1980-03-09,,84950,84950,56.2
1980-03-10,,84950,84950,56.2
1980-03-11,,85400,85400,56.5
1980-03-12,,85400,85400,56.5
1980-03-13,,85400,85400,56.5
1980-03-14,,85400,85400,56.5
1980-03-15,,85400,85400,56.5
1980-03-16,,85400,85400,56.5
1980-03-17,,85400,85400,56.5
1980-03-18,,85400,85400,56.5
1980-03-19,,85400,85400,56.5
1980-03-20,,85400,85400,56.5
1980-03-21,,85400,85400,56.5
1980-03-22,,84950,84950,56.2
1980-03-23,,84950,84950,56.2
1980-03-24,,84950,84950,56.2
1980-03-25,,84950,84950,56.2
1980-03-26,,84950,84950,56.2
1980-03-27,,84950,84950,56.2
1980-03-28,,84950,84950,56.2
1980-03-29,,84950,84950,56.2
1980-03-30,,84950,84950,56.2
1980-03-31,,84950,84950,56.2
1980-04-01,,84950,84950,56.2
1980-04-02,,84950,84950,56.2
1980-04-03,,84950,84950,56.2
1980-04-04,,84950,84950,56.2
1980-04-05,,84950,84950,56.2
1980-04-06,,84500,84500,55.9
1980-04-07,,84500,84500,55.9
1980-04-08,,84500,84500,55.9
1980-04-09,,84500,84500,55.9
1980-04-10,,84050,84050,55.6
1980-04-11,,83600,83600,55.3
1980-04-12,,82700,82700,54.7
1980-04-13,,81800,81800,54.1
1980-04-14,,81350,81350,53.8
1980-04-15,,80900,80900,53.5
1980-04-16,,80000,80000,52.9
1980-04-17,,79100,79100,52.3
1980-04-18,,78650,78650,52.0
1980-04-19,,77750,77750,51.5
1980-04-20,,77300,77300,51.2
1980-04-21,,76400,76400,50.6
1980-04-22,,75950,75950,50.3
1980-04-23,,75500,75500,50.0
1980-04-24,,75500,75500,50.0
1980-04-25,,75100,75100,49.7
1980-04-26,,75100,75100,49.7
1980-04-27,,75100,75100,49.7
1980-04-28,,74700,74700,49.4
1980-04-29,,74700,74700,49.4
1980-04-30,,74700,74700,49.4
1980-05-01,,74700,74700,49.4
1980-05-02,,74300,74300,49.2
1980-05-03,,74300,74300,49.2
1980-05-04,,74300,74300,49.2
1980-05-05,,73900,73900,48.9
1980-05-06,,73900,73900,48.9
1980-05-07,,73900,73900,48.9
1980-05-08,,73900,73900,48.9
1980-05-09,,73900,73900,48.9
1980-05-10,,73900,73900,48.9
1980-05-11,,73500,73500,48.6
1980-05-12,,73500,73500,48.6
1980-05-13,,73500,73500,48.6
1980-05-14,,73100,73100,48.4
1980-05-15,,73100,73100,48.4
1980-05-16,,73500,73500,48.6
1980-05-17,,73500,73500,48.6
1980-05-18,,73500,73500,48.6
1980-05-19,,73500,73500,48.6
1980-05-20,,73100,73100,48.4
1980-05-21,,73100,73100,48.4
1980-05-22,,73100,73100,48.4
1980-05-23,,72700,72700,48.1
1980-05-24,,72700,72700,48.1
1980-05-25,,72300,72300,47.8
1980-05-26,,72300,72300,47.8
1980-05-27,,71900,71900,47.6
1980-05-28,,71500,71500,47.3
1980-05-29,,71500,71500,47.3
1980-05-30,,71500,71500,47.3
1980-05-31,,71100,71100,47.1
1980-06-01,,70700,70700,46.8
1980-06-02,,69900,69900,46.3
1980-06-03,,69100,69100,45.7
1980-06-04,,68300,68300,45.2
1980-06-05,,67500,67500,44.7
1980-06-06,,66700,66700,44.1
1980-06-07,,65900,65900,43.6
1980-06-08,,65900,65900,43.6
1980-06-09,,65900,65900,43.6
1980-06-10,,65500,65500,43.3
1980-06-11,,65500,65500,43.3
1980-06-12,,65500,65500,43.3
1980-06-13,,65100,65100,43.1
1980-06-14,,65100,65100,43.1
1980-06-15,,65100,65100,43.1
1980-06-16,,65100,65100,43.1
1980-06-17,,64700,64700,42.8
1980-06-18,,64700,64700,42.8
1980-06-19,,64700,64700,42.8
1980-06-20,,64300,64300,42.6
1980-06-21,,64300,64300,42.6
1980-06-22,,63900,63900,42.3
1980-06-23,,63500,63500,42.0
1980-06-24,,63500,63500,42.0
1980-06-25,,63500,63500,42.0
1980-06-26,,63150,63150,41.8
1980-06-27,,62800,62800,41.6
1980-06-28,,62450,62450,41.3
1980-06-29,,62450,62450,41.3
1980-06-30,,62100,62100,41.1
1980-07-01,,61750,61750,40.9
1980-07-02,,61400,61400,40.6
1980-07-03,,61400,61400,40.6
1980-07-04,,61050,61050,40.4
1980-07-05,,60700,60700,40.2
1980-07-06,,60350,60350,39.9
1980-07-07,,60000,60000,39.7
1980-07-08,,59650,59650,39.5
1980-07-09,,59300,59300,39.2
1980-07-10,,58950,58950,39.0
1980-07-11,,58600,58600,38.8
1980-07-12,,58250,58250,38.5
1980-07-13,,57900,57900,38.3
1980-07-14,,57900,57900,38.3
1980-07-15,,57550,57550,38.1
1980-07-16,,57200,57200,37.9
1980-07-17,,56850,56850,37.6
1980-07-18,,56150,56150,37.2
1980-07-19,,55100,55100,36.5
1980-07-20,,54400,54400,36.0
1980-07-21,,53700,53700,35.5
1980-07-22,,52700,52700,34.9
1980-07-23,,51800,51800,34.3
1980-07-24,,51200,51200,33.9
1980-07-25,,50600,50600,33.5
1980-07-26,,49700,49700,32.9
1980-07-27,,49100,49100,32.5
1980-07-28,,48200,48200,31.9
1980-07-29,,47300,47300,31.3
1980-07-30,,46400,46400,30.7
1980-07-31,,45500,45500,30.1
1980-08-01,,44600,44600,29.5
1980-08-02,,44000,44000,29.1
1980-08-03,,43000,43000,28.5
1980-08-04,,42500,42500,28.1
1980-08-05,,41750,41750,27.6
1980-08-06,,41000,41000,27.1
1980-08-07,,40250,40250,26.6
1980-08-08,,39500,39500,26.1
1980-08-09,,38760,38760,25.7
1980-08-10,,38040,38040,25.2
1980-08-11,,37320,37320,24.7
1980-08-12,,36600,36600,24.2
1980-08-13,,35940,35940,23.8
1980-08-14,,35720,35720,23.6
1980-08-15,,35720,35720,23.6
1980-08-16,,35720,35720,23.6
1980-08-17,,35720,35720,23.6
1980-08-18,,35720,35720,23.6
1980-08-19,,35500,35500,23.5
1980-08-20,,35500,35500,23.5
1980-08-21,,35500,35500,23.5
1980-08-22,,35500,35500,23.5
1980-08-23,,35500,35500,23.5
1980-08-24,,35280,35280,23.3
1980-08-25,,35280,35280,23.3
1980-08-26,,35280,35280,23.3
1980-08-27,,35060,35060,23.2
1980-08-28,,35060,35060,23.2
1980-08-29,,35060,35060,23.2
1980-08-30,,34840,34840,23.1
1980-08-31,,34840,34840,23.1
1980-09-01,,34620,34620,22.9
1980-09-02,,34620,34620,22.9
1980-09-03,,34620,34620,22.9
1980-09-04,,34400,34400,22.8
1980-09-05,,34400,34400,22.8
1980-09-06,,34190,34190,22.6
1980-09-07,,34190,34190,22.6
1980-09-08,,34190,34190,22.6
1980-09-09,,33980,33980,22.5
1980-09-10,,34400,34400,22.8
1980-09-11,,34620,34620,22.9
1980-09-12,,34840,34840,23.1
1980-09-13,,34840,34840,23.1
1980-09-14,,34840,34840,23.1
1980-09-15,,35060,35060,23.2
1980-09-16,,35280,35280,23.3
1980-09-17,,35060,35060,23.2
1980-09-18,,35060,35060,23.2
1980-09-19,,35060,35060,23.2
1980-09-20,,35060,35060,23.2
1980-09-21,,35060,35060,23.2
1980-09-22,,35060,35060,23.2
1980-09-23,,34840,34840,23.1
1980-09-24,,34840,34840,23.1
1980-09-25,,34840,34840,23.1
1980-09-26,,38280,38280,25.3
1980-09-27,,50900,50900,33.7
1980-09-28,,64300,64300,42.6
1980-09-29,,66700,66700,44.1
1980-09-30,,67100,67100,44.4
1980-10-01,,67500,67500,44.7
1980-10-02,,67900,67900,44.9
1980-10-03,,68300,68300,45.2
1980-10-04,,68300,68300,45.2
1980-10-05,,68300,68300,45.2
1980-10-06,,67900,67900,44.9
1980-10-07,,67900,67900,44.9
1980-10-08,,67900,67900,44.9
1980-10-09,,67900,67900,44.9
1980-10-10,,67900,67900,44.9
1980-10-11,,67900,67900,44.9
1980-10-12,,67900,67900,44.9
1980-10-13,,67900,67900,44.9
1980-10-14,,67900,67900,44.9
1980-10-15,,68300,68300,45.2
1980-10-16,,68300,68300,45.2
1980-10-17,,68300,68300,45.2
1980-10-18,,68300,68300,45.2
1980-10-19,,68300,68300,45.2
1980-10-20,,68300,68300,45.2
1980-10-21,,68300,68300,45.2
1980-10-22,,68300,68300,45.2
1980-10-23,,68300,68300,45.2
1980-10-24,,68300,68300,45.2
1980-10-25,,68300,68300,45.2
1980-10-26,,68300,68300,45.2
1980-10-27,,68300,68300,45.2
1980-10-28,,68300,68300,45.2
1980-10-29,,68300,68300,45.2
1980-10-30,,68300,68300,45.2
1980-10-31,,68300,68300,45.2
1980-11-01,,68300,68300,45.2
1980-11-02,,68300,68300,45.2
1980-11-03,,68300,68300,45.2
1980-11-04,,68300,68300,45.2
1980-11-05,,68300,68300,45.2
1980-11-06,,68300,68300,45.2
1980-11-07,,68300,68300,45.2
1980-11-08,,68300,68300,45.2
1980-11-09,,68300,68300,45.2
1980-11-10,,68700,68700,45.5
1980-11-11,,68700,68700,45.5
1980-11-12,,68700,68700,45.5
1980-11-13,,68700,68700,45.5
1980-11-14,,68700,68700,45.5
1980-11-15,,68700,68700,45.5
1980-11-16,,68700,68700,45.5
1980-11-17,,69100,69100,45.7
1980-11-18,,69100,69100,45.7
1980-11-19,,69100,69100,45.7
1980-11-20,,69100,69100,45.7
1980-11-21,,69100,69100,45.7
1980-11-22,,69100,69100,45.7
1980-11-23,,69100,69100,45.7
1980-11-24,,69500,69500,46.0
1980-11-25,,69500,69500,46.0
1980-11-26,,69500,69500,46.0
1980-11-27,,69500,69500,46.0
1980-11-28,,69900,69900,46.3
1980-11-29,,69900,69900,46.3
1980-11-30,,69900,69900,46.3
1980-12-01,,69900,69900,46.3
1980-12-02,,69900,69900,46.3
1980-12-03,,70300,70300,46.5
1980-12-04,,70300,70300,46.5
1980-12-05,,70300,70300,46.5
1980-12-06,,70700,70700,46.8
1980-12-07,,70700,70700,46.8
1980-12-08,,70700,70700,46.8
1980-12-09,,71100,71100,47.1
1980-12-10,,71100,71100,47.1
1980-12-11,,71100,71100,47.1
1980-12-12,,71500,71500,47.3
1980-12-13,,71500,71500,47.3
1980-12-14,,71500,71500,47.3
1980-12-15,,71500,71500,47.3
1980-12-16,,71500,71500,47.3
1980-12-17,,71500,71500,47.3
1980-12-18,,71500,71500,47.3
1980-12-19,,71500,71500,47.3
1980-12-20,,71500,71500,47.3
1980-12-21,,71500,71500,47.3
1980-12-22,,71500,71500,47.3
1980-12-23,,71500,71500,47.3
1980-12-24,,71900,71900,47.6
1980-12-25,,71900,71900,47.6
1980-12-26,,72300,72300,47.8
1980-12-27,,72300,72300,47.8
1980-12-28,,72300,72300,47.8
1980-12-29,,72700,72700,48.1
1980-12-30,,72700,72700,48.1
1980-12-31,,72700,72700,48.1
1981-01-01,,72700,72700,48.1
1981-01-02,,73100,73100,48.4
1981-01-03,,73100,73100,48.4
1981-01-04,,73100,73100,48.4
1981-01-05,,73100,73100,48.4
1981-01-06,,73500,73500,48.6
1981-01-07,,73500,73500,48.6
1981-01-08,,73500,73500,48.6
1981-01-09,,73900,73900,48.9
1981-01-10,,73900,73900,48.9
1981-01-11,,74300,74300,49.2
1981-01-12,,74300,74300,49.2
1981-01-13,,74300,74300,49.2
1981-01-14,,74700,74700,49.4
1981-01-15,,74700,74700,49.4
1981-01-16,,75100,75100,49.7
1981-01-17,,75100,75100,49.7
1981-01-18,,75500,75500,50.0
1981-01-19,,75500,75500,50.0
1981-01-20,,75500,75500,50.0
1981-01-21,,75950,75950,50.3
1981-01-22,,75950,75950,50.3
1981-01-23,,75950,75950,50.3
1981-01-24,,76400,76400,50.6
1981-01-25,,76400,76400,50.6
1981-01-26,,76400,76400,50.6
1981-01-27,,76400,76400,50.6
1981-01-28,,76850,76850,50.9
1981-01-29,,76850,76850,50.9
1981-01-30,,76850,76850,50.9
1981-01-31,,76850,76850,50.9
1981-02-01,,77300,77300,51.2
1981-02-02,,77300,77300,51.2
1981-02-03,,77300,77300,51.2
1981-02-04,,77300,77300,51.2
1981-02-05,,77300,77300,51.2
1981-02-06,,77300,77300,51.2
1981-02-07,,77750,77750,51.5
1981-02-08,,77750,77750,51.5
1981-02-09,,77750,77750,51.5
1981-02-10,,77750,77750,51.5
1981-02-11,,77750,77750,51.5
1981-02-12,,78200,78200,51.8
1981-02-13,,78200,78200,51.8
1981-02-14,,78200,78200,51.8
1981-02-15,,78200,78200,51.8
1981-02-16,,78200,78200,51.8
1981-02-17,,78650,78650,52.0
1981-02-18,,78650,78650,52.0
1981-02-19,,78650,78650,52.0
1981-02-20,,78650,78650,52.0
1981-02-21,,78650,78650,52.0
1981-02-22,,78200,78200,51.8
1981-02-23,,77300,77300,51.2
1981-02-24,,76850,76850,50.9
1981-02-25,,76400,76400,50.6
1981-02-26,,75500,75500,50.0
1981-02-27,,74700,74700,49.4
1981-02-28,,74300,74300,49.2
1981-03-01,,73900,73900,48.9
1981-03-02,,73100,73100,48.4
1981-03-03,,72700,72700,48.1
1981-03-04,,72300,72300,47.8
1981-03-05,,71500,71500,47.3
1981-03-06,,70700,70700,46.8
1981-03-07,,70300,70300,46.5
1981-03-08,,70300,70300,46.5
1981-03-09,,70300,70300,46.5
1981-03-10,,70700,70700,46.8
1981-03-11,,70700,70700,46.8
1981-03-12,,71100,71100,47.1
1981-03-13,,71500,71500,47.3
1981-03-14,,71500,71500,47.3
1981-03-15,,71500,71500,47.3
1981-03-16,,71900,71900,47.6
1981-03-17,,72300,72300,47.8
1981-03-18,,72300,72300,47.8
1981-03-19,,72300,72300,47.8
1981-03-20,,72300,72300,47.8
1981-03-21,,72700,72700,48.1
1981-03-22,,72700,72700,48.1
1981-03-23,,73100,73100,48.4
1981-03-24,,73100,73100,48.4
1981-03-25,,73100,73100,48.4
1981-03-26,,73100,73100,48.4
1981-03-27,,73100,73100,48.4
1981-03-28,,73100,73100,48.4
1981-03-29,,73100,73100,48.4
1981-03-30,,73100,73100,48.4
1981-03-31,,73100,73100,48.4
1981-04-01,,73100,73100,48.4
1981-04-02,,73100,73100,48.4
1981-04-03,,73100,73100,48.4
1981-04-04,,73100,73100,48.4
1981-04-05,,73100,73100,48.4
1981-04-06,,73100,73100,48.4
1981-04-07,,73100,73100,48.4
1981-04-08,,73100,73100,48.4
1981-04-09,,73100,73100,48.4
1981-04-10,,73100,73100,48.4
1981-04-11,,73100,73100,48.4
1981-04-12,,73100,73100,48.4
1981-04-13,,73100,73100,48.4
1981-04-14,,73100,73100,48.4
1981-04-15,,74700,74700,49.4
1981-04-16,,74700,74700,49.4
1981-04-17,,75100,75100,49.7
1981-04-18,,75100,75100,49.7
1981-04-19,,75500,75500,50.0
1981-04-20,,75500,75500,50.0
1981-04-21,,75500,75500,50.0
1981-04-22,,75950,75950,50.3
1981-04-23,,75950,75950,50.3
1981-04-24,,75950,75950,50.3
1981-04-25,,75950,75950,50.3
1981-04-26,,75950,75950,50.3
1981-04-27,,75950,75950,50.3
1981-04-28,,75950,75950,50.3
1981-04-29,,75950,75950,50.3
1981-04-30,,76400,76400,50.6
1981-05-01,,76400,76400,50.6
1981-05-02,,76400,76400,50.6
1981-05-03,,76400,76400,50.6
1981-05-04,,76400,76400,50.6
1981-05-05,,76400,76400,50.6
1981-05-06,,76400,76400,50.6
1981-05-07,,76400,76400,50.6
1981-05-08,,76400,76400,50.6
1981-05-09,,75950,75950,50.3
1981-05-10,,75950,75950,50.3
1981-05-11,,75950,75950,50.3
1981-05-12,,75500,75500,50.0
1981-05-13,,75500,75500,50.0
1981-05-14,,75100,75100,49.7
1981-05-15,,75100,75100,49.7
1981-05-16,,74700,74700,49.4
1981-05-17,,74300,74300,49.2
1981-05-18,,74300,74300,49.2
1981-05-19,,73900,73900,48.9
1981-05-20,,73900,73900,48.9
1981-05-21,,73500,73500,48.6
1981-05-22,,73500,73500,48.6
1981-05-23,,73500,73500,48.6
1981-05-24,,73100,73100,48.4
1981-05-25,,73100,73100,48.4
1981-05-26,,73100,73100,48.4
1981-05-27,,72700,72700,48.1
1981-05-28,,72700,72700,48.1
1981-05-29,,72300,72300,47.8
1981-05-30,,72300,72300,47.8
1981-05-31,,72300,72300,47.8
1981-06-01,,71900,71900,47.6
1981-06-02,,71900,71900,47.6
1981-06-03,,71500,71500,47.3
1981-06-04,,71500,71500,47.3
1981-06-05,,71500,71500,47.3
1981-06-06,,71500,71500,47.3
1981-06-07,,71100,71100,47.1
1981-06-08,,70700,70700,46.8
1981-06-09,,70700,70700,46.8
1981-06-10,,70700,70700,46.8
1981-06-11,,70300,70300,46.5
1981-06-12,,69900,69900,46.3
1981-06-13,,69500,69500,46.0
1981-06-14,,69100,69100,45.7
1981-06-15,,68700,68700,45.5
1981-06-16,,68300,68300,45.2
1981-06-17,,67900,67900,44.9
1981-06-18,,67500,67500,44.7
1981-06-19,,67100,67100,44.4
1981-06-20,,66700,66700,44.1
1981-06-21,,66300,66300,43.9
1981-06-22,,65900,65900,43.6
1981-06-23,,64700,64700,42.8
1981-06-24,,63900,63900,42.3
1981-06-25,,63150,63150,41.8
1981-06-26,,62450,62450,41.3
1981-06-27,,61750,61750,40.9
1981-06-28,,60700,60700,40.2
1981-06-29,,61400,61400,40.6
1981-06-30,,60700,60700,40.2
1981-07-01,,60350,60350,39.9
1981-07-02,,59650,59650,39.5
1981-07-03,,58950,58950,39.0
1981-07-04,,58250,58250,38.5
1981-07-05,,57550,57550,38.1
1981-07-06,,56850,56850,37.6
1981-07-07,,56150,56150,37.2
1981-07-08,,55450,55450,36.7
1981-07-09,,55100,55100,36.5
1981-07-10,,55800,55800,36.9
1981-07-11,,55800,55800,36.9
1981-07-12,,56150,56150,37.2
1981-07-13,,56150,56150,37.2
1981-07-14,,56150,56150,37.2
1981-07-15,,55800,55800,36.9
1981-07-16,,55800,55800,36.9
1981-07-17,,55800,55800,36.9
1981-07-18,,55450,55450,36.7
1981-07-19,,55450,55450,36.7
1981-07-20,,55100,55100,36.5
1981-07-21,,55100,55100,36.5
1981-07-22,,55100,55100,36.5
1981-07-23,,54750,54750,36.2
1981-07-24,,54750,54750,36.2
1981-07-25,,54400,54400,36.0
1981-07-26,,54400,54400,36.0
1981-07-27,,54050,54050,35.8
1981-07-28,,54050,54050,35.8
1981-07-29,,55800,55800,36.9
1981-07-30,,55800,55800,36.9
1981-07-31,,55800,55800,36.9
1981-08-01,,55800,55800,36.9
1981-08-02,,55800,55800,36.9
1981-08-03,,55450,55450,36.7
1981-08-04,,55450,55450,36.7
1981-08-05,,55100,55100,36.5
1981-08-06,,55100,55100,36.5
1981-08-07,,55100,55100,36.5
1981-08-08,,54750,54750,36.2
1981-08-09,,54750,54750,36.2
1981-08-10,,54750,54750,36.2
1981-08-11,,54750,54750,36.2
1981-08-12,,54400,54400,36.0
1981-08-13,,55100,55100,36.5
1981-08-14,,55800,55800,36.9
1981-08-15,,55800,55800,36.9
1981-08-16,,55800,55800,36.9
1981-08-17,,55800,55800,36.9
1981-08-18,,55800,55800,36.9
1981-08-19,,56150,56150,37.2
1981-08-20,,56150,56150,37.2
1981-08-21,,56500,56500,37.4
1981-08-22,,56500,56500,37.4
1981-08-23,,56500,56500,37.4
1981-08-24,,56500,56500,37.4
1981-08-25,,56500,56500,37.4
1981-08-26,,56500,56500,37.4
1981-08-27,,56500,56500,37.4
1981-08-28,,56150,56150,37.2
1981-08-29,,56150,56150,37.2
1981-08-30,,56150,56150,37.2
1981-08-31,,56150,56150,37.2
1981-09-01,,55800,55800,36.9
1981-09-02,,55800,55800,36.9
1981-09-03,,55450,55450,36.7
1981-09-04,,55100,55100,36.5
1981-09-05,,55100,55100,36.5
1981-09-06,,55100,55100,36.5
1981-09-07,,55100,55100,36.5
1981-09-08,,55100,55100,36.5
1981-09-09,,54400,54400,36.0
1981-09-10,,54050,54050,35.8
1981-09-11,,53700,53700,35.5
1981-09-12,,53700,53700,35.5
1981-09-13,,53350,53350,35.3
1981-09-14,,53350,53350,35.3
1981-09-15,,53000,53000,35.1
1981-09-16,,53000,53000,35.1
1981-09-17,,53000,53000,35.1
1981-09-18,,52700,52700,34.9
1981-09-19,,52700,52700,34.9
1981-09-20,,52700,52700,34.9
1981-09-21,,52400,52400,34.7
1981-09-22,,52400,52400,34.7
1981-09-23,,52400,52400,34.7
1981-09-24,,52100,52100,34.5
1981-09-25,,52100,52100,34.5
1981-09-26,,52100,52100,34.5
1981-09-27,,51800,51800,34.3
1981-09-28,,51800,51800,34.3
1981-09-29,,51800,51800,34.3
1981-09-30,,51500,51500,34.1
1981-10-01,,51200,51200,33.9
1981-10-02,,51200,51200,33.9
1981-10-03,,51200,51200,33.9
1981-10-04,,51200,51200,33.9
1981-10-05,,51200,51200,33.9
1981-10-06,,51500,51500,34.1
1981-10-07,,51500,51500,34.1
1981-10-08,,51500,51500,34.1
1981-10-09,,51800,51800,34.3
1981-10-10,,51800,51800,34.3
1981-10-11,,51800,51800,34.3
1981-10-12,,52100,52100,34.5
1981-10-13,,52100,52100,34.5
1981-10-14,,52100,52100,34.5
1981-10-15,,52100,52100,34.5
1981-10-16,,52400,52400,34.7
1981-10-17,,52400,52400,34.7
1981-10-18,,52400,52400,34.7
1981-10-19,,52400,52400,34.7
1981-10-20,,52400,52400,34.7
1981-10-21,,52400,52400,34.7
1981-10-22,,52700,52700,34.9
1981-10-23,,52700,52700,34.9
1981-10-24,,52700,52700,34.9
1981-10-25,,53000,53000,35.1
1981-10-26,,53000,53000,35.1
1981-10-27,,53000,53000,35.1
1981-10-28,,53000,53000,35.1
1981-10-29,,53000,53000,35.1
1981-10-30,,53000,53000,35.1
1981-10-31,,53000,53000,35.1
1981-11-01,,53000,53000,35.1
1981-11-02,,53000,53000,35.1
1981-11-03,,53000,53000,35.1
1981-11-04,,53000,53000,35.1
1981-11-05,,53000,53000,35.1
1981-11-06,,53350,53350,35.3
1981-11-07,,53350,53350,35.3
1981-11-08,,53350,53350,35.3
1981-11-09,,53350,53350,35.3
1981-11-10,,53350,53350,35.3
1981-11-11,,53700,53700,35.5
1981-11-12,,53700,53700,35.5
1981-11-13,,53700,53700,35.5
1981-11-14,,53700,53700,35.5
1981-11-15,,54050,54050,35.8
1981-11-16,,54050,54050,35.8
1981-11-17,,54050,54050,35.8
1981-11-18,,54050,54050,35.8
1981-11-19,,54050,54050,35.8
1981-11-20,,54400,54400,36.0
1981-11-21,,54400,54400,36.0
1981-11-22,,54400,54400,36.0
1981-11-23,,54400,54400,36.0
1981-11-24,,54400,54400,36.0
1981-11-25,,54750,54750,36.2
1981-11-26,,54750,54750,36.2
1981-11-27,,54750,54750,36.2
1981-11-28,,54750,54750,36.2
1981-11-29,,54750,54750,36.2
1981-11-30,,54750,54750,36.2
1981-12-01,,55100,55100,36.5
1981-12-02,,55100,55100,36.5
1981-12-03,,55100,55100,36.5
1981-12-04,,55100,55100,36.5
1981-12-05,,55450,55450,36.7
1981-12-06,,55450,55450,36.7
1981-12-07,,55450,55450,36.7
1981-12-08,,55800,55800,36.9
1981-12-09,,55800,55800,36.9
1981-12-10,,55800,55800,36.9
1981-12-11,,56150,56150,37.2
1981-12-12,,56150,56150,37.2
1981-12-13,,56150,56150,37.2
1981-12-14,,56500,56500,37.4
1981-12-15,,56500,56500,37.4
1981-12-16,,56500,56500,37.4
1981-12-17,,56500,56500,37.4
1981-12-18,,56850,56850,37.6
1981-12-19,,56850,56850,37.6
1981-12-20,,56850,56850,37.6
1981-12-21,,56850,56850,37.6
1981-12-22,,57200,57200,37.9
1981-12-23,,57200,57200,37.9
1981-12-24,,57200,57200,37.9
1981-12-25,,57200,57200,37.9
1981-12-26,,57200,57200,37.9
1981-12-27,,57550,57550,38.1
1981-12-28,,57550,57550,38.1
1981-12-29,,57550,57550,38.1
1981-12-30,,57550,57550,38.1
1981-12-31,,57550,57550,38.1
1982-01-01,,57900,57900,38.3
1982-01-02,,57900,57900,38.3
1982-01-03,,57900,57900,38.3
1982-01-04,,57900,57900,38.3
1982-01-05,,58250,58250,38.5
1982-01-06,,58250,58250,38.5
1982-01-07,,58250,58250,38.5
1982-01-08,,58250,58250,38.5
1982-01-09,,58600,58600,38.8
1982-01-10,,58600,58600,38.8
1982-01-11,,58600,58600,38.8
1982-01-12,,58600,58600,38.8
1982-01-13,,58600,58600,38.8
1982-01-14,,58600,58600,38.8
1982-01-15,,58600,58600,38.8
1982-01-16,,58950,58950,39.0
1982-01-17,,58950,58950,39.0
1982-01-18,,58950,58950,39.0
1982-01-19,,58950,58950,39.0
1982-01-20,,59300,59300,39.2
1982-01-21,,59300,59300,39.2
1982-01-22,,59300,59300,39.2
1982-01-23,,59300,59300,39.2
1982-01-24,,59300,59300,39.2
1982-01-25,,59300,59300,39.2
1982-01-26,,59650,59650,39.5
1982-01-27,,59650,59650,39.5
1982-01-28,,59650,59650,39.5
1982-01-29,,59650,59650,39.5
1982-01-30,,60000,60000,39.7
1982-01-31,,60000,60000,39.7
1982-02-01,,60000,60000,39.7
1982-02-02,,60000,60000,39.7
1982-02-03,,60000,60000,39.7
1982-02-04,,60000,60000,39.7
1982-02-05,,60000,60000,39.7
1982-02-06,,60000,60000,39.7
1982-02-07,,60000,60000,39.7
1982-02-08,,60000,60000,39.7
1982-02-09,,60000,60000,39.7
1982-02-10,,60000,60000,39.7
1982-02-11,,60350,60350,39.9
1982-02-12,,60350,60350,39.9
1982-02-13,,60350,60350,39.9
1982-02-14,,60350,60350,39.9
1982-02-15,,60350,60350,39.9
1982-02-16,,60700,60700,40.2
1982-02-17,,60700,60700,40.2
1982-02-18,,60700,60700,40.2
1982-02-19,,60700,60700,40.2
1982-02-20,,60700,60700,40.2
1982-02-21,,60700,60700,40.2
1982-02-22,,61050,61050,40.4
1982-02-23,,61050,61050,40.4
1982-02-24,,61050,61050,40.4
1982-02-25,,61050,61050,40.4
1982-02-26,,61050,61050,40.4
1982-02-27,,61050,61050,40.4
1982-02-28,,61050,61050,40.4
1982-03-01,,61050,61050,40.4
1982-03-02,,61400,61400,40.6
1982-03-03,,61400,61400,40.6
1982-03-04,,61400,61400,40.6
1982-03-05,,61400,61400,40.6
1982-03-06,,61400,61400,40.6
1982-03-07,,61400,61400,40.6
1982-03-08,,61400,61400,40.6
1982-03-09,,61400,61400,40.6
1982-03-10,,61400,61400,40.6
1982-03-11,,61750,61750,40.9
1982-03-12,,61750,61750,40.9
1982-03-13,,61750,61750,40.9
1982-03-14,,61750,61750,40.9
1982-03-15,,62100,62100,41.1
1982-03-16,,62100,62100,41.1
1982-03-17,,62100,62100,41.1
1982-03-18,,62100,62100,41.1
1982-03-19,,62100,62100,41.1
1982-03-20,,62450,62450,41.3
1982-03-21,,62450,62450,41.3
1982-03-22,,62450,62450,41.3
1982-03-23,,62450,62450,41.3
1982-03-24,,62450,62450,41.3
1982-03-25,,62450,62450,41.3
1982-03-26,,62450,62450,41.3
1982-03-27,,62450,62450,41.3
1982-03-28,,62450,62450,41.3
1982-03-29,,62450,62450,41.3
1982-03-30,,62450,62450,41.3
1982-03-31,,62450,62450,41.3
1982-04-01,,62450,62450,41.3
1982-04-02,,62450,62450,41.3
1982-04-03,,61400,61400,40.6
1982-04-04,,61050,61050,40.4
1982-04-05,,60350,60350,39.9
1982-04-06,,59650,59650,39.5
1982-04-07,,58950,58950,39.0
1982-04-08,,57900,57900,38.3
1982-04-09,,57200,57200,37.9
1982-04-10,,56500,56500,37.4
1982-04-11,,55800,55800,36.9
1982-04-12,,55100,55100,36.5
1982-04-13,,54400,54400,36.0
1982-04-14,,53700,53700,35.5
1982-04-15,,52700,52700,34.9
1982-04-16,,52100,52100,34.5
1982-04-17,,51200,51200,33.9
1982-04-18,,50600,50600,33.5
1982-04-19,,50300,50300,33.3
1982-04-20,,50000,50000,33.1
1982-04-21,,49700,49700,32.9
1982-04-22,,49700,49700,32.9
1982-04-23,,49700,49700,32.9
1982-04-24,,49700,49700,32.9
1982-04-25,,49700,49700,32.9
1982-04-26,,49700,49700,32.9
1982-04-27,,49700,49700,32.9
1982-04-28,,49700,49700,32.9
1982-04-29,,50000,50000,33.1
1982-04-30,,50600,50600,33.5
1982-05-01,,50600,50600,33.5
1982-05-02,,50600,50600,33.5
1982-05-03,,50600,50600,33.5
1982-05-04,,50600,50600,33.5
1982-05-05,,50900,50900,33.7
1982-05-06,,50900,50900,33.7
1982-05-07,,51200,51200,33.9
1982-05-08,,51200,51200,33.9
1982-05-09,,51500,51500,34.1
1982-05-10,,51500,51500,34.1
1982-05-11,,51800,51800,34.3
1982-05-12,,51800,51800,34.3
1982-05-13,,51800,51800,34.3
1982-05-14,,51800,51800,34.3
1982-05-15,,51800,51800,34.3
1982-05-16,,51800,51800,34.3
1982-05-17,,51800,51800,34.3
1982-05-18,,51800,51800,34.3
1982-05-19,,51800,51800,34.3
1982-05-20,,51800,51800,34.3
1982-05-21,,51800,51800,34.3
1982-05-22,,51800,51800,34.3
1982-05-23,,51800,51800,34.3
1982-05-24,,51800,51800,34.3
1982-05-25,,51800,51800,34.3
1982-05-26,,51800,51800,34.3
1982-05-27,,51800,51800,34.3
1982-05-28,,51800,51800,34.3
1982-05-29,,51800,51800,34.3
1982-05-30,,51800,51800,34.3
1982-05-31,,51800,51800,34.3
1982-06-01,,51800,51800,34.3
1982-06-02,,51500,51500,34.1
1982-06-03,,51500,51500,34.1
1982-06-04,,51500,51500,34.1
1982-06-05,,51200,51200,33.9
1982-06-06,,51200,51200,33.9
1982-06-07,,51200,51200,33.9
1982-06-08,,50900,50900,33.7
1982-06-09,,50600,50600,33.5
1982-06-10,,50600,50600,33.5
1982-06-11,,50300,50300,33.3
1982-06-12,,50000,50000,33.1
1982-06-13,,49700,49700,32.9
1982-06-14,,50000,50000,33.1
1982-06-15,,50000,50000,33.1
1982-06-16,,50000,50000,33.1
1982-06-17,,50000,50000,33.1
1982-06-18,,50000,50000,33.1
1982-06-19,,50000,50000,33.1
1982-06-20,,50000,50000,33.1
1982-06-21,,50000,50000,33.1
1982-06-22,,49700,49700,32.9
1982-06-23,,49700,49700,32.9
1982-06-24,,49700,49700,32.9
1982-06-25,,49700,49700,32.9
1982-06-26,,49700,49700,32.9
1982-06-27,,49700,49700,32.9
1982-06-28,,49700,49700,32.9
1982-06-29,,49400,49400,32.7
1982-06-30,,49400,49400,32.7
1982-07-01,,50900,50900,33.7
1982-07-02,,51200,51200,33.9
1982-07-03,,51200,51200,33.9
1982-07-04,,51200,51200,33.9
1982-07-05,,51200,51200,33.9
1982-07-06,,51200,51200,33.9
1982-07-07,,51200,51200,33.9
1982-07-08,,51200,51200,33.9
1982-07-09,,50900,50900,33.7
1982-07-10,,50900,50900,33.7
1982-07-11,,50900,50900,33.7
1982-07-12,,50900,50900,33.7
1982-07-13,,50900,50900,33.7
1982-07-14,,50900,50900,33.7
1982-07-15,,50600,50600,33.5
1982-07-16,,50600,50600,33.5
1982-07-17,,50300,50300,33.3
1982-07-18,,50000,50000,33.1
1982-07-19,,49700,49700,32.9
1982-07-20,,49400,49400,32.7
1982-07-21,,48800,48800,32.3
1982-07-22,,47900,47900,31.7
1982-07-23,,47000,47000,31.1
1982-07-24,,46400,46400,30.7
1982-07-25,,45800,45800,30.3
1982-07-26,,45200,45200,29.9
1982-07-27,,44300,44300,29.3
1982-07-28,,43750,43750,29.0
1982-07-29,,43250,43250,28.6
1982-07-30,,42750,42750,28.3
1982-07-31,,42250,42250,28.0
1982-08-01,,41750,41750,27.6
1982-08-02,,41500,41500,27.5
1982-08-03,,44000,44000,29.1
1982-08-04,,44000,44000,29.1
1982-08-05,,44000,44000,29.1
1982-08-06,,44000,44000,29.1
1982-08-07,,44000,44000,29.1
1982-08-08,,44000,44000,29.1
1982-08-09,,44000,44000,29.1
1982-08-10,,44000,44000,29.1
1982-08-11,,44000,44000,29.1
1982-08-12,,44000,44000,29.1
1982-08-13,,44000,44000,29.1
1982-08-14,,44000,44000,29.1
1982-08-15,,44000,44000,29.1
1982-08-16,,43750,43750,29.0
1982-08-17,,43750,43750,29.0
1982-08-18,,43750,43750,29.0
1982-08-19,,44900,44900,29.7
1982-08-20,,45200,45200,29.9
1982-08-21,,45200,45200,29.9
1982-08-22,,45200,45200,29.9
1982-08-23,,45200,45200,29.9
1982-08-24,,45200,45200,29.9
1982-08-25,,45200,45200,29.9
1982-08-26,,44900,44900,29.7
1982-08-27,,44900,44900,29.7
1982-08-28,,44900,44900,29.7
1982-08-29,,44900,44900,29.7
1982-08-30,,44900,44900,29.7
1982-08-31,,44900,44900,29.7
1982-09-01,,44900,44900,29.7
1982-09-02,,44600,44600,29.5
1982-09-03,,44600,44600,29.5
1982-09-04,,44600,44600,29.5
1982-09-05,,44600,44600,29.5
1982-09-06,,44600,44600,29.5
1982-09-07,,44600,44600,29.5
1982-09-08,,44600,44600,29.5
1982-09-09,,44600,44600,29.5
1982-09-10,,44300,44300,29.3
1982-09-11,,44600,44600,29.5
1982-09-12,,44600,44600,29.5
1982-09-13,,44600,44600,29.5
1982-09-14,,44600,44600,29.5
1982-09-15,,44600,44600,29.5
1982-09-16,,46700,46700,30.9
1982-09-17,,47000,47000,31.1
1982-09-18,,47600,47600,31.5
1982-09-19,,47600,47600,31.5
1982-09-20,,47600,47600,31.5
1982-09-21,,47600,47600,31.5
1982-09-22,,47300,47300,31.3
1982-09-23,,47300,47300,31.3
1982-09-24,,47300,47300,31.3
1982-09-25,,47300,47300,31.3
1982-09-26,,47300,47300,31.3
1982-09-27,,47300,47300,31.3
1982-09-28,,47000,47000,31.1
1982-09-29,,47000,47000,31.1
1982-09-30,,47300,47300,31.3
1982-10-01,,47300,47300,31.3
1982-10-02,,47300,47300,31.3
1982-10-03,,47300,47300,31.3
1982-10-04,,47300,47300,31.3
1982-10-05,,47300,47300,31.3
1982-10-06,,47300,47300,31.3
1982-10-07,,47300,47300,31.3
1982-10-08,,47300,47300,31.3
1982-10-09,,47300,47300,31.3
1982-10-10,,47300,47300,31.3
1982-10-11,,47300,47300,31.3
1982-10-12,,47300,47300,31.3
1982-10-13,,47300,47300,31.3
1982-10-14,,47300,47300,31.3
1982-10-15,,47300,47300,31.3
1982-10-16,,47300,47300,31.3
1982-10-17,,47600,47600,31.5
1982-10-18,,47600,47600,31.5
1982-10-19,,47600,47600,31.5
1982-10-20,,47600,47600,31.5
1982-10-21,,47600,47600,31.5
1982-10-22,,47600,47600,31.5
1982-10-23,,47600,47600,31.5
1982-10-24,,47600,47600,31.5
1982-10-25,,47600,47600,31.5
1982-10-26,,47600,47600,31.5
1982-10-27,,47600,47600,31.5
1982-10-28,,47600,47600,31.5
1982-10-29,,47600,47600,31.5
1982-10-30,,47600,47600,31.5
1982-10-31,,47600,47600,31.5
1982-11-01,,47900,47900,31.7
1982-11-02,,47900,47900,31.7
1982-11-03,,47900,47900,31.7
1982-11-04,,47900,47900,31.7
1982-11-05,,48200,48200,31.9
1982-11-06,,48200,48200,31.9
1982-11-07,,48200,48200,31.9
1982-11-08,,48200,48200,31.9
1982-11-09,,48500,48500,32.1
1982-11-10,,48500,48500,32.1
1982-11-11,,48500,48500,32.1
1982-11-12,,48500,48500,32.1
1982-11-13,,48500,48500,32.1
1982-11-14,,48500,48500,32.1
1982-11-15,,48800,48800,32.3
1982-11-16,,48800,48800,32.3
1982-11-17,,48800,48800,32.3
1982-11-18,,48800,48800,32.3
1982-11-19,,48800,48800,32.3
1982-11-20,,48800,48800,32.3
1982-11-21,,49100,49100,32.5
1982-11-22,,49100,49100,32.5
1982-11-23,,49100,49100,32.5
1982-11-24,,49100,49100,32.5
1982-11-25,,49400,49400,32.7
1982-11-26,,49400,49400,32.7
1982-11-27,,49400,49400,32.7
1982-11-28,,49400,49400,32.7
1982-11-29,,49700,49700,32.9
1982-11-30,,49700,49700,32.9
1982-12-01,,50000,50000,33.1
1982-12-02,,50300,50300,33.3
1982-12-03,,50300,50300,33.3
1982-12-04,,50300,50300,33.3
1982-12-05,,50600,50600,33.5
1982-12-06,,50600,50600,33.5
1982-12-07,,50600,50600,33.5
1982-12-08,,50600,50600,33.5
1982-12-09,,50600,50600,33.5
1982-12-10,,50900,50900,33.7
1982-12-11,,50900,50900,33.7
1982-12-12,,51200,51200,33.9
1982-12-13,,51200,51200,33.9
1982-12-14,,51200,51200,33.9
1982-12-15,,51500,51500,34.1
1982-12-16,,51500,51500,34.1
1982-12-17,,51500,51500,34.1
1982-12-18,,51800,51800,34.3
1982-12-19,,51800,51800,34.3
1982-12-20,,51800,51800,34.3
1982-12-21,,51800,51800,34.3
1982-12-22,,51800,51800,34.3
1982-12-23,,52100,52100,34.5
1982-12-24,,52100,52100,34.5
1982-12-25,,52100,52100,34.5
1982-12-26,,52100,52100,34.5
1982-12-27,,52100,52100,34.5
1982-12-28,,52400,52400,34.7
1982-12-29,,52400,52400,34.7
1982-12-30,,52400,52400,34.7
1982-12-31,,52400,52400,34.7
1983-01-01,,52400,52400,34.7
1983-01-02,,52700,52700,34.9
1983-01-03,,52700,52700,34.9
1983-01-04,,52700,52700,34.9
1983-01-05,,53000,53000,35.1
1983-01-06,,53000,53000,35.1
1983-01-07,,53000,53000,35.1
1983-01-08,,53000,53000,35.1
1983-01-09,,53350,53350,35.3
1983-01-10,,53350,53350,35.3
1983-01-11,,53350,53350,35.3
1983-01-12,,53700,53700,35.5
1983-01-13,,53700,53700,35.5
1983-01-14,,53700,53700,35.5
1983-01-15,,53700,53700,35.5
1983-01-16,,54050,54050,35.8
1983-01-17,,54050,54050,35.8
1983-01-18,,54050,54050,35.8
1983-01-19,,54400,54400,36.0
1983-01-20,,54400,54400,36.0
1983-01-21,,54400,54400,36.0
1983-01-22,,54400,54400,36.0
1983-01-23,,54750,54750,36.2
1983-01-24,,54750,54750,36.2
1983-01-25,,54750,54750,36.2
1983-01-26,,54750,54750,36.2
1983-01-27,,55100,55100,36.5
1983-01-28,,55100,55100,36.5
1983-01-29,,55100,55100,36.5
1983-01-30,,55100,55100,36.5
1983-01-31,,55100,55100,36.5
1983-02-01,,55100,55100,36.5
1983-02-02,,55100,55100,36.5
1983-02-03,,55100,55100,36.5
1983-02-04,,55100,55100,36.5
1983-02-05,,55100,55100,36.5
1983-02-06,,55450,55450,36.7
1983-02-07,,55450,55450,36.7
1983-02-08,,55450,55450,36.7
1983-02-09,,55450,55450,36.7
1983-02-10,,55800,55800,36.9
1983-02-11,,55800,55800,36.9
1983-02-12,,55800,55800,36.9
1983-02-13,,55800,55800,36.9
1983-02-14,,55800,55800,36.9
1983-02-15,,55800,55800,36.9
1983-02-16,,55800,55800,36.9
1983-02-17,,56150,56150,37.2
1983-02-18,,56150,56150,37.2
1983-02-19,,56150,56150,37.2
1983-02-20,,56150,56150,37.2
1983-02-21,,56150,56150,37.2
1983-02-22,,56150,56150,37.2
1983-02-23,,56150,56150,37.2
1983-02-24,,56150,56150,37.2
1983-02-25,,56150,56150,37.2
1983-02-26,,56500,56500,37.4
1983-02-27,,56500,56500,37.4
1983-02-28,,56500,56500,37.4
1983-03-01,,56850,56850,37.6
1983-03-02,,57200,57200,37.9
1983-03-03,,57200,57200,37.9
1983-03-04,,57550,57550,38.1
1983-03-05,,57550,57550,38.1
1983-03-06,,57900,57900,38.3
1983-03-07,,57900,57900,38.3
1983-03-08,,57900,57900,38.3
1983-03-09,,57900,57900,38.3
1983-03-10,,57900,57900,38.3
1983-03-11,,57900,57900,38.3
1983-03-12,,57900,57900,38.3
1983-03-13,,57900,57900,38.3
1983-03-14,,57900,57900,38.3
1983-03-15,,57900,57900,38.3
1983-03-16,,57900,57900,38.3
1983-03-17,,57900,57900,38.3
1983-03-18,,57900,57900,38.3
1983-03-19,,57900,57900,38.3
1983-03-20,,57900,57900,38.3
1983-03-21,,57900,57900,38.3
1983-03-22,,57900,57900,38.3
1983-03-23,,57900,57900,38.3
1983-03-24,,57900,57900,38.3
1983-03-25,,57550,57550,38.1
1983-03-26,,57550,57550,38.1
1983-03-27,,57550,57550,38.1
1983-03-28,,57550,57550,38.1
1983-03-29,,57200,57200,37.9
1983-03-30,,57200,57200,37.9
1983-03-31,,57200,57200,37.9
1983-04-01,,57200,57200,37.9
1983-04-02,,57200,57200,37.9
1983-04-03,,57200,57200,37.9
1983-04-04,,57200,57200,37.9
1983-04-05,,57200,57200,37.9
1983-04-06,,57200,57200,37.9
1983-04-07,,57200,57200,37.9
1983-04-08,,57550,57550,38.1
1983-04-09,,57550,57550,38.1
1983-04-10,,57550,57550,38.1
1983-04-11,,57550,57550,38.1
1983-04-12,,57550,57550,38.1
1983-04-13,,57550,57550,38.1
1983-04-14,,57550,57550,38.1
1983-04-15,,57550,57550,38.1
1983-04-16,,57550,57550,38.1
1983-04-17,,57550,57550,38.1
1983-04-18,,57550,57550,38.1
1983-04-19,,56850,56850,37.6
1983-04-20,,56150,56150,37.2
1983-04-21,,55100,55100,36.5
1983-04-22,,54400,54400,36.0
1983-04-23,,53700,53700,35.5
1983-04-24,,53000,53000,35.1
1983-04-25,,52400,52400,34.7
1983-04-26,,52100,52100,34.5
1983-04-27,,51500,51500,34.1
1983-04-28,,51200,51200,33.9
1983-04-29,,50600,50600,33.5
1983-04-30,,50000,50000,33.1
1983-05-01,,49400,49400,32.7
1983-05-02,,48800,48800,32.3
1983-05-03,,48500,48500,32.1
1983-05-04,,48200,48200,31.9
1983-05-05,,48200,48200,31.9
1983-05-06,,48200,48200,31.9
1983-05-07,,48200,48200,31.9
1983-05-08,,48200,48200,31.9
1983-05-09,,47900,47900,31.7
1983-05-10,,47900,47900,31.7
1983-05-11,,47900,47900,31.7
1983-05-12,,47900,47900,31.7
1983-05-13,,47900,47900,31.7
1983-05-14,,47900,47900,31.7
1983-05-15,,47900,47900,31.7
1983-05-16,,47900,47900,31.7
1983-05-17,,47900,47900,31.7
1983-05-18,,47600,47600,31.5
1983-05-19,,47600,47600,31.5
1983-05-20,,47600,47600,31.5
1983-05-21,,47600,47600,31.5
1983-05-22,,47600,47600,31.5
1983-05-23,,47600,47600,31.5
1983-05-24,,47300,47300,31.3
1983-05-25,,47300,47300,31.3
1983-05-26,,47000,47000,31.1
1983-05-27,,47000,47000,31.1
1983-05-28,,47000,47000,31.1
1983-05-29,,46700,46700,30.9
1983-05-30,,46400,46400,30.7
1983-05-31,,46400,46400,30.7
1983-06-01,,46100,46100,30.5
1983-06-02,,45800,45800,30.3
1983-06-03,,45500,45500,30.1
1983-06-04,,45200,45200,29.9
1983-06-05,,45200,45200,29.9
1983-06-06,,44900,44900,29.7
1983-06-07,,44900,44900,29.7
1983-06-08,,44900,44900,29.7
1983-06-09,,44900,44900,29.7
1983-06-10,,44900,44900,29.7
1983-06-11,,44600,44600,29.5
1983-06-12,,44600,44600,29.5
1983-06-13,,44600,44600,29.5
1983-06-14,,44600,44600,29.5
1983-06-15,,44300,44300,29.3
1983-06-16,,44300,44300,29.3
1983-06-17,,44300,44300,29.3
1983-06-18,,44300,44300,29.3
1983-06-19,,44300,44300,29.3
1983-06-20,,44300,44300,29.3
1983-06-21,,44000,44000,29.1
1983-06-22,,44000,44000,29.1
1983-06-23,,44000,44000,29.1
1983-06-24,,44000,44000,29.1
1983-06-25,,43750,43750,29.0
1983-06-26,,43750,43750,29.0
1983-06-27,,43750,43750,29.0
1983-06-28,,43500,43500,28.8
1983-06-29,,43500,43500,28.8
1983-06-30,,43500,43500,28.8
1983-07-01,,43250,43250,28.6
1983-07-02,,43000,43000,28.5
1983-07-03,,43000,43000,28.5
1983-07-04,,42750,42750,28.3
1983-07-05,,42500,42500,28.1
1983-07-06,,42250,42250,28.0
1983-07-07,,42000,42000,27.8
1983-07-08,,42000,42000,27.8
1983-07-09,,41750,41750,27.6
1983-07-10,,41500,41500,27.5
1983-07-11,,41500,41500,27.5
1983-07-12,,41250,41250,27.3
1983-07-13,,41000,41000,27.1
1983-07-14,,41000,41000,27.1
1983-07-15,,40750,40750,27.0
1983-07-16,,40750,40750,27.0
1983-07-17,,40500,40500,26.8
1983-07-18,,40500,40500,26.8
1983-07-19,,40500,40500,26.8
1983-07-20,,40250,40250,26.6
1983-07-21,,40250,40250,26.6
1983-07-22,,40000,40000,26.5
1983-07-23,,40000,40000,26.5
1983-07-24,,39750,39750,26.3
1983-07-25,,39500,39500,26.1
1983-07-26,,39500,39500,26.1
1983-07-27,,39500,39500,26.1
1983-07-28,,39500,39500,26.1
1983-07-29,,39250,39250,26.0
1983-07-30,,39250,39250,26.0
1983-07-31,,39000,39000,25.8
1983-08-01,,39000,39000,25.8
1983-08-02,,39000,39000,25.8
1983-08-03,,38760,38760,25.7
1983-08-04,,38760,38760,25.7
1983-08-05,,38760,38760,25.7
1983-08-06,,38520,38520,25.5
1983-08-07,,38520,38520,25.5
1983-08-08,,38520,38520,25.5
1983-08-09,,38520,38520,25.5
1983-08-10,,38520,38520,25.5
1983-08-11,,38280,38280,25.3
1983-08-12,,38280,38280,25.3
1983-08-13,,38280,38280,25.3
1983-08-14,,38040,38040,25.2
1983-08-15,,37800,37800,25.0
1983-08-16,,37560,37560,24.9
1983-08-17,,37320,37320,24.7
1983-08-18,,37080,37080,24.5
1983-08-19,,37080,37080,24.5
1983-08-20,,36840,36840,24.4
1983-08-21,,36840,36840,24.4
1983-08-22,,36840,36840,24.4
1983-08-23,,36840,36840,24.4
1983-08-24,,36840,36840,24.4
1983-08-25,,36840,36840,24.4
1983-08-26,,36840,36840,24.4
1983-08-27,,36840,36840,24.4
1983-08-28,,36840,36840,24.4
1983-08-29,,36840,36840,24.4
1983-08-30,,36840,36840,24.4
1983-08-31,,36840,36840,24.4
1983-09-01,,36840,36840,24.4
1983-09-02,,36840,36840,24.4
1983-09-03,,36600,36600,24.2
1983-09-04,,36380,36380,24.1
1983-09-05,,36160,36160,23.9
1983-09-06,,35940,35940,23.8
1983-09-07,,35720,35720,23.6
1983-09-08,,35500,35500,23.5
1983-09-09,,35280,35280,23.3
1983-09-10,,35060,35060,23.2
1983-09-11,,35060,35060,23.2
1983-09-12,,35060,35060,23.2
1983-09-13,,35060,35060,23.2
1983-09-14,,35060,35060,23.2
1983-09-15,,35060,35060,23.2
1983-09-16,,35060,35060,23.2
1983-09-17,,35060,35060,23.2
1983-09-18,,35060,35060,23.2
1983-09-19,,35060,35060,23.2
1983-09-20,,35060,35060,23.2
1983-09-21,,34840,34840,23.1
1983-09-22,,34840,34840,23.1
1983-09-23,,34620,34620,22.9
1983-09-24,,34400,34400,22.8
1983-09-25,,34400,34400,22.8
1983-09-26,,34190,34190,22.6
1983-09-27,,34190,34190,22.6
1983-09-28,,34190,34190,22.6
1983-09-29,,34190,34190,22.6
1983-09-30,,34400,34400,22.8
1983-10-01,,35280,35280,23.3
1983-10-02,,36380,36380,24.1
1983-10-03,,36600,36600,24.2
1983-10-04,,36840,36840,24.4
1983-10-05,,36840,36840,24.4
1983-10-06,,37080,37080,24.5
1983-10-07,,37080,37080,24.5
1983-10-08,,37320,37320,24.7
1983-10-09,,37320,37320,24.7
1983-10-10,,37320,37320,24.7
1983-10-11,,37560,37560,24.9
1983-10-12,,37560,37560,24.9
1983-10-13,,37560,37560,24.9
1983-10-14,,37800,37800,25.0
1983-10-15,,37800,37800,25.0
1983-10-16,,37800,37800,25.0
1983-10-17,,38040,38040,25.2
1983-10-18,,38040,38040,25.2
1983-10-19,,38280,38280,25.3
1983-10-20,,38280,38280,25.3
1983-10-21,,38520,38520,25.5
1983-10-22,,38520,38520,25.5
1983-10-23,,38760,38760,25.7
1983-10-24,,38760,38760,25.7
1983-10-25,,38760,38760,25.7
1983-10-26,,39000,39000,25.8
1983-10-27,,39000,39000,25.8
1983-10-28,,39000,39000,25.8
1983-10-29,,39250,39250,26.0
1983-10-30,,39250,39250,26.0
1983-10-31,,39250,39250,26.0
1983-11-01,,39500,39500,26.1
1983-11-02,,39500,39500,26.1
1983-11-03,,39750,39750,26.3
1983-11-04,,39750,39750,26.3
1983-11-05,,40250,40250,26.6
1983-11-06,,40500,40500,26.8
1983-11-07,,40500,40500,26.8
1983-11-08,,40500,40500,26.8
1983-11-09,,40750,40750,27.0
1983-11-10,,40750,40750,27.0
1983-11-11,,41000,41000,27.1
1983-11-12,,41000,41000,27.1
1983-11-13,,41000,41000,27.1
1983-11-14,,41000,41000,27.1
1983-11-15,,41000,41000,27.1
1983-11-16,,41000,41000,27.1
1983-11-17,,41250,41250,27.3
1983-11-18,,41250,41250,27.3
1983-11-19,,41250,41250,27.3
1983-11-20,,41250,41250,27.3
1983-11-21,,41500,41500,27.5
1983-11-22,,41500,41500,27.5
1983-11-23,,41500,41500,27.5
1983-11-24,,41500,41500,27.5
1983-11-25,,41500,41500,27.5
1983-11-26,,41500,41500,27.5
1983-11-27,,41750,41750,27.6
1983-11-28,,41750,41750,27.6
1983-11-29,,41750,41750,27.6
1983-11-30,,42000,42000,27.8
1983-12-01,,42000,42000,27.8
1983-12-02,,42000,42000,27.8
1983-12-03,,42000,42000,27.8
1983-12-04,,42000,42000,27.8
1983-12-05,,42250,42250,28.0
1983-12-06,,42250,42250,28.0
1983-12-07,,42500,42500,28.1
1983-12-08,,42500,42500,28.1
1983-12-09,,42500,42500,28.1
1983-12-10,,42750,42750,28.3
1983-12-11,,42750,42750,28.3
1983-12-12,,43000,43000,28.5
1983-12-13,,43000,43000,28.5
1983-12-14,,43000,43000,28.5
1983-12-15,,43000,43000,28.5
1983-12-16,,43000,43000,28.5
1983-12-17,,43250,43250,28.6
1983-12-18,,43250,43250,28.6
1983-12-19,,43250,43250,28.6
1983-12-20,,43500,43500,28.8
1983-12-21,,43500,43500,28.8
1983-12-22,,43500,43500,28.8
1983-12-23,,43500,43500,28.8
1983-12-24,,43500,43500,28.8
1983-12-25,,43500,43500,28.8
1983-12-26,,43750,43750,29.0
1983-12-27,,43750,43750,29.0
1983-12-28,,43750,43750,29.0
1983-12-29,,44000,44000,29.1
1983-12-30,,44000,44000,29.1
1983-12-31,,44300,44300,29.3
1984-01-01,,44300,44300,29.3
1984-01-02,,44600,44600,29.5
1984-01-03,,44600,44600,29.5
1984-01-04,,44900,44900,29.7
1984-01-05,,44900,44900,29.7
1984-01-06,,44900,44900,29.7
1984-01-07,,45200,45200,29.9
1984-01-08,,45200,45200,29.9
1984-01-09,,45200,45200,29.9
1984-01-10,,45500,45500,30.1
1984-01-11,,45500,45500,30.1
1984-01-12,,45500,45500,30.1
1984-01-13,,45500,45500,30.1
1984-01-14,,45800,45800,30.3
1984-01-15,,45800,45800,30.3
1984-01-16,,45800,45800,30.3
1984-01-17,,45800,45800,30.3
1984-01-18,,45800,45800,30.3
1984-01-19,,45800,45800,30.3
1984-01-20,,46100,46100,30.5
1984-01-21,,46100,46100,30.5
1984-01-22,,46100,46100,30.5
1984-01-23,,46100,46100,30.5
1984-01-24,,46400,46400,30.7
1984-01-25,,46400,46400,30.7
1984-01-26,,46400,46400,30.7
1984-01-27,,46400,46400,30.7
1984-01-28,,46700,46700,30.9
1984-01-29,,46700,46700,30.9
1984-01-30,,46700,46700,30.9
1984-01-31,,46700,46700,30.9
1984-02-01,,46700,46700,30.9
1984-02-02,,47000,47000,31.1
1984-02-03,,47000,47000,31.1
1984-02-04,,47000,47000,31.1
1984-02-05,,47000,47000,31.1
1984-02-06,,47000,47000,31.1
1984-02-07,,47000,47000,31.1
1984-02-08,,47300,47300,31.3
1984-02-09,,47300,47300,31.3
1984-02-10,,47300,47300,31.3
1984-02-11,,47300,47300,31.3
1984-02-12,,47300,47300,31.3
1984-02-13,,47300,47300,31.3
1984-02-14,,47300,47300,31.3
1984-02-15,,47300,47300,31.3
1984-02-16,,47300,47300,31.3
1984-02-17,,47300,47300,31.3
1984-02-18,,47300,47300,31.3
1984-02-19,,47300,47300,31.3
1984-02-20,,47300,47300,31.3
1984-02-21,,47300,47300,31.3
1984-02-22,,47300,47300,31.3
1984-02-23,,47000,47000,31.1
1984-02-24,,47000,47000,31.1
1984-02-25,,47000,47000,31.1
1984-02-26,,47000,47000,31.1
1984-02-27,,47000,47000,31.1
1984-02-28,,47000,47000,31.1
1984-02-29,,47000,47000,31.1
1984-03-01,,47000,47000,31.1
1984-03-02,,47000,47000,31.1
1984-03-03,,47000,47000,31.1
1984-03-04,,47000,47000,31.1
1984-03-05,,47000,47000,31.1
1984-03-06,,47000,47000,31.1
1984-03-07,,47000,47000,31.1
1984-03-08,,47000,47000,31.1
1984-03-09,,47000,47000,31.1
1984-03-10,,47000,47000,31.1
1984-03-11,,47000,47000,31.1
1984-03-12,,47000,47000,31.1
1984-03-13,,47000,47000,31.1
1984-03-14,,47000,47000,31.1
1984-03-15,,47000,47000,31.1
1984-03-16,,47000,47000,31.1
1984-03-17,,47000,47000,31.1
1984-03-18,,47000,47000,31.1
1984-03-19,,47000,47000,31.1
1984-03-20,,47000,47000,31.1
1984-03-21,,47000,47000,31.1
1984-03-22,,46700,46700,30.9
1984-03-23,,46700,46700,30.9
1984-03-24,,46700,46700,30.9
1984-03-25,,46400,46400,30.7
1984-03-26,,46700,46700,30.9
1984-03-27,,46400,46400,30.7
1984-03-28,,46100,46100,30.5
1984-03-29,,46100,46100,30.5
1984-03-30,,45800,45800,30.3
1984-03-31,,45800,45800,30.3
1984-04-01,,45800,45800,30.3
1984-04-02,,45500,45500,30.1
1984-04-03,,45500,45500,30.1
1984-04-04,,45500,45500,30.1
1984-04-05,,45500,45500,30.1
1984-04-06,,45500,45500,30.1
1984-04-07,,45200,45200,29.9
1984-04-08,,45200,45200,29.9
1984-04-09,,45200,45200,29.9
1984-04-10,,44900,44900,29.7
1984-04-11,,44900,44900,29.7
1984-04-12,,44900,44900,29.7
1984-04-13,,44900,44900,29.7
1984-04-14,,44600,44600,29.5
1984-04-15,,44600,44600,29.5
1984-04-16,,44600,44600,29.5
1984-04-17,,44600,44600,29.5
1984-04-18,,44300,44300,29.3
1984-04-19,,44300,44300,29.3
1984-04-20,,44300,44300,29.3
1984-04-21,,44000,44000,29.1
1984-04-22,,44000,44000,29.1
1984-04-23,,44000,44000,29.1
1984-04-24,,43750,43750,29.0
1984-04-25,,43750,43750,29.0
1984-04-26,,43500,43500,28.8
1984-04-27,,43500,43500,28.8
1984-04-28,,43500,43500,28.8
1984-04-29,,43250,43250,28.6
1984-04-30,,43250,43250,28.6
1984-05-01,,43000,43000,28.5
1984-05-02,,43000,43000,28.5
1984-05-03,,43000,43000,28.5
1984-05-04,,42750,42750,28.3
1984-05-05,,42750,42750,28.3
1984-05-06,,42500,42500,28.1
1984-05-07,,42500,42500,28.1
1984-05-08,,42500,42500,28.1
1984-05-09,,42250,42250,28.0
1984-05-10,,42250,42250,28.0
1984-05-11,,42250,42250,28.0
1984-05-12,,42000,42000,27.8
1984-05-13,,42000,42000,27.8
1984-05-14,,42000,42000,27.8
1984-05-15,,41750,41750,27.6
1984-05-16,,41750,41750,27.6
1984-05-17,,42250,42250,28.0
1984-05-18,,42750,42750,28.3
1984-05-19,,43000,43000,28.5
1984-05-20,,43250,43250,28.6
1984-05-21,,43250,43250,28.6
1984-05-22,,43250,43250,28.6
1984-05-23,,43250,43250,28.6
1984-05-24,,43250,43250,28.6
1984-05-25,,43250,43250,28.6
1984-05-26,,43250,43250,28.6
1984-05-27,,43250,43250,28.6
1984-05-28,,43000,43000,28.5
1984-05-29,,43000,43000,28.5
1984-05-30,,43000,43000,28.5
1984-05-31,,43000,43000,28.5
1984-06-01,,43000,43000,28.5
1984-06-02,,43000,43000,28.5
1984-06-03,,43000,43000,28.5
1984-06-04,,43250,43250,28.6
1984-06-05,,43250,43250,28.6
1984-06-06,,43250,43250,28.6
1984-06-07,,43250,43250,28.6
1984-06-08,,43250,43250,28.6
1984-06-09,,43250,43250,28.6
1984-06-10,,43250,43250,28.6
1984-06-11,,43000,43000,28.5
1984-06-12,,43000,43000,28.5
1984-06-13,,43000,43000,28.5
1984-06-14,,43000,43000,28.5
1984-06-15,,43000,43000,28.5
1984-06-16,,42750,42750,28.3
1984-06-17,,43250,43250,28.6
1984-06-18,,43250,43250,28.6
1984-06-19,,43500,43500,28.8
1984-06-20,,47000,47000,31.1
1984-06-21,,47000,47000,31.1
1984-06-22,,47000,47000,31.1
1984-06-23,,47300,47300,31.3
1984-06-24,,47300,47300,31.3
1984-06-25,,47300,47300,31.3
1984-06-26,,47300,47300,31.3
1984-06-27,,47300,47300,31.3
1984-06-28,,47600,47600,31.5
1984-06-29,,47600,47600,31.5
1984-06-30,,48200,48200,31.9
1984-07-01,,48200,48200,31.9
1984-07-02,,48500,48500,32.1
1984-07-03,,48500,48500,32.1
1984-07-04,,48500,48500,32.1
1984-07-05,,48500,48500,32.1
1984-07-06,,48500,48500,32.1
1984-07-07,,48500,48500,32.1
1984-07-08,,48500,48500,32.1
1984-07-09,,48200,48200,31.9
1984-07-10,,48200,48200,31.9
1984-07-11,,48200,48200,31.9
1984-07-12,,48200,48200,31.9
1984-07-13,,48200,48200,31.9
1984-07-14,,47900,47900,31.7
1984-07-15,,47900,47900,31.7
1984-07-16,,47900,47900,31.7
1984-07-17,,47900,47900,31.7
1984-07-18,,47900,47900,31.7
1984-07-19,,47600,47600,31.5
1984-07-20,,47600,47600,31.5
1984-07-21,,47600,47600,31.5
1984-07-22,,47600,47600,31.5
1984-07-23,,47300,47300,31.3
1984-07-24,,47300,47300,31.3
1984-07-25,,47300,47300,31.3
1984-07-26,,47300,47300,31.3
1984-07-27,,47000,47000,31.1
1984-07-28,,47000,47000,31.1
1984-07-29,,47000,47000,31.1
1984-07-30,,47000,47000,31.1
1984-07-31,,47000,47000,31.1
1984-08-01,,46700,46700,30.9
1984-08-02,,46700,46700,30.9
1984-08-03,,46700,46700,30.9
1984-08-04,,46700,46700,30.9
1984-08-05,,46700,46700,30.9
1984-08-06,,46700,46700,30.9
1984-08-07,,46700,46700,30.9
1984-08-08,,46700,46700,30.9
1984-08-09,,46700,46700,30.9
1984-08-10,,48500,48500,32.1
1984-08-11,,50300,50300,33.3
1984-08-12,,63500,63500,42.0
1984-08-13,,76400,76400,50.6
1984-08-14,,80000,80000,52.9
1984-08-15,,82250,82250,54.4
1984-08-16,,85850,85850,56.8
1984-08-17,,88100,88100,58.3
1984-08-18,,89000,89000,58.9
1984-08-19,,90000,90000,59.6
1984-08-20,,91000,91000,60.2
1984-08-21,,91000,91000,60.2
1984-08-22,,91000,91000,60.2
1984-08-23,,91000,91000,60.2
1984-08-24,,91000,91000,60.2
1984-08-25,,91000,91000,60.2
1984-08-26,,91500,91500,60.6
1984-08-27,,91500,91500,60.6
1984-08-28,,91500,91500,60.6
1984-08-29,,91500,91500,60.6
1984-08-30,,91500,91500,60.6
1984-08-31,,91000,91000,60.2
1984-09-01,,91000,91000,60.2
1984-09-02,,91000,91000,60.2
1984-09-03,,91000,91000,60.2
1984-09-04,,91500,91500,60.6
1984-09-05,,91000,91000,60.2
1984-09-06,,91000,91000,60.2
1984-09-07,,91000,91000,60.2
1984-09-08,,91000,91000,60.2
1984-09-09,,91000,91000,60.2
1984-09-10,,91000,91000,60.2
1984-09-11,,91000,91000,60.2
1984-09-12,,91000,91000,60.2
1984-09-13,,90500,90500,59.9
1984-09-14,,90500,90500,59.9
1984-09-15,,90500,90500,59.9
1984-09-16,,90500,90500,59.9
1984-09-17,,90500,90500,59.9
1984-09-18,,90000,90000,59.6
1984-09-19,,90000,90000,59.6
1984-09-20,,90000,90000,59.6
1984-09-21,,90000,90000,59.6
1984-09-22,,90000,90000,59.6
1984-09-23,,90000,90000,59.6
1984-09-24,,90000,90000,59.6
1984-09-25,,90000,90000,59.6
1984-09-26,,90000,90000,59.6
1984-09-27,,90000,90000,59.6
1984-09-28,,89500,89500,59.2
1984-09-29,,89500,89500,59.2
1984-09-30,,89500,89500,59.2
1984-10-01,,89500,89500,59.2
1984-10-02,,89500,89500,59.2
1984-10-03,,89500,89500,59.2
1984-10-04,,89500,89500,59.2
1984-10-05,,89500,89500,59.2
1984-10-06,,89500,89500,59.2
1984-10-07,,90000,90000,59.6
1984-10-08,,90000,90000,59.6
1984-10-09,,90000,90000,59.6
1984-10-10,,90000,90000,59.6
1984-10-11,,90000,90000,59.6
1984-10-12,,90000,90000,59.6
1984-10-13,,90000,90000,59.6
1984-10-14,,90000,90000,59.6
1984-10-15,,90000,90000,59.6
1984-10-16,,90000,90000,59.6
1984-10-17,,90000,90000,59.6
1984-10-18,,90000,90000,59.6
1984-10-19,,90000,90000,59.6
1984-10-20,,90000,90000,59.6
1984-10-21,,90000,90000,59.6
1984-10-22,,90000,90000,59.6
1984-10-23,,90000,90000,59.6
1984-10-24,,90500,90500,59.9
1984-10-25,,90500,90500,59.9
1984-10-26,,91000,91000,60.2
1984-10-27,,91000,91000,60.2
1984-10-28,,91500,91500,60.6
1984-10-29,,91500,91500,60.6
1984-10-30,,91500,91500,60.6
1984-10-31,,91500,91500,60.6
1984-11-01,,91500,91500,60.6
1984-11-02,,92000,92000,60.9
1984-11-03,,92000,92000,60.9
1984-11-04,,92000,92000,60.9
1984-11-05,,92000,92000,60.9
1984-11-06,,92000,92000,60.9
1984-11-07,,92000,92000,60.9
1984-11-08,,92500,92500,61.2
1984-11-09,,92500,92500,61.2
1984-11-10,,92500,92500,61.2
1984-11-11,,92000,92000,60.9
1984-11-12,,92000,92000,60.9
1984-11-13,,92000,92000,60.9
1984-11-14,,92000,92000,60.9
1984-11-15,,92000,92000,60.9
1984-11-16,,92000,92000,60.9
1984-11-17,,91500,91500,60.6
1984-11-18,,91500,91500,60.6
1984-11-19,,91500,91500,60.6
1984-11-20,,91500,91500,60.6
1984-11-21,,91500,91500,60.6
1984-11-22,,91500,91500,60.6
1984-11-23,,91500,91500,60.6
1984-11-24,,91000,91000,60.2
1984-11-25,,91000,91000,60.2
1984-11-26,,91000,91000,60.2
1984-11-27,,91000,91000,60.2
1984-11-28,,91000,91000,60.2
1984-11-29,,91000,91000,60.2
1984-11-30,,91000,91000,60.2
1984-12-01,,91000,91000,60.2
1984-12-02,,91000,91000,60.2
1984-12-03,,91000,91000,60.2
1984-12-04,,91000,91000,60.2
1984-12-05,,91000,91000,60.2
1984-12-06,,91000,91000,60.2
1984-12-07,,91000,91000,60.2
1984-12-08,,91000,91000,60.2
1984-12-09,,91000,91000,60.2
1984-12-10,,91000,91000,60.2
1984-12-11,,91000,91000,60.2
1984-12-12,,91000,91000,60.2
1984-12-13,,91000,91000,60.2
1984-12-14,,91000,91000,60.2
1984-12-15,,91000,91000,60.2
1984-12-16,,91000,91000,60.2
1984-12-17,,91000,91000,60.2
1984-12-18,,91000,91000,60.2
1984-12-19,,91000,91000,60.2
1984-12-20,,91000,91000,60.2
1984-12-21,,91000,91000,60.2
1984-12-22,,91000,91000,60.2
1984-12-23,,91000,91000,60.2
1984-12-24,,91000,91000,60.2
1984-12-25,,91000,91000,60.2
1984-12-26,,91000,91000,60.2
1984-12-27,,91000,91000,60.2
1984-12-28,,91000,91000,60.2
1984-12-29,,91000,91000,60.2
1984-12-30,,91000,91000,60.2
1984-12-31,,91000,91000,60.2
1985-01-01,,91000,91000,60.2
1985-01-02,,91500,91500,60.6
1985-01-03,,91500,91500,60.6
1985-01-04,,91500,91500,60.6
1985-01-05,,91500,91500,60.6
1985-01-06,,91500,91500,60.6
1985-01-07,,92000,92000,60.9
1985-01-08,,92000,92000,60.9
1985-01-09,,92000,92000,60.9
1985-01-10,,92000,92000,60.9
1985-01-11,,92500,92500,61.2
1985-01-12,,92500,92500,61.2
1985-01-13,,92500,92500,61.2
1985-01-14,,93000,93000,61.5
1985-01-15,,93000,93000,61.5
1985-01-16,,93000,93000,61.5
1985-01-17,,93000,93000,61.5
1985-01-18,,93000,93000,61.5
1985-01-19,,93500,93500,61.9
1985-01-20,,93500,93500,61.9
1985-01-21,,93500,93500,61.9
1985-01-22,,93500,93500,61.9
1985-01-23,,94000,94000,62.2
1985-01-24,,94000,94000,62.2
1985-01-25,,94000,94000,62.2
1985-01-26,,94500,94500,62.5
1985-01-27,,95000,95000,62.9
1985-01-28,,95000,95000,62.9
1985-01-29,,95000,95000,62.9
1985-01-30,,95500,95500,63.2
1985-01-31,,96000,96000,63.5
1985-02-01,,96000,96000,63.5
1985-02-02,,96000,96000,63.5
1985-02-03,,96500,96500,63.9
1985-02-04,,96500,96500,63.9
1985-02-05,,97000,97000,64.2
1985-02-06,,97000,97000,64.2
1985-02-07,,97000,97000,64.2
1985-02-08,,97000,97000,64.2
1985-02-09,,97500,97500,64.5
1985-02-10,,97500,97500,64.5
1985-02-11,,98000,98000,64.9
1985-02-12,,98000,98000,64.9
1985-02-13,,98000,98000,64.9
1985-02-14,,98500,98500,65.2
1985-02-15,,98500,98500,65.2
1985-02-16,,99000,99000,65.5
1985-02-17,,99000,99000,65.5
1985-02-18,,99000,99000,65.5
1985-02-19,,99500,99500,65.8
1985-02-20,,100000,100000,66.2
1985-02-21,,100000,100000,66.2
1985-02-22,,100500,100500,66.5
1985-02-23,,100500,100500,66.5
1985-02-24,,100500,100500,66.5
1985-02-25,,101000,101000,66.8
1985-02-26,,101000,101000,66.8
1985-02-27,,101000,101000,66.8
1985-02-28,,101000,101000,66.8
1985-03-01,,101500,101500,67.2
1985-03-02,,101500,101500,67.2
1985-03-03,,101500,101500,67.2
1985-03-04,,101500,101500,67.2
1985-03-05,,101500,101500,67.2
1985-03-06,,101500,101500,67.2
1985-03-07,,101500,101500,67.2
1985-03-08,,101500,101500,67.2
1985-03-09,,101500,101500,67.2
1985-03-10,,101500,101500,67.2
1985-03-11,,101500,101500,67.2
1985-03-12,,101500,101500,67.2
1985-03-13,,102000,102000,67.5
1985-03-14,,102000,102000,67.5
1985-03-15,,102000,102000,67.5
1985-03-16,,102000,102000,67.5
1985-03-17,,102000,102000,67.5
1985-03-18,,102000,102000,67.5
1985-03-19,,102000,102000,67.5
1985-03-20,,102000,102000,67.5
1985-03-21,,102000,102000,67.5
1985-03-22,,102000,102000,67.5
1985-03-23,,102000,102000,67.5
1985-03-24,,102000,102000,67.5
1985-03-25,,102000,102000,67.5
1985-03-26,,101500,101500,67.2
1985-03-27,,100500,100500,66.5
1985-03-28,,100000,100000,66.2
1985-03-29,,99500,99500,65.8
1985-03-30,,98500,98500,65.2
1985-03-31,,98000,98000,64.9
1985-04-01,,97500,97500,64.5
1985-04-02,,96500,96500,63.9
1985-04-03,,96000,96000,63.5
1985-04-04,,95500,95500,63.2
1985-04-05,,95000,95000,62.9
1985-04-06,,94000,94000,62.2
1985-04-07,,93500,93500,61.9
1985-04-08,,92500,92500,61.2
1985-04-09,,92000,92000,60.9
1985-04-10,,91500,91500,60.6
1985-04-11,,91000,91000,60.2
1985-04-12,,90000,90000,59.6
1985-04-13,,89500,89500,59.2
1985-04-14,,89500,89500,59.2
1985-04-15,,89500,89500,59.2
1985-04-16,,89500,89500,59.2
1985-04-17,,89500,89500,59.2
1985-04-18,,89500,89500,59.2
1985-04-19,,89500,89500,59.2
1985-04-20,,89500,89500,59.2
1985-04-21,,89500,89500,59.2
1985-04-22,,89500,89500,59.2
1985-04-23,,89500,89500,59.2
1985-04-24,,89500,89500,59.2
1985-04-25,,89500,89500,59.2
1985-04-26,,89500,89500,59.2
1985-04-27,,89500,89500,59.2
1985-04-28,,89500,89500,59.2
1985-04-29,,89500,89500,59.2
1985-04-30,,89500,89500,59.2
1985-05-01,,89500,89500,59.2
1985-05-02,,89500,89500,59.2
1985-05-03,,89500,89500,59.2
1985-05-04,,89500,89500,59.2
1985-05-05,,89500,89500,59.2
1985-05-06,,89500,89500,59.2
1985-05-07,,89500,89500,59.2
1985-05-08,,89000,89000,58.9
1985-05-09,,89000,89000,58.9
1985-05-10,,88550,88550,58.6
1985-05-11,,88550,88550,58.6
1985-05-12,,88100,88100,58.3
1985-05-13,,88100,88100,58.3
1985-05-14,,87650,87650,58.0
1985-05-15,,87650,87650,58.0
1985-05-16,,87200,87200,57.7
1985-05-17,,87200,87200,57.7
1985-05-18,,87200,87200,57.7
1985-05-19,,87200,87200,57.7
1985-05-20,,87200,87200,57.7
1985-05-21,,87200,87200,57.7
1985-05-22,,87200,87200,57.7
1985-05-23,,87650,87650,58.0
1985-05-24,,87650,87650,58.0
1985-05-25,,87650,87650,58.0
1985-05-26,,87650,87650,58.0
1985-05-27,,87650,87650,58.0
1985-05-28,,87650,87650,58.0
1985-05-29,,87650,87650,58.0
1985-05-30,,87650,87650,58.0
1985-05-31,,87200,87200,57.7
1985-06-01,,86750,86750,57.4
1985-06-02,,86300,86300,57.1
1985-06-03,,86300,86300,57.1
1985-06-04,,86750,86750,57.4
1985-06-05,,86750,86750,57.4
1985-06-06,,86750,86750,57.4
1985-06-07,,86300,86300,57.1
1985-06-08,,86300,86300,57.1
1985-06-09,,86300,86300,57.1
1985-06-10,,85850,85850,56.8
1985-06-11,,85400,85400,56.5
1985-06-12,,85400,85400,56.5
1985-06-13,,85400,85400,56.5
1985-06-14,,84950,84950,56.2
1985-06-15,,84950,84950,56.2
1985-06-16,,84950,84950,56.2
1985-06-17,,84500,84500,55.9
1985-06-18,,84500,84500,55.9
1985-06-19,,84500,84500,55.9
1985-06-20,,84500,84500,55.9
1985-06-21,,84500,84500,55.9
1985-06-22,,83600,83600,55.3
1985-06-23,,82700,82700,54.7
1985-06-24,,82250,82250,54.4
1985-06-25,,81350,81350,53.8
1985-06-26,,80900,80900,53.5
1985-06-27,,80000,80000,52.9
1985-06-28,,79550,79550,52.6
1985-06-29,,78650,78650,52.0
1985-06-30,,78200,78200,51.8
1985-07-01,,77300,77300,51.2
1985-07-02,,76400,76400,50.6
1985-07-03,,75950,75950,50.3
1985-07-04,,75100,75100,49.7
1985-07-05,,74300,74300,49.2
1985-07-06,,73500,73500,48.6
1985-07-07,,72700,72700,48.1
1985-07-08,,72300,72300,47.8
1985-07-09,,72300,72300,47.8
1985-07-10,,72300,72300,47.8
1985-07-11,,72300,72300,47.8
1985-07-12,,72300,72300,47.8
1985-07-13,,71900,71900,47.6
1985-07-14,,71900,71900,47.6
1985-07-15,,71900,71900,47.6
1985-07-16,,71900,71900,47.6
1985-07-17,,71500,71500,47.3
1985-07-18,,71500,71500,47.3
1985-07-19,,71100,71100,47.1
1985-07-20,,70300,70300,46.5
1985-07-21,,70300,70300,46.5
1985-07-22,,69900,69900,46.3
1985-07-23,,69900,69900,46.3
1985-07-24,,69900,69900,46.3
1985-07-25,,69900,69900,46.3
1985-07-26,,69500,69500,46.0
1985-07-27,,69900,69900,46.3
1985-07-28,,69900,69900,46.3
1985-07-29,,69900,69900,46.3
1985-07-30,,69900,69900,46.3
1985-07-31,,69900,69900,46.3
1985-08-01,,70300,70300,46.5
1985-08-02,,69900,69900,46.3
1985-08-03,,69900,69900,46.3
1985-08-04,,69900,69900,46.3
1985-08-05,,69900,69900,46.3
1985-08-06,,69900,69900,46.3
1985-08-07,,69500,69500,46.0
1985-08-08,,69500,69500,46.0
1985-08-09,,69500,69500,46.0
1985-08-10,,69500,69500,46.0
1985-08-11,,69500,69500,46.0
1985-08-12,,69100,69100,45.7
1985-08-13,,69100,69100,45.7
1985-08-14,,69100,69100,45.7
1985-08-15,,69100,69100,45.7
1985-08-16,,68700,68700,45.5
1985-08-17,,68700,68700,45.5
1985-08-18,,68700,68700,45.5
1985-08-19,,68300,68300,45.2
1985-08-20,,68300,68300,45.2
1985-08-21,,68300,68300,45.2
1985-08-22,,68300,68300,45.2
1985-08-23,,67900,67900,44.9
1985-08-24,,67900,67900,44.9
1985-08-25,,67900,67900,44.9
1985-08-26,,67500,67500,44.7
1985-08-27,,67500,67500,44.7
1985-08-28,,67100,67100,44.4
1985-08-29,,66700,66700,44.1
1985-08-30,,66300,66300,43.9
1985-08-31,,66300,66300,43.9
1985-09-01,,65900,65900,43.6
1985-09-02,,65900,65900,43.6
1985-09-03,,65100,65100,43.1
1985-09-04,,64300,64300,42.6
1985-09-05,,63500,63500,42.0
1985-09-06,,62800,62800,41.6
1985-09-07,,62100,62100,41.1
1985-09-08,,61400,61400,40.6
1985-09-09,,60700,60700,40.2
1985-09-10,,60000,60000,39.7
1985-09-11,,59650,59650,39.5
1985-09-12,,59300,59300,39.2
1985-09-13,,58600,58600,38.8
1985-09-14,,57900,57900,38.3
1985-09-15,,57200,57200,37.9
1985-09-16,,56850,56850,37.6
1985-09-17,,56850,56850,37.6
1985-09-18,,56850,56850,37.6
1985-09-19,,57200,57200,37.9
1985-09-20,,58950,58950,39.0
1985-09-21,,60700,60700,40.2
1985-09-22,,62450,62450,41.3
1985-09-23,,62800,62800,41.6
1985-09-24,,63150,63150,41.8
1985-09-25,,62800,62800,41.6
1985-09-26,,62800,62800,41.6
1985-09-27,,62800,62800,41.6
1985-09-28,,62800,62800,41.6
1985-09-29,,62450,62450,41.3
1985-09-30,,62450,62450,41.3
1985-10-01,,62450,62450,41.3
1985-10-02,,62800,62800,41.6
1985-10-03,,62800,62800,41.6
1985-10-04,,62800,62800,41.6
1985-10-05,,63150,63150,41.8
1985-10-06,,63150,63150,41.8
1985-10-07,,63150,63150,41.8
1985-10-08,,63500,63500,42.0
1985-10-09,,63500,63500,42.0
1985-10-10,,63900,63900,42.3
1985-10-11,,63900,63900,42.3
1985-10-12,,63900,63900,42.3
1985-10-13,,64300,64300,42.6
1985-10-14,,64300,64300,42.6
1985-10-15,,64300,64300,42.6
1985-10-16,,64700,64700,42.8
1985-10-17,,65100,65100,43.1
1985-10-18,,65100,65100,43.1
1985-10-19,,65100,65100,43.1
1985-10-20,,65500,65500,43.3
1985-10-21,,65900,65900,43.6
1985-10-22,,66300,66300,43.9
1985-10-23,,66300,66300,43.9
1985-10-24,,66700,66700,44.1
1985-10-25,,66700,66700,44.1
1985-10-26,,67100,67100,44.4
1985-10-27,,67500,67500,44.7
1985-10-28,,67500,67500,44.7
1985-10-29,,67500,67500,44.7
1985-10-30,,67900,67900,44.9
1985-10-31,,68300,68300,45.2
1985-11-01,,68300,68300,45.2
1985-11-02,,68300,68300,45.2
1985-11-03,,68700,68700,45.5
1985-11-04,,69100,69100,45.7
1985-11-05,,69100,69100,45.7
1985-11-06,,69100,69100,45.7
1985-11-07,,69500,69500,46.0
1985-11-08,,69500,69500,46.0
1985-11-09,,69500,69500,46.0
1985-11-10,,69500,69500,46.0
1985-11-11,,69900,69900,46.3
1985-11-12,,69900,69900,46.3
1985-11-13,,69900,69900,46.3
1985-11-14,,69900,69900,46.3
1985-11-15,,69900,69900,46.3
1985-11-16,,69900,69900,46.3
1985-11-17,,70300,70300,46.5
1985-11-18,,70300,70300,46.5
1985-11-19,,70300,70300,46.5
1985-11-20,,70300,70300,46.5
1985-11-21,,70300,70300,46.5
1985-11-22,,70300,70300,46.5
1985-11-23,,70300,70300,46.5
1985-11-24,,70700,70700,46.8
1985-11-25,,70700,70700,46.8
1985-11-26,,70700,70700,46.8
1985-11-27,,70700,70700,46.8
1985-11-28,,70700,70700,46.8
1985-11-29,,70700,70700,46.8
1985-11-30,,70700,70700,46.8
1985-12-01,,71100,71100,47.1
1985-12-02,,71100,71100,47.1
1985-12-03,,71100,71100,47.1
1985-12-04,,71100,71100,47.1
1985-12-05,,71100,71100,47.1
1985-12-06,,71500,71500,47.3
1985-12-07,,71500,71500,47.3
1985-12-08,,71500,71500,47.3
1985-12-09,,71500,71500,47.3
1985-12-10,,71500,71500,47.3
1985-12-11,,71900,71900,47.6
1985-12-12,,71900,71900,47.6
1985-12-13,,71900,71900,47.6
1985-12-14,,72300,72300,47.8
1985-12-15,,72300,72300,47.8
1985-12-16,,72300,72300,47.8
1985-12-17,,72700,72700,48.1
1985-12-18,,72700,72700,48.1
1985-12-19,,72700,72700,48.1
1985-12-20,,72700,72700,48.1
1985-12-21,,72700,72700,48.1
1985-12-22,,73100,73100,48.4
1985-12-23,,73100,73100,48.4
1985-12-24,,73100,73100,48.4
1985-12-25,,73100,73100,48.4
1985-12-26,,73100,73100,48.4
1985-12-27,,73500,73500,48.6
1985-12-28,,73500,73500,48.6
1985-12-29,,73500,73500,48.6
1985-12-30,,73500,73500,48.6
1985-12-31,,73500,73500,48.6
1986-01-01,,73900,73900,48.9
1986-01-02,,73900,73900,48.9
1986-01-03,,73900,73900,48.9
1986-01-04,,73900,73900,48.9
1986-01-05,,73900,73900,48.9
1986-01-06,,73900,73900,48.9
1986-01-07,,73900,73900,48.9
1986-01-08,,73900,73900,48.9
1986-01-09,,73900,73900,48.9
1986-01-10,,73900,73900,48.9
1986-01-11,,73900,73900,48.9
1986-01-12,,74300,74300,49.2
1986-01-13,,74300,74300,49.2
1986-01-14,,74300,74300,49.2
1986-01-15,,74300,74300,49.2
1986-01-16,,74300,74300,49.2
1986-01-17,,74700,74700,49.4
1986-01-18,,74700,74700,49.4
1986-01-19,,74700,74700,49.4
1986-01-20,,75100,75100,49.7
1986-01-21,,75100,75100,49.7
1986-01-22,,75100,75100,49.7
1986-01-23,,75500,75500,50.0
1986-01-24,,75500,75500,50.0
1986-01-25,,75500,75500,50.0
1986-01-26,,75500,75500,50.0
1986-01-27,,75950,75950,50.3
1986-01-28,,75950,75950,50.3
1986-01-29,,75950,75950,50.3
1986-01-30,,76400,76400,50.6
1986-01-31,,76400,76400,50.6
1986-02-01,,76400,76400,50.6
1986-02-02,,76400,76400,50.6
1986-02-03,,76850,76850,50.9
1986-02-04,,76850,76850,50.9
1986-02-05,,76850,76850,50.9
1986-02-06,,76850,76850,50.9
1986-02-07,,76850,76850,50.9
1986-02-08,,76850,76850,50.9
1986-02-09,,76850,76850,50.9
1986-02-10,,77300,77300,51.2
1986-02-11,,77300,77300,51.2
1986-02-12,,77300,77300,51.2
1986-02-13,,77300,77300,51.2
1986-02-14,,77300,77300,51.2
1986-02-15,,77750,77750,51.5
1986-02-16,,77750,77750,51.5
1986-02-17,,77750,77750,51.5
1986-02-18,,77750,77750,51.5
1986-02-19,,77750,77750,51.5
1986-02-20,,77750,77750,51.5
1986-02-21,,77750,77750,51.5
1986-02-22,,77750,77750,51.5
1986-02-23,,77750,77750,51.5
1986-02-24,,78200,78200,51.8
1986-02-25,,78200,78200,51.8
1986-02-26,,78200,78200,51.8
1986-02-27,,78200,78200,51.8
1986-02-28,,78200,78200,51.8
1986-03-01,,78200,78200,51.8
1986-03-02,,78200,78200,51.8
1986-03-03,,78200,78200,51.8
1986-03-04,,78200,78200,51.8
1986-03-05,,78200,78200,51.8
1986-03-06,,78200,78200,51.8
1986-03-07,,78200,78200,51.8
1986-03-08,,78650,78650,52.0
1986-03-09,,78650,78650,52.0
1986-03-10,,78650,78650,52.0
1986-03-11,,78650,78650,52.0
1986-03-12,,77750,77750,51.5
1986-03-13,,77300,77300,51.2
1986-03-14,,76400,76400,50.6
1986-03-15,,75500,75500,50.0
1986-03-16,,75100,75100,49.7
1986-03-17,,74300,74300,49.2
1986-03-18,,73500,73500,48.6
1986-03-19,,73100,73100,48.4
1986-03-20,,72300,72300,47.8
1986-03-21,,71500,71500,47.3
1986-03-22,,70700,70700,46.8
1986-03-23,,70300,70300,46.5
1986-03-24,,69500,69500,46.0
1986-03-25,,68700,68700,45.5
1986-03-26,,68700,68700,45.5
1986-03-27,,68300,68300,45.2
1986-03-28,,68300,68300,45.2
1986-03-29,,68300,68300,45.2
1986-03-30,,68300,68300,45.2
1986-03-31,,68300,68300,45.2
1986-04-01,,68300,68300,45.2
1986-04-02,,68300,68300,45.2
1986-04-03,,68300,68300,45.2
1986-04-04,,68300,68300,45.2
1986-04-05,,68300,68300,45.2
1986-04-06,,68300,68300,45.2
1986-04-07,,68300,68300,45.2
1986-04-08,,67900,67900,44.9
1986-04-09,,67900,67900,44.9
1986-04-10,,67900,67900,44.9
1986-04-11,,67900,67900,44.9
1986-04-12,,67900,67900,44.9
1986-04-13,,67900,67900,44.9
1986-04-14,,67900,67900,44.9
1986-04-15,,67900,67900,44.9
1986-04-16,,67900,67900,44.9
1986-04-17,,67900,67900,44.9
1986-04-18,,67500,67500,44.7
1986-04-19,,67500,67500,44.7
1986-04-20,,67100,67100,44.4
1986-04-21,,66700,66700,44.1
1986-04-22,,66700,66700,44.1
1986-04-23,,66300,66300,43.9
1986-04-24,,66300,66300,43.9
1986-04-25,,66300,66300,43.9
1986-04-26,,66300,66300,43.9
1986-04-27,,66300,66300,43.9
1986-04-28,,65900,65900,43.6
1986-04-29,,65900,65900,43.6
1986-04-30,,65900,65900,43.6
1986-05-01,,65900,65900,43.6
1986-05-02,,65900,65900,43.6
1986-05-03,,65900,65900,43.6
1986-05-04,,65900,65900,43.6
1986-05-05,,65900,65900,43.6
1986-05-06,,65900,65900,43.6
1986-05-07,,65900,65900,43.6
1986-05-08,,65900,65900,43.6
1986-05-09,,65900,65900,43.6
1986-05-10,,65900,65900,43.6
1986-05-11,,65900,65900,43.6
1986-05-12,,65900,65900,43.6
1986-05-13,,65900,65900,43.6
1986-05-14,,65500,65500,43.3
1986-05-15,,65500,65500,43.3
1986-05-16,,65100,65100,43.1
1986-05-17,,64700,64700,42.8
1986-05-18,,64300,64300,42.6
1986-05-19,,63900,63900,42.3
1986-05-20,,63500,63500,42.0
1986-05-21,,62800,62800,41.6
1986-05-22,,62800,62800,41.6
1986-05-23,,62800,62800,41.6
1986-05-24,,62800,62800,41.6
1986-05-25,,62800,62800,41.6
1986-05-26,,62800,62800,41.6
1986-05-27,,62800,62800,41.6
1986-05-28,,62800,62800,41.6
1986-05-29,,62800,62800,41.6
1986-05-30,,62800,62800,41.6
1986-05-31,,63150,63150,41.8
1986-06-01,,63500,63500,42.0
1986-06-02,,63500,63500,42.0
1986-06-03,,63500,63500,42.0
1986-06-04,,63900,63900,42.3
1986-06-05,,63900,63900,42.3
1986-06-06,,63900,63900,42.3
1986-06-07,,63900,63900,42.3
1986-06-08,,63900,63900,42.3
1986-06-09,,63900,63900,42.3
1986-06-10,,63900,63900,42.3
1986-06-11,,63900,63900,42.3
1986-06-12,,63900,63900,42.3
1986-06-13,,63900,63900,42.3
1986-06-14,,63900,63900,42.3
1986-06-15,,63500,63500,42.0
1986-06-16,,63500,63500,42.0
1986-06-17,,63500,63500,42.0
1986-06-18,,63150,63150,41.8
1986-06-19,,62800,62800,41.6
1986-06-20,,62100,62100,41.1
1986-06-21,,62450,62450,41.3
1986-06-22,,62450,62450,41.3
1986-06-23,,63500,63500,42.0
1986-06-24,,66700,66700,44.1
1986-06-25,,96000,96000,63.5
1986-06-26,,136600,136600,90.4
1986-06-27,,154100,154100,100.0
1986-06-28,,169700,169700,100.0
1986-06-29,,179600,179600,100.0
1986-06-30,,186600,186600,100.0
1986-07-01,,193800,193800,100.0
1986-07-02,,201000,201000,100.0
1986-07-03,,205500,205500,100.0
1986-07-04,,205500,205500,100.0
1986-07-05,,206400,206400,100.0
1986-07-06,,208200,208200,100.0
1986-07-07,,209100,209100,100.0
1986-07-08,,211000,211000,100.0
1986-07-09,,211000,211000,100.0
1986-07-10,,212000,212000,100.0
1986-07-11,,212000,212000,100.0
1986-07-12,,211000,211000,100.0
1986-07-13,,210000,210000,100.0
1986-07-14,,209100,209100,100.0
1986-07-15,,208200,208200,100.0
1986-07-16,,208200,208200,100.0
1986-07-17,,207300,207300,100.0
1986-07-18,,206400,206400,100.0
1986-07-19,,206400,206400,100.0
1986-07-20,,205500,205500,100.0
1986-07-21,,205500,205500,100.0
1986-07-22,,205500,205500,100.0
1986-07-23,,205500,205500,100.0
1986-07-24,,204600,204600,100.0
1986-07-25,,204600,204600,100.0
1986-07-26,,204600,204600,100.0
1986-07-27,,204600,204600,100.0
1986-07-28,,204600,204600,100.0
1986-07-29,,204600,204600,100.0
1986-07-30,,203700,203700,100.0
1986-07-31,,203700,203700,100.0
1986-08-01,,203700,203700,100.0
1986-08-02,,202800,202800,100.0
1986-08-03,,202800,202800,100.0
1986-08-04,,202800,202800,100.0
1986-08-05,,201900,201900,100.0
1986-08-06,,201900,201900,100.0
1986-08-07,,201000,201000,100.0
1986-08-08,,201000,201000,100.0
1986-08-09,,201000,201000,100.0
1986-08-10,,201000,201000,100.0
1986-08-11,,200100,200100,100.0
1986-08-12,,200100,200100,100.0
1986-08-13,,200100,200100,100.0
1986-08-14,,200100,200100,100.0
1986-08-15,,200100,200100,100.0
1986-08-16,,200100,200100,100.0
1986-08-17,,199200,199200,100.0
1986-08-18,,199200,199200,100.0
1986-08-19,,199200,199200,100.0
1986-08-20,,199200,199200,100.0
1986-08-21,,198300,198300,100.0
1986-08-22,,198300,198300,100.0
1986-08-23,,198300,198300,100.0
1986-08-24,,197400,197400,100.0
1986-08-25,,197400,197400,100.0
1986-08-26,,197400,197400,100.0
1986-08-27,,197400,197400,100.0
1986-08-28,,198300,198300,100.0
1986-08-29,,198300,198300,100.0
1986-08-30,,199200,199200,100.0
1986-08-31,,199200,199200,100.0
1986-09-01,,199200,199200,100.0
1986-09-02,,199200,199200,100.0
1986-09-03,,200100,200100,100.0
1986-09-04,,200100,200100,100.0
1986-09-05,,200100,200100,100.0
1986-09-06,,200100,200100,100.0
1986-09-07,,200100,200100,100.0
1986-09-08,,200100,200100,100.0
1986-09-09,,200100,200100,100.0
1986-09-10,,200100,200100,100.0
1986-09-11,,200100,200100,100.0
1986-09-12,,201000,201000,100.0
1986-09-13,,201000,201000,100.0
1986-09-14,,202800,202800,100.0
1986-09-15,,204600,204600,100.0
1986-09-16,,204600,204600,100.0
1986-09-17,,204600,204600,100.0
1986-09-18,,204600,204600,100.0
1986-09-19,,204600,204600,100.0
1986-09-20,,204600,204600,100.0
1986-09-21,,204600,204600,100.0
1986-09-22,,204600,204600,100.0
1986-09-23,,204600,204600,100.0
1986-09-24,,204600,204600,100.0
1986-09-25,,204600,204600,100.0
1986-09-26,,204600,204600,100.0
1986-09-27,,203700,203700,100.0
1986-09-28,,203700,203700,100.0
1986-09-29,,202800,202800,100.0
1986-09-30,,202800,202800,100.0
1986-10-01,,187000,187000,100.0
1986-10-02,,187400,187400,100.0
1986-10-03,,187800,187800,100.0
1986-10-04,,187800,187800,100.0
1986-10-05,,187800,187800,100.0
1986-10-06,,187800,187800,100.0
1986-10-07,,187800,187800,100.0
1986-10-08,,187800,187800,100.0
1986-10-09,,187800,187800,100.0
1986-10-10,,189050,189050,100.0
1986-10-11,,191500,191500,100.0
1986-10-12,,192700,192700,100.0
1986-10-13,,192700,192700,100.0
1986-10-14,,192700,192700,100.0
1986-10-15,,192700,192700,100.0
1986-10-16,,192700,192700,100.0
1986-10-17,,200900,200900,100.0
1986-10-18,,209100,209100,100.0
1986-10-19,,209100,209100,100.0
1986-10-20,,209100,209100,100.0
1986-10-21,,209100,209100,100.0
1986-10-22,,209100,209100,100.0
1986-10-23,,209550,209550,100.0
1986-10-24,,210500,210500,100.0
1986-10-25,,202650,202650,100.0
1986-10-26,,194750,194750,100.0
1986-10-27,,195200,195200,100.0
1986-10-28,,195200,195200,100.0
1986-10-29,,195200,195200,100.0
1986-10-30,,195600,195600,100.0
1986-10-31,,196000,196000,100.0
1986-11-01,,196400,196400,100.0
1986-11-02,,196800,196800,100.0
1986-11-03,,197250,197250,100.0
1986-11-04,,198100,198100,100.0
1986-11-05,,198900,198900,100.0
1986-11-06,,199700,199700,100.0
1986-11-07,,200550,200550,100.0
1986-11-08,,201400,201400,100.0
1986-11-09,,201800,201800,100.0
1986-11-10,,202250,202250,100.0
1986-11-11,,203100,203100,100.0
1986-11-12,,203950,203950,100.0
1986-11-13,,204800,204800,100.0
1986-11-14,,205650,205650,100.0
1986-11-15,,206550,206550,100.0
1986-11-16,,207850,207850,100.0
1986-11-17,,209100,209100,100.0
1986-11-18,,209950,209950,100.0
1986-11-19,,210850,210850,100.0
1986-11-20,,211750,211750,100.0
1986-11-21,,212650,212650,100.0
1986-11-22,,213550,213550,100.0
1986-11-23,,214450,214450,100.0
1986-11-24,,215300,215300,100.0
1986-11-25,,216150,216150,100.0
1986-11-26,,217050,217050,100.0
1986-11-27,,217950,217950,100.0
1986-11-28,,218850,218850,100.0
1986-11-29,,219750,219750,100.0
1986-11-30,,220650,220650,100.0
1986-12-01,,221600,221600,100.0
1986-12-02,,222550,222550,100.0
1986-12-03,,223000,223000,100.0
1986-12-04,,223000,223000,100.0
1986-12-05,,223000,223000,100.0
1986-12-06,,223450,223450,100.0
1986-12-07,,223900,223900,100.0
1986-12-08,,223900,223900,100.0
1986-12-09,,224350,224350,100.0
1986-12-10,,225250,225250,100.0
1986-12-11,,226200,226200,100.0
1986-12-12,,227150,227150,100.0
1986-12-13,,228050,228050,100.0
1986-12-14,,228500,228500,100.0
1986-12-15,,229000,229000,100.0
1986-12-16,,229950,229950,100.0
1986-12-17,,230400,230400,100.0
1986-12-18,,230900,230900,100.0
1986-12-19,,231850,231850,100.0
1986-12-20,,232300,232300,100.0
1986-12-21,,232800,232800,100.0
1986-12-22,,234250,234250,100.0
1986-12-23,,236150,236150,100.0
1986-12-24,,237550,237550,100.0
1986-12-25,,238000,238000,100.0
1986-12-26,,238500,238500,100.0
1986-12-27,,239450,239450,100.0
1986-12-28,,240400,240400,100.0
1986-12-29,,241400,241400,100.0
1986-12-30,,241900,241900,100.0
1986-12-31,,242400,242400,100.0
1987-01-01,,243350,243350,100.0
1987-01-02,,243800,243800,100.0
1987-01-03,,244300,244300,100.0
1987-01-04,,245300,245300,100.0
1987-01-05,,245800,245800,100.0
1987-01-06,,245800,245800,100.0
1987-01-07,,246750,246750,100.0
1987-01-08,,248200,248200,100.0
1987-01-09,,248700,248700,100.0
1987-01-10,,249200,249200,100.0
1987-01-11,,250200,250200,100.0
1987-01-12,,250700,250700,100.0
1987-01-13,,251200,251200,100.0
1987-01-14,,251700,251700,100.0
1987-01-15,,251700,251700,100.0
1987-01-16,,252200,252200,100.0
1987-01-17,,252700,252700,100.0
1987-01-18,,253200,253200,100.0
1987-01-19,,253700,253700,100.0
1987-01-20,,253700,253700,100.0
1987-01-21,,254200,254200,100.0
1987-01-22,,254700,254700,100.0
1987-01-23,,255200,255200,100.0
1987-01-24,,255700,255700,100.0
1987-01-25,,256200,256200,100.0
1987-01-26,,256700,256700,100.0
1987-01-27,,257200,257200,100.0
1987-01-28,,257700,257700,100.0
1987-01-29,,257700,257700,100.0
1987-01-30,,258200,258200,100.0
1987-01-31,,259250,259250,100.0
1987-02-01,,259800,259800,100.0
1987-02-02,,260300,260300,100.0
1987-02-03,,260800,260800,100.0
1987-02-04,,261300,261300,100.0
1987-02-05,,261800,261800,100.0
1987-02-06,,262350,262350,100.0
1987-02-07,,263400,263400,100.0
1987-02-08,,263900,263900,100.0
1987-02-09,,264400,264400,100.0
1987-02-10,,264900,264900,100.0
1987-02-11,,265400,265400,100.0
1987-02-12,,265900,265900,100.0
1987-02-13,,265900,265900,100.0
1987-02-14,,266450,266450,100.0
1987-02-15,,267000,267000,100.0
1987-02-16,,267500,267500,100.0
1987-02-17,,268000,268000,100.0
1987-02-18,,268000,268000,100.0
1987-02-19,,268000,268000,100.0
1987-02-20,,268000,268000,100.0
1987-02-21,,268000,268000,100.0
1987-02-22,,268550,268550,100.0
1987-02-23,,269100,269100,100.0
1987-02-24,,269100,269100,100.0
1987-02-25,,269100,269100,100.0
1987-02-26,,269100,269100,100.0
1987-02-27,,269100,269100,100.0
1987-02-28,,269100,269100,100.0
1987-03-01,,269600,269600,100.0
1987-03-02,,270100,270100,100.0
1987-03-03,,270650,270650,100.0
1987-03-04,,271750,271750,100.0
1987-03-05,,272300,272300,100.0
1987-03-06,,272300,272300,100.0
1987-03-07,,272850,272850,100.0
1987-03-08,,273400,273400,100.0
1987-03-09,,273400,273400,100.0
1987-03-10,,273400,273400,100.0
1987-03-11,,273900,273900,100.0
1987-03-12,,274400,274400,100.0
1987-03-13,,274400,274400,100.0
1987-03-14,,274400,274400,100.0
1987-03-15,,274950,274950,100.0
1987-03-16,,275500,275500,100.0
1987-03-17,,276050,276050,100.0
1987-03-18,,276600,276600,100.0
1987-03-19,,277100,277100,100.0
1987-03-20,,278150,278150,100.0
1987-03-21,,278700,278700,100.0
1987-03-22,,279250,279250,100.0
1987-03-23,,279800,279800,100.0
1987-03-24,,280350,280350,100.0
1987-03-25,,280900,280900,100.0
1987-03-26,,280900,280900,100.0
1987-03-27,,281450,281450,100.0
1987-03-28,,282000,282000,100.0
1987-03-29,,282000,282000,100.0
1987-03-30,,282000,282000,100.0
1987-03-31,,282000,282000,100.0
1987-04-01,,282000,282000,100.0
1987-04-02,,282000,282000,100.0
1987-04-03,,282000,282000,100.0
1987-04-04,,282000,282000,100.0
1987-04-05,,282000,282000,100.0
1987-04-06,,282000,282000,100.0
1987-04-07,,282550,282550,100.0
1987-04-08,,283100,283100,100.0
1987-04-09,,283650,283650,100.0
1987-04-10,,283100,283100,100.0
1987-04-11,,282000,282000,100.0
1987-04-12,,282000,282000,100.0
1987-04-13,,282000,282000,100.0
1987-04-14,,282000,282000,100.0
1987-04-15,,282000,282000,100.0
1987-04-16,,282000,282000,100.0
1987-04-17,,282000,282000,100.0
1987-04-18,,282000,282000,100.0
1987-04-19,,282000,282000,100.0
1987-04-20,,281450,281450,100.0
1987-04-21,,280900,280900,100.0
1987-04-22,,280350,280350,100.0
1987-04-23,,279250,279250,100.0
1987-04-24,,278150,278150,100.0
1987-04-25,,277100,277100,100.0
1987-04-26,,276600,276600,100.0
1987-04-27,,276050,276050,100.0
1987-04-28,,275500,275500,100.0
1987-04-29,,275500,275500,100.0
1987-04-30,,274950,274950,100.0
1987-05-01,,273350,273350,100.0
1987-05-02,,271750,271750,100.0
1987-05-03,,271200,271200,100.0
1987-05-04,,270650,270650,100.0
1987-05-05,,270100,270100,100.0
1987-05-06,,270100,270100,100.0
1987-05-07,,269600,269600,100.0
1987-05-08,,269100,269100,100.0
1987-05-09,,269100,269100,100.0
1987-05-10,,269100,269100,100.0
1987-05-11,,269600,269600,100.0
1987-05-12,,270100,270100,100.0
1987-05-13,,270650,270650,100.0
1987-05-14,,271200,271200,100.0
1987-05-15,,270650,270650,100.0
1987-05-16,,270100,270100,100.0
1987-05-17,,270100,270100,100.0
1987-05-18,,269600,269600,100.0
1987-05-19,,269100,269100,100.0
1987-05-20,,268550,268550,100.0
1987-05-21,,268000,268000,100.0
1987-05-22,,266950,266950,100.0
1987-05-23,,265900,265900,100.0
1987-05-24,,265900,265900,100.0
1987-05-25,,265900,265900,100.0
1987-05-26,,265900,265900,100.0
1987-05-27,,265900,265900,100.0
1987-05-28,,265900,265900,100.0
1987-05-29,,264400,264400,100.0
1987-05-30,,262350,262350,100.0
1987-05-31,,261800,261800,100.0
1987-06-01,,261800,261800,100.0
1987-06-02,,261800,261800,100.0
1987-06-03,,261800,261800,100.0
1987-06-04,,261800,261800,100.0
1987-06-05,,259750,259750,100.0
1987-06-06,,257700,257700,100.0
1987-06-07,,257700,257700,100.0
1987-06-08,,258200,258200,100.0
1987-06-09,,259250,259250,100.0
1987-06-10,,260300,260300,100.0
1987-06-11,,261300,261300,100.0
1987-06-12,,260250,260250,100.0
1987-06-13,,258700,258700,100.0
1987-06-14,,258700,258700,100.0
1987-06-15,,258700,258700,100.0
1987-06-16,,258700,258700,100.0
1987-06-17,,258700,258700,100.0
1987-06-18,,258700,258700,100.0
1987-06-19,,256700,256700,100.0
1987-06-20,,254700,254700,100.0
1987-06-21,,254700,254700,100.0
1987-06-22,,254200,254200,100.0
1987-06-23,,253700,253700,100.0
1987-06-24,,253700,253700,100.0
1987-06-25,,253200,253200,100.0
1987-06-26,,251200,251200,100.0
1987-06-27,,249700,249700,100.0
1987-06-28,,249700,249700,100.0
1987-06-29,,249200,249200,100.0
1987-06-30,,248700,248700,100.0
1987-07-01,,248700,248700,100.0
1987-07-02,,248200,248200,100.0
1987-07-03,,247200,247200,100.0
1987-07-04,,246700,246700,100.0
1987-07-05,,246250,246250,100.0
1987-07-06,,245800,245800,100.0
1987-07-07,,245300,245300,100.0
1987-07-08,,244800,244800,100.0
1987-07-09,,244300,244300,100.0
1987-07-10,,243800,243800,100.0
1987-07-11,,243350,243350,100.0
1987-07-12,,242400,242400,100.0
1987-07-13,,241400,241400,100.0
1987-07-14,,240400,240400,100.0
1987-07-15,,239900,239900,100.0
1987-07-16,,239450,239450,100.0
1987-07-17,,239000,239000,100.0
1987-07-18,,238500,238500,100.0
1987-07-19,,238000,238000,100.0
1987-07-20,,238000,238000,100.0
1987-07-21,,237550,237550,100.0
1987-07-22,,237100,237100,100.0
1987-07-23,,237100,237100,100.0
1987-07-24,,236600,236600,100.0
1987-07-25,,236100,236100,100.0
1987-07-26,,236100,236100,100.0
1987-07-27,,235650,235650,100.0
1987-07-28,,234700,234700,100.0
1987-07-29,,234200,234200,100.0
1987-07-30,,234200,234200,100.0
1987-07-31,,233750,233750,100.0
1987-08-01,,233300,233300,100.0
1987-08-02,,233300,233300,100.0
1987-08-03,,232800,232800,100.0
1987-08-04,,232300,232300,100.0
1987-08-05,,232300,232300,100.0
1987-08-06,,231850,231850,100.0
1987-08-07,,231400,231400,100.0
1987-08-08,,230900,230900,100.0
1987-08-09,,230400,230400,100.0
1987-08-10,,230400,230400,100.0
1987-08-11,,230400,230400,100.0
1987-08-12,,230400,230400,100.0
1987-08-13,,230400,230400,100.0
1987-08-14,,230400,230400,100.0
1987-08-15,,229950,229950,100.0
1987-08-16,,229500,229500,100.0
1987-08-17,,229000,229000,100.0
1987-08-18,,228500,228500,100.0
1987-08-19,,228500,228500,100.0
1987-08-20,,228050,228050,100.0
1987-08-21,,227600,227600,100.0
1987-08-22,,227600,227600,100.0
1987-08-23,,227150,227150,100.0
1987-08-24,,227150,227150,100.0
1987-08-25,,227600,227600,100.0
1987-08-26,,227600,227600,100.0
1987-08-27,,228050,228050,100.0
1987-08-28,,229000,229000,100.0
1987-08-29,,229500,229500,100.0
1987-08-30,,229500,229500,100.0
1987-08-31,,229500,229500,100.0
1987-09-01,,229500,229500,100.0
1987-09-02,,229500,229500,100.0
1987-09-03,,229000,229000,100.0
1987-09-04,,228500,228500,100.0
1987-09-05,,228500,228500,100.0
1987-09-06,,228500,228500,100.0
1987-09-07,,228500,228500,100.0
1987-09-08,,228050,228050,100.0
1987-09-09,,227600,227600,100.0
1987-09-10,,227600,227600,100.0
1987-09-11,,227600,227600,100.0
1987-09-12,,227600,227600,100.0
1987-09-13,,227600,227600,100.0
1987-09-14,,227150,227150,100.0
1987-09-15,,226700,226700,100.0
1987-09-16,,226700,226700,100.0
1987-09-17,,226700,226700,100.0
1987-09-18,,226700,226700,100.0
1987-09-19,,226700,226700,100.0
1987-09-20,,226700,226700,100.0
1987-09-21,,226700,226700,100.0
1987-09-22,,226700,226700,100.0
1987-09-23,,226700,226700,100.0
1987-09-24,,226700,226700,100.0
1987-09-25,,226700,226700,100.0
1987-09-26,,226700,226700,100.0
1987-09-27,,226700,226700,100.0
1987-09-28,,226200,226200,100.0
1987-09-29,,225700,225700,100.0
1987-09-30,,225700,225700,100.0
1987-10-01,,225200,225200,100.0
1987-10-02,,225200,225200,100.0
1987-10-03,,224700,224700,100.0
1987-10-04,,223800,223800,100.0
1987-10-05,,222900,222900,100.0
1987-10-06,,222000,222000,100.0
1987-10-07,,222000,222000,100.0
1987-10-08,,222000,222000,100.0
1987-10-09,,222000,222000,100.0
1987-10-10,,221100,221100,100.0
1987-10-11,,221100,221100,100.0
1987-10-12,,221100,221100,100.0
1987-10-13,,221100,221100,100.0
1987-10-14,,220200,220200,100.0
1987-10-15,,220200,220200,100.0
1987-10-16,,220200,220200,100.0
1987-10-17,,220200,220200,100.0
1987-10-18,,220200,220200,100.0
1987-10-19,,220200,220200,100.0
1987-10-20,,220200,220200,100.0
1987-10-21,,219300,219300,100.0
1987-10-22,,219300,219300,100.0
1987-10-23,,219300,219300,100.0
1987-10-24,,219300,219300,100.0
1987-10-25,,218500,218500,100.0
1987-10-26,,218500,218500,100.0
1987-10-27,,218500,218500,100.0
1987-10-28,,218500,218500,100.0
1987-10-29,,218500,218500,100.0
1987-10-30,,217600,217600,100.0
1987-10-31,,217600,217600,100.0
1987-11-01,,217600,217600,100.0
1987-11-02,,217600,217600,100.0
1987-11-03,,217600,217600,100.0
1987-11-04,,217600,217600,100.0
1987-11-05,,217600,217600,100.0
1987-11-06,,217600,217600,100.0
1987-11-07,,217600,217600,100.0
1987-11-08,,217600,217600,100.0
1987-11-09,,217600,217600,100.0
1987-11-10,,217600,217600,100.0
1987-11-11,,217600,217600,100.0
1987-11-12,,217600,217600,100.0
1987-11-13,,217600,217600,100.0
1987-11-14,,217600,217600,100.0
1987-11-15,,217600,217600,100.0
1987-11-16,,217600,217600,100.0
1987-11-17,,217600,217600,100.0
1987-11-18,,217600,217600,100.0
1987-11-19,,217600,217600,100.0
1987-11-20,,217600,217600,100.0
1987-11-21,,217600,217600,100.0
1987-11-22,,217600,217600,100.0
1987-11-23,,217600,217600,100.0
1987-11-24,,217600,217600,100.0
1987-11-25,,217600,217600,100.0
1987-11-26,,217600,217600,100.0
1987-11-27,,217600,217600,100.0
1987-11-28,,217600,217600,100.0
1987-11-29,,217600,217600,100.0
1987-11-30,,217600,217600,100.0
1987-12-01,,217600,217600,100.0
1987-12-02,,217600,217600,100.0
1987-12-03,,217600,217600,100.0
1987-12-04,,217600,217600,100.0
1987-12-05,,217600,217600,100.0
1987-12-06,,217600,217600,100.0
1987-12-07,,218500,218500,100.0
1987-12-08,,218500,218500,100.0
1987-12-09,,218500,218500,100.0
1987-12-10,,218500,218500,100.0
1987-12-11,,218500,218500,100.0
1987-12-12,,218500,218500,100.0
1987-12-13,,218500,218500,100.0
1987-12-14,,218500,218500,100.0
1987-12-15,,219300,219300,100.0
1987-12-16,,219300,219300,100.0
1987-12-17,,219300,219300,100.0
1987-12-18,,219300,219300,100.0
1987-12-19,,219300,219300,100.0
1987-12-20,,220200,220200,100.0
1987-12-21,,220200,220200,100.0
1987-12-22,,220200,220200,100.0
1987-12-23,,220200,220200,100.0
1987-12-24,,220200,220200,100.0
1987-12-25,,221100,221100,100.0
1987-12-26,,221100,221100,100.0
1987-12-27,,221100,221100,100.0
1987-12-28,,221100,221100,100.0
1987-12-29,,221100,221100,100.0
1987-12-30,,221100,221100,100.0
1987-12-31,,222000,222000,100.0
1988-01-01,,222000,222000,100.0
1988-01-02,,222000,222000,100.0
1988-01-03,,222000,222000,100.0
1988-01-04,,222000,222000,100.0
1988-01-05,,222000,222000,100.0
1988-01-06,,222000,222000,100.0
1988-01-07,,222000,222000,100.0
1988-01-08,,222000,222000,100.0
1988-01-09,,222000,222000,100.0
1988-01-10,,222000,222000,100.0
1988-01-11,,222000,222000,100.0
1988-01-12,,222000,222000,100.0
1988-01-13,,222000,222000,100.0
1988-01-14,,222000,222000,100.0
1988-01-15,,222000,222000,100.0
1988-01-16,,222000,222000,100.0
1988-01-17,,222000,222000,100.0
1988-01-18,,222000,222000,100.0
1988-01-19,,222900,222900,100.0
1988-01-20,,222000,222000,100.0
1988-01-21,,222900,222900,100.0
1988-01-22,,222900,222900,100.0
1988-01-23,,222900,222900,100.0
1988-01-24,,222900,222900,100.0
1988-01-25,,222900,222900,100.0
1988-01-26,,222900,222900,100.0
1988-01-27,,222900,222900,100.0
1988-01-28,,222900,222900,100.0
1988-01-29,,222900,222900,100.0
1988-01-30,,222900,222900,100.0
1988-01-31,,222900,222900,100.0
1988-02-01,,222900,222900,100.0
1988-02-02,,222900,222900,100.0
1988-02-03,,223800,223800,100.0
1988-02-04,,223800,223800,100.0
1988-02-05,,223800,223800,100.0
1988-02-06,,223800,223800,100.0
1988-02-07,,223800,223800,100.0
1988-02-08,,223800,223800,100.0
1988-02-09,,223800,223800,100.0
1988-02-10,,224700,224700,100.0
1988-02-11,,224700,224700,100.0
1988-02-12,,224700,224700,100.0
1988-02-13,,224700,224700,100.0
1988-02-14,,224700,224700,100.0
1988-02-15,,224700,224700,100.0
1988-02-16,,224700,224700,100.0
1988-02-17,,224700,224700,100.0
1988-02-18,,224700,224700,100.0
1988-02-19,,225600,225600,100.0
1988-02-20,,225600,225600,100.0
1988-02-21,,225600,225600,100.0
1988-02-22,,225600,225600,100.0
1988-02-23,,225600,225600,100.0
1988-02-24,,225600,225600,100.0
1988-02-25,,225600,225600,100.0
1988-02-26,,225600,225600,100.0
1988-02-27,,225600,225600,100.0
1988-02-28,,226500,226500,100.0
1988-02-29,,226500,226500,100.0
1988-03-01,,226500,226500,100.0
1988-03-02,,226500,226500,100.0
1988-03-03,,226500,226500,100.0
1988-03-04,,226500,226500,100.0
1988-03-05,,226500,226500,100.0
1988-03-06,,226500,226500,100.0
1988-03-07,,226500,226500,100.0
1988-03-08,,226500,226500,100.0
1988-03-09,,226500,226500,100.0
1988-03-10,,226500,226500,100.0
1988-03-11,,226500,226500,100.0
1988-03-12,,226500,226500,100.0
1988-03-13,,226500,226500,100.0
1988-03-14,,225600,225600,100.0
1988-03-15,,225600,225600,100.0
1988-03-16,,225600,225600,100.0
1988-03-17,,225600,225600,100.0
1988-03-18,,225600,225600,100.0
1988-03-19,,225600,225600,100.0
1988-03-20,,225600,225600,100.0
1988-03-21,,225600,225600,100.0
1988-03-22,,225600,225600,100.0
1988-03-23,,225600,225600,100.0
1988-03-24,,225600,225600,100.0
1988-03-25,,225600,225600,100.0
1988-03-26,,225600,225600,100.0
1988-03-27,,225600,225600,100.0
1988-03-28,,225600,225600,100.0
1988-03-29,,225600,225600,100.0
1988-03-30,,225600,225600,100.0
1988-03-31,,224700,224700,100.0
1988-04-01,,224700,224700,100.0
1988-04-02,,224700,224700,100.0
1988-04-03,,224700,224700,100.0
1988-04-04,,224700,224700,100.0
1988-04-05,,224700,224700,100.0
1988-04-06,,223800,223800,100.0
1988-04-07,,222900,222900,100.0
1988-04-08,,222000,222000,100.0
1988-04-09,,221100,221100,100.0
1988-04-10,,220200,220200,100.0
1988-04-11,,219300,219300,100.0
1988-04-12,,218500,218500,100.0
1988-04-13,,217600,217600,100.0
1988-04-14,,216700,216700,100.0
1988-04-15,,215800,215800,100.0
1988-04-16,,214900,214900,100.0
1988-04-17,,214000,214000,100.0
1988-04-18,,213100,213100,100.0
1988-04-19,,212200,212200,100.0
1988-04-20,,212200,212200,100.0
1988-04-21,,211300,211300,100.0
1988-04-22,,210400,210400,100.0
1988-04-23,,209900,209900,100.0
1988-04-24,,209900,209900,100.0
1988-04-25,,209900,209900,100.0
1988-04-26,,209900,209900,100.0
1988-04-27,,209900,209900,100.0
1988-04-28,,209900,209900,100.0
1988-04-29,,209900,209900,100.0
1988-04-30,,209900,209900,100.0
1988-05-01,,209900,209900,100.0
1988-05-02,,209900,209900,100.0
1988-05-03,,209000,209000,100.0
1988-05-04,,209000,209000,100.0
1988-05-05,,209000,209000,100.0
1988-05-06,,209000,209000,100.0
1988-05-07,,209000,209000,100.0
1988-05-08,,208100,208100,100.0
1988-05-09,,208100,208100,100.0
1988-05-10,,208100,208100,100.0
1988-05-11,,208100,208100,100.0
1988-05-12,,208100,208100,100.0
1988-05-13,,207200,207200,100.0
1988-05-14,,207200,207200,100.0
1988-05-15,,207200,207200,100.0
1988-05-16,,207200,207200,100.0
1988-05-17,,206300,206300,100.0
1988-05-18,,205400,205400,100.0
1988-05-19,,205400,205400,100.0
1988-05-20,,205400,205400,100.0
1988-05-21,,204500,204500,100.0
1988-05-22,,204500,204500,100.0
1988-05-23,,204500,204500,100.0
1988-05-24,,204500,204500,100.0
1988-05-25,,203600,203600,100.0
1988-05-26,,203600,203600,100.0
1988-05-27,,203600,203600,100.0
1988-05-28,,203600,203600,100.0
1988-05-29,,202700,202700,100.0
1988-05-30,,202700,202700,100.0
1988-05-31,,202700,202700,100.0
1988-06-01,,201800,201800,100.0
1988-06-02,,201800,201800,100.0
1988-06-03,,200700,200700,100.0
1988-06-04,,200700,200700,100.0
1988-06-05,,199900,199900,100.0
1988-06-06,,199100,199100,100.0
1988-06-07,,199100,199100,100.0
1988-06-08,,198300,198300,100.0
1988-06-09,,198300,198300,100.0
1988-06-10,,197500,197500,100.0
1988-06-11,,197500,197500,100.0
1988-06-12,,196700,196700,100.0
1988-06-13,,196700,196700,100.0
1988-06-14,,196700,196700,100.0
1988-06-15,,195900,195900,100.0
1988-06-16,,195900,195900,100.0
1988-06-17,,195900,195900,100.0
1988-06-18,,195100,195100,100.0
1988-06-19,,195100,195100,100.0
1988-06-20,,195100,195100,100.0
1988-06-21,,194300,194300,100.0
1988-06-22,,194300,194300,100.0
1988-06-23,,194300,194300,100.0
1988-06-24,,193500,193500,100.0
1988-06-25,,193500,193500,100.0
1988-06-26,,192600,192600,100.0
1988-06-27,,192600,192600,100.0
1988-06-28,,192600,192600,100.0
1988-06-29,,192600,192600,100.0
1988-06-30,,192600,192600,100.0
1988-07-01,,191800,191800,100.0
1988-07-02,,191800,191800,100.0
1988-07-03,,191800,191800,100.0
1988-07-04,,191000,191000,100.0
1988-07-05,,190200,190200,100.0
1988-07-06,,190200,190200,100.0
1988-07-07,,190200,190200,100.0
1988-07-08,,191800,191800,100.0
1988-07-09,,191800,191800,100.0
1988-07-10,,191800,191800,100.0
1988-07-11,,191800,191800,100.0
1988-07-12,,191800,191800,100.0
1988-07-13,,191800,191800,100.0
1988-07-14,,191800,191800,100.0
1988-07-15,,191800,191800,100.0
1988-07-16,,191800,191800,100.0
1988-07-17,,191800,191800,100.0
1988-07-18,,191800,191800,100.0
1988-07-19,,191800,191800,100.0
1988-07-20,,191800,191800,100.0
1988-07-21,,191000,191000,100.0
1988-07-22,,191000,191000,100.0
1988-07-23,,191000,191000,100.0
1988-07-24,,191000,191000,100.0
1988-07-25,,190200,190200,100.0
1988-07-26,,190200,190200,100.0
1988-07-27,,190200,190200,100.0
1988-07-28,,189400,189400,100.0
1988-07-29,,189400,189400,100.0
1988-07-30,,188600,188600,100.0
1988-07-31,,188600,188600,100.0
1988-08-01,,187800,187800,100.0
1988-08-02,,187800,187800,100.0
1988-08-03,,187000,187000,100.0
1988-08-04,,187000,187000,100.0
1988-08-05,,186200,186200,100.0
1988-08-06,,186200,186200,100.0
1988-08-07,,186200,186200,100.0
1988-08-08,,186200,186200,100.0
1988-08-09,,185400,185400,100.0
1988-08-10,,185400,185400,100.0
1988-08-11,,185400,185400,100.0
1988-08-12,,184900,184900,100.0
1988-08-13,,184900,184900,100.0
1988-08-14,,184900,184900,100.0
1988-08-15,,184900,184900,100.0
1988-08-16,,184900,184900,100.0
1988-08-17,,184100,184100,100.0
1988-08-18,,184100,184100,100.0
1988-08-19,,184100,184100,100.0
1988-08-20,,184100,184100,100.0
1988-08-21,,183300,183300,100.0
1988-08-22,,183300,183300,100.0
1988-08-23,,182500,182500,100.0
1988-08-24,,182500,182500,100.0
1988-08-25,,182500,182500,100.0
1988-08-26,,181700,181700,100.0
1988-08-27,,181700,181700,100.0
1988-08-28,,180900,180900,100.0
1988-08-29,,180900,180900,100.0
1988-08-30,,180900,180900,100.0
1988-08-31,,180900,180900,100.0
1988-09-01,,180900,180900,100.0
1988-09-02,,180900,180900,100.0
1988-09-03,,180900,180900,100.0
1988-09-04,,180900,180900,100.0
1988-09-05,,180900,180900,100.0
1988-09-06,,180900,180900,100.0
1988-09-07,,180100,180100,100.0
1988-09-08,,180100,180100,100.0
1988-09-09,,180100,180100,100.0
1988-09-10,,180100,180100,100.0
1988-09-11,,180100,180100,100.0
1988-09-12,,179300,179300,100.0
1988-09-13,,179300,179300,100.0
1988-09-14,,179300,179300,100.0
1988-09-15,,179300,179300,100.0
1988-09-16,,179300,179300,100.0
1988-09-17,,179300,179300,100.0
1988-09-18,,180100,180100,100.0
1988-09-19,,180100,180100,100.0
1988-09-20,,179300,179300,100.0
1988-09-21,,179300,179300,100.0
1988-09-22,,179300,179300,100.0
1988-09-23,,180100,180100,100.0
1988-09-24,,180900,180900,100.0
1988-09-25,,180900,180900,100.0
1988-09-26,,180900,180900,100.0
1988-09-27,,180900,180900,100.0
1988-09-28,,180900,180900,100.0
1988-09-29,,180900,180900,100.0
1988-09-30,,180900,180900,100.0
1988-10-01,,180900,180900,100.0
1988-10-02,,180900,180900,100.0
1988-10-03,,180100,180100,100.0
1988-10-04,,180100,180100,100.0
1988-10-05,,180100,180100,100.0
1988-10-06,,180100,180100,100.0
1988-10-07,,180100,180100,100.0
1988-10-08,,180100,180100,100.0
1988-10-09,,180100,180100,100.0
1988-10-10,,180100,180100,100.0
1988-10-11,,180100,180100,100.0
1988-10-12,,179300,179300,100.0
1988-10-13,,179300,179300,100.0
1988-10-14,,179300,179300,100.0
1988-10-15,,179300,179300,100.0
1988-10-16,,179300,179300,100.0
1988-10-17,,179300,179300,100.0
1988-10-18,,179300,179300,100.0
1988-10-19,,179300,179300,100.0
1988-10-20,,179300,179300,100.0
1988-10-21,,179300,179300,100.0
1988-10-22,,179300,179300,100.0
1988-10-23,,179300,179300,100.0
1988-10-24,,178500,178500,100.0
1988-10-25,,178500,178500,100.0
1988-10-26,,177700,177700,100.0
1988-10-27,,177700,177700,100.0
1988-10-28,,177700,177700,100.0
1988-10-29,,177300,177300,100.0
1988-10-30,,177300,177300,100.0
1988-10-31,,177300,177300,100.0
1988-11-01,,177300,177300,100.0
1988-11-02,,177300,177300,100.0
1988-11-03,,177300,177300,100.0
1988-11-04,,177300,177300,100.0
1988-11-05,,177300,177300,100.0
1988-11-06,,177300,177300,100.0
1988-11-07,,177300,177300,100.0
1988-11-08,,177700,177700,100.0
1988-11-09,,177700,177700,100.0
1988-11-10,,177700,177700,100.0
1988-11-11,,177700,177700,100.0
1988-11-12,,177700,177700,100.0
1988-11-13,,177700,177700,100.0
1988-11-14,,177700,177700,100.0
1988-11-15,,177700,177700,100.0
1988-11-16,,177700,177700,100.0
1988-11-17,,177700,177700,100.0
1988-11-18,,177700,177700,100.0
1988-11-19,,177700,177700,100.0
1988-11-20,,177700,177700,100.0
1988-11-21,,177700,177700,100.0
1988-11-22,,177700,177700,100.0
1988-11-23,,177700,177700,100.0
1988-11-24,,177700,177700,100.0
1988-11-25,,177700,177700,100.0
1988-11-26,,177700,177700,100.0
1988-11-27,,177700,177700,100.0
1988-11-28,,177700,177700,100.0
1988-11-29,,177700,177700,100.0
1988-11-30,,177700,177700,100.0
1988-12-01,,177700,177700,100.0
1988-12-02,,177700,177700,100.0
1988-12-03,,177700,177700,100.0
1988-12-04,,177700,177700,100.0
1988-12-05,,177700,177700,100.0
1988-12-06,,177700,177700,100.0
1988-12-07,,177700,177700,100.0
1988-12-08,,177700,177700,100.0
1988-12-09,,178500,178500,100.0
1988-12-10,,178500,178500,100.0
1988-12-11,,178500,178500,100.0
1988-12-12,,178500,178500,100.0
1988-12-13,,178500,178500,100.0
1988-12-14,,179300,179300,100.0
1988-12-15,,179300,179300,100.0
1988-12-16,,179300,179300,100.0
1988-12-17,,179300,179300,100.0
1988-12-18,,179300,179300,100.0
1988-12-19,,179300,179300,100.0
1988-12-20,,179300,179300,100.0
1988-12-21,,179300,179300,100.0
1988-12-22,,179300,179300,100.0
1988-12-23,,180100,180100,100.0
1988-12-24,,180100,180100,100.0
1988-12-25,,180100,180100,100.0
1988-12-26,,180100,180100,100.0
1988-12-27,,180100,180100,100.0
1988-12-28,,180100,180100,100.0
1988-12-29,,180100,180100,100.0
1988-12-30,,180100,180100,100.0
1988-12-31,,180100,180100,100.0
1989-01-01,,180900,180900,100.0
1989-01-02,,180900,180900,100.0
1989-01-03,,180900,180900,100.0
1989-01-04,,180900,180900,100.0
1989-01-05,,180900,180900,100.0
1989-01-06,,180900,180900,100.0
1989-01-07,,180900,180900,100.0
1989-01-08,,180900,180900,100.0
1989-01-09,,180900,180900,100.0
1989-01-10,,180900,180900,100.0
1989-01-11,,181700,181700,100.0
1989-01-12,,181700,181700,100.0
1989-01-13,,181700,181700,100.0
1989-01-14,,181700,181700,100.0
1989-01-15,,181700,181700,100.0
1989-01-16,,181700,181700,100.0
1989-01-17,,181700,181700,100.0
1989-01-18,,181700,181700,100.0
1989-01-19,,181700,181700,100.0
1989-01-20,,181700,181700,100.0
1989-01-21,,181700,181700,100.0
1989-01-22,,181700,181700,100.0
1989-01-23,,181700,181700,100.0
1989-01-24,,182500,182500,100.0
1989-01-25,,182500,182500,100.0
1989-01-26,,182500,182500,100.0
1989-01-27,,182500,182500,100.0
1989-01-28,,182500,182500,100.0
1989-01-29,,182500,182500,100.0
1989-01-30,,182500,182500,100.0
1989-01-31,,182500,182500,100.0
1989-02-01,,182500,182500,100.0
1989-02-02,,182500,182500,100.0
1989-02-03,,182500,182500,100.0
1989-02-04,,183300,183300,100.0
1989-02-05,,183300,183300,100.0
1989-02-06,,183300,183300,100.0
1989-02-07,,183300,183300,100.0
1989-02-08,,183300,183300,100.0
1989-02-09,,183300,183300,100.0
1989-02-10,,183300,183300,100.0
1989-02-11,,183300,183300,100.0
1989-02-12,,183300,183300,100.0
1989-02-13,,183300,183300,100.0
1989-02-14,,183300,183300,100.0
1989-02-15,,183300,183300,100.0
1989-02-16,,183300,183300,100.0
1989-02-17,,184100,184100,100.0
1989-02-18,,184900,184900,100.0
1989-02-19,,184900,184900,100.0
1989-02-20,,184900,184900,100.0
1989-02-21,,184900,184900,100.0
1989-02-22,,185400,185400,100.0
1989-02-23,,185400,185400,100.0
1989-02-24,,185400,185400,100.0
1989-02-25,,185400,185400,100.0
1989-02-26,,185400,185400,100.0
1989-02-27,,185400,185400,100.0
1989-02-28,,185400,185400,100.0
1989-03-01,,185400,185400,100.0
1989-03-02,,186200,186200,100.0
1989-03-03,,186200,186200,100.0
1989-03-04,,186200,186200,100.0
1989-03-05,,186200,186200,100.0
1989-03-06,,186200,186200,100.0
1989-03-07,,186200,186200,100.0
1989-03-08,,186200,186200,100.0
1989-03-09,,186200,186200,100.0
1989-03-10,,186200,186200,100.0
1989-03-11,,186200,186200,100.0
1989-03-12,,185400,185400,100.0
1989-03-13,,184900,184900,100.0
1989-03-14,,184100,184100,100.0
1989-03-15,,183300,183300,100.0
1989-03-16,,182500,182500,100.0
1989-03-17,,181700,181700,100.0
1989-03-18,,180900,180900,100.0
1989-03-19,,180900,180900,100.0
1989-03-20,,180900,180900,100.0
1989-03-21,,180100,180100,100.0
1989-03-22,,180100,180100,100.0
1989-03-23,,179300,179300,100.0
1989-03-24,,179300,179300,100.0
1989-03-25,,179300,179300,100.0
1989-03-26,,179300,179300,100.0
1989-03-27,,179300,179300,100.0
1989-03-28,,179300,179300,100.0
1989-03-29,,178500,178500,100.0
1989-03-30,,177700,177700,100.0
1989-03-31,,177300,177300,100.0
1989-04-01,,176500,176500,100.0
1989-04-02,,175700,175700,100.0
1989-04-03,,174900,174900,100.0
1989-04-04,,174100,174100,100.0
1989-04-05,,173300,173300,100.0
1989-04-06,,172500,172500,100.0
1989-04-07,,171700,171700,100.0
1989-04-08,,170100,170100,100.0
1989-04-09,,169100,169100,100.0
1989-04-10,,168400,168400,100.0
1989-04-11,,167700,167700,100.0
1989-04-12,,167700,167700,100.0
1989-04-13,,167000,167000,100.0
1989-04-14,,167000,167000,100.0
1989-04-15,,167000,167000,100.0
1989-04-16,,167000,167000,100.0
1989-04-17,,166300,166300,100.0
1989-04-18,,166300,166300,100.0
1989-04-19,,166300,166300,100.0
1989-04-20,,165600,165600,100.0
1989-04-21,,165600,165600,100.0
1989-04-22,,164900,164900,100.0
1989-04-23,,164200,164200,100.0
1989-04-24,,164200,164200,100.0
1989-04-25,,163500,163500,100.0
1989-04-26,,162800,162800,100.0
1989-04-27,,162000,162000,100.0
1989-04-28,,162000,162000,100.0
1989-04-29,,161300,161300,100.0
1989-04-30,,161300,161300,100.0
1989-05-01,,160600,160600,100.0
1989-05-02,,159900,159900,100.0
1989-05-03,,159900,159900,100.0
1989-05-04,,159200,159200,100.0
1989-05-05,,158500,158500,100.0
1989-05-06,,157800,157800,100.0
1989-05-07,,157100,157100,100.0
1989-05-08,,157100,157100,100.0
1989-05-09,,156400,156400,100.0
1989-05-10,,156400,156400,100.0
1989-05-11,,155700,155700,100.0
1989-05-12,,155700,155700,100.0
1989-05-13,,155700,155700,100.0
1989-05-14,,155200,155200,100.0
1989-05-15,,155200,155200,100.0
1989-05-16,,155200,155200,100.0
1989-05-17,,154500,154500,100.0
1989-05-18,,154500,154500,100.0
1989-05-19,,153800,153800,100.0
1989-05-20,,153800,153800,100.0
1989-05-21,,153800,153800,100.0
1989-05-22,,153100,153100,100.0
1989-05-23,,153100,153100,100.0
1989-05-24,,152400,152400,100.0
1989-05-25,,152400,152400,100.0
1989-05-26,,151700,151700,100.0
1989-05-27,,151700,151700,100.0
1989-05-28,,151000,151000,99.9
1989-05-29,,151000,151000,99.9
1989-05-30,,150300,150300,99.5
1989-05-31,,150300,150300,99.5
1989-06-01,,150300,150300,99.5
1989-06-02,,149600,149600,99.0
1989-06-03,,149600,149600,99.0
1989-06-04,,149600,149600,99.0
1989-06-05,,148900,148900,98.5
1989-06-06,,148900,148900,98.5
1989-06-07,,148900,148900,98.5
1989-06-08,,148500,148500,98.3
1989-06-09,,148500,148500,98.3
1989-06-10,,147800,147800,97.8
1989-06-11,,147800,147800,97.8
1989-06-12,,147800,147800,97.8
1989-06-13,,147100,147100,97.3
1989-06-14,,147100,147100,97.3
1989-06-15,,146400,146400,96.9
1989-06-16,,146400,146400,96.9
1989-06-17,,145700,145700,96.4
1989-06-18,,145700,145700,96.4
1989-06-19,,145700,145700,96.4
1989-06-20,,145000,145000,96.0
1989-06-21,,145000,145000,96.0
1989-06-22,,144300,144300,95.5
1989-06-23,,142900,142900,94.6
1989-06-24,,142200,142200,94.1
1989-06-25,,140600,140600,93.0
1989-06-26,,140000,140000,92.6
1989-06-27,,139400,139400,92.3
1989-06-28,,138200,138200,91.5
1989-06-29,,137600,137600,91.1
1989-06-30,,136400,136400,90.3
1989-07-01,,135800,135800,89.9
1989-07-02,,135000,135000,89.3
1989-07-03,,134400,134400,88.9
1989-07-04,,133200,133200,88.1
1989-07-05,,132600,132600,87.8
1989-07-06,,132000,132000,87.4
1989-07-07,,130800,130800,86.6
1989-07-08,,130200,130200,86.2
1989-07-09,,129600,129600,85.8
1989-07-10,,128400,128400,85.0
1989-07-11,,127800,127800,84.6
1989-07-12,,126600,126600,83.8
1989-07-13,,126000,126000,83.4
1989-07-14,,124800,124800,82.6
1989-07-15,,124200,124200,82.2
1989-07-16,,123600,123600,81.8
1989-07-17,,122600,122600,81.1
1989-07-18,,122000,122000,80.7
1989-07-19,,120800,120800,79.9
1989-07-20,,120200,120200,79.5
1989-07-21,,119600,119600,79.1
1989-07-22,,118400,118400,78.4
1989-07-23,,117800,117800,78.0
1989-07-24,,117000,117000,77.4
1989-07-25,,116400,116400,77.0
1989-07-26,,115800,115800,76.6
1989-07-27,,114600,114600,75.8
1989-07-28,,114000,114000,75.4
1989-07-29,,112800,112800,74.6
1989-07-30,,111400,111400,73.7
1989-07-31,,110900,110900,73.4
1989-08-01,,109900,109900,72.7
1989-08-02,,108900,108900,72.1
1989-08-03,,107900,107900,71.4
1989-08-04,,107400,107400,71.1
1989-08-05,,106200,106200,70.3
1989-08-06,,105200,105200,69.6
1989-08-07,,104200,104200,69.0
1989-08-08,,103700,103700,68.6
1989-08-09,,102700,102700,68.0
1989-08-10,,102200,102200,67.6
1989-08-11,,101700,101700,67.3
1989-08-12,,101200,101200,67.0
1989-08-13,,100700,100700,66.6
1989-08-14,,101200,101200,67.0
1989-08-15,,101200,101200,67.0
1989-08-16,,100700,100700,66.6
1989-08-17,,100700,100700,66.6
1989-08-18,,100200,100200,66.3
1989-08-19,,100200,100200,66.3
1989-08-20,,100200,100200,66.3
1989-08-21,,99700,99700,66.0
1989-08-22,,101200,101200,67.0
1989-08-23,,100700,100700,66.6
1989-08-24,,100700,100700,66.6
1989-08-25,,100200,100200,66.3
1989-08-26,,99700,99700,66.0
1989-08-27,,99200,99200,65.6
1989-08-28,,99200,99200,65.6
1989-08-29,,98700,98700,65.3
1989-08-30,,98700,98700,65.3
1989-08-31,,98700,98700,65.3
1989-09-01,,98700,98700,65.3
1989-09-02,,98700,98700,65.3
1989-09-03,,98200,98200,65.0
1989-09-04,,98200,98200,65.0
1989-09-05,,98200,98200,65.0
1989-09-06,,97700,97700,64.7
1989-09-07,,97700,97700,64.7
1989-09-08,,97700,97700,64.7
1989-09-09,,97700,97700,64.7
1989-09-10,,97700,97700,64.7
1989-09-11,,97700,97700,64.7
1989-09-12,,97700,97700,64.7
1989-09-13,,97700,97700,64.7
1989-09-14,,97700,97700,64.7
1989-09-15,,97700,97700,64.7
1989-09-16,,97700,97700,64.7
1989-09-17,,97700,97700,64.7
1989-09-18,,97700,97700,64.7
1989-09-19,,97700,97700,64.7
1989-09-20,,97700,97700,64.7
1989-09-21,,97700,97700,64.7
1989-09-22,,97700,97700,64.7
1989-09-23,,97700,97700,64.7
1989-09-24,,97700,97700,64.7
1989-09-25,,97700,97700,64.7
1989-09-26,,97700,97700,64.7
1989-09-27,,97700,97700,64.7
1989-09-28,,97200,97200,64.3
1989-09-29,,97200,97200,64.3
1989-09-30,,97200,97200,64.3
1989-10-01,,97180,97180,64.3
1989-10-02,,97180,97180,64.3
1989-10-03,,97180,97180,64.3
1989-10-04,,97180,97180,64.3
1989-10-05,,96680,96680,64.0
1989-10-06,,96680,96680,64.0
1989-10-07,,96680,96680,64.0
1989-10-08,,96680,96680,64.0
1989-10-09,,96680,96680,64.0
1989-10-10,,96680,96680,64.0
1989-10-11,,99680,99680,66.0
1989-10-12,,96680,96680,64.0
1989-10-13,,96190,96190,63.7
1989-10-14,,96190,96190,63.7
1989-10-15,,96190,96190,63.7
1989-10-16,,96190,96190,63.7
1989-10-17,,96190,96190,63.7
1989-10-18,,96190,96190,63.7
1989-10-19,,96190,96190,63.7
1989-10-20,,95710,95710,63.3
1989-10-21,,95710,95710,63.3
1989-10-22,,95710,95710,63.3
1989-10-23,,95710,95710,63.3
1989-10-24,,95710,95710,63.3
1989-10-25,,95220,95220,63.0
1989-10-26,,95220,95220,63.0
1989-10-27,,95220,95220,63.0
1989-10-28,,95220,95220,63.0
1989-10-29,,95220,95220,63.0
1989-10-30,,95220,95220,63.0
1989-10-31,,94740,94740,62.7
1989-11-01,,94740,94740,62.7
1989-11-02,,94740,94740,62.7
1989-11-03,,94740,94740,62.7
1989-11-04,,94740,94740,62.7
1989-11-05,,94740,94740,62.7
1989-11-06,,94740,94740,62.7
1989-11-07,,94740,94740,62.7
1989-11-08,,94740,94740,62.7
1989-11-09,,94740,94740,62.7
1989-11-10,,95220,95220,63.0
1989-11-11,,95220,95220,63.0
1989-11-12,,95220,95220,63.0
1989-11-13,,95220,95220,63.0
1989-11-14,,95220,95220,63.0
1989-11-15,,95220,95220,63.0
1989-11-16,,95710,95710,63.3
1989-11-17,,95710,95710,63.3
1989-11-18,,95710,95710,63.3
1989-11-19,,95710,95710,63.3
1989-11-20,,95710,95710,63.3
1989-11-21,,95710,95710,63.3
1989-11-22,,95710,95710,63.3
1989-11-23,,95710,95710,63.3
1989-11-24,,95710,95710,63.3
1989-11-25,,95710,95710,63.3
1989-11-26,,95710,95710,63.3
1989-11-27,,96190,96190,63.7
1989-11-28,,96190,96190,63.7
1989-11-29,,96190,96190,63.7
1989-11-30,,96190,96190,63.7
1989-12-01,,96190,96190,63.7
1989-12-02,,96190,96190,63.7
1989-12-03,,96190,96190,63.7
1989-12-04,,96190,96190,63.7
1989-12-05,,96190,96190,63.7
1989-12-06,,96680,96680,64.0
1989-12-07,,96680,96680,64.0
1989-12-08,,96680,96680,64.0
1989-12-09,,96680,96680,64.0
1989-12-10,,96680,96680,64.0
1989-12-11,,96680,96680,64.0
1989-12-12,,96680,96680,64.0
1989-12-13,,96680,96680,64.0
1989-12-14,,96680,96680,64.0
1989-12-15,,96680,96680,64.0
1989-12-16,,96680,96680,64.0
1989-12-17,,97180,97180,64.3
1989-12-18,,97180,97180,64.3
1989-12-19,,97180,97180,64.3
1989-12-20,,97180,97180,64.3
1989-12-21,,97180,97180,64.3
1989-12-22,,97180,97180,64.3
1989-12-23,,97180,97180,64.3
1989-12-24,,97180,97180,64.3
1989-12-25,,97180,97180,64.3
1989-12-26,,97680,97680,64.6
1989-12-27,,97680,97680,64.6
1989-12-28,,97680,97680,64.6
1989-12-29,,97680,97680,64.6
1989-12-30,,97680,97680,64.6
1989-12-31,,97680,97680,64.6
1990-01-01,,97680,97680,64.6
1990-01-02,,98180,98180,65.0
1990-01-03,,98180,98180,65.0
1990-01-04,,98180,98180,65.0
1990-01-05,,98180,98180,65.0
1990-01-06,,98180,98180,65.0
1990-01-07,,98680,98680,65.3
1990-01-08,,98680,98680,65.3
1990-01-09,,98680,98680,65.3
1990-01-10,,98680,98680,65.3
1990-01-11,,98680,98680,65.3
1990-01-12,,99180,99180,65.6
1990-01-13,,99180,99180,65.6
1990-01-14,,99180,99180,65.6
1990-01-15,,99180,99180,65.6
1990-01-16,,99180,99180,65.6
1990-01-17,,99180,99180,65.6
1990-01-18,,99180,99180,65.6
1990-01-19,,99680,99680,66.0
1990-01-20,,99680,99680,66.0
1990-01-21,,99680,99680,66.0
1990-01-22,,99680,99680,66.0
1990-01-23,,99680,99680,66.0
1990-01-24,,99680,99680,66.0
1990-01-25,,100200,100200,66.3
1990-01-26,,100200,100200,66.3
1990-01-27,,100200,100200,66.3
1990-01-28,,100200,100200,66.3
1990-01-29,,100700,100700,66.6
1990-01-30,,100700,100700,66.6
1990-01-31,,100700,100700,66.6
1990-02-01,,100700,100700,66.6
1990-02-02,,100700,100700,66.6
1990-02-03,,100700,100700,66.6
1990-02-04,,100700,100700,66.6
1990-02-05,,100700,100700,66.6
1990-02-06,,100700,100700,66.6
1990-02-07,,100700,100700,66.6
1990-02-08,,100700,100700,66.6
1990-02-09,,100700,100700,66.6
1990-02-10,,100700,100700,66.6
1990-02-11,,100700,100700,66.6
1990-02-12,,101200,101200,67.0
1990-02-13,,101200,101200,67.0
1990-02-14,,101200,101200,67.0
1990-02-15,,101200,101200,67.0
1990-02-16,,101200,101200,67.0
1990-02-17,,101200,101200,67.0
1990-02-18,,101200,101200,67.0
1990-02-19,,101200,101200,67.0
1990-02-20,,101200,101200,67.0
1990-02-21,,101200,101200,67.0
1990-02-22,,101200,101200,67.0
1990-02-23,,101200,101200,67.0
1990-02-24,,101200,101200,67.0
1990-02-25,,101200,101200,67.0
1990-02-26,,101700,101700,67.3
1990-02-27,,101700,101700,67.3
1990-02-28,,101700,101700,67.3
1990-03-01,,101700,101700,67.3
1990-03-02,,101700,101700,67.3
1990-03-03,,101700,101700,67.3
1990-03-04,,101700,101700,67.3
1990-03-05,,101700,101700,67.3
1990-03-06,,101700,101700,67.3
1990-03-07,,101700,101700,67.3
1990-03-08,,102200,102200,67.6
1990-03-09,,102200,102200,67.6
1990-03-10,,102200,102200,67.6
1990-03-11,,102200,102200,67.6
1990-03-12,,102200,102200,67.6
1990-03-13,,102200,102200,67.6
1990-03-14,,102200,102200,67.6
1990-03-15,,102200,102200,67.6
1990-03-16,,102200,102200,67.6
1990-03-17,,102700,102700,68.0
1990-03-18,,102700,102700,68.0
1990-03-19,,102700,102700,68.0
1990-03-20,,102200,102200,67.6
1990-03-21,,101700,101700,67.3
1990-03-22,,100700,100700,66.6
1990-03-23,,100200,100200,66.3
1990-03-24,,99680,99680,66.0
1990-03-25,,98680,98680,65.3
1990-03-26,,98180,98180,65.0
1990-03-27,,97680,97680,64.6
1990-03-28,,97180,97180,64.3
1990-03-29,,96680,96680,64.0
1990-03-30,,95710,95710,63.3
1990-03-31,,95220,95220,63.0
1990-04-01,,94740,94740,62.7
1990-04-02,,94250,94250,62.4
1990-04-03,,93770,93770,62.1
1990-04-04,,93280,93280,61.7
1990-04-05,,92800,92800,61.4
1990-04-06,,92310,92310,61.1
1990-04-07,,91830,91830,60.8
1990-04-08,,91360,91360,60.5
1990-04-09,,90890,90890,60.1
1990-04-10,,89950,89950,59.5
1990-04-11,,89950,89950,59.5
1990-04-12,,89950,89950,59.5
1990-04-13,,90420,90420,59.8
1990-04-14,,89950,89950,59.5
1990-04-15,,89950,89950,59.5
1990-04-16,,89490,89490,59.2
1990-04-17,,89490,89490,59.2
1990-04-18,,89020,89020,58.9
1990-04-19,,89020,89020,58.9
1990-04-20,,89020,89020,58.9
1990-04-21,,88550,88550,58.6
1990-04-22,,88550,88550,58.6
1990-04-23,,88550,88550,58.6
1990-04-24,,88550,88550,58.6
1990-04-25,,88550,88550,58.6
1990-04-26,,88550,88550,58.6
1990-04-27,,88550,88550,58.6
1990-04-28,,88080,88080,58.3
1990-04-29,,88080,88080,58.3
1990-04-30,,88080,88080,58.3
1990-05-01,,87610,87610,58.0
1990-05-02,,87610,87610,58.0
1990-05-03,,87610,87610,58.0
1990-05-04,,87610,87610,58.0
1990-05-05,,87610,87610,58.0
1990-05-06,,87150,87150,57.7
1990-05-07,,87150,87150,57.7
1990-05-08,,86690,86690,57.4
1990-05-09,,86690,86690,57.4
1990-05-10,,86240,86240,57.1
1990-05-11,,85790,85790,56.8
1990-05-12,,85790,85790,56.8
1990-05-13,,85340,85340,56.5
1990-05-14,,85340,85340,56.5
1990-05-15,,85340,85340,56.5
1990-05-16,,84890,84890,56.2
1990-05-17,,84440,84440,55.9
1990-05-18,,84440,84440,55.9
1990-05-19,,84440,84440,55.9
1990-05-20,,83980,83980,55.6
1990-05-21,,83530,83530,55.3
1990-05-22,,83530,83530,55.3
1990-05-23,,82630,82630,54.7
1990-05-24,,82190,82190,54.4
1990-05-25,,81760,81760,54.1
1990-05-26,,81760,81760,54.1
1990-05-27,,81320,81320,53.8
1990-05-28,,81320,81320,53.8
1990-05-29,,80890,80890,53.5
1990-05-30,,80450,80450,53.2
1990-05-31,,80450,80450,53.2
1990-06-01,,80020,80020,53.0
1990-06-02,,80020,80020,53.0
1990-06-03,,79580,79580,52.7
1990-06-04,,79580,79580,52.7
1990-06-05,,79150,79150,52.4
1990-06-06,,79150,79150,52.4
1990-06-07,,78710,78710,52.1
1990-06-08,,78280,78280,51.8
1990-06-09,,77860,77860,51.5
1990-06-10,,77440,77440,51.2
1990-06-11,,77020,77020,51.0
1990-06-12,,76600,76600,50.7
1990-06-13,,76180,76180,50.4
1990-06-14,,75770,75770,50.1
1990-06-15,,75350,75350,49.9
1990-06-16,,74510,74510,49.3
1990-06-17,,73690,73690,48.8
1990-06-18,,72880,72880,48.2
1990-06-19,,72080,72080,47.7
1990-06-20,,71280,71280,47.2
1990-06-21,,70470,70470,46.6
1990-06-22,,69680,69680,46.1
1990-06-23,,68530,68530,45.4
1990-06-24,,67760,67760,44.8
1990-06-25,,66990,66990,44.3
1990-06-26,,66220,66220,43.8
1990-06-27,,65480,65480,43.3
1990-06-28,,65110,65110,43.1
1990-06-29,,64740,64740,42.8
1990-06-30,,64740,64740,42.8
1990-07-01,,64370,64370,42.6
1990-07-02,,64000,64000,42.4
1990-07-03,,63630,63630,42.1
1990-07-04,,63260,63260,41.9
1990-07-05,,62900,62900,41.6
1990-07-06,,62530,62530,41.4
1990-07-07,,62180,62180,41.1
1990-07-08,,61820,61820,40.9
1990-07-09,,61820,61820,40.9
1990-07-10,,61820,61820,40.9
1990-07-11,,61120,61120,40.4
1990-07-12,,61120,61120,40.4
1990-07-13,,60770,60770,40.2
1990-07-14,,60410,60410,40.0
1990-07-15,,60060,60060,39.7
1990-07-16,,59710,59710,39.5
1990-07-17,,59710,59710,39.5
1990-07-18,,59360,59360,39.3
1990-07-19,,58670,58670,38.8
1990-07-20,,58670,58670,38.8
1990-07-21,,58670,58670,38.8
1990-07-22,,59010,59010,39.1
1990-07-23,,59360,59360,39.3
1990-07-24,,59010,59010,39.1
1990-07-25,,59010,59010,39.1
1990-07-26,,59010,59010,39.1
1990-07-27,,58670,58670,38.8
1990-07-28,,58330,58330,38.6
1990-07-29,,58330,58330,38.6
1990-07-30,,59360,59360,39.3
1990-07-31,,59710,59710,39.5
1990-08-01,,60060,60060,39.7
1990-08-02,,60060,60060,39.7
1990-08-03,,60410,60410,40.0
1990-08-04,,60410,60410,40.0
1990-08-05,,60770,60770,40.2
1990-08-06,,61120,61120,40.4
1990-08-07,,61470,61470,40.7
1990-08-08,,61820,61820,40.9
1990-08-09,,61820,61820,40.9
1990-08-10,,61820,61820,40.9
1990-08-11,,61820,61820,40.9
1990-08-12,,61820,61820,40.9
1990-08-13,,61820,61820,40.9
1990-08-14,,62180,62180,41.1
1990-08-15,,62180,62180,41.1
1990-08-16,,62180,62180,41.1
1990-08-17,,62180,62180,41.1
1990-08-18,,62180,62180,41.1
1990-08-19,,62180,62180,41.1
1990-08-20,,62530,62530,41.4
1990-08-21,,62180,62180,41.1
1990-08-22,,62180,62180,41.1
1990-08-23,,62820,62820,41.6
1990-08-24,,61820,61820,40.9
1990-08-25,,61470,61470,40.7
1990-08-26,,61470,61470,40.7
1990-08-27,,61120,61120,40.4
1990-08-28,,61120,61120,40.4
1990-08-29,,60770,60770,40.2
1990-08-30,,60770,60770,40.2
1990-08-31,,60410,60410,40.0
1990-09-01,,60410,60410,40.0
1990-09-02,,60060,60060,39.7
1990-09-03,,59710,59710,39.5
1990-09-04,,59710,59710,39.5
1990-09-05,,59710,59710,39.5
1990-09-06,,59360,59360,39.3
1990-09-07,,59360,59360,39.3
1990-09-08,,59010,59010,39.1
1990-09-09,,59010,59010,39.1
1990-09-10,,59010,59010,39.1
1990-09-11,,58670,58670,38.8
1990-09-12,,58330,58330,38.6
1990-09-13,,58330,58330,38.6
1990-09-14,,58330,58330,38.6
1990-09-15,,58330,58330,38.6
1990-09-16,,58330,58330,38.6
1990-09-17,,59010,59010,39.1
1990-09-18,,60410,60410,40.0
1990-09-19,,60770,60770,40.2
1990-09-20,,60770,60770,40.2
1990-09-21,,61120,61120,40.4
1990-09-22,,63260,63260,41.9
1990-09-23,,63260,63260,41.9
1990-09-24,,63260,63260,41.9
1990-09-25,,63630,63630,42.1
1990-09-26,,64000,64000,42.4
1990-09-27,,64000,64000,42.4
1990-09-28,,64000,64000,42.4
1990-09-29,,64000,64000,42.4
1990-09-30,,64370,64370,42.6
1990-10-01,,64370,64370,42.6
1990-10-02,,64740,64740,42.8
1990-10-03,,65480,65480,43.3
1990-10-04,,65850,65850,43.6
1990-10-05,,66220,66220,43.8
1990-10-06,,66220,66220,43.8
1990-10-07,,66220,66220,43.8
1990-10-08,,66600,66600,44.1
1990-10-09,,66600,66600,44.1
1990-10-10,,66990,66990,44.3
1990-10-11,,66990,66990,44.3
1990-10-12,,66990,66990,44.3
1990-10-13,,66990,66990,44.3
1990-10-14,,66990,66990,44.3
1990-10-15,,67370,67370,44.6
1990-10-16,,67370,67370,44.6
1990-10-17,,67370,67370,44.6
1990-10-18,,67370,67370,44.6
1990-10-19,,67370,67370,44.6
1990-10-20,,66990,66990,44.3
1990-10-21,,66990,66990,44.3
1990-10-22,,66600,66600,44.1
1990-10-23,,66220,66220,43.8
1990-10-24,,66220,66220,43.8
1990-10-25,,66220,66220,43.8
1990-10-26,,66220,66220,43.8
1990-10-27,,66220,66220,43.8
1990-10-28,,66220,66220,43.8
1990-10-29,,66600,66600,44.1
1990-10-30,,66600,66600,44.1
1990-10-31,,66220,66220,43.8
1990-11-01,,65480,65480,43.3
1990-11-02,,65480,65480,43.3
1990-11-03,,65480,65480,43.3
1990-11-04,,65480,65480,43.3
1990-11-05,,65480,65480,43.3
1990-11-06,,65480,65480,43.3
1990-11-07,,65850,65850,43.6
1990-11-08,,66220,66220,43.8
1990-11-09,,66600,66600,44.1
1990-11-10,,66990,66990,44.3
1990-11-11,,66990,66990,44.3
1990-11-12,,67370,67370,44.6
1990-11-13,,67370,67370,44.6
1990-11-14,,67370,67370,44.6
1990-11-15,,67760,67760,44.8
1990-11-16,,68140,68140,45.1
1990-11-17,,68140,68140,45.1
1990-11-18,,68530,68530,45.4
1990-11-19,,68530,68530,45.4
1990-11-20,,68910,68910,45.6
1990-11-21,,68910,68910,45.6
1990-11-22,,69300,69300,45.9
1990-11-23,,69300,69300,45.9
1990-11-24,,69300,69300,45.9
1990-11-25,,69300,69300,45.9
1990-11-26,,69680,69680,46.1
1990-11-27,,69680,69680,46.1
1990-11-28,,69680,69680,46.1
1990-11-29,,69680,69680,46.1
1990-11-30,,69680,69680,46.1
1990-12-01,,70070,70070,46.4
1990-12-02,,70070,70070,46.4
1990-12-03,,70070,70070,46.4
1990-12-04,,70070,70070,46.4
1990-12-05,,70070,70070,46.4
1990-12-06,,70470,70470,46.6
1990-12-07,,70470,70470,46.6
1990-12-08,,70470,70470,46.6
1990-12-09,,70470,70470,46.6
1990-12-10,,70470,70470,46.6
1990-12-11,,70470,70470,46.6
1990-12-12,,70470,70470,46.6
1990-12-13,,70470,70470,46.6
1990-12-14,,70870,70870,46.9
1990-12-15,,70870,70870,46.9
1990-12-16,,70870,70870,46.9
1990-12-17,,70870,70870,46.9
1990-12-18,,70870,70870,46.9
1990-12-19,,70870,70870,46.9
1990-12-20,,71280,71280,47.2
1990-12-21,,71280,71280,47.2
1990-12-22,,71280,71280,47.2
1990-12-23,,71280,71280,47.2
1990-12-24,,71280,71280,47.2
1990-12-25,,71280,71280,47.2
1990-12-26,,71680,71680,47.4
1990-12-27,,71680,71680,47.4
1990-12-28,,71680,71680,47.4
1990-12-29,,71680,71680,47.4
1990-12-30,,71680,71680,47.4
1990-12-31,,72080,72080,47.7
1991-01-01,,72080,72080,47.7
1991-01-02,,72080,72080,47.7
1991-01-03,,72080,72080,47.7
1991-01-04,,72080,72080,47.7
1991-01-05,,72480,72480,48.0
1991-01-06,,72480,72480,48.0
1991-01-07,,72480,72480,48.0
1991-01-08,,72480,72480,48.0
1991-01-09,,72880,72880,48.2
1991-01-10,,72880,72880,48.2
1991-01-11,,73290,73290,48.5
1991-01-12,,73290,73290,48.5
1991-01-13,,73290,73290,48.5
1991-01-14,,73290,73290,48.5
1991-01-15,,73690,73690,48.8
1991-01-16,,73690,73690,48.8
1991-01-17,,73690,73690,48.8
1991-01-18,,74090,74090,49.0
1991-01-19,,74090,74090,49.0
1991-01-20,,74090,74090,49.0
1991-01-21,,74090,74090,49.0
1991-01-22,,74510,74510,49.3
1991-01-23,,74510,74510,49.3
1991-01-24,,74510,74510,49.3
1991-01-25,,74930,74930,49.6
1991-01-26,,74930,74930,49.6
1991-01-27,,74930,74930,49.6
1991-01-28,,74930,74930,49.6
1991-01-29,,75350,75350,49.9
1991-01-30,,75350,75350,49.9
1991-01-31,,75350,75350,49.9
1991-02-01,,75350,75350,49.9
1991-02-02,,75770,75770,50.1
1991-02-03,,75770,75770,50.1
1991-02-04,,75770,75770,50.1
1991-02-05,,75770,75770,50.1
1991-02-06,,75770,75770,50.1
1991-02-07,,75770,75770,50.1
1991-02-08,,76180,76180,50.4
1991-02-09,,76180,76180,50.4
1991-02-10,,76180,76180,50.4
1991-02-11,,76180,76180,50.4
1991-02-12,,76600,76600,50.7
1991-02-13,,76600,76600,50.7
1991-02-14,,76600,76600,50.7
1991-02-15,,76600,76600,50.7
1991-02-16,,76600,76600,50.7
1991-02-17,,76600,76600,50.7
1991-02-18,,76600,76600,50.7
1991-02-19,,76600,76600,50.7
1991-02-20,,77020,77020,51.0
1991-02-21,,77020,77020,51.0
1991-02-22,,77020,77020,51.0
1991-02-23,,77020,77020,51.0
1991-02-24,,77020,77020,51.0
1991-02-25,,77020,77020,51.0
1991-02-26,,77020,77020,51.0
1991-02-27,,77020,77020,51.0
1991-02-28,,77020,77020,51.0
1991-03-01,,77440,77440,51.2
1991-03-02,,77440,77440,51.2
1991-03-03,,77440,77440,51.2
1991-03-04,,77440,77440,51.2
1991-03-05,,77440,77440,51.2
1991-03-06,,77440,77440,51.2
1991-03-07,,77440,77440,51.2
1991-03-08,,77440,77440,51.2
1991-03-09,,77440,77440,51.2
1991-03-10,,77440,77440,51.2
1991-03-11,,77440,77440,51.2
1991-03-12,,77440,77440,51.2
1991-03-13,,77440,77440,51.2
1991-03-14,,77440,77440,51.2
1991-03-15,,77440,77440,51.2
1991-03-16,,77020,77020,51.0
1991-03-17,,77020,77020,51.0
1991-03-18,,77020,77020,51.0
1991-03-19,,77020,77020,51.0
1991-03-20,,77020,77020,51.0
1991-03-21,,77020,77020,51.0
1991-03-22,,77020,77020,51.0
1991-03-23,,77020,77020,51.0
1991-03-24,,77020,77020,51.0
1991-03-25,,77020,77020,51.0
1991-03-26,,77020,77020,51.0
1991-03-27,,76600,76600,50.7
1991-03-28,,76600,76600,50.7
1991-03-29,,76600,76600,50.7
1991-03-30,,76600,76600,50.7
1991-03-31,,76600,76600,50.7
1991-04-01,,76600,76600,50.7
1991-04-02,,76600,76600,50.7
1991-04-03,,76600,76600,50.7
1991-04-04,,76600,76600,50.7
1991-04-05,,76600,76600,50.7
1991-04-06,,76600,76600,50.7
1991-04-07,,76600,76600,50.7
1991-04-08,,76600,76600,50.7
1991-04-09,,76600,76600,50.7
1991-04-10,,76600,76600,50.7
1991-04-11,,76180,76180,50.4
1991-04-12,,76180,76180,50.4
1991-04-13,,75770,75770,50.1
1991-04-14,,75350,75350,49.9
1991-04-15,,74930,74930,49.6
1991-04-16,,74930,74930,49.6
1991-04-17,,74510,74510,49.3
1991-04-18,,74510,74510,49.3
1991-04-19,,74510,74510,49.3
1991-04-20,,74090,74090,49.0
1991-04-21,,74090,74090,49.0
1991-04-22,,73690,73690,48.8
1991-04-23,,73290,73290,48.5
1991-04-24,,72480,72480,48.0
1991-04-25,,71680,71680,47.4
1991-04-26,,71280,71280,47.2
1991-04-27,,70870,70870,46.9
1991-04-28,,70470,70470,46.6
1991-04-29,,70470,70470,46.6
1991-04-30,,70070,70070,46.4
1991-05-01,,69680,69680,46.1
1991-05-02,,69300,69300,45.9
1991-05-03,,69300,69300,45.9
1991-05-04,,68910,68910,45.6
1991-05-05,,68530,68530,45.4
1991-05-06,,68140,68140,45.1
1991-05-07,,67760,67760,44.8
1991-05-08,,67370,67370,44.6
1991-05-09,,66600,66600,44.1
1991-05-10,,66220,66220,43.8
1991-05-11,,65850,65850,43.6
1991-05-12,,65110,65110,43.1
1991-05-13,,64370,64370,42.6
1991-05-14,,64000,64000,42.4
1991-05-15,,63260,63260,41.9
1991-05-16,,62530,62530,41.4
1991-05-17,,61820,61820,40.9
1991-05-18,,61470,61470,40.7
1991-05-19,,61120,61120,40.4
1991-05-20,,60770,60770,40.2
1991-05-21,,60420,60420,40.0
1991-05-22,,60420,60420,40.0
1991-05-23,,60060,60060,39.7
1991-05-24,,60060,60060,39.7
1991-05-25,,60060,60060,39.7
1991-05-26,,60060,60060,39.7
1991-05-27,,59710,59710,39.5
1991-05-28,,59710,59710,39.5
1991-05-29,,59710,59710,39.5
1991-05-30,,59710,59710,39.5
1991-05-31,,59360,59360,39.3
1991-06-01,,59360,59360,39.3
1991-06-02,,59010,59010,39.1
1991-06-03,,59010,59010,39.1
1991-06-04,,59010,59010,39.1
1991-06-05,,58670,58670,38.8
1991-06-06,,58340,58340,38.6
1991-06-07,,58340,58340,38.6
1991-06-08,,58000,58000,38.4
1991-06-09,,58000,58000,38.4
1991-06-10,,58000,58000,38.4
1991-06-11,,58000,58000,38.4
1991-06-12,,58000,58000,38.4
1991-06-13,,58000,58000,38.4
1991-06-14,,58000,58000,38.4
1991-06-15,,57660,57660,38.2
1991-06-16,,57660,57660,38.2
1991-06-17,,57660,57660,38.2
1991-06-18,,57660,57660,38.2
1991-06-19,,57660,57660,38.2
1991-06-20,,57330,57330,37.9
1991-06-21,,56990,56990,37.7
1991-06-22,,56660,56660,37.5
1991-06-23,,56320,56320,37.3
1991-06-24,,55990,55990,37.1
1991-06-25,,55650,55650,36.8
1991-06-26,,55010,55010,36.4
1991-06-27,,54690,54690,36.2
1991-06-28,,54370,54370,36.0
1991-06-29,,54050,54050,35.8
1991-06-30,,54050,54050,35.8
1991-07-01,,54050,54050,35.8
1991-07-02,,53740,53740,35.6
1991-07-03,,53740,53740,35.6
1991-07-04,,53740,53740,35.6
1991-07-05,,53740,53740,35.6
1991-07-06,,53420,53420,35.4
1991-07-07,,53420,53420,35.4
1991-07-08,,53420,53420,35.4
1991-07-09,,53100,53100,35.1
1991-07-10,,53100,53100,35.1
1991-07-11,,53100,53100,35.1
1991-07-12,,53740,53740,35.6
1991-07-13,,53740,53740,35.6
1991-07-14,,55010,55010,36.4
1991-07-15,,55010,55010,36.4
1991-07-16,,55650,55650,36.8
1991-07-17,,55650,55650,36.8
1991-07-18,,55650,55650,36.8
1991-07-19,,55650,55650,36.8
1991-07-20,,55650,55650,36.8
1991-07-21,,55650,55650,36.8
1991-07-22,,55650,55650,36.8
1991-07-23,,55650,55650,36.8
1991-07-24,,55330,55330,36.6
1991-07-25,,55330,55330,36.6
1991-07-26,,55330,55330,36.6
1991-07-27,,56320,56320,37.3
1991-07-28,,56660,56660,37.5
1991-07-29,,56990,56990,37.7
1991-07-30,,56990,56990,37.7
1991-07-31,,56990,56990,37.7
1991-08-01,,56990,56990,37.7
1991-08-02,,56990,56990,37.7
1991-08-03,,56990,56990,37.7
1991-08-04,,56990,56990,37.7
1991-08-05,,56990,56990,37.7
1991-08-06,,56990,56990,37.7
1991-08-07,,56990,56990,37.7
1991-08-08,,56660,56660,37.5
1991-08-09,,56320,56320,37.3
1991-08-10,,56320,56320,37.3
1991-08-11,,56320,56320,37.3
1991-08-12,,55990,55990,37.1
1991-08-13,,55990,55990,37.1
1991-08-14,,56320,56320,37.3
1991-08-15,,56320,56320,37.3
1991-08-16,,55990,55990,37.1
1991-08-17,,55650,55650,36.8
1991-08-18,,55010,55010,36.4
1991-08-19,,54370,54370,36.0
1991-08-20,,54050,54050,35.8
1991-08-21,,53740,53740,35.6
1991-08-22,,53100,53100,35.1
1991-08-23,,53100,53100,35.1
1991-08-24,,52780,52780,34.9
1991-08-25,,52780,52780,34.9
1991-08-26,,52460,52460,34.7
1991-08-27,,52160,52160,34.5
1991-08-28,,52160,52160,34.5
1991-08-29,,51860,51860,34.3
1991-08-30,,51860,51860,34.3
1991-08-31,,51550,51550,34.1
1991-09-01,,51250,51250,33.9
1991-09-02,,51250,51250,33.9
1991-09-03,,50950,50950,33.7
1991-09-04,,51250,51250,33.9
1991-09-05,,51250,51250,33.9
1991-09-06,,51250,51250,33.9
1991-09-07,,51860,51860,34.3
1991-09-08,,53100,53100,35.1
1991-09-09,,53420,53420,35.4
1991-09-10,,53420,53420,35.4
1991-09-11,,54690,54690,36.2
1991-09-12,,55010,55010,36.4
1991-09-13,,55650,55650,36.8
1991-09-14,,52780,52780,34.9
1991-09-15,,53100,53100,35.1
1991-09-16,,53740,53740,35.6
1991-09-17,,54370,54370,36.0
1991-09-18,,59010,59010,39.1
1991-09-19,,60420,60420,40.0
1991-09-20,,61820,61820,40.9
1991-09-21,,63260,63260,41.9
1991-09-22,,64370,64370,42.6
1991-09-23,,65850,65850,43.6
1991-09-24,,67370,67370,44.6
1991-09-25,,68530,68530,45.4
1991-09-26,,69680,69680,46.1
1991-09-27,,70870,70870,46.9
1991-09-28,,72080,72080,47.7
1991-09-29,,73290,73290,48.5
1991-09-30,,74510,74510,49.3
1991-10-01,,75770,75770,50.1
1991-10-02,,77020,77020,51.0
1991-10-03,,77860,77860,51.5
1991-10-04,,79150,79150,52.4
1991-10-05,,80020,80020,53.0
1991-10-06,,80890,80890,53.5
1991-10-07,,81760,81760,54.1
1991-10-08,,81760,81760,54.1
1991-10-09,,82190,82190,54.4
1991-10-10,,82190,82190,54.4
1991-10-11,,82190,82190,54.4
1991-10-12,,82630,82630,54.7
1991-10-13,,82630,82630,54.7
1991-10-14,,82630,82630,54.7
1991-10-15,,83080,83080,55.0
1991-10-16,,82630,82630,54.7
1991-10-17,,82630,82630,54.7
1991-10-18,,82630,82630,54.7
1991-10-19,,82190,82190,54.4
1991-10-20,,82190,82190,54.4
1991-10-21,,82190,82190,54.4
1991-10-22,,82190,82190,54.4
1991-10-23,,82190,82190,54.4
1991-10-24,,81760,81760,54.1
1991-10-25,,81760,81760,54.1
1991-10-26,,81760,81760,54.1
1991-10-27,,81760,81760,54.1
1991-10-28,,81760,81760,54.1
1991-10-29,,81320,81320,53.8
1991-10-30,,81320,81320,53.8
1991-10-31,,81320,81320,53.8
1991-11-01,,81320,81320,53.8
1991-11-02,,81320,81320,53.8
1991-11-03,,81760,81760,54.1
1991-11-04,,82190,82190,54.4
1991-11-05,,83530,83530,55.3
1991-11-06,,84890,84890,56.2
1991-11-07,,85790,85790,56.8
1991-11-08,,87150,87150,57.7
1991-11-09,,88080,88080,58.3
1991-11-10,,89020,89020,58.9
1991-11-11,,89960,89960,59.5
1991-11-12,,90420,90420,59.8
1991-11-13,,90420,90420,59.8
1991-11-14,,90890,90890,60.1
1991-11-15,,90890,90890,60.1
1991-11-16,,90890,90890,60.1
1991-11-17,,91360,91360,60.5
1991-11-18,,91360,91360,60.5
1991-11-19,,91360,91360,60.5
1991-11-20,,91360,91360,60.5
1991-11-21,,91360,91360,60.5
1991-11-22,,91360,91360,60.5
1991-11-23,,91360,91360,60.5
1991-11-24,,91360,91360,60.5
1991-11-25,,91830,91830,60.8
1991-11-26,,91830,91830,60.8
1991-11-27,,91830,91830,60.8
1991-11-28,,91830,91830,60.8
1991-11-29,,91830,91830,60.8
1991-11-30,,91830,91830,60.8
1991-12-01,,92310,92310,61.1
1991-12-02,,93280,93280,61.7
1991-12-03,,94250,94250,62.4
1991-12-04,,95710,95710,63.3
1991-12-05,,96680,96680,64.0
1991-12-06,,97680,97680,64.6
1991-12-07,,98680,98680,65.3
1991-12-08,,99680,99680,66.0
1991-12-09,,100700,100700,66.6
1991-12-10,,101700,101700,67.3
1991-12-11,,102700,102700,68.0
1991-12-12,,104300,104300,69.0
1991-12-13,,105300,105300,69.7
1991-12-14,,105800,105800,70.0
1991-12-15,,106900,106900,70.7
1991-12-16,,107900,107900,71.4
1991-12-17,,109000,109000,72.1
1991-12-18,,109600,109600,72.5
1991-12-19,,110600,110600,73.2
1991-12-20,,111700,111700,73.9
1991-12-21,,113300,113300,75.0
1991-12-22,,115600,115600,76.5
1991-12-23,,116700,116700,77.2
1991-12-24,,117800,117800,78.0
1991-12-25,,118900,118900,78.7
1991-12-26,,120100,120100,79.5
1991-12-27,,121200,121200,80.2
1991-12-28,,122400,122400,81.0
1991-12-29,,122400,122400,81.0
1991-12-30,,123000,123000,81.4
1991-12-31,,123000,123000,81.4
1992-01-01,,123000,123000,81.4
1992-01-02,,123000,123000,81.4
1992-01-03,,123000,123000,81.4
1992-01-04,,123600,123600,81.8
1992-01-05,,123600,123600,81.8
1992-01-06,,123600,123600,81.8
1992-01-07,,123600,123600,81.8
1992-01-08,,123600,123600,81.8
1992-01-09,,123600,123600,81.8
1992-01-10,,124200,124200,82.2
1992-01-11,,124200,124200,82.2
1992-01-12,,124200,124200,82.2
1992-01-13,,124200,124200,82.2
1992-01-14,,124200,124200,82.2
1992-01-15,,124200,124200,82.2
1992-01-16,,124200,124200,82.2
1992-01-17,,124800,124800,82.6
1992-01-18,,124800,124800,82.6
1992-01-19,,124800,124800,82.6
1992-01-20,,124800,124800,82.6
1992-01-21,,124800,124800,82.6
1992-01-22,,125400,125400,83.0
1992-01-23,,125400,125400,83.0
1992-01-24,,125400,125400,83.0
1992-01-25,,125400,125400,83.0
1992-01-26,,125400,125400,83.0
1992-01-27,,126000,126000,83.4
1992-01-28,,126000,126000,83.4
1992-01-29,,126000,126000,83.4
1992-01-30,,126000,126000,83.4
1992-01-31,,126000,126000,83.4
1992-02-01,,126600,126600,83.8
1992-02-02,,126600,126600,83.8
1992-02-03,,126600,126600,83.8
1992-02-04,,126600,126600,83.8
1992-02-05,,127200,127200,84.2
1992-02-06,,127200,127200,84.2
1992-02-07,,127200,127200,84.2
1992-02-08,,127200,127200,84.2
1992-02-09,,127200,127200,84.2
1992-02-10,,127200,127200,84.2
1992-02-11,,127800,127800,84.6
1992-02-12,,127800,127800,84.6
1992-02-13,,127800,127800,84.6
1992-02-14,,128400,128400,85.0
1992-02-15,,128400,128400,85.0
1992-02-16,,128400,128400,85.0
1992-02-17,,129000,129000,85.4
1992-02-18,,129600,129600,85.8
1992-02-19,,129600,129600,85.8
1992-02-20,,129600,129600,85.8
1992-02-21,,130200,130200,86.2
1992-02-22,,130200,130200,86.2
1992-02-23,,130200,130200,86.2
1992-02-24,,130800,130800,86.6
1992-02-25,,130800,130800,86.6
1992-02-26,,131400,131400,87.0
1992-02-27,,131400,131400,87.0
1992-02-28,,132000,132000,87.4
1992-02-29,,132000,132000,87.4
1992-03-01,,132000,132000,87.4
1992-03-02,,132700,132700,87.8
1992-03-03,,132700,132700,87.8
1992-03-04,,132700,132700,87.8
1992-03-05,,132700,132700,87.8
1992-03-06,,132700,132700,87.8
1992-03-07,,132700,132700,87.8
1992-03-08,,132700,132700,87.8
1992-03-09,,132700,132700,87.8
1992-03-10,,132700,132700,87.8
1992-03-11,,133300,133300,88.2
1992-03-12,,133300,133300,88.2
1992-03-13,,133300,133300,88.2
1992-03-14,,133300,133300,88.2
1992-03-15,,133300,133300,88.2
1992-03-16,,133300,133300,88.2
1992-03-17,,133300,133300,88.2
1992-03-18,,133300,133300,88.2
1992-03-19,,133300,133300,88.2
1992-03-20,,133300,133300,88.2
1992-03-21,,133300,133300,88.2
1992-03-22,,133900,133900,88.6
1992-03-23,,133900,133900,88.6
1992-03-24,,133900,133900,88.6
1992-03-25,,133300,133300,88.2
1992-03-26,,132700,132700,87.8
1992-03-27,,132000,132000,87.4
1992-03-28,,131400,131400,87.0
1992-03-29,,130800,130800,86.6
1992-03-30,,130200,130200,86.2
1992-03-31,,129600,129600,85.8
1992-04-01,,129000,129000,85.4
1992-04-02,,128400,128400,85.0
1992-04-03,,127800,127800,84.6
1992-04-04,,127200,127200,84.2
1992-04-05,,126600,126600,83.8
1992-04-06,,126000,126000,83.4
1992-04-07,,125400,125400,83.0
1992-04-08,,125400,125400,83.0
1992-04-09,,125400,125400,83.0
1992-04-10,,125400,125400,83.0
1992-04-11,,125400,125400,83.0
1992-04-12,,125400,125400,83.0
1992-04-13,,125400,125400,83.0
1992-04-14,,125400,125400,83.0
1992-04-15,,125400,125400,83.0
1992-04-16,,125400,125400,83.0
1992-04-17,,126000,126000,83.4
1992-04-18,,126000,126000,83.4
1992-04-19,,126000,126000,83.4
1992-04-20,,126000,126000,83.4
1992-04-21,,126000,126000,83.4
1992-04-22,,126000,126000,83.4
1992-04-23,,125400,125400,83.0
1992-04-24,,124800,124800,82.6
1992-04-25,,124800,124800,82.6
1992-04-26,,124200,124200,82.2
1992-04-27,,124200,124200,82.2
1992-04-28,,123600,123600,81.8
1992-04-29,,123600,123600,81.8
1992-04-30,,123600,123600,81.8
1992-05-01,,123000,123000,81.4
1992-05-02,,123000,123000,81.4
1992-05-03,,123000,123000,81.4
1992-05-04,,123000,123000,81.4
1992-05-05,,122400,122400,81.0
1992-05-06,,122400,122400,81.0
1992-05-07,,121800,121800,80.6
1992-05-08,,121800,121800,80.6
1992-05-09,,121800,121800,80.6
1992-05-10,,121800,121800,80.6
1992-05-11,,121200,121200,80.2
1992-05-12,,121200,121200,80.2
1992-05-13,,120700,120700,79.9
1992-05-14,,120700,120700,79.9
1992-05-15,,120700,120700,79.9
1992-05-16,,120100,120100,79.5
1992-05-17,,120100,120100,79.5
1992-05-18,,120100,120100,79.5
1992-05-19,,120100,120100,79.5
1992-05-20,,119500,119500,79.1
1992-05-21,,120100,120100,79.5
1992-05-22,,120100,120100,79.5
1992-05-23,,120700,120700,79.9
1992-05-24,,121800,121800,80.6
1992-05-25,,123000,123000,81.4
1992-05-26,,123600,123600,81.8
1992-05-27,,124800,124800,82.6
1992-05-28,,126000,126000,83.4
1992-05-29,,127200,127200,84.2
1992-05-30,,128400,128400,85.0
1992-05-31,,130200,130200,86.2
1992-06-01,,131400,131400,87.0
1992-06-02,,132700,132700,87.8
1992-06-03,,134500,134500,89.0
1992-06-04,,135800,135800,89.9
1992-06-05,,137700,137700,91.1
1992-06-06,,139600,139600,92.4
1992-06-07,,141600,141600,93.7
1992-06-08,,143500,143500,95.0
1992-06-09,,144900,144900,95.9
1992-06-10,,146900,146900,97.2
1992-06-11,,148200,148200,98.1
1992-06-12,,148900,148900,98.5
1992-06-13,,149500,149500,98.9
1992-06-14,,150200,150200,99.4
1992-06-15,,151600,151600,100.0
1992-06-16,,152300,152300,100.0
1992-06-17,,152300,152300,100.0
1992-06-18,,153000,153000,100.0
1992-06-19,,153700,153700,100.0
1992-06-20,,154400,154400,100.0
1992-06-21,,154400,154400,100.0
1992-06-22,,155700,155700,100.0
1992-06-23,,156400,156400,100.0
1992-06-24,,157100,157100,100.0
1992-06-25,,157100,157100,100.0
1992-06-26,,157100,157100,100.0
1992-06-27,,156400,156400,100.0
1992-06-28,,156400,156400,100.0
1992-06-29,,156400,156400,100.0
1992-06-30,,156400,156400,100.0
1992-07-01,,148900,148900,98.5
1992-07-02,,155000,155000,100.0
1992-07-03,,155000,155000,100.0
1992-07-04,,154400,154400,100.0
1992-07-05,,154400,154400,100.0
1992-07-06,,153700,153700,100.0
1992-07-07,,153700,153700,100.0
1992-07-08,,153000,153000,100.0
1992-07-09,,153000,153000,100.0
1992-07-10,,152300,152300,100.0
1992-07-11,,152300,152300,100.0
1992-07-12,,151600,151600,100.0
1992-07-13,,150900,150900,99.9
1992-07-14,,150900,150900,99.9
1992-07-15,,150900,150900,99.9
1992-07-16,,150200,150200,99.4
1992-07-17,,150200,150200,99.4
1992-07-18,,150200,150200,99.4
1992-07-19,,150900,150900,99.9
1992-07-20,,152300,152300,100.0
1992-07-21,,153000,153000,100.0
1992-07-22,,154400,154400,100.0
1992-07-23,,155000,155000,100.0
1992-07-24,,155000,155000,100.0
1992-07-25,,155000,155000,100.0
1992-07-26,,154400,154400,100.0
1992-07-27,,154400,154400,100.0
1992-07-28,,153700,153700,100.0
1992-07-29,,153700,153700,100.0
1992-07-30,,153700,153700,100.0
1992-07-31,,153700,153700,100.0
1992-08-01,,153000,153000,100.0
1992-08-02,,153000,153000,100.0
1992-08-03,,153000,153000,100.0
1992-08-04,,153000,153000,100.0
1992-08-05,,153000,153000,100.0
1992-08-06,,152300,152300,100.0
1992-08-07,,152300,152300,100.0
1992-08-08,,151600,151600,100.0
1992-08-09,,151600,151600,100.0
1992-08-10,,151600,151600,100.0
1992-08-11,,151600,151600,100.0
1992-08-12,,150900,150900,99.9
1992-08-13,,150900,150900,99.9
1992-08-14,,150900,150900,99.9
1992-08-15,,150200,150200,99.4
1992-08-16,,150200,150200,99.4
1992-08-17,,150200,150200,99.4
1992-08-18,,150200,150200,99.4
1992-08-19,,150200,150200,99.4
1992-08-20,,150200,150200,99.4
1992-08-21,,149500,149500,98.9
1992-08-22,,149500,149500,98.9
1992-08-23,,149500,149500,98.9
1992-08-24,,149500,149500,98.9
1992-08-25,,149500,149500,98.9
1992-08-26,,149500,149500,98.9
1992-08-27,,149500,149500,98.9
1992-08-28,,150200,150200,99.4
1992-08-29,,149500,149500,98.9
1992-08-30,,148900,148900,98.5
1992-08-31,,148900,148900,98.5
1992-09-01,,148900,148900,98.5
1992-09-02,,148200,148200,98.1
1992-09-03,,148200,148200,98.1
1992-09-04,,147500,147500,97.6
1992-09-05,,147500,147500,97.6
1992-09-06,,147500,147500,97.6
1992-09-07,,147500,147500,97.6
1992-09-08,,146900,146900,97.2
1992-09-09,,146900,146900,97.2
1992-09-10,,146900,146900,97.2
1992-09-11,,146900,146900,97.2
1992-09-12,,146200,146200,96.8
1992-09-13,,146200,146200,96.8
1992-09-14,,146200,146200,96.8
1992-09-15,,146200,146200,96.8
1992-09-16,,146200,146200,96.8
1992-09-17,,146200,146200,96.8
1992-09-18,,146200,146200,96.8
1992-09-19,,146200,146200,96.8
1992-09-20,,146200,146200,96.8
1992-09-21,,146200,146200,96.8
1992-09-22,,146200,146200,96.8
1992-09-23,,145500,145500,96.3
1992-09-24,,145500,145500,96.3
1992-09-25,,145500,145500,96.3
1992-09-26,,144900,144900,95.9
1992-09-27,,144900,144900,95.9
1992-09-28,,144900,144900,95.9
1992-09-29,,144900,144900,95.9
1992-09-30,,144900,144900,95.9
1992-10-01,,144500,144500,95.6
1992-10-02,,144400,144400,95.6
1992-10-03,,144500,144500,95.6
1992-10-04,,144500,144500,95.6
1992-10-05,,144500,144500,95.6
1992-10-06,,144500,144500,95.6
1992-10-07,,144500,144500,95.6
1992-10-08,,143800,143800,95.2
1992-10-09,,144100,144100,95.4
1992-10-10,,144300,144300,95.5
1992-10-11,,144600,144600,95.7
1992-10-12,,145700,145700,96.4
1992-10-13,,146700,146700,97.1
1992-10-14,,147800,147800,97.8
1992-10-15,,149000,149000,98.6
1992-10-16,,149300,149300,98.8
1992-10-17,,149700,149700,99.1
1992-10-18,,149700,149700,99.1
1992-10-19,,149700,149700,99.1
1992-10-20,,149700,149700,99.1
1992-10-21,,149700,149700,99.1
1992-10-22,,149800,149800,99.1
1992-10-23,,149800,149800,99.1
1992-10-24,,149800,149800,99.1
1992-10-25,,149800,149800,99.1
1992-10-26,,149800,149800,99.1
1992-10-27,,149800,149800,99.1
1992-10-28,,149800,149800,99.1
1992-10-29,,149800,149800,99.1
1992-10-30,,149800,149800,99.1
1992-10-31,,149800,149800,99.1
1992-11-01,,149800,149800,99.1
1992-11-02,,149800,149800,99.1
1992-11-03,,149900,149900,99.2
1992-11-04,,149900,149900,99.2
1992-11-05,,149900,149900,99.2
1992-11-06,,150000,150000,99.3
1992-11-07,,150000,150000,99.3
1992-11-08,,150100,150100,99.3
1992-11-09,,150200,150200,99.4
1992-11-10,,150200,150200,99.4
1992-11-11,,150400,150400,99.5
1992-11-12,,150500,150500,99.6
1992-11-13,,150600,150600,99.7
1992-11-14,,150700,150700,99.7
1992-11-15,,150800,150800,99.8
1992-11-16,,150900,150900,99.9
1992-11-17,,151000,151000,99.9
1992-11-18,,151200,151200,100.0
1992-11-19,,151300,151300,100.0
1992-11-20,,151500,151500,100.0
1992-11-21,,151600,151600,100.0
1992-11-22,,151700,151700,100.0
1992-11-23,,151900,151900,100.0
1992-11-24,,152000,152000,100.0
1992-11-25,,152200,152200,100.0
1992-11-26,,152100,152100,100.0
1992-11-27,,152000,152000,100.0
1992-11-28,,152000,152000,100.0
1992-11-29,,151900,151900,100.0
1992-11-30,,151800,151800,100.0
1992-12-01,,151700,151700,100.0
1992-12-02,,151700,151700,100.0
1992-12-03,,151800,151800,100.0
1992-12-04,,152000,152000,100.0
1992-12-05,,152100,152100,100.0
1992-12-06,,152200,152200,100.0
1992-12-07,,152400,152400,100.0
1992-12-08,,152500,152500,100.0
1992-12-09,,152600,152600,100.0
1992-12-10,,152600,152600,100.0
1992-12-11,,152700,152700,100.0
1992-12-12,,152800,152800,100.0
1992-12-13,,152800,152800,100.0
1992-12-14,,152900,152900,100.0
1992-12-15,,153000,153000,100.0
1992-12-16,,153000,153000,100.0
1992-12-17,,153100,153100,100.0
1992-12-18,,153100,153100,100.0
1992-12-19,,153200,153200,100.0
1992-12-20,,153200,153200,100.0
1992-12-21,,153300,153300,100.0
1992-12-22,,153400,153400,100.0
1992-12-23,,153500,153500,100.0
1992-12-24,,153500,153500,100.0
1992-12-25,,153600,153600,100.0
1992-12-26,,153700,153700,100.0
1992-12-27,,153700,153700,100.0
1992-12-28,,153800,153800,100.0
1992-12-29,,153900,153900,100.0
1992-12-30,,154100,154100,100.0
1992-12-31,,154300,154300,100.0
1993-01-01,,154600,154600,100.0
1993-01-02,,154900,154900,100.0
1993-01-03,,155200,155200,100.0
1993-01-04,,155300,155300,100.0
1993-01-05,,151400,151400,100.0
1993-01-06,,155600,155600,100.0
1993-01-07,,155700,155700,100.0
1993-01-08,,155900,155900,100.0
1993-01-09,,156000,156000,100.0
1993-01-10,,156200,156200,100.0
1993-01-11,,156300,156300,100.0
1993-01-12,,156400,156400,100.0
1993-01-13,,156600,156600,100.0
1993-01-14,,156700,156700,100.0
1993-01-15,,156900,156900,100.0
1993-01-16,,157200,157200,100.0
1993-01-17,,157400,157400,100.0
1993-01-18,,157600,157600,100.0
1993-01-19,,157900,157900,100.0
1993-01-20,,158100,158100,100.0
1993-01-21,,158300,158300,100.0
1993-01-22,,158400,158400,100.0
1993-01-23,,158600,158600,100.0
1993-01-24,,158700,158700,100.0
1993-01-25,,158800,158800,100.0
1993-01-26,,158800,158800,100.0
1993-01-27,,158900,158900,100.0
1993-01-28,,159000,159000,100.0
1993-01-29,,159100,159100,100.0
1993-01-30,,159100,159100,100.0
1993-01-31,,159200,159200,100.0
1993-02-01,,159300,159300,100.0
1993-02-02,,159300,159300,100.0
1993-02-03,,159400,159400,100.0
1993-02-04,,159500,159500,100.0
1993-02-05,,159600,159600,100.0
1993-02-06,,159800,159800,100.0
1993-02-07,,159900,159900,100.0
1993-02-08,,160000,160000,100.0
1993-02-09,,160200,160200,100.0
1993-02-10,,160300,160300,100.0
1993-02-11,,160500,160500,100.0
1993-02-12,,160600,160600,100.0
1993-02-13,,160800,160800,100.0
1993-02-14,,160900,160900,100.0
1993-02-15,,161000,161000,100.0
1993-02-16,,161200,161200,100.0
1993-02-17,,161300,161300,100.0
1993-02-18,,161400,161400,100.0
1993-02-19,,161500,161500,100.0
1993-02-20,,161500,161500,100.0
1993-02-21,,161600,161600,100.0
1993-02-22,,161700,161700,100.0
1993-02-23,,161800,161800,100.0
1993-02-24,,161800,161800,100.0
1993-02-25,,161900,161900,100.0
1993-02-26,,162000,162000,100.0
1993-02-27,,162000,162000,100.0
1993-02-28,,162100,162100,100.0
1993-03-01,,162200,162200,100.0
1993-03-02,,162200,162200,100.0
1993-03-03,,162300,162300,100.0
1993-03-04,,162400,162400,100.0
1993-03-05,,162500,162500,100.0
1993-03-06,,162500,162500,100.0
1993-03-07,,162500,162500,100.0
1993-03-08,,162600,162600,100.0
1993-03-09,,162600,162600,100.0
1993-03-10,,162700,162700,100.0
1993-03-11,,162700,162700,100.0
1993-03-12,,162600,162600,100.0
1993-03-13,,162600,162600,100.0
1993-03-14,,162500,162500,100.0
1993-03-15,,162500,162500,100.0
1993-03-16,,162500,162500,100.0
1993-03-17,,161700,161700,100.0
1993-03-18,,161000,161000,100.0
1993-03-19,,160400,160400,100.0
1993-03-20,,159800,159800,100.0
1993-03-21,,159100,159100,100.0
1993-03-22,,158500,158500,100.0
1993-03-23,,157800,157800,100.0
1993-03-24,,157200,157200,100.0
1993-03-25,,156600,156600,100.0
1993-03-26,,155900,155900,100.0
1993-03-27,,155300,155300,100.0
1993-03-28,,154700,154700,100.0
1993-03-29,,154000,154000,100.0
1993-03-30,,153300,153300,100.0
1993-03-31,,152600,152600,100.0
1993-04-01,,151900,151900,100.0
1993-04-02,,151300,151300,100.0
1993-04-03,,150600,150600,99.7
1993-04-04,,149900,149900,99.2
1993-04-05,,149200,149200,98.7
1993-04-06,,148500,148500,98.3
1993-04-07,,148100,148100,98.0
1993-04-08,,147600,147600,97.7
1993-04-09,,147300,147300,97.5
1993-04-10,,146900,146900,97.2
1993-04-11,,146600,146600,97.0
1993-04-12,,146300,146300,96.8
1993-04-13,,146100,146100,96.7
1993-04-14,,145800,145800,96.5
1993-04-15,,145500,145500,96.3
1993-04-16,,145400,145400,96.2
1993-04-17,,145100,145100,96.0
1993-04-18,,144900,144900,95.9
1993-04-19,,144700,144700,95.8
1993-04-20,,144600,144600,95.7
1993-04-21,,144300,144300,95.5
1993-04-22,,144000,144000,95.3
1993-04-23,,143700,143700,95.1
1993-04-24,,143300,143300,94.8
1993-04-25,,143000,143000,94.6
1993-04-26,,142700,142700,94.4
1993-04-27,,142300,142300,94.2
1993-04-28,,141900,141900,93.9
1993-04-29,,141800,141800,93.8
1993-04-30,,141700,141700,93.8
1993-05-01,,141600,141600,93.7
1993-05-02,,141400,141400,93.6
1993-05-03,,141300,141300,93.5
1993-05-04,,140900,140900,93.2
1993-05-05,,140400,140400,92.9
1993-05-06,,139900,139900,92.6
1993-05-07,,139600,139600,92.4
1993-05-08,,139300,139300,92.2
1993-05-09,,139000,139000,92.0
1993-05-10,,138700,138700,91.8
1993-05-11,,138300,138300,91.5
1993-05-12,,138000,138000,91.3
1993-05-13,,137700,137700,91.1
1993-05-14,,137400,137400,90.9
1993-05-15,,137100,137100,90.7
1993-05-16,,136700,136700,90.5
1993-05-17,,136400,136400,90.3
1993-05-18,,136100,136100,90.1
1993-05-19,,135800,135800,89.9
1993-05-20,,135500,135500,89.7
1993-05-21,,135100,135100,89.4
1993-05-22,,134800,134800,89.2
1993-05-23,,134500,134500,89.0
1993-05-24,,134100,134100,88.7
1993-05-25,,133900,133900,88.6
1993-05-26,,133600,133600,88.4
1993-05-27,,133300,133300,88.2
1993-05-28,,133000,133000,88.0
1993-05-29,,132700,132700,87.8
1993-05-30,,132500,132500,87.7
1993-05-31,,132200,132200,87.5
1993-06-01,,132000,132000,87.4
1993-06-02,,131700,131700,87.2
1993-06-03,,131500,131500,87.0
1993-06-04,,131200,131200,86.8
1993-06-05,,131000,131000,86.7
1993-06-06,,130700,130700,86.5
1993-06-07,,130500,130500,86.4
1993-06-08,,130200,130200,86.2
1993-06-09,,129900,129900,86.0
1993-06-10,,129400,129400,85.6
1993-06-11,,129100,129100,85.4
1993-06-12,,128900,128900,85.3
1993-06-13,,128700,128700,85.2
1993-06-14,,128500,128500,85.0
1993-06-15,,128400,128400,85.0
1993-06-16,,127900,127900,84.6
1993-06-17,,127400,127400,84.3
1993-06-18,,127000,127000,84.0
1993-06-19,,126600,126600,83.8
1993-06-20,,126200,126200,83.5
1993-06-21,,125800,125800,83.3
1993-06-22,,125500,125500,83.1
1993-06-23,,125100,125100,82.8
1993-06-24,,124600,124600,82.5
1993-06-25,,124200,124200,82.2
1993-06-26,,117800,117800,78.0
1993-06-27,,117800,117800,78.0
1993-06-28,,122400,122400,81.0
1993-06-29,,121800,121800,80.6
1993-06-30,,121200,121200,80.2
1993-07-01,,120700,120700,79.9
1993-07-02,,119900,119900,79.3
1993-07-03,,119200,119200,78.9
1993-07-04,,118500,118500,78.4
1993-07-05,,117800,117800,78.0
1993-07-06,,117000,117000,77.4
1993-07-07,,116000,116000,76.8
1993-07-08,,115100,115100,76.2
1993-07-09,,114200,114200,75.6
1993-07-10,,113300,113300,75.0
1993-07-11,,112400,112400,74.4
1993-07-12,,111700,111700,73.9
1993-07-13,,111300,111300,73.7
1993-07-14,,111200,111200,73.6
1993-07-15,,111100,111100,73.5
1993-07-16,,111000,111000,73.5
1993-07-17,,110800,110800,73.3
1993-07-18,,111500,111500,73.8
1993-07-19,,112200,112200,74.3
1993-07-20,,113000,113000,74.8
1993-07-21,,115100,115100,76.2
1993-07-22,,115800,115800,76.6
1993-07-23,,116800,116800,77.3
1993-07-24,,117100,117100,77.5
1993-07-25,,117300,117300,77.6
1993-07-26,,117500,117500,77.8
1993-07-27,,117300,117300,77.6
1993-07-28,,117100,117100,77.5
1993-07-29,,116800,116800,77.3
1993-07-30,,116500,116500,77.1
1993-07-31,,116200,116200,76.9
1993-08-01,,115800,115800,76.6
1993-08-02,,115300,115300,76.3
1993-08-03,,114900,114900,76.0
1993-08-04,,114100,114100,75.5
1993-08-05,,113300,113300,75.0
1993-08-06,,113100,113100,74.8
1993-08-07,,112800,112800,74.6
1993-08-08,,112500,112500,74.4
1993-08-09,,112200,112200,74.3
1993-08-10,,111800,111800,74.0
1993-08-11,,111500,111500,73.8
1993-08-12,,111200,111200,73.6
1993-08-13,,110800,110800,73.3
1993-08-14,,110400,110400,73.1
1993-08-15,,110000,110000,72.8
1993-08-16,,109600,109600,72.5
1993-08-17,,109000,109000,72.1
1993-08-18,,108300,108300,71.7
1993-08-19,,107500,107500,71.1
1993-08-20,,106700,106700,70.6
1993-08-21,,105900,105900,70.1
1993-08-22,,105100,105100,69.6
1993-08-23,,104300,104300,69.0
1993-08-24,,103600,103600,68.6
1993-08-25,,102800,102800,68.0
1993-08-26,,102000,102000,67.5
1993-08-27,,101300,101300,67.0
1993-08-28,,100900,100900,66.8
1993-08-29,,100600,100600,66.6
1993-08-30,,100600,100600,66.6
1993-08-31,,100700,100700,66.6
1993-09-01,,100700,100700,66.6
1993-09-02,,100800,100800,66.7
1993-09-03,,100900,100900,66.8
1993-09-04,,101000,101000,66.8
1993-09-05,,101000,101000,66.8
1993-09-06,,100800,100800,66.7
1993-09-07,,100600,100600,66.6
1993-09-08,,100400,100400,66.4
1993-09-09,,100200,100200,66.3
1993-09-10,,99940,99940,66.1
1993-09-11,,99690,99690,66.0
1993-09-12,,99430,99430,65.8
1993-09-13,,99180,99180,65.6
1993-09-14,,98930,98930,65.5
1993-09-15,,98730,98730,65.3
1993-09-16,,98580,98580,65.2
1993-09-17,,98580,98580,65.2
1993-09-18,,98430,98430,65.1
1993-09-19,,98280,98280,65.0
1993-09-20,,98130,98130,64.9
1993-09-21,,97930,97930,64.8
1993-09-22,,97680,97680,64.6
1993-09-23,,97430,97430,64.5
1993-09-24,,97180,97180,64.3
1993-09-25,,96930,96930,64.1
1993-09-26,,96680,96680,64.0
1993-09-27,,96630,96630,63.9
1993-09-28,,96580,96580,63.9
1993-09-29,,96530,96530,63.9
1993-09-30,,96480,96480,63.8
1999-03-10,,47680,47680,31.6
1999-03-11,,71640,71640,47.4
1999-03-12,,71640,71640,47.4
1999-03-13,,71720,71720,47.5
1999-03-14,,71600,71600,47.4
1999-03-15,,71640,71640,47.4
1999-03-16,,71640,71640,47.4
1999-03-17,,71640,71640,47.4
1999-03-18,,71880,71880,47.6
1999-03-19,,71880,71880,47.6
1999-03-20,,71680,71680,47.4
1999-03-21,,71760,71760,47.5
1999-03-22,,71800,71800,47.5
1999-03-23,,71800,71800,47.5
1999-03-24,,71760,71760,47.5
1999-03-25,,71800,71800,47.5
1999-03-26,,71800,71800,47.5
1999-03-27,,71880,71880,47.6
1999-03-28,,71920,71920,47.6
1999-03-29,,71960,71960,47.6
1999-03-30,,72040,72040,47.7
1999-03-31,,72080,72080,47.7
1999-04-01,,72040,72040,47.7
1999-04-02,,72080,72080,47.7
1999-04-03,,72000,72000,47.6
1999-04-04,,71960,71960,47.6
1999-04-05,,72000,72000,47.6
1999-04-06,,71920,71920,47.6
1999-04-07,,71720,71720,47.5
1999-04-08,,71880,71880,47.6
1999-04-09,,71480,71480,47.3
1999-04-10,,71320,71320,47.2
1999-04-11,,70920,70920,46.9
1999-04-12,,70720,70720,46.8
1999-04-13,,70480,70480,46.6
1999-04-14,,70840,70840,46.9
1999-04-15,,70560,70560,46.7
1999-04-16,,70230,70230,46.5
1999-04-17,2811.38,58293,58293,38.6
1999-04-18,2811.34,58131,58131,38.5
1999-04-19,2811.29,57929,57929,38.3
1999-04-20,2811.25,57767,57767,38.2
1999-04-21,2811.20,57565,57565,38.1
1999-04-22,2811.12,57242,57242,37.9
1999-04-23,2811.07,57039,57039,37.7
1999-04-24,2811.05,56959,56959,37.7
1999-04-25,2811.05,56959,56959,37.7
1999-04-26,2811.05,56959,56959,37.7
1999-04-27,2811.05,56959,56959,37.7
1999-04-28,2811.06,56999,56999,37.7
1999-04-29,2811.04,56918,56918,37.7
1999-04-30,2811.07,57039,57039,37.7
1999-05-01,2811.34,58131,58131,38.5
1999-05-02,2811.36,58212,58212,38.5
1999-05-03,2811.36,58212,58212,38.5
1999-05-04,2811.35,58172,58172,38.5
1999-05-05,2811.31,58010,58010,38.4
1999-05-06,2811.29,57929,57929,38.3
1999-05-07,2811.24,57727,57727,38.2
1999-05-08,2811.20,57565,57565,38.1
1999-05-09,2811.17,57444,57444,38.0
1999-05-10,2811.14,57322,57322,37.9
1999-05-11,2811.07,57039,57039,37.7
1999-05-12,2811.02,56837,56837,37.6
1999-05-13,2810.98,56675,56675,37.5
1999-05-14,2810.93,56473,56473,37.4
1999-05-15,2810.84,56109,56109,37.1
1999-05-16,2810.70,55543,55543,36.8
1999-05-17,2810.58,55058,55058,36.4
1999-05-18,2810.43,54451,54451,36.0
1999-05-19,2810.29,53885,53885,35.7
1999-05-29,2809.70,51507,51507,34.1
1999-05-30,2809.70,51507,51507,34.1
1999-05-31,2809.67,51397,51397,34.0
1999-06-01,2809.69,51470,51470,34.1
1999-06-02,2809.65,51324,51324,34.0
1999-06-03,2809.61,51178,51178,33.9
1999-06-04,2809.55,50958,50958,33.7
1999-06-05,2809.51,50812,50812,33.6
1999-06-06,2809.38,50336,50336,33.3
1999-06-07,2809.31,50080,50080,33.1
1999-06-08,2809.21,49714,49714,32.9
1999-06-09,2809.19,49641,49641,32.9
1999-06-10,2809.17,49568,49568,32.8
1999-06-11,2809.15,49495,49495,32.8
1999-06-12,2809.11,49349,49349,32.7
1999-06-13,2809.08,49239,49239,32.6
1999-06-14,2809.11,49349,49349,32.7
1999-06-15,2809.14,49458,49458,32.7
1999-06-16,2809.13,49422,49422,32.7
1999-06-17,2809.12,49385,49385,32.7
1999-06-18,2809.10,49312,49312,32.6
1999-06-19,2809.07,49202,49202,32.6
1999-06-20,2809.08,49239,49239,32.6
1999-06-21,2809.05,49129,49129,32.5
1999-06-22,2811.93,60596,60596,40.1
1999-06-23,2814.22,70924,70924,46.9
1999-06-24,2814.31,71359,71359,47.2
1999-06-25,2814.33,71455,71455,47.3
1999-06-26,2814.34,71504,71504,47.3
1999-06-27,2814.32,71407,71407,47.3
1999-06-28,2814.31,71359,71359,47.2
1999-06-29,2814.31,71359,71359,47.2
1999-06-30,2814.27,71166,71166,47.1
1999-07-01,2814.21,70876,70876,46.9
1999-07-02,2814.15,70586,70586,46.7
1999-07-03,2814.06,70152,70152,46.4
1999-07-04,2813.99,69814,69814,46.2
1999-07-05,2813.95,69621,69621,46.1
1999-07-06,2813.88,69283,69283,45.8
1999-07-07,2813.83,69041,69041,45.7
1999-07-08,2813.78,68800,68800,45.5
1999-07-09,2813.72,68510,68510,45.3
1999-07-10,2813.69,68377,68377,45.2
1999-07-11,2814.54,72469,72469,48.0
1999-07-12,2814.62,72856,72856,48.2
1999-07-13,2814.67,73097,73097,48.4
1999-07-14,2814.66,73049,73049,48.3
1999-07-15,2814.63,72904,72904,48.2
1999-07-16,2814.59,72711,72711,48.1
1999-07-17,2814.54,72469,72469,48.0
1999-07-18,2814.53,72421,72421,47.9
1999-07-19,2814.61,72807,72807,48.2
1999-07-20,2814.72,73339,73339,48.5
1999-07-21,2814.89,74159,74159,49.1
1999-07-22,2815.02,74787,74787,49.5
1999-07-23,2815.18,75560,75560,50.0
1999-07-24,2815.30,76139,76139,50.4
1999-07-25,2815.42,76718,76718,50.8
1999-07-26,2815.52,77201,77201,51.1
1999-07-27,2815.60,77588,77588,51.3
1999-07-28,2815.63,77732,77732,51.4
1999-07-29,2815.68,77974,77974,51.6
1999-07-30,2815.66,77877,77877,51.5
1999-07-31,2815.58,77491,77491,51.3
1999-08-01,2815.55,77346,77346,51.2
1999-08-02,2815.50,77105,77105,51.0
1999-08-03,2815.43,76767,76767,50.8
1999-08-04,2815.36,76429,76429,50.6
1999-08-05,2815.28,76042,76042,50.3
1999-08-06,2815.22,75753,75753,50.1
1999-08-07,2815.16,75463,75463,49.9
1999-08-08,2815.10,75173,75173,49.7
1999-08-09,2815.03,74835,74835,49.5
1999-08-10,2814.95,74449,74449,49.3
1999-08-11,2814.87,74063,74063,49.0
1999-08-12,2814.81,73773,73773,48.8
1999-08-13,2814.76,73532,73532,48.7
1999-08-14,2814.72,73339,73339,48.5
1999-08-15,2814.65,73001,73001,48.3
1999-08-16,2814.60,72759,72759,48.1
1999-08-17,2814.55,72518,72518,48.0
1999-08-18,2814.49,72228,72228,47.8
1999-08-19,2814.44,71987,71987,47.6
1999-08-20,2814.38,71697,71697,47.4
1999-08-21,2814.30,71311,71311,47.2
1999-08-22,2814.21,70876,70876,46.9
1999-08-23,2814.12,70441,70441,46.6
1999-08-24,2814.09,70297,70297,46.5
1999-08-25,2814.07,70200,70200,46.5
1999-08-26,2814.05,70103,70103,46.4
1999-08-27,2814.05,70103,70103,46.4
1999-08-28,2814.04,70055,70055,46.4
1999-08-29,2814.03,70007,70007,46.3
1999-08-30,2814.02,69959,69959,46.3
1999-08-31,2814.01,69910,69910,46.3
1999-09-01,2813.98,69765,69765,46.2
1999-09-02,2813.91,69427,69427,45.9
1999-09-03,2813.84,69089,69089,45.7
1999-09-04,2813.80,68896,68896,45.6
1999-09-05,2813.72,68510,68510,45.3
1999-09-06,2813.68,68333,68333,45.2
1999-09-07,2813.62,68068,68068,45.0
1999-09-08,2813.56,67803,67803,44.9
1999-09-09,2813.51,67582,67582,44.7
1999-09-10,2813.50,67537,67537,44.7
1999-09-11,2813.51,67582,67582,44.7
1999-09-12,2813.52,67626,67626,44.8
1999-09-13,2813.52,67626,67626,44.8
1999-09-14,2813.50,67537,67537,44.7
1999-09-15,2813.49,67493,67493,44.7
1999-09-16,2813.49,67493,67493,44.7
1999-09-17,2813.59,67935,67935,45.0
1999-09-18,2813.61,68024,68024,45.0
1999-09-19,2813.62,68068,68068,45.0
1999-09-20,2813.63,68112,68112,45.1
1999-09-21,2813.62,68068,68068,45.0
1999-09-22,2813.63,68112,68112,45.1
1999-09-23,2813.63,68112,68112,45.1
1999-09-24,2813.64,68156,68156,45.1
1999-09-25,2813.63,68112,68112,45.1
1999-09-26,2813.63,68112,68112,45.1
1999-09-27,2813.63,68112,68112,45.1
1999-09-28,2813.63,68112,68112,45.1
1999-09-29,2813.62,68068,68068,45.0
1999-09-30,2813.61,68024,68024,45.0
1999-10-01,2813.62,68068,68068,45.0
1999-10-02,2813.61,68024,68024,45.0
1999-10-03,2813.61,68024,68024,45.0
1999-10-04,2813.63,68112,68112,45.1
1999-10-05,2813.61,68024,68024,45.0
1999-10-06,2813.62,68068,68068,45.0
1999-10-07,2813.61,68024,68024,45.0
1999-10-08,2813.65,68201,68201,45.1
1999-10-09,2813.61,68024,68024,45.0
1999-10-10,2813.62,68068,68068,45.0
1999-10-11,2813.63,68112,68112,45.1
1999-10-12,2813.64,68156,68156,45.1
1999-10-13,2813.64,68156,68156,45.1
1999-10-14,2813.65,68201,68201,45.1
1999-10-15,2813.66,68245,68245,45.2
1999-10-16,2813.67,68289,68289,45.2
1999-10-17,2813.66,68245,68245,45.2
1999-10-18,2813.69,68377,68377,45.2
1999-10-19,2813.82,68993,68993,45.7
1999-10-20,2813.98,69765,69765,46.2
1999-10-21,2814.13,70490,70490,46.6
1999-10-22,2814.29,71262,71262,47.2
1999-10-23,2814.43,71938,71938,47.6
1999-10-24,2814.57,72614,72614,48.1
1999-10-25,2814.74,73435,73435,48.6
1999-10-26,2814.88,74111,74111,49.0
1999-10-27,2814.96,74497,74497,49.3
1999-10-28,2814.98,74594,74594,49.4
1999-10-29,2815.00,74690,74690,49.4
1999-10-30,2815.02,74787,74787,49.5
1999-10-31,2815.02,74787,74787,49.5
1999-11-01,2815.01,74739,74739,49.5
1999-11-02,2815.05,74932,74932,49.6
1999-11-03,2815.01,74739,74739,49.5
1999-11-04,2815.02,74787,74787,49.5
1999-11-05,2815.02,74787,74787,49.5
1999-11-06,2815.02,74787,74787,49.5
1999-11-07,2815.02,74787,74787,49.5
1999-11-08,2815.05,74932,74932,49.6
1999-11-09,2815.07,75028,75028,49.7
1999-11-10,2815.07,75028,75028,49.7
1999-11-11,2815.05,74932,74932,49.6
1999-11-12,2815.03,74835,74835,49.5
1999-11-13,2815.02,74787,74787,49.5
1999-11-14,2815.00,74690,74690,49.4
1999-11-15,2814.97,74546,74546,49.3
1999-11-16,2814.96,74497,74497,49.3
1999-11-17,2814.97,74546,74546,49.3
1999-11-18,2814.97,74546,74546,49.3
1999-11-19,2814.98,74594,74594,49.4
1999-11-20,2814.98,74594,74594,49.4
1999-11-21,2814.98,74594,74594,49.4
1999-11-22,2814.97,74546,74546,49.3
1999-11-23,2814.99,74642,74642,49.4
1999-11-24,2814.97,74546,74546,49.3
1999-11-25,2814.98,74594,74594,49.4
1999-11-26,2814.98,74594,74594,49.4
1999-11-27,2814.99,74642,74642,49.4
1999-11-28,2815.00,74690,74690,49.4
1999-11-29,2815.02,74787,74787,49.5
1999-11-30,2815.03,74835,74835,49.5
1999-12-01,2815.04,74884,74884,49.6
1999-12-02,2815.06,74980,74980,49.6
1999-12-03,2815.05,74932,74932,49.6
1999-12-04,2815.06,74980,74980,49.6
1999-12-05,2815.07,75028,75028,49.7
1999-12-06,2815.06,74980,74980,49.6
1999-12-07,2815.07,75028,75028,49.7
1999-12-08,2815.07,75028,75028,49.7
1999-12-09,2815.13,75318,75318,49.8
1999-12-10,2815.09,75125,75125,49.7
1999-12-11,2815.09,75125,75125,49.7
1999-12-12,2815.13,75318,75318,49.8
1999-12-13,2815.11,75222,75222,49.8
1999-12-14,2815.11,75222,75222,49.8
1999-12-15,2815.12,75270,75270,49.8
1999-12-16,2815.11,75222,75222,49.8
1999-12-17,2815.13,75318,75318,49.8
1999-12-18,2815.14,75366,75366,49.9
1999-12-19,2815.15,75415,75415,49.9
1999-12-20,2815.17,75511,75511,50.0
1999-12-21,2815.17,75511,75511,50.0
1999-12-22,2815.18,75560,75560,50.0
1999-12-23,2815.19,75608,75608,50.0
1999-12-24,2815.20,75656,75656,50.1
1999-12-25,2815.22,75753,75753,50.1
1999-12-26,2815.24,75849,75849,50.2
1999-12-27,2815.25,75898,75898,50.2
1999-12-28,2815.26,75946,75946,50.3
1999-12-29,2815.28,76042,76042,50.3
1999-12-30,2815.29,76091,76091,50.4
1999-12-31,2815.31,76187,76187,50.4
2000-01-01,2815.32,76236,76236,50.5
2000-01-02,2815.34,76332,76332,50.5
2000-01-03,2815.36,76429,76429,50.6
2000-01-04,2815.34,76332,76332,50.5
2000-01-05,2815.33,76284,76284,50.5
2000-01-06,2815.34,76332,76332,50.5
2000-01-07,2815.36,76429,76429,50.6
2000-01-08,2815.36,76429,76429,50.6
2000-01-09,2815.37,76477,76477,50.6
2000-01-10,2815.39,76574,76574,50.7
2000-01-11,2815.40,76622,76622,50.7
2000-01-12,2815.40,76622,76622,50.7
2000-01-13,2815.41,76670,76670,50.7
2000-01-14,2815.41,76670,76670,50.7
2000-01-15,2815.42,76718,76718,50.8
2000-01-16,2815.43,76767,76767,50.8
2000-01-17,2815.45,76863,76863,50.9
2000-01-18,2815.47,76960,76960,50.9
2000-01-19,2815.47,76960,76960,50.9
2000-01-20,2815.49,77056,77056,51.0
2000-01-21,2815.51,77153,77153,51.1
2000-01-22,2815.51,77153,77153,51.1
2000-01-23,2815.53,77250,77250,51.1
2000-01-24,2815.54,77298,77298,51.2
2000-01-25,2815.55,77346,77346,51.2
2000-01-26,2815.55,77346,77346,51.2
2000-01-27,2815.57,77443,77443,51.2
2000-01-28,2815.57,77443,77443,51.2
2000-01-29,2815.57,77443,77443,51.2
2000-01-30,2815.58,77491,77491,51.3
2000-01-31,2815.59,77539,77539,51.3
2000-02-01,2815.60,77588,77588,51.3
2000-02-02,2815.69,78022,78022,51.6
2000-02-03,2815.70,78070,78070,51.7
2000-02-04,2815.72,78167,78167,51.7
2000-02-05,2815.72,78167,78167,51.7
2000-02-06,2815.73,78219,78219,51.8
2000-02-07,2815.75,78323,78323,51.8
2000-02-08,2815.76,78376,78376,51.9
2000-02-09,2815.78,78480,78480,51.9
2000-02-10,2815.79,78532,78532,52.0
2000-02-11,2815.80,78584,78584,52.0
2000-02-12,2815.80,78584,78584,52.0
2000-02-13,2815.83,78741,78741,52.1
2000-02-14,2815.82,78688,78688,52.1
2000-02-15,2815.82,78688,78688,52.1
2000-02-16,2815.85,78845,78845,52.2
2000-02-17,2815.85,78845,78845,52.2
2000-02-18,2815.85,78845,78845,52.2
2000-02-19,2815.86,78897,78897,52.2
2000-02-20,2815.87,78949,78949,52.2
2000-02-21,2815.88,79001,79001,52.3
2000-02-22,2815.88,79001,79001,52.3
2000-02-23,2815.91,79158,79158,52.4
2000-02-24,2815.90,79106,79106,52.3
2000-02-25,2815.91,79158,79158,52.4
2000-02-26,2815.90,79106,79106,52.3
2000-02-27,2815.91,79158,79158,52.4
2000-02-28,2815.92,79210,79210,52.4
2000-02-29,2815.98,79523,79523,52.6
2000-03-01,2815.94,79314,79314,52.5
2000-03-02,2815.97,79470,79470,52.6
2000-03-03,2815.96,79418,79418,52.6
2000-03-04,2815.96,79418,79418,52.6
2000-03-05,2815.98,79523,79523,52.6
2000-03-06,2815.99,79575,79575,52.7
2000-03-07,2815.97,79470,79470,52.6
2000-03-08,2816.01,79679,79679,52.7
2000-03-09,2815.98,79523,79523,52.6
2000-03-10,2815.99,79575,79575,52.7
2000-03-11,2815.99,79575,79575,52.7
2000-03-12,2815.99,79575,79575,52.7
2000-03-13,2816.00,79627,79627,52.7
2000-03-14,2816.01,79679,79679,52.7
2000-03-15,2816.01,79679,79679,52.7
2000-03-16,2816.01,79679,79679,52.7
2000-03-17,2816.01,79679,79679,52.7
2000-03-18,2816.00,79627,79627,52.7
2000-03-19,2816.01,79679,79679,52.7
2000-03-20,2816.00,79627,79627,52.7
2000-03-21,2815.99,79575,79575,52.7
2000-03-22,2816.08,80044,80044,53.0
2000-03-23,2816.07,79992,79992,52.9
2000-03-24,2815.99,79575,79575,52.7
2000-03-25,2815.99,79575,79575,52.7
2000-03-26,2816.00,79627,79627,52.7
2000-03-27,2816.02,79731,79731,52.8
2000-03-28,2816.02,79731,79731,52.8
2000-03-29,2816.02,79731,79731,52.8
2000-03-30,2816.01,79679,79679,52.7
2000-03-31,2816.01,79679,79679,52.7
2000-04-01,2816.05,79888,79888,52.9
2000-04-02,2816.03,79783,79783,52.8
2000-04-03,2816.03,79783,79783,52.8
2000-04-04,2816.03,79783,79783,52.8
2000-04-05,2816.03,79783,79783,52.8
2000-04-06,2816.04,79835,79835,52.8
2000-04-07,2816.05,79888,79888,52.9
2000-04-08,2816.03,79783,79783,52.8
2000-04-09,2816.03,79783,79783,52.8
2000-04-10,2815.95,79366,79366,52.5
2000-04-11,2816.02,79731,79731,52.8
2000-04-12,2816.00,79627,79627,52.7
2000-04-13,2815.95,79366,79366,52.5
2000-04-14,2815.83,78741,78741,52.1
2000-04-15,2815.71,78119,78119,51.7
2000-04-16,2815.55,77346,77346,51.2
2000-04-17,2815.43,76767,76767,50.8
2000-04-18,2815.30,76139,76139,50.4
2000-04-19,2815.18,75560,75560,50.0
2000-04-20,2815.04,74884,74884,49.6
2000-04-21,2814.89,74159,74159,49.1
2000-04-22,2814.75,73483,73483,48.6
2000-04-23,2814.63,72904,72904,48.2
2000-04-24,2814.44,71987,71987,47.6
2000-04-25,2814.32,71407,71407,47.3
2000-04-26,2814.17,70683,70683,46.8
2000-04-27,2814.05,70103,70103,46.4
2000-04-28,2813.95,69621,69621,46.1
2000-04-29,2813.81,68945,68945,45.6
2000-04-30,2813.72,68510,68510,45.3
2000-05-01,2813.63,68112,68112,45.1
2000-05-02,2813.51,67582,67582,44.7
2000-05-03,2813.44,67272,67272,44.5
2000-05-04,2813.38,67007,67007,44.3
2000-05-05,2813.31,66697,66697,44.1
2000-05-06,2813.25,66432,66432,44.0
2000-05-07,2813.20,66211,66211,43.8
2000-05-08,2813.10,65769,65769,43.5
2000-05-09,2813.03,65460,65460,43.3
2000-05-10,2812.95,65106,65106,43.1
2000-05-11,2812.88,64796,64796,42.9
2000-05-12,2812.80,64443,64443,42.6
2000-05-13,2812.71,64045,64045,42.4
2000-05-14,2812.64,63735,63735,42.2
2000-05-15,2812.58,63470,63470,42.0
2000-05-16,2812.54,63293,63293,41.9
2000-05-17,2812.47,62984,62984,41.7
2000-05-18,2812.40,62674,62674,41.5
2000-05-19,2812.31,62276,62276,41.2
2000-05-20,2812.23,61923,61923,41.0
2000-05-21,2812.18,61702,61702,40.8
2000-05-22,2812.12,61436,61436,40.7
2000-05-23,2812.06,61171,61171,40.5
2000-05-24,2812.00,60906,60906,40.3
2000-05-25,2811.94,60641,60641,40.1
2000-05-26,2811.93,60596,60596,40.1
2000-05-27,2811.84,60199,60199,39.8
2000-05-28,2811.80,60022,60022,39.7
2000-05-29,2811.77,59889,59889,39.6
2000-05-30,2811.71,59628,59628,39.5
2000-05-31,2811.65,59385,59385,39.3
2000-06-01,2811.56,59021,59021,39.1
2000-06-02,2811.48,58697,58697,38.8
2000-06-03,2811.54,58940,58940,39.0
2000-06-04,2811.46,58617,58617,38.8
2000-06-05,2811.37,58253,58253,38.6
2000-06-06,2811.31,58010,58010,38.4
2000-06-07,2811.21,57606,57606,38.1
2000-06-08,2811.12,57242,57242,37.9
2000-06-09,2811.02,56837,56837,37.6
2000-06-10,2810.96,56595,56595,37.5
2000-06-11,2810.89,56311,56311,37.3
2000-06-12,2810.86,56190,56190,37.2
2000-06-13,2810.81,55988,55988,37.1
2000-06-14,2810.76,55786,55786,36.9
2000-06-15,2810.74,55705,55705,36.9
2000-06-16,2810.68,55462,55462,36.7
2000-06-17,2810.64,55300,55300,36.6
2000-06-18,2810.56,54977,54977,36.4
2000-06-19,2810.63,55260,55260,36.6
2000-06-20,2810.70,55543,55543,36.8
2000-06-21,2810.72,55624,55624,36.8
2000-06-22,2810.74,55705,55705,36.9
2000-06-23,2810.73,55664,55664,36.8
2000-06-24,2810.70,55543,55543,36.8
2000-06-25,2810.70,55543,55543,36.8
2000-06-26,2810.67,55422,55422,36.7
2000-06-27,2810.66,55381,55381,36.6
2000-06-28,2810.64,55300,55300,36.6
2000-06-29,2810.60,55139,55139,36.5
2000-06-30,2810.59,55098,55098,36.5
2000-07-01,2810.58,55058,55058,36.4
2000-07-02,2810.54,54896,54896,36.3
2000-07-03,2810.47,54613,54613,36.1
2000-07-04,2810.42,54411,54411,36.0
2000-07-05,2810.34,54087,54087,35.8
2000-07-06,2810.26,53764,53764,35.6
2000-07-07,2810.18,53440,53440,35.4
2000-07-08,2810.10,53117,53117,35.2
2000-07-09,2810.04,52874,52874,35.0
2000-07-10,2809.97,52591,52591,34.8
2000-07-11,2810.05,52915,52915,35.0
2000-07-12,2810.03,52834,52834,35.0
2000-07-13,2810.00,52712,52712,34.9
2000-07-14,2809.90,52308,52308,34.6
2000-07-15,2809.85,52106,52106,34.5
2000-07-16,2809.74,51661,51661,34.2
2000-07-17,2809.66,51361,51361,34.0
2000-07-18,2809.59,51104,51104,33.8
2000-07-19,2809.63,51251,51251,33.9
2000-07-20,2809.65,51324,51324,34.0
2000-07-21,2809.68,51434,51434,34.0
2000-07-22,2809.71,51543,51543,34.1
2000-07-23,2809.73,51620,51620,34.2
2000-07-24,2809.76,51742,51742,34.2
2000-07-25,2809.82,51984,51984,34.4
2000-07-26,2809.91,52348,52348,34.6
2000-07-27,2809.99,52672,52672,34.9
2000-07-28,2810.01,52753,52753,34.9
2000-07-29,2809.95,52510,52510,34.7
2000-07-30,2809.87,52187,52187,34.5
2000-07-31,2809.79,51863,51863,34.3
2000-08-01,2809.69,51470,51470,34.1
2000-08-02,2809.60,51141,51141,33.8
2000-08-03,2809.50,50775,50775,33.6
2000-08-04,2809.40,50409,50409,33.4
2000-08-05,2809.30,50044,50044,33.1
2000-08-06,2809.16,49532,49532,32.8
2000-08-07,2809.08,49239,49239,32.6
2000-08-08,2809.00,48946,48946,32.4
2000-08-09,2808.95,48763,48763,32.3
2000-08-10,2808.86,48434,48434,32.1
2000-08-11,2808.76,48068,48068,31.8
2000-08-12,2808.67,47739,47739,31.6
2000-08-13,2808.57,47373,47373,31.4
2000-08-14,2808.47,47007,47007,31.1
2000-08-15,2808.36,46605,46605,30.8
2000-08-16,2808.26,46239,46239,30.6
2000-08-17,2808.15,45837,45837,30.3
2000-08-18,2808.06,45508,45508,30.1
2000-08-19,2807.94,45069,45069,29.8
2000-08-20,2807.80,44557,44557,29.5
2000-08-21,2807.65,44034,44034,29.1
2000-08-22,2807.51,43574,43574,28.8
2000-08-23,2807.37,43114,43114,28.5
2000-08-24,2807.24,42687,42687,28.2
2000-08-25,2807.13,42326,42326,28.0
2000-08-26,2807.02,41964,41964,27.8
2000-08-27,2806.89,41537,41537,27.5
2000-08-28,2806.75,41077,41077,27.2
2000-08-29,2806.63,40683,40683,26.9
2000-08-30,2806.51,40289,40289,26.7
2000-08-31,2806.41,39960,39960,26.4
2000-09-01,2806.42,39993,39993,26.5
2000-09-02,2806.40,39927,39927,26.4
2000-09-03,2806.32,39664,39664,26.2
2000-09-04,2806.24,39401,39401,26.1
2000-09-05,2806.15,39106,39106,25.9
2000-09-06,2806.07,38843,38843,25.7
2000-09-07,2805.99,38580,38580,25.5
2000-09-08,2805.93,38383,38383,25.4
2000-09-09,2805.80,37956,37956,25.1
2000-09-10,2805.73,37726,37726,25.0
2000-09-11,2805.65,37490,37490,24.8
2000-09-12,2805.58,37287,37287,24.7
2000-09-13,2805.47,36968,36968,24.5
2000-09-14,2805.38,36708,36708,24.3
2000-09-15,2805.07,35809,35809,23.7
2000-09-16,2805.22,36244,36244,24.0
2000-09-17,2805.14,36012,36012,23.8
2000-09-18,2805.06,35780,35780,23.7
2000-09-19,2804.98,35548,35548,23.5
2000-09-20,2804.91,35346,35346,23.4
2000-09-21,2804.80,35027,35027,23.2
2000-09-22,2804.72,34795,34795,23.0
2000-09-23,2804.66,34621,34621,22.9
2000-09-24,2804.65,34592,34592,22.9
2000-09-25,2804.64,34563,34563,22.9
2000-09-26,2804.61,34476,34476,22.8
2000-09-27,2804.59,34418,34418,22.8
2000-09-28,2804.59,34418,34418,22.8
2000-09-29,2804.60,34447,34447,22.8
2000-09-30,2804.60,34447,34447,22.8
2000-10-01,2804.61,34476,34476,22.8
2000-10-02,2804.61,34476,34476,22.8
2000-10-03,2804.60,34447,34447,22.8
2000-10-04,2804.57,34360,34360,22.7
2000-10-05,2804.57,34360,34360,22.7
2000-10-06,2804.70,34737,34737,23.0
2000-10-07,2804.81,35056,35056,23.2
2000-10-08,2804.94,35433,35433,23.4
2000-10-09,2805.08,35838,35838,23.7
2000-10-10,2805.22,36244,36244,24.0
2000-10-11,2805.41,36795,36795,24.3
2000-10-12,2805.61,37374,37374,24.7
2000-10-13,2805.83,38054,38054,25.2
2000-10-14,2806.00,38613,38613,25.6
2000-10-15,2806.08,38876,38876,25.7
2000-10-16,2806.15,39106,39106,25.9
2000-10-17,2806.18,39204,39204,25.9
2000-10-18,2806.25,39434,39434,26.1
2000-10-19,2806.39,39894,39894,26.4
2000-10-20,2806.49,40223,40223,26.6
2000-10-21,2806.56,40453,40453,26.8
2000-10-22,2806.61,40617,40617,26.9
2000-10-23,2806.64,40716,40716,26.9
2000-10-24,2806.72,40979,40979,27.1
2000-10-25,2806.82,41307,41307,27.3
2000-10-26,2806.87,41471,41471,27.4
2000-10-27,2806.90,41570,41570,27.5
2000-10-28,2806.90,41570,41570,27.5
2000-10-29,2806.92,41636,41636,27.6
2000-10-30,2806.91,41603,41603,27.5
2000-10-31,2806.94,41701,41701,27.6
2000-11-01,2807.00,41898,41898,27.7
2000-11-02,2807.03,41997,41997,27.8
2000-11-03,2807.05,42063,42063,27.8
2000-11-04,2807.11,42260,42260,28.0
2000-11-05,2807.26,42753,42753,28.3
2000-11-06,2807.53,43640,43640,28.9
2000-11-07,2807.75,44374,44374,29.4
2000-11-08,2808.08,45581,45581,30.2
2000-11-09,2808.29,46349,46349,30.7
2000-11-10,2808.51,47154,47154,31.2
2000-11-11,2808.59,47446,47446,31.4
2000-11-12,2808.64,47629,47629,31.5
2000-11-13,2808.68,47776,47776,31.6
2000-11-14,2808.70,47849,47849,31.7
2000-11-15,2808.73,47959,47959,31.7
2000-11-16,2808.77,48105,48105,31.8
2000-11-17,2808.79,48178,48178,31.9
2000-11-18,2808.82,48288,48288,32.0
2000-11-19,2809.53,50885,50885,33.7
2000-11-20,2809.55,50958,50958,33.7
2000-11-21,2809.59,51104,51104,33.8
2000-11-22,2809.62,51214,51214,33.9
2000-11-23,2809.65,51324,51324,34.0
2000-11-24,2809.72,51580,51580,34.1
2000-11-25,2809.73,51620,51620,34.2
2000-11-26,2809.75,51701,51701,34.2
2000-11-27,2809.77,51782,51782,34.3
2000-11-28,2809.79,51863,51863,34.3
2000-11-29,2809.82,51984,51984,34.4
2000-11-30,2809.85,52106,52106,34.5
2000-12-01,2809.88,52227,52227,34.6
2000-12-02,2809.90,52308,52308,34.6
2000-12-03,2809.93,52429,52429,34.7
2000-12-04,2809.96,52551,52551,34.8
2000-12-05,2809.99,52672,52672,34.9
2000-12-06,2810.03,52834,52834,35.0
2000-12-07,2810.04,52874,52874,35.0
2000-12-08,2810.10,53117,53117,35.2
2000-12-09,2810.15,53319,53319,35.3
2000-12-10,2810.18,53440,53440,35.4
2000-12-11,2810.21,53562,53562,35.4
2000-12-12,2810.23,53642,53642,35.5
2000-12-13,2810.16,53359,53359,35.3
2000-12-14,2810.28,53845,53845,35.6
2000-12-15,2810.33,54047,54047,35.8
2000-12-16,2810.37,54209,54209,35.9
2000-12-17,2810.37,54209,54209,35.9
2000-12-18,2810.41,54370,54370,36.0
2000-12-19,2810.41,54370,54370,36.0
2000-12-20,2810.41,54370,54370,36.0
2000-12-21,2810.45,54532,54532,36.1
2000-12-22,2810.46,54573,54573,36.1
2000-12-23,2810.48,54653,54653,36.2
2000-12-24,2810.52,54815,54815,36.3
2000-12-25,2810.54,54896,54896,36.3
2000-12-26,2810.58,55058,55058,36.4
2000-12-27,2810.61,55179,55179,36.5
2000-12-28,2810.61,55179,55179,36.5
2000-12-29,2810.09,53076,53076,35.1
2000-12-30,2810.10,53117,53117,35.2
2000-12-31,2810.12,53198,53198,35.2
2001-01-01,2810.15,53319,53319,35.3
2001-01-02,2810.19,53481,53481,35.4
2001-01-03,2810.20,53521,53521,35.4
2001-01-04,2810.21,53562,53562,35.4
2001-01-05,2810.19,53481,53481,35.4
2001-01-06,2810.29,53885,53885,35.7
2001-01-07,2810.34,54087,54087,35.8
2001-01-08,2810.36,54168,54168,35.8
2001-01-09,2810.38,54249,54249,35.9
2001-01-10,2810.40,54330,54330,36.0
2001-01-11,2810.42,54411,54411,36.0
2001-01-12,2810.43,54451,54451,36.0
2001-01-13,2810.46,54573,54573,36.1
2001-01-14,2810.45,54532,54532,36.1
2001-01-15,2810.49,54694,54694,36.2
2001-01-16,2810.52,54815,54815,36.3
2001-01-17,2810.55,54937,54937,36.4
2001-01-18,2810.59,55098,55098,36.5
2001-01-19,2810.59,55098,55098,36.5
2001-01-20,2810.61,55179,55179,36.5
2001-01-21,2810.66,55381,55381,36.6
2001-01-22,2810.68,55462,55462,36.7
2001-01-23,2810.72,55624,55624,36.8
2001-01-24,2810.74,55705,55705,36.9
2001-01-25,2810.78,55867,55867,37.0
2001-01-26,2810.82,56028,56028,37.1
2001-01-27,2810.84,56109,56109,37.1
2001-01-28,2810.89,56311,56311,37.3
2001-01-29,2810.91,56392,56392,37.3
2001-01-30,2810.96,56595,56595,37.5
2001-01-31,2810.98,56675,56675,37.5
2001-02-01,2811.02,56837,56837,37.6
2001-02-02,2811.04,56918,56918,37.7
2001-02-03,2811.06,56999,56999,37.7
2001-02-04,2811.12,57242,57242,37.9
2001-02-05,2811.14,57322,57322,37.9
2001-02-06,2811.18,57484,57484,38.0
2001-02-07,2811.21,57606,57606,38.1
2001-02-08,2811.25,57767,57767,38.2
2001-02-09,2811.30,57970,57970,38.4
2001-02-10,2811.29,57929,57929,38.3
2001-02-11,2811.34,58131,58131,38.5
2001-02-12,2811.38,58293,58293,38.6
2001-02-13,2811.42,58455,58455,38.7
2001-02-14,2811.49,58738,58738,38.9
2001-02-15,2811.51,58819,58819,38.9
2001-02-16,2811.57,59061,59061,39.1
2001-02-17,2811.57,59061,59061,39.1
2001-02-18,2811.60,59183,59183,39.2
2001-02-19,2811.63,59304,59304,39.2
2001-02-20,2811.65,59385,59385,39.3
2001-02-21,2811.67,59466,59466,39.4
2001-02-22,2811.69,59547,59547,39.4
2001-02-23,2811.74,59756,59756,39.5
2001-02-24,2811.77,59889,59889,39.6
2001-02-25,2811.78,59933,59933,39.7
2001-02-26,2811.80,60022,60022,39.7
2001-02-27,2811.83,60154,60154,39.8
2001-02-28,2811.88,60375,60375,40.0
2001-03-01,2811.90,60464,60464,40.0
2001-03-02,2811.93,60596,60596,40.1
2001-03-03,2812.00,60906,60906,40.3
2001-03-04,2812.05,61127,61127,40.5
2001-03-05,2812.05,61127,61127,40.5
2001-03-06,2812.08,61260,61260,40.5
2001-03-07,2812.11,61392,61392,40.6
2001-03-08,2812.11,61392,61392,40.6
2001-03-09,2812.19,61746,61746,40.9
2001-03-10,2812.23,61923,61923,41.0
2001-03-11,2812.25,62011,62011,41.0
2001-03-12,2812.27,62100,62100,41.1
2001-03-13,2812.24,61967,61967,41.0
2001-03-14,2812.29,62188,62188,41.2
2001-03-15,2812.32,62321,62321,41.2
2001-03-16,2812.32,62321,62321,41.2
2001-03-17,2812.33,62365,62365,41.3
2001-03-18,2812.36,62497,62497,41.4
2001-03-19,2812.39,62630,62630,41.4
2001-03-20,2812.40,62674,62674,41.5
2001-03-21,2812.43,62807,62807,41.6
2001-03-22,2812.46,62940,62940,41.7
2001-03-23,2812.46,62940,62940,41.7
2001-03-24,2812.49,63072,63072,41.7
2001-03-25,2812.49,63072,63072,41.7
2001-03-26,2812.49,63072,63072,41.7
2001-03-27,2812.50,63116,63116,41.8
2001-03-28,2812.55,63337,63337,41.9
2001-03-29,2812.56,63382,63382,41.9
2001-03-30,,74720,74720,49.4
2001-03-31,2812.62,63647,63647,42.1
2001-04-01,2812.62,63647,63647,42.1
2001-04-02,2812.65,63780,63780,42.2
2001-04-03,2812.65,63780,63780,42.2
2001-04-04,2812.61,63603,63603,42.1
2001-04-05,2812.61,63603,63603,42.1
2001-04-06,2812.57,63426,63426,42.0
2001-04-07,2812.54,63293,63293,41.9
2001-04-08,2812.51,63161,63161,41.8
2001-04-09,2812.48,63028,63028,41.7
2001-04-10,2812.46,62940,62940,41.7
2001-04-11,2812.48,63028,63028,41.7
2001-04-12,2812.38,62586,62586,41.4
2001-04-13,2812.35,62453,62453,41.3
2001-04-14,2812.30,62232,62232,41.2
2001-04-15,2812.25,62011,62011,41.0
2001-04-16,2812.18,61702,61702,40.8
2001-04-17,2812.08,61260,61260,40.5
2001-04-18,2811.88,60375,60375,40.0
2001-04-19,2811.67,59466,59466,39.4
2001-04-20,2811.47,58657,58657,38.8
2001-04-21,2811.26,57808,57808,38.3
2001-04-22,2811.01,56797,56797,37.6
2001-04-23,2810.77,55826,55826,36.9
2001-04-24,2810.54,54896,54896,36.3
2001-04-25,2810.29,53885,53885,35.7
2001-04-26,2810.07,52995,52995,35.1
2001-04-27,2809.84,52065,52065,34.5
2001-04-28,2809.60,51141,51141,33.8
2001-04-29,2809.36,50263,50263,33.3
2001-04-30,2809.21,49714,49714,32.9
2001-05-01,2808.94,48727,48727,32.2
2001-05-02,2808.78,48141,48141,31.9
2001-05-03,2808.65,47666,47666,31.5
2001-05-04,2808.45,46934,46934,31.1
2001-05-05,2808.40,46751,46751,30.9
2001-05-06,2808.30,46386,46386,30.7
2001-05-07,2808.23,46130,46130,30.5
2001-05-08,2808.13,45764,45764,30.3
2001-05-09,2808.05,45471,45471,30.1
2001-05-10,2807.94,45069,45069,29.8
2001-05-11,2807.90,44922,44922,29.7
2001-05-12,2807.87,44813,44813,29.7
2001-05-13,2807.75,44374,44374,29.4
2001-05-14,2807.67,44100,44100,29.2
2001-05-15,2807.56,43738,43738,28.9
2001-05-16,2807.45,43377,43377,28.7
2001-05-17,2807.34,43016,43016,28.5
2001-05-18,2807.23,42654,42654,28.2
2001-05-19,2807.12,42293,42293,28.0
2001-05-20,2806.95,41734,41734,27.6
2001-05-21,2806.78,41176,41176,27.2
2001-05-22,2806.58,40519,40519,26.8
2001-05-23,2806.42,39993,39993,26.5
2001-05-24,2806.30,39599,39599,26.2
2001-05-25,2806.21,39303,39303,26.0
2001-05-26,2806.13,39040,39040,25.8
2001-05-27,2806.09,38909,38909,25.7
2001-05-28,2806.05,38777,38777,25.7
2001-05-29,2806.01,38646,38646,25.6
2001-05-30,2805.98,38547,38547,25.5
2001-05-31,2805.95,38449,38449,25.4
2001-06-01,2805.89,38252,38252,25.3
2001-06-02,2805.85,38120,38120,25.2
2001-06-03,2805.79,37923,37923,25.1
2001-06-04,2805.74,37759,37759,25.0
2001-06-05,2805.66,37519,37519,24.8
2001-06-06,2805.58,37287,37287,24.7
2001-06-07,2805.46,36940,36940,24.4
2001-06-08,2805.35,36621,36621,24.2
2001-06-09,2805.27,36389,36389,24.1
2001-06-10,2805.16,36070,36070,23.9
2001-06-11,2805.06,35780,35780,23.7
2001-06-12,2804.77,34940,34940,23.1
2001-06-13,2804.69,34708,34708,23.0
2001-06-14,2804.60,34447,34447,22.8
2001-06-15,2804.49,34128,34128,22.6
2001-06-16,2804.37,33781,33781,22.4
2001-06-17,2804.29,33549,33549,22.2
2001-06-18,2804.20,33288,33288,22.0
2001-06-19,2804.09,32969,32969,21.8
2001-06-20,2803.98,32650,32650,21.6
2001-06-21,2803.85,32274,32274,21.4
2001-06-22,2803.75,31984,31984,21.2
2001-06-23,2803.63,31668,31668,21.0
2001-06-24,2803.58,31540,31540,20.9
2001-06-25,2803.48,31286,31286,20.7
2001-06-26,2803.40,31082,31082,20.6
2001-06-27,2803.34,30929,30929,20.5
2001-06-28,2803.28,30776,30776,20.4
2001-06-29,2803.21,30598,30598,20.2
2001-06-30,2803.15,30445,30445,20.1
2001-07-01,2803.12,30369,30369,20.1
2001-07-02,2803.05,30191,30191,20.0
2001-07-03,2802.98,30012,30012,19.9
2001-07-04,2802.93,29885,29885,19.8
2001-07-05,2802.86,29707,29707,19.7
2001-07-06,2802.81,29579,29579,19.6
2001-07-07,2802.75,29426,29426,19.5
2001-07-08,2802.69,29274,29274,19.4
2001-07-09,2802.63,29121,29121,19.3
2001-07-10,2802.59,29019,29019,19.2
2001-07-11,2802.53,28866,28866,19.1
2001-07-12,2802.46,28688,28688,19.0
2001-07-13,2802.36,28433,28433,18.8
2001-07-14,2802.33,28357,28357,18.8
2001-07-15,2802.19,28000,28000,18.5
2001-07-16,2802.06,27669,27669,18.3
2001-07-17,2801.89,27236,27236,18.0
2001-07-18,2801.77,26930,26930,17.8
2001-07-19,2801.65,26645,26645,17.6
2001-07-20,2801.49,26284,26284,17.4
2001-07-21,2801.35,25968,25968,17.2
2001-07-22,2801.20,25630,25630,17.0
2001-07-23,2801.03,25246,25246,16.7
2001-07-24,2800.85,24840,24840,16.4
2001-07-25,2800.67,24434,24434,16.2
2001-07-26,2800.49,24028,24028,15.9
2001-07-27,2800.30,23599,23599,15.6
2001-07-28,2800.12,23193,23193,15.3
2001-07-29,2799.94,22787,22787,15.1
2001-07-30,2799.78,22426,22426,14.8
2001-07-31,2799.64,22134,22134,14.6
2001-08-01,2799.46,21782,21782,14.4
2001-08-02,2799.34,21548,21548,14.3
2001-08-03,2799.24,21352,21352,14.1
2001-08-04,2799.16,21195,21195,14.0
2001-08-05,2799.09,21058,21058,13.9
2001-08-06,2799.05,20980,20980,13.9
2001-08-07,2799.00,20882,20882,13.8
2001-08-08,2798.98,20843,20843,13.8
2001-08-09,2798.95,20784,20784,13.8
2001-08-10,2798.90,20687,20687,13.7
2001-08-11,2798.87,20628,20628,13.7
2001-08-12,2798.81,20511,20511,13.6
2001-08-13,2798.77,20432,20432,13.5
2001-08-14,2798.70,20295,20295,13.4
2001-08-15,2798.65,20198,20198,13.4
2001-08-16,2798.62,20139,20139,13.3
2001-08-17,2798.65,20198,20198,13.4
2001-08-18,2798.65,20198,20198,13.4
2001-08-19,2798.63,20158,20158,13.3
2001-08-20,2798.62,20139,20139,13.3
2001-08-21,2798.60,20100,20100,13.3
2001-08-22,2798.63,20158,20158,13.3
2001-08-23,2798.67,20237,20237,13.4
2001-08-24,2798.62,20139,20139,13.3
2001-08-25,2798.54,19982,19982,13.2
2001-08-26,2798.35,19611,19611,13.0
2001-08-27,2798.32,19552,19552,12.9
2001-08-28,2798.30,19513,19513,12.9
2001-08-29,2798.33,19571,19571,13.0
2001-08-30,2798.36,19630,19630,13.0
2001-08-31,2798.39,19689,19689,13.0
2001-09-01,2798.45,19806,19806,13.1
2001-09-02,2798.48,19865,19865,13.1
2001-09-03,2798.49,19885,19885,13.2
2001-09-04,2798.49,19885,19885,13.2
2001-09-05,2798.49,19885,19885,13.2
2001-09-06,2798.46,19826,19826,13.1
2001-09-07,2798.44,19787,19787,13.1
2001-09-08,2798.39,19689,19689,13.0
2001-09-09,2798.36,19630,19630,13.0
2001-09-10,2798.30,19513,19513,12.9
2001-09-11,2798.30,19513,19513,12.9
2001-09-12,2798.30,19513,19513,12.9
2001-09-13,2798.30,19513,19513,12.9
2001-09-14,2798.31,19532,19532,12.9
2001-09-15,2798.31,19532,19532,12.9
2001-09-16,2798.29,19493,19493,12.9
2001-09-17,2798.27,19454,19454,12.9
2001-09-18,2798.26,19435,19435,12.9
2001-09-19,2798.25,19415,19415,12.8
2001-09-20,2798.22,19356,19356,12.8
2001-09-21,2798.21,19337,19337,12.8
2001-09-22,2798.17,19258,19258,12.7
2001-09-23,2798.28,19474,19474,12.9
2001-09-24,2798.35,19611,19611,13.0
2001-09-25,2798.40,19708,19708,13.0
2001-09-26,2798.41,19728,19728,13.1
2001-09-27,2798.40,19708,19708,13.0
2001-09-28,2798.39,19689,19689,13.0
2001-09-29,2798.37,19650,19650,13.0
2001-09-30,2798.35,19611,19611,13.0
2001-10-01,2798.33,19571,19571,13.0
2001-10-02,2797.88,18691,18691,12.4
2001-10-03,2797.87,18671,18671,12.4
2001-10-04,2797.88,18691,18691,12.4
2001-10-05,2797.88,18691,18691,12.4
2001-10-06,2797.88,18691,18691,12.4
2001-10-07,2797.90,18730,18730,12.4
2001-10-08,2797.93,18789,18789,12.4
2001-10-09,2797.95,18828,18828,12.5
2001-10-10,2797.97,18867,18867,12.5
2001-10-11,2797.99,18906,18906,12.5
2001-10-12,2797.99,18906,18906,12.5
2001-10-13,2798.06,19043,19043,12.6
2001-10-14,2798.05,19024,19024,12.6
2001-10-15,2798.08,19082,19082,12.6
2001-10-16,2798.08,19082,19082,12.6
2001-10-17,2798.09,19102,19102,12.6
2001-10-18,2798.10,19121,19121,12.7
2001-10-19,2798.13,19180,19180,12.7
2001-10-20,2798.15,19219,19219,12.7
2001-10-21,2798.17,19258,19258,12.7
2001-10-22,2798.18,19278,19278,12.8
2001-10-23,2798.09,19102,19102,12.6
2001-10-24,2797.91,18750,18750,12.4
2001-10-25,2797.74,18417,18417,12.2
2001-10-26,2797.57,18124,18124,12.0
2001-10-27,2797.40,17836,17836,11.8
2001-10-28,2797.23,17548,17548,11.6
2001-10-29,2797.06,17261,17261,11.4
2001-10-30,2796.88,16956,16956,11.2
2001-10-31,2796.71,16668,16668,11.0
2001-11-01,2796.53,16363,16363,10.8
2001-11-02,2796.37,16092,16092,10.6
2001-11-03,2796.20,15805,15805,10.5
2001-11-04,2796.02,15500,15500,10.3
2001-11-05,2795.88,15263,15263,10.1
2001-11-06,2795.71,14977,14977,9.9
2001-11-07,2795.55,14742,14742,9.8
2001-11-08,2795.38,14493,14493,9.6
2001-11-09,2795.18,14199,14199,9.4
2001-11-10,2795.01,13950,13950,9.2
2001-11-11,2794.84,13700,13700,9.1
2001-11-12,2794.68,13465,13465,8.9
2001-11-13,2794.51,13216,13216,8.7
2001-11-14,2794.38,13025,13025,8.6
2001-11-15,2794.48,13172,13172,8.7
2001-11-16,2794.54,13260,13260,8.8
2001-11-17,2794.63,13392,13392,8.9
2001-11-18,2794.96,13876,13876,9.2
2001-11-19,2795.46,14610,14610,9.7
2001-11-20,2795.92,15331,15331,10.1
2001-11-21,2796.35,16059,16059,10.6
2001-11-22,2796.76,16753,16753,11.1
2001-11-23,2797.19,17481,17481,11.6
2001-11-24,2797.57,18124,18124,12.0
2001-11-25,2797.94,18808,18808,12.4
2001-11-26,2798.23,19376,19376,12.8
2001-11-27,2798.32,19552,19552,12.9
2001-11-28,2798.38,19669,19669,13.0
2001-11-29,2798.43,19767,19767,13.1
2001-11-30,2798.47,19845,19845,13.1
2001-12-01,2798.52,19943,19943,13.2
2001-12-02,2798.57,20041,20041,13.3
2001-12-03,2798.60,20100,20100,13.3
2001-12-04,2798.66,20217,20217,13.4
2001-12-05,2798.69,20276,20276,13.4
2001-12-06,2798.73,20354,20354,13.5
2001-12-07,2798.77,20432,20432,13.5
2001-12-08,2798.79,20471,20471,13.5
2001-12-09,2798.83,20550,20550,13.6
2001-12-10,2798.85,20589,20589,13.6
2001-12-11,2798.89,20667,20667,13.7
2001-12-12,2798.92,20726,20726,13.7
2001-12-13,2798.94,20765,20765,13.7
2001-12-14,2798.98,20843,20843,13.8
2001-12-15,2799.01,20902,20902,13.8
2001-12-16,2799.06,21000,21000,13.9
2001-12-17,2799.10,21078,21078,13.9
2001-12-18,2799.13,21137,21137,14.0
2001-12-19,2799.16,21195,21195,14.0
2001-12-20,2799.19,21254,21254,14.1
2001-12-21,2799.23,21332,21332,14.1
2001-12-22,2799.27,21411,21411,14.2
2001-12-23,2799.63,22115,22115,14.6
2001-12-24,2800.04,23013,23013,15.2
2001-12-25,2800.27,23532,23532,15.6
2001-12-26,2800.36,23735,23735,15.7
2001-12-27,2800.40,23825,23825,15.8
2001-12-28,2800.45,23938,23938,15.8
2001-12-29,2800.52,24096,24096,15.9
2001-12-30,2800.50,24051,24051,15.9
2001-12-31,2800.53,24118,24118,16.0
2002-01-01,2800.56,24186,24186,16.0
2002-01-02,2800.58,24231,24231,16.0
2002-01-03,2800.62,24321,24321,16.1
2002-01-04,2800.65,24389,24389,16.1
2002-01-05,2800.68,24457,24457,16.2
2002-01-06,2800.71,24524,24524,16.2
2002-01-07,2800.73,24570,24570,16.3
2002-01-08,2800.77,24660,24660,16.3
2002-01-09,2800.79,24705,24705,16.3
2002-01-10,2800.83,24795,24795,16.4
2002-01-11,2800.85,24840,24840,16.4
2002-01-12,2800.87,24885,24885,16.5
2002-01-13,2800.88,24908,24908,16.5
2002-01-14,2800.92,24998,24998,16.5
2002-01-15,2800.93,25021,25021,16.6
2002-01-16,2800.96,25088,25088,16.6
2002-01-17,2800.97,25111,25111,16.6
2002-01-18,2800.99,25156,25156,16.6
2002-01-19,2801.05,25291,25291,16.7
2002-01-20,2801.03,25246,25246,16.7
2002-01-21,2800.96,25088,25088,16.6
2002-01-22,2800.99,25156,25156,16.6
2002-01-23,2801.01,25201,25201,16.7
2002-01-24,2801.04,25269,25269,16.7
2002-01-25,2801.04,25269,25269,16.7
2002-01-26,2801.05,25291,25291,16.7
2002-01-27,2801.07,25337,25337,16.8
2002-01-28,2801.10,25404,25404,16.8
2002-01-29,2801.13,25472,25472,16.9
2002-01-30,2801.14,25495,25495,16.9
2002-01-31,2801.19,25607,25607,16.9
2002-02-01,2801.20,25630,25630,17.0
2002-02-02,2801.22,25675,25675,17.0
2002-02-03,2801.24,25720,25720,17.0
2002-02-04,2801.26,25765,25765,17.1
2002-02-05,2801.33,25923,25923,17.2
2002-02-06,2801.39,26059,26059,17.2
2002-02-07,2801.42,26126,26126,17.3
2002-02-08,2801.44,26171,26171,17.3
2002-02-09,2801.48,26262,26262,17.4
2002-02-10,2801.48,26262,26262,17.4
2002-02-11,2801.50,26307,26307,17.4
2002-02-12,2801.50,26307,26307,17.4
2002-02-13,2801.54,26397,26397,17.5
2002-02-14,2801.55,26419,26419,17.5
2002-02-15,2801.58,26487,26487,17.5
2002-02-16,2801.59,26510,26510,17.5
2002-02-17,2801.62,26577,26577,17.6
2002-02-18,2801.63,26600,26600,17.6
2002-02-19,2801.67,26690,26690,17.7
2002-02-20,2801.67,26690,26690,17.7
2002-02-21,2801.72,26803,26803,17.7
2002-02-22,2801.70,26758,26758,17.7
2002-02-23,2801.70,26758,26758,17.7
2002-02-24,2801.73,26828,26828,17.8
2002-02-25,2801.74,26854,26854,17.8
2002-02-26,2801.76,26905,26905,17.8
2002-02-27,2801.74,26854,26854,17.8
2002-02-28,2801.77,26930,26930,17.8
2002-03-01,2801.77,26930,26930,17.8
2002-03-02,2801.80,27007,27007,17.9
2002-03-03,2801.78,26956,26956,17.8
2002-03-04,2801.79,26981,26981,17.9
2002-03-05,2801.81,27032,27032,17.9
2002-03-06,2801.82,27058,27058,17.9
2002-03-07,2801.83,27083,27083,17.9
2002-03-08,2801.84,27109,27109,17.9
2002-03-09,2801.78,26956,26956,17.8
2002-03-10,2801.76,26905,26905,17.8
2002-03-11,2801.78,26956,26956,17.8
2002-03-12,2801.79,26981,26981,17.9
2002-03-13,2801.80,27007,27007,17.9
2002-03-14,2801.82,27058,27058,17.9
2002-03-15,2801.80,27007,27007,17.9
2002-03-16,2801.80,27007,27007,17.9
2002-03-17,2801.81,27032,27032,17.9
2002-03-18,2801.81,27032,27032,17.9
2002-03-19,2801.83,27083,27083,17.9
2002-03-20,2801.90,27261,27261,18.0
2002-03-21,2801.87,27185,27185,18.0
2002-03-22,2801.88,27211,27211,18.0
2002-03-23,2801.89,27236,27236,18.0
2002-03-24,2801.90,27261,27261,18.0
2002-03-25,2801.92,27312,27312,18.1
2002-03-26,2801.92,27312,27312,18.1
2002-03-27,2801.93,27338,27338,18.1
2002-03-28,2801.94,27363,27363,18.1
2002-03-29,2801.95,27389,27389,18.1
2002-03-30,2801.96,27414,27414,18.1
2002-03-31,2802.05,27644,27644,18.3
2002-04-01,2802.07,27694,27694,18.3
2002-04-02,2802.09,27745,27745,18.4
2002-04-03,2802.11,27796,27796,18.4
2002-04-04,2802.11,27796,27796,18.4
2002-04-05,2802.13,27847,27847,18.4
2002-04-06,2802.13,27847,27847,18.4
2002-04-07,2802.16,27924,27924,18.5
2002-04-08,2802.16,27924,27924,18.5
2002-04-09,2802.15,27898,27898,18.5
2002-04-10,2802.15,27898,27898,18.5
2002-04-12,2802.18,27975,27975,18.5
2002-04-13,2802.18,27975,27975,18.5
2002-04-16,2802.21,28051,28051,18.6
2002-04-17,2802.19,28000,28000,18.5
2002-04-18,2802.19,28000,28000,18.5
2002-04-19,2802.19,28000,28000,18.5
2002-04-20,2802.18,27975,27975,18.5
2002-04-21,2802.20,28026,28026,18.5
2002-04-22,2802.18,27975,27975,18.5
2002-04-23,2802.18,27975,27975,18.5
2002-04-24,2802.19,28000,28000,18.5
2002-04-25,2802.18,27975,27975,18.5
2002-04-26,2802.17,27949,27949,18.5
2002-04-27,2802.20,28026,28026,18.5
2002-04-28,2802.17,27949,27949,18.5
2002-04-29,2802.17,27949,27949,18.5
2002-04-30,2802.18,27975,27975,18.5
2002-05-01,2802.17,27949,27949,18.5
2002-05-02,2802.14,27873,27873,18.4
2002-05-03,2802.13,27847,27847,18.4
2002-05-04,2802.12,27822,27822,18.4
2002-05-05,2802.12,27822,27822,18.4
2002-05-06,2802.13,27847,27847,18.4
2002-05-07,2802.12,27822,27822,18.4
2002-05-08,2802.10,27771,27771,18.4
2002-05-09,2802.08,27720,27720,18.3
2002-05-10,2802.05,27644,27644,18.3
2002-05-11,2802.03,27593,27593,18.3
2002-05-12,2802.02,27567,27567,18.2
2002-05-13,2802.01,27542,27542,18.2
2002-05-14,2801.98,27465,27465,18.2
2002-05-15,2801.94,27363,27363,18.1
2002-05-16,2801.92,27312,27312,18.1
2002-05-17,2801.93,27338,27338,18.1
2002-05-18,2801.90,27261,27261,18.0
2002-05-20,2801.84,27109,27109,17.9
2002-05-21,2801.81,27032,27032,17.9
2002-05-22,2801.75,26879,26879,17.8
2002-05-23,2801.76,26905,26905,17.8
2002-05-24,2801.75,26879,26879,17.8
2002-05-25,2801.75,26879,26879,17.8
2002-05-26,2801.72,26803,26803,17.7
2002-05-27,2801.72,26803,26803,17.7
2002-05-28,2801.72,26803,26803,17.7
2002-05-29,2801.69,26735,26735,17.7
2002-05-30,2801.68,26713,26713,17.7
2002-05-31,2801.68,26713,26713,17.7
2002-06-01,2801.65,26645,26645,17.6
2002-06-02,2801.62,26577,26577,17.6
2002-06-03,2801.59,26510,26510,17.5
2002-06-04,2801.58,26487,26487,17.5
2002-06-05,2801.58,26487,26487,17.5
2002-06-06,2801.52,26352,26352,17.4
2002-06-07,2801.52,26352,26352,17.4
2002-06-08,2801.48,26262,26262,17.4
2002-06-09,2801.46,26216,26216,17.3
2002-06-10,2801.45,26194,26194,17.3
2002-06-11,2801.42,26126,26126,17.3
2002-06-12,2801.41,26104,26104,17.3
2002-06-13,2801.39,26059,26059,17.2
2002-06-14,2801.37,26013,26013,17.2
2002-06-15,2801.37,26013,26013,17.2
2002-06-16,2801.43,26149,26149,17.3
2002-06-17,2801.39,26059,26059,17.2
2002-06-18,2801.36,25991,25991,17.2
2002-06-19,2801.33,25923,25923,17.2
2002-06-20,2801.25,25743,25743,17.0
2002-06-21,2801.28,25810,25810,17.1
2002-06-22,2801.32,25901,25901,17.1
2002-06-23,2801.52,26352,26352,17.4
2002-06-24,2801.63,26600,26600,17.6
2002-06-25,2801.66,26668,26668,17.6
2002-06-26,2801.65,26645,26645,17.6
2002-06-27,2801.66,26668,26668,17.6
2002-06-28,2801.65,26645,26645,17.6
2002-06-29,2801.63,26600,26600,17.6
2002-06-30,2801.61,26555,26555,17.6
2002-07-01,2801.59,26510,26510,17.5
2002-07-02,2801.54,26397,26397,17.5
2002-07-03,2801.54,26397,26397,17.5
2002-07-04,2801.67,26690,26690,17.7
2002-07-05,2801.60,26532,26532,17.6
2002-07-06,2801.70,26758,26758,17.7
2002-07-07,2801.99,27491,27491,18.2
2002-07-08,2802.19,28000,28000,18.5
2002-07-09,2802.36,28433,28433,18.8
2002-07-10,2802.44,28637,28637,19.0
2002-07-11,2802.47,28713,28713,19.0
2002-07-12,2802.46,28688,28688,19.0
2002-07-13,2802.46,28688,28688,19.0
2002-07-14,2802.45,28662,28662,19.0
2002-07-15,2802.42,28586,28586,18.9
2002-07-16,2802.41,28560,28560,18.9
2002-07-17,2802.40,28535,28535,18.9
2002-07-18,2802.37,28459,28459,18.8
2002-07-19,2802.46,28688,28688,19.0
2002-07-20,2802.48,28739,28739,19.0
2002-07-21,2802.54,28892,28892,19.1
2002-07-22,2802.54,28892,28892,19.1
2002-07-23,2802.55,28917,28917,19.1
2002-07-24,2802.55,28917,28917,19.1
2002-07-25,2802.54,28892,28892,19.1
2002-07-26,2802.51,28815,28815,19.1
2002-07-27,2802.49,28764,28764,19.0
2002-07-28,2802.48,28739,28739,19.0
2002-07-29,2802.48,28739,28739,19.0
2002-07-30,2802.44,28637,28637,19.0
2002-07-31,2802.41,28560,28560,18.9
2002-08-01,2802.39,28509,28509,18.9
2002-08-02,2802.36,28433,28433,18.8
2002-08-03,2802.51,28815,28815,19.1
2002-08-04,2802.66,29197,29197,19.3
2002-08-05,2802.74,29401,29401,19.5
2002-08-06,2802.74,29401,29401,19.5
2002-08-07,2802.73,29375,29375,19.4
2002-08-08,2802.74,29401,29401,19.5
2002-08-09,2802.73,29375,29375,19.4
2002-08-10,2802.69,29274,29274,19.4
2002-08-11,2802.67,29223,29223,19.3
2002-08-12,2802.64,29146,29146,19.3
2002-08-13,2802.59,29019,29019,19.2
2002-08-14,2802.57,28968,28968,19.2
2002-08-15,2802.56,28942,28942,19.2
2002-08-16,2802.53,28866,28866,19.1
2002-08-17,2802.52,28841,28841,19.1
2002-08-18,2802.48,28739,28739,19.0
2002-08-19,2802.47,28713,28713,19.0
2002-08-20,2802.46,28688,28688,19.0
2002-08-21,2802.48,28739,28739,19.0
2002-08-22,2802.48,28739,28739,19.0
2002-08-23,2802.47,28713,28713,19.0
2002-08-24,2802.45,28662,28662,19.0
2002-08-25,2802.44,28637,28637,19.0
2002-08-26,2802.42,28586,28586,18.9
2002-08-27,2802.39,28509,28509,18.9
2002-08-28,2802.35,28408,28408,18.8
2002-08-29,2802.33,28357,28357,18.8
2002-08-30,2802.32,28331,28331,18.7
2002-08-31,2802.34,28382,28382,18.8
2002-09-01,2802.43,28611,28611,18.9
2002-09-02,2802.43,28611,28611,18.9
2002-09-03,2802.42,28586,28586,18.9
2002-09-04,2802.40,28535,28535,18.9
2002-09-05,2802.37,28459,28459,18.8
2002-09-06,2802.36,28433,28433,18.8
2002-09-07,2802.34,28382,28382,18.8
2002-09-08,2802.32,28331,28331,18.7
2002-09-09,2802.29,28255,28255,18.7
2002-09-10,2802.28,28229,28229,18.7
2002-09-11,2802.28,28229,28229,18.7
2002-09-12,2802.27,28204,28204,18.7
2002-09-13,2802.23,28102,28102,18.6
2002-09-14,2802.27,28204,28204,18.7
2002-09-15,2802.29,28255,28255,18.7
2002-09-16,2802.38,28484,28484,18.8
2002-09-17,2802.68,29248,29248,19.4
2002-09-18,2802.81,29579,29579,19.6
2002-09-19,2802.84,29656,29656,19.6
2002-09-20,2802.81,29579,29579,19.6
2002-09-21,2802.81,29579,29579,19.6
2002-09-22,2802.81,29579,29579,19.6
2002-09-23,2802.78,29503,29503,19.5
2002-09-24,2802.77,29477,29477,19.5
2002-09-25,2802.76,29452,29452,19.5
2002-09-26,2802.75,29426,29426,19.5
2002-09-27,2802.74,29401,29401,19.5
2002-09-28,2802.70,29299,29299,19.4
2002-09-29,2802.69,29274,29274,19.4
2002-09-30,2802.69,29274,29274,19.4
2002-10-01,2802.67,29223,29223,19.3
2002-10-02,2802.68,29248,29248,19.4
2002-10-03,2802.66,29197,29197,19.3
2002-10-04,2802.66,29197,29197,19.3
2002-10-05,2802.62,29095,29095,19.3
2002-10-06,2802.62,29095,29095,19.3
2002-10-07,2802.72,29350,29350,19.4
2002-10-08,2802.80,29554,29554,19.6
2002-10-09,2802.82,29605,29605,19.6
2002-10-10,2802.82,29605,29605,19.6
2002-10-11,2802.82,29605,29605,19.6
2002-10-12,2802.82,29605,29605,19.6
2002-10-13,2802.82,29605,29605,19.6
2002-10-14,2802.82,29605,29605,19.6
2002-10-15,2802.83,29630,29630,19.6
2002-10-16,2802.83,29630,29630,19.6
2002-10-17,2802.85,29681,29681,19.6
2002-10-18,2802.86,29707,29707,19.7
2002-10-19,2802.88,29758,29758,19.7
2002-10-20,2802.91,29834,29834,19.7
2002-10-21,2802.91,29834,29834,19.7
2002-10-22,2802.93,29885,29885,19.8
2002-10-23,2802.95,29936,29936,19.8
2002-10-24,2802.97,29987,29987,19.8
2002-10-25,2803.00,30063,30063,19.9
2002-10-26,2803.03,30140,30140,19.9
2002-10-27,2803.03,30140,30140,19.9
2002-10-28,2803.14,30420,30420,20.1
2002-10-29,2803.30,30827,30827,20.4
2002-10-30,2803.34,30929,30929,20.5
2002-10-31,2803.36,30980,30980,20.5
2002-11-01,2803.38,31031,31031,20.5
2002-11-02,2803.41,31107,31107,20.6
2002-11-03,2803.43,31158,31158,20.6
2002-11-04,2803.45,31209,31209,20.7
2002-11-05,2803.47,31260,31260,20.7
2002-11-06,2803.49,31311,31311,20.7
2002-11-07,2803.50,31337,31337,20.7
2002-11-08,2803.50,31337,31337,20.7
2002-11-09,2803.53,31413,31413,20.8
2002-11-10,2803.56,31489,31489,20.8
2002-11-11,2803.53,31413,31413,20.8
2002-11-12,2803.57,31515,31515,20.9
2002-11-13,2803.55,31464,31464,20.8
2002-11-14,2803.56,31489,31489,20.8
2002-11-15,2803.57,31515,31515,20.9
2002-11-16,2803.62,31642,31642,20.9
2002-11-17,2803.65,31719,31719,21.0
2002-11-18,2803.65,31719,31719,21.0
2002-11-19,2803.67,31770,31770,21.0
2002-11-20,2803.68,31795,31795,21.0
2002-11-21,2803.68,31795,31795,21.0
2002-11-22,2803.70,31846,31846,21.1
2002-11-23,2803.70,31846,31846,21.1
2002-11-24,2803.73,31926,31926,21.1
2002-11-25,2803.74,31955,31955,21.1
2002-11-26,2803.74,31955,31955,21.1
2002-11-27,2803.74,31955,31955,21.1
2002-11-28,2803.75,31984,31984,21.2
2002-11-29,2803.77,32042,32042,21.2
2002-11-30,2803.80,32129,32129,21.3
2002-12-01,2803.80,32129,32129,21.3
2002-12-02,2803.82,32187,32187,21.3
2002-12-03,2803.86,32303,32303,21.4
2002-12-04,2803.95,32564,32564,21.5
2002-12-05,2803.95,32564,32564,21.5
2002-12-06,2803.97,32621,32621,21.6
2002-12-07,2804.01,32737,32737,21.7
2002-12-08,2804.28,33520,33520,22.2
2002-12-09,2804.60,34447,34447,22.8
2002-12-10,2804.87,35230,35230,23.3
2002-12-11,2805.16,36070,36070,23.9
2002-12-12,2805.45,36911,36911,24.4
2002-12-13,2805.72,37693,37693,24.9
2002-12-14,2805.98,38547,38547,25.5
2002-12-15,2806.26,39467,39467,26.1
2002-12-16,2806.49,40223,40223,26.6
2002-12-17,2806.68,40847,40847,27.0
2002-12-18,2806.86,41438,41438,27.4
2002-12-19,2807.01,41931,41931,27.7
2002-12-20,2807.05,42063,42063,27.8
2002-12-21,2807.10,42227,42227,27.9
2002-12-22,2807.12,42293,42293,28.0
2002-12-23,2807.15,42391,42391,28.1
2002-12-24,2807.17,42457,42457,28.1
2002-12-25,2807.17,42457,42457,28.1
2002-12-26,2807.19,42523,42523,28.1
2002-12-27,2807.20,42556,42556,28.2
2002-12-28,2807.22,42621,42621,28.2
2002-12-29,2807.22,42621,42621,28.2
2002-12-30,2807.24,42687,42687,28.2
2002-12-31,2807.26,42753,42753,28.3
2003-01-01,2807.25,42720,42720,28.3
2003-01-02,2807.27,42786,42786,28.3
2003-01-03,2807.28,42818,42818,28.3
2003-01-04,2807.29,42851,42851,28.4
2003-01-05,2807.31,42917,42917,28.4
2003-01-06,2807.33,42983,42983,28.4
2003-01-07,2807.32,42950,42950,28.4
2003-01-08,2807.33,42983,42983,28.4
2003-01-09,2807.36,43081,43081,28.5
2003-01-10,2807.37,43114,43114,28.5
2003-01-11,2807.37,43114,43114,28.5
2003-01-12,2807.38,43147,43147,28.6
2003-01-13,2807.38,43147,43147,28.6
2003-01-14,2807.40,43213,43213,28.6
2003-01-15,2807.41,43245,43245,28.6
2003-01-16,2807.42,43278,43278,28.6
2003-01-17,2807.42,43278,43278,28.6
2003-01-18,2807.44,43344,43344,28.7
2003-01-19,2807.46,43410,43410,28.7
2003-01-20,2807.49,43508,43508,28.8
2003-01-21,2807.51,43574,43574,28.8
2003-01-22,2807.53,43640,43640,28.9
2003-01-23,2807.53,43640,43640,28.9
2003-01-24,2807.56,43738,43738,28.9
2003-01-25,2807.58,43804,43804,29.0
2003-01-26,2807.61,43903,43903,29.1
2003-01-27,2807.62,43935,43935,29.1
2003-01-28,2807.66,44067,44067,29.2
2003-01-29,2807.68,44133,44133,29.2
2003-01-30,2807.70,44198,44198,29.2
2003-01-31,2807.73,44301,44301,29.3
2003-02-01,2807.74,44337,44337,29.3
2003-02-02,2807.76,44410,44410,29.4
2003-02-03,2807.79,44520,44520,29.5
2003-02-04,2807.78,44483,44483,29.4
2003-02-05,2807.81,44593,44593,29.5
2003-02-06,2807.81,44593,44593,29.5
2003-02-07,2807.81,44593,44593,29.5
2003-02-08,2807.81,44593,44593,29.5
2003-02-09,2807.84,44703,44703,29.6
2003-02-10,2807.85,44740,44740,29.6
2003-02-11,2807.87,44813,44813,29.7
2003-02-12,2807.89,44886,44886,29.7
2003-02-13,2807.91,44959,44959,29.8
2003-02-14,2807.93,45032,45032,29.8
2003-02-15,2807.95,45105,45105,29.8
2003-02-16,2807.95,45105,45105,29.8
2003-02-17,2807.95,45105,45105,29.8
2003-02-18,2807.98,45215,45215,29.9
2003-02-19,2808.01,45325,45325,30.0
2003-02-20,2808.00,45288,45288,30.0
2003-02-21,2808.06,45508,45508,30.1
2003-02-22,2808.12,45727,45727,30.3
2003-02-23,2808.13,45764,45764,30.3
2003-02-24,2808.15,45837,45837,30.3
2003-02-25,2808.15,45837,45837,30.3
2003-02-26,2808.16,45874,45874,30.4
2003-02-27,2808.19,45983,45983,30.4
2003-02-28,2808.21,46056,46056,30.5
2003-03-01,2808.23,46130,46130,30.5
2003-03-02,2808.24,46166,46166,30.6
2003-03-03,2808.25,46203,46203,30.6
2003-03-04,2808.28,46312,46312,30.6
2003-03-05,2808.27,46276,46276,30.6
2003-03-06,2808.27,46276,46276,30.6
2003-03-07,2808.27,46276,46276,30.6
2003-03-08,2808.29,46349,46349,30.7
2003-03-09,2808.29,46349,46349,30.7
2003-03-10,2808.30,46386,46386,30.7
2003-03-11,2808.32,46459,46459,30.7
2003-03-12,2808.33,46495,46495,30.8
2003-03-13,2808.34,46532,46532,30.8
2003-03-14,2808.34,46532,46532,30.8
2003-03-15,2808.36,46605,46605,30.8
2003-03-16,2808.37,46642,46642,30.9
2003-03-17,2808.42,46825,46825,31.0
2003-03-18,2808.43,46861,46861,31.0
2003-03-19,2808.41,46788,46788,31.0
2003-03-20,2808.37,46642,46642,30.9
2003-03-21,2808.37,46642,46642,30.9
2003-03-22,2808.41,46788,46788,31.0
2003-03-23,2808.41,46788,46788,31.0
2003-03-24,2808.43,46861,46861,31.0
2003-03-25,2808.43,46861,46861,31.0
2003-03-26,2808.42,46825,46825,31.0
2003-03-27,2808.44,46898,46898,31.0
2003-03-28,2808.41,46788,46788,31.0
2003-03-29,2808.40,46751,46751,30.9
2003-03-30,2808.40,46751,46751,30.9
2003-03-31,2808.40,46751,46751,30.9
2003-04-01,2808.41,46788,46788,31.0
2003-04-02,2808.41,46788,46788,31.0
2003-04-03,2808.43,46861,46861,31.0
2003-04-04,2808.41,46788,46788,31.0
2003-04-05,2808.39,46715,46715,30.9
2003-04-06,2808.39,46715,46715,30.9
2003-04-07,2808.37,46642,46642,30.9
2003-04-08,2808.35,46569,46569,30.8
2003-04-09,2808.34,46532,46532,30.8
2003-04-10,2808.33,46495,46495,30.8
2003-04-11,2808.33,46495,46495,30.8
2003-04-12,2808.32,46459,46459,30.7
2003-04-13,2808.31,46422,46422,30.7
2003-04-14,2808.31,46422,46422,30.7
2003-04-15,2808.31,46422,46422,30.7
2003-04-16,2808.26,46239,46239,30.6
2003-04-17,2808.24,46166,46166,30.6
2003-04-18,2808.23,46130,46130,30.5
2003-04-19,2808.22,46093,46093,30.5
2003-04-20,2808.18,45947,45947,30.4
2003-04-21,2808.15,45837,45837,30.3
2003-04-22,2808.13,45764,45764,30.3
2003-04-23,2808.13,45764,45764,30.3
2003-04-24,2808.09,45617,45617,30.2
2003-04-25,2808.05,45471,45471,30.1
2003-04-26,2808.04,45435,45435,30.1
2003-04-27,2808.02,45361,45361,30.0
2003-04-28,2808.00,45288,45288,30.0
2003-04-29,2807.99,45252,45252,29.9
2003-04-30,2807.98,45215,45215,29.9
2003-05-01,2807.95,45105,45105,29.8
2003-05-02,2807.93,45032,45032,29.8
2003-05-03,2807.91,44959,44959,29.8
2003-05-04,2807.90,44922,44922,29.7
2003-05-05,2807.85,44740,44740,29.6
2003-05-06,2807.81,44593,44593,29.5
2003-05-07,2807.78,44483,44483,29.4
2003-05-08,2807.76,44410,44410,29.4
2003-05-09,2807.73,44301,44301,29.3
2003-05-10,2807.70,44198,44198,29.2
2003-05-11,2807.66,44067,44067,29.2
2003-05-12,2807.64,44001,44001,29.1
2003-05-13,2807.63,43968,43968,29.1
2003-05-14,2807.63,43968,43968,29.1
2003-05-15,2807.61,43903,43903,29.1
2003-05-16,2807.57,43771,43771,29.0
2003-05-17,2807.54,43673,43673,28.9
2003-05-18,2807.53,43640,43640,28.9
2003-05-19,2807.50,43541,43541,28.8
2003-05-20,2807.47,43443,43443,28.7
2003-05-21,2807.43,43311,43311,28.7
2003-05-22,2807.42,43278,43278,28.6
2003-05-23,2807.42,43278,43278,28.6
2003-05-24,2807.41,43245,43245,28.6
2003-05-25,2807.43,43311,43311,28.7
2003-05-26,2807.78,44483,44483,29.4
2003-05-27,2807.85,44740,44740,29.6
2003-05-28,2807.86,44776,44776,29.6
2003-05-29,2807.88,44849,44849,29.7
2003-05-30,2807.89,44886,44886,29.7
2003-05-31,2807.89,44886,44886,29.7
2003-06-01,2807.87,44813,44813,29.7
2003-06-02,2807.84,44703,44703,29.6
2003-06-03,2807.81,44593,44593,29.5
2003-06-04,2807.77,44447,44447,29.4
2003-06-05,2807.75,44374,44374,29.4
2003-06-06,2807.73,44301,44301,29.3
2003-06-07,2807.69,44165,44165,29.2
2003-06-08,2807.68,44133,44133,29.2
2003-06-09,2807.66,44067,44067,29.2
2003-06-10,2807.65,44034,44034,29.1
2003-06-11,2807.63,43968,43968,29.1
2003-06-12,2807.60,43870,43870,29.0
2003-06-13,2807.57,43771,43771,29.0
2003-06-14,2807.54,43673,43673,28.9
2003-06-15,2807.51,43574,43574,28.8
2003-06-16,2807.49,43508,43508,28.8
2003-06-17,2807.47,43443,43443,28.7
2003-06-18,2807.44,43344,43344,28.7
2003-06-19,2807.42,43278,43278,28.6
2003-06-20,2807.39,43180,43180,28.6
2003-06-21,2807.37,43114,43114,28.5
2003-06-22,2807.35,43048,43048,28.5
2003-06-23,2807.31,42917,42917,28.4
2003-06-24,2807.28,42818,42818,28.3
2003-06-25,2807.28,42818,42818,28.3
2003-06-26,2807.26,42753,42753,28.3
2003-06-27,2807.24,42687,42687,28.2
2003-06-28,2807.21,42588,42588,28.2
2003-06-29,2807.19,42523,42523,28.1
2003-06-30,2807.29,42851,42851,28.4
2003-07-01,2807.40,43213,43213,28.6
2003-07-02,2807.39,43180,43180,28.6
2003-07-03,2807.37,43114,43114,28.5
2003-07-04,2807.34,43016,43016,28.5
2003-07-05,2807.31,42917,42917,28.4
2003-07-06,2807.28,42818,42818,28.3
2003-07-07,2807.27,42786,42786,28.3
2003-07-08,2807.26,42753,42753,28.3
2003-07-09,2807.23,42654,42654,28.2
2003-07-10,2807.21,42588,42588,28.2
2003-07-11,2807.18,42490,42490,28.1
2003-07-12,2807.15,42391,42391,28.1
2003-07-13,2807.12,42293,42293,28.0
2003-07-14,2807.08,42161,42161,27.9
2003-07-15,2807.04,42030,42030,27.8
2003-07-16,2807.01,41931,41931,27.7
2003-07-17,2806.99,41866,41866,27.7
2003-07-18,2806.97,41800,41800,27.7
2003-07-19,2806.94,41701,41701,27.6
2003-07-20,2806.91,41603,41603,27.5
2003-07-21,2806.89,41537,41537,27.5
2003-07-22,2806.86,41438,41438,27.4
2003-07-23,2806.83,41340,41340,27.4
2003-07-24,2806.80,41241,41241,27.3
2003-07-25,2806.77,41143,41143,27.2
2003-07-26,2806.73,41011,41011,27.1
2003-07-27,2806.69,40880,40880,27.1
2003-07-28,2806.66,40781,40781,27.0
2003-07-29,2806.64,40716,40716,26.9
2003-07-30,2806.62,40650,40650,26.9
2003-07-31,2806.59,40551,40551,26.8
2003-08-01,2806.57,40486,40486,26.8
2003-08-02,2806.54,40387,40387,26.7
2003-08-03,2806.52,40321,40321,26.7
2003-08-04,2806.51,40289,40289,26.7
2003-08-05,2806.48,40190,40190,26.6
2003-08-06,2806.45,40091,40091,26.5
2003-08-07,2806.42,39993,39993,26.5
2003-08-08,2806.39,39894,39894,26.4
2003-08-09,2806.37,39829,39829,26.4
2003-08-10,2806.39,39894,39894,26.4
2003-08-11,2806.39,39894,39894,26.4
2003-08-12,2806.37,39829,39829,26.4
2003-08-13,2806.33,39697,39697,26.3
2003-08-14,2806.29,39566,39566,26.2
2003-08-15,2806.27,39500,39500,26.1
2003-08-16,2806.26,39467,39467,26.1
2003-08-17,2806.24,39401,39401,26.1
2003-08-18,2806.22,39336,39336,26.0
2003-08-19,2806.19,39237,39237,26.0
2003-08-20,2806.16,39139,39139,25.9
2003-08-21,2806.13,39040,39040,25.8
2003-08-22,2806.11,38974,38974,25.8
2003-08-23,2806.07,38843,38843,25.7
2003-08-24,2806.05,38777,38777,25.7
2003-08-25,2806.04,38744,38744,25.6
2003-08-26,2806.01,38646,38646,25.6
2003-08-27,2805.99,38580,38580,25.5
2003-08-28,2805.97,38514,38514,25.5
2003-08-29,2805.95,38449,38449,25.4
2003-08-30,2805.94,38416,38416,25.4
2003-08-31,2805.90,38284,38284,25.3
2003-09-01,2805.87,38186,38186,25.3
2003-09-02,2805.85,38120,38120,25.2
2003-09-03,2805.83,38054,38054,25.2
2003-09-04,2805.82,38022,38022,25.2
2003-09-05,2805.80,37956,37956,25.1
2003-09-06,2805.77,37857,37857,25.1
2003-09-07,2805.75,37792,37792,25.0
2003-09-08,2805.74,37759,37759,25.0
2003-09-09,2805.72,37693,37693,24.9
2003-09-10,2805.71,37664,37664,24.9
2003-09-11,2805.69,37606,37606,24.9
2003-09-12,2805.66,37519,37519,24.8
2003-09-13,2805.65,37490,37490,24.8
2003-09-14,2805.61,37374,37374,24.7
2003-09-15,2805.58,37287,37287,24.7
2003-09-16,2805.56,37229,37229,24.6
2003-09-17,2805.53,37142,37142,24.6
2003-09-18,2805.53,37142,37142,24.6
2003-09-19,2805.49,37026,37026,24.5
2003-09-20,2805.46,36940,36940,24.4
2003-09-21,2805.45,36911,36911,24.4
2003-09-22,2805.43,36853,36853,24.4
2003-09-23,2805.41,36795,36795,24.3
2003-09-24,2805.40,36766,36766,24.3
2003-09-25,2805.40,36766,36766,24.3
2003-09-26,2805.39,36737,36737,24.3
2003-09-27,2805.39,36737,36737,24.3
2003-09-28,2805.37,36679,36679,24.3
2003-09-29,2805.35,36621,36621,24.2
2003-09-30,2805.33,36563,36563,24.2
2003-10-01,2805.74,37759,37759,25.0
2003-10-02,2805.72,37693,37693,24.9
2003-10-03,2805.70,37635,37635,24.9
2003-10-04,2805.71,37664,37664,24.9
2003-10-05,2805.70,37635,37635,24.9
2003-10-06,2805.68,37577,37577,24.9
2003-10-07,2805.67,37548,37548,24.8
2003-10-08,2805.70,37635,37635,24.9
2003-10-09,2805.83,38054,38054,25.2
2003-10-10,2805.93,38383,38383,25.4
2003-10-11,2805.95,38449,38449,25.4
2003-10-12,2806.00,38613,38613,25.6
2003-10-13,2806.01,38646,38646,25.6
2003-10-14,2805.99,38580,38580,25.5
2003-10-15,2805.97,38514,38514,25.5
2003-10-16,2805.97,38514,38514,25.5
2003-10-17,2805.95,38449,38449,25.4
2003-10-18,2805.95,38449,38449,25.4
2003-10-19,2805.94,38416,38416,25.4
2003-10-20,2805.93,38383,38383,25.4
2003-10-21,2805.92,38350,38350,25.4
2003-10-22,2805.91,38317,38317,25.4
2003-10-23,2805.89,38252,38252,25.3
2003-10-24,2805.89,38252,38252,25.3
2003-10-25,2805.88,38219,38219,25.3
2003-10-27,2805.86,38153,38153,25.2
2003-10-28,2805.86,38153,38153,25.2
2003-10-29,2805.85,38120,38120,25.2
2003-10-30,2805.83,38054,38054,25.2
2003-10-31,2805.81,37989,37989,25.1
2003-11-01,2805.81,37989,37989,25.1
2003-11-02,2805.81,37989,37989,25.1
2003-11-03,2805.81,37989,37989,25.1
2003-11-04,2805.80,37956,37956,25.1
2003-11-05,2805.78,37890,37890,25.1
2003-11-06,2805.77,37857,37857,25.1
2003-11-07,2805.76,37824,37824,25.0
2003-11-08,2805.77,37857,37857,25.1
2003-11-09,2805.77,37857,37857,25.1
2003-11-10,2805.77,37857,37857,25.1
2003-11-11,2805.78,37890,37890,25.1
2003-11-12,2805.78,37890,37890,25.1
2003-11-13,2805.76,37824,37824,25.0
2003-11-14,2805.81,37989,37989,25.1
2003-11-15,2805.84,38087,38087,25.2
2003-11-16,2805.84,38087,38087,25.2
2003-11-17,2805.86,38153,38153,25.2
2003-11-18,2805.85,38120,38120,25.2
2003-11-19,2805.83,38054,38054,25.2
2003-11-20,2805.83,38054,38054,25.2
2003-11-21,2805.83,38054,38054,25.2
2003-11-22,2805.83,38054,38054,25.2
2003-11-23,2805.85,38120,38120,25.2
2003-11-24,2806.05,38777,38777,25.7
2003-11-25,2806.33,39697,39697,26.3
2003-11-26,2806.61,40617,40617,26.9
2003-11-27,2806.87,41471,41471,27.4
2003-11-28,2807.07,42128,42128,27.9
2003-11-29,2807.18,42490,42490,28.1
2003-11-30,2807.22,42621,42621,28.2
2003-12-01,2807.25,42720,42720,28.3
2003-12-02,2807.26,42753,42753,28.3
2003-12-03,2807.28,42818,42818,28.3
2003-12-04,2807.28,42818,42818,28.3
2003-12-05,2807.28,42818,42818,28.3
2003-12-06,2807.28,42818,42818,28.3
2003-12-07,2807.30,42884,42884,28.4
2003-12-08,2807.31,42917,42917,28.4
2003-12-09,2807.31,42917,42917,28.4
2003-12-10,2807.28,42818,42818,28.3
2003-12-11,2807.29,42851,42851,28.4
2003-12-12,2807.30,42884,42884,28.4
2003-12-13,2807.29,42851,42851,28.4
2003-12-14,2807.30,42884,42884,28.4
2003-12-15,2807.33,42983,42983,28.4
2003-12-16,2807.28,42818,42818,28.3
2003-12-17,2807.28,42818,42818,28.3
2003-12-18,2807.28,42818,42818,28.3
2003-12-19,2807.29,42851,42851,28.4
2003-12-20,2807.29,42851,42851,28.4
2003-12-21,2807.30,42884,42884,28.4
2003-12-22,2807.31,42917,42917,28.4
2003-12-23,2807.30,42884,42884,28.4
2003-12-24,2807.31,42917,42917,28.4
2003-12-25,2807.32,42950,42950,28.4
2003-12-26,2807.32,42950,42950,28.4
2003-12-27,2807.33,42983,42983,28.4
2003-12-28,2807.33,42983,42983,28.4
2003-12-29,2807.32,42950,42950,28.4
2003-12-30,2807.32,42950,42950,28.4
2003-12-31,2807.34,43016,43016,28.5
2004-01-01,2807.34,43016,43016,28.5
2004-01-02,2807.35,43048,43048,28.5
2004-01-13,2807.48,43475,43475,28.8
2004-01-14,2807.47,43443,43443,28.7
2004-01-15,2807.45,43377,43377,28.7
2004-01-16,2807.51,43574,43574,28.8
2004-01-17,2807.52,43607,43607,28.9
2004-01-18,2807.48,43475,43475,28.8
2004-01-19,2807.48,43475,43475,28.8
2004-01-20,2807.51,43574,43574,28.8
2004-01-21,2807.49,43508,43508,28.8
2004-01-22,2807.52,43607,43607,28.9
2004-01-23,2807.54,43673,43673,28.9
2004-01-24,2807.59,43837,43837,29.0
2004-01-25,2807.63,43968,43968,29.1
2004-01-26,2807.56,43738,43738,28.9
2004-01-27,2807.50,43541,43541,28.8
2004-01-28,2807.50,43541,43541,28.8
2004-01-29,2807.52,43607,43607,28.9
2004-01-30,2807.55,43705,43705,28.9
2004-01-31,2807.60,43870,43870,29.0
2004-02-01,2807.62,43935,43935,29.1
2004-02-02,2807.57,43771,43771,29.0
2004-02-03,2807.61,43903,43903,29.1
2004-02-24,2807.62,43935,43935,29.1
2004-02-25,2807.62,43935,43935,29.1
2004-02-26,2807.61,43903,43903,29.1
2004-02-27,2807.62,43935,43935,29.1
2004-02-28,2807.64,44001,44001,29.1
2004-02-29,2807.67,44100,44100,29.2
2004-03-01,2807.65,44034,44034,29.1
2004-03-02,2807.66,44067,44067,29.2
2004-03-03,2807.68,44133,44133,29.2
2004-03-04,2807.72,44264,44264,29.3
2004-03-05,2807.72,44264,44264,29.3
2004-03-06,2807.69,44165,44165,29.2
2004-03-07,2807.69,44165,44165,29.2
2004-03-08,2807.69,44165,44165,29.2
2004-03-09,2807.70,44198,44198,29.2
2004-03-10,2807.71,44231,44231,29.3
2004-03-11,2807.73,44301,44301,29.3
2004-03-12,2807.77,44447,44447,29.4
2004-03-13,2807.80,44557,44557,29.5
2004-03-14,2807.83,44666,44666,29.6
2004-03-15,2807.83,44666,44666,29.6
2004-03-16,2807.85,44740,44740,29.6
2004-03-17,2807.87,44813,44813,29.7
2004-03-18,2807.88,44849,44849,29.7
2004-03-19,2807.91,44959,44959,29.8
2004-03-20,2807.91,44959,44959,29.8
2004-03-21,2807.91,44959,44959,29.8
2004-03-22,2807.90,44922,44922,29.7
2004-03-23,2807.91,44959,44959,29.8
2004-03-24,2807.92,44996,44996,29.8
2004-03-25,2807.92,44996,44996,29.8
2004-03-26,2807.93,45032,45032,29.8
2004-03-27,2807.94,45069,45069,29.8
2004-03-28,2807.93,45032,45032,29.8
2004-03-29,2807.92,44996,44996,29.8
2004-03-30,2807.91,44959,44959,29.8
2004-03-31,2807.91,44959,44959,29.8
2004-04-01,2807.91,44959,44959,29.8
2004-04-02,2807.92,44996,44996,29.8
2004-04-03,2807.94,45069,45069,29.8
2004-04-04,2808.86,48434,48434,32.1
2004-04-05,2814.77,73580,73580,48.7
2004-04-06,2816.24,80878,80878,53.5
2004-04-07,2816.61,82807,82807,54.8
2004-04-08,2816.83,83955,83955,55.6
2004-04-09,2816.90,84320,84320,55.8
2004-04-10,2816.91,84372,84372,55.8
2004-04-11,2816.91,84372,84372,55.8
2004-04-12,2816.92,84424,84424,55.9
2004-04-13,2816.92,84424,84424,55.9
2004-04-14,2816.92,84424,84424,55.9
2004-04-15,2816.93,84476,84476,55.9
2004-04-16,2816.94,84528,84528,55.9
2004-04-17,2816.93,84476,84476,55.9
2004-04-18,2816.92,84424,84424,55.9
2004-04-19,2816.91,84372,84372,55.8
2004-04-20,2816.90,84320,84320,55.8
2004-04-21,2816.88,84215,84215,55.7
2004-04-22,2816.86,84111,84111,55.7
2004-04-23,2816.84,84007,84007,55.6
2004-04-24,2816.80,83798,83798,55.5
2004-04-25,2816.79,83746,83746,55.4
2004-04-26,2816.76,83590,83590,55.3
2004-04-27,2816.75,83537,83537,55.3
2004-04-28,2816.74,83485,83485,55.2
2004-04-29,2816.72,83381,83381,55.2
2004-04-30,2816.70,83277,83277,55.1
2004-05-01,2816.67,83120,83120,55.0
2004-05-02,2816.64,82964,82964,54.9
2004-05-03,2816.64,82964,82964,54.9
2004-05-04,2816.62,82860,82860,54.8
2004-05-05,2816.60,82755,82755,54.8
2004-05-06,2816.59,82703,82703,54.7
2004-05-07,2816.58,82651,82651,54.7
2004-05-08,2816.57,82599,82599,54.7
2004-05-09,2816.56,82547,82547,54.6
2004-05-10,2816.55,82495,82495,54.6
2004-05-11,2816.53,82390,82390,54.5
2004-05-12,2816.52,82338,82338,54.5
2004-05-13,2816.50,82234,82234,54.4
2004-05-14,2816.46,82025,82025,54.3
2004-05-15,2816.39,81660,81660,54.0
2004-05-16,2816.38,81608,81608,54.0
2004-05-17,2816.30,81191,81191,53.7
2004-05-18,2816.22,80774,80774,53.5
2004-05-19,2816.13,80305,80305,53.1
2004-05-20,2816.04,79835,79835,52.8
2004-05-21,2815.96,79418,79418,52.6
2004-05-22,2815.87,78949,78949,52.2
2004-05-23,2815.76,78376,78376,51.9
2004-05-24,2815.65,77829,77829,51.5
2004-05-25,2815.52,77201,77201,51.1
2004-05-26,2815.41,76670,76670,50.7
2004-05-27,2815.28,76042,76042,50.3
2004-05-28,2815.14,75366,75366,49.9
2004-05-29,2815.02,74787,74787,49.5
2004-05-30,2814.86,74014,74014,49.0
2004-05-31,2814.73,73387,73387,48.6
2004-06-01,2814.61,72807,72807,48.2
2004-06-02,2814.48,72180,72180,47.8
2004-06-03,2814.34,71504,71504,47.3
2004-06-04,2814.22,70924,70924,46.9
2004-06-05,2814.09,70297,70297,46.5
2004-06-06,2813.94,69572,69572,46.0
2004-06-07,2813.81,68945,68945,45.6
2004-06-08,2813.67,68289,68289,45.2
2004-06-09,2813.54,67714,67714,44.8
2004-06-10,2813.40,67095,67095,44.4
2004-06-11,2813.25,66432,66432,44.0
2004-06-12,2813.10,65769,65769,43.5
2004-06-13,2812.95,65106,65106,43.1
2004-06-14,2812.81,64487,64487,42.7
2004-06-15,2812.66,63824,63824,42.2
2004-06-16,2812.51,63161,63161,41.8
2004-06-17,2812.38,62586,62586,41.4
2004-06-18,2812.23,61923,61923,41.0
2004-06-19,2812.10,61348,61348,40.6
2004-06-20,2811.95,60685,60685,40.2
2004-06-21,2811.82,60110,60110,39.8
2004-06-22,2811.68,59506,59506,39.4
2004-06-23,2811.53,58900,58900,39.0
2004-06-24,2811.39,58333,58333,38.6
2004-06-25,2811.27,57848,57848,38.3
2004-06-26,2811.15,57363,57363,38.0
2004-06-27,2811.02,56837,56837,37.6
2004-06-28,2810.89,56311,56311,37.3
2004-06-29,2810.79,55907,55907,37.0
2004-06-30,2810.76,55786,55786,36.9
2004-07-01,2810.76,55786,55786,36.9
2004-07-02,2810.69,55503,55503,36.7
2004-07-03,2810.62,55220,55220,36.5
2004-07-04,2810.54,54896,54896,36.3
2004-07-05,2810.46,54573,54573,36.1
2004-07-06,2810.44,54492,54492,36.1
2004-07-07,2810.42,54411,54411,36.0
2004-07-08,2810.41,54370,54370,36.0
2004-07-09,2810.39,54289,54289,35.9
2004-07-10,2810.38,54249,54249,35.9
2004-07-11,2810.36,54168,54168,35.8
2004-07-12,2810.39,54289,54289,35.9
2004-07-13,2810.39,54289,54289,35.9
2004-07-22,2810.31,53966,53966,35.7
2004-07-26,2810.49,54694,54694,36.2
2004-07-27,2810.60,55139,55139,36.5
2004-07-28,2810.79,55907,55907,37.0
2004-07-29,2810.86,56190,56190,37.2
2004-07-30,2810.88,56271,56271,37.2
2004-07-31,2810.89,56311,56311,37.3
2004-08-01,2810.89,56311,56311,37.3
2004-08-02,2810.88,56271,56271,37.2
2004-08-03,2810.87,56231,56231,37.2
2004-08-04,2810.86,56190,56190,37.2
2004-08-05,2810.84,56109,56109,37.1
2004-08-06,2810.83,56069,56069,37.1
2004-08-07,2810.82,56028,56028,37.1
2004-08-08,2810.80,55948,55948,37.0
2004-08-09,2810.78,55867,55867,37.0
2004-08-10,2810.76,55786,55786,36.9
2004-08-11,2810.74,55705,55705,36.9
2004-08-12,2810.71,55584,55584,36.8
2004-08-13,2810.76,55786,55786,36.9
2004-08-14,2810.85,56150,56150,37.2
2004-08-15,2810.94,56514,56514,37.4
2004-08-16,2810.98,56675,56675,37.5
2004-08-17,2811.05,56959,56959,37.7
2004-08-18,2811.09,57120,57120,37.8
2004-08-19,2811.13,57282,57282,37.9
2004-08-20,2811.14,57322,57322,37.9
2004-08-21,2811.13,57282,57282,37.9
2004-08-22,2811.12,57242,57242,37.9
2004-08-23,2811.12,57242,57242,37.9
2004-08-24,2811.10,57161,57161,37.8
2004-08-25,2811.01,56797,56797,37.6
2004-08-26,2810.91,56392,56392,37.3
2004-08-27,2810.81,55988,55988,37.1
2004-08-28,2810.72,55624,55624,36.8
2004-08-29,2810.60,55139,55139,36.5
2004-08-30,2810.53,54856,54856,36.3
2004-08-31,2810.45,54532,54532,36.1
2004-09-01,2810.49,54694,54694,36.2
2004-09-02,2810.47,54613,54613,36.1
2004-09-03,2810.41,54370,54370,36.0
2004-09-04,2810.33,54047,54047,35.8
2004-09-05,2810.27,53804,53804,35.6
2004-09-06,2810.19,53481,53481,35.4
2004-09-07,2810.07,52995,52995,35.1
2004-09-08,2809.97,52591,52591,34.8
2004-09-09,2809.87,52187,52187,34.5
2004-09-10,2809.78,51823,51823,34.3
2004-09-11,2809.69,51470,51470,34.1
2004-09-12,2809.59,51104,51104,33.8
2004-09-13,2809.50,50775,50775,33.6
2004-09-14,2809.41,50446,50446,33.4
2004-09-15,2809.35,50227,50227,33.2
2004-09-16,2809.28,49970,49970,33.1
2004-09-17,2809.21,49714,49714,32.9
2004-09-18,2809.14,49458,49458,32.7
2004-09-19,2809.08,49239,49239,32.6
2004-09-20,2809.05,49129,49129,32.5
2004-09-21,2809.04,49093,49093,32.5
2004-09-22,2809.26,49897,49897,33.0
2004-09-23,2809.34,50190,50190,33.2
2004-09-24,2809.40,50409,50409,33.4
2004-09-25,2809.86,52146,52146,34.5
2004-09-26,2810.81,55988,55988,37.1
2004-09-27,2811.78,59933,59933,39.7
2004-09-28,2812.03,61039,61039,40.4
2004-09-29,2812.39,62630,62630,41.4
2004-09-30,2812.77,64310,64310,42.6
2004-10-01,2813.49,67493,67493,44.7
2004-10-02,2813.90,69379,69379,45.9
2004-10-03,2814.08,70248,70248,46.5
2004-10-04,2814.15,70586,70586,46.7
2004-10-05,2814.30,71311,71311,47.2
2004-10-06,2815.21,75704,75704,50.1
2004-10-07,2815.62,77684,77684,51.4
2004-10-08,2815.75,78323,78323,51.8
2004-10-09,2815.86,78897,78897,52.2
2004-10-10,2815.89,79053,79053,52.3
2004-10-11,2815.91,79158,79158,52.4
2004-10-12,2815.93,79262,79262,52.5
2004-10-13,2815.97,79470,79470,52.6
2004-10-14,2815.95,79366,79366,52.5
2004-10-15,2815.96,79418,79418,52.6
2004-10-16,2815.95,79366,79366,52.5
2004-10-17,2815.96,79418,79418,52.6
2004-10-18,2815.97,79470,79470,52.6
2004-10-19,2815.96,79418,79418,52.6
2004-10-20,2815.96,79418,79418,52.6
2004-10-21,2815.97,79470,79470,52.6
2004-10-22,2815.98,79523,79523,52.6
2004-10-23,2815.99,79575,79575,52.7
2004-10-24,2815.99,79575,79575,52.7
2004-10-25,2816.00,79627,79627,52.7
2004-10-26,2816.01,79679,79679,52.7
2004-10-27,2816.01,79679,79679,52.7
2004-10-28,2816.01,79679,79679,52.7
2004-10-29,2816.02,79731,79731,52.8
2004-10-30,2816.01,79679,79679,52.7
2004-10-31,2816.01,79679,79679,52.7
2004-11-01,2816.05,79888,79888,52.9
2004-11-02,2816.08,80044,80044,53.0
2004-11-03,2816.03,79783,79783,52.8
2004-11-04,2816.14,80357,80357,53.2
2004-11-05,2816.28,81087,81087,53.7
2004-11-06,2816.44,81921,81921,54.2
2004-11-07,2816.61,82807,82807,54.8
2004-11-08,2816.76,83590,83590,55.3
2004-11-09,2816.92,84424,84424,55.9
2004-11-10,2817.10,85362,85362,56.5
2004-11-11,2817.26,86197,86197,57.0
2004-11-12,2817.41,86979,86979,57.6
2004-11-13,2817.59,87917,87917,58.2
2004-11-14,2817.80,89045,89045,58.9
2004-11-15,2818.15,91012,91012,60.2
2004-11-16,2818.50,92980,92980,61.5
2004-11-17,2818.74,94329,94329,62.4
2004-11-18,2818.95,95509,95509,63.2
2004-11-19,2819.13,96521,96521,63.9
2004-11-20,2819.32,97589,97589,64.6
2004-11-21,2819.49,98545,98545,65.2
2004-11-22,2819.66,99501,99501,65.8
2004-11-23,2819.91,100990,100990,66.8
2004-11-24,2820.10,102142,102142,67.6
2004-11-25,2820.28,103233,103233,68.3
2004-11-26,2820.47,104385,104385,69.1
2004-11-27,2820.59,105113,105113,69.6
2004-11-28,2820.75,106083,106083,70.2
2004-11-29,2820.91,107053,107053,70.8
2004-11-30,2821.01,107659,107659,71.2
2004-12-01,2821.06,107962,107962,71.4
2004-12-02,2821.09,108144,108144,71.6
2004-12-03,2821.09,108144,108144,71.6
2004-12-04,2821.11,108266,108266,71.6
2004-12-05,2821.13,108387,108387,71.7
2004-12-06,2821.17,108629,108629,71.9
2004-12-07,2821.15,108508,108508,71.8
2004-12-08,2821.17,108629,108629,71.9
2004-12-09,2821.18,108690,108690,71.9
2004-12-10,2821.17,108629,108629,71.9
2004-12-11,2821.18,108690,108690,71.9
2004-12-12,2821.20,108811,108811,72.0
2004-12-13,2821.19,108751,108751,72.0
2004-12-14,2821.19,108751,108751,72.0
2004-12-15,2821.20,108811,108811,72.0
2004-12-16,2821.22,108933,108933,72.1
2004-12-17,2821.22,108933,108933,72.1
2004-12-18,2821.24,109054,109054,72.2
2004-12-19,2821.23,108993,108993,72.1
2004-12-20,2821.25,109114,109114,72.2
2004-12-21,2821.26,109175,109175,72.2
2004-12-22,2821.26,109175,109175,72.2
2004-12-23,2821.27,109236,109236,72.3
2004-12-24,2821.29,109357,109357,72.4
2004-12-25,2821.30,109418,109418,72.4
2004-12-26,2821.31,109478,109478,72.4
2004-12-27,2821.33,109599,109599,72.5
2004-12-28,2821.34,109660,109660,72.6
2004-12-29,2821.36,109781,109781,72.6
2004-12-30,2821.37,109842,109842,72.7
2004-12-31,2821.35,109721,109721,72.6
2005-01-01,2821.34,109660,109660,72.6
2005-01-02,2821.33,109599,109599,72.5
2005-01-03,2821.33,109599,109599,72.5
2005-01-04,2821.35,109721,109721,72.6
2005-01-05,2821.39,109963,109963,72.8
2005-01-06,2821.38,109903,109903,72.7
2005-01-07,2821.40,110024,110024,72.8
2005-01-08,2821.41,110084,110084,72.9
2005-01-09,2821.43,110206,110206,72.9
2005-01-10,2821.45,110327,110327,73.0
2005-01-11,2821.46,110388,110388,73.1
2005-01-12,2821.46,110388,110388,73.1
2005-01-13,2821.46,110388,110388,73.1
2005-01-14,2821.47,110448,110448,73.1
2005-01-15,2821.48,110509,110509,73.1
2005-01-16,2821.48,110509,110509,73.1
2005-01-17,2821.49,110570,110570,73.2
2005-01-18,2821.51,110691,110691,73.3
2005-01-19,2821.52,110751,110751,73.3
2005-01-20,2821.53,110812,110812,73.3
2005-01-21,2821.55,110933,110933,73.4
2005-01-22,2821.56,110994,110994,73.5
2005-01-23,2821.55,110933,110933,73.4
2005-01-24,2821.57,111055,111055,73.5
2005-01-25,2821.59,111176,111176,73.6
2005-01-26,2821.60,111236,111236,73.6
2005-01-27,2821.62,111358,111358,73.7
2005-01-28,2821.65,111540,111540,73.8
2005-01-29,2821.65,111540,111540,73.8
2005-01-30,2821.67,111661,111661,73.9
2005-01-31,2821.68,111721,111721,73.9
2005-02-01,2821.69,111782,111782,74.0
2005-02-02,2821.71,111903,111903,74.1
2005-02-03,2821.72,111964,111964,74.1
2005-02-04,2821.73,112029,112029,74.1
2005-02-05,2821.75,112159,112159,74.2
2005-02-06,2821.82,112613,112613,74.5
2005-02-07,2821.82,112613,112613,74.5
2005-02-08,2821.84,112743,112743,74.6
2005-02-09,2821.86,112873,112873,74.7
2005-02-10,2821.86,112873,112873,74.7
2005-02-11,2821.88,113003,113003,74.8
2005-02-12,2821.90,113133,113133,74.9
2005-02-13,2821.93,113328,113328,75.0
2005-02-14,2821.93,113328,113328,75.0
2005-02-15,2821.94,113392,113392,75.0
2005-02-16,2821.94,113392,113392,75.0
2005-02-17,2821.94,113392,113392,75.0
2005-02-18,2821.95,113457,113457,75.1
2005-02-19,2821.98,113652,113652,75.2
2005-02-20,2822.00,113782,113782,75.3
2005-02-21,2822.02,113912,113912,75.4
2005-02-22,2822.07,114237,114237,75.6
2005-02-23,2822.10,114431,114431,75.7
2005-02-24,2822.16,114821,114821,76.0
2005-02-25,2822.23,115275,115275,76.3
2005-02-26,2822.28,115600,115600,76.5
2005-02-27,2822.34,115990,115990,76.8
2005-02-28,2822.39,116314,116314,77.0
2005-03-01,2822.44,116639,116639,77.2
2005-03-02,2822.48,116899,116899,77.4
2005-03-03,2822.51,117093,117093,77.5
2005-03-04,2822.54,117288,117288,77.6
2005-03-05,2822.57,117483,117483,77.7
2005-03-06,2822.60,117678,117678,77.9
2005-03-07,2822.64,117938,117938,78.0
2005-03-08,2822.66,118067,118067,78.1
2005-03-09,2822.69,118262,118262,78.3
2005-03-10,2822.68,118197,118197,78.2
2005-03-11,2822.68,118197,118197,78.2
2005-03-12,2822.70,118327,118327,78.3
2005-03-13,2822.69,118262,118262,78.3
2005-03-14,2822.67,118132,118132,78.2
2005-03-15,2822.68,118197,118197,78.2
2005-03-16,2822.68,118197,118197,78.2
2005-03-17,2822.67,118132,118132,78.2
2005-03-18,2822.69,118262,118262,78.3
2005-03-19,2822.77,118782,118782,78.6
2005-03-20,2822.89,119561,119561,79.1
2005-03-21,2823.01,120340,120340,79.6
2005-03-22,2823.11,120989,120989,80.1
2005-03-23,2823.24,121833,121833,80.6
2005-03-24,2823.39,122807,122807,81.3
2005-03-25,2823.46,123262,123262,81.6
2005-03-26,2823.50,123522,123522,81.7
2005-03-27,2823.51,123586,123586,81.8
2005-03-28,2823.51,123586,123586,81.8
2005-03-29,2823.52,123651,123651,81.8
2005-03-31,2823.51,123586,123586,81.8
2005-04-01,2823.48,123392,123392,81.7
2005-04-02,2823.47,123327,123327,81.6
2005-04-03,2823.48,123392,123392,81.7
2005-04-04,2823.49,123457,123457,81.7
2005-04-05,2823.47,123327,123327,81.6
2005-04-06,2823.43,123067,123067,81.4
2005-04-07,2823.40,122872,122872,81.3
2005-04-08,2823.40,122872,122872,81.3
2005-04-09,2823.41,122937,122937,81.4
2005-04-10,2823.40,122872,122872,81.3
2005-04-11,2823.37,122677,122677,81.2
2005-04-12,2823.36,122613,122613,81.1
2005-04-13,2823.35,122548,122548,81.1
2005-04-14,2823.33,122418,122418,81.0
2005-04-15,2823.32,122353,122353,81.0
2005-04-16,2823.30,122223,122223,80.9
2005-04-17,2823.30,122223,122223,80.9
2005-04-18,2823.33,122418,122418,81.0
2005-04-19,2823.35,122548,122548,81.1
2005-04-20,2823.37,122677,122677,81.2
2005-04-21,2823.36,122613,122613,81.1
2005-04-22,2823.35,122548,122548,81.1
2005-04-23,2823.31,122288,122288,80.9
2005-04-24,2823.29,122158,122158,80.8
2005-04-25,2823.30,122223,122223,80.9
2005-04-26,2823.28,122093,122093,80.8
2005-04-27,2823.28,122093,122093,80.8
2005-04-28,2823.27,122028,122028,80.8
2005-04-29,2823.27,122028,122028,80.8
2005-04-30,2823.23,121768,121768,80.6
2005-05-01,2823.23,121768,121768,80.6
2005-05-02,2823.22,121704,121704,80.5
2005-05-03,2823.21,121639,121639,80.5
2005-05-04,2823.22,121704,121704,80.5
2005-05-05,2823.23,121768,121768,80.6
2005-05-06,2823.25,121898,121898,80.7
2005-05-07,2823.26,121963,121963,80.7
2005-05-08,2823.24,121833,121833,80.6
2005-05-09,2823.22,121704,121704,80.5
2005-05-10,2823.20,121574,121574,80.5
2005-05-11,2823.19,121509,121509,80.4
2005-05-12,2823.18,121444,121444,80.4
2005-05-13,2823.15,121249,121249,80.2
2005-05-14,2823.11,120989,120989,80.1
2005-05-16,2823.14,121184,121184,80.2
2005-05-17,2823.15,121249,121249,80.2
2005-05-18,2823.14,121184,121184,80.2
2005-05-19,2823.09,120859,120859,80.0
2005-05-20,2823.04,120535,120535,79.8
2005-05-21,2822.98,120145,120145,79.5
2005-05-22,2822.92,119756,119756,79.3
2005-05-23,2822.85,119301,119301,78.9
2005-05-24,2822.78,118847,118847,78.6
2005-05-25,2822.71,118392,118392,78.3
2005-05-27,2822.58,117548,117548,77.8
2005-05-28,2822.68,118197,118197,78.2
2005-05-29,2822.72,118457,118457,78.4
2005-05-30,2822.74,118587,118587,78.5
2005-05-31,2822.73,118522,118522,78.4
2005-06-01,2822.69,118262,118262,78.3
2005-06-02,2822.65,118002,118002,78.1
2005-06-03,2822.65,118002,118002,78.1
2005-06-04,2822.60,117678,117678,77.9
2005-06-05,2822.53,117223,117223,77.6
2005-06-06,2822.46,116769,116769,77.3
2005-06-07,2822.42,116509,116509,77.1
2005-06-08,2822.36,116120,116120,76.8
2005-06-09,2822.29,115665,115665,76.5
2005-06-10,2822.22,115211,115211,76.2
2005-06-11,2822.14,114691,114691,75.9
2005-06-12,2822.07,114237,114237,75.6
2005-06-13,2821.99,113717,113717,75.3
2005-06-14,2821.91,113198,113198,74.9
2005-06-15,2821.83,112678,112678,74.6
2005-06-16,2821.75,112159,112159,74.2
2005-06-17,2821.69,111782,111782,74.0
2005-06-18,2821.63,111418,111418,73.7
2005-06-19,2821.57,111055,111055,73.5
2005-06-20,2821.49,110570,110570,73.2
2005-06-21,2821.43,110206,110206,72.9
2005-06-22,2821.35,109721,109721,72.6
2005-06-23,2821.28,109296,109296,72.3
2005-06-24,2821.20,108811,108811,72.0
2005-06-25,2821.11,108266,108266,71.6
2005-06-26,2821.03,107781,107781,71.3
2005-06-27,2820.95,107295,107295,71.0
2005-06-28,2820.87,106810,106810,70.7
2005-06-29,2820.79,106325,106325,70.4
2005-06-30,2820.71,105840,105840,70.0
2005-07-01,2820.64,105416,105416,69.8
2005-07-02,2820.57,104992,104992,69.5
2005-07-03,2820.48,104446,104446,69.1
2005-07-04,2820.40,103961,103961,68.8
2005-07-05,2820.28,103233,103233,68.3
2005-07-06,2820.18,102627,102627,67.9
2005-07-07,2820.12,102263,102263,67.7
2005-07-08,2820.03,101718,101718,67.3
2005-07-09,2819.93,101111,101111,66.9
2005-07-10,2819.85,100626,100626,66.6
2005-07-11,2819.77,100141,100141,66.3
2005-07-12,2819.69,99669,99669,66.0
2005-07-13,2819.59,99107,99107,65.6
2005-07-14,2819.48,98489,98489,65.2
2005-07-15,2819.35,97758,97758,64.7
2005-07-16,2819.22,97027,97027,64.2
2005-07-17,2819.09,96296,96296,63.7
2005-07-18,2818.95,95509,95509,63.2
2005-07-19,2818.81,94722,94722,62.7
2005-07-20,2818.67,93935,93935,62.2
2005-07-21,2818.52,93092,93092,61.6
2005-07-22,2818.40,92418,92418,61.2
2005-07-23,2818.28,91743,91743,60.7
2005-07-24,2818.14,90956,90956,60.2
2005-07-25,2818.01,90225,90225,59.7
2005-07-26,2817.89,89551,89551,59.3
2005-07-27,2817.76,88820,88820,58.8
2005-07-28,2817.64,88178,88178,58.4
2005-07-29,2817.54,87656,87656,58.0
2005-07-30,2817.43,87083,87083,57.6
2005-07-31,2817.32,86509,86509,57.2
2005-08-01,2817.22,85988,85988,56.9
2005-08-02,2817.12,85467,85467,56.6
2005-08-03,2817.05,85102,85102,56.3
2005-08-05,2816.88,84215,84215,55.7
2005-08-06,2816.87,84163,84163,55.7
2005-08-07,2816.83,83955,83955,55.6
2005-08-08,2816.79,83746,83746,55.4
2005-08-09,2816.75,83537,83537,55.3
2005-08-10,2816.72,83381,83381,55.2
2005-08-11,2816.69,83225,83225,55.1
2005-08-12,2816.68,83172,83172,55.0
2005-08-13,2816.72,83381,83381,55.2
2005-08-14,2816.81,83850,83850,55.5
2005-08-15,2817.02,84945,84945,56.2
2005-08-16,2817.17,85727,85727,56.7
2005-08-17,2817.24,86092,86092,57.0
2005-08-18,2817.27,86249,86249,57.1
2005-08-19,2817.27,86249,86249,57.1
2005-08-20,2817.28,86301,86301,57.1
2005-08-21,2817.30,86405,86405,57.2
2005-08-22,2817.32,86509,86509,57.2
2005-08-23,2817.34,86614,86614,57.3
2005-08-24,2817.35,86666,86666,57.4
2005-08-25,2817.35,86666,86666,57.4
2005-08-26,2817.35,86666,86666,57.4
2005-08-27,2817.34,86614,86614,57.3
2005-08-28,2817.32,86509,86509,57.2
2005-08-29,2817.30,86405,86405,57.2
2005-08-30,2817.29,86353,86353,57.1
2005-08-31,2817.30,86405,86405,57.2
2005-09-01,2817.28,86301,86301,57.1
2005-09-02,2817.27,86249,86249,57.1
2005-09-03,2817.23,86040,86040,56.9
2005-09-04,2817.20,85884,85884,56.8
2005-09-05,2817.19,85832,85832,56.8
2005-09-06,2817.19,85832,85832,56.8
2005-09-07,2817.17,85727,85727,56.7
2005-09-08,2817.14,85571,85571,56.6
2005-09-09,2817.12,85467,85467,56.6
2005-09-10,2817.10,85362,85362,56.5
2005-09-11,2817.08,85258,85258,56.4
2005-09-12,2817.07,85206,85206,56.4
2005-09-13,2817.06,85154,85154,56.4
2005-09-14,2817.05,85102,85102,56.3
2005-09-15,2817.03,84997,84997,56.2
2005-09-16,2817.00,84841,84841,56.1
2005-09-17,2816.99,84789,84789,56.1
2005-09-18,2816.99,84789,84789,56.1
2005-09-19,2816.97,84684,84684,56.0
2005-09-20,2816.96,84632,84632,56.0
2005-09-21,2816.95,84580,84580,56.0
2005-09-22,2816.94,84528,84528,55.9
2005-09-23,2816.89,84267,84267,55.8
2005-09-24,2816.82,83902,83902,55.5
2005-09-25,2816.76,83590,83590,55.3
2005-09-26,2816.70,83277,83277,55.1
2005-09-27,2816.63,82912,82912,54.9
2005-09-28,2816.57,82599,82599,54.7
2005-09-29,2816.49,82182,82182,54.4
2005-09-30,2816.42,81817,81817,54.1
2005-10-02,2816.28,81087,81087,53.7
2005-10-03,2816.22,80774,80774,53.5
2005-10-04,2816.16,80461,80461,53.2
2005-10-05,2816.11,80200,80200,53.1
2005-10-06,2816.23,80826,80826,53.5
2005-10-07,2816.25,80930,80930,53.6
2005-10-08,2816.26,80983,80983,53.6
2005-10-09,2816.30,81191,81191,53.7
2005-10-10,2816.38,81608,81608,54.0
2005-10-11,2816.39,81660,81660,54.0
2005-10-12,2816.41,81765,81765,54.1
2005-10-13,2816.43,81869,81869,54.2
2005-10-14,2816.45,81973,81973,54.2
2005-10-15,2816.47,82077,82077,54.3
2005-10-16,2816.51,82286,82286,54.5
2005-10-17,2816.52,82338,82338,54.5
2005-10-18,2816.54,82442,82442,54.6
2005-10-19,2816.55,82495,82495,54.6
2005-10-20,2816.55,82495,82495,54.6
2005-10-21,2816.55,82495,82495,54.6
2005-10-22,2816.56,82547,82547,54.6
2005-10-24,2816.54,82442,82442,54.6
2005-10-25,2816.55,82495,82495,54.6
2005-10-26,2816.56,82547,82547,54.6
2005-10-27,2816.57,82599,82599,54.7
2005-10-28,2816.57,82599,82599,54.7
2005-10-29,2816.59,82703,82703,54.7
2005-10-30,2816.60,82755,82755,54.8
2005-10-31,2816.61,82807,82807,54.8
2005-11-01,2816.61,82807,82807,54.8
2005-11-02,2816.62,82860,82860,54.8
2005-11-03,2816.64,82964,82964,54.9
2005-11-04,2816.66,83068,83068,55.0
2005-11-05,2816.66,83068,83068,55.0
2005-11-06,2816.66,83068,83068,55.0
2005-11-07,2816.67,83120,83120,55.0
2005-11-08,2816.68,83172,83172,55.0
2005-11-09,2816.69,83225,83225,55.1
2005-11-10,2816.68,83172,83172,55.0
2005-11-11,2816.69,83225,83225,55.1
2005-11-12,2816.71,83329,83329,55.1
2005-11-13,2816.71,83329,83329,55.1
2005-11-14,2816.69,83225,83225,55.1
2005-11-15,2816.70,83277,83277,55.1
2005-11-16,2816.68,83172,83172,55.0
2005-11-17,2816.79,83746,83746,55.4
2005-11-18,2816.96,84632,84632,56.0
2005-11-19,2817.13,85519,85519,56.6
2005-11-20,2817.30,86405,86405,57.2
2005-11-21,2817.48,87344,87344,57.8
2005-11-22,2817.65,88230,88230,58.4
2005-11-23,2817.83,89213,89213,59.0
2005-11-24,2818.01,90225,90225,59.7
2005-11-25,2818.19,91237,91237,60.4
2005-11-26,2818.37,92249,92249,61.0
2005-11-27,2818.58,93429,93429,61.8
2005-11-28,2818.69,94048,94048,62.2
2005-11-29,2818.84,94891,94891,62.8
2005-11-30,2819.01,95847,95847,63.4
2005-12-01,2819.16,96690,96690,64.0
2005-12-02,2819.34,97702,97702,64.7
2005-12-03,2819.41,98095,98095,64.9
2005-12-04,2819.53,98770,98770,65.4
2005-12-05,2819.70,99726,99726,66.0
2005-12-06,2819.86,100687,100687,66.6
2005-12-07,2820.03,101718,101718,67.3
2005-12-08,2820.18,102627,102627,67.9
2005-12-09,2820.35,103658,103658,68.6
2005-12-10,2820.53,104749,104749,69.3
2005-12-11,2820.69,105719,105719,70.0
2005-12-12,2820.86,106750,106750,70.6
2005-12-13,2821.03,107781,107781,71.3
2005-12-14,2821.19,108751,108751,72.0
2005-12-15,2821.34,109660,109660,72.6
2005-12-16,2821.50,110630,110630,73.2
2005-12-17,2821.66,111600,111600,73.9
2005-12-18,2821.82,112613,112613,74.5
2005-12-19,2821.98,113652,113652,75.2
2005-12-20,2822.16,114821,114821,76.0
2005-12-21,2822.30,115730,115730,76.6
2005-12-22,2822.47,116834,116834,77.3
2005-12-23,2822.64,117938,117938,78.0
2005-12-24,2822.79,118912,118912,78.7
2005-12-25,2822.95,119950,119950,79.4
2005-12-26,2823.10,120924,120924,80.0
2005-12-27,2823.17,121379,121379,80.3
2005-12-28,2823.18,121444,121444,80.4
2005-12-29,2823.20,121574,121574,80.5
2005-12-30,2823.21,121639,121639,80.5
2005-12-31,2823.23,121768,121768,80.6
2006-01-02,2823.22,121704,121704,80.5
2006-01-03,2823.23,121768,121768,80.6
2006-01-04,2823.23,121768,121768,80.6
2006-01-05,2823.24,121833,121833,80.6
2006-01-06,2823.24,121833,121833,80.6
2006-01-07,2823.27,122028,122028,80.8
2006-01-08,2823.29,122158,122158,80.8
2006-01-09,2823.31,122288,122288,80.9
2006-01-10,2823.31,122288,122288,80.9
2006-01-11,2823.33,122418,122418,81.0
2006-01-12,2823.34,122483,122483,81.1
2006-01-13,2823.33,122418,122418,81.0
2006-01-14,2823.34,122483,122483,81.1
2006-01-17,2823.36,122613,122613,81.1
2006-01-18,2823.38,122742,122742,81.2
2006-01-19,2823.39,122807,122807,81.3
2006-01-20,2823.40,122872,122872,81.3
2006-01-21,2823.39,122807,122807,81.3
2006-01-22,2823.41,122937,122937,81.4
2006-01-23,2823.41,122937,122937,81.4
2006-01-24,2823.42,123002,123002,81.4
2006-01-25,2823.43,123067,123067,81.4
2006-01-26,2823.43,123067,123067,81.4
2006-01-27,2823.46,123262,123262,81.6
2006-01-28,2823.48,123392,123392,81.7
2006-01-30,2823.47,123327,123327,81.6
2006-01-31,2823.47,123327,123327,81.6
2006-02-01,2823.50,123522,123522,81.7
2006-02-02,2823.50,123522,123522,81.7
2006-02-03,2823.51,123586,123586,81.8
2006-02-04,2823.51,123586,123586,81.8
2006-02-08,2823.49,123457,123457,81.7
2006-02-09,2823.49,123457,123457,81.7
2006-02-10,2823.50,123522,123522,81.7
2006-02-11,2823.49,123457,123457,81.7
2006-02-12,2823.49,123457,123457,81.7
2006-02-13,2823.50,123522,123522,81.7
2006-02-14,2823.50,123522,123522,81.7
2006-02-15,2823.52,123651,123651,81.8
2006-02-16,2823.52,123651,123651,81.8
2006-02-17,2823.48,123392,123392,81.7
2006-02-18,2823.46,123262,123262,81.6
2006-02-19,2823.45,123197,123197,81.5
2006-02-20,2823.45,123197,123197,81.5
2006-02-21,2823.45,123197,123197,81.5
2006-02-22,2823.45,123197,123197,81.5
2006-02-23,2823.44,123132,123132,81.5
2006-02-24,2823.47,123327,123327,81.6
2006-02-25,2823.50,123522,123522,81.7
2006-02-26,2823.50,123522,123522,81.7
2006-02-27,2823.52,123651,123651,81.8
2006-02-28,2823.53,123716,123716,81.9
2006-03-01,2823.55,123846,123846,82.0
2006-03-02,2823.56,123911,123911,82.0
2006-03-03,2823.56,123911,123911,82.0
2006-03-04,2823.58,124041,124041,82.1
2006-03-05,2823.59,124106,124106,82.1
2006-03-06,2823.60,124171,124171,82.2
2006-03-07,2823.60,124171,124171,82.2
2006-03-08,2823.58,124041,124041,82.1
2006-03-09,2823.54,123781,123781,81.9
2006-03-10,2823.49,123457,123457,81.7
2006-03-11,2823.46,123262,123262,81.6
2006-03-12,2823.43,123067,123067,81.4
2006-03-13,2823.40,122872,122872,81.3
2006-03-14,2823.39,122807,122807,81.3
2006-03-15,2823.37,122677,122677,81.2
2006-03-16,2823.36,122613,122613,81.1
2006-03-17,2823.34,122483,122483,81.1
2006-03-18,2823.32,122353,122353,81.0
2006-03-19,2823.34,122483,122483,81.1
2006-03-21,2823.35,122548,122548,81.1
2006-03-22,2823.34,122483,122483,81.1
2006-03-23,2823.33,122418,122418,81.0
2006-03-24,2823.32,122353,122353,81.0
2006-03-25,2823.32,122353,122353,81.0
2006-03-26,2823.30,122223,122223,80.9
2006-03-27,2823.30,122223,122223,80.9
2006-03-28,2823.29,122158,122158,80.8
2006-03-29,2823.30,122223,122223,80.9
2006-03-30,2823.29,122158,122158,80.8
2006-03-31,2823.27,122028,122028,80.8
2006-04-01,2823.26,121963,121963,80.7
2006-04-02,2823.26,121963,121963,80.7
2006-04-03,2823.25,121898,121898,80.7
2006-04-04,2823.24,121833,121833,80.6
2006-04-05,2823.23,121768,121768,80.6
2006-04-07,2823.19,121509,121509,80.4
2006-04-08,2823.16,121314,121314,80.3
2006-04-09,2823.14,121184,121184,80.2
2006-04-10,2823.14,121184,121184,80.2
2006-04-11,2823.12,121054,121054,80.1
2006-04-12,2823.11,120989,120989,80.1
2006-04-13,2823.11,120989,120989,80.1
2006-04-14,2823.10,120924,120924,80.0
2006-04-15,2823.08,120794,120794,79.9
2006-04-16,2823.05,120600,120600,79.8
2006-04-17,2823.03,120470,120470,79.7
2006-04-18,2822.99,120210,120210,79.6
2006-04-19,2822.96,120015,120015,79.4
2006-04-20,2822.92,119756,119756,79.3
2006-04-21,2822.88,119496,119496,79.1
2006-04-22,2822.83,119171,119171,78.9
2006-04-23,2822.79,118912,118912,78.7
2006-04-24,2822.73,118522,118522,78.4
2006-04-25,2822.65,118002,118002,78.1
2006-04-26,2822.58,117548,117548,77.8
2006-04-27,2822.52,117158,117158,77.5
2006-04-28,2822.50,117029,117029,77.4
2006-04-30,2822.32,115860,115860,76.7
2006-05-01,2822.26,115470,115470,76.4
2006-05-02,2822.23,115275,115275,76.3
2006-05-03,2822.16,114821,114821,76.0
2006-05-04,2822.15,114756,114756,75.9
2006-05-05,2822.20,115081,115081,76.2
2006-05-06,2822.25,115405,115405,76.4
2006-05-07,2822.30,115730,115730,76.6
2006-05-08,2822.33,115925,115925,76.7
2006-05-09,2822.26,115470,115470,76.4
2006-05-10,2822.16,114821,114821,76.0
2006-05-11,2822.04,114042,114042,75.5
2006-05-12,2821.95,113457,113457,75.1
2006-05-13,2821.85,112808,112808,74.7
2006-05-14,2821.75,112159,112159,74.2
2006-05-15,2821.62,111358,111358,73.7
2006-05-16,2821.52,110751,110751,73.3
2006-05-17,2821.43,110206,110206,72.9
2006-05-18,2821.32,109539,109539,72.5
2006-05-19,2821.23,108993,108993,72.1
2006-05-20,2821.13,108387,108387,71.7
2006-05-21,2821.02,107720,107720,71.3
2006-05-22,2820.89,106932,106932,70.8
2006-05-23,2820.77,106204,106204,70.3
2006-05-24,2820.63,105355,105355,69.7
2006-05-25,2820.49,104507,104507,69.2
2006-05-26,2820.37,103779,103779,68.7
2006-05-27,2820.20,102748,102748,68.0
2006-05-28,2820.06,101899,101899,67.4
2006-05-29,2819.92,101051,101051,66.9
2006-05-30,2819.78,100202,100202,66.3
2006-05-31,2819.64,99388,99388,65.8
2006-06-01,2819.58,99051,99051,65.5
2006-06-02,2819.48,98489,98489,65.2
2006-06-03,2819.35,97758,97758,64.7
2006-06-04,2819.21,96971,96971,64.2
2006-06-05,2819.07,96184,96184,63.7
2006-06-06,2818.92,95341,95341,63.1
2006-06-07,2818.78,94554,94554,62.6
2006-06-08,2818.63,93711,93711,62.0
2006-06-09,2818.50,92980,92980,61.5
2006-06-10,2818.39,92361,92361,61.1
2006-06-11,2818.29,91799,91799,60.7
2006-06-12,2818.18,91181,91181,60.3
2006-06-13,2818.09,90675,90675,60.0
2006-06-14,2818.01,90225,90225,59.7
2006-06-15,2817.93,89776,89776,59.4
2006-06-16,2817.83,89213,89213,59.0
2006-06-17,2817.75,88764,88764,58.7
2006-06-18,2817.67,88334,88334,58.5
2006-06-19,2817.59,87917,87917,58.2
2006-06-20,2817.53,87604,87604,58.0
2006-06-21,2817.46,87239,87239,57.7
2006-06-22,2817.39,86874,86874,57.5
2006-06-23,2817.34,86614,86614,57.3
2006-06-24,2817.30,86405,86405,57.2
2006-06-25,2817.26,86197,86197,57.0
2006-06-26,2817.23,86040,86040,56.9
2006-06-27,2817.18,85779,85779,56.8
2006-06-28,2817.12,85467,85467,56.6
2006-06-29,2817.09,85310,85310,56.5
2006-06-30,2817.05,85102,85102,56.3
2006-07-01,2817.03,84997,84997,56.2
2006-07-02,2816.98,84737,84737,56.1
2006-07-03,2816.94,84528,84528,55.9
2006-07-04,2816.89,84267,84267,55.8
2006-07-05,2816.84,84007,84007,55.6
2006-07-06,2816.79,83746,83746,55.4
2006-07-07,2816.73,83433,83433,55.2
2006-07-08,2816.66,83068,83068,55.0
2006-07-09,2816.59,82703,82703,54.7
2006-07-10,2816.51,82286,82286,54.5
2006-07-11,2816.46,82025,82025,54.3
2006-07-12,2816.41,81765,81765,54.1
2006-07-13,2816.37,81556,81556,54.0
2006-07-14,2816.33,81348,81348,53.8
2006-07-15,2816.27,81035,81035,53.6
2006-07-16,2816.21,80722,80722,53.4
2006-07-17,2816.16,80461,80461,53.2
2006-07-18,2816.10,80148,80148,53.0
2006-07-19,2816.03,79783,79783,52.8
2006-07-20,2815.95,79366,79366,52.5
2006-07-21,2815.86,78897,78897,52.2
2006-07-22,2815.77,78428,78428,51.9
2006-07-23,2815.69,78022,78022,51.6
2006-07-24,2815.61,77636,77636,51.4
2006-07-25,2815.53,77250,77250,51.1
2006-07-26,2815.47,76960,76960,50.9
2006-07-27,2815.41,76670,76670,50.7
2006-07-28,2815.34,76332,76332,50.5
2006-07-29,2815.28,76042,76042,50.3
2006-07-30,2815.26,75946,75946,50.3
2006-07-31,2815.24,75849,75849,50.2
2006-08-01,2815.21,75704,75704,50.1
2006-08-02,2815.16,75463,75463,49.9
2006-08-03,2815.13,75318,75318,49.8
2006-08-04,2815.09,75125,75125,49.7
2006-08-05,2815.05,74932,74932,49.6
2006-08-06,2815.02,74787,74787,49.5
2006-08-07,2814.99,74642,74642,49.4
2006-08-08,2814.97,74546,74546,49.3
2006-08-09,2814.93,74352,74352,49.2
2006-08-10,2814.90,74208,74208,49.1
2006-08-11,2814.86,74014,74014,49.0
2006-08-12,2814.82,73821,73821,48.9
2006-08-13,2814.78,73628,73628,48.7
2006-08-14,2814.75,73483,73483,48.6
2006-08-15,2814.72,73339,73339,48.5
2006-08-16,2814.73,73387,73387,48.6
2006-08-17,2814.88,74111,74111,49.0
2006-08-18,2815.13,75318,75318,49.8
2006-08-19,2815.24,75849,75849,50.2
2006-08-20,2815.29,76091,76091,50.4
2006-08-21,2815.31,76187,76187,50.4
2006-08-22,2815.33,76284,76284,50.5
2006-08-23,2815.32,76236,76236,50.5
2006-08-24,2815.32,76236,76236,50.5
2006-08-25,2815.31,76187,76187,50.4
2006-08-26,2815.30,76139,76139,50.4
2006-08-27,2815.30,76139,76139,50.4
2006-08-28,2815.30,76139,76139,50.4
2006-08-29,2815.32,76236,76236,50.5
2006-08-30,2815.40,76622,76622,50.7
2006-08-31,2815.41,76670,76670,50.7
2006-09-01,2815.45,76863,76863,50.9
2006-09-02,2815.52,77201,77201,51.1
2006-09-03,2815.75,78323,78323,51.8
2006-09-04,2815.91,79158,79158,52.4
2006-09-05,2816.05,79888,79888,52.9
2006-09-06,2816.15,80409,80409,53.2
2006-09-07,2816.25,80930,80930,53.6
2006-09-08,2816.29,81139,81139,53.7
2006-09-09,2816.32,81295,81295,53.8
2006-09-10,2816.34,81400,81400,53.9
2006-09-11,2816.36,81504,81504,53.9
2006-09-12,2816.36,81504,81504,53.9
2006-09-13,2816.37,81556,81556,54.0
2006-09-14,2816.39,81660,81660,54.0
2006-09-15,2816.41,81765,81765,54.1
2006-09-16,2816.40,81713,81713,54.1
2006-09-17,2816.39,81660,81660,54.0
2006-09-18,2816.35,81452,81452,53.9
2006-09-19,2816.33,81348,81348,53.8
2006-09-20,2816.31,81243,81243,53.8
2006-09-21,2816.30,81191,81191,53.7
2006-09-22,2816.25,80930,80930,53.6
2006-09-23,2816.21,80722,80722,53.4
2006-09-24,2816.18,80565,80565,53.3
2006-09-25,2816.17,80513,80513,53.3
2006-09-26,2816.16,80461,80461,53.2
2006-09-27,2816.16,80461,80461,53.2
2006-09-28,2816.14,80357,80357,53.2
2006-09-29,2816.13,80305,80305,53.1
2006-09-30,2816.13,80305,80305,53.1
2006-10-01,2816.11,80200,80200,53.1
2006-10-02,2816.10,80148,80148,53.0
2006-10-03,2816.09,80096,80096,53.0
2006-10-04,2816.08,80044,80044,53.0
2006-10-05,2816.07,79992,79992,52.9
2006-10-06,2816.05,79888,79888,52.9
2006-10-07,2816.05,79888,79888,52.9
2006-10-08,2816.05,79888,79888,52.9
2006-10-09,2816.05,79888,79888,52.9
2006-10-10,2816.07,79992,79992,52.9
2006-10-11,2816.08,80044,80044,53.0
2006-10-12,2816.09,80096,80096,53.0
2006-10-13,2816.09,80096,80096,53.0
2006-10-14,2816.10,80148,80148,53.0
2006-10-15,2816.17,80513,80513,53.3
2006-10-16,2816.22,80774,80774,53.5
2006-10-17,2816.22,80774,80774,53.5
2006-10-18,2816.24,80878,80878,53.5
2006-10-19,2816.25,80930,80930,53.6
2006-10-20,2816.25,80930,80930,53.6
2006-10-21,2816.25,80930,80930,53.6
2006-10-22,2816.24,80878,80878,53.5
2006-10-23,2816.24,80878,80878,53.5
2006-10-24,2816.25,80930,80930,53.6
2006-10-25,2816.28,81087,81087,53.7
2006-10-26,2816.29,81139,81139,53.7
2006-10-27,2816.29,81139,81139,53.7
2006-10-28,2816.29,81139,81139,53.7
2006-10-29,2816.28,81087,81087,53.7
2006-10-30,2816.29,81139,81139,53.7
2006-10-31,2816.28,81087,81087,53.7
2006-11-01,2816.27,81035,81035,53.6
2006-11-02,2816.26,80983,80983,53.6
2006-11-03,2816.26,80983,80983,53.6
2006-11-04,2816.28,81087,81087,53.7
2006-11-05,2816.29,81139,81139,53.7
2006-11-06,2816.29,81139,81139,53.7
2006-11-07,2816.28,81087,81087,53.7
2006-11-08,2816.29,81139,81139,53.7
2006-11-09,2816.29,81139,81139,53.7
2006-11-10,2816.29,81139,81139,53.7
2006-11-11,2816.28,81087,81087,53.7
2006-11-12,2816.29,81139,81139,53.7
2006-11-13,2816.29,81139,81139,53.7
2006-11-14,2816.30,81191,81191,53.7
2006-11-15,2816.29,81139,81139,53.7
2006-11-16,2816.29,81139,81139,53.7
2006-11-17,2816.31,81243,81243,53.8
2006-11-18,2816.31,81243,81243,53.8
2006-11-19,2816.32,81295,81295,53.8
2006-11-20,2816.32,81295,81295,53.8
2006-11-21,2816.33,81348,81348,53.8
2006-11-22,2816.38,81608,81608,54.0
2006-11-23,2816.59,82703,82703,54.7
2006-11-24,2816.88,84215,84215,55.7
2006-11-25,2817.18,85779,85779,56.8
2006-11-26,2817.47,87291,87291,57.8
2006-11-27,2817.77,88876,88876,58.8
2006-11-28,2818.03,90338,90338,59.8
2006-11-29,2818.15,91012,91012,60.2
2006-11-30,2818.19,91237,91237,60.4
2006-12-01,2818.19,91237,91237,60.4
2006-12-02,2818.22,91406,91406,60.5
2006-12-03,2818.21,91350,91350,60.5
2006-12-04,2818.22,91406,91406,60.5
2006-12-05,2818.24,91518,91518,60.6
2006-12-06,2818.26,91631,91631,60.6
2006-12-07,2818.27,91687,91687,60.7
2006-12-08,2818.27,91687,91687,60.7
2006-12-09,2818.29,91799,91799,60.7
2006-12-10,2818.32,91968,91968,60.9
2006-12-11,2818.33,92024,92024,60.9
2006-12-12,2818.34,92080,92080,60.9
2006-12-13,2818.36,92193,92193,61.0
2006-12-14,2818.38,92305,92305,61.1
2006-12-15,2818.40,92418,92418,61.2
2006-12-16,2818.41,92474,92474,61.2
2006-12-17,2818.43,92586,92586,61.3
2006-12-18,2818.45,92699,92699,61.3
2006-12-19,2818.46,92755,92755,61.4
2006-12-20,2818.51,93036,93036,61.6
2006-12-21,2818.51,93036,93036,61.6
2006-12-22,2818.53,93148,93148,61.6
2006-12-23,2818.56,93317,93317,61.8
2006-12-24,2818.57,93373,93373,61.8
2006-12-25,2818.59,93486,93486,61.9
2006-12-26,2818.60,93542,93542,61.9
2006-12-27,2818.62,93654,93654,62.0
2006-12-28,2818.63,93711,93711,62.0
2006-12-29,2818.66,93879,93879,62.1
2006-12-30,2818.67,93935,93935,62.2
2006-12-31,2818.69,94048,94048,62.2
2007-01-01,2818.70,94104,94104,62.3
2007-01-02,2818.72,94217,94217,62.3
2007-01-03,2818.73,94273,94273,62.4
2007-01-04,2818.75,94385,94385,62.5
2007-01-05,2818.78,94554,94554,62.6
2007-01-06,2818.78,94554,94554,62.6
2007-01-07,2818.79,94610,94610,62.6
2007-01-08,2818.81,94722,94722,62.7
2007-01-09,2818.82,94779,94779,62.7
2007-01-10,2818.83,94835,94835,62.8
2007-01-11,2818.85,94947,94947,62.8
2007-01-12,2818.87,95060,95060,62.9
2007-01-13,2818.88,95116,95116,62.9
2007-01-14,2818.89,95172,95172,63.0
2007-01-15,2818.90,95228,95228,63.0
2007-01-16,2818.90,95228,95228,63.0
2007-01-17,2818.91,95285,95285,63.1
2007-01-18,2818.93,95397,95397,63.1
2007-01-19,2818.97,95622,95622,63.3
2007-01-20,2819.03,95959,95959,63.5
2007-01-21,2819.07,96184,96184,63.7
2007-01-22,2819.08,96240,96240,63.7
2007-01-23,2819.12,96465,96465,63.8
2007-01-24,2819.15,96634,96634,63.9
2007-01-25,2819.16,96690,96690,64.0
2007-01-26,2819.18,96802,96802,64.1
2007-01-27,2819.20,96915,96915,64.1
2007-01-28,2819.21,96971,96971,64.2
2007-01-29,2819.23,97083,97083,64.2
2007-01-30,2819.24,97140,97140,64.3
2007-01-31,2819.27,97308,97308,64.4
2007-02-01,2819.29,97421,97421,64.5
2007-02-02,2819.29,97421,97421,64.5
2007-02-03,2819.30,97477,97477,64.5
2007-02-04,2819.31,97533,97533,64.5
2007-02-05,2819.32,97589,97589,64.6
2007-02-06,2819.33,97646,97646,64.6
2007-02-07,2819.34,97702,97702,64.7
2007-02-08,2819.34,97702,97702,64.7
2007-02-09,2819.35,97758,97758,64.7
2007-02-10,2819.36,97814,97814,64.7
2007-02-11,2819.37,97870,97870,64.8
2007-02-12,2819.40,98039,98039,64.9
2007-02-13,2819.40,98039,98039,64.9
2007-02-14,2819.41,98095,98095,64.9
2007-02-15,2819.42,98152,98152,65.0
2007-02-16,2819.45,98320,98320,65.1
2007-02-17,2819.43,98208,98208,65.0
2007-02-18,2819.42,98152,98152,65.0
2007-02-19,2819.43,98208,98208,65.0
2007-02-20,2819.42,98152,98152,65.0
2007-02-21,2819.39,97983,97983,64.8
2007-02-22,2819.37,97870,97870,64.8
2007-02-23,2819.37,97870,97870,64.8
2007-02-24,2819.37,97870,97870,64.8
2007-02-25,2819.31,97533,97533,64.5
2007-02-26,2819.31,97533,97533,64.5
2007-02-27,2819.30,97477,97477,64.5
2007-02-28,2819.31,97533,97533,64.5
2007-03-01,2819.29,97421,97421,64.5
2007-03-02,2819.29,97421,97421,64.5
2007-03-03,2819.29,97421,97421,64.5
2007-03-04,2819.28,97365,97365,64.4
2007-03-05,2819.28,97365,97365,64.4
2007-03-06,2819.29,97421,97421,64.5
2007-03-07,2819.30,97477,97477,64.5
2007-03-08,2819.30,97477,97477,64.5
2007-03-09,2819.31,97533,97533,64.5
2007-03-10,2819.30,97477,97477,64.5
2007-03-11,2819.28,97365,97365,64.4
2007-03-12,2819.29,97421,97421,64.5
2007-03-13,2819.29,97421,97421,64.5
2007-03-14,2819.29,97421,97421,64.5
2007-03-15,2819.30,97477,97477,64.5
2007-03-16,2819.30,97477,97477,64.5
2007-03-17,2819.31,97533,97533,64.5
2007-03-18,2819.32,97589,97589,64.6
2007-03-19,2819.33,97646,97646,64.6
2007-03-20,2819.34,97702,97702,64.7
2007-03-21,2819.34,97702,97702,64.7
2007-03-22,2819.35,97758,97758,64.7
2007-03-23,2819.35,97758,97758,64.7
2007-03-24,2819.42,98152,98152,65.0
2007-03-25,2819.50,98601,98601,65.3
2007-03-26,2819.59,99107,99107,65.6
2007-03-27,2819.63,99332,99332,65.7
2007-03-28,2819.64,99388,99388,65.8
2007-03-29,2819.65,99444,99444,65.8
2007-03-30,2819.65,99444,99444,65.8
2007-03-31,2819.59,99107,99107,65.6
2007-04-01,2819.53,98770,98770,65.4
2007-04-02,2819.47,98433,98433,65.1
2007-04-03,2819.39,97983,97983,64.8
2007-04-04,2819.31,97533,97533,64.5
2007-04-05,2819.22,97027,97027,64.2
2007-04-06,2819.13,96521,96521,63.9
2007-04-07,2819.05,96072,96072,63.6
2007-04-08,2818.97,95622,95622,63.3
2007-04-09,2818.91,95285,95285,63.1
2007-04-10,2818.87,95060,95060,62.9
2007-04-11,2818.76,94441,94441,62.5
2007-04-12,2818.68,93992,93992,62.2
2007-04-13,2818.62,93654,93654,62.0
2007-04-14,2818.50,92980,92980,61.5
2007-04-15,2818.39,92361,92361,61.1
2007-04-16,2818.37,92249,92249,61.0
2007-04-17,2818.38,92305,92305,61.1
2007-04-18,2818.37,92249,92249,61.0
2007-04-19,2818.37,92249,92249,61.0
2007-04-20,2818.36,92193,92193,61.0
2007-04-21,2818.34,92080,92080,60.9
2007-04-22,2818.29,91799,91799,60.7
2007-04-23,2818.26,91631,91631,60.6
2007-04-24,2818.22,91406,91406,60.5
2007-04-25,2818.17,91125,91125,60.3
2007-04-26,2818.15,91012,91012,60.2
2007-04-27,2818.14,90956,90956,60.2
2007-04-28,2818.13,90900,90900,60.2
2007-04-29,2818.16,91068,91068,60.3
2007-04-30,2818.21,91350,91350,60.5
2007-05-01,2818.22,91406,91406,60.5
2007-05-02,2818.27,91687,91687,60.7
2007-05-03,2818.31,91912,91912,60.8
2007-05-04,2818.31,91912,91912,60.8
2007-05-05,2818.32,91968,91968,60.9
2007-05-06,2818.32,91968,91968,60.9
2007-05-07,2818.30,91855,91855,60.8
2007-05-08,2818.31,91912,91912,60.8
2007-05-09,2818.34,92080,92080,60.9
2007-05-10,2818.40,92418,92418,61.2
2007-05-11,2818.48,92867,92867,61.5
2007-05-12,2818.51,93036,93036,61.6
2007-05-13,2818.52,93092,93092,61.6
2007-05-14,2818.52,93092,93092,61.6
2007-05-15,2818.52,93092,93092,61.6
2007-05-16,2818.58,93429,93429,61.8
2007-05-17,2818.64,93767,93767,62.1
2007-05-18,2818.68,93992,93992,62.2
2007-05-19,2818.71,94160,94160,62.3
2007-05-20,2818.72,94217,94217,62.3
2007-05-21,2818.74,94329,94329,62.4
2007-05-22,2818.74,94329,94329,62.4
2007-05-23,2818.74,94329,94329,62.4
2007-05-24,2818.74,94329,94329,62.4
2007-05-25,2818.71,94160,94160,62.3
2007-05-26,2818.69,94048,94048,62.2
2007-05-27,2818.67,93935,93935,62.2
2007-05-28,2818.65,93823,93823,62.1
2007-05-29,2818.65,93823,93823,62.1
2007-05-30,2818.63,93711,93711,62.0
2007-05-31,2818.59,93486,93486,61.9
2007-06-01,2818.58,93429,93429,61.8
2007-06-02,2818.55,93261,93261,61.7
2007-06-03,2818.52,93092,93092,61.6
2007-06-04,2818.50,92980,92980,61.5
2007-06-05,2818.51,93036,93036,61.6
2007-06-06,2818.51,93036,93036,61.6
2007-06-07,2818.48,92867,92867,61.5
2007-06-08,2818.43,92586,92586,61.3
2007-06-09,2818.41,92474,92474,61.2
2007-06-10,2818.42,92530,92530,61.2
2007-06-11,2818.41,92474,92474,61.2
2007-06-12,2818.39,92361,92361,61.1
2007-06-13,2818.37,92249,92249,61.0
2007-06-14,2818.34,92080,92080,60.9
2007-06-15,2818.31,91912,91912,60.8
2007-06-16,2818.27,91687,91687,60.7
2007-06-17,2818.24,91518,91518,60.6
2007-06-18,2818.20,91293,91293,60.4
2007-06-19,2818.14,90956,90956,60.2
2007-06-20,2818.07,90563,90563,59.9
2007-06-21,2817.99,90113,90113,59.6
2007-06-22,2817.91,89663,89663,59.3
2007-06-23,2817.83,89213,89213,59.0
2007-06-24,2817.75,88764,88764,58.7
2007-06-25,2817.68,88386,88386,58.5
2007-06-26,2817.60,87969,87969,58.2
2007-06-27,2817.56,87761,87761,58.1
2007-06-28,2817.52,87552,87552,57.9
2007-06-29,2817.48,87344,87344,57.8
2007-06-30,2817.41,86979,86979,57.6
2007-07-01,2817.34,86614,86614,57.3
2007-07-02,2817.26,86197,86197,57.0
2007-07-03,2817.16,85675,85675,56.7
2007-07-04,2817.03,84997,84997,56.2
2007-07-05,2816.92,84424,84424,55.9
2007-07-06,2816.90,84320,84320,55.8
2007-07-07,2816.95,84580,84580,56.0
2007-07-08,2816.87,84163,84163,55.7
2007-07-09,2816.77,83642,83642,55.4
2007-07-10,2816.66,83068,83068,55.0
2007-07-11,2816.55,82495,82495,54.6
2007-07-12,2816.49,82182,82182,54.4
2007-07-13,2816.40,81713,81713,54.1
2007-07-14,2816.31,81243,81243,53.8
2007-07-15,2816.25,80930,80930,53.6
2007-07-16,2816.20,80670,80670,53.4
2007-07-17,2816.12,80253,80253,53.1
2007-07-18,2816.03,79783,79783,52.8
2007-07-19,2815.95,79366,79366,52.5
2007-07-20,2815.87,78949,78949,52.2
2007-07-21,2815.80,78584,78584,52.0
2007-07-22,2815.76,78376,78376,51.9
2007-07-23,2815.74,78271,78271,51.8
2007-07-24,2815.70,78070,78070,51.7
2007-07-25,2815.64,77781,77781,51.5
2007-07-26,2815.59,77539,77539,51.3
2007-07-27,2815.54,77298,77298,51.2
2007-07-28,2815.51,77153,77153,51.1
2007-07-29,2815.47,76960,76960,50.9
2007-07-30,2815.44,76815,76815,50.8
2007-07-31,2815.41,76670,76670,50.7
2007-08-01,2815.39,76574,76574,50.7
2007-08-02,2815.40,76622,76622,50.7
2007-08-03,2815.49,77056,77056,51.0
2007-08-04,2815.59,77539,77539,51.3
2007-08-05,2815.61,77636,77636,51.4
2007-08-06,2815.64,77781,77781,51.5
2007-08-07,2815.66,77877,77877,51.5
2007-08-08,2815.67,77926,77926,51.6
2007-08-09,2815.68,77974,77974,51.6
2007-08-10,2815.67,77926,77926,51.6
2007-08-11,2815.65,77829,77829,51.5
2007-08-12,2815.60,77588,77588,51.3
2007-08-13,2815.56,77394,77394,51.2
2007-08-14,2815.52,77201,77201,51.1
2007-08-15,2815.48,77008,77008,51.0
2007-08-16,2815.43,76767,76767,50.8
2007-08-17,2815.39,76574,76574,50.7
2007-08-18,2815.36,76429,76429,50.6
2007-08-19,2815.34,76332,76332,50.5
2007-08-20,2815.32,76236,76236,50.5
2007-08-21,2815.29,76091,76091,50.4
2007-08-22,2815.26,75946,75946,50.3
2007-08-23,2815.23,75801,75801,50.2
2007-08-24,2815.20,75656,75656,50.1
2007-08-25,2815.14,75366,75366,49.9
2007-08-26,2815.06,74980,74980,49.6
2007-08-27,2814.99,74642,74642,49.4
2007-08-28,2814.92,74304,74304,49.2
2007-08-29,2814.84,73918,73918,48.9
2007-08-30,2814.78,73628,73628,48.7
2007-08-31,2814.74,73435,73435,48.6
2007-09-01,2814.68,73145,73145,48.4
2007-09-02,2814.61,72807,72807,48.2
2007-09-03,2814.55,72518,72518,48.0
2007-09-04,2814.48,72180,72180,47.8
2007-09-05,2814.41,71842,71842,47.5
2007-09-06,2814.38,71697,71697,47.4
2007-09-07,2814.37,71649,71649,47.4
2007-09-08,2814.36,71600,71600,47.4
2007-09-09,2814.35,71552,71552,47.4
2007-09-10,2814.38,71697,71697,47.4
2007-09-11,2814.54,72469,72469,48.0
2007-09-12,2814.65,73001,73001,48.3
2007-09-13,2814.70,73242,73242,48.5
2007-09-14,2814.74,73435,73435,48.6
2007-09-15,2814.76,73532,73532,48.7
2007-09-16,2814.78,73628,73628,48.7
2007-09-17,2814.78,73628,73628,48.7
2007-09-18,2814.82,73821,73821,48.9
2007-09-19,2814.82,73821,73821,48.9
2007-09-20,2814.82,73821,73821,48.9
2007-09-21,2814.92,74304,74304,49.2
2007-09-22,2814.98,74594,74594,49.4
2007-09-23,2815.06,74980,74980,49.6
2007-09-24,2815.12,75270,75270,49.8
2007-09-25,2815.14,75366,75366,49.9
2007-09-26,2815.14,75366,75366,49.9
2007-09-27,2815.16,75463,75463,49.9
2007-09-28,2815.15,75415,75415,49.9
2007-09-29,2815.15,75415,75415,49.9
2007-09-30,2815.22,75753,75753,50.1
2007-10-01,2815.23,75801,75801,50.2
2007-10-02,2815.26,75946,75946,50.3
2007-10-03,2815.29,76091,76091,50.4
2007-10-04,2815.30,76139,76139,50.4
2007-10-05,2815.30,76139,76139,50.4
2007-10-06,2815.30,76139,76139,50.4
2007-10-07,2815.29,76091,76091,50.4
2007-10-08,2815.25,75898,75898,50.2
2007-10-09,2815.20,75656,75656,50.1
2007-10-10,2815.17,75511,75511,50.0
2007-10-11,2815.15,75415,75415,49.9
2007-10-12,2815.12,75270,75270,49.8
2007-10-13,2815.10,75173,75173,49.7
2007-10-14,2815.09,75125,75125,49.7
2007-10-15,2815.06,74980,74980,49.6
2007-10-16,2815.04,74884,74884,49.6
2007-10-17,2815.03,74835,74835,49.5
2007-10-18,2814.99,74642,74642,49.4
2007-10-19,2814.98,74594,74594,49.4
2007-10-20,2814.98,74594,74594,49.4
2007-10-21,2814.98,74594,74594,49.4
2007-10-22,2814.96,74497,74497,49.3
2007-10-23,2814.96,74497,74497,49.3
2007-10-24,2814.99,74642,74642,49.4
2007-10-25,2815.00,74690,74690,49.4
2007-10-26,2815.02,74787,74787,49.5
2007-10-27,2815.04,74884,74884,49.6
2007-10-28,2815.05,74932,74932,49.6
2007-10-29,2815.07,75028,75028,49.7
2007-10-30,2815.08,75077,75077,49.7
2007-10-31,2815.10,75173,75173,49.7
2007-11-01,2815.11,75222,75222,49.8
2007-11-02,2815.09,75125,75125,49.7
2007-11-03,2815.11,75222,75222,49.8
2007-11-04,2815.29,76091,76091,50.4
2007-11-05,2815.57,77443,77443,51.2
2007-11-06,2815.85,78845,78845,52.2
2007-11-07,2816.17,80513,80513,53.3
2007-11-08,2816.50,82234,82234,54.4
2007-11-09,2816.82,83902,83902,55.5
2007-11-10,2817.14,85571,85571,56.6
2007-11-11,2817.45,87187,87187,57.7
2007-11-12,2817.75,88764,88764,58.7
2007-11-13,2817.94,89832,89832,59.4
2007-11-14,2817.99,90113,90113,59.6
2007-11-15,2817.96,89944,89944,59.5
2007-11-16,2817.95,89888,89888,59.5
2007-11-17,2817.95,89888,89888,59.5
2007-11-18,2817.94,89832,89832,59.4
2007-11-19,2817.94,89832,89832,59.4
2007-11-20,2817.95,89888,89888,59.5
2007-11-21,2817.97,90000,90000,59.6
2007-11-22,2817.96,89944,89944,59.5
2007-11-25,2818.06,90506,90506,59.9
2007-11-26,2818.07,90563,90563,59.9
2007-11-27,2818.09,90675,90675,60.0
2007-11-28,2818.11,90787,90787,60.1
2007-11-29,2818.12,90844,90844,60.1
2007-11-30,2818.15,91012,91012,60.2
2007-12-01,2818.18,91181,91181,60.3
2007-12-02,2818.19,91237,91237,60.4
2007-12-03,2818.20,91293,91293,60.4
2007-12-04,2818.22,91406,91406,60.5
2007-12-05,2818.24,91518,91518,60.6
2007-12-06,2818.25,91574,91574,60.6
2007-12-07,2818.27,91687,91687,60.7
2007-12-08,2818.28,91743,91743,60.7
2007-12-09,2818.29,91799,91799,60.7
2007-12-10,2818.31,91912,91912,60.8
2007-12-11,2818.33,92024,92024,60.9
2007-12-12,2818.37,92249,92249,61.0
2007-12-13,2818.39,92361,92361,61.1
2007-12-14,2818.40,92418,92418,61.2
2007-12-15,2818.42,92530,92530,61.2
2007-12-16,2818.43,92586,92586,61.3
2007-12-17,2818.44,92642,92642,61.3
2007-12-18,2818.47,92811,92811,61.4
2007-12-19,2818.47,92811,92811,61.4
2007-12-20,2818.48,92867,92867,61.5
2007-12-21,2818.50,92980,92980,61.5
2007-12-22,2818.50,92980,92980,61.5
2007-12-23,2818.51,93036,93036,61.6
2007-12-24,2818.52,93092,93092,61.6
2007-12-26,2818.54,93205,93205,61.7
2007-12-27,2818.55,93261,93261,61.7
2007-12-28,2818.55,93261,93261,61.7
2007-12-29,2818.57,93373,93373,61.8
2007-12-30,2818.59,93486,93486,61.9
2007-12-31,2818.60,93542,93542,61.9
2008-01-01,2818.60,93542,93542,61.9
2008-01-02,2818.61,93598,93598,61.9
2008-01-03,2818.62,93654,93654,62.0
2008-01-04,2818.64,93767,93767,62.1
2008-01-05,2818.66,93879,93879,62.1
2008-01-06,2818.67,93935,93935,62.2
2008-01-07,2818.69,94048,94048,62.2
2008-01-08,2818.70,94104,94104,62.3
2008-01-09,2818.72,94217,94217,62.3
2008-01-10,2818.73,94273,94273,62.4
2008-01-11,2818.74,94329,94329,62.4
2008-01-12,2818.77,94498,94498,62.5
2008-01-13,2818.81,94722,94722,62.7
2008-01-14,2818.83,94835,94835,62.8
2008-01-15,2818.86,95004,95004,62.9
2008-01-16,2818.89,95172,95172,63.0
2008-01-17,2818.90,95228,95228,63.0
2008-01-18,2818.92,95341,95341,63.1
2008-01-19,2818.93,95397,95397,63.1
2008-01-20,2818.94,95453,95453,63.2
2008-01-21,2818.92,95341,95341,63.1
2008-01-22,2818.98,95678,95678,63.3
2008-01-23,2818.98,95678,95678,63.3
2008-01-24,2819.00,95791,95791,63.4
2008-01-25,2819.03,95959,95959,63.5
2008-01-26,2819.06,96128,96128,63.6
2008-01-27,2819.08,96240,96240,63.7
2008-01-28,2819.08,96240,96240,63.7
2008-01-29,2819.09,96296,96296,63.7
2008-01-30,2819.08,96240,96240,63.7
2008-01-31,2819.11,96409,96409,63.8
2008-02-01,2819.11,96409,96409,63.8
2008-02-02,2819.13,96521,96521,63.9
2008-02-03,2819.14,96578,96578,63.9
2008-02-04,2819.16,96690,96690,64.0
2008-02-05,2819.17,96746,96746,64.0
2008-02-06,2819.20,96915,96915,64.1
2008-02-07,2819.21,96971,96971,64.2
2008-02-08,2819.22,97027,97027,64.2
2008-02-09,2819.20,96915,96915,64.1
2008-02-10,2819.19,96859,96859,64.1
2008-02-11,2819.17,96746,96746,64.0
2008-02-12,2819.15,96634,96634,63.9
2008-02-13,2819.13,96521,96521,63.9
2008-02-14,2819.11,96409,96409,63.8
2008-02-15,2819.10,96353,96353,63.8
2008-02-16,2819.12,96465,96465,63.8
2008-02-17,2819.12,96465,96465,63.8
2008-02-18,2819.12,96465,96465,63.8
2008-02-19,2819.14,96578,96578,63.9
2008-02-20,2819.16,96690,96690,64.0
2008-02-21,2819.18,96802,96802,64.1
2008-02-22,2819.18,96802,96802,64.1
2008-02-23,2819.20,96915,96915,64.1
2008-02-24,2819.20,96915,96915,64.1
2008-02-25,2819.22,97027,97027,64.2
2008-02-26,2819.19,96859,96859,64.1
2008-02-27,2819.15,96634,96634,63.9
2008-02-28,2819.13,96521,96521,63.9
2008-02-29,2819.12,96465,96465,63.8
2008-03-01,2819.11,96409,96409,63.8
2008-03-02,2819.14,96578,96578,63.9
2008-03-03,2819.14,96578,96578,63.9
2008-03-04,2819.11,96409,96409,63.8
2008-03-05,2819.12,96465,96465,63.8
2008-03-06,2819.12,96465,96465,63.8
2008-03-07,2819.12,96465,96465,63.8
2008-03-08,2819.11,96409,96409,63.8
2008-03-09,2819.12,96465,96465,63.8
2008-03-10,2819.11,96409,96409,63.8
2008-03-11,2819.10,96353,96353,63.8
2008-03-12,2819.11,96409,96409,63.8
2008-03-13,2819.11,96409,96409,63.8
2008-03-14,2819.12,96465,96465,63.8
2008-03-15,2819.09,96296,96296,63.7
2008-03-16,2819.07,96184,96184,63.7
2008-03-17,2819.07,96184,96184,63.7
2008-03-18,2819.02,95903,95903,63.5
2008-03-19,2818.91,95285,95285,63.1
2008-03-20,2818.83,94835,94835,62.8
2008-03-21,2818.77,94498,94498,62.5
2008-03-22,2818.70,94104,94104,62.3
2008-03-23,2818.61,93598,93598,61.9
2008-03-24,2818.53,93148,93148,61.6
2008-03-25,2818.48,92867,92867,61.5
2008-03-26,2818.41,92474,92474,61.2
2008-03-27,2818.34,92080,92080,60.9
2008-03-28,2818.27,91687,91687,60.7
2008-03-29,2818.25,91574,91574,60.6
2008-03-30,2818.26,91631,91631,60.6
2008-03-31,2818.27,91687,91687,60.7
2008-04-01,2818.23,91462,91462,60.5
2008-04-02,2818.19,91237,91237,60.4
2008-04-03,2818.18,91181,91181,60.3
2008-04-04,2818.14,90956,90956,60.2
2008-04-05,2818.10,90731,90731,60.0
2008-04-06,2818.08,90619,90619,60.0
2008-04-07,2818.05,90450,90450,59.9
2008-04-08,2818.01,90225,90225,59.7
2008-04-09,2817.98,90057,90057,59.6
2008-04-10,2817.96,89944,89944,59.5
2008-04-11,2817.88,89494,89494,59.2
2008-04-12,2817.84,89270,89270,59.1
2008-04-13,2817.81,89101,89101,59.0
2008-04-14,2817.80,89045,89045,58.9
2008-04-15,2817.76,88820,88820,58.8
2008-04-16,2817.76,88820,88820,58.8
2008-04-17,2817.76,88820,88820,58.8
2008-04-18,2817.72,88595,88595,58.6
2008-04-19,2817.72,88595,88595,58.6
2008-04-20,2817.73,88651,88651,58.7
2008-04-21,2817.71,88543,88543,58.6
2008-04-22,2817.70,88491,88491,58.6
2008-04-23,2817.70,88491,88491,58.6
2008-04-24,2817.69,88439,88439,58.5
2008-04-25,2817.62,88074,88074,58.3
2008-04-26,2817.54,87656,87656,58.0
2008-04-27,2817.47,87291,87291,57.8
2008-05-03,2817.08,85258,85258,56.4
2008-05-04,2817.01,84893,84893,56.2
2008-05-05,2816.95,84580,84580,56.0
2008-05-06,2816.92,84424,84424,55.9
2008-05-07,2816.89,84267,84267,55.8
2008-05-08,2816.80,83798,83798,55.5
2008-05-09,2816.73,83433,83433,55.2
2008-05-10,2816.67,83120,83120,55.0
2008-05-11,2816.58,82651,82651,54.7
2008-05-12,2816.52,82338,82338,54.5
2008-05-13,2816.45,81973,81973,54.2
2008-05-14,2816.37,81556,81556,54.0
2008-05-15,2816.30,81191,81191,53.7
2008-05-16,2816.28,81087,81087,53.7
2008-05-17,2816.22,80774,80774,53.5
2008-05-18,2816.14,80357,80357,53.2
2008-05-19,2816.08,80044,80044,53.0
2008-05-20,2816.02,79731,79731,52.8
2008-05-21,2815.97,79470,79470,52.6
2008-05-22,2815.93,79262,79262,52.5
2008-05-23,2815.87,78949,78949,52.2
2008-05-24,2815.82,78688,78688,52.1
2008-05-25,2815.79,78532,78532,52.0
2008-05-26,2815.75,78323,78323,51.8
2008-05-27,2815.71,78119,78119,51.7
2008-05-28,2815.66,77877,77877,51.5
2008-05-29,2815.62,77684,77684,51.4
2008-05-30,2815.59,77539,77539,51.3
2008-05-31,2815.58,77491,77491,51.3
2008-06-01,2815.57,77443,77443,51.2
2008-06-02,2815.51,77153,77153,51.1
2008-06-03,2815.44,76815,76815,50.8
2008-06-04,2815.34,76332,76332,50.5
2008-06-05,2815.25,75898,75898,50.2
2008-06-06,2815.14,75366,75366,49.9
2008-06-07,2815.06,74980,74980,49.6
2008-06-08,2815.05,74932,74932,49.6
2008-06-09,2814.99,74642,74642,49.4
2008-06-10,2814.88,74111,74111,49.0
2008-06-11,2814.80,73725,73725,48.8
2008-06-12,2814.72,73339,73339,48.5
2008-06-13,2814.64,72952,72952,48.3
2008-06-14,2814.53,72421,72421,47.9
2008-06-15,2814.43,71938,71938,47.6
2008-06-16,2814.33,71455,71455,47.3
2008-06-17,2814.23,70973,70973,47.0
2008-06-18,2814.12,70441,70441,46.6
2008-06-19,2814.03,70007,70007,46.3
2008-06-20,2813.91,69427,69427,45.9
2008-06-21,2813.86,69186,69186,45.8
2008-06-22,2813.78,68800,68800,45.5
2008-06-23,2813.67,68289,68289,45.2
2008-06-24,2813.57,67847,67847,44.9
2008-06-25,2813.46,67361,67361,44.6
2008-06-26,2813.33,66786,66786,44.2
2008-06-27,2813.20,66211,66211,43.8
2008-06-28,2813.08,65681,65681,43.5
2008-06-29,2813.00,65327,65327,43.2
2008-06-30,2812.98,65238,65238,43.2
2008-07-01,2812.99,65283,65283,43.2
2008-07-02,2812.89,64841,64841,42.9
2008-07-03,2812.81,64487,64487,42.7
2008-07-04,2812.71,64045,64045,42.4
2008-07-05,2812.61,63603,63603,42.1
2008-07-06,2812.51,63161,63161,41.8
2008-07-07,2812.41,62718,62718,41.5
2008-07-08,2812.34,62409,62409,41.3
2008-07-09,2812.28,62144,62144,41.1
2008-07-10,2812.27,62100,62100,41.1
2008-07-11,2812.28,62144,62144,41.1
2008-07-12,2812.25,62011,62011,41.0
2008-07-13,2812.21,61834,61834,40.9
2008-07-14,2812.18,61702,61702,40.8
2008-07-15,2812.13,61481,61481,40.7
2008-07-16,2812.08,61260,61260,40.5
2008-07-17,2812.08,61260,61260,40.5
2008-07-18,2812.01,60950,60950,40.3
2008-07-19,2811.94,60641,60641,40.1
2008-07-20,2811.86,60287,60287,39.9
2008-07-21,2811.80,60022,60022,39.7
2008-07-22,2811.73,59712,59712,39.5
2008-07-23,2811.65,59385,59385,39.3
2008-07-24,2811.57,59061,59061,39.1
2008-07-25,2811.49,58738,58738,38.9
2008-07-26,2811.43,58495,58495,38.7
2008-07-27,2811.40,58374,58374,38.6
2008-07-28,2811.34,58131,58131,38.5
2008-07-29,2811.28,57889,57889,38.3
2008-07-30,2811.21,57606,57606,38.1
2008-07-31,2811.14,57322,57322,37.9
2008-08-01,2811.07,57039,57039,37.7
2008-08-02,2811.00,56756,56756,37.6
2008-08-03,2810.95,56554,56554,37.4
2008-08-04,2810.90,56352,56352,37.3
2008-08-05,2810.86,56190,56190,37.2
2008-08-06,2810.83,56069,56069,37.1
2008-08-07,2810.79,55907,55907,37.0
2008-08-08,2810.74,55705,55705,36.9
2008-08-09,2810.67,55422,55422,36.7
2008-08-10,2810.61,55179,55179,36.5
2008-08-11,2810.54,54896,54896,36.3
2008-08-12,2810.46,54573,54573,36.1
2008-08-13,2810.38,54249,54249,35.9
2008-08-14,2810.29,53885,53885,35.7
2008-08-15,2810.20,53521,53521,35.4
2008-08-16,2810.12,53198,53198,35.2
2008-08-17,2810.05,52915,52915,35.0
2008-08-18,2810.03,52834,52834,35.0
2008-08-19,2809.97,52591,52591,34.8
2008-08-20,2809.88,52227,52227,34.6
2008-08-21,2809.81,51944,51944,34.4
2008-08-22,2809.72,51580,51580,34.1
2008-08-23,2809.64,51287,51287,33.9
2008-08-24,2809.56,50995,50995,33.7
2008-08-25,2809.48,50702,50702,33.6
2008-08-26,2809.40,50409,50409,33.4
2008-08-27,2809.32,50117,50117,33.2
2008-08-28,2809.24,49824,49824,33.0
2008-08-29,2809.16,49532,49532,32.8
2008-08-30,2809.11,49349,49349,32.7
2008-08-31,2809.06,49166,49166,32.5
2008-09-01,2809.00,48946,48946,32.4
2008-09-02,2808.94,48727,48727,32.2
2008-09-03,2808.89,48544,48544,32.1
2008-09-04,2808.84,48361,48361,32.0
2008-09-05,2808.77,48105,48105,31.8
2008-09-06,2808.68,47776,47776,31.6
2008-09-07,2808.58,47410,47410,31.4
2008-09-08,2808.62,47556,47556,31.5
2008-09-09,2808.64,47629,47629,31.5
2008-09-10,2808.66,47703,47703,31.6
2008-09-11,2808.69,47812,47812,31.6
2008-09-12,2808.74,47995,47995,31.8
2008-09-13,2808.75,48032,48032,31.8
2008-09-14,2808.78,48141,48141,31.9
2008-09-15,2808.81,48251,48251,31.9
2008-09-16,2808.85,48398,48398,32.0
2008-09-17,2808.86,48434,48434,32.1
2008-09-18,2808.87,48471,48471,32.1
2008-09-19,2808.88,48507,48507,32.1
2008-09-20,2808.89,48544,48544,32.1
2008-09-21,2808.88,48507,48507,32.1
2008-09-22,2808.88,48507,48507,32.1
2008-09-23,2808.86,48434,48434,32.1
2008-09-24,2808.82,48288,48288,32.0
2008-09-25,2808.80,48215,48215,31.9
2008-09-26,2808.77,48105,48105,31.8
2008-09-27,2808.75,48032,48032,31.8
2008-09-28,2808.72,47922,47922,31.7
2008-09-29,2808.69,47812,47812,31.6
2008-09-30,2808.66,47703,47703,31.6
2008-10-01,2808.62,47556,47556,31.5
2008-10-02,2808.60,47483,47483,31.4
2008-10-03,2808.56,47337,47337,31.3
2008-10-04,2808.53,47227,47227,31.3
2008-10-05,2808.53,47227,47227,31.3
2008-10-06,2808.56,47337,47337,31.3
2008-10-07,2808.54,47264,47264,31.3
2008-10-08,2808.55,47300,47300,31.3
2008-10-09,2808.56,47337,47337,31.3
2008-10-10,2808.57,47373,47373,31.4
2008-10-11,2808.58,47410,47410,31.4
2008-10-12,2808.61,47520,47520,31.4
2008-10-13,2808.71,47885,47885,31.7
2008-10-14,2809.04,49093,49093,32.5
2008-10-15,2809.05,49129,49129,32.5
2008-10-16,2809.07,49202,49202,32.6
2008-10-17,2809.10,49312,49312,32.6
2008-10-18,2809.11,49349,49349,32.7
2008-10-19,2809.12,49385,49385,32.7
2008-10-20,2809.13,49422,49422,32.7
2008-10-21,2809.16,49532,49532,32.8
2008-10-22,2809.17,49568,49568,32.8
2008-10-23,2809.16,49532,49532,32.8
2008-10-24,2809.18,49605,49605,32.8
2008-10-25,2809.19,49641,49641,32.9
2008-10-26,2809.20,49678,49678,32.9
2008-10-27,2809.19,49641,49641,32.9
2008-10-28,2809.19,49641,49641,32.9
2008-10-29,2809.21,49714,49714,32.9
2008-10-30,2809.22,49751,49751,32.9
2008-10-31,2809.21,49714,49714,32.9
2008-11-01,2809.18,49605,49605,32.8
2008-11-02,2809.15,49495,49495,32.8
2008-11-03,2809.17,49568,49568,32.8
2008-11-04,2809.44,50556,50556,33.5
2008-11-05,2809.82,51984,51984,34.4
2008-11-06,2810.18,53440,53440,35.4
2008-11-07,2810.55,54937,54937,36.4
2008-11-08,2810.91,56392,56392,37.3
2008-11-09,2811.30,57970,57970,38.4
2008-11-10,2811.70,59587,59587,39.4
2008-11-11,2812.08,61260,61260,40.5
2008-11-12,2812.41,62718,62718,41.5
2008-11-13,2812.55,63337,63337,41.9
2008-11-14,2812.60,63558,63558,42.1
2008-11-15,2812.60,63558,63558,42.1
2008-11-16,2812.62,63647,63647,42.1
2008-11-17,2812.63,63691,63691,42.1
2008-11-18,2812.65,63780,63780,42.2
2008-11-19,2812.67,63868,63868,42.3
2008-11-20,2812.69,63956,63956,42.3
2008-11-21,2812.67,63868,63868,42.3
2008-11-22,2812.69,63956,63956,42.3
2008-11-23,2812.71,64045,64045,42.4
2008-11-24,2812.73,64133,64133,42.4
2008-11-25,2812.73,64133,64133,42.4
2008-11-26,2812.75,64222,64222,42.5
2008-11-27,2812.77,64310,64310,42.6
2008-11-28,2812.78,64354,64354,42.6
2008-11-29,2812.76,64266,64266,42.5
2008-11-30,2812.75,64222,64222,42.5
2008-12-01,2812.73,64133,64133,42.4
2008-12-02,2812.72,64089,64089,42.4
2008-12-03,2812.71,64045,64045,42.4
2008-12-04,2812.66,63824,63824,42.2
2008-12-05,2812.64,63735,63735,42.2
2008-12-06,2812.65,63780,63780,42.2
2008-12-07,2812.66,63824,63824,42.2
2008-12-08,2812.68,63912,63912,42.3
2008-12-09,2812.70,64001,64001,42.4
2008-12-10,2812.68,63912,63912,42.3
2008-12-11,2812.70,64001,64001,42.4
2008-12-12,2812.71,64045,64045,42.4
2008-12-13,2812.72,64089,64089,42.4
2008-12-14,2812.74,64177,64177,42.5
2008-12-15,2812.73,64133,64133,42.4
2008-12-16,2812.74,64177,64177,42.5
2008-12-17,2812.77,64310,64310,42.6
2008-12-18,2812.80,64443,64443,42.6
2008-12-19,2812.81,64487,64487,42.7
2008-12-21,2812.84,64620,64620,42.8
2008-12-22,2812.85,64664,64664,42.8
2008-12-23,2812.88,64796,64796,42.9
2008-12-24,2812.88,64796,64796,42.9
2008-12-25,2812.90,64885,64885,42.9
2008-12-26,2812.92,64973,64973,43.0
2008-12-27,2812.95,65106,65106,43.1
2008-12-28,2812.94,65062,65062,43.1
2008-12-29,2812.96,65150,65150,43.1
2008-12-30,2812.98,65238,65238,43.2
2008-12-31,2813.00,65327,65327,43.2
2009-01-01,2813.02,65415,65415,43.3
2009-01-02,2813.03,65460,65460,43.3
2009-01-03,2813.05,65548,65548,43.4
2009-01-04,2813.06,65592,65592,43.4
2009-01-05,2813.06,65592,65592,43.4
2009-01-06,2813.09,65725,65725,43.5
2009-01-07,2813.09,65725,65725,43.5
2009-01-08,2813.09,65725,65725,43.5
2009-01-09,2813.12,65857,65857,43.6
2009-01-10,2813.12,65857,65857,43.6
2009-01-11,2813.12,65857,65857,43.6
2009-01-12,2813.14,65946,65946,43.6
2009-01-13,2813.14,65946,65946,43.6
2009-01-14,2813.16,66034,66034,43.7
2009-01-15,2813.16,66034,66034,43.7
2009-01-16,2813.17,66078,66078,43.7
2009-01-17,2813.19,66167,66167,43.8
2009-01-18,2813.20,66211,66211,43.8
2009-01-19,2813.21,66255,66255,43.8
2009-01-20,2813.21,66255,66255,43.8
2009-01-21,2813.22,66300,66300,43.9
2009-01-22,2813.24,66388,66388,43.9
2009-01-23,2813.26,66476,66476,44.0
2009-01-24,2813.25,66432,66432,44.0
2009-01-25,2813.26,66476,66476,44.0
2009-01-26,2813.27,66521,66521,44.0
2009-01-27,2813.28,66565,66565,44.1
2009-01-28,2813.28,66565,66565,44.1
2009-01-29,2813.30,66653,66653,44.1
2009-01-30,2813.29,66609,66609,44.1
2009-01-31,2813.30,66653,66653,44.1
2009-02-01,2813.32,66742,66742,44.2
2009-02-02,2813.31,66697,66697,44.1
2009-02-03,2813.32,66742,66742,44.2
2009-02-04,2813.33,66786,66786,44.2
2009-02-05,2813.34,66830,66830,44.2
2009-02-06,2813.35,66874,66874,44.3
2009-02-07,2813.36,66918,66918,44.3
2009-02-08,2813.37,66963,66963,44.3
2009-02-09,2813.38,67007,67007,44.3
2009-02-10,2813.37,66963,66963,44.3
2009-02-11,2813.37,66963,66963,44.3
2009-02-12,2813.37,66963,66963,44.3
2009-02-13,2813.39,67051,67051,44.4
2009-02-14,2813.39,67051,67051,44.4
2009-02-15,2813.39,67051,67051,44.4
2009-02-16,2813.40,67095,67095,44.4
2009-02-17,2813.41,67139,67139,44.4
2009-02-18,2813.42,67184,67184,44.5
2009-02-19,2813.42,67184,67184,44.5
2009-02-20,2813.43,67228,67228,44.5
2009-02-21,2813.44,67272,67272,44.5
2009-02-22,2813.45,67316,67316,44.5
2009-02-23,2813.47,67405,67405,44.6
2009-02-24,2813.49,67493,67493,44.7
2009-02-25,2813.47,67405,67405,44.6
2009-02-26,2813.46,67361,67361,44.6
2009-02-27,2813.42,67184,67184,44.5
2009-02-28,2813.38,67007,67007,44.3
2009-03-01,2813.35,66874,66874,44.3
2009-03-02,2813.34,66830,66830,44.2
2009-03-03,2813.34,66830,66830,44.2
2009-03-04,2813.34,66830,66830,44.2
2009-03-05,2813.33,66786,66786,44.2
2009-03-06,2813.32,66742,66742,44.2
2009-03-07,2813.31,66697,66697,44.1
2009-03-08,2813.30,66653,66653,44.1
2009-03-09,2813.31,66697,66697,44.1
2009-03-10,2813.30,66653,66653,44.1
2009-03-11,2813.29,66609,66609,44.1
2009-03-12,2813.29,66609,66609,44.1
2009-03-13,2813.29,66609,66609,44.1
2009-03-14,2813.30,66653,66653,44.1
2009-03-15,2813.30,66653,66653,44.1
2009-03-16,2813.30,66653,66653,44.1
2009-03-17,2813.31,66697,66697,44.1
2009-03-18,2813.31,66697,66697,44.1
2009-03-19,2813.31,66697,66697,44.1
2009-03-20,2813.30,66653,66653,44.1
2009-03-21,2813.31,66697,66697,44.1
2009-03-22,2813.31,66697,66697,44.1
2009-03-23,2813.31,66697,66697,44.1
2009-03-24,2813.29,66609,66609,44.1
2009-03-25,2813.28,66565,66565,44.1
2009-03-26,2813.26,66476,66476,44.0
2009-03-27,2813.20,66211,66211,43.8
2009-03-28,2813.11,65813,65813,43.6
2009-03-29,2813.09,65725,65725,43.5
2009-03-30,2813.09,65725,65725,43.5
2009-03-31,2813.04,65504,65504,43.3
2009-04-01,2813.04,65504,65504,43.3
2009-04-02,2813.01,65371,65371,43.3
2009-04-03,2812.99,65283,65283,43.2
2009-04-04,2813.01,65371,65371,43.3
2009-04-05,2812.96,65150,65150,43.1
2009-04-06,2812.95,65106,65106,43.1
2009-04-07,2812.95,65106,65106,43.1
2009-04-08,2812.97,65194,65194,43.1
2009-04-09,2813.00,65327,65327,43.2
2009-04-10,2812.93,65017,65017,43.0
2009-04-11,2812.94,65062,65062,43.1
2009-04-12,2812.96,65150,65150,43.1
2009-04-13,2812.94,65062,65062,43.1
2009-04-14,2812.93,65017,65017,43.0
2009-04-15,2812.92,64973,64973,43.0
2009-04-16,2812.92,64973,64973,43.0
2009-04-17,2812.90,64885,64885,42.9
2009-04-18,2812.87,64752,64752,42.9
2009-04-19,2812.83,64575,64575,42.7
2009-04-20,2812.78,64354,64354,42.6
2009-04-21,2812.75,64222,64222,42.5
2009-04-22,2812.68,63912,63912,42.3
2009-04-23,2812.61,63603,63603,42.1
2009-04-24,2812.54,63293,63293,41.9
2009-04-25,2812.47,62984,62984,41.7
2009-04-26,2812.41,62718,62718,41.5
2009-04-27,2812.34,62409,62409,41.3
2009-04-28,2812.30,62232,62232,41.2
2009-04-29,2812.30,62232,62232,41.2
2009-04-30,2812.26,62055,62055,41.1
2009-05-01,2812.21,61834,61834,40.9
2009-05-02,2812.17,61657,61657,40.8
2009-05-03,2812.11,61392,61392,40.6
2009-05-04,2812.02,60994,60994,40.4
2009-05-05,2811.94,60641,60641,40.1
2009-05-06,2811.84,60199,60199,39.8
2009-05-07,2811.75,59801,59801,39.6
2009-05-08,2811.66,59425,59425,39.3
2009-05-09,2811.56,59021,59021,39.1
2009-05-10,2811.46,58617,58617,38.8
2009-05-11,2811.37,58253,58253,38.6
2009-05-12,2811.28,57889,57889,38.3
2009-05-13,2811.19,57525,57525,38.1
2009-05-14,2811.10,57161,57161,37.8
2009-05-15,2810.99,56716,56716,37.5
2009-05-16,2810.90,56352,56352,37.3
2009-05-17,2810.81,55988,55988,37.1
2009-05-18,2810.71,55584,55584,36.8
2009-05-19,2810.61,55179,55179,36.5
2009-05-20,2810.53,54856,54856,36.3
2009-05-21,2810.46,54573,54573,36.1
2009-05-22,2810.43,54451,54451,36.0
2009-05-23,2810.43,54451,54451,36.0
2009-05-24,2810.41,54370,54370,36.0
2009-05-25,2810.39,54289,54289,35.9
2009-05-26,2810.36,54168,54168,35.8
2009-05-27,2810.31,53966,53966,35.7
2009-05-28,2810.26,53764,53764,35.6
2009-05-29,2810.18,53440,53440,35.4
2009-05-30,2810.10,53117,53117,35.2
2009-05-31,2810.02,52793,52793,34.9
2009-06-01,2809.94,52470,52470,34.7
2009-06-02,2809.86,52146,52146,34.5
2009-06-03,2809.78,51823,51823,34.3
2009-06-04,2809.71,51543,51543,34.1
2009-06-05,2809.63,51251,51251,33.9
2009-06-06,2809.56,50995,50995,33.7
2009-06-07,2809.49,50739,50739,33.6
2009-06-08,2809.41,50446,50446,33.4
2009-06-09,2809.34,50190,50190,33.2
2009-06-10,2809.31,50080,50080,33.1
2009-06-11,2809.25,49861,49861,33.0
2009-06-12,2809.19,49641,49641,32.9
2009-06-13,2809.13,49422,49422,32.7
2009-06-14,2809.07,49202,49202,32.6
2009-06-15,2809.04,49093,49093,32.5
2009-06-16,2808.98,48873,48873,32.3
2009-06-17,2808.92,48654,48654,32.2
2009-06-18,2808.87,48471,48471,32.1
2009-06-19,2808.83,48324,48324,32.0
2009-06-20,2808.81,48251,48251,31.9
2009-06-21,2809.03,49056,49056,32.5
2009-06-22,2809.26,49897,49897,33.0
2009-06-23,2809.34,50190,50190,33.2
2009-06-24,2809.36,50263,50263,33.3
2009-06-25,2809.36,50263,50263,33.3
2009-06-26,2809.35,50227,50227,33.2
2009-06-27,2809.32,50117,50117,33.2
2009-06-28,2809.29,50007,50007,33.1
2009-06-29,2809.25,49861,49861,33.0
2009-06-30,2809.46,50629,50629,33.5
2009-07-01,2809.77,51782,51782,34.3
2009-07-02,2809.87,52187,52187,34.5
2009-07-03,2809.90,52308,52308,34.6
2009-07-04,2809.91,52348,52348,34.6
2009-07-05,2809.94,52470,52470,34.7
2009-07-06,2809.97,52591,52591,34.8
2009-07-07,2810.00,52712,52712,34.9
2009-07-08,2810.01,52753,52753,34.9
2009-07-09,2810.01,52753,52753,34.9
2009-07-10,2810.00,52712,52712,34.9
2009-07-11,2809.99,52672,52672,34.9
2009-07-12,2809.97,52591,52591,34.8
2009-07-13,2809.96,52551,52551,34.8
2009-07-14,2809.94,52470,52470,34.7
2009-07-15,2809.92,52389,52389,34.7
2009-07-16,2809.92,52389,52389,34.7
2009-07-17,2809.91,52348,52348,34.6
2009-07-18,2809.89,52267,52267,34.6
2009-07-19,2809.88,52227,52227,34.6
2009-07-20,2809.88,52227,52227,34.6
2009-07-21,2809.88,52227,52227,34.6
2009-07-22,2809.96,52551,52551,34.8
2009-07-23,2810.02,52793,52793,34.9
2009-07-24,2810.04,52874,52874,35.0
2009-07-25,2810.06,52955,52955,35.0
2009-07-26,2810.07,52995,52995,35.1
2009-07-27,2810.07,52995,52995,35.1
2009-07-28,2810.06,52955,52955,35.0
2009-07-29,2810.05,52915,52915,35.0
2009-07-30,2810.01,52753,52753,34.9
2009-07-31,2811.23,57686,57686,38.2
2009-08-01,2811.69,59547,59547,39.4
2009-08-02,2811.81,60066,60066,39.7
2009-08-03,2811.80,60022,60022,39.7
2009-08-04,2811.76,59845,59845,39.6
2009-08-05,2811.69,59547,59547,39.4
2009-08-06,2811.63,59304,59304,39.2
2009-08-07,2811.57,59061,59061,39.1
2009-08-08,2811.52,58859,58859,39.0
2009-08-09,2811.47,58657,58657,38.8
2009-08-10,2811.41,58414,58414,38.7
2009-08-11,2811.34,58131,58131,38.5
2009-08-12,2811.26,57808,57808,38.3
2009-08-13,2811.18,57484,57484,38.0
2009-08-14,2811.10,57161,57161,37.8
2009-08-15,2811.01,56797,56797,37.6
2009-08-16,2810.93,56473,56473,37.4
2009-08-17,2810.84,56109,56109,37.1
2009-08-18,2810.75,55745,55745,36.9
2009-08-19,2810.66,55381,55381,36.6
2009-08-20,2810.58,55058,55058,36.4
2009-08-21,2810.49,54694,54694,36.2
2009-08-22,2810.42,54411,54411,36.0
2009-08-23,2810.33,54047,54047,35.8
2009-08-24,2810.23,53642,53642,35.5
2009-08-25,2810.15,53319,53319,35.3
2009-08-26,2810.06,52955,52955,35.0
2009-08-27,2809.97,52591,52591,34.8
2009-08-28,2809.89,52267,52267,34.6
2009-08-29,2809.82,51984,51984,34.4
2009-08-30,2809.74,51661,51661,34.2
2009-08-31,2809.66,51361,51361,34.0
2009-09-01,2809.57,51031,51031,33.8
2009-09-02,2809.52,50848,50848,33.6
2009-09-03,2809.47,50665,50665,33.5
2009-09-04,2809.43,50519,50519,33.4
2009-09-05,2809.41,50446,50446,33.4
2009-09-06,2809.39,50373,50373,33.3
2009-09-07,2809.36,50263,50263,33.3
2009-09-08,2809.32,50117,50117,33.2
2009-09-09,2809.29,50007,50007,33.1
2009-09-10,2809.28,49970,49970,33.1
2009-09-11,2809.26,49897,49897,33.0
2009-09-12,2809.36,50263,50263,33.3
2009-09-13,2809.46,50629,50629,33.5
2009-09-14,2809.48,50702,50702,33.6
2009-09-15,2809.49,50739,50739,33.6
2009-09-16,2809.50,50775,50775,33.6
2009-09-17,2809.51,50812,50812,33.6
2009-09-18,2809.51,50812,50812,33.6
2009-09-19,2809.50,50775,50775,33.6
2009-09-20,2809.51,50812,50812,33.6
2009-09-23,2809.48,50702,50702,33.6
2009-09-24,2809.48,50702,50702,33.6
2009-09-25,2809.48,50702,50702,33.6
2009-09-26,2809.49,50739,50739,33.6
2009-09-27,2809.49,50739,50739,33.6
2009-09-28,2809.49,50739,50739,33.6
2009-09-29,2809.47,50665,50665,33.5
2009-09-30,2809.49,50739,50739,33.6
2009-10-01,2809.50,50775,50775,33.6
2009-10-02,2809.48,50702,50702,33.6
2009-10-03,2809.45,50592,50592,33.5
2009-10-04,2809.43,50519,50519,33.4
2009-10-05,2809.42,50483,50483,33.4
2009-10-06,2809.40,50409,50409,33.4
2009-10-07,2809.36,50263,50263,33.3
2009-10-08,2809.36,50263,50263,33.3
2009-10-09,2809.32,50117,50117,33.2
2009-10-10,2809.28,49970,49970,33.1
2009-10-11,2809.28,49970,49970,33.1
2009-10-12,2809.29,50007,50007,33.1
2009-10-13,2809.32,50117,50117,33.2
2009-10-14,2809.34,50190,50190,33.2
2009-10-15,2809.35,50227,50227,33.2
2009-10-16,2809.36,50263,50263,33.3
2009-10-17,2809.36,50263,50263,33.3
2009-10-18,2809.37,50300,50300,33.3
2009-10-19,2809.38,50336,50336,33.3
2009-10-20,2809.38,50336,50336,33.3
2009-10-21,2809.45,50592,50592,33.5
2009-10-22,2809.46,50629,50629,33.5
2009-10-23,2809.48,50702,50702,33.6
2009-10-24,2809.49,50739,50739,33.6
2009-10-25,2809.50,50775,50775,33.6
2009-10-26,2809.52,50848,50848,33.6
2009-10-27,2809.52,50848,50848,33.6
2009-10-28,2809.54,50922,50922,33.7
2009-10-29,2809.56,50995,50995,33.7
2009-10-30,2809.55,50958,50958,33.7
2009-10-31,2809.52,50848,50848,33.6
2009-11-01,2809.51,50812,50812,33.6
2009-11-02,2809.49,50739,50739,33.6
2009-11-03,2809.47,50665,50665,33.5
2009-11-04,2809.45,50592,50592,33.5
2009-11-05,2809.44,50556,50556,33.5
2009-11-06,2809.45,50592,50592,33.5
2009-11-07,2809.47,50665,50665,33.5
2009-11-08,2809.49,50739,50739,33.6
2009-11-09,2809.51,50812,50812,33.6
2009-11-10,2809.52,50848,50848,33.6
2009-11-11,2809.54,50922,50922,33.7
2009-11-12,2809.55,50958,50958,33.7
2009-11-13,2809.55,50958,50958,33.7
2009-11-14,2809.54,50922,50922,33.7
2009-11-15,2809.53,50885,50885,33.7
2009-11-16,2809.48,50702,50702,33.6
2009-11-17,2809.45,50592,50592,33.5
2009-11-18,2809.43,50519,50519,33.4
2009-11-19,2809.44,50556,50556,33.5
2009-11-20,2809.46,50629,50629,33.5
2009-11-21,2809.46,50629,50629,33.5
2009-11-22,2809.48,50702,50702,33.6
2009-11-23,2809.50,50775,50775,33.6
2009-11-24,2809.51,50812,50812,33.6
2009-11-25,2809.52,50848,50848,33.6
2009-11-26,2809.54,50922,50922,33.7
2009-11-27,2809.55,50958,50958,33.7
2009-11-28,2809.58,51068,51068,33.8
2009-11-29,2809.61,51178,51178,33.9
2009-11-30,2809.62,51214,51214,33.9
2009-12-01,2809.73,51620,51620,34.2
2009-12-02,2809.78,51823,51823,34.3
2009-12-03,2809.79,51863,51863,34.3
2009-12-04,2809.81,51944,51944,34.4
2009-12-05,2809.84,52065,52065,34.5
2009-12-06,2809.87,52187,52187,34.5
2009-12-07,2809.89,52267,52267,34.6
2009-12-08,2809.90,52308,52308,34.6
2009-12-09,2809.92,52389,52389,34.7
2009-12-10,2809.94,52470,52470,34.7
2009-12-11,2809.96,52551,52551,34.8
2009-12-12,2809.98,52631,52631,34.8
2009-12-13,2810.01,52753,52753,34.9
2009-12-14,2810.03,52834,52834,35.0
2009-12-15,2810.05,52915,52915,35.0
2009-12-16,2810.06,52955,52955,35.0
2009-12-17,2810.09,53076,53076,35.1
2009-12-18,2810.12,53198,53198,35.2
2009-12-19,2810.13,53238,53238,35.2
2009-12-20,2810.15,53319,53319,35.3
2009-12-21,2810.17,53400,53400,35.3
2009-12-22,2810.20,53521,53521,35.4
2009-12-23,2810.22,53602,53602,35.5
2009-12-24,2810.24,53683,53683,35.5
2009-12-25,2810.25,53723,53723,35.6
2009-12-26,2810.28,53845,53845,35.6
2009-12-27,2810.29,53885,53885,35.7
2009-12-28,2810.31,53966,53966,35.7
2009-12-29,2810.33,54047,54047,35.8
2009-12-30,2810.37,54209,54209,35.9
2009-12-31,2810.39,54289,54289,35.9
2010-01-01,2810.40,54330,54330,36.0
2010-01-02,2810.43,54451,54451,36.0
2010-01-03,2810.45,54532,54532,36.1
2010-01-04,2810.46,54573,54573,36.1
2010-01-05,2810.48,54653,54653,36.2
2010-01-06,2810.51,54775,54775,36.2
2010-01-07,2810.52,54815,54815,36.3
2010-01-08,2810.52,54815,54815,36.3
2010-01-09,2810.54,54896,54896,36.3
2010-01-10,2810.56,54977,54977,36.4
2010-01-11,2810.59,55098,55098,36.5
2010-01-12,2810.60,55139,55139,36.5
2010-01-13,2810.62,55220,55220,36.5
2010-01-14,2810.65,55341,55341,36.6
2010-01-15,2810.68,55462,55462,36.7
2010-01-16,2810.68,55462,55462,36.7
2010-01-17,2810.71,55584,55584,36.8
2010-01-18,2810.73,55664,55664,36.8
2010-01-19,2810.73,55664,55664,36.8
2010-01-20,2810.75,55745,55745,36.9
2010-01-21,2810.76,55786,55786,36.9
2010-01-22,2810.76,55786,55786,36.9
2010-01-23,2810.77,55826,55826,36.9
2010-01-24,2810.78,55867,55867,37.0
2010-01-25,2810.77,55826,55826,36.9
2010-01-26,2810.79,55907,55907,37.0
2010-01-27,2810.81,55988,55988,37.1
2010-01-28,2810.90,56352,56352,37.3
2010-01-29,2810.91,56392,56392,37.3
2010-01-30,2810.92,56433,56433,37.3
2010-01-31,2810.95,56554,56554,37.4
2010-02-01,2810.98,56675,56675,37.5
2010-02-02,2811.00,56756,56756,37.6
2010-02-03,2811.08,57080,57080,37.8
2010-02-04,2811.16,57403,57403,38.0
2010-02-05,2811.19,57525,57525,38.1
2010-02-06,2811.22,57646,57646,38.1
2010-02-07,2811.25,57767,57767,38.2
2010-02-08,2811.28,57889,57889,38.3
2010-02-09,2811.28,57889,57889,38.3
2010-02-10,2811.29,57929,57929,38.3
2010-02-11,2811.35,58172,58172,38.5
2010-02-12,2811.38,58293,58293,38.6
2010-02-13,2811.40,58374,58374,38.6
2010-02-14,2811.43,58495,58495,38.7
2010-02-15,2811.43,58495,58495,38.7
2010-02-16,2811.45,58576,58576,38.8
2010-02-17,2811.46,58617,58617,38.8
2010-02-18,2811.48,58697,58697,38.8
2010-02-19,2811.50,58778,58778,38.9
2010-02-20,2811.51,58819,58819,38.9
2010-02-21,2811.53,58900,58900,39.0
2010-02-22,2811.54,58940,58940,39.0
2010-02-23,2811.58,59102,59102,39.1
2010-02-24,2811.57,59061,59061,39.1
2010-02-25,2811.59,59142,59142,39.1
2010-02-26,2811.61,59223,59223,39.2
2010-02-27,2811.61,59223,59223,39.2
2010-02-28,2811.63,59304,59304,39.2
2010-03-01,2811.66,59425,59425,39.3
2010-03-02,2811.65,59385,59385,39.3
2010-03-03,2811.67,59466,59466,39.4
2010-03-04,2811.69,59547,59547,39.4
2010-03-05,2811.71,59628,59628,39.5
2010-03-06,2811.72,59668,59668,39.5
2010-03-07,2811.74,59756,59756,39.5
2010-03-08,2811.78,59933,59933,39.7
2010-03-09,2811.76,59845,59845,39.6
2010-03-10,2811.77,59889,59889,39.6
2010-03-11,2811.75,59801,59801,39.6
2010-03-12,2811.70,59587,59587,39.4
2010-03-13,2811.66,59425,59425,39.3
2010-03-14,2811.65,59385,59385,39.3
2010-03-15,2811.63,59304,59304,39.2
2010-03-16,2811.64,59344,59344,39.3
2010-03-17,2811.66,59425,59425,39.3
2010-03-18,2811.67,59466,59466,39.4
2010-03-19,2811.68,59506,59506,39.4
2010-03-20,2811.69,59547,59547,39.4
2010-03-21,2811.67,59466,59466,39.4
2010-03-22,2811.67,59466,59466,39.4
2010-03-23,2811.70,59587,59587,39.4
2010-03-24,2811.70,59587,59587,39.4
2010-03-25,2811.69,59547,59547,39.4
2010-03-26,2811.70,59587,59587,39.4
2010-03-27,2811.67,59466,59466,39.4
2010-03-28,2811.61,59223,59223,39.2
2010-03-29,2811.58,59102,59102,39.1
2010-03-30,2811.56,59021,59021,39.1
2010-03-31,2811.53,58900,58900,39.0
2010-04-01,2811.50,58778,58778,38.9
2010-04-02,2811.50,58778,58778,38.9
2010-04-03,2811.48,58697,58697,38.8
2010-04-04,2811.49,58738,58738,38.9
2010-04-05,2811.48,58697,58697,38.8
2010-04-06,2811.48,58697,58697,38.8
2010-04-07,2811.45,58576,58576,38.8
2010-04-08,2811.42,58455,58455,38.7
2010-04-09,2811.41,58414,58414,38.7
2010-04-10,2811.41,58414,58414,38.7
2010-04-11,2811.40,58374,58374,38.6
2010-04-12,2811.38,58293,58293,38.6
2010-04-13,2811.37,58253,58253,38.6
2010-04-14,2811.36,58212,58212,38.5
2010-04-15,2811.37,58253,58253,38.6
2010-04-16,2811.38,58293,58293,38.6
2010-04-17,2811.37,58253,58253,38.6
2010-04-18,2811.39,58333,58333,38.6
2010-04-19,2811.39,58333,58333,38.6
2010-04-20,2811.40,58374,58374,38.6
2010-04-21,2811.40,58374,58374,38.6
2010-04-22,2811.41,58414,58414,38.7
2010-04-23,2811.41,58414,58414,38.7
2010-04-24,2811.37,58253,58253,38.6
2010-04-25,2811.31,58010,58010,38.4
2010-04-26,2811.28,57889,57889,38.3
2010-04-27,2811.25,57767,57767,38.2
2010-04-28,2811.22,57646,57646,38.1
2010-04-29,2811.19,57525,57525,38.1
2010-04-30,2811.15,57363,57363,38.0
2010-05-01,2811.11,57201,57201,37.9
2010-05-02,2811.11,57201,57201,37.9
2010-05-03,2811.11,57201,57201,37.9
2010-05-04,2811.10,57161,57161,37.8
2010-05-05,2811.09,57120,57120,37.8
2010-05-06,2811.10,57161,57161,37.8
2010-05-07,2811.08,57080,57080,37.8
2010-05-08,2811.05,56959,56959,37.7
2010-05-09,2811.04,56918,56918,37.7
2010-05-10,2811.05,56959,56959,37.7
2010-05-11,2811.02,56837,56837,37.6
2010-05-12,2811.00,56756,56756,37.6
2010-05-13,2810.98,56675,56675,37.5
2010-05-14,2810.92,56433,56433,37.3
2010-05-15,2810.85,56150,56150,37.2
2010-05-16,2810.77,55826,55826,36.9
2010-05-17,2810.63,55260,55260,36.6
2010-05-18,2810.50,54734,54734,36.2
2010-05-19,2810.36,54168,54168,35.8
2010-05-20,2810.20,53521,53521,35.4
2010-05-21,2810.04,52874,52874,35.0
2010-05-22,2809.88,52227,52227,34.6
2010-05-23,2809.73,51620,51620,34.2
2010-05-24,2809.56,50995,50995,33.7
2010-05-25,2809.40,50409,50409,33.4
2010-05-26,2809.25,49861,49861,33.0
2010-05-27,2809.10,49312,49312,32.6
2010-05-28,2808.94,48727,48727,32.2
2010-05-29,2808.78,48141,48141,31.9
2010-05-30,2808.61,47520,47520,31.4
2010-05-31,2808.44,46898,46898,31.0
2010-06-01,2808.29,46349,46349,30.7
2010-06-02,2808.20,46020,46020,30.5
2010-06-03,2808.15,45837,45837,30.3
2010-06-04,2808.12,45727,45727,30.3
2010-06-05,2808.07,45544,45544,30.1
2010-06-06,2807.99,45252,45252,29.9
2010-06-07,2807.95,45105,45105,29.8
2010-06-08,2808.02,45361,45361,30.0
2010-06-09,2807.94,45069,45069,29.8
2010-06-10,2807.85,44740,44740,29.6
2010-06-11,2807.75,44374,44374,29.4
2010-06-12,2807.63,43968,43968,29.1
2010-06-13,2807.52,43607,43607,28.9
2010-06-14,2807.44,43344,43344,28.7
2010-06-15,2807.35,43048,43048,28.5
2010-06-16,2807.26,42753,42753,28.3
2010-06-17,2807.18,42490,42490,28.1
2010-06-18,2807.11,42260,42260,28.0
2010-06-19,2807.04,42030,42030,27.8
2010-06-20,2806.97,41800,41800,27.7
2010-06-21,2806.92,41636,41636,27.6
2010-06-22,2806.85,41406,41406,27.4
2010-06-23,2806.78,41176,41176,27.2
2010-06-24,2806.71,40946,40946,27.1
2010-06-25,2806.63,40683,40683,26.9
2010-06-26,2806.55,40420,40420,26.7
2010-06-27,2806.48,40190,40190,26.6
2010-06-28,2806.42,39993,39993,26.5
2010-06-29,2806.36,39796,39796,26.3
2010-06-30,2806.65,40749,40749,27.0
2010-07-01,2806.76,41110,41110,27.2
2010-07-02,2806.85,41406,41406,27.4
2010-07-03,2806.97,41800,41800,27.7
2010-07-04,2807.05,42063,42063,27.8
2010-07-05,2807.14,42358,42358,28.0
2010-07-06,2807.20,42556,42556,28.2
2010-07-07,2807.24,42687,42687,28.2
2010-07-08,2807.37,43114,43114,28.5
2010-07-09,2807.54,43673,43673,28.9
2010-07-10,2807.60,43870,43870,29.0
2010-07-11,2807.66,44067,44067,29.2
2010-07-12,2807.80,44557,44557,29.5
2010-07-13,2807.92,44996,44996,29.8
2010-07-14,2807.96,45142,45142,29.9
2010-07-15,2807.99,45252,45252,29.9
2010-07-16,2808.01,45325,45325,30.0
2010-07-17,2808.02,45361,45361,30.0
2010-07-18,2808.01,45325,45325,30.0
2010-07-19,2808.01,45325,45325,30.0
2010-07-20,2808.01,45325,45325,30.0
2010-07-21,2808.01,45325,45325,30.0
2010-07-22,2808.00,45288,45288,30.0
2010-07-23,2808.00,45288,45288,30.0
2010-07-24,2807.97,45178,45178,29.9
2010-07-25,2807.97,45178,45178,29.9
2010-07-26,2807.97,45178,45178,29.9
2010-07-27,2807.95,45105,45105,29.8
2010-07-28,2807.96,45142,45142,29.9
2010-07-29,2807.98,45215,45215,29.9
2010-07-30,2808.02,45361,45361,30.0
2010-07-31,2808.10,45654,45654,30.2
2010-08-01,2808.11,45691,45691,30.2
2010-08-02,2808.09,45617,45617,30.2
2010-08-03,2808.02,45361,45361,30.0
2010-08-04,2807.96,45142,45142,29.9
2010-08-05,2807.89,44886,44886,29.7
2010-08-06,2807.82,44630,44630,29.5
2010-08-07,2807.74,44337,44337,29.3
2010-08-08,2807.67,44100,44100,29.2
2010-08-09,2807.61,43903,43903,29.1
2010-08-10,2807.55,43705,43705,28.9
2010-08-11,2807.47,43443,43443,28.7
2010-08-12,2807.39,43180,43180,28.6
2010-08-13,2807.31,42917,42917,28.4
2010-08-14,2807.21,42588,42588,28.2
2010-08-15,2807.11,42260,42260,28.0
2010-08-16,2807.00,41898,41898,27.7
2010-08-17,2806.88,41504,41504,27.5
2010-08-18,2806.77,41143,41143,27.2
2010-08-19,2806.57,40486,40486,26.8
2010-08-20,2806.48,40190,40190,26.6
2010-08-21,2806.35,39763,39763,26.3
2010-08-22,2806.22,39336,39336,26.0
2010-08-23,2806.11,38974,38974,25.8
2010-08-24,2806.00,38613,38613,25.6
2010-08-25,2805.85,38120,38120,25.2
2010-08-26,2805.72,37693,37693,24.9
2010-08-27,2805.59,37316,37316,24.7
2010-08-28,2805.47,36968,36968,24.5
2010-08-29,2805.36,36650,36650,24.3
2010-08-30,2805.25,36331,36331,24.0
2010-08-31,2805.22,36244,36244,24.0
2010-09-01,2805.13,35983,35983,23.8
2010-09-02,2805.04,35722,35722,23.6
2010-09-03,2804.96,35491,35491,23.5
2010-09-04,2804.95,35462,35462,23.5
2010-09-05,2804.98,35548,35548,23.5
2010-09-06,2805.02,35664,35664,23.6
2010-09-07,2805.05,35751,35751,23.7
2010-09-08,2805.08,35838,35838,23.7
2010-09-09,2805.10,35896,35896,23.8
2010-09-10,2805.12,35954,35954,23.8
2010-09-11,2805.13,35983,35983,23.8
2010-09-12,2805.13,35983,35983,23.8
2010-09-13,2805.15,36041,36041,23.9
2010-09-14,2805.12,35954,35954,23.8
2010-09-15,2805.12,35954,35954,23.8
2010-09-16,2805.11,35925,35925,23.8
2010-09-17,2805.34,36592,36592,24.2
2010-09-18,2805.38,36708,36708,24.3
2010-09-19,2805.40,36766,36766,24.3
2010-09-20,2805.44,36882,36882,24.4
2010-09-21,2805.49,37026,37026,24.5
2010-09-22,2805.52,37113,37113,24.6
2010-09-23,2805.59,37316,37316,24.7
2010-09-24,2805.68,37577,37577,24.9
2010-09-25,2805.80,37956,37956,25.1
2010-09-26,2805.98,38547,38547,25.5
2010-09-27,2806.03,38712,38712,25.6
2010-09-28,2806.02,38679,38679,25.6
2010-09-29,2805.96,38482,38482,25.5
2010-09-30,2805.90,38284,38284,25.3
2010-10-01,2805.83,38054,38054,25.2
2010-10-02,2805.76,37824,37824,25.0
2010-10-03,2805.74,37759,37759,25.0
2010-10-04,2805.76,37824,37824,25.0
2010-10-05,2805.77,37857,37857,25.1
2010-10-06,2805.79,37923,37923,25.1
2010-10-07,2805.82,38022,38022,25.2
2010-10-08,2805.85,38120,38120,25.2
2010-10-09,2805.89,38252,38252,25.3
2010-10-10,2805.92,38350,38350,25.4
2010-10-11,2805.94,38416,38416,25.4
2010-10-12,2805.96,38482,38482,25.5
2010-10-13,2805.97,38514,38514,25.5
2010-10-14,2805.94,38416,38416,25.4
2010-10-15,2805.89,38252,38252,25.3
2010-10-16,2805.83,38054,38054,25.2
2010-10-17,2805.77,37857,37857,25.1
2010-10-18,2805.71,37664,37664,24.9
2010-10-19,2805.67,37548,37548,24.8
2010-10-20,2805.67,37548,37548,24.8
2010-10-21,2805.71,37664,37664,24.9
2010-10-22,2805.74,37759,37759,25.0
2010-10-23,2805.76,37824,37824,25.0
2010-10-24,2805.76,37824,37824,25.0
2010-10-25,2805.78,37890,37890,25.1
2010-10-26,2805.78,37890,37890,25.1
2010-10-27,2805.81,37989,37989,25.1
2010-10-28,2805.82,38022,38022,25.2
2010-10-29,2805.83,38054,38054,25.2
2010-10-30,2805.86,38153,38153,25.2
2010-10-31,2805.88,38219,38219,25.3
2010-11-01,2805.90,38284,38284,25.3
2010-11-02,2805.93,38383,38383,25.4
2010-11-03,2806.00,38613,38613,25.6
2010-11-04,2806.36,39796,39796,26.3
2010-11-05,2806.82,41307,41307,27.3
2010-11-06,2807.23,42654,42654,28.2
2010-11-07,2807.70,44198,44198,29.2
2010-11-08,2808.18,45947,45947,30.4
2010-11-09,2808.64,47629,47629,31.5
2010-11-10,2809.07,49202,49202,32.6
2010-11-11,2809.43,50519,50519,33.4
2010-11-19,2810.15,53319,53319,35.3
2010-11-20,2810.16,53359,53359,35.3
2010-11-21,2810.18,53440,53440,35.4
2010-11-22,2810.19,53481,53481,35.4
2010-11-23,2810.19,53481,53481,35.4
2010-11-24,2810.20,53521,53521,35.4
2010-11-25,2810.21,53562,53562,35.4
2010-11-26,2810.20,53521,53521,35.4
2010-11-27,2810.21,53562,53562,35.4
2010-11-28,2810.23,53642,53642,35.5
2010-11-29,2810.23,53642,53642,35.5
2010-11-30,2810.25,53723,53723,35.6
2010-12-01,2810.26,53764,53764,35.6
2010-12-02,2810.27,53804,53804,35.6
2010-12-03,2810.29,53885,53885,35.7
2010-12-04,2810.30,53926,53926,35.7
2010-12-05,2810.30,53926,53926,35.7
2010-12-06,2810.31,53966,53966,35.7
2010-12-07,2810.33,54047,54047,35.8
2010-12-08,2810.33,54047,54047,35.8
2010-12-09,2810.36,54168,54168,35.8
2010-12-10,2810.39,54289,54289,35.9
2010-12-11,2810.41,54370,54370,36.0
2010-12-12,2810.43,54451,54451,36.0
2010-12-13,2810.45,54532,54532,36.1
2010-12-14,2810.48,54653,54653,36.2
2010-12-15,2810.51,54775,54775,36.2
2010-12-16,2810.52,54815,54815,36.3
2010-12-17,2810.54,54896,54896,36.3
2010-12-18,2810.56,54977,54977,36.4
2010-12-19,2810.59,55098,55098,36.5
2010-12-20,2810.61,55179,55179,36.5
2010-12-21,2810.64,55300,55300,36.6
2010-12-22,2810.65,55341,55341,36.6
2010-12-23,2810.68,55462,55462,36.7
2010-12-24,2810.70,55543,55543,36.8
2010-12-25,2810.72,55624,55624,36.8
2010-12-26,2810.74,55705,55705,36.9
2010-12-27,2810.77,55826,55826,36.9
2010-12-28,2810.81,55988,55988,37.1
2010-12-29,2810.83,56069,56069,37.1
2010-12-30,2810.86,56190,56190,37.2
2010-12-31,2810.89,56311,56311,37.3
2011-01-01,2810.90,56352,56352,37.3
2011-01-02,2810.92,56433,56433,37.3
2011-01-03,2810.94,56514,56514,37.4
2011-01-04,2810.96,56595,56595,37.5
2011-01-05,2810.99,56716,56716,37.5
2011-01-06,2811.01,56797,56797,37.6
2011-01-07,2811.03,56878,56878,37.6
2011-01-08,2811.05,56959,56959,37.7
2011-01-09,2811.08,57080,57080,37.8
2011-01-10,2811.10,57161,57161,37.8
2011-01-11,2811.10,57161,57161,37.8
2011-01-12,2811.12,57242,57242,37.9
2011-01-13,2811.13,57282,57282,37.9
2011-01-14,2811.16,57403,57403,38.0
2011-01-15,2811.18,57484,57484,38.0
2011-01-16,2811.21,57606,57606,38.1
2011-01-17,2811.23,57686,57686,38.2
2011-01-18,2811.25,57767,57767,38.2
2011-01-19,2811.28,57889,57889,38.3
2011-01-20,2811.29,57929,57929,38.3
2011-01-21,2811.30,57970,57970,38.4
2011-01-22,2811.32,58050,58050,38.4
2011-01-23,2811.34,58131,58131,38.5
2011-01-24,2811.35,58172,58172,38.5
2011-01-25,2811.36,58212,58212,38.5
2011-01-26,2811.37,58253,58253,38.6
2011-01-27,2811.39,58333,58333,38.6
2011-01-28,2811.40,58374,58374,38.6
2011-01-29,2811.42,58455,58455,38.7
2011-01-30,2811.42,58455,58455,38.7
2011-01-31,2811.44,58536,58536,38.7
2011-02-01,2811.43,58495,58495,38.7
2011-02-02,2811.44,58536,58536,38.7
2011-02-03,2811.45,58576,58576,38.8
2011-02-04,2811.47,58657,58657,38.8
2011-02-05,2811.49,58738,58738,38.9
2011-02-06,2811.52,58859,58859,39.0
2011-02-07,2811.55,58981,58981,39.0
2011-02-08,2811.56,59021,59021,39.1
2011-02-09,2811.57,59061,59061,39.1
2011-02-10,2811.58,59102,59102,39.1
2011-02-11,2811.61,59223,59223,39.2
2011-02-12,2811.62,59264,59264,39.2
2011-02-13,2811.61,59223,59223,39.2
2011-02-14,2811.59,59142,59142,39.1
2011-02-15,2811.55,58981,58981,39.0
2011-02-16,2811.52,58859,58859,39.0
2011-02-17,2811.49,58738,58738,38.9
2011-02-18,2811.46,58617,58617,38.8
2011-02-19,2811.43,58495,58495,38.7
2011-02-20,2811.46,58617,58617,38.8
2011-02-21,2811.48,58697,58697,38.8
2011-02-22,2811.49,58738,58738,38.9
2011-02-23,2811.50,58778,58778,38.9
2011-02-24,2811.48,58697,58697,38.8
2011-02-25,2811.47,58657,58657,38.8
2011-02-26,2811.48,58697,58697,38.8
2011-02-27,2811.50,58778,58778,38.9
2011-02-28,2811.50,58778,58778,38.9
2011-03-01,2811.50,58778,58778,38.9
2011-03-02,2811.52,58859,58859,39.0
2011-03-03,2811.53,58900,58900,39.0
2011-03-04,2811.56,59021,59021,39.1
2011-03-05,2811.57,59061,59061,39.1
2011-03-06,2811.56,59021,59021,39.1
2011-03-07,2811.58,59102,59102,39.1
2011-03-08,2811.58,59102,59102,39.1
2011-03-09,2811.58,59102,59102,39.1
2011-03-10,2811.59,59142,59142,39.1
2011-03-11,2811.60,59183,59183,39.2
2011-03-12,2811.61,59223,59223,39.2
2011-03-13,2811.62,59264,59264,39.2
2011-03-14,2811.64,59344,59344,39.3
2011-03-15,2811.65,59385,59385,39.3
2011-03-16,2811.67,59466,59466,39.4
2011-03-17,2811.67,59466,59466,39.4
2011-03-18,2811.66,59425,59425,39.3
2011-03-19,2811.63,59304,59304,39.2
2011-03-20,2811.61,59223,59223,39.2
2011-03-21,2811.56,59021,59021,39.1
2011-03-22,2811.56,59021,59021,39.1
2011-03-23,2811.50,58778,58778,38.9
2011-03-24,2811.48,58697,58697,38.8
2011-03-25,2811.45,58576,58576,38.8
2011-03-26,2811.43,58495,58495,38.7
2011-03-27,2811.42,58455,58455,38.7
2011-03-28,2811.43,58495,58495,38.7
2011-03-29,2811.42,58455,58455,38.7
2011-03-30,2811.41,58414,58414,38.7
2011-03-31,2811.43,58495,58495,38.7
2011-04-01,2811.44,58536,58536,38.7
2011-04-02,2811.44,58536,58536,38.7
2011-04-03,2811.44,58536,58536,38.7
2011-04-04,2811.38,58293,58293,38.6
2011-04-05,2811.26,57808,57808,38.3
2011-04-06,2811.13,57282,57282,37.9
2011-04-07,2810.97,56635,56635,37.5
2011-04-08,2810.79,55907,55907,37.0
2011-04-09,2810.64,55300,55300,36.6
2011-04-10,2810.49,54694,54694,36.2
2011-04-11,2810.33,54047,54047,35.8
2011-04-12,2810.21,53562,53562,35.4
2011-04-13,2810.10,53117,53117,35.2
2011-04-14,2810.00,52712,52712,34.9
2011-04-15,2809.86,52146,52146,34.5
2011-04-16,2809.72,51580,51580,34.1
2011-04-17,2809.61,51178,51178,33.9
2011-04-18,2809.51,50812,50812,33.6
2011-04-19,2809.39,50373,50373,33.3
2011-04-20,2809.33,50153,50153,33.2
2011-04-21,2809.33,50153,50153,33.2
2011-04-22,2809.32,50117,50117,33.2
2011-04-23,2809.30,50044,50044,33.1
2011-04-24,2809.25,49861,49861,33.0
2011-04-25,2809.16,49532,49532,32.8
2011-04-26,2809.03,49056,49056,32.5
2011-04-27,2808.86,48434,48434,32.1
2011-04-28,2808.71,47885,47885,31.7
2011-04-29,2808.57,47373,47373,31.4
2011-04-30,2808.39,46715,46715,30.9
2011-05-01,2808.24,46166,46166,30.6
2011-05-02,2808.12,45727,45727,30.3
2011-05-03,2808.00,45288,45288,30.0
2011-05-04,2807.92,44996,44996,29.8
2011-05-05,2807.85,44740,44740,29.6
2011-05-06,2807.79,44520,44520,29.5
2011-05-07,2807.72,44264,44264,29.3
2011-05-08,2807.65,44034,44034,29.1
2011-05-09,2807.57,43771,43771,29.0
2011-05-10,2807.49,43508,43508,28.8
2011-05-11,2807.42,43278,43278,28.6
2011-05-12,2807.33,42983,42983,28.4
2011-05-13,2807.26,42753,42753,28.3
2011-05-14,2807.17,42457,42457,28.1
2011-05-15,2807.10,42227,42227,27.9
2011-05-16,2807.03,41997,41997,27.8
2011-05-17,2806.97,41800,41800,27.7
2011-05-18,2806.88,41504,41504,27.5
2011-05-19,2806.80,41241,41241,27.3
2011-05-20,2806.74,41044,41044,27.2
2011-05-21,2806.67,40814,40814,27.0
2011-05-22,2806.61,40617,40617,26.9
2011-05-23,2806.58,40519,40519,26.8
2011-05-24,2806.53,40354,40354,26.7
2011-05-25,2806.45,40091,40091,26.5
2011-05-26,2806.40,39927,39927,26.4
2011-05-27,2806.36,39796,39796,26.3
2011-05-28,2806.29,39566,39566,26.2
2011-05-29,2806.16,39139,39139,25.9
2011-05-30,2806.07,38843,38843,25.7
2011-05-31,2805.94,38416,38416,25.4
2011-06-01,2805.83,38054,38054,25.2
2011-06-02,2805.73,37726,37726,25.0
2011-06-03,2805.64,37461,37461,24.8
2011-06-04,2805.58,37287,37287,24.7
2011-06-05,2805.52,37113,37113,24.6
2011-06-06,2805.48,36997,36997,24.5
2011-06-07,2805.45,36911,36911,24.4
2011-06-08,2805.41,36795,36795,24.3
2011-06-09,2805.37,36679,36679,24.3
2011-06-10,2805.33,36563,36563,24.2
2011-06-11,2805.27,36389,36389,24.1
2011-06-12,2805.19,36157,36157,23.9
2011-06-13,2805.11,35925,35925,23.8
2011-06-14,2804.99,35577,35577,23.5
2011-06-15,2804.85,35172,35172,23.3
2011-06-16,2804.72,34795,34795,23.0
2011-06-17,2804.56,34331,34331,22.7
2011-06-18,2804.37,33781,33781,22.4
2011-06-19,2804.22,33346,33346,22.1
2011-06-20,2804.08,32940,32940,21.8
2011-06-21,2803.94,32535,32535,21.5
2011-06-22,2803.80,32129,32129,21.3
2011-06-23,2803.66,31744,31744,21.0
2011-06-24,2803.53,31413,31413,20.8
2011-06-25,2803.44,31184,31184,20.6
2011-06-26,2803.36,30980,30980,20.5
2011-06-27,2803.27,30751,30751,20.4
2011-06-28,2803.17,30496,30496,20.2
2011-06-29,2803.06,30216,30216,20.0
2011-06-30,2802.97,29987,29987,19.8
2011-07-01,2802.90,29808,29808,19.7
2011-07-02,2802.83,29630,29630,19.6
2011-07-03,2802.78,29503,29503,19.5
2011-07-04,2802.73,29375,29375,19.4
2011-07-05,2802.69,29274,29274,19.4
2011-07-06,2802.64,29146,29146,19.3
2011-07-07,2802.63,29121,29121,19.3
2011-07-08,2802.63,29121,29121,19.3
2011-07-09,2802.61,29070,29070,19.2
2011-07-10,2802.59,29019,29019,19.2
2011-07-11,2802.57,28968,28968,19.2
2011-07-12,2802.55,28917,28917,19.1
2011-07-13,2802.57,28968,28968,19.2
2011-07-14,2802.60,29044,29044,19.2
2011-07-15,2802.55,28917,28917,19.1
2011-07-16,2802.48,28739,28739,19.0
2011-07-17,2802.41,28560,28560,18.9
2011-07-18,2802.35,28408,28408,18.8
2011-07-19,2802.27,28204,28204,18.7
2011-07-20,2802.18,27975,27975,18.5
2011-07-21,2802.08,27720,27720,18.3
2011-07-22,2801.96,27414,27414,18.1
2011-07-23,2801.83,27083,27083,17.9
2011-07-24,2801.71,26780,26780,17.7
2011-07-25,2801.62,26577,26577,17.6
2011-07-26,2801.61,26555,26555,17.6
2011-07-27,2801.57,26465,26465,17.5
2011-07-28,2801.43,26149,26149,17.3
2011-07-29,2801.26,25765,25765,17.1
2011-07-30,2801.09,25382,25382,16.8
2011-07-31,2800.92,24998,24998,16.5
2011-08-01,2800.75,24615,24615,16.3
2011-08-02,2800.58,24231,24231,16.0
2011-08-03,2800.40,23825,23825,15.8
2011-08-04,2800.27,23532,23532,15.6
2011-08-05,2800.13,23216,23216,15.4
2011-08-06,2799.99,22900,22900,15.2
2011-08-07,2799.85,22584,22584,14.9
2011-08-08,2799.72,22291,22291,14.8
2011-08-09,2799.56,21978,21978,14.5
2011-08-10,2799.42,21704,21704,14.4
2011-08-11,2799.31,21489,21489,14.2
2011-08-12,2799.22,21313,21313,14.1
2011-08-13,2799.14,21156,21156,14.0
2011-08-14,2799.05,20980,20980,13.9
2011-08-15,2798.97,20824,20824,13.8
2011-08-16,2798.87,20628,20628,13.7
2011-08-17,2798.79,20471,20471,13.5
2011-08-18,2798.70,20295,20295,13.4
2011-08-19,2798.61,20119,20119,13.3
2011-08-20,2798.51,19924,19924,13.2
2011-08-21,2798.40,19708,19708,13.0
2011-08-22,2798.30,19513,19513,12.9
2011-08-23,2798.21,19337,19337,12.8
2011-08-24,2798.11,19141,19141,12.7
2011-08-25,2798.02,18965,18965,12.6
2011-08-26,2797.93,18789,18789,12.4
2011-08-27,2797.82,18574,18574,12.3
2011-08-28,2797.65,18259,18259,12.1
2011-08-29,2797.47,17955,17955,11.9
2011-08-30,2797.30,17667,17667,11.7
2011-08-31,2797.11,17345,17345,11.5
2011-09-01,2796.92,17024,17024,11.3
2011-09-02,2796.76,16753,16753,11.1
2011-09-03,2796.65,16566,16566,11.0
2011-09-04,2796.52,16346,16346,10.8
2011-09-05,2796.41,16160,16160,10.7
2011-09-06,2796.27,15923,15923,10.5
2011-09-07,2796.15,15720,15720,10.4
2011-09-08,2796.05,15551,15551,10.3
2011-09-09,2795.95,15381,15381,10.2
2011-09-12,2795.64,14875,14875,9.8
2011-09-13,2795.54,14728,14728,9.7
2011-09-22,2795.25,14302,14302,9.5
2011-09-23,2795.08,14052,14052,9.3
2011-09-24,2794.91,13803,13803,9.1
2011-09-25,2794.79,13627,13627,9.0
2011-09-26,2794.74,13553,13553,9.0
2011-09-27,2794.72,13524,13524,8.9
2011-09-28,2794.74,13553,13553,9.0
2011-09-29,2794.77,13597,13597,9.0
2011-09-30,2794.79,13627,13627,9.0
2011-10-01,2794.81,13656,13656,9.0
2011-10-02,2794.83,13685,13685,9.1
2011-10-03,2794.86,13730,13730,9.1
2011-10-04,2794.87,13744,13744,9.1
2011-10-05,2794.88,13759,13759,9.1
2011-10-06,2794.91,13803,13803,9.1
2011-10-07,2794.92,13818,13818,9.1
2011-10-08,2794.93,13832,13832,9.2
2011-10-09,2794.95,13862,13862,9.2
2011-10-10,2794.96,13876,13876,9.2
2011-10-11,2794.99,13920,13920,9.2
2011-10-12,2795.00,13935,13935,9.2
2011-10-13,2794.99,13920,13920,9.2
2011-10-14,2795.01,13950,13950,9.2
2011-10-15,2795.03,13979,13979,9.3
2011-10-16,2795.04,13994,13994,9.3
2011-10-17,2795.08,14052,14052,9.3
2011-10-18,2795.06,14023,14023,9.3
2011-10-19,2795.07,14038,14038,9.3
2011-10-20,2795.10,14082,14082,9.3
2011-10-21,2795.13,14126,14126,9.3
2011-10-22,2795.14,14141,14141,9.4
2011-10-23,2795.15,14155,14155,9.4
2011-10-24,2795.17,14185,14185,9.4
2011-10-25,2795.20,14229,14229,9.4
2011-10-26,2795.18,14199,14199,9.4
2011-10-27,2795.05,14008,14008,9.3
2011-10-28,2794.90,13788,13788,9.1
2011-10-29,2794.79,13627,13627,9.0
2011-10-30,2794.71,13509,13509,8.9
2011-10-31,2794.60,13348,13348,8.8
2011-11-01,2794.52,13230,13230,8.8
2011-11-02,2794.52,13230,13230,8.8
2011-11-03,2794.53,13245,13245,8.8
2011-11-04,2794.56,13289,13289,8.8
2011-11-05,2794.59,13333,13333,8.8
2011-11-06,2794.61,13362,13362,8.8
2011-11-07,2794.65,13421,13421,8.9
2011-11-08,2794.68,13465,13465,8.9
2011-11-09,2794.70,13495,13495,8.9
2011-11-10,2794.73,13539,13539,9.0
2011-11-11,2794.77,13597,13597,9.0
2011-11-12,2794.80,13641,13641,9.0
2011-11-13,2794.83,13686,13686,9.1
2011-11-14,2794.86,13730,13730,9.1
2011-11-15,2794.90,13788,13788,9.1
2011-11-16,2794.93,13832,13832,9.2
2011-11-17,2794.95,13862,13862,9.2
2011-11-18,2794.99,13920,13920,9.2
2011-11-19,2795.01,13950,13950,9.2
2011-11-20,2795.04,13994,13994,9.3
2011-11-21,2795.08,14053,14053,9.3
2011-11-22,2795.12,14111,14111,9.3
2011-11-23,2795.15,14155,14155,9.4
2011-11-24,2795.19,14214,14214,9.4
2011-11-25,2795.23,14273,14273,9.4
2011-11-26,2795.28,14346,14346,9.5
2011-11-27,2795.28,14346,14346,9.5
2011-11-28,2795.33,14420,14420,9.5
2011-11-29,2795.37,14478,14478,9.6
2011-11-30,2795.40,14523,14523,9.6
2011-12-01,2795.45,14596,14596,9.7
2011-12-02,2795.46,14611,14611,9.7
2011-12-03,2795.52,14699,14699,9.7
2011-12-04,2795.55,14743,14743,9.8
2011-12-05,2795.61,14831,14831,9.8
2011-12-06,2795.65,14890,14890,9.9
2011-12-07,2795.68,14934,14934,9.9
2011-12-08,2795.73,15009,15009,9.9
2011-12-09,2795.78,15094,15094,10.0
2011-12-10,2795.81,15145,15145,10.0
2011-12-11,2795.86,15229,15229,10.1
2011-12-12,2795.91,15314,15314,10.1
2011-12-13,2795.96,15399,15399,10.2
2011-12-14,2796.01,15483,15483,10.2
2011-12-15,2796.07,15585,15585,10.3
2011-12-16,2796.10,15636,15636,10.3
2011-12-17,2796.15,15720,15720,10.4
2011-12-18,2796.19,15788,15788,10.4
2011-12-19,2796.30,15974,15974,10.6
2011-12-20,2796.33,16025,16025,10.6
2011-12-21,2796.36,16076,16076,10.6
2011-12-22,2796.41,16160,16160,10.7
2011-12-23,2796.44,16211,16211,10.7
2011-12-24,2796.51,16330,16330,10.8
2011-12-25,2796.57,16431,16431,10.9
2011-12-26,2796.62,16516,16516,10.9
2011-12-27,2796.67,16601,16601,11.0
2011-12-28,2796.72,16685,16685,11.0
2011-12-29,2796.76,16753,16753,11.1
2011-12-30,2796.80,16821,16821,11.1
2011-12-31,2796.84,16888,16888,11.2
2012-01-01,2796.87,16939,16939,11.2
2012-01-02,2796.91,17007,17007,11.3
2012-01-03,2796.94,17058,17058,11.3
2012-01-04,2797.00,17159,17159,11.4
2012-01-05,2797.11,17345,17345,11.5
2012-01-06,2797.16,17430,17430,11.5
2012-01-07,2797.19,17481,17481,11.6
2012-01-08,2797.25,17582,17582,11.6
2012-01-09,2797.29,17650,17650,11.7
2012-01-10,2797.33,17718,17718,11.7
2012-01-11,2797.38,17802,17802,11.8
2012-01-12,2797.38,17802,17802,11.8
2012-01-13,2797.42,17870,17870,11.8
2012-01-14,2797.46,17938,17938,11.9
2012-01-17,2797.55,18090,18090,12.0
2012-01-18,2797.48,17972,17972,11.9
2012-01-19,2797.50,18006,18006,11.9
2012-01-20,2797.54,18073,18073,12.0
2012-01-21,2797.55,18090,18090,12.0
2012-01-22,2797.59,18158,18158,12.0
2012-01-23,2797.59,18158,18158,12.0
2012-01-24,2797.62,18209,18209,12.1
2012-01-25,2797.68,18310,18310,12.1
2012-01-26,2797.70,18344,18344,12.1
2012-01-27,2797.73,18398,18398,12.2
2012-01-28,2797.74,18417,18417,12.2
2012-01-29,2797.77,18476,18476,12.2
2012-01-30,2797.80,18534,18534,12.3
2012-01-31,2797.84,18613,18613,12.3
2012-02-01,2797.87,18671,18671,12.4
2012-02-02,2797.89,18711,18711,12.4
2012-02-03,2797.91,18750,18750,12.4
2012-02-04,2797.95,18828,18828,12.5
2012-02-05,2797.96,18848,18848,12.5
2012-02-06,2797.99,18906,18906,12.5
2012-02-07,2798.09,19102,19102,12.6
2012-02-08,2798.03,18985,18985,12.6
2012-02-09,2798.07,19063,19063,12.6
2012-02-10,2798.17,19258,19258,12.7
2012-02-11,2798.12,19161,19161,12.7
2012-02-12,2798.13,19180,19180,12.7
2012-02-13,2798.18,19278,19278,12.8
2012-02-14,2798.22,19356,19356,12.8
2012-02-15,2798.25,19415,19415,12.8
2012-02-16,2798.27,19454,19454,12.9
2012-02-17,2798.30,19513,19513,12.9
2012-02-18,2798.39,19689,19689,13.0
2012-02-19,2798.35,19611,19611,13.0
2012-02-20,2798.45,19806,19806,13.1
2012-02-21,2798.47,19845,19845,13.1
2012-02-22,2798.49,19885,19885,13.2
2012-02-23,2798.50,19904,19904,13.2
2012-02-24,2798.44,19787,19787,13.1
2012-02-25,2798.45,19806,19806,13.1
2012-02-26,2798.48,19865,19865,13.1
2012-02-27,2798.58,20061,20061,13.3
2012-02-28,2798.59,20080,20080,13.3
2012-02-29,2798.60,20100,20100,13.3
2012-03-01,2798.60,20100,20100,13.3
2012-03-02,2798.62,20139,20139,13.3
2012-03-03,2798.61,20119,20119,13.3
2012-03-04,2798.62,20139,20139,13.3
2012-03-05,2798.57,20041,20041,13.3
2012-03-06,2798.59,20080,20080,13.3
2012-03-07,2798.61,20119,20119,13.3
2012-03-08,2798.68,20256,20256,13.4
2012-03-09,2798.62,20139,20139,13.3
2012-03-10,2798.63,20159,20159,13.3
2012-03-11,2798.72,20335,20335,13.5
2012-03-12,2798.67,20237,20237,13.4
2012-03-13,2798.76,20413,20413,13.5
2012-03-14,2798.71,20315,20315,13.4
2012-03-15,2798.74,20374,20374,13.5
2012-03-16,2798.76,20413,20413,13.5
2012-03-17,2798.84,20569,20569,13.6
2012-03-18,2798.79,20472,20472,13.5
2012-03-19,2798.88,20648,20648,13.7
2012-03-20,2798.90,20687,20687,13.7
2012-03-21,2798.89,20667,20667,13.7
2012-03-22,2798.91,20706,20706,13.7
2012-03-23,2798.87,20628,20628,13.7
2012-03-24,2798.89,20667,20667,13.7
2012-03-25,2798.90,20687,20687,13.7
2012-03-26,2798.91,20706,20706,13.7
2012-03-27,2798.92,20726,20726,13.7
2012-03-28,2798.93,20746,20746,13.7
2012-03-29,2798.95,20785,20785,13.8
2012-03-30,2798.96,20804,20804,13.8
2012-03-31,2798.96,20804,20804,13.8
2012-04-01,2799.04,20961,20961,13.9
2012-04-02,2799.03,20941,20941,13.9
2012-04-03,2798.95,20785,20785,13.8
2012-04-04,2799.01,20902,20902,13.8
2012-04-05,2798.95,20785,20785,13.8
2012-04-06,2798.96,20804,20804,13.8
2012-04-07,2798.97,20824,20824,13.8
2012-04-08,2798.97,20824,20824,13.8
2012-04-09,2799.00,20883,20883,13.8
2012-04-10,2799.16,21196,21196,14.0
2012-04-11,2799.24,21352,21352,14.1
2012-04-12,2799.27,21411,21411,14.2
2012-04-13,2799.23,21333,21333,14.1
2012-04-14,2799.29,21450,21450,14.2
2012-04-15,2799.28,21430,21430,14.2
2012-04-16,2799.20,21274,21274,14.1
2012-04-17,2799.19,21254,21254,14.1
2012-04-18,2799.20,21274,21274,14.1
2012-04-19,2799.28,21430,21430,14.2
2012-04-20,2799.28,21430,21430,14.2
2012-04-21,2799.20,21274,21274,14.1
2012-04-22,2799.21,21293,21293,14.1
2012-04-23,2799.20,21274,21274,14.1
2012-04-24,2799.20,21274,21274,14.1
2012-04-25,2799.20,21274,21274,14.1
2012-04-26,2799.19,21254,21254,14.1
2012-04-27,2799.19,21254,21254,14.1
2012-04-28,2799.18,21235,21235,14.1
2012-04-29,2799.23,21333,21333,14.1
2012-04-30,2799.18,21235,21235,14.1
2012-05-01,2799.17,21215,21215,14.0
2012-05-02,2799.16,21196,21196,14.0
2012-05-03,2799.14,21156,21156,14.0
2012-05-04,2799.18,21235,21235,14.1
2012-05-05,2799.17,21215,21215,14.0
2012-05-06,2799.10,21078,21078,13.9
2012-05-07,2799.10,21078,21078,13.9
2012-05-08,2799.31,21489,21489,14.2
2012-05-09,2799.32,21509,21509,14.2
2012-05-10,2799.38,21626,21626,14.3
2012-05-11,2799.42,21704,21704,14.4
2012-05-12,2799.44,21743,21743,14.4
2012-05-13,2799.48,21822,21822,14.4
2012-05-14,2799.65,22154,22154,14.7
2012-05-15,2799.74,22336,22336,14.8
2012-05-16,2799.76,22382,22382,14.8
2012-05-17,2799.78,22427,22427,14.8
2012-05-18,2799.81,22494,22494,14.9
2012-05-19,2799.83,22539,22539,14.9
2012-05-20,2799.90,22697,22697,15.0
2012-05-21,2799.82,22517,22517,14.9
2012-05-22,2799.83,22539,22539,14.9
2012-05-23,2799.86,22607,22607,15.0
2012-05-24,2799.87,22630,22630,15.0
2012-05-25,2799.81,22494,22494,14.9
2012-05-26,2799.79,22449,22449,14.9
2012-05-27,2799.81,22494,22494,14.9
2012-05-28,2799.82,22517,22517,14.9
2012-05-29,2799.81,22494,22494,14.9
2012-05-30,2799.80,22472,22472,14.9
2012-05-31,2799.78,22427,22427,14.8
2012-06-01,2799.75,22359,22359,14.8
2012-06-02,2799.75,22359,22359,14.8
2012-06-03,2799.74,22336,22336,14.8
2012-06-04,2799.75,22359,22359,14.8
2012-06-05,2799.73,22314,22314,14.8
2012-06-06,2799.73,22314,22314,14.8
2012-06-07,2799.72,22291,22291,14.8
2012-06-08,2799.69,22233,22233,14.7
2012-06-09,2799.68,22213,22213,14.7
2012-06-10,2799.66,22174,22174,14.7
2012-06-11,2799.63,22115,22115,14.6
2012-06-12,2799.60,22057,22057,14.6
2012-06-13,2799.57,21998,21998,14.6
2012-06-14,2799.56,21978,21978,14.5
2012-06-15,2799.52,21900,21900,14.5
2012-06-16,2799.55,21959,21959,14.5
2012-06-17,2799.55,21959,21959,14.5
2012-06-18,2799.54,21939,21939,14.5
2012-06-19,2799.53,21920,21920,14.5
2012-06-20,2799.50,21861,21861,14.5
2012-06-21,2799.49,21841,21841,14.5
2012-06-22,2799.47,21802,21802,14.4
2012-06-23,2799.46,21783,21783,14.4
2012-06-24,2799.44,21743,21743,14.4
2012-06-25,2799.43,21724,21724,14.4
2012-06-26,2799.42,21704,21704,14.4
2012-06-27,2799.40,21665,21665,14.3
2012-06-28,2799.38,21626,21626,14.3
2012-06-29,2799.36,21587,21587,14.3
2012-06-30,2799.34,21548,21548,14.3
2012-07-01,2799.32,21509,21509,14.2
2012-07-02,2799.30,21470,21470,14.2
2012-07-03,2799.17,21215,21215,14.0
2012-07-04,2799.28,21430,21430,14.2
2012-07-05,2799.29,21450,21450,14.2
2012-07-06,2799.37,21607,21607,14.3
2012-07-07,2799.38,21626,21626,14.3
2012-07-08,2799.40,21665,21665,14.3
2012-07-09,2799.40,21665,21665,14.3
2012-07-10,2799.41,21685,21685,14.4
2012-07-11,2799.79,22449,22449,14.9
2012-07-12,2799.87,22630,22630,15.0
2012-07-13,2799.92,22743,22743,15.1
2012-07-14,2799.95,22810,22810,15.1
2012-07-15,2799.98,22878,22878,15.1
2012-07-16,2799.98,22878,22878,15.1
2012-07-17,2799.98,22878,22878,15.1
2012-07-18,2799.97,22855,22855,15.1
2012-07-19,2799.96,22833,22833,15.1
2012-07-20,2799.96,22833,22833,15.1
2012-07-21,2799.96,22833,22833,15.1
2012-07-22,2799.95,22810,22810,15.1
2012-07-23,2799.94,22788,22788,15.1
2012-07-24,2799.92,22743,22743,15.1
2012-07-25,2799.92,22743,22743,15.1
2012-07-26,2799.91,22720,22720,15.0
2012-07-27,2799.90,22697,22697,15.0
2012-07-28,2799.90,22697,22697,15.0
2012-07-29,2799.89,22675,22675,15.0
2012-07-30,2799.89,22675,22675,15.0
2012-07-31,2799.88,22652,22652,15.0
2012-08-01,2799.87,22630,22630,15.0
2012-08-02,2799.85,22585,22585,14.9
2012-08-03,2799.84,22562,22562,14.9
2012-08-04,2799.81,22494,22494,14.9
2012-08-05,2799.80,22472,22472,14.9
2012-08-06,2799.78,22427,22427,14.8
2012-08-07,2799.77,22404,22404,14.8
2012-08-08,2799.77,22404,22404,14.8
2012-08-09,2799.43,21724,21724,14.4
2012-08-10,2799.75,22359,22359,14.8
2012-08-11,2799.74,22336,22336,14.8
2012-08-12,2799.73,22314,22314,14.8
2012-08-13,2799.33,21528,21528,14.2
2012-08-14,2799.70,22252,22252,14.7
2012-08-15,2799.69,22233,22233,14.7
2012-08-16,2799.68,22213,22213,14.7
2012-08-17,2799.66,22174,22174,14.7
2012-08-18,2799.66,22174,22174,14.7
2012-08-19,2799.68,22213,22213,14.7
2012-08-20,2799.33,21528,21528,14.2
2012-08-21,2799.76,22382,22382,14.8
2012-08-22,2799.78,22427,22427,14.8
2012-08-23,2799.78,22427,22427,14.8
2012-08-24,2799.78,22427,22427,14.8
2012-08-25,2799.76,22382,22382,14.8
2012-08-26,2799.74,22336,22336,14.8
2012-08-27,2799.73,22314,22314,14.8
2012-08-28,2799.73,22314,22314,14.8
2012-08-29,2799.71,22272,22272,14.7
2012-08-30,2799.70,22252,22252,14.7
2012-08-31,2799.68,22213,22213,14.7
2012-09-01,2799.66,22174,22174,14.7
2012-09-02,2799.64,22135,22135,14.6
2012-09-03,2799.63,22115,22115,14.6
2012-09-04,2799.61,22076,22076,14.6
2012-09-05,2799.59,22037,22037,14.6
2012-09-06,2799.57,21998,21998,14.6
2012-09-07,2799.56,21978,21978,14.5
2012-09-08,2799.52,21900,21900,14.5
2012-09-09,2799.49,21841,21841,14.5
2012-09-10,2799.46,21783,21783,14.4
2012-09-11,2799.43,21724,21724,14.4
2012-09-12,2799.41,21685,21685,14.4
2012-09-13,2799.41,21685,21685,14.4
2012-09-14,2799.38,21626,21626,14.3
2012-09-15,2799.35,21567,21567,14.3
2012-09-16,2799.35,21567,21567,14.3
2012-09-17,2799.34,21548,21548,14.3
2012-09-18,2799.32,21509,21509,14.2
2012-09-19,2799.29,21450,21450,14.2
2012-09-20,2799.28,21430,21430,14.2
2012-09-21,2799.26,21391,21391,14.2
2012-09-22,2799.25,21372,21372,14.1
2012-09-23,2799.23,21333,21333,14.1
2012-09-24,2799.21,21293,21293,14.1
2012-09-25,2799.19,21254,21254,14.1
2012-09-26,2799.18,21235,21235,14.1
2012-09-27,2799.16,21196,21196,14.0
2012-09-28,2799.21,21293,21293,14.1
2012-09-29,2799.46,21783,21783,14.4
2012-09-30,2799.65,22154,22154,14.7
2012-10-01,2799.74,22336,22336,14.8
2012-10-02,2799.77,22404,22404,14.8
2012-10-03,2799.82,22517,22517,14.9
2012-10-04,2799.83,22539,22539,14.9
2012-10-05,2799.83,22539,22539,14.9
2012-10-06,2799.83,22539,22539,14.9
2012-10-07,2799.81,22494,22494,14.9
2012-10-08,2799.81,22494,22494,14.9
2012-10-09,2799.82,22517,22517,14.9
2012-10-10,2799.82,22517,22517,14.9
2012-10-11,2799.81,22494,22494,14.9
2012-10-12,2799.81,22494,22494,14.9
2012-10-13,2799.81,22494,22494,14.9
2012-10-14,2799.80,22472,22472,14.9
2012-10-15,2799.79,22449,22449,14.9
2012-10-16,2799.80,22472,22472,14.9
2012-10-17,2799.80,22472,22472,14.9
2012-10-18,2799.80,22472,22472,14.9
2012-10-19,2799.81,22494,22494,14.9
2012-10-20,2799.82,22517,22517,14.9
2012-10-21,2799.83,22539,22539,14.9
2012-10-22,2799.83,22539,22539,14.9
2012-10-23,2799.84,22562,22562,14.9
2012-10-24,2799.84,22562,22562,14.9
2012-10-25,2799.84,22562,22562,14.9
2012-10-26,2799.82,22517,22517,14.9
2012-10-27,2799.81,22494,22494,14.9
2012-10-28,2799.81,22494,22494,14.9
2012-10-29,2799.82,22517,22517,14.9
2012-10-30,2799.83,22539,22539,14.9
2012-10-31,2799.83,22539,22539,14.9
2012-11-01,2799.84,22562,22562,14.9
2012-11-02,2799.84,22562,22562,14.9
2012-11-03,2799.90,22697,22697,15.0
2012-11-04,2799.85,22585,22585,14.9
2012-11-05,2799.87,22630,22630,15.0
2012-11-06,2799.86,22607,22607,15.0
2012-11-07,2799.87,22630,22630,15.0
2012-11-08,2799.88,22652,22652,15.0
2012-11-09,2799.89,22675,22675,15.0
2012-11-10,2799.90,22697,22697,15.0
2012-11-11,2799.92,22743,22743,15.1
2012-11-12,2799.89,22675,22675,15.0
2012-11-13,2799.90,22697,22697,15.0
2012-11-14,2799.91,22720,22720,15.0
2012-11-15,2799.93,22765,22765,15.1
2012-11-16,2799.94,22788,22788,15.1
2012-11-17,2799.95,22810,22810,15.1
2012-11-18,2799.97,22855,22855,15.1
2012-11-19,2800.00,22923,22923,15.2
2012-11-20,2800.02,22968,22968,15.2
2012-11-21,2800.04,23013,23013,15.2
2012-11-22,2800.06,23058,23058,15.3
2012-11-23,2800.08,23103,23103,15.3
2012-11-24,2800.08,23103,23103,15.3
2012-11-25,2800.11,23171,23171,15.3
2012-11-26,2800.12,23194,23194,15.3
2012-11-27,2800.12,23194,23194,15.3
2012-11-28,2800.14,23239,23239,15.4
2012-11-29,2800.16,23284,23284,15.4
2012-11-30,2800.18,23329,23329,15.4
2012-12-01,2800.19,23352,23352,15.5
2012-12-02,2800.20,23374,23374,15.5
2012-12-03,2800.22,23419,23419,15.5
2012-12-04,2800.23,23442,23442,15.5
2012-12-05,2800.24,23464,23464,15.5
2012-12-06,2800.27,23532,23532,15.6
2012-12-07,2800.29,23577,23577,15.6
2012-12-08,2800.31,23622,23622,15.6
2012-12-09,2800.32,23645,23645,15.6
2012-12-10,2800.32,23645,23645,15.6
2012-12-11,2800.34,23690,23690,15.7
2012-12-12,2800.34,23690,23690,15.7
2012-12-13,2800.35,23712,23712,15.7
2012-12-14,2800.41,23848,23848,15.8
2012-12-15,2800.38,23780,23780,15.7
2012-12-16,2800.42,23870,23870,15.8
2012-12-17,2800.42,23870,23870,15.8
2012-12-18,2800.43,23893,23893,15.8
2012-12-19,2800.48,24006,24006,15.9
2012-12-20,2800.43,23893,23893,15.8
2012-12-21,2800.44,23915,23915,15.8
2012-12-22,2800.46,23961,23961,15.9
2012-12-23,2800.48,24006,24006,15.9
2012-12-24,2800.51,24073,24073,15.9
2012-12-25,2800.58,24231,24231,16.0
2012-12-26,2800.51,24073,24073,15.9
2012-12-27,2800.54,24141,24141,16.0
2012-12-28,2800.57,24209,24209,16.0
2012-12-29,2800.57,24209,24209,16.0
2012-12-30,2800.59,24254,24254,16.1
2012-12-31,2800.64,24367,24367,16.1
2013-01-01,2800.65,24389,24389,16.1
2013-01-02,2800.68,24457,24457,16.2
2013-01-03,2800.70,24502,24502,16.2
2013-01-04,2800.75,24615,24615,16.3
2013-01-05,2800.78,24682,24682,16.3
2013-01-06,2800.81,24750,24750,16.4
2013-01-07,2800.83,24795,24795,16.4
2013-01-08,2800.86,24863,24863,16.5
2013-01-09,2800.93,25021,25021,16.6
2013-01-10,2801.01,25201,25201,16.7
2013-01-11,2801.02,25224,25224,16.7
2013-01-12,2801.07,25337,25337,16.8
2013-01-13,2801.07,25337,25337,16.8
2013-01-14,2801.09,25382,25382,16.8
2013-01-15,2801.12,25449,25449,16.8
2013-01-16,2801.14,25494,25494,16.9
2013-01-17,2801.17,25562,25562,16.9
2013-01-18,2801.19,25607,25607,16.9
2013-01-19,2801.22,25675,25675,17.0
2013-01-20,2801.23,25697,25697,17.0
2013-01-21,2801.25,25743,25743,17.0
2013-01-22,2801.26,25765,25765,17.1
2013-01-23,2801.28,25810,25810,17.1
2013-01-24,2801.29,25833,25833,17.1
2013-01-25,2801.29,25833,25833,17.1
2013-01-26,2801.30,25855,25855,17.1
2013-01-27,2801.33,25923,25923,17.2
2013-01-28,2801.32,25900,25900,17.1
2013-01-29,2801.40,26081,26081,17.3
2013-01-30,2801.34,25946,25946,17.2
2013-01-31,2801.34,25946,25946,17.2
2013-02-01,2801.34,25946,25946,17.2
2013-02-02,2801.37,26013,26013,17.2
2013-02-03,2801.36,25991,25991,17.2
2013-02-04,2801.40,26081,26081,17.3
2013-02-05,2801.39,26058,26058,17.2
2013-02-06,2801.41,26103,26103,17.3
2013-02-07,2801.43,26149,26149,17.3
2013-02-08,2801.42,26126,26126,17.3
2013-02-09,2801.48,26261,26261,17.4
2013-02-10,2801.47,26239,26239,17.4
2013-02-11,2801.47,26239,26239,17.4
2013-02-12,2801.54,26397,26397,17.5
2013-02-13,2801.49,26284,26284,17.4
2013-02-14,2801.52,26352,26352,17.4
2013-02-15,2801.53,26374,26374,17.5
2013-02-16,2801.54,26397,26397,17.5
2013-02-17,2801.55,26419,26419,17.5
2013-02-18,2801.58,26487,26487,17.5
2013-02-19,2801.58,26487,26487,17.5
2013-02-20,2801.66,26667,26667,17.6
2013-02-21,2801.71,26780,26780,17.7
2013-02-22,2801.68,26712,26712,17.7
2013-02-23,2801.69,26735,26735,17.7
2013-02-24,2801.72,26803,26803,17.7
2013-02-25,2801.79,26981,26981,17.9
2013-02-26,2801.72,26803,26803,17.7
2013-02-27,2801.73,26828,26828,17.8
2013-02-28,2801.73,26828,26828,17.8
2013-03-01,2801.75,26879,26879,17.8
2013-03-02,2801.76,26905,26905,17.8
2013-03-03,2801.78,26956,26956,17.8
2013-03-04,2801.79,26981,26981,17.9
2013-03-05,2801.78,26956,26956,17.8
2013-03-06,2801.79,26981,26981,17.9
2013-03-07,2801.80,27006,27006,17.9
2013-03-08,2801.81,27032,27032,17.9
2013-03-09,2801.83,27083,27083,17.9
2013-03-10,2801.82,27057,27057,17.9
2013-03-11,2801.82,27057,27057,17.9
2013-03-12,2801.82,27057,27057,17.9
2013-03-13,2801.83,27083,27083,17.9
2013-03-14,2801.84,27108,27108,17.9
2013-03-15,2801.86,27159,27159,18.0
2013-03-16,2801.86,27159,27159,18.0
2013-03-17,2801.87,27185,27185,18.0
2013-03-18,2801.87,27185,27185,18.0
2013-03-19,2801.88,27210,27210,18.0
2013-03-20,2801.89,27236,27236,18.0
2013-03-21,2801.88,27210,27210,18.0
2013-03-22,2801.88,27210,27210,18.0
2013-03-23,2801.88,27210,27210,18.0
2013-03-24,2801.88,27210,27210,18.0
2013-03-25,2801.88,27210,27210,18.0
2013-03-26,2801.87,27185,27185,18.0
2013-03-27,2801.88,27210,27210,18.0
2013-03-28,2801.89,27236,27236,18.0
2013-03-29,2801.89,27236,27236,18.0
2013-03-30,2801.91,27287,27287,18.1
2013-03-31,2801.88,27210,27210,18.0
2013-04-01,2801.88,27210,27210,18.0
2013-04-02,2801.89,27236,27236,18.0
2013-04-03,2801.91,27287,27287,18.1
2013-04-04,2801.90,27261,27261,18.0
2013-04-05,2801.89,27236,27236,18.0
2013-04-06,2801.92,27312,27312,18.1
2013-04-07,2801.88,27210,27210,18.0
2013-04-08,2801.85,27134,27134,18.0
2013-04-09,2801.91,27287,27287,18.1
2013-04-10,2801.81,27032,27032,17.9
2013-04-11,2801.79,26981,26981,17.9
2013-04-12,2801.78,26956,26956,17.8
2013-04-13,2801.77,26930,26930,17.8
2013-04-14,2801.86,27159,27159,18.0
2013-04-15,2801.72,26803,26803,17.7
2013-04-16,2801.70,26758,26758,17.7
2013-04-17,2801.79,26981,26981,17.9
2013-04-18,2801.76,26905,26905,17.8
2013-04-19,2801.61,26555,26555,17.6
2013-04-20,2800.58,24231,24231,16.0
2013-04-21,2801.69,26735,26735,17.7
2013-04-24,2801.68,26712,26712,17.7
2013-04-25,2801.52,26352,26352,17.4
2013-04-26,2801.53,26374,26374,17.5
2013-04-27,2801.51,26329,26329,17.4
2013-04-28,2801.51,26329,26329,17.4
2013-04-29,2801.49,26284,26284,17.4
2013-04-30,2801.49,26284,26284,17.4
2013-05-01,2801.48,26261,26261,17.4
2013-05-02,2801.47,26239,26239,17.4
2013-05-03,2801.41,26103,26103,17.3
2013-05-04,2801.41,26103,26103,17.3
2013-05-05,2801.39,26058,26058,17.2
2013-05-06,2801.38,26036,26036,17.2
2013-05-07,2801.37,26013,26013,17.2
2013-05-08,2801.36,25991,25991,17.2
2013-05-09,2801.35,25968,25968,17.2
2013-05-10,2801.34,25946,25946,17.2
2013-05-11,2801.31,25878,25878,17.1
2013-05-12,2801.30,25855,25855,17.1
2013-05-13,2801.30,25855,25855,17.1
2013-05-14,2801.44,26171,26171,17.3
2013-05-15,2801.44,26171,26171,17.3
2013-05-16,2801.28,25810,25810,17.1
2013-05-17,2801.25,25743,25743,17.0
2013-05-18,2801.24,25720,25720,17.0
2013-05-19,2801.36,25991,25991,17.2
2013-05-30,2801.01,25201,25201,16.7
2013-05-31,2800.98,25134,25134,16.6
2013-06-01,2800.95,25066,25066,16.6
2013-06-02,2800.90,24953,24953,16.5
2013-06-03,2800.88,24908,24908,16.5
2013-06-04,2800.87,24885,24885,16.5
2013-06-05,2800.85,24840,24840,16.4
2013-06-06,2800.81,24750,24750,16.4
2013-06-07,2800.78,24682,24682,16.3
2013-06-08,2800.77,24660,24660,16.3
2013-06-09,2800.74,24592,24592,16.3
2013-06-10,2800.71,24524,24524,16.2
2013-06-11,2800.68,24457,24457,16.2
2013-06-12,2800.65,24389,24389,16.1
2013-06-13,2800.62,24321,24321,16.1
2013-06-14,2800.61,24299,24299,16.1
2013-06-15,2800.60,24276,24276,16.1
2013-06-16,2800.58,24231,24231,16.0
2013-06-17,2800.57,24209,24209,16.0
2013-06-18,2800.54,24141,24141,16.0
2013-06-19,2800.54,24141,24141,16.0
2013-06-20,2800.53,24118,24118,16.0
2013-06-21,2800.52,24096,24096,15.9
2013-06-22,2800.51,24073,24073,15.9
2013-06-23,2800.52,24096,24096,15.9
2013-06-24,2800.51,24073,24073,15.9
2013-06-25,2800.52,24096,24096,15.9
2013-06-26,2800.53,24118,24118,16.0
2013-06-27,2800.52,24096,24096,15.9
2013-06-28,2800.51,24073,24073,15.9
2013-06-29,2800.50,24051,24051,15.9
2013-06-30,2800.48,24006,24006,15.9
2013-07-01,2800.46,23961,23961,15.9
2013-07-02,2800.44,23915,23915,15.8
2013-07-03,2800.42,23870,23870,15.8
2013-07-04,2800.39,23803,23803,15.8
2013-07-05,2800.37,23758,23758,15.7
2013-07-06,2800.33,23667,23667,15.7
2013-07-07,2800.30,23600,23600,15.6
2013-07-08,2800.27,23532,23532,15.6
2013-07-09,2800.25,23487,23487,15.5
2013-07-10,2800.23,23442,23442,15.5
2013-07-11,2800.21,23397,23397,15.5
2013-07-12,2800.19,23352,23352,15.5
2013-07-13,2800.16,23284,23284,15.4
2013-07-14,2800.14,23239,23239,15.4
2013-07-15,2800.12,23194,23194,15.3
2013-07-16,2800.11,23171,23171,15.3
2013-07-17,2800.11,23171,23171,15.3
2013-07-18,2800.81,24750,24750,16.4
2013-07-19,2801.14,25494,25494,16.9
2013-07-20,2801.31,25878,25878,17.1
2013-07-21,2801.61,26555,26555,17.6
2013-07-22,2801.76,26905,26905,17.8
2013-07-23,2801.82,27057,27057,17.9
2013-07-24,2801.86,27159,27159,18.0
2013-07-25,2801.87,27185,27185,18.0
2013-07-26,2801.87,27185,27185,18.0
2013-07-27,2801.87,27185,27185,18.0
2013-07-28,2801.89,27236,27236,18.0
2013-07-29,2801.94,27363,27363,18.1
2013-07-30,2801.95,27389,27389,18.1
2013-07-31,2801.93,27338,27338,18.1
2013-08-01,2801.95,27389,27389,18.1
2013-08-02,2801.94,27363,27363,18.1
2013-08-03,2801.94,27363,27363,18.1
2013-08-04,2801.93,27338,27338,18.1
2013-08-05,2801.92,27312,27312,18.1
2013-08-06,2801.90,27261,27261,18.0
2013-08-07,2801.89,27236,27236,18.0
2013-08-08,2801.88,27210,27210,18.0
2013-08-09,2801.90,27261,27261,18.0
2013-08-10,2801.86,27159,27159,18.0
2013-08-11,2801.85,27134,27134,18.0
2013-08-12,2801.84,27108,27108,17.9
2013-08-13,2801.84,27108,27108,17.9
2013-08-14,2801.82,27057,27057,17.9
2013-08-15,2801.81,27032,27032,17.9
2013-08-16,2801.80,27006,27006,17.9
2013-08-17,2801.81,27032,27032,17.9
2013-08-18,2801.81,27032,27032,17.9
2013-08-19,2801.80,27006,27006,17.9
2013-08-20,2801.78,26956,26956,17.8
2013-08-21,2801.75,26879,26879,17.8
2013-08-22,2801.74,26854,26854,17.8
2013-08-23,2801.72,26803,26803,17.7
2013-08-24,2801.71,26780,26780,17.7
2013-08-25,2801.70,26758,26758,17.7
2013-08-26,2801.68,26712,26712,17.7
2013-08-27,2801.67,26690,26690,17.7
2013-08-28,2801.66,26667,26667,17.6
2013-08-29,2801.65,26645,26645,17.6
2013-08-30,2801.64,26622,26622,17.6
2013-08-31,2801.62,26577,26577,17.6
2013-09-01,2801.60,26532,26532,17.6
2013-09-02,2801.60,26532,26532,17.6
2013-09-03,2801.59,26509,26509,17.5
2013-09-04,2801.58,26487,26487,17.5
2013-09-05,2801.56,26442,26442,17.5
2013-09-06,2801.55,26419,26419,17.5
2013-09-07,2801.53,26374,26374,17.5
2013-09-08,2801.52,26352,26352,17.4
2013-09-09,2801.50,26306,26306,17.4
2013-09-10,2801.50,26306,26306,17.4
2013-09-11,2801.48,26261,26261,17.4
2013-09-12,2801.48,26261,26261,17.4
2013-09-13,2804.00,32708,32708,21.6
2013-09-14,2807.62,43935,43935,29.1
2013-09-15,2808.35,46568,46568,30.8
2013-09-16,2808.53,47227,47227,31.3
2013-09-17,2808.62,47556,47556,31.5
2013-09-18,2808.67,47739,47739,31.6
2013-09-19,2808.70,47849,47849,31.7
2013-09-20,2808.73,47958,47958,31.7
2013-09-21,2808.75,48031,48031,31.8
2013-09-22,2808.75,48031,48031,31.8
2013-09-23,2808.75,48031,48031,31.8
2013-09-24,2808.92,48653,48653,32.2
2013-09-25,2809.28,49970,49970,33.1
2013-09-26,2809.62,51214,51214,33.9
2013-09-27,2809.97,52591,52591,34.8
2013-09-28,2810.35,54127,54127,35.8
2013-09-29,2810.69,55502,55502,36.7
2013-09-30,2811.04,56918,56918,37.7
2013-10-01,2811.38,58293,58293,38.6
2013-10-02,2811.71,59627,59627,39.5
2013-10-03,2812.03,61038,61038,40.4
2013-10-04,2812.27,62099,62099,41.1
2013-10-05,2812.44,62851,62851,41.6
2013-10-06,2812.50,63116,63116,41.8
2013-10-07,2812.52,63205,63205,41.8
2013-10-08,2812.52,63205,63205,41.8
2013-10-09,2812.52,63205,63205,41.8
2013-10-10,2812.52,63205,63205,41.8
2013-10-11,2812.50,63116,63116,41.8
2013-10-12,2812.50,63116,63116,41.8
2013-10-13,2812.50,63116,63116,41.8
2013-10-14,2812.50,63116,63116,41.8
2013-10-15,2812.49,63072,63072,41.7
2013-10-16,2812.48,63028,63028,41.7
2013-10-17,2812.49,63072,63072,41.7
2013-10-18,2812.50,63116,63116,41.8
2013-10-19,2812.48,63028,63028,41.7
2013-10-20,2812.49,63072,63072,41.7
2013-10-21,2812.49,63072,63072,41.7
2013-10-22,2812.48,63028,63028,41.7
2013-10-23,2812.56,63381,63381,41.9
2013-10-24,2812.58,63470,63470,42.0
2013-10-25,2812.58,63470,63470,42.0
2013-10-26,2812.58,63470,63470,42.0
2013-10-27,2812.58,63470,63470,42.0
2013-10-28,2812.59,63514,63514,42.0
2013-10-29,2812.59,63514,63514,42.0
2013-10-30,2812.60,63558,63558,42.1
2013-10-31,2812.61,63603,63603,42.1
2013-11-01,2812.60,63558,63558,42.1
2013-11-02,2812.59,63514,63514,42.0
2013-11-03,2812.58,63470,63470,42.0
2013-11-04,2812.59,63514,63514,42.0
2013-11-05,2812.59,63514,63514,42.0
2013-11-06,2812.59,63514,63514,42.0
2013-11-07,2812.61,63603,63603,42.1
2013-11-08,2812.61,63603,63603,42.1
2013-11-09,2812.62,63647,63647,42.1
2013-11-10,2812.62,63647,63647,42.1
2013-11-11,2812.63,63691,63691,42.1
2013-11-12,2812.63,63691,63691,42.1
2013-11-13,2812.62,63647,63647,42.1
2013-11-14,2812.63,63691,63691,42.1
2013-11-15,2812.64,63735,63735,42.2
2013-11-16,2812.65,63779,63779,42.2
2013-11-17,2812.65,63779,63779,42.2
2013-11-18,2812.65,63779,63779,42.2
2013-11-19,2812.66,63824,63824,42.2
2013-11-20,2812.66,63824,63824,42.2
2013-11-21,2812.67,63868,63868,42.3
2013-11-22,2812.66,63824,63824,42.2
2013-11-23,2812.66,63824,63824,42.2
2013-11-24,2812.71,64045,64045,42.4
2013-11-25,2812.72,64089,64089,42.4
2013-12-03,2812.77,64310,64310,42.6
2013-12-04,2812.78,64354,64354,42.6
2013-12-05,2812.78,64354,64354,42.6
2013-12-06,2812.79,64398,64398,42.6
2013-12-07,2812.79,64398,64398,42.6
2013-12-08,2812.82,64531,64531,42.7
2013-12-09,2812.83,64575,64575,42.7
2013-12-10,2812.83,64575,64575,42.7
2013-12-11,2812.85,64664,64664,42.8
2013-12-12,2812.84,64619,64619,42.8
2013-12-13,2812.88,64796,64796,42.9
2013-12-14,2812.88,64796,64796,42.9
2013-12-15,2812.88,64796,64796,42.9
2013-12-16,2812.90,64885,64885,42.9
2013-12-17,2812.91,64929,64929,43.0
2013-12-18,2812.93,65017,65017,43.0
2013-12-19,2812.94,65062,65062,43.1
2013-12-20,2812.97,65194,65194,43.1
2013-12-21,2813.03,65460,65460,43.3
2013-12-22,2813.03,65460,65460,43.3
2013-12-23,2813.03,65460,65460,43.3
2013-12-24,2813.05,65548,65548,43.4
2013-12-25,2813.07,65636,65636,43.4
2013-12-26,2813.07,65636,65636,43.4
2013-12-27,2813.08,65681,65681,43.5
2013-12-28,2813.10,65769,65769,43.5
2013-12-29,2813.11,65813,65813,43.6
2013-12-30,2813.11,65813,65813,43.6
2013-12-31,2813.12,65857,65857,43.6
2014-01-01,2813.14,65946,65946,43.6
2014-01-02,2813.14,65946,65946,43.6
2014-01-03,2813.15,65990,65990,43.7
2014-01-04,2813.17,66079,66079,43.7
2014-01-05,2813.16,66034,66034,43.7
2014-01-06,2813.16,66034,66034,43.7
2014-01-07,2813.18,66123,66123,43.8
2014-01-08,2813.20,66211,66211,43.8
2014-01-09,2813.21,66255,66255,43.8
2014-01-10,2813.24,66388,66388,43.9
2014-01-11,2813.24,66388,66388,43.9
2014-01-12,2813.27,66521,66521,44.0
2014-01-13,2813.27,66521,66521,44.0
2014-01-14,2813.29,66609,66609,44.1
2014-01-15,2813.31,66698,66698,44.1
2014-01-16,2813.34,66830,66830,44.2
2014-01-17,2813.36,66919,66919,44.3
2014-01-18,2813.39,67051,67051,44.4
2014-01-19,2813.41,67140,67140,44.4
2014-01-20,2813.43,67228,67228,44.5
2014-01-21,2813.45,67317,67317,44.5
2014-01-22,2813.47,67405,67405,44.6
2014-01-23,2813.48,67449,67449,44.6
2014-01-24,2813.48,67449,67449,44.6
2014-01-25,2813.50,67538,67538,44.7
2014-01-26,2813.53,67670,67670,44.8
2014-01-27,2813.54,67714,67714,44.8
2014-01-28,2813.55,67759,67759,44.8
2014-01-29,2813.55,67759,67759,44.8
2014-01-30,2813.58,67891,67891,44.9
2014-01-31,2813.59,67935,67935,45.0
2014-02-01,2813.61,68024,68024,45.0
2014-02-02,2813.62,68068,68068,45.0
2014-02-03,2813.64,68157,68157,45.1
2014-02-04,2813.66,68245,68245,45.2
2014-02-05,2813.67,68289,68289,45.2
2014-02-06,2813.68,68333,68333,45.2
2014-02-07,2813.70,68422,68422,45.3
2014-02-08,2813.72,68510,68510,45.3
2014-02-09,2813.73,68559,68559,45.4
2014-02-10,2813.74,68607,68607,45.4
2014-02-11,2813.76,68703,68703,45.5
2014-02-12,2813.78,68800,68800,45.5
2014-02-13,2813.79,68848,68848,45.6
2014-02-14,2813.81,68945,68945,45.6
2014-02-15,2813.81,68945,68945,45.6
2014-02-19,2813.81,68945,68945,45.6
2014-02-20,2813.80,68897,68897,45.6
2014-02-21,2813.80,68897,68897,45.6
2014-02-22,2813.81,68945,68945,45.6
2014-02-23,2813.81,68945,68945,45.6
2014-02-24,2813.82,68993,68993,45.7
2014-02-25,2813.82,68993,68993,45.7
2014-02-26,2813.82,68993,68993,45.7
2014-02-27,2813.84,69090,69090,45.7
2014-02-28,2813.85,69138,69138,45.8
2014-03-01,2813.85,69138,69138,45.8
2014-03-02,2813.84,69090,69090,45.7
2014-03-03,2813.84,69090,69090,45.7
2014-03-04,2813.85,69138,69138,45.8
2014-03-05,2813.86,69186,69186,45.8
2014-03-06,2813.86,69186,69186,45.8
2014-03-07,2813.87,69235,69235,45.8
2014-03-08,2813.87,69235,69235,45.8
2014-03-09,2813.87,69235,69235,45.8
2014-03-10,2813.88,69283,69283,45.8
2014-03-11,2813.88,69283,69283,45.8
2014-03-12,2813.87,69235,69235,45.8
2014-03-13,2813.86,69186,69186,45.8
2014-03-14,2813.87,69235,69235,45.8
2014-03-15,2813.89,69331,69331,45.9
2014-03-16,2813.88,69283,69283,45.8
2014-03-17,2813.86,69186,69186,45.8
2014-03-18,2813.86,69186,69186,45.8
2014-03-19,2813.85,69138,69138,45.8
2014-03-20,2813.85,69138,69138,45.8
2014-03-21,2813.86,69186,69186,45.8
2014-03-22,2813.85,69138,69138,45.8
2014-03-23,2813.85,69138,69138,45.8
2014-03-24,2813.85,69138,69138,45.8
2014-03-25,2813.86,69186,69186,45.8
2014-03-26,2813.87,69235,69235,45.8
2014-03-27,2813.87,69235,69235,45.8
2014-03-28,2813.86,69186,69186,45.8
2014-03-29,2813.86,69186,69186,45.8
2014-03-30,2813.86,69186,69186,45.8
2014-03-31,2813.87,69235,69235,45.8
2014-04-01,2813.87,69235,69235,45.8
2014-04-02,2813.87,69235,69235,45.8
2014-04-03,2813.87,69235,69235,45.8
2014-04-04,2813.85,69138,69138,45.8
2014-04-05,2813.84,69090,69090,45.7
2014-04-06,2813.85,69138,69138,45.8
2014-04-07,2813.85,69138,69138,45.8
2014-04-08,2813.85,69138,69138,45.8
2014-04-09,2813.85,69138,69138,45.8
2014-04-10,2813.86,69186,69186,45.8
2014-04-11,2813.86,69186,69186,45.8
2014-04-12,2813.85,69138,69138,45.8
2014-04-13,2813.85,69138,69138,45.8
2014-04-14,2813.83,69041,69041,45.7
2014-04-15,2813.80,68897,68897,45.6
2014-04-16,2813.82,68993,68993,45.7
2014-04-17,2813.85,69138,69138,45.8
2014-04-18,2813.82,68993,68993,45.7
2014-04-19,2813.84,69090,69090,45.7
2014-04-20,2813.86,69186,69186,45.8
2014-04-21,2813.87,69235,69235,45.8
2014-04-22,2813.89,69331,69331,45.9
2014-04-23,2813.91,69428,69428,45.9
2014-04-24,2813.92,69476,69476,46.0
2014-04-25,2813.91,69428,69428,45.9
2014-04-26,2813.90,69379,69379,45.9
2014-04-27,2813.89,69331,69331,45.9
2014-04-28,2813.85,69138,69138,45.8
2014-04-29,2813.83,69041,69041,45.7
2014-04-30,2813.79,68848,68848,45.6
2014-05-01,2813.77,68752,68752,45.5
2014-05-02,2813.80,68897,68897,45.6
2014-05-03,2814.05,70104,70104,46.4
2014-05-04,2814.39,71745,71745,47.5
2014-05-05,2814.73,73387,73387,48.6
2014-05-06,2815.08,75077,75077,49.7
2014-05-07,2815.39,76574,76574,50.7
2014-05-08,2815.72,78167,78167,51.7
2014-05-09,2816.02,79732,79732,52.8
2014-05-10,2816.32,81296,81296,53.8
2014-05-11,2816.51,82287,82287,54.5
2014-05-12,2816.58,82652,82652,54.7
2014-05-13,2816.58,82652,82652,54.7
2014-05-14,2816.57,82599,82599,54.7
2014-05-15,2816.57,82599,82599,54.7
2014-05-16,2816.57,82599,82599,54.7
2014-05-17,2816.57,82599,82599,54.7
2014-05-18,2816.55,82495,82495,54.6
2014-05-19,2816.55,82495,82495,54.6
2014-05-20,2816.53,82391,82391,54.5
2014-05-21,2816.52,82339,82339,54.5
2014-05-22,2816.52,82339,82339,54.5
2014-05-23,2816.56,82547,82547,54.6
2014-05-24,2816.55,82495,82495,54.6
2014-05-25,2816.54,82443,82443,54.6
2014-05-26,2816.54,82443,82443,54.6
2014-05-27,2816.54,82443,82443,54.6
2014-05-28,2816.54,82443,82443,54.6
2014-05-29,2816.55,82495,82495,54.6
2014-05-30,2816.54,82443,82443,54.6
2014-05-31,2816.53,82391,82391,54.5
2014-06-01,2816.51,82287,82287,54.5
2014-06-02,2816.50,82234,82234,54.4
2014-06-03,2816.48,82130,82130,54.4
2014-06-04,2816.46,82026,82026,54.3
2014-06-05,2816.44,81922,81922,54.2
2014-06-06,2816.41,81765,81765,54.1
2014-06-07,2816.39,81661,81661,54.0
2014-06-08,2816.39,81661,81661,54.0
2014-06-09,2816.47,82078,82078,54.3
2014-06-10,2816.47,82078,82078,54.3
2014-06-11,2816.47,82078,82078,54.3
2014-06-12,2816.46,82026,82026,54.3
2014-06-13,2816.42,81817,81817,54.1
2014-06-14,2816.41,81765,81765,54.1
2014-06-15,2816.39,81661,81661,54.0
2014-06-16,2816.35,81452,81452,53.9
2014-06-17,2816.33,81348,81348,53.8
2014-06-18,2816.32,81296,81296,53.8
2014-06-19,2816.31,81244,81244,53.8
2014-06-20,2816.29,81139,81139,53.7
2014-06-21,2816.28,81087,81087,53.7
2014-06-22,2816.27,81035,81035,53.6
2014-06-23,2816.26,80983,80983,53.6
2014-06-24,2816.24,80879,80879,53.5
2014-06-25,2816.22,80774,80774,53.5
2014-06-26,2816.21,80722,80722,53.4
2014-06-27,2816.19,80618,80618,53.4
2014-06-28,2816.16,80462,80462,53.2
2014-06-29,2816.14,80357,80357,53.2
2014-07-09,2815.92,79210,79210,52.4
2014-07-10,2815.90,79106,79106,52.3
2014-07-11,2815.87,78950,78950,52.2
2014-07-12,2815.88,79002,79002,52.3
2014-07-13,2815.92,79210,79210,52.4
2014-07-14,2815.91,79158,79158,52.4
2014-07-15,2815.89,79054,79054,52.3
2014-07-16,2815.88,79002,79002,52.3
2014-07-17,2815.88,79002,79002,52.3
2014-07-18,2815.87,78950,78950,52.2
2014-07-19,2815.86,78897,78897,52.2
2014-07-20,2815.86,78897,78897,52.2
2014-07-21,2815.86,78897,78897,52.2
2014-07-22,2815.85,78845,78845,52.2
2014-07-23,2815.83,78741,78741,52.1
2014-07-24,2815.81,78637,78637,52.0
2014-07-25,2815.79,78532,78532,52.0
2014-07-26,2815.77,78428,78428,51.9
2014-07-27,2815.74,78272,78272,51.8
2014-07-28,2815.72,78167,78167,51.7
2014-07-29,2815.69,78023,78023,51.6
2014-07-30,2815.68,77974,77974,51.6
2014-07-31,2815.67,77926,77926,51.6
2014-08-01,2815.67,77926,77926,51.6
2014-08-02,2815.66,77878,77878,51.5
2014-08-03,2815.66,77878,77878,51.5
2014-08-04,2815.66,77878,77878,51.5
2014-08-05,2815.65,77829,77829,51.5
2014-08-06,2815.69,78023,78023,51.6
2014-08-07,2815.79,78532,78532,52.0
2014-08-08,2815.83,78741,78741,52.1
2014-08-09,2815.84,78793,78793,52.1
2014-08-10,2815.83,78741,78741,52.1
2014-08-11,2815.83,78741,78741,52.1
2014-08-12,2815.84,78793,78793,52.1
2014-08-13,2815.84,78793,78793,52.1
2014-08-14,2815.84,78793,78793,52.1
2014-08-15,2815.84,78793,78793,52.1
2014-08-16,2815.84,78793,78793,52.1
2014-08-17,2815.83,78741,78741,52.1
2014-08-18,2815.83,78741,78741,52.1
2014-08-19,2815.83,78741,78741,52.1
2014-08-20,2815.80,78585,78585,52.0
2014-08-21,2815.78,78480,78480,51.9
2014-08-22,2815.77,78428,78428,51.9
2014-08-23,2815.77,78428,78428,51.9
2014-08-24,2815.78,78480,78480,51.9
2014-08-25,2815.81,78637,78637,52.0
2014-08-26,2815.83,78741,78741,52.1
2014-08-27,2815.83,78741,78741,52.1
2014-08-28,2815.82,78689,78689,52.1
2014-08-29,2815.82,78689,78689,52.1
2014-08-30,2815.80,78585,78585,52.0
2014-08-31,2815.78,78480,78480,51.9
2014-09-01,2815.78,78480,78480,51.9
2014-09-02,2815.76,78376,78376,51.9
2014-09-03,2815.74,78272,78272,51.8
2014-09-04,2815.72,78167,78167,51.7
2014-09-05,2815.71,78119,78119,51.7
2014-09-06,2815.73,78220,78220,51.8
2014-09-07,2815.82,78689,78689,52.1
2014-09-08,2815.87,78950,78950,52.2
2014-09-09,2815.90,79106,79106,52.3
2014-09-10,2815.92,79210,79210,52.4
2014-09-11,2815.93,79262,79262,52.5
2014-09-12,2815.97,79471,79471,52.6
2014-09-13,2816.46,82026,82026,54.3
2014-09-14,2816.66,83069,83069,55.0
2014-09-15,2816.73,83434,83434,55.2
2014-09-16,2816.77,83642,83642,55.4
2014-09-17,2816.79,83746,83746,55.4
2014-09-18,2816.99,84789,84789,56.1
2014-09-19,2821.21,108872,108872,72.0
2014-09-20,2825.18,135046,135046,89.4
2014-09-22,2829.68,168801,168801,100.0
2014-09-23,2832.31,191015,191015,100.0
2014-09-24,2831.86,187016,187016,100.0
2014-09-25,2831.14,180941,180941,100.0
2014-09-26,2830.30,173944,173944,100.0
2014-09-27,2829.59,168096,168096,100.0
2014-09-28,2829.05,163869,163869,100.0
2014-09-29,2828.62,160503,160503,100.0
2014-09-30,2828.26,157685,157685,100.0
2014-10-01,2827.96,155337,155337,100.0
2014-10-02,2827.70,153312,153312,100.0
2014-10-03,2827.48,151697,151697,100.0
2014-10-04,2827.27,150156,150156,99.4
2014-10-05,2827.08,148761,148761,98.4
2014-10-06,2826.88,147294,147294,97.5
2014-10-07,2826.68,145826,145826,96.5
2014-10-08,2826.48,144358,144358,95.5
2014-10-09,2826.28,142890,142890,94.6
2014-10-10,2826.07,141349,141349,93.5
2014-10-11,2825.84,139661,139661,92.4
2014-10-12,2825.64,138227,138227,91.5
2014-10-13,2825.40,136567,136567,90.4
2014-10-14,2825.18,135046,135046,89.4
2014-10-15,2825.08,134355,134355,88.9
2014-10-16,2825.03,134009,134009,88.7
2014-10-17,2824.97,133594,133594,88.4
2014-10-18,2824.91,133179,133179,88.1
2014-10-19,2824.85,132764,132764,87.9
2014-10-20,2824.79,132349,132349,87.6
2014-10-21,2824.76,132142,132142,87.4
2014-10-22,2824.72,131865,131865,87.3
2014-10-23,2824.66,131450,131450,87.0
2014-10-24,2824.62,131174,131174,86.8
2014-10-25,2824.57,130828,130828,86.6
2014-10-26,2824.52,130482,130482,86.3
2014-10-27,2824.46,130067,130067,86.1
2014-10-28,2824.39,129583,129583,85.8
2014-10-29,2824.33,129169,129169,85.5
2014-10-30,2824.30,128961,128961,85.3
2014-10-31,2824.26,128684,128684,85.2
2014-11-01,2824.23,128477,128477,85.0
2014-11-02,2824.20,128270,128270,84.9
2014-11-03,2824.20,128270,128270,84.9
2014-11-04,2824.24,128546,128546,85.1
2014-11-05,2824.22,128408,128408,85.0
2014-11-06,2824.23,128477,128477,85.0
2014-11-07,2824.23,128477,128477,85.0
2014-11-08,2824.24,128546,128546,85.1
2014-11-09,2824.22,128408,128408,85.0
2014-11-10,2824.22,128408,128408,85.0
2014-11-11,2824.19,128200,128200,84.8
2014-11-12,2824.17,128062,128062,84.7
2014-11-13,2824.14,127855,127855,84.6
2014-11-14,2824.13,127786,127786,84.6
2014-11-15,2824.12,127716,127716,84.5
2014-11-16,2824.13,127786,127786,84.6
2014-11-17,2824.09,127509,127509,84.4
2014-11-18,2824.09,127509,127509,84.4
2014-11-19,2824.09,127509,127509,84.4
2014-11-20,2824.09,127509,127509,84.4
2014-11-21,2824.08,127440,127440,84.3
2014-11-22,2824.09,127509,127509,84.4
2014-11-23,2824.09,127509,127509,84.4
2014-11-24,2824.05,127232,127232,84.2
2014-11-25,2824.07,127371,127371,84.3
2014-11-26,2824.07,127371,127371,84.3
2014-11-27,2824.08,127440,127440,84.3
2014-11-28,2824.10,127578,127578,84.4
2014-11-29,2824.12,127716,127716,84.5
2014-11-30,2824.14,127855,127855,84.6
2014-12-01,2824.15,127924,127924,84.7
2014-12-02,2824.16,127993,127993,84.7
2014-12-03,2824.19,128200,128200,84.8
2014-12-04,2824.20,128270,128270,84.9
2014-12-05,2824.23,128477,128477,85.0
2014-12-06,2824.25,128615,128615,85.1
2014-12-07,2824.26,128684,128684,85.2
2014-12-08,2824.29,128892,128892,85.3
2014-12-09,2824.31,129030,129030,85.4
2014-12-10,2824.33,129169,129169,85.5
2014-12-11,2824.35,129307,129307,85.6
2014-12-12,2824.38,129514,129514,85.7
2014-12-13,2824.40,129653,129653,85.8
2014-12-14,2824.43,129860,129860,85.9
2014-12-15,2824.42,129791,129791,85.9
2014-12-16,2824.44,129929,129929,86.0
2014-12-17,2824.45,129998,129998,86.0
2014-12-18,2824.46,130067,130067,86.1
2014-12-19,2824.49,130275,130275,86.2
2014-12-20,2824.50,130344,130344,86.3
2014-12-21,2824.53,130551,130551,86.4
2014-12-22,2824.54,130621,130621,86.4
2014-12-23,2824.54,130621,130621,86.4
2014-12-24,2824.55,130690,130690,86.5
2014-12-25,2824.55,130690,130690,86.5
2014-12-26,2824.59,130966,130966,86.7
2014-12-27,2824.60,131036,131036,86.7
2014-12-28,2824.63,131243,131243,86.9
2014-12-29,2824.64,131312,131312,86.9
2014-12-30,2824.66,131450,131450,87.0
2014-12-31,2824.67,131520,131520,87.0
2015-01-01,2824.69,131658,131658,87.1
2015-01-02,2824.71,131796,131796,87.2
2015-01-03,2824.74,132004,132004,87.4
2015-01-04,2824.75,132073,132073,87.4
2015-01-05,2824.77,132211,132211,87.5
2015-01-06,2824.79,132349,132349,87.6
2015-01-07,2824.81,132488,132488,87.7
2015-01-08,2824.82,132557,132557,87.7
2015-01-09,2824.83,132626,132626,87.8
2015-01-14,2824.83,132626,132626,87.8
2015-01-15,2824.84,132695,132695,87.8
2015-01-16,2824.85,132764,132764,87.9
2015-01-17,2824.87,132903,132903,88.0
2015-01-18,2824.89,133041,133041,88.0
2015-01-19,2824.92,133248,133248,88.2
2015-01-20,2824.93,133317,133317,88.2
2015-01-21,2824.95,133456,133456,88.3
2015-01-22,2824.98,133663,133663,88.5
2015-01-23,2825.01,133871,133871,88.6
2015-01-24,2825.03,134009,134009,88.7
2015-01-25,2825.05,134147,134147,88.8
2015-01-26,2825.07,134286,134286,88.9
2015-01-27,2825.10,134493,134493,89.0
2015-01-28,2825.12,134631,134631,89.1
2015-01-29,2825.13,134700,134700,89.1
2015-01-30,2825.16,134908,134908,89.3
2015-01-31,2825.23,135392,135392,89.6
2015-02-01,2825.26,135599,135599,89.7
2015-02-02,2825.27,135669,135669,89.8
2015-02-03,2825.29,135807,135807,89.9
2015-02-04,2825.32,136014,136014,90.0
2015-02-05,2825.33,136083,136083,90.1
2015-02-06,2825.34,136153,136153,90.1
2015-02-07,2825.37,136360,136360,90.2
2015-02-08,2825.38,136429,136429,90.3
2015-02-09,2825.39,136498,136498,90.3
2015-02-10,2825.40,136567,136567,90.4
2015-02-11,2825.43,136775,136775,90.5
2015-02-12,2825.42,136706,136706,90.5
2015-02-13,2825.44,136844,136844,90.6
2015-02-14,2825.46,136982,136982,90.7
2015-02-15,2825.48,137121,137121,90.7
2015-02-16,2825.48,137121,137121,90.7
2015-02-17,2825.49,137190,137190,90.8
2015-02-18,2825.50,137259,137259,90.8
2015-02-19,2825.51,137328,137328,90.9
2015-02-20,2825.54,137536,137536,91.0
2015-02-21,2825.54,137536,137536,91.0
2015-02-22,2825.56,137674,137674,91.1
2015-02-23,2825.57,137743,137743,91.2
2015-02-24,2825.59,137881,137881,91.2
2015-02-25,2825.61,138020,138020,91.3
2015-02-26,2825.59,137881,137881,91.2
2015-02-27,2825.59,137881,137881,91.2
2015-02-28,2825.59,137881,137881,91.2
2015-03-01,2825.61,138020,138020,91.3
2015-03-02,2825.62,138089,138089,91.4
2015-03-03,2825.65,138296,138296,91.5
2015-03-04,2825.68,138504,138504,91.7
2015-03-05,2825.71,138711,138711,91.8
2015-03-06,2825.73,138854,138854,91.9
2015-03-07,2825.74,138927,138927,91.9
2015-03-08,2825.69,138573,138573,91.7
2015-03-09,2825.64,138227,138227,91.5
2015-03-10,2825.58,137812,137812,91.2
2015-03-11,2825.53,137466,137466,91.0
2015-03-12,2825.47,137052,137052,90.7
2015-03-13,2825.42,136706,136706,90.5
2015-03-14,2825.35,136222,136222,90.1
2015-03-15,2825.28,135738,135738,89.8
2015-03-16,2825.22,135323,135323,89.6
2015-03-17,2825.18,135046,135046,89.4
2015-03-18,2825.15,134839,134839,89.2
2015-03-19,2825.10,134493,134493,89.0
2015-03-20,2825.03,134009,134009,88.7
2015-03-21,2825.00,133802,133802,88.5
2015-03-22,2824.98,133663,133663,88.5
2015-03-23,2824.92,133248,133248,88.2
2015-03-24,2824.87,132903,132903,88.0
2015-03-25,2824.81,132488,132488,87.7
2015-03-26,2824.72,131865,131865,87.3
2015-03-27,2824.65,131381,131381,86.9
2015-03-28,2824.62,131174,131174,86.8
2015-03-29,2824.58,130897,130897,86.6
2015-03-30,2824.53,130551,130551,86.4
2015-03-31,2824.49,130275,130275,86.2
2015-04-01,2824.46,130067,130067,86.1
2015-04-02,2824.42,129791,129791,85.9
2015-04-03,2824.36,129376,129376,85.6
2015-04-04,2824.29,128892,128892,85.3
2015-04-05,2824.25,128615,128615,85.1
2015-04-06,2824.22,128408,128408,85.0
2015-04-07,2824.18,128131,128131,84.8
2015-04-08,2824.15,127924,127924,84.7
2015-04-09,2824.12,127716,127716,84.5
2015-04-10,2824.08,127440,127440,84.3
2015-04-11,2824.04,127163,127163,84.2
2015-04-12,2824.01,126956,126956,84.0
2015-04-13,2824.02,127025,127025,84.1
2015-04-14,2823.99,126817,126817,83.9
2015-04-15,2823.95,126541,126541,83.7
2015-04-16,2823.92,126333,126333,83.6
2015-04-17,2823.88,126057,126057,83.4
2015-04-18,2823.83,125711,125711,83.2
2015-04-19,2823.77,125296,125296,82.9
2015-04-20,2823.72,124950,124950,82.7
2015-04-21,2823.68,124691,124691,82.5
2015-04-22,2823.65,124496,124496,82.4
2015-04-23,2823.60,124171,124171,82.2
2015-04-24,2823.56,123912,123912,82.0
2015-04-25,2823.49,123457,123457,81.7
2015-04-26,2823.45,123197,123197,81.5
2015-04-27,2823.40,122873,122873,81.3
2015-04-28,2823.32,122353,122353,81.0
2015-04-29,2823.27,122029,122029,80.8
2015-04-30,2823.23,121769,121769,80.6
2015-05-01,2823.20,121574,121574,80.5
2015-05-02,2823.16,121314,121314,80.3
2015-05-03,2823.12,121055,121055,80.1
2015-05-04,2823.09,120860,120860,80.0
2015-05-05,2823.12,121055,121055,80.1
2015-05-06,2823.08,120795,120795,79.9
2015-05-07,2823.06,120665,120665,79.9
2015-05-08,2823.03,120470,120470,79.7
2015-05-09,2822.99,120210,120210,79.6
2015-05-10,2822.92,119756,119756,79.3
2015-05-11,2822.86,119366,119366,79.0
2015-05-12,2822.82,119107,119107,78.8
2015-05-13,2822.93,119821,119821,79.3
2015-05-14,2822.93,119821,119821,79.3
2015-05-15,2822.93,119821,119821,79.3
2015-05-16,2822.94,119886,119886,79.3
2015-05-17,2822.90,119626,119626,79.2
2015-05-18,2822.87,119431,119431,79.0
2015-05-19,2822.86,119366,119366,79.0
2015-05-20,2822.84,119236,119236,78.9
2015-05-21,2822.79,118912,118912,78.7
2015-05-22,2822.82,119107,119107,78.8
2015-05-23,2822.82,119107,119107,78.8
2015-05-24,2822.81,119042,119042,78.8
2015-05-25,2822.79,118912,118912,78.7
2015-05-26,2822.78,118847,118847,78.6
2015-05-28,2822.75,118652,118652,78.5
2015-05-29,2822.74,118587,118587,78.5
2015-05-30,2822.73,118522,118522,78.4
2015-05-31,2822.72,118457,118457,78.4
2015-06-01,2822.72,118457,118457,78.4
2015-06-02,2822.71,118392,118392,78.3
2015-06-03,2822.69,118262,118262,78.3
2015-06-04,2822.66,118068,118068,78.1
2015-06-05,2822.63,117873,117873,78.0
2015-06-06,2822.62,117808,117808,78.0
2015-06-07,2822.61,117743,117743,77.9
2015-06-08,2822.59,117613,117613,77.8
2015-06-09,2822.58,117548,117548,77.8
2015-06-10,2822.56,117418,117418,77.7
2015-06-11,2822.54,117288,117288,77.6
2015-06-12,2822.52,117159,117159,77.5
2015-06-13,2822.50,117029,117029,77.4
2015-06-14,2822.51,117094,117094,77.5
2015-06-15,2822.53,117224,117224,77.6
2015-06-16,2822.49,116964,116964,77.4
2015-06-17,2822.44,116639,116639,77.2
2015-06-18,2822.39,116315,116315,77.0
2015-06-19,2822.32,115860,115860,76.7
2015-06-20,2822.26,115470,115470,76.4
2015-06-21,2822.20,115081,115081,76.2
2015-06-22,2822.14,114691,114691,75.9
2015-06-23,2822.08,114302,114302,75.6
2015-06-24,2822.05,114107,114107,75.5
2015-06-25,2822.03,113977,113977,75.4
2015-06-26,2822.01,113847,113847,75.3
2015-06-27,2821.99,113717,113717,75.3
2015-06-28,2821.97,113587,113587,75.2
2015-06-29,2821.94,113393,113393,75.0
2015-06-30,2821.90,113133,113133,74.9
2015-07-01,2821.88,113003,113003,74.8
2015-07-02,2821.85,112808,112808,74.7
2015-07-03,2821.83,112678,112678,74.6
2015-07-04,2821.81,112548,112548,74.5
2015-07-05,2821.78,112354,112354,74.4
2015-07-06,2821.76,112224,112224,74.3
2015-07-07,2821.74,112094,112094,74.2
2015-07-08,2821.71,111903,111903,74.1
2015-07-09,2821.68,111722,111722,73.9
2015-07-10,2821.66,111600,111600,73.9
2015-07-11,2821.65,111540,111540,73.8
2015-07-12,2821.62,111358,111358,73.7
2015-07-13,2821.60,111237,111237,73.6
2015-07-14,2821.55,110933,110933,73.4
2015-07-15,2821.51,110691,110691,73.3
2015-07-16,2821.49,110570,110570,73.2
2015-07-17,2821.45,110327,110327,73.0
2015-07-18,2821.39,109963,109963,72.8
2015-07-19,2821.34,109660,109660,72.6
2015-07-20,2821.28,109296,109296,72.3
2015-07-21,2821.25,109114,109114,72.2
2015-07-22,2821.26,109175,109175,72.2
2015-07-23,2821.20,108811,108811,72.0
2015-07-24,2821.15,108508,108508,71.8
2015-07-25,2821.09,108144,108144,71.6
2015-07-26,2821.02,107720,107720,71.3
2015-07-27,2820.95,107295,107295,71.0
2015-07-28,2820.89,106932,106932,70.8
2015-07-29,2820.82,106507,106507,70.5
2015-07-30,2820.76,106144,106144,70.2
2015-07-31,2820.69,105719,105719,70.0
2015-08-01,2820.62,105295,105295,69.7
2015-08-02,2820.56,104931,104931,69.4
2015-08-06,2820.49,104506,104506,69.2
2015-08-07,2820.41,104021,104021,68.8
2015-08-08,2820.43,104143,104143,68.9
2015-08-09,2820.50,104567,104567,69.2
2015-08-10,2820.55,104870,104870,69.4
2015-08-11,2820.62,105295,105295,69.7
2015-08-12,2820.68,105658,105658,69.9
2015-08-13,2820.75,106083,106083,70.2
2015-08-14,2820.81,106447,106447,70.4
2015-08-15,2820.86,106750,106750,70.6
2015-08-16,2820.90,106992,106992,70.8
2015-08-17,2820.88,106871,106871,70.7
2015-08-18,2820.81,106447,106447,70.4
2015-08-19,2820.75,106083,106083,70.2
2015-08-20,2820.64,105416,105416,69.8
2015-08-21,2820.66,105537,105537,69.8
2015-08-26,2820.98,107477,107477,71.1
2015-08-27,2821.03,107781,107781,71.3
2015-08-28,2821.08,108084,108084,71.5
2015-08-29,2821.13,108387,108387,71.7
2015-08-30,2821.17,108629,108629,71.9
2015-08-31,2821.20,108811,108811,72.0
2015-09-01,2821.24,109054,109054,72.2
2015-09-02,2821.28,109296,109296,72.3
2015-09-03,2821.33,109599,109599,72.5
2015-09-04,2821.38,109903,109903,72.7
2015-09-05,2821.43,110206,110206,72.9
2015-09-06,2821.51,110691,110691,73.3
2015-09-07,2821.60,111237,111237,73.6
2015-09-08,2821.69,111782,111782,74.0
2015-09-09,2821.80,112484,112484,74.4
2015-09-10,2821.96,113522,113522,75.1
2015-09-11,2822.11,114496,114496,75.8
2015-09-12,2822.28,115600,115600,76.5
2015-09-13,2822.40,116379,116379,77.0
2015-09-14,2822.51,117094,117094,77.5
2015-09-15,2822.62,117808,117808,78.0
2015-09-16,2822.75,118652,118652,78.5
2015-09-17,2822.87,119431,119431,79.0
2015-09-18,2822.99,120210,120210,79.6
2015-09-19,2823.10,120925,120925,80.0
2015-09-20,2823.19,121509,121509,80.4
2015-09-21,2823.31,122288,122288,80.9
2015-09-22,2823.47,123327,123327,81.6
2015-09-23,2823.81,125573,125573,83.1
2015-09-24,2824.04,127163,127163,84.2
2015-09-25,2824.20,128270,128270,84.9
2015-09-26,2824.35,129307,129307,85.6
2015-09-27,2824.45,129998,129998,86.0
2015-09-28,2824.55,130690,130690,86.5
2015-09-29,2824.64,131312,131312,86.9
2015-09-30,2824.73,131934,131934,87.3
2015-10-01,2824.82,132557,132557,87.7
2015-10-02,2824.91,133179,133179,88.1
2015-10-03,2824.99,133732,133732,88.5
2015-10-04,2825.15,134839,134839,89.2
2015-10-05,2825.27,135669,135669,89.8
2015-10-06,2825.28,135738,135738,89.8
2015-10-07,2825.27,135669,135669,89.8
2015-10-08,2825.30,135876,135876,89.9
2015-10-09,2825.28,135738,135738,89.8
2015-10-10,2825.24,135461,135461,89.6
2015-10-11,2825.21,135254,135254,89.5
2015-10-12,2825.16,134908,134908,89.3
2015-10-13,2825.10,134493,134493,89.0
2015-10-14,2825.04,134078,134078,88.7
2015-10-15,2824.99,133732,133732,88.5
2015-10-16,2824.94,133387,133387,88.3
2015-10-17,2824.86,132833,132833,87.9
2015-10-18,2824.84,132695,132695,87.8
2015-10-19,2824.85,132764,132764,87.9
2015-10-20,2824.86,132833,132833,87.9
2015-10-21,2824.87,132903,132903,88.0
2015-10-22,2825.07,134286,134286,88.9
2015-10-23,2825.14,134770,134770,89.2
2015-10-24,2825.17,134977,134977,89.3
2015-10-25,2825.18,135046,135046,89.4
2015-10-26,2825.18,135046,135046,89.4
2015-10-27,2825.20,135184,135184,89.5
2015-10-28,2825.20,135184,135184,89.5
2015-10-31,2825.13,134700,134700,89.1
2015-11-01,2825.11,134562,134562,89.0
2015-11-02,2825.12,134631,134631,89.1
2015-11-03,2825.13,134700,134700,89.1
2015-11-04,2825.14,134770,134770,89.2
2015-11-05,2825.14,134770,134770,89.2
2015-11-06,2825.14,134770,134770,89.2
2015-11-07,2825.15,134839,134839,89.2
2015-11-08,2825.12,134631,134631,89.1
2015-11-09,2825.13,134700,134700,89.1
2015-11-14,2825.11,134562,134562,89.0
2015-11-15,2825.12,134631,134631,89.1
2015-11-16,2825.13,134700,134700,89.1
2015-11-17,2825.11,134562,134562,89.0
2015-11-18,2825.12,134631,134631,89.1
2015-11-19,2825.08,134355,134355,88.9
2015-11-20,2825.08,134355,134355,88.9
2015-11-21,2825.05,134147,134147,88.8
2015-11-22,2825.06,134216,134216,88.8
2015-11-23,2825.07,134286,134286,88.9
2015-11-24,2825.07,134286,134286,88.9
2015-11-25,2825.08,134355,134355,88.9
2015-11-26,2825.09,134424,134424,89.0
2015-11-27,2825.11,134562,134562,89.0
2015-11-28,2825.14,134770,134770,89.2
2015-11-29,2825.16,134908,134908,89.3
2015-11-30,2825.17,134977,134977,89.3
2015-12-01,2825.19,135115,135115,89.4
2015-12-02,2825.18,135046,135046,89.4
2015-12-03,2825.19,135115,135115,89.4
2015-12-04,2825.20,135184,135184,89.5
2015-12-05,2825.22,135323,135323,89.6
2015-12-06,2825.23,135392,135392,89.6
2015-12-07,2825.24,135461,135461,89.6
2015-12-08,2825.26,135599,135599,89.7
2015-12-09,2825.27,135669,135669,89.8
2015-12-10,2825.29,135807,135807,89.9
2015-12-11,2825.30,135876,135876,89.9
2015-12-12,2825.31,135945,135945,90.0
2015-12-13,2825.30,135876,135876,89.9
2015-12-14,2825.31,135945,135945,90.0
2015-12-15,2825.31,135945,135945,90.0
2015-12-16,2825.31,135945,135945,90.0
2015-12-17,2825.31,135945,135945,90.0
2015-12-18,2825.32,136014,136014,90.0
2015-12-19,2825.33,136083,136083,90.1
2015-12-20,2825.35,136222,136222,90.1
2015-12-21,2825.36,136291,136291,90.2
2015-12-22,2825.37,136360,136360,90.2
2015-12-23,2825.38,136429,136429,90.3
2015-12-24,2825.39,136498,136498,90.3
2015-12-25,2825.40,136567,136567,90.4
2015-12-28,2825.47,137052,137052,90.7
2015-12-29,2825.50,137259,137259,90.8
2015-12-30,2825.51,137328,137328,90.9
2015-12-31,2825.51,137328,137328,90.9
2016-01-01,2825.55,137605,137605,91.1
2016-01-02,2825.56,137674,137674,91.1
2016-01-03,2825.58,137812,137812,91.2
2016-01-04,2825.60,137950,137950,91.3
2016-01-05,2825.56,137674,137674,91.1
2016-01-06,2825.47,137052,137052,90.7
2016-01-07,2825.36,136291,136291,90.2
2016-01-08,2825.24,135461,135461,89.6
2016-01-09,2825.12,134631,134631,89.1
2016-01-10,2825.00,133802,133802,88.5
2016-01-11,2824.89,133041,133041,88.0
2016-01-12,2824.81,132488,132488,87.7
2016-01-13,2824.80,132419,132419,87.6
2016-01-14,2824.83,132626,132626,87.8
2016-01-15,2824.84,132695,132695,87.8
2016-01-16,2824.85,132764,132764,87.9
2016-01-17,2824.88,132972,132972,88.0
2016-01-18,2824.90,133110,133110,88.1
2016-01-19,2824.93,133317,133317,88.2
2016-01-20,2824.96,133525,133525,88.4
2016-01-21,2824.97,133594,133594,88.4
2016-01-22,2825.01,133871,133871,88.6
2016-01-23,2825.03,134009,134009,88.7
2016-01-24,2825.06,134216,134216,88.8
2016-01-25,2825.08,134355,134355,88.9
2016-01-26,2825.11,134562,134562,89.0
2016-01-27,2825.13,134700,134700,89.1
2016-01-28,2825.16,134908,134908,89.3
2016-01-29,2825.20,135184,135184,89.5
2016-01-30,2825.21,135254,135254,89.5
2016-01-31,2825.21,135254,135254,89.5
2016-02-01,2825.18,135046,135046,89.4
2016-02-02,2825.14,134770,134770,89.2
2016-02-03,2825.10,134493,134493,89.0
2016-02-04,2825.07,134286,134286,88.9
2016-02-05,2825.04,134078,134078,88.7
2016-02-06,2825.06,134216,134216,88.8
2016-02-07,2825.10,134493,134493,89.0
2016-02-08,2825.13,134700,134700,89.1
2016-02-09,2825.15,134839,134839,89.2
2016-02-10,2825.17,134977,134977,89.3
2016-02-11,2825.19,135115,135115,89.4
2016-02-12,2825.21,135254,135254,89.5
2016-02-13,2825.23,135392,135392,89.6
2016-02-14,2825.26,135599,135599,89.7
2016-02-15,2825.28,135738,135738,89.8
2016-02-16,2825.29,135807,135807,89.9
2016-02-17,2825.31,135945,135945,90.0
2016-02-18,2825.34,136153,136153,90.1
2016-02-19,2825.36,136291,136291,90.2
2016-02-20,2825.38,136429,136429,90.3
2016-02-21,2825.39,136498,136498,90.3
2016-02-22,2825.39,136498,136498,90.3
2016-02-23,2825.39,136498,136498,90.3
2016-02-24,2825.40,136567,136567,90.4
2016-02-25,2825.40,136567,136567,90.4
2016-02-26,2825.40,136567,136567,90.4
2016-02-27,2825.41,136637,136637,90.4
2016-02-28,2825.43,136775,136775,90.5
2016-02-29,2825.44,136844,136844,90.6
2016-03-01,2825.45,136913,136913,90.6
2016-03-02,2825.46,136982,136982,90.7
2016-03-03,2825.46,136982,136982,90.7
2016-03-04,2825.47,137052,137052,90.7
2016-03-05,2825.48,137121,137121,90.7
2016-03-06,2825.49,137190,137190,90.8
2016-03-07,2825.51,137328,137328,90.9
2016-03-08,2825.52,137397,137397,90.9
2016-03-09,2825.52,137397,137397,90.9
2016-03-10,2825.53,137466,137466,91.0
2016-03-11,2825.54,137536,137536,91.0
2016-03-12,2825.54,137536,137536,91.0
2016-03-13,2825.54,137536,137536,91.0
2016-03-14,2825.53,137466,137466,91.0
2016-03-15,2825.53,137466,137466,91.0
2016-03-16,2825.53,137466,137466,91.0
2016-03-17,2825.53,137466,137466,91.0
2016-03-18,2825.51,137328,137328,90.9
2016-03-19,2825.50,137259,137259,90.8
2016-03-20,2825.47,137052,137052,90.7
2016-03-21,2825.46,136982,136982,90.7
2016-03-22,2825.47,137052,137052,90.7
2016-03-23,2825.45,136913,136913,90.6
2016-03-24,2825.42,136706,136706,90.5
2016-03-25,2825.42,136706,136706,90.5
2016-03-26,2825.41,136637,136637,90.4
2016-03-27,2825.75,139000,139000,92.0
2016-03-28,2825.80,139367,139367,92.2
2016-03-29,2825.79,139294,139294,92.2
2016-03-30,2825.77,139147,139147,92.1
2016-03-31,2825.73,138854,138854,91.9
2016-04-01,2825.71,138711,138711,91.8
2016-04-02,2825.69,138573,138573,91.7
2016-04-03,2825.67,138434,138434,91.6
2016-04-04,2825.67,138434,138434,91.6
2016-04-05,2825.67,138434,138434,91.6
2016-04-06,2825.65,138296,138296,91.5
2016-04-07,2825.64,138227,138227,91.5
2016-04-08,2825.64,138227,138227,91.5
2016-04-09,2825.64,138227,138227,91.5
2016-04-10,2825.65,138296,138296,91.5
2016-04-11,2825.65,138296,138296,91.5
2016-04-12,2825.63,138158,138158,91.4
2016-04-13,2825.64,138227,138227,91.5
2016-04-14,2825.65,138296,138296,91.5
2016-04-15,2825.64,138227,138227,91.5
2016-04-16,2825.64,138227,138227,91.5
2016-04-17,2825.61,138020,138020,91.3
2016-04-18,2825.62,138089,138089,91.4
2016-04-19,2825.62,138089,138089,91.4
2016-04-20,2825.63,138158,138158,91.4
2016-04-21,2825.62,138089,138089,91.4
2016-04-22,2825.61,138020,138020,91.3
2016-04-23,2825.60,137950,137950,91.3
2016-04-24,2825.60,137950,137950,91.3
2016-04-25,2825.59,137881,137881,91.2
2016-04-26,2825.57,137743,137743,91.2
2016-04-27,2825.55,137605,137605,91.1
2016-04-28,2825.53,137466,137466,91.0
2016-04-29,2825.51,137328,137328,90.9
2016-04-30,2825.50,137259,137259,90.8
2016-05-01,2825.44,136844,136844,90.6
2016-05-02,2825.42,136706,136706,90.5
2016-05-03,2825.41,136637,136637,90.4
2016-05-04,2825.39,136498,136498,90.3
2016-05-05,2825.36,136291,136291,90.2
2016-05-06,2825.30,135876,135876,89.9
2016-05-07,2825.26,135599,135599,89.7
2016-05-08,2825.22,135323,135323,89.6
2016-05-09,2825.17,134977,134977,89.3
2016-05-10,2825.13,134700,134700,89.1
2016-05-11,2825.11,134562,134562,89.0
2016-05-12,2825.10,134493,134493,89.0
2016-05-13,2825.09,134424,134424,89.0
2016-05-14,2825.07,134286,134286,88.9
2016-05-15,2825.05,134147,134147,88.8
2016-05-16,2825.03,134009,134009,88.7
2016-05-17,2824.99,133732,133732,88.5
2016-05-18,2825.00,133802,133802,88.5
2016-05-19,2825.00,133802,133802,88.5
2016-05-20,2824.99,133732,133732,88.5
2016-05-21,2824.99,133732,133732,88.5
2016-05-22,2824.99,133732,133732,88.5
2016-05-23,2824.97,133594,133594,88.4
2016-05-24,2824.96,133525,133525,88.4
2016-05-25,2824.94,133387,133387,88.3
2016-05-26,2824.91,133179,133179,88.1
2016-05-27,2824.88,132972,132972,88.0
2016-05-28,2824.85,132764,132764,87.9
2016-05-29,2824.82,132557,132557,87.7
2016-05-30,2824.82,132557,132557,87.7
2016-05-31,2824.81,132488,132488,87.7
2016-06-01,2824.80,132419,132419,87.6
2016-06-02,2824.79,132349,132349,87.6
2016-06-03,2824.79,132349,132349,87.6
2016-06-04,2824.78,132280,132280,87.5
2016-06-05,2824.76,132142,132142,87.4
2016-06-06,2824.75,132073,132073,87.4
2016-06-07,2824.72,131865,131865,87.3
2016-06-08,2824.68,131589,131589,87.1
2016-06-09,2824.64,131312,131312,86.9
2016-06-10,2824.60,131036,131036,86.7
2016-06-11,2824.56,130759,130759,86.5
2016-06-12,2824.54,130621,130621,86.4
2016-06-13,2824.51,130413,130413,86.3
2016-06-14,2824.49,130275,130275,86.2
2016-06-15,2824.47,130137,130137,86.1
2016-06-16,2824.47,130137,130137,86.1
2016-06-17,2824.45,129998,129998,86.0
2016-06-18,2824.44,129929,129929,86.0
2016-06-19,2824.41,129722,129722,85.8
2016-06-20,2824.38,129514,129514,85.7
2016-06-21,2824.36,129376,129376,85.6
2016-06-22,2824.34,129238,129238,85.5
2016-06-23,2824.31,129030,129030,85.4
2016-06-24,2824.25,128615,128615,85.1
2016-06-25,2824.19,128200,128200,84.8
2016-06-26,2824.14,127855,127855,84.6
2016-06-27,2824.09,127509,127509,84.4
2016-06-28,2824.08,127440,127440,84.3
2016-06-29,2824.05,127232,127232,84.2
2016-06-30,2824.03,127094,127094,84.1
2016-07-01,2824.01,126956,126956,84.0
2016-07-02,2824.00,126887,126887,84.0
2016-07-03,2823.99,126817,126817,83.9
2016-07-04,2823.97,126679,126679,83.8
2016-07-05,2823.95,126541,126541,83.7
2016-07-06,2823.92,126333,126333,83.6
2016-07-07,2823.90,126195,126195,83.5
2016-07-08,2823.88,126057,126057,83.4
2016-07-09,2823.83,125711,125711,83.2
2016-07-10,2823.77,125296,125296,82.9
2016-07-11,2823.73,125020,125020,82.7
2016-07-12,2823.68,124691,124691,82.5
2016-07-13,2823.62,124301,124301,82.3
2016-07-14,2823.56,123912,123912,82.0
2016-07-15,2823.51,123587,123587,81.8
2016-07-16,2823.48,123392,123392,81.7
2016-07-17,2823.45,123197,123197,81.5
2016-07-18,2823.41,122938,122938,81.4
2016-07-19,2823.38,122743,122743,81.2
2016-07-20,2823.35,122548,122548,81.1
2016-07-21,2823.33,122418,122418,81.0
2016-07-22,2823.30,122223,122223,80.9
2016-07-23,2823.25,121899,121899,80.7
2016-07-24,2823.19,121509,121509,80.4
2016-07-25,2823.14,121184,121184,80.2
2016-07-26,2823.08,120795,120795,79.9
2016-07-27,2823.05,120600,120600,79.8
2016-07-28,2823.00,120275,120275,79.6
2016-07-29,2822.98,120145,120145,79.5
2016-07-30,2822.96,120016,120016,79.4
2016-07-31,2822.93,119821,119821,79.3
2016-08-01,2822.91,119691,119691,79.2
2016-08-02,2822.90,119626,119626,79.2
2016-08-03,2822.87,119431,119431,79.0
2016-08-04,2822.82,119107,119107,78.8
2016-08-05,2822.77,118782,118782,78.6
2016-08-06,2822.70,118327,118327,78.3
2016-08-07,2822.65,118003,118003,78.1
2016-08-08,2822.60,117678,117678,77.9
2016-08-09,2822.57,117483,117483,77.7
2016-08-10,2822.54,117288,117288,77.6
2016-08-11,2822.54,117288,117288,77.6
2016-08-12,2822.52,117159,117159,77.5
2016-08-13,2822.52,117159,117159,77.5
2016-08-14,2822.49,116964,116964,77.4
2016-08-15,2822.52,117159,117159,77.5
2016-08-16,2822.50,117029,117029,77.4
2016-08-17,2822.49,116964,116964,77.4
2016-08-18,2822.47,116834,116834,77.3
2016-08-19,2822.45,116704,116704,77.2
2016-08-20,2822.45,116704,116704,77.2
2016-08-21,2822.45,116704,116704,77.2
2016-08-22,2822.47,116834,116834,77.3
2016-08-23,2822.48,116899,116899,77.4
2016-08-24,2822.82,119107,119107,78.8
2016-08-25,2823.09,120860,120860,80.0
2016-08-26,2823.17,121379,121379,80.3
2016-08-27,2823.20,121574,121574,80.5
2016-08-28,2823.21,121639,121639,80.5
2016-08-29,2823.29,122158,122158,80.8
2016-08-30,2823.50,123522,123522,81.7
2016-08-31,2823.79,125434,125434,83.0
2016-09-01,2823.88,126057,126057,83.4
2016-09-02,2824.03,127094,127094,84.1
2016-09-03,2824.12,127716,127716,84.5
2016-09-08,2824.18,128131,128131,84.8
2016-09-09,2824.18,128131,128131,84.8
2016-09-10,2824.19,128200,128200,84.8
2016-09-11,2824.20,128270,128270,84.9
2016-09-12,2824.21,128339,128339,84.9
2016-09-13,2824.22,128408,128408,85.0
2016-09-14,2824.23,128477,128477,85.0
2016-09-15,2824.24,128546,128546,85.1
2016-09-16,2824.25,128615,128615,85.1
2016-09-17,2824.26,128684,128684,85.2
2016-09-18,2824.34,129238,129238,85.5
2016-09-19,2824.35,129307,129307,85.6
2016-09-20,2824.35,129307,129307,85.6
2016-09-21,2824.33,129169,129169,85.5
2016-09-22,2824.32,129099,129099,85.4
2016-09-23,2824.31,129030,129030,85.4
2016-09-24,2824.30,128961,128961,85.3
2016-09-25,2824.28,128823,128823,85.3
2016-09-26,2824.26,128684,128684,85.2
2016-09-27,2824.24,128546,128546,85.1
2016-09-28,2824.21,128339,128339,84.9
2016-09-29,2824.18,128131,128131,84.8
2016-09-30,2824.14,127855,127855,84.6
2016-10-01,2824.12,127716,127716,84.5
2016-10-02,2824.11,127647,127647,84.5
2016-10-03,2824.11,127647,127647,84.5
2016-10-04,2824.10,127578,127578,84.4
2016-10-05,2824.08,127440,127440,84.3
2016-10-06,2824.07,127371,127371,84.3
2016-10-07,2824.06,127301,127301,84.2
2016-10-08,2824.08,127440,127440,84.3
2016-10-09,2824.11,127647,127647,84.5
2016-10-10,2824.13,127786,127786,84.6
2016-10-11,2824.14,127855,127855,84.6
2016-10-12,2824.16,127993,127993,84.7
2016-10-13,2824.16,127993,127993,84.7
2016-10-14,2824.16,127993,127993,84.7
2016-10-15,2824.14,127855,127855,84.6
2016-10-16,2824.12,127716,127716,84.5
2016-10-17,2824.09,127509,127509,84.4
2016-10-18,2824.06,127301,127301,84.2
2016-10-19,2824.07,127371,127371,84.3
2016-10-20,2824.05,127232,127232,84.2
2016-10-21,2824.06,127301,127301,84.2
2016-10-22,2824.06,127301,127301,84.2
2016-10-23,2824.08,127440,127440,84.3
2016-10-24,2824.08,127440,127440,84.3
2016-10-25,2824.10,127578,127578,84.4
2016-10-26,2824.11,127647,127647,84.5
2016-10-27,2824.12,127716,127716,84.5
2016-10-28,2824.13,127786,127786,84.6
2016-10-29,2824.14,127855,127855,84.6
2016-10-30,2824.15,127924,127924,84.7
2016-10-31,2824.16,127993,127993,84.7
2016-11-01,2824.17,128062,128062,84.7
2016-11-02,2824.19,128200,128200,84.8
2016-11-03,2824.20,128270,128270,84.9
2016-11-04,2824.23,128477,128477,85.0
2016-11-05,2824.24,128546,128546,85.1
2016-11-06,2824.31,129030,129030,85.4
2016-11-07,2824.35,129307,129307,85.6
2016-11-08,2824.35,129307,129307,85.6
2016-11-09,2824.35,129307,129307,85.6
2016-11-10,2824.37,129445,129445,85.7
2016-11-11,2824.38,129514,129514,85.7
2016-11-12,2824.38,129514,129514,85.7
2016-11-13,2824.39,129583,129583,85.8
2016-11-14,2824.40,129653,129653,85.8
2016-11-15,2824.40,129653,129653,85.8
2016-11-16,2824.41,129722,129722,85.8
2016-11-17,2824.41,129722,129722,85.8
2016-11-18,2824.40,129653,129653,85.8
2016-11-19,2824.40,129653,129653,85.8
2016-11-20,2824.40,129653,129653,85.8
2016-11-21,2824.41,129722,129722,85.8
2016-11-22,2824.43,129860,129860,85.9
2016-11-23,2824.42,129791,129791,85.9
2016-11-24,2824.43,129860,129860,85.9
2016-11-25,2824.42,129791,129791,85.9
2016-11-26,2824.41,129722,129722,85.8
2016-11-27,2824.39,129583,129583,85.8
2016-12-01,2824.25,128615,128615,85.1
2016-12-02,2824.25,128615,128615,85.1
2016-12-03,2824.28,128823,128823,85.3
2016-12-04,2824.32,129099,129099,85.4
2016-12-05,2824.34,129238,129238,85.5
2016-12-06,2824.35,129307,129307,85.6
2016-12-07,2824.36,129376,129376,85.6
2016-12-08,2824.38,129514,129514,85.7
2016-12-09,2824.38,129514,129514,85.7
2016-12-10,2824.40,129653,129653,85.8
2016-12-11,2824.42,129791,129791,85.9
2016-12-12,2824.43,129860,129860,85.9
2016-12-13,2824.45,129998,129998,86.0
2016-12-14,2824.46,130067,130067,86.1
2016-12-15,2824.47,130137,130137,86.1
2016-12-16,2824.49,130275,130275,86.2
2016-12-17,2824.49,130275,130275,86.2
2016-12-18,2824.49,130275,130275,86.2
2016-12-19,2824.50,130344,130344,86.3
2016-12-20,2824.51,130413,130413,86.3
2016-12-21,2824.53,130551,130551,86.4
2016-12-22,2824.54,130621,130621,86.4
2016-12-23,2824.55,130690,130690,86.5
2016-12-24,2824.56,130759,130759,86.5
2016-12-25,2824.58,130897,130897,86.6
2016-12-26,2824.59,130966,130966,86.7
2016-12-27,2824.60,131036,131036,86.7
2016-12-28,2824.62,131174,131174,86.8
2016-12-29,2824.63,131243,131243,86.9
2016-12-30,2824.63,131243,131243,86.9
2016-12-31,2824.66,131450,131450,87.0
2017-01-01,2824.67,131520,131520,87.0
2017-01-02,2824.71,131796,131796,87.2
2017-01-03,2824.71,131796,131796,87.2
2017-01-04,2824.72,131865,131865,87.3
2017-01-05,2824.73,131934,131934,87.3
2017-01-06,2824.73,131934,131934,87.3
2017-01-07,2824.73,131934,131934,87.3
2017-01-08,2824.74,132004,132004,87.4
2017-01-09,2824.76,132142,132142,87.4
2017-01-10,2824.77,132211,132211,87.5
2017-01-11,2824.78,132280,132280,87.5
2017-01-12,2824.79,132349,132349,87.6
2017-01-13,2824.81,132488,132488,87.7
2017-01-14,2824.82,132557,132557,87.7
2017-01-15,2824.85,132764,132764,87.9
2017-01-16,2824.88,132972,132972,88.0
2017-01-17,2824.89,133041,133041,88.0
2017-01-18,2824.91,133179,133179,88.1
2017-01-19,2824.92,133248,133248,88.2
2017-01-20,2824.92,133248,133248,88.2
2017-01-21,2824.92,133248,133248,88.2
2017-01-22,2824.92,133248,133248,88.2
2017-01-23,2824.94,133387,133387,88.3
2017-01-24,2824.94,133387,133387,88.3
2017-01-25,2824.94,133387,133387,88.3
2017-01-26,2824.94,133387,133387,88.3
2017-01-27,2824.94,133387,133387,88.3
2017-01-28,2824.96,133525,133525,88.4
2017-01-29,2824.97,133594,133594,88.4
2017-01-30,2824.98,133663,133663,88.5
2017-01-31,2824.99,133732,133732,88.5
2017-02-01,2825.00,133802,133802,88.5
2017-02-02,2825.00,133802,133802,88.5
2017-02-03,2825.01,133871,133871,88.6
2017-02-04,2825.02,133940,133940,88.6
2017-02-05,2825.04,134078,134078,88.7
2017-02-06,2825.04,134078,134078,88.7
2017-02-07,2825.05,134147,134147,88.8
2017-02-08,2825.06,134216,134216,88.8
2017-02-09,2825.07,134286,134286,88.9
2017-02-10,2825.08,134355,134355,88.9
2017-02-11,2825.10,134493,134493,89.0
2017-02-12,2825.10,134493,134493,89.0
2017-02-13,2825.11,134562,134562,89.0
2017-02-14,2825.11,134562,134562,89.0
2017-02-15,2825.12,134631,134631,89.1
2017-02-16,2825.13,134700,134700,89.1
2017-02-17,2825.14,134770,134770,89.2
2017-02-18,2825.14,134770,134770,89.2
2017-02-19,2825.15,134839,134839,89.2
2017-02-20,2825.13,134700,134700,89.1
2017-02-21,2825.10,134493,134493,89.0
2017-02-22,2825.08,134355,134355,88.9
2017-02-23,2825.05,134147,134147,88.8
2017-02-24,2825.02,133940,133940,88.6
2017-02-25,2824.97,133594,133594,88.4
2017-02-26,2824.97,133594,133594,88.4
2017-02-27,2824.97,133594,133594,88.4
2017-02-28,2824.96,133525,133525,88.4
2017-03-01,2824.95,133456,133456,88.3
2017-03-02,2824.95,133456,133456,88.3
2017-03-03,2824.94,133387,133387,88.3
2017-03-04,2824.95,133456,133456,88.3
2017-03-05,2824.96,133525,133525,88.4
2017-03-06,2824.96,133525,133525,88.4
2017-03-07,2824.96,133525,133525,88.4
2017-03-08,2824.96,133525,133525,88.4
2017-03-09,2824.97,133594,133594,88.4
2017-03-10,2824.97,133594,133594,88.4
2017-03-11,2824.97,133594,133594,88.4
2017-03-12,2824.97,133594,133594,88.4
2017-03-13,2824.97,133594,133594,88.4
2017-03-14,2824.97,133594,133594,88.4
2017-03-15,2824.98,133663,133663,88.5
2017-03-16,2824.98,133663,133663,88.5
2017-03-17,2824.98,133663,133663,88.5
2017-03-18,2824.98,133663,133663,88.5
2017-03-19,2824.98,133663,133663,88.5
2017-03-20,2824.98,133663,133663,88.5
2017-03-21,2824.99,133732,133732,88.5
2017-03-22,2824.98,133663,133663,88.5
2017-03-23,2824.97,133594,133594,88.4
2017-03-24,2824.93,133317,133317,88.2
2017-03-25,2824.91,133179,133179,88.1
2017-03-26,2824.91,133179,133179,88.1
2017-03-27,2824.90,133110,133110,88.1
2017-03-28,2824.89,133041,133041,88.0
2017-03-29,2824.87,132903,132903,88.0
2017-03-30,2824.86,132833,132833,87.9
2017-03-31,2824.84,132695,132695,87.8
2017-04-01,2824.83,132626,132626,87.8
2017-04-02,2824.80,132419,132419,87.6
2017-04-03,2824.77,132211,132211,87.5
2017-04-04,2824.74,132004,132004,87.4
2017-04-05,2824.67,131520,131520,87.0
2017-04-06,2824.64,131312,131312,86.9
2017-04-07,2824.62,131174,131174,86.8
2017-04-08,2824.62,131174,131174,86.8
2017-04-09,2824.60,131036,131036,86.7
2017-04-10,2824.59,130966,130966,86.7
2017-04-11,2824.59,130966,130966,86.7
2017-04-12,2824.58,130897,130897,86.6
2017-04-13,2824.60,131036,131036,86.7
2017-04-14,2824.60,131036,131036,86.7
2017-04-15,2824.62,131174,131174,86.8
2017-04-16,2824.62,131174,131174,86.8
2017-04-17,2824.62,131174,131174,86.8
2017-04-18,2824.62,131174,131174,86.8
2017-04-19,2824.62,131174,131174,86.8
2017-04-20,2824.61,131105,131105,86.8
2017-04-21,2824.60,131036,131036,86.7
2017-04-22,2824.58,130897,130897,86.6
2017-04-23,2824.55,130690,130690,86.5
2017-04-24,2824.54,130621,130621,86.4
2017-04-25,2824.51,130413,130413,86.3
2017-04-26,2824.46,130067,130067,86.1
2017-04-27,2824.44,129929,129929,86.0
2017-04-28,2824.43,129860,129860,85.9
2017-04-29,2824.41,129722,129722,85.8
2017-04-30,2824.41,129722,129722,85.8
2017-05-01,2824.41,129722,129722,85.8
2017-05-02,2824.41,129722,129722,85.8
2017-05-03,2824.39,129583,129583,85.8
2017-05-04,2824.36,129376,129376,85.6
2017-05-05,2824.32,129099,129099,85.4
2017-05-06,2824.29,128892,128892,85.3
2017-05-07,2824.25,128615,128615,85.1
2017-05-08,2824.21,128339,128339,84.9
2017-05-09,2824.17,128062,128062,84.7
2017-05-10,2824.14,127855,127855,84.6
2017-05-11,2824.10,127578,127578,84.4
2017-05-12,2824.08,127440,127440,84.3
2017-05-13,2824.07,127371,127371,84.3
2017-05-14,2824.06,127301,127301,84.2
2017-05-15,2824.05,127232,127232,84.2
2017-05-16,2824.04,127163,127163,84.2
2017-05-17,2824.01,126956,126956,84.0
2017-05-18,2823.99,126817,126817,83.9
2017-05-19,2823.93,126403,126403,83.6
2017-05-20,2823.85,125849,125849,83.3
2017-05-21,2823.77,125296,125296,82.9
2017-05-22,2823.72,124950,124950,82.7
2017-05-23,2823.65,124496,124496,82.4
2017-05-24,2823.60,124171,124171,82.2
2017-05-25,2823.53,123717,123717,81.9
2017-05-26,2823.46,123262,123262,81.6
2017-05-27,2823.38,122743,122743,81.2
2017-05-28,2823.29,122158,122158,80.8
2017-05-29,2823.21,121639,121639,80.5
2017-05-30,2823.15,121249,121249,80.2
2017-05-31,2823.08,120795,120795,79.9
2017-06-01,2823.06,120665,120665,79.9
2017-06-02,2823.02,120405,120405,79.7
2017-06-03,2822.95,119951,119951,79.4
2017-06-04,2822.88,119496,119496,79.1
2017-06-05,2822.83,119172,119172,78.9
2017-06-06,2822.76,118717,118717,78.6
2017-06-07,2822.70,118327,118327,78.3
2017-06-08,2822.64,117938,117938,78.0
2017-06-09,2822.58,117548,117548,77.8
2017-06-10,2822.51,117094,117094,77.5
2017-06-11,2822.46,116769,116769,77.3
2017-06-12,2822.41,116444,116444,77.1
2017-06-13,2822.35,116055,116055,76.8
2017-06-14,2822.29,115665,115665,76.5
2017-06-15,2822.24,115341,115341,76.3
2017-06-16,2822.21,115146,115146,76.2
2017-06-17,2822.17,114886,114886,76.0
2017-06-18,2822.11,114496,114496,75.8
2017-06-19,2822.06,114172,114172,75.6
2017-06-20,2822.01,113847,113847,75.3
2017-06-21,2821.97,113587,113587,75.2
2017-06-22,2821.94,113393,113393,75.0
2017-06-23,2821.90,113133,113133,74.9
2017-06-24,2821.85,112808,112808,74.7
2017-06-25,2821.80,112484,112484,74.4
2017-06-26,2821.76,112224,112224,74.3
2017-06-27,2821.74,112094,112094,74.2
2017-06-28,2821.70,111843,111843,74.0
2017-06-29,2821.68,111722,111722,73.9
2017-06-30,2821.64,111479,111479,73.8
2017-07-01,2821.60,111237,111237,73.6
2017-07-02,2821.55,110933,110933,73.4
2017-07-03,2821.51,110691,110691,73.3
2017-07-04,2821.49,110570,110570,73.2
2017-07-05,2821.45,110327,110327,73.0
2017-07-06,2821.41,110085,110085,72.9
2017-07-07,2821.36,109781,109781,72.6
2017-07-08,2821.31,109478,109478,72.4
2017-07-09,2821.25,109114,109114,72.2
2017-07-10,2821.19,108751,108751,72.0
2017-07-11,2821.13,108387,108387,71.7
2017-07-12,2821.05,107902,107902,71.4
2017-07-13,2820.98,107477,107477,71.1
2017-07-14,2820.92,107114,107114,70.9
2017-07-15,2820.85,106689,106689,70.6
2017-07-16,2820.77,106204,106204,70.3
2017-07-17,2820.68,105658,105658,69.9
2017-07-18,2820.60,105173,105173,69.6
2017-07-19,2820.53,104749,104749,69.3
2017-07-20,2820.52,104688,104688,69.3
2017-07-21,2820.51,104628,104628,69.2
2017-07-22,2820.51,104628,104628,69.2
2017-07-23,2820.53,104749,104749,69.3
2017-07-24,2820.55,104870,104870,69.4
2017-07-25,2820.55,104870,104870,69.4
2017-07-26,2820.54,104810,104810,69.4
2017-07-27,2820.53,104749,104749,69.3
2017-07-28,2820.51,104628,104628,69.2
2017-07-29,2820.48,104446,104446,69.1
2017-07-30,2820.45,104264,104264,69.0
2017-07-31,2820.43,104143,104143,68.9
2017-08-01,2820.68,105658,105658,69.9
2017-08-02,2820.74,106022,106022,70.2
2017-08-03,2820.77,106204,106204,70.3
2017-08-04,2820.78,106265,106265,70.3
2017-08-05,2820.78,106265,106265,70.3
2017-08-06,2820.78,106265,106265,70.3
2017-08-07,2820.78,106265,106265,70.3
2017-08-08,2820.86,106750,106750,70.6
2017-08-09,2820.87,106810,106810,70.7
2017-08-10,2820.87,106810,106810,70.7
2017-08-11,2820.87,106810,106810,70.7
2017-08-12,2820.87,106810,106810,70.7
2017-08-13,2820.89,106932,106932,70.8
2017-08-14,2820.92,107114,107114,70.9
2017-08-15,2820.94,107235,107235,71.0
2017-08-16,2820.95,107295,107295,71.0
2017-08-17,2820.96,107356,107356,71.0
2017-08-18,2820.98,107477,107477,71.1
2017-08-19,2820.95,107295,107295,71.0
2017-08-20,2820.93,107174,107174,70.9
2017-08-21,2820.93,107174,107174,70.9
2017-08-22,2820.92,107114,107114,70.9
2017-08-23,2820.90,106992,106992,70.8
2017-08-24,2820.90,106992,106992,70.8
2017-08-25,2820.88,106871,106871,70.7
2017-08-26,2820.90,106992,106992,70.8
2017-08-27,2820.89,106932,106932,70.8
2017-08-28,2820.89,106932,106932,70.8
2017-08-29,2820.87,106810,106810,70.7
2017-08-30,2820.84,106629,106629,70.6
2017-08-31,2820.81,106447,106447,70.4
2017-09-01,2820.78,106265,106265,70.3
2017-09-02,2820.75,106083,106083,70.2
2017-09-03,2820.74,106022,106022,70.2
2017-09-04,2820.73,105962,105962,70.1
2017-09-05,2820.70,105780,105780,70.0
2017-09-06,2820.69,105719,105719,70.0
2017-09-07,2820.68,105658,105658,69.9
2017-09-08,2820.66,105537,105537,69.8
2017-09-09,2820.64,105416,105416,69.8
2017-09-10,2820.63,105355,105355,69.7
2017-09-11,2820.62,105295,105295,69.7
2017-09-12,2820.59,105113,105113,69.6
2017-09-13,2820.57,104992,104992,69.5
2017-09-14,2820.54,104810,104810,69.4
2017-09-15,2820.50,104567,104567,69.2
2017-09-16,2820.47,104385,104385,69.1
2017-09-17,2820.44,104203,104203,69.0
2017-09-18,2820.40,103961,103961,68.8
2017-09-19,2820.38,103840,103840,68.7
2017-09-20,2820.37,103779,103779,68.7
2017-09-21,2820.37,103779,103779,68.7
2017-09-22,2820.34,103597,103597,68.6
2017-09-23,2820.33,103536,103536,68.5
2017-09-24,2820.60,105173,105173,69.6
2017-09-25,2820.68,105658,105658,69.9
2017-09-26,2820.72,105901,105901,70.1
2017-09-27,2820.76,106144,106144,70.2
2017-09-28,2820.81,106447,106447,70.4
2017-09-29,2820.86,106750,106750,70.6
2017-09-30,2820.89,106932,106932,70.8
2017-10-01,2820.90,106992,106992,70.8
2017-10-02,2820.92,107114,107114,70.9
2017-10-03,2820.93,107174,107174,70.9
2017-10-04,2820.94,107235,107235,71.0
2017-10-05,2820.95,107295,107295,71.0
2017-10-06,2820.97,107417,107417,71.1
2017-10-07,2820.96,107356,107356,71.0
2017-10-08,2820.97,107417,107417,71.1
2017-10-09,2820.97,107417,107417,71.1
2017-10-10,2820.94,107235,107235,71.0
2017-10-11,2820.94,107235,107235,71.0
2017-10-12,2820.94,107235,107235,71.0
2017-10-13,2820.95,107295,107295,71.0
2017-10-14,2820.96,107356,107356,71.0
2017-10-15,2820.95,107295,107295,71.0
2017-10-16,2820.94,107235,107235,71.0
2017-10-17,2820.94,107235,107235,71.0
2017-10-18,2820.94,107235,107235,71.0
2017-10-19,2820.95,107295,107295,71.0
2017-10-20,2820.97,107417,107417,71.1
2017-10-21,2820.98,107477,107477,71.1
2017-10-22,2820.97,107417,107417,71.1
2017-10-23,2820.98,107477,107477,71.1
2017-10-24,2820.98,107477,107477,71.1
2017-10-25,2820.98,107477,107477,71.1
2017-10-26,2820.98,107477,107477,71.1
2017-10-27,2820.97,107417,107417,71.1
2017-10-28,2820.96,107356,107356,71.0
2017-10-29,2820.96,107356,107356,71.0
2017-10-30,2820.96,107356,107356,71.0
2017-10-31,2820.96,107356,107356,71.0
2017-11-01,2820.96,107356,107356,71.0
2017-11-02,2820.97,107417,107417,71.1
2017-11-03,2820.98,107477,107477,71.1
2017-11-04,2821.00,107599,107599,71.2
2017-11-05,2821.01,107659,107659,71.2
2017-11-06,2821.02,107720,107720,71.3
2017-11-07,2821.03,107781,107781,71.3
2017-11-08,2821.04,107841,107841,71.4
2017-11-09,2821.05,107902,107902,71.4
2017-11-10,2821.07,108023,108023,71.5
2017-11-11,2821.08,108084,108084,71.5
2017-11-12,2821.08,108084,108084,71.5
2017-11-13,2821.10,108205,108205,71.6
2017-11-14,2821.12,108326,108326,71.7
2017-11-15,2821.13,108387,108387,71.7
2017-11-16,2821.15,108508,108508,71.8
2017-11-17,2821.16,108569,108569,71.8
2017-11-18,2821.15,108508,108508,71.8
2017-11-19,2821.16,108569,108569,71.8
2017-11-20,2821.17,108629,108629,71.9
2017-11-21,2821.16,108569,108569,71.8
2017-11-22,2821.17,108629,108629,71.9
2017-11-23,2821.18,108690,108690,71.9
2017-11-24,2821.19,108751,108751,72.0
2017-11-25,2821.19,108751,108751,72.0
2017-11-26,2821.20,108811,108811,72.0
2017-11-27,2821.21,108872,108872,72.0
2017-11-28,2821.22,108933,108933,72.1
2017-11-29,2821.21,108872,108872,72.0
2017-11-30,2821.22,108933,108933,72.1
2017-12-01,2821.23,108993,108993,72.1
2017-12-02,2821.24,109054,109054,72.2
2017-12-03,2821.25,109114,109114,72.2
2017-12-04,2821.26,109175,109175,72.2
2017-12-05,2821.27,109236,109236,72.3
2017-12-06,2821.28,109296,109296,72.3
2017-12-07,2821.32,109539,109539,72.5
2017-12-08,2821.32,109539,109539,72.5
2017-12-09,2821.34,109660,109660,72.6
2017-12-10,2821.35,109721,109721,72.6
2017-12-11,2821.36,109781,109781,72.6
2017-12-12,2821.37,109842,109842,72.7
2017-12-13,2821.39,109963,109963,72.8
2017-12-14,2821.40,110024,110024,72.8
2017-12-15,2821.40,110024,110024,72.8
2017-12-16,2821.40,110024,110024,72.8
2017-12-17,2821.43,110206,110206,72.9
2017-12-18,2821.44,110266,110266,73.0
2017-12-19,2821.45,110327,110327,73.0
2017-12-20,2821.45,110327,110327,73.0
2017-12-21,2821.46,110388,110388,73.1
2017-12-22,2821.46,110388,110388,73.1
2017-12-23,2821.48,110509,110509,73.1
2017-12-24,2821.48,110509,110509,73.1
2017-12-25,2821.49,110570,110570,73.2
2017-12-26,2821.50,110630,110630,73.2
2017-12-27,2821.50,110630,110630,73.2
2017-12-28,2821.52,110751,110751,73.3
2017-12-29,2821.54,110873,110873,73.4
2017-12-30,2821.55,110933,110933,73.4
2017-12-31,2821.56,110994,110994,73.5
2018-01-01,2821.56,110994,110994,73.5
2018-01-02,2821.56,110994,110994,73.5
2018-01-03,2821.56,110994,110994,73.5
2018-01-04,2821.59,111176,111176,73.6
2018-01-05,2821.60,111237,111237,73.6
2018-01-06,2821.62,111358,111358,73.7
2018-01-07,2821.62,111358,111358,73.7
2018-01-08,2821.65,111540,111540,73.8
2018-01-09,2821.67,111661,111661,73.9
2018-01-10,2821.69,111782,111782,74.0
2018-01-11,2821.69,111782,111782,74.0
2018-01-12,2821.70,111843,111843,74.0
2018-01-13,2821.71,111903,111903,74.1
2018-01-14,2821.72,111964,111964,74.1
2018-01-15,2821.74,112094,112094,74.2
2018-01-16,2821.73,112029,112029,74.1
2018-01-17,2821.74,112094,112094,74.2
2018-01-18,2821.75,112159,112159,74.2
2018-01-19,2821.76,112224,112224,74.3
2018-01-20,2821.78,112354,112354,74.4
2018-01-21,2821.79,112419,112419,74.4
2018-01-22,2821.80,112484,112484,74.4
2018-01-23,2821.81,112548,112548,74.5
2018-01-24,2821.80,112484,112484,74.4
2018-01-25,2821.82,112613,112613,74.5
2018-01-26,2821.83,112678,112678,74.6
2018-01-27,2821.84,112743,112743,74.6
2018-01-28,2821.85,112808,112808,74.7
2018-01-29,2821.85,112808,112808,74.7
2018-01-30,2821.87,112938,112938,74.7
2018-01-31,2821.89,113068,113068,74.8
2018-02-01,2821.90,113133,113133,74.9
2018-02-02,2821.89,113068,113068,74.8
2018-02-03,2821.89,113068,113068,74.8
2018-02-04,2821.88,113003,113003,74.8
2018-02-05,2821.87,112938,112938,74.7
2018-02-06,2821.86,112873,112873,74.7
2018-02-07,2821.84,112743,112743,74.6
2018-02-08,2821.82,112613,112613,74.5
2018-02-09,2821.80,112484,112484,74.4
2018-02-10,2821.78,112354,112354,74.4
2018-02-11,2821.78,112354,112354,74.4
2018-02-12,2821.78,112354,112354,74.4
2018-02-13,2821.79,112419,112419,74.4
2018-02-14,2821.80,112484,112484,74.4
2018-02-15,2821.81,112548,112548,74.5
2018-02-16,2821.82,112613,112613,74.5
2018-02-17,2821.83,112678,112678,74.6
2018-02-18,2821.84,112743,112743,74.6
2018-02-19,2821.86,112873,112873,74.7
2018-02-20,2821.86,112873,112873,74.7
2018-02-21,2821.86,112873,112873,74.7
2018-02-22,2821.85,112808,112808,74.7
2018-02-23,2821.86,112873,112873,74.7
2018-02-24,2821.87,112938,112938,74.7
2018-02-25,2821.87,112938,112938,74.7
2018-02-26,2821.87,112938,112938,74.7
2018-02-27,2821.86,112873,112873,74.7
2018-02-28,2821.87,112938,112938,74.7
2018-03-01,2821.86,112873,112873,74.7
2018-03-02,2821.87,112938,112938,74.7
2018-03-03,2821.85,112808,112808,74.7
2018-03-04,2821.81,112548,112548,74.5
2018-03-05,2821.78,112354,112354,74.4
2018-03-06,2821.73,112029,112029,74.1
2018-03-07,2821.71,111903,111903,74.1
2018-03-08,2821.71,111903,111903,74.1
2018-03-09,2821.71,111903,111903,74.1
2018-03-10,2821.71,111903,111903,74.1
2018-03-11,2821.70,111843,111843,74.0
2018-03-12,2821.70,111843,111843,74.0
2018-03-13,2821.70,111843,111843,74.0
2018-03-14,2821.69,111782,111782,74.0
2018-03-15,2821.69,111782,111782,74.0
2018-03-16,2821.69,111782,111782,74.0
2018-03-17,2821.70,111843,111843,74.0
2018-03-18,2821.69,111782,111782,74.0
2018-03-19,2821.69,111782,111782,74.0
2018-03-20,2821.68,111722,111722,73.9
2018-03-21,2821.68,111722,111722,73.9
2018-03-22,2821.68,111722,111722,73.9
2018-03-23,2821.72,111964,111964,74.1
2018-03-24,2821.73,112029,112029,74.1
2018-03-25,2821.74,112094,112094,74.2
2018-03-26,2821.73,112029,112029,74.1
2018-03-27,2821.72,111964,111964,74.1
2018-03-28,2821.72,111964,111964,74.1
2018-03-29,2821.72,111964,111964,74.1
2018-03-30,2821.68,111722,111722,73.9
2018-03-31,2821.65,111540,111540,73.8
2018-04-01,2821.63,111418,111418,73.7
2018-04-02,2821.60,111237,111237,73.6
2018-04-03,2821.56,110994,110994,73.5
2018-04-04,2821.49,110570,110570,73.2
2018-04-05,2821.48,110509,110509,73.1
2018-04-06,2821.48,110509,110509,73.1
2018-04-07,2821.47,110448,110448,73.1
2018-04-08,2821.47,110448,110448,73.1
2018-04-09,2821.45,110327,110327,73.0
2018-04-10,2821.45,110327,110327,73.0
2018-04-11,2821.47,110448,110448,73.1
2018-04-12,2821.48,110509,110509,73.1
2018-04-13,2821.46,110388,110388,73.1
2018-04-14,2821.33,109599,109599,72.5
2018-04-15,2821.33,109599,109599,72.5
2018-04-16,2821.33,109599,109599,72.5
2018-04-17,2821.31,109478,109478,72.4
2018-04-18,2821.25,109114,109114,72.2
2018-04-19,2821.21,108872,108872,72.0
2018-04-20,2821.20,108811,108811,72.0
2018-04-21,2821.21,108872,108872,72.0
2018-04-22,2821.19,108751,108751,72.0
2018-04-23,2821.19,108751,108751,72.0
2018-04-24,2821.21,108872,108872,72.0
2018-04-25,2821.19,108751,108751,72.0
2018-04-26,2821.19,108751,108751,72.0
2018-04-27,2821.19,108751,108751,72.0
2018-04-28,2821.19,108751,108751,72.0
2018-04-29,2821.18,108690,108690,71.9
2018-04-30,2821.19,108751,108751,72.0
2018-05-01,2821.19,108751,108751,72.0
2018-05-02,2821.19,108751,108751,72.0
2018-05-03,2821.18,108690,108690,71.9
2018-05-04,2821.17,108629,108629,71.9
2018-05-05,2821.13,108387,108387,71.7
2018-05-06,2821.09,108144,108144,71.6
2018-05-07,2821.05,107902,107902,71.4
2018-05-08,2821.03,107781,107781,71.3
2018-05-09,2821.02,107720,107720,71.3
2018-05-10,2820.99,107538,107538,71.2
2018-05-11,2820.90,106992,106992,70.8
2018-05-12,2820.79,106325,106325,70.4
2018-05-13,2820.69,105719,105719,70.0
2018-05-14,2820.60,105173,105173,69.6
2018-05-15,2820.50,104567,104567,69.2
2018-05-16,2820.41,104021,104021,68.8
2018-05-17,2820.31,103415,103415,68.4
2018-05-18,2820.22,102869,102869,68.1
2018-05-19,2820.11,102202,102202,67.6
2018-05-20,2820.01,101596,101596,67.2
2018-05-21,2819.91,100990,100990,66.8
2018-05-22,2819.81,100384,100384,66.4
2018-05-23,2819.72,99838,99838,66.1
2018-05-24,2819.64,99388,99388,65.8
2018-05-25,2819.56,98938,98938,65.5
2018-05-26,2819.47,98433,98433,65.1
2018-05-27,2819.38,97927,97927,64.8
2018-05-28,2819.31,97533,97533,64.5
2018-05-29,2819.21,96971,96971,64.2
2018-05-30,2819.12,96465,96465,63.8
2018-05-31,2819.02,95903,95903,63.5
2018-06-01,2818.93,95397,95397,63.1
2018-06-02,2818.85,94947,94947,62.8
2018-06-03,2818.74,94329,94329,62.4
2018-06-04,2818.73,94273,94273,62.4
2018-06-05,2818.67,93936,93936,62.2
2018-06-06,2818.61,93598,93598,61.9
2018-06-07,2818.55,93261,93261,61.7
2018-06-08,2818.47,92811,92811,61.4
2018-06-09,2818.42,92530,92530,61.2
2018-06-10,2818.45,92699,92699,61.3
2018-06-11,2818.45,92699,92699,61.3
2018-06-12,2818.43,92587,92587,61.3
2018-06-13,2818.40,92418,92418,61.2
2018-06-14,2818.38,92305,92305,61.1
2018-06-15,2818.36,92193,92193,61.0
2018-06-16,2818.33,92024,92024,60.9
2018-06-17,2818.34,92081,92081,60.9
2018-06-18,2818.35,92137,92137,61.0
2018-06-19,2818.34,92081,92081,60.9
2018-06-20,2818.34,92081,92081,60.9
2018-06-21,2818.31,91912,91912,60.8
2018-06-22,2818.25,91575,91575,60.6
2018-06-23,2818.21,91350,91350,60.5
2018-06-24,2818.17,91125,91125,60.3
2018-06-25,2818.14,90956,90956,60.2
2018-06-26,2818.12,90844,90844,60.1
2018-06-27,2818.10,90732,90732,60.0
2018-06-28,2818.08,90619,90619,60.0
2018-06-29,2818.05,90450,90450,59.9
2018-06-30,2818.05,90450,90450,59.9
2018-07-01,2818.05,90450,90450,59.9
2018-07-02,2818.02,90282,90282,59.7
2018-07-03,2817.99,90113,90113,59.6
2018-07-04,2817.95,89888,89888,59.5
2018-07-05,2817.91,89663,89663,59.3
2018-07-06,2817.87,89439,89439,59.2
2018-07-07,2817.83,89214,89214,59.0
2018-07-08,2817.80,89045,89045,58.9
2018-07-09,2817.77,88877,88877,58.8
2018-07-10,2817.78,88933,88933,58.9
2018-07-11,2817.78,88933,88933,58.9
2018-07-12,2817.78,88933,88933,58.9
2018-07-13,2817.78,88933,88933,58.9
2018-07-14,2817.76,88820,88820,58.8
2018-07-15,2817.74,88708,88708,58.7
2018-07-16,2817.71,88543,88543,58.6
2018-07-17,2817.69,88439,88439,58.5
2018-07-18,2817.65,88230,88230,58.4
2018-07-19,2817.61,88022,88022,58.3
2018-07-20,2817.59,87918,87918,58.2
2018-07-21,2817.57,87813,87813,58.1
2018-07-22,2817.56,87761,87761,58.1
2018-07-23,2817.54,87657,87657,58.0
2018-07-24,2817.51,87501,87501,57.9
2018-07-25,2817.49,87396,87396,57.8
2018-07-26,2817.48,87344,87344,57.8
2018-07-27,2817.43,87083,87083,57.6
2018-07-28,2817.38,86823,86823,57.5
2018-07-29,2817.33,86562,86562,57.3
2018-07-30,2817.28,86301,86301,57.1
2018-07-31,2817.26,86197,86197,57.0
2018-08-01,2817.24,86093,86093,57.0
2018-08-02,2817.21,85936,85936,56.9
2018-08-03,2817.19,85832,85832,56.8
2018-08-04,2817.19,85832,85832,56.8
2018-08-05,2817.16,85676,85676,56.7
2018-08-06,2817.14,85571,85571,56.6
2018-08-07,2817.13,85519,85519,56.6
2018-08-08,2817.11,85415,85415,56.5
2018-08-09,2817.09,85311,85311,56.5
2018-08-10,2817.12,85467,85467,56.6
2018-08-11,2817.13,85519,85519,56.6
2018-08-12,2817.10,85363,85363,56.5
2018-08-13,2817.07,85206,85206,56.4
2018-08-14,2817.03,84998,84998,56.2
2018-08-15,2817.00,84841,84841,56.1
2018-08-16,2817.00,84841,84841,56.1
2018-08-17,2817.00,84841,84841,56.1
2018-08-18,2816.99,84789,84789,56.1
2018-08-19,2816.99,84789,84789,56.1
2018-08-20,2817.01,84894,84894,56.2
2018-08-21,2816.97,84685,84685,56.0
2018-08-22,2816.92,84424,84424,55.9
2018-08-23,2816.86,84111,84111,55.7
2018-08-24,2816.81,83851,83851,55.5
2018-08-25,2816.75,83538,83538,55.3
2018-08-26,2816.73,83434,83434,55.2
2018-08-27,2816.72,83381,83381,55.2
2018-08-28,2816.72,83381,83381,55.2
2018-08-29,2816.72,83381,83381,55.2
2018-08-30,2816.73,83434,83434,55.2
2018-08-31,2816.73,83434,83434,55.2
2018-09-01,2816.72,83381,83381,55.2
2018-09-02,2816.72,83381,83381,55.2
2018-09-03,2816.73,83434,83434,55.2
2018-09-04,2816.91,84372,84372,55.8
2018-09-05,2816.99,84789,84789,56.1
2018-09-06,2817.00,84841,84841,56.1
2018-09-07,2817.06,85154,85154,56.4
2018-09-08,2817.15,85623,85623,56.7
2018-09-09,2817.18,85780,85780,56.8
2018-09-10,2817.22,85988,85988,56.9
2018-09-11,2817.22,85988,85988,56.9
2018-09-12,2817.22,85988,85988,56.9
2018-09-13,2817.22,85988,85988,56.9
2018-09-14,2817.22,85988,85988,56.9
2018-09-15,2817.22,85988,85988,56.9
2018-09-16,2817.22,85988,85988,56.9
2018-09-17,2817.22,85988,85988,56.9
2018-09-18,2817.23,86041,86041,56.9
2018-09-19,2817.22,85988,85988,56.9
2018-09-20,2817.22,85988,85988,56.9
2018-09-21,2817.27,86249,86249,57.1
2018-09-22,2817.26,86197,86197,57.0
2018-09-23,2817.26,86197,86197,57.0
2018-09-24,2817.26,86197,86197,57.0
2018-09-25,2817.26,86197,86197,57.0
2018-09-26,2817.25,86145,86145,57.0
2018-09-27,2817.26,86197,86197,57.0
2018-09-28,2817.25,86145,86145,57.0
2018-09-29,2817.20,85884,85884,56.8
2018-09-30,2817.16,85676,85676,56.7
2018-10-01,2817.11,85415,85415,56.5
2018-10-02,2817.06,85154,85154,56.4
2018-10-03,2817.03,84998,84998,56.2
2018-10-04,2817.00,84841,84841,56.1
2018-10-05,2816.99,84789,84789,56.1
2018-10-06,2817.01,84894,84894,56.2
2018-10-07,2817.13,85519,85519,56.6
2018-10-08,2817.26,86197,86197,57.0
2018-10-09,2817.32,86510,86510,57.2
2018-10-10,2817.33,86562,86562,57.3
2018-10-11,2817.34,86614,86614,57.3
2018-10-12,2817.36,86718,86718,57.4
2018-10-13,2817.48,87344,87344,57.8
2018-10-14,2817.50,87448,87448,57.9
2018-10-15,2817.48,87344,87344,57.8
2018-10-16,2817.47,87292,87292,57.8
2018-10-17,2817.48,87344,87344,57.8
2018-10-18,2817.56,87761,87761,58.1
2018-10-19,2817.59,87918,87918,58.2
2018-10-20,2817.61,88022,88022,58.3
2018-10-21,2817.63,88126,88126,58.3
2018-10-22,2817.66,88283,88283,58.4
2018-10-23,2817.67,88335,88335,58.5
2018-10-24,2817.88,89495,89495,59.2
2018-10-25,2817.99,90113,90113,59.6
2018-10-26,2818.06,90507,90507,59.9
2018-10-27,2818.10,90732,90732,60.0
2018-10-28,2818.14,90956,90956,60.2
2018-10-29,2818.15,91013,91013,60.2
2018-10-30,2818.18,91181,91181,60.3
2018-10-31,2818.22,91406,91406,60.5
2018-11-01,2818.25,91575,91575,60.6
2018-11-02,2818.26,91631,91631,60.6
2018-11-03,2818.28,91743,91743,60.7
2018-11-04,2818.29,91800,91800,60.8
2018-11-05,2818.31,91912,91912,60.8
2018-11-06,2818.33,92024,92024,60.9
2018-11-07,2818.34,92081,92081,60.9
2018-11-08,2818.35,92137,92137,61.0
2018-11-09,2818.38,92305,92305,61.1
2018-11-10,2818.39,92362,92362,61.1
2018-11-11,2818.42,92530,92530,61.2
2018-11-12,2818.42,92530,92530,61.2
2018-11-13,2818.44,92643,92643,61.3
2018-11-14,2818.47,92811,92811,61.4
2018-11-15,2818.50,92980,92980,61.5
2018-11-16,2818.53,93149,93149,61.6
2018-11-17,2818.55,93261,93261,61.7
2018-11-18,2818.56,93317,93317,61.8
2018-11-19,2818.58,93430,93430,61.8
2018-11-20,2818.59,93486,93486,61.9
2018-11-21,2818.61,93598,93598,61.9
2018-11-22,2818.62,93655,93655,62.0
2018-11-23,2818.65,93823,93823,62.1
2018-11-24,2818.66,93879,93879,62.1
2018-11-25,2818.67,93936,93936,62.2
2018-11-26,2818.67,93936,93936,62.2
2018-11-27,2818.69,94048,94048,62.2
2018-11-28,2818.70,94104,94104,62.3
2018-11-29,2818.72,94217,94217,62.3
2018-11-30,2818.73,94273,94273,62.4
2018-12-01,2818.74,94329,94329,62.4
2018-12-02,2818.74,94329,94329,62.4
2018-12-03,2818.75,94385,94385,62.5
2018-12-04,2818.76,94442,94442,62.5
2018-12-05,2818.77,94498,94498,62.5
2018-12-06,2818.79,94610,94610,62.6
2018-12-07,2818.80,94666,94666,62.6
2018-12-08,2818.86,95004,95004,62.9
2018-12-09,2818.88,95116,95116,62.9
2018-12-10,2818.90,95228,95228,63.0
2018-12-11,2818.91,95285,95285,63.1
2018-12-12,2818.94,95453,95453,63.2
2018-12-13,2818.95,95510,95510,63.2
2018-12-14,2818.96,95566,95566,63.2
2018-12-15,2818.97,95622,95622,63.3
2018-12-16,2819.00,95791,95791,63.4
2018-12-17,2819.03,95959,95959,63.5
2018-12-18,2819.05,96072,96072,63.6
2018-12-19,2819.07,96184,96184,63.7
2018-12-20,2819.09,96297,96297,63.7
2018-12-21,2819.12,96465,96465,63.8
2018-12-22,2819.13,96521,96521,63.9
2018-12-23,2819.13,96521,96521,63.9
2018-12-24,2819.15,96634,96634,63.9
2018-12-25,2819.17,96746,96746,64.0
2018-12-26,2819.19,96859,96859,64.1
2018-12-27,2819.20,96915,96915,64.1
2018-12-28,2819.21,96971,96971,64.2
2018-12-29,2819.23,97083,97083,64.2
2018-12-30,2819.24,97140,97140,64.3
2018-12-31,2819.26,97252,97252,64.4
2019-01-01,2819.27,97308,97308,64.4
2019-01-02,2819.28,97365,97365,64.4
2019-01-03,2819.30,97477,97477,64.5
2019-01-04,2819.32,97589,97589,64.6
2019-01-05,2819.34,97702,97702,64.7
2019-01-06,2819.36,97814,97814,64.7
2019-01-07,2819.38,97927,97927,64.8
2019-01-08,2819.40,98039,98039,64.9
2019-01-09,2819.41,98095,98095,64.9
2019-01-10,2819.43,98208,98208,65.0
2019-01-11,2819.47,98433,98433,65.1
2019-01-12,2819.48,98489,98489,65.2
2019-01-13,2819.49,98545,98545,65.2
2019-01-14,2819.50,98601,98601,65.3
2019-01-15,2819.53,98770,98770,65.4
2019-01-16,2819.56,98938,98938,65.5
2019-01-17,2819.57,98995,98995,65.5
2019-01-18,2819.58,99051,99051,65.5
2019-01-19,2819.59,99107,99107,65.6
2019-01-20,2819.60,99163,99163,65.6
2019-01-21,2819.61,99220,99220,65.7
2019-01-22,2819.62,99276,99276,65.7
2019-01-23,2819.64,99388,99388,65.8
2019-01-24,2819.65,99444,99444,65.8
2019-01-25,2819.66,99501,99501,65.8
2019-01-26,2819.67,99557,99557,65.9
2019-01-27,2819.69,99669,99669,66.0
2019-01-28,2819.71,99782,99782,66.0
2019-01-29,2819.70,99725,99725,66.0
2019-01-30,2819.72,99838,99838,66.1
2019-01-31,2819.74,99959,99959,66.1
2019-02-01,2819.76,100080,100080,66.2
2019-02-02,2819.78,100202,100202,66.3
2019-02-03,2819.80,100323,100323,66.4
2019-02-04,2819.81,100384,100384,66.4
2019-02-05,2819.83,100505,100505,66.5
2019-02-06,2819.85,100626,100626,66.6
2019-02-07,2819.84,100565,100565,66.6
2019-02-08,2819.83,100505,100505,66.5
2019-02-09,2819.84,100565,100565,66.6
2019-02-10,2819.85,100626,100626,66.6
2019-02-11,2819.88,100808,100808,66.7
2019-02-12,2819.86,100687,100687,66.6
2019-02-13,2819.86,100687,100687,66.6
2019-02-14,2819.87,100747,100747,66.7
2019-02-15,2819.89,100869,100869,66.8
2019-02-16,2819.88,100808,100808,66.7
2019-02-17,2819.87,100747,100747,66.7
2019-02-18,2819.85,100626,100626,66.6
2019-02-19,2819.82,100444,100444,66.5
2019-02-20,2819.79,100262,100262,66.4
2019-02-21,2819.76,100080,100080,66.2
2019-02-22,2819.74,99959,99959,66.1
2019-02-23,2819.71,99782,99782,66.0
2019-02-24,2819.66,99501,99501,65.8
2019-02-25,2819.63,99332,99332,65.7
2019-02-26,2819.61,99220,99220,65.7
2019-02-27,2819.61,99220,99220,65.7
2019-02-28,2819.62,99276,99276,65.7
2019-03-01,2819.62,99276,99276,65.7
2019-03-02,2819.62,99276,99276,65.7
2019-03-03,2819.62,99276,99276,65.7
2019-03-04,2819.61,99220,99220,65.7
2019-03-05,2819.61,99220,99220,65.7
2019-03-06,2819.61,99220,99220,65.7
2019-03-07,2819.62,99276,99276,65.7
2019-03-08,2819.62,99276,99276,65.7
2019-03-09,2819.63,99332,99332,65.7
2019-03-10,2819.62,99276,99276,65.7
2019-03-11,2819.62,99276,99276,65.7
2019-03-12,2819.65,99444,99444,65.8
2019-03-13,2819.70,99725,99725,66.0
2019-03-14,2819.69,99669,99669,66.0
2019-03-15,2819.69,99669,99669,66.0
2019-03-16,2819.69,99669,99669,66.0
2019-03-17,2819.70,99725,99725,66.0
2019-03-18,2819.70,99725,99725,66.0
2019-03-19,2819.71,99782,99782,66.0
2019-03-20,2819.71,99782,99782,66.0
2019-03-21,2819.71,99782,99782,66.0
2019-03-22,2819.72,99838,99838,66.1
2019-03-23,2819.73,99899,99899,66.1
2019-03-24,2819.72,99838,99838,66.1
2019-03-25,2819.71,99782,99782,66.0
2019-03-26,2819.67,99557,99557,65.9
2019-03-27,2819.64,99388,99388,65.8
2019-03-28,2819.62,99276,99276,65.7
2019-03-29,2819.59,99107,99107,65.6
2019-03-30,2819.55,98882,98882,65.4
2019-03-31,2819.49,98545,98545,65.2
2019-04-01,2819.48,98489,98489,65.2
2019-04-02,2819.48,98489,98489,65.2
2019-04-03,2819.48,98489,98489,65.2
2019-04-04,2819.47,98433,98433,65.1
2019-04-05,2819.47,98433,98433,65.1
2019-04-06,2819.48,98489,98489,65.2
2019-04-07,2819.47,98433,98433,65.1
2019-04-08,2819.47,98433,98433,65.1
2019-04-09,2819.45,98320,98320,65.1
2019-04-10,2819.40,98039,98039,64.9
2019-04-11,2819.34,97702,97702,64.7
2019-04-12,2819.28,97365,97365,64.4
2019-04-13,2819.25,97196,97196,64.3
2019-04-14,2819.25,97196,97196,64.3
2019-04-15,2819.26,97252,97252,64.4
2019-04-16,2819.27,97308,97308,64.4
2019-04-17,2819.28,97365,97365,64.4
2019-04-18,2819.27,97308,97308,64.4
2019-04-19,2819.27,97308,97308,64.4
2019-04-20,2819.28,97365,97365,64.4
2019-04-21,2819.29,97421,97421,64.5
2019-04-22,2819.29,97421,97421,64.5
2019-04-23,2819.40,98039,98039,64.9
2019-04-24,2819.45,98320,98320,65.1
2019-04-25,2819.49,98545,98545,65.2
2019-04-26,2819.50,98601,98601,65.3
2019-04-27,2819.52,98714,98714,65.3
2019-04-28,2819.54,98826,98826,65.4
2019-04-29,2819.54,98826,98826,65.4
2019-04-30,2819.55,98882,98882,65.4
2019-05-01,2819.54,98826,98826,65.4
2019-05-02,2819.53,98770,98770,65.4
2019-05-03,2819.54,98826,98826,65.4
2019-05-04,2819.54,98826,98826,65.4
2019-05-05,2819.54,98826,98826,65.4
2019-05-06,2819.53,98770,98770,65.4
2019-05-07,2819.51,98657,98657,65.3
2019-05-08,2819.47,98433,98433,65.1
2019-05-09,2819.42,98152,98152,65.0
2019-05-10,2819.37,97870,97870,64.8
2019-05-11,2819.36,97814,97814,64.7
2019-05-12,2819.34,97702,97702,64.7
2019-05-13,2819.36,97814,97814,64.7
2019-05-14,2819.41,98095,98095,64.9
2019-05-15,2819.41,98095,98095,64.9
2019-05-16,2819.41,98095,98095,64.9
2019-05-17,2819.42,98152,98152,65.0
2019-05-18,2819.40,98039,98039,64.9
2019-05-19,2819.37,97870,97870,64.8
2019-05-20,2819.36,97814,97814,64.7
2019-05-21,2819.33,97646,97646,64.6
2019-05-22,2819.28,97365,97365,64.4
2019-05-23,2819.27,97308,97308,64.4
2019-05-24,2819.23,97083,97083,64.2
2019-05-25,2819.19,96859,96859,64.1
2019-05-26,2819.14,96578,96578,63.9
2019-05-27,2819.12,96465,96465,63.8
2019-05-28,2819.11,96409,96409,63.8
2019-05-29,2819.09,96297,96297,63.7
2019-05-30,2819.07,96184,96184,63.7
2019-05-31,2819.07,96184,96184,63.7
2019-06-01,2819.08,96240,96240,63.7
2019-06-02,2819.47,98433,98433,65.1
2019-06-03,2819.77,100141,100141,66.3
2019-06-04,2819.88,100808,100808,66.7
2019-06-05,2819.94,101172,101172,67.0
2019-06-06,2819.97,101354,101354,67.1
2019-06-07,2819.99,101475,101475,67.2
2019-06-08,2820.02,101657,101657,67.3
2019-06-09,2820.03,101717,101717,67.3
2019-06-10,2820.01,101596,101596,67.2
2019-06-11,2820.01,101596,101596,67.2
2019-06-12,2820.02,101657,101657,67.3
2019-06-13,2820.00,101536,101536,67.2
2019-06-14,2819.99,101475,101475,67.2
2019-06-15,2819.98,101414,101414,67.1
2019-06-16,2819.96,101293,101293,67.0
2019-06-17,2819.95,101232,101232,67.0
2019-06-18,2819.95,101232,101232,67.0
2019-06-19,2819.92,101051,101051,66.9
2019-06-20,2819.88,100808,100808,66.7
2019-06-21,2819.82,100444,100444,66.5
2019-06-22,2819.76,100080,100080,66.2
2019-06-23,2819.70,99725,99725,66.0
2019-06-24,2819.63,99332,99332,65.7
2019-06-25,2819.57,98995,98995,65.5
2019-06-26,2819.53,98770,98770,65.4
2019-06-27,2819.50,98601,98601,65.3
2019-06-28,2819.48,98489,98489,65.2
2019-06-29,2819.45,98320,98320,65.1
2019-06-30,2819.42,98152,98152,65.0
2019-07-01,2819.38,97927,97927,64.8
2019-07-02,2819.35,97758,97758,64.7
2019-07-03,2819.34,97702,97702,64.7
2019-07-04,2819.33,97646,97646,64.6
2019-07-05,2819.31,97533,97533,64.5
2019-07-06,2819.27,97308,97308,64.4
2019-07-07,2819.25,97196,97196,64.3
2019-07-08,2819.23,97083,97083,64.2
2019-07-09,2819.20,96915,96915,64.1
2019-07-10,2819.20,96915,96915,64.1
2019-07-11,2819.18,96802,96802,64.1
2019-07-12,2819.18,96802,96802,64.1
2019-07-13,2819.17,96746,96746,64.0
2019-07-14,2819.16,96690,96690,64.0
2019-07-15,2819.15,96634,96634,63.9
2019-07-16,2819.14,96578,96578,63.9
2019-07-17,2819.12,96465,96465,63.8
2019-07-18,2819.11,96409,96409,63.8
2019-07-19,2819.08,96240,96240,63.7
2019-07-20,2819.03,95959,95959,63.5
2019-07-21,2818.97,95622,95622,63.3
2019-07-22,2818.93,95397,95397,63.1
2019-07-23,2818.90,95228,95228,63.0
2019-07-24,2818.90,95228,95228,63.0
2019-07-25,2818.92,95341,95341,63.1
2019-07-26,2818.93,95397,95397,63.1
2019-07-27,2818.92,95341,95341,63.1
2019-07-28,2818.91,95285,95285,63.1
2019-07-29,2818.93,95397,95397,63.1
2019-07-30,2818.93,95397,95397,63.1
2019-07-31,2818.92,95341,95341,63.1
2019-08-01,2818.90,95228,95228,63.0
2019-08-02,2818.88,95116,95116,62.9
2019-08-03,2818.83,94835,94835,62.8
2019-08-04,2818.77,94498,94498,62.5
2019-08-05,2818.70,94104,94104,62.3
2019-08-06,2818.65,93823,93823,62.1
2019-08-07,2818.61,93598,93598,61.9
2019-08-08,2818.58,93430,93430,61.8
2019-08-09,2818.57,93373,93373,61.8
2019-08-10,2818.55,93261,93261,61.7
2019-08-11,2818.52,93092,93092,61.6
2019-08-12,2818.52,93092,93092,61.6
2019-08-13,2818.52,93092,93092,61.6
2019-08-14,2818.50,92980,92980,61.5
2019-08-15,2818.45,92699,92699,61.3
2019-08-16,2818.41,92474,92474,61.2
2019-08-17,2818.39,92362,92362,61.1
2019-08-18,2818.39,92362,92362,61.1
2019-08-19,2818.37,92249,92249,61.0
2019-08-20,2818.35,92137,92137,61.0
2019-08-21,2818.34,92081,92081,60.9
2019-08-22,2818.33,92024,92024,60.9
2019-08-23,2818.32,91968,91968,60.9
2019-08-24,2818.31,91912,91912,60.8
2019-08-25,2818.30,91856,91856,60.8
2019-08-26,2818.30,91856,91856,60.8
2019-08-27,2818.29,91800,91800,60.8
2019-08-28,2818.25,91575,91575,60.6
2019-08-29,2818.24,91518,91518,60.6
2019-08-30,2818.23,91462,91462,60.5
2019-08-31,2818.23,91462,91462,60.5
2019-09-01,2818.22,91406,91406,60.5
2019-09-02,2818.21,91350,91350,60.5
2019-09-03,2818.21,91350,91350,60.5
2019-09-04,2818.18,91181,91181,60.3
2019-09-05,2818.12,90844,90844,60.1
2019-09-06,2818.06,90507,90507,59.9
2019-09-07,2818.00,90169,90169,59.7
2019-09-08,2817.93,89776,89776,59.4
2019-09-09,2817.89,89551,89551,59.3
2019-09-10,2817.87,89439,89439,59.2
2019-09-11,2817.86,89382,89382,59.2
2019-09-12,2817.86,89382,89382,59.2
2019-09-13,2817.86,89382,89382,59.2
2019-09-14,2817.85,89326,89326,59.1
2019-09-15,2817.85,89326,89326,59.1
2019-09-16,2817.84,89270,89270,59.1
2019-09-17,2817.83,89214,89214,59.0
2019-09-18,2817.79,88989,88989,58.9
2019-09-19,2817.75,88764,88764,58.7
2019-09-20,2817.71,88543,88543,58.6
2019-09-21,2817.67,88335,88335,58.5
2019-09-22,2817.65,88230,88230,58.4
2019-09-23,2817.65,88230,88230,58.4
2019-09-24,2817.68,88387,88387,58.5
2019-09-25,2817.86,89382,89382,59.2
2019-09-26,2817.87,89439,89439,59.2
2019-09-27,2817.88,89495,89495,59.2
2019-09-28,2817.93,89776,89776,59.4
2019-09-29,2817.94,89832,89832,59.4
2019-09-30,2817.96,89945,89945,59.5
2019-10-01,2817.99,90113,90113,59.6
2019-10-02,2818.10,90732,90732,60.0
2019-10-03,2818.13,90900,90900,60.2
2019-10-04,2818.15,91013,91013,60.2
2019-10-05,2818.17,91125,91125,60.3
2019-10-06,2818.19,91237,91237,60.4
2019-10-07,2818.17,91125,91125,60.3
2019-10-08,2818.16,91069,91069,60.3
2019-10-09,2818.17,91125,91125,60.3
2019-10-10,2818.17,91125,91125,60.3
2019-10-11,2818.13,90900,90900,60.2
2019-10-12,2818.12,90844,90844,60.1
2019-10-13,2818.12,90844,90844,60.1
2019-10-14,2818.12,90844,90844,60.1
2019-10-15,2818.14,90956,90956,60.2
2019-10-16,2818.13,90900,90900,60.2
2019-10-17,2818.12,90844,90844,60.1
2019-10-18,2818.09,90675,90675,60.0
2019-10-19,2818.03,90338,90338,59.8
2019-10-20,2817.98,90057,90057,59.6
2019-10-21,2817.92,89720,89720,59.4
2019-10-22,2817.87,89439,89439,59.2
2019-10-23,2817.86,89382,89382,59.2
2019-10-24,2817.85,89326,89326,59.1
2019-10-25,2817.84,89270,89270,59.1
2019-10-26,2817.85,89326,89326,59.1
2019-10-27,2817.86,89382,89382,59.2
2019-10-28,2817.87,89439,89439,59.2
2019-10-29,2817.88,89495,89495,59.2
2019-10-30,2817.89,89551,89551,59.3
2019-10-31,2817.89,89551,89551,59.3
2019-11-01,2817.91,89663,89663,59.3
2019-11-02,2817.92,89720,89720,59.4
2019-11-03,2817.95,89888,89888,59.5
2019-11-04,2817.99,90113,90113,59.6
2019-11-05,2818.01,90226,90226,59.7
2019-11-06,2818.04,90394,90394,59.8
2019-11-07,2818.08,90619,90619,60.0
2019-11-08,2818.10,90732,90732,60.0
2019-11-09,2818.12,90844,90844,60.1
2019-11-10,2818.15,91013,91013,60.2
2019-11-11,2818.16,91069,91069,60.3
2019-11-12,2818.15,91013,91013,60.2
2019-11-13,2818.16,91069,91069,60.3
2019-11-14,2818.18,91181,91181,60.3
2019-11-15,2818.18,91181,91181,60.3
2019-11-16,2818.20,91294,91294,60.4
2019-11-17,2818.22,91406,91406,60.5
2019-11-18,2818.23,91462,91462,60.5
2019-11-19,2818.25,91575,91575,60.6
2019-11-20,2818.27,91687,91687,60.7
2019-11-21,2818.29,91800,91800,60.8
2019-11-22,2818.31,91912,91912,60.8
2019-11-23,2818.32,91968,91968,60.9
2019-11-24,2818.34,92081,92081,60.9
2019-11-25,2818.35,92137,92137,61.0
2019-11-26,2818.37,92249,92249,61.0
2019-11-27,2818.36,92193,92193,61.0
2019-11-28,2818.40,92418,92418,61.2
2019-11-29,2818.41,92474,92474,61.2
2019-11-30,2818.44,92643,92643,61.3
2019-12-01,2818.44,92643,92643,61.3
2019-12-02,2818.46,92755,92755,61.4
2019-12-03,2818.48,92868,92868,61.5
2019-12-04,2818.49,92924,92924,61.5
2019-12-05,2818.52,93092,93092,61.6
2019-12-06,2818.53,93149,93149,61.6
2019-12-07,2818.55,93261,93261,61.7
2019-12-08,2818.58,93430,93430,61.8
2019-12-09,2818.59,93486,93486,61.9
2019-12-10,2818.62,93655,93655,62.0
2019-12-11,2818.64,93767,93767,62.1
2019-12-12,2818.66,93879,93879,62.1
2019-12-13,2818.69,94048,94048,62.2
2019-12-14,2818.70,94104,94104,62.3
2019-12-15,2818.72,94217,94217,62.3
2019-12-16,2818.71,94160,94160,62.3
2019-12-17,2818.72,94217,94217,62.3
2019-12-18,2818.72,94217,94217,62.3
2019-12-19,2818.73,94273,94273,62.4
2019-12-20,2818.75,94385,94385,62.5
2019-12-21,2818.75,94385,94385,62.5
2019-12-22,2818.76,94442,94442,62.5
2019-12-23,2818.78,94554,94554,62.6
2019-12-24,2818.79,94610,94610,62.6
2019-12-25,2818.81,94723,94723,62.7
2019-12-26,2818.83,94835,94835,62.8
2019-12-27,2818.85,94947,94947,62.8
2019-12-28,2818.88,95116,95116,62.9
2019-12-29,2818.89,95172,95172,63.0
2019-12-30,2818.89,95172,95172,63.0
2019-12-31,2818.90,95228,95228,63.0
2020-01-01,2818.91,95285,95285,63.1
2020-01-02,2818.93,95397,95397,63.1
2020-01-03,2818.93,95397,95397,63.1
2020-01-04,2818.94,95453,95453,63.2
2020-01-05,2818.96,95566,95566,63.2
2020-01-06,2818.98,95678,95678,63.3
2020-01-07,2819.00,95791,95791,63.4
2020-01-08,2819.02,95903,95903,63.5
2020-01-09,2819.05,96072,96072,63.6
2020-01-10,2819.09,96297,96297,63.7
2020-01-11,2819.10,96353,96353,63.8
2020-01-12,2819.12,96465,96465,63.8
2020-01-13,2819.14,96578,96578,63.9
2020-01-14,2819.16,96690,96690,64.0
2020-01-15,2819.18,96802,96802,64.1
2020-01-16,2819.20,96915,96915,64.1
2020-01-17,2819.21,96971,96971,64.2
2020-01-18,2819.23,97083,97083,64.2
2020-01-19,2819.24,97140,97140,64.3
2020-01-20,2819.26,97252,97252,64.4
2020-01-21,2819.28,97365,97365,64.4
2020-01-22,2819.30,97477,97477,64.5
2020-01-23,2819.32,97589,97589,64.6
2020-01-24,2819.33,97646,97646,64.6
2020-01-25,2819.36,97814,97814,64.7
2020-01-26,2819.37,97870,97870,64.8
2020-01-27,2819.39,97983,97983,64.8
2020-01-28,2819.40,98039,98039,64.9
2020-01-29,2819.40,98039,98039,64.9
2020-01-30,2819.41,98095,98095,64.9
2020-01-31,2819.43,98208,98208,65.0
2020-02-01,2819.45,98320,98320,65.1
2020-02-02,2819.46,98376,98376,65.1
2020-02-03,2819.47,98433,98433,65.1
2020-02-04,2819.49,98545,98545,65.2
2020-02-05,2819.51,98657,98657,65.3
2020-02-06,2819.53,98770,98770,65.4
2020-02-07,2819.54,98826,98826,65.4
2020-02-08,2819.55,98882,98882,65.4
2020-02-09,2819.57,98995,98995,65.5
2020-02-10,2819.59,99107,99107,65.6
2020-02-11,2819.62,99276,99276,65.7
2020-02-12,2819.66,99501,99501,65.8
2020-02-13,2819.66,99501,99501,65.8
2020-02-14,2819.67,99557,99557,65.9
2020-02-15,2819.70,99725,99725,66.0
2020-02-16,2819.72,99838,99838,66.1
2020-02-17,2819.73,99899,99899,66.1
2020-02-18,2819.73,99899,99899,66.1
2020-02-19,2819.73,99899,99899,66.1
2020-02-20,2819.75,100020,100020,66.2
2020-02-21,2819.75,100020,100020,66.2
2020-02-22,2819.76,100080,100080,66.2
2020-02-23,2819.79,100262,100262,66.4
2020-02-24,2819.79,100262,100262,66.4
2020-02-25,2819.79,100262,100262,66.4
2020-02-26,2819.78,100202,100202,66.3
2020-02-27,2819.79,100262,100262,66.4
2020-02-28,2819.80,100323,100323,66.4
2020-02-29,2819.82,100444,100444,66.5
2020-03-01,2819.83,100505,100505,66.5
2020-03-02,2819.83,100505,100505,66.5
2020-03-03,2819.81,100384,100384,66.4
2020-03-04,2819.86,100687,100687,66.6
2020-03-05,2819.89,100869,100869,66.8
2020-03-06,2819.91,100990,100990,66.8
2020-03-07,2819.93,101111,101111,66.9
2020-03-08,2819.94,101172,101172,67.0
2020-03-09,2819.98,101414,101414,67.1
2020-03-10,2819.99,101475,101475,67.2
2020-03-11,2820.00,101536,101536,67.2
2020-03-12,2820.02,101657,101657,67.3
2020-03-13,2820.05,101839,101839,67.4
2020-03-14,2820.09,102081,102081,67.6
2020-03-15,2820.11,102202,102202,67.6
2020-03-16,2820.14,102384,102384,67.8
2020-03-17,2820.15,102445,102445,67.8
2020-03-18,2820.16,102506,102506,67.8
2020-03-19,2820.18,102627,102627,67.9
2020-03-20,2820.17,102566,102566,67.9
2020-03-21,2820.16,102506,102506,67.8
2020-03-22,2820.18,102627,102627,67.9
2020-03-23,2820.20,102748,102748,68.0
2020-03-24,2820.21,102809,102809,68.0
2020-03-25,2820.22,102869,102869,68.1
2020-03-26,2820.23,102930,102930,68.1
2020-03-27,2820.22,102869,102869,68.1
2020-03-28,2820.19,102688,102688,68.0
2020-03-29,2820.14,102384,102384,67.8
2020-03-30,2820.11,102202,102202,67.6
2020-03-31,2820.07,101960,101960,67.5
2020-04-01,2820.03,101717,101717,67.3
2020-04-02,2820.02,101657,101657,67.3
2020-04-03,2820.01,101596,101596,67.2
2020-04-04,2820.00,101536,101536,67.2
2020-04-05,2820.00,101536,101536,67.2
2020-04-06,2820.01,101596,101596,67.2
2020-04-07,2820.01,101596,101596,67.2
2020-04-08,2820.01,101596,101596,67.2
2020-04-09,2820.01,101596,101596,67.2
2020-04-10,2820.01,101596,101596,67.2
2020-04-11,2819.99,101475,101475,67.2
2020-04-12,2819.95,101232,101232,67.0
2020-04-13,2819.87,100747,100747,66.7
2020-04-14,2819.86,100687,100687,66.6
2020-04-15,2819.86,100687,100687,66.6
2020-04-16,2819.86,100687,100687,66.6
2020-04-17,2819.85,100626,100626,66.6
2020-04-18,2819.84,100565,100565,66.6
2020-04-19,2819.86,100687,100687,66.6
2020-04-20,2819.84,100565,100565,66.6
2020-04-21,2819.79,100262,100262,66.4
2020-04-22,2819.74,99959,99959,66.1
2020-04-23,2819.70,99725,99725,66.0
2020-04-24,2819.65,99444,99444,65.8
2020-04-25,2819.61,99220,99220,65.7
2020-04-26,2819.60,99163,99163,65.6
2020-04-27,2819.61,99220,99220,65.7
2020-04-28,2819.62,99276,99276,65.7
2020-04-29,2819.62,99276,99276,65.7
2020-04-30,2819.61,99220,99220,65.7
2020-05-01,2819.61,99220,99220,65.7
2020-05-02,2819.57,98995,98995,65.5
2020-05-03,2819.53,98770,98770,65.4
2020-05-04,2819.49,98545,98545,65.2
2020-05-05,2819.45,98320,98320,65.1
2020-05-06,2819.42,98152,98152,65.0
2020-05-07,2819.42,98152,98152,65.0
2020-05-08,2819.38,97927,97927,64.8
2020-05-09,2819.36,97814,97814,64.7
2020-05-10,2819.36,97814,97814,64.7
2020-05-11,2819.36,97814,97814,64.7
2020-05-12,2819.38,97927,97927,64.8
2020-05-13,2819.38,97927,97927,64.8
2020-05-14,2819.37,97870,97870,64.8
2020-05-15,2819.37,97870,97870,64.8
2020-05-16,2819.35,97758,97758,64.7
2020-05-17,2819.34,97702,97702,64.7
2020-05-18,2819.35,97758,97758,64.7
2020-05-19,2819.33,97646,97646,64.6
2020-05-20,2819.33,97646,97646,64.6
2020-05-21,2819.31,97533,97533,64.5
2020-05-22,2819.28,97365,97365,64.4
2020-05-23,2819.22,97027,97027,64.2
2020-05-24,2819.17,96746,96746,64.0
2020-05-25,2819.10,96353,96353,63.8
2020-05-26,2819.04,96015,96015,63.5
2020-05-27,2818.99,95734,95734,63.4
2020-05-28,2818.94,95453,95453,63.2
2020-05-29,2818.90,95228,95228,63.0
2020-05-30,2818.88,95116,95116,62.9
2020-05-31,2818.86,95004,95004,62.9
2020-06-01,2818.85,94947,94947,62.8
2020-06-02,2818.84,94891,94891,62.8
2020-06-03,2818.83,94835,94835,62.8
2020-06-04,2818.81,94723,94723,62.7
2020-06-05,2818.78,94554,94554,62.6
2020-06-06,2818.71,94160,94160,62.3
2020-06-07,2818.66,93879,93879,62.1
2020-06-08,2818.61,93598,93598,61.9
2020-06-09,2818.53,93149,93149,61.6
2020-06-10,2818.49,92924,92924,61.5
2020-06-11,2818.46,92755,92755,61.4
2020-06-12,2818.39,92362,92362,61.1
2020-06-13,2818.30,91856,91856,60.8
2020-06-14,2818.21,91350,91350,60.5
2020-06-15,2818.13,90900,90900,60.2
2020-06-16,2818.05,90450,90450,59.9
2020-06-17,2817.98,90057,90057,59.6
2020-06-18,2817.90,89607,89607,59.3
2020-06-19,2817.82,89158,89158,59.0
2020-06-20,2817.70,88491,88491,58.6
2020-06-21,2817.59,87918,87918,58.2
2020-06-22,2817.47,87292,87292,57.8
2020-06-23,2817.38,86823,86823,57.5
2020-06-24,2817.37,86771,86771,57.4
2020-06-25,2817.37,86771,86771,57.4
2020-06-26,2817.36,86718,86718,57.4
2020-06-27,2817.32,86510,86510,57.2
2020-06-28,2817.29,86353,86353,57.1
2020-06-29,2817.24,86093,86093,57.0
2020-06-30,2817.19,85832,85832,56.8
2020-07-01,2817.16,85676,85676,56.7
2020-07-02,2817.15,85623,85623,56.7
2020-07-03,2817.15,85623,85623,56.7
2020-07-04,2817.14,85571,85571,56.6
2020-07-05,2817.13,85519,85519,56.6
2020-07-06,2817.11,85415,85415,56.5
2020-07-07,2817.07,85206,85206,56.4
2020-07-08,2817.03,84998,84998,56.2
2020-07-09,2816.97,84685,84685,56.0
2020-07-10,2816.90,84320,84320,55.8
2020-07-11,2816.85,84059,84059,55.6
2020-07-12,2816.81,83851,83851,55.5
2020-07-13,2816.76,83590,83590,55.3
2020-07-14,2816.69,83225,83225,55.1
2020-07-15,2816.61,82808,82808,54.8
2020-07-16,2816.51,82287,82287,54.5
2020-07-17,2816.42,81817,81817,54.1
2020-07-18,2816.33,81348,81348,53.8
2020-07-19,2816.25,80931,80931,53.6
2020-07-20,2816.22,80774,80774,53.5
2020-07-21,2816.20,80670,80670,53.4
2020-07-22,2816.18,80566,80566,53.3
2020-07-23,2816.17,80514,80514,53.3
2020-07-24,2816.14,80357,80357,53.2
2020-07-25,2816.08,80045,80045,53.0
2020-07-26,2816.01,79680,79680,52.7
2020-07-27,2815.95,79367,79367,52.5
2020-07-28,2815.92,79210,79210,52.4
2020-07-29,2815.90,79106,79106,52.3
2020-07-30,2815.88,79002,79002,52.3
2020-07-31,2815.87,78950,78950,52.2
2020-08-01,2815.86,78897,78897,52.2
2020-08-02,2815.85,78845,78845,52.2
2020-08-03,2815.84,78793,78793,52.1
2020-08-04,2815.83,78741,78741,52.1
2020-08-05,2815.82,78689,78689,52.1
2020-08-06,2815.80,78585,78585,52.0
2020-08-07,2815.75,78324,78324,51.8
2020-08-08,2815.70,78071,78071,51.7
2020-08-09,2815.64,77781,77781,51.5
2020-08-10,2815.59,77540,77540,51.3
2020-08-11,2815.57,77443,77443,51.2
2020-08-12,2815.56,77395,77395,51.2
2020-08-13,2815.55,77347,77347,51.2
2020-08-14,2815.54,77298,77298,51.2
2020-08-15,2815.53,77250,77250,51.1
2020-08-16,2815.51,77153,77153,51.1
2020-08-17,2815.51,77153,77153,51.1
2020-08-18,2815.50,77105,77105,51.0
2020-08-19,2815.50,77105,77105,51.0
2020-08-20,2815.49,77057,77057,51.0
2020-08-21,2815.47,76960,76960,50.9
2020-08-22,2815.43,76767,76767,50.8
2020-08-23,2815.38,76526,76526,50.6
2020-08-24,2815.32,76236,76236,50.5
2020-08-25,2815.28,76043,76043,50.3
2020-08-26,2815.23,75801,75801,50.2
2020-08-27,2815.21,75705,75705,50.1
2020-08-28,2815.20,75657,75657,50.1
2020-08-29,2815.19,75608,75608,50.0
2020-08-30,2815.17,75512,75512,50.0
2020-08-31,2815.16,75463,75463,49.9
2020-09-01,2815.14,75367,75367,49.9
2020-09-02,2815.08,75077,75077,49.7
2020-09-03,2815.03,74836,74836,49.5
2020-09-04,2814.96,74498,74498,49.3
2020-09-05,2814.88,74111,74111,49.0
2020-09-06,2814.82,73822,73822,48.9
2020-09-07,2814.76,73532,73532,48.7
2020-09-08,2814.69,73194,73194,48.4
2020-09-09,2814.62,72856,72856,48.2
2020-09-10,2814.62,72856,72856,48.2
2020-09-11,2814.64,72953,72953,48.3
2020-09-12,2814.66,73049,73049,48.3
2020-09-13,2814.67,73097,73097,48.4
2020-09-14,2814.68,73146,73146,48.4
2020-09-15,2814.69,73194,73194,48.4
2020-09-16,2814.71,73291,73291,48.5
2020-09-17,2814.72,73339,73339,48.5
2020-09-18,2814.72,73339,73339,48.5
2020-09-19,2814.71,73291,73291,48.5
2020-09-20,2814.71,73291,73291,48.5
2020-09-21,2814.71,73291,73291,48.5
2020-09-22,2814.71,73291,73291,48.5
2020-09-23,2814.71,73291,73291,48.5
2020-09-24,2814.71,73291,73291,48.5
2020-09-25,2814.70,73242,73242,48.5
2020-09-26,2814.66,73049,73049,48.3
2020-09-27,2814.62,72856,72856,48.2
2020-09-28,2814.54,72470,72470,48.0
2020-09-29,2814.51,72325,72325,47.9
2020-09-30,2814.51,72325,72325,47.9
2020-10-01,2814.50,72277,72277,47.8
2020-10-02,2814.48,72180,72180,47.8
2020-10-03,2814.44,71987,71987,47.6
2020-10-04,2814.39,71745,71745,47.5
2020-10-05,2814.34,71504,71504,47.3
2020-10-06,2814.30,71311,71311,47.2
2020-10-07,2814.26,71118,71118,47.1
2020-10-08,2814.26,71118,71118,47.1
2020-10-09,2814.27,71166,71166,47.1
2020-10-10,2814.28,71214,71214,47.1
2020-10-11,2814.27,71166,71166,47.1
2020-10-12,2814.26,71118,71118,47.1
2020-10-13,2814.26,71118,71118,47.1
2020-10-14,2814.27,71166,71166,47.1
2020-10-15,2814.25,71069,71069,47.0
2020-10-16,2814.23,70973,70973,47.0
2020-10-17,2814.20,70828,70828,46.9
2020-10-18,2814.16,70635,70635,46.7
2020-10-19,2814.11,70393,70393,46.6
2020-10-20,2814.07,70200,70200,46.5
2020-10-21,2814.04,70055,70055,46.4
2020-10-22,2814.04,70055,70055,46.4
2020-10-23,2814.03,70007,70007,46.3
2020-10-24,2814.01,69911,69911,46.3
2020-10-25,2814.02,69959,69959,46.3
2020-10-26,2813.99,69814,69814,46.2
2020-10-27,2813.95,69621,69621,46.1
2020-10-28,2813.96,69669,69669,46.1
2020-10-29,2813.97,69717,69717,46.1
2020-10-30,2813.99,69814,69814,46.2
2020-10-31,2814.02,69959,69959,46.3
2020-11-01,2814.03,70007,70007,46.3
2020-11-02,2814.04,70055,70055,46.4
2020-11-03,2814.05,70104,70104,46.4
2020-11-04,2814.08,70249,70249,46.5
2020-11-05,2814.10,70345,70345,46.6
2020-11-06,2814.10,70345,70345,46.6
2020-11-07,2814.11,70393,70393,46.6
2020-11-08,2814.12,70442,70442,46.6
2020-11-09,2814.14,70538,70538,46.7
2020-11-10,2814.14,70538,70538,46.7
2020-11-11,2814.14,70538,70538,46.7
2020-11-12,2814.15,70587,70587,46.7
2020-11-13,2814.15,70587,70587,46.7
2020-11-14,2814.16,70635,70635,46.7
2020-11-15,2814.16,70635,70635,46.7
2020-11-16,2814.17,70683,70683,46.8
2020-11-17,2814.18,70731,70731,46.8
2020-11-18,2814.18,70731,70731,46.8
2020-11-19,2814.15,70587,70587,46.7
2020-11-20,2814.12,70442,70442,46.6
2020-11-21,2814.08,70249,70249,46.5
2020-11-22,2814.04,70055,70055,46.4
2020-11-23,2814.04,70055,70055,46.4
2020-11-24,2814.04,70055,70055,46.4
2020-11-25,2814.04,70055,70055,46.4
2020-11-26,2814.06,70152,70152,46.4
2020-11-27,2814.07,70200,70200,46.5
2020-11-28,2814.07,70200,70200,46.5
2020-11-29,2814.08,70249,70249,46.5
2020-11-30,2814.08,70249,70249,46.5
2020-12-01,2814.09,70297,70297,46.5
2020-12-02,2814.08,70249,70249,46.5
2020-12-03,2814.09,70297,70297,46.5
2020-12-04,2814.10,70345,70345,46.6
2020-12-05,2814.10,70345,70345,46.6
2020-12-06,2814.12,70442,70442,46.6
2020-12-07,2814.14,70538,70538,46.7
2020-12-08,2814.15,70587,70587,46.7
2020-12-09,2814.16,70635,70635,46.7
2020-12-10,2814.18,70731,70731,46.8
2020-12-11,2814.19,70780,70780,46.8
2020-12-12,2814.20,70828,70828,46.9
2020-12-13,2814.21,70876,70876,46.9
2020-12-14,2814.22,70925,70925,46.9
2020-12-15,2814.23,70973,70973,47.0
2020-12-16,2814.24,71021,71021,47.0
2020-12-17,2814.26,71118,71118,47.1
2020-12-18,2814.26,71118,71118,47.1
2020-12-19,2814.28,71214,71214,47.1
2020-12-20,2814.28,71214,71214,47.1
2020-12-21,2814.29,71263,71263,47.2
2020-12-22,2814.30,71311,71311,47.2
2020-12-23,2814.31,71359,71359,47.2
2020-12-24,2814.31,71359,71359,47.2
2020-12-25,2814.32,71407,71407,47.3
2020-12-26,2814.34,71504,71504,47.3
2020-12-27,2814.35,71552,71552,47.4
2020-12-28,2814.37,71649,71649,47.4
2020-12-29,2814.39,71745,71745,47.5
2020-12-30,2814.39,71745,71745,47.5
2020-12-31,2814.40,71794,71794,47.5
2021-01-01,2814.41,71842,71842,47.5
2021-01-02,2814.42,71890,71890,47.6
2021-01-03,2814.43,71939,71939,47.6
2021-01-04,2814.44,71987,71987,47.6
2021-01-05,2814.46,72083,72083,47.7
2021-01-06,2814.48,72180,72180,47.8
2021-01-07,2814.49,72228,72228,47.8
2021-01-08,2814.50,72277,72277,47.8
2021-01-09,2814.51,72325,72325,47.9
2021-01-10,2814.55,72518,72518,48.0
2021-01-11,2814.56,72566,72566,48.0
2021-01-12,2814.58,72663,72663,48.1
2021-01-13,2814.60,72759,72759,48.1
2021-01-14,2814.62,72856,72856,48.2
2021-01-15,2814.63,72904,72904,48.2
2021-01-16,2814.65,73001,73001,48.3
2021-01-17,2814.66,73049,73049,48.3
2021-01-18,2814.67,73097,73097,48.4
2021-01-19,2814.69,73194,73194,48.4
2021-01-20,2814.69,73194,73194,48.4
2021-01-21,2814.72,73339,73339,48.5
2021-01-22,2814.74,73435,73435,48.6
2021-01-23,2814.76,73532,73532,48.7
2021-01-24,2814.78,73629,73629,48.7
2021-01-25,2814.79,73677,73677,48.8
2021-01-26,2814.79,73677,73677,48.8
2021-01-27,2814.81,73773,73773,48.8
2021-01-28,2814.82,73822,73822,48.9
2021-01-29,2814.84,73918,73918,48.9
2021-01-30,2814.85,73967,73967,48.9
2021-01-31,2814.86,74015,74015,49.0
2021-02-01,2814.87,74063,74063,49.0
2021-02-02,2814.88,74111,74111,49.0
2021-02-03,2814.90,74208,74208,49.1
2021-02-04,2814.91,74256,74256,49.1
2021-02-05,2814.92,74305,74305,49.2
2021-02-06,2814.92,74305,74305,49.2
2021-02-07,2814.93,74353,74353,49.2
2021-02-08,2814.94,74401,74401,49.2
2021-02-09,2814.94,74401,74401,49.2
2021-02-10,2814.94,74401,74401,49.2
2021-02-11,2814.94,74401,74401,49.2
2021-02-12,2814.95,74449,74449,49.3
2021-02-13,2814.95,74449,74449,49.3
2021-02-14,2814.96,74498,74498,49.3
2021-02-15,2814.96,74498,74498,49.3
2021-02-16,2814.97,74546,74546,49.3
2021-02-17,2814.99,74643,74643,49.4
2021-02-18,2815.02,74787,74787,49.5
2021-02-19,2815.04,74884,74884,49.6
2021-02-20,2815.06,74981,74981,49.6
2021-02-21,2815.08,75077,75077,49.7
2021-02-22,2815.10,75174,75174,49.7
2021-02-23,2815.12,75270,75270,49.8
2021-02-24,2815.13,75319,75319,49.8
2021-02-25,2815.14,75367,75367,49.9
2021-02-26,2815.15,75415,75415,49.9
2021-02-27,2815.16,75463,75463,49.9
2021-02-28,2815.16,75463,75463,49.9
2021-03-01,2815.16,75463,75463,49.9
2021-03-02,2815.17,75512,75512,50.0
2021-03-03,2815.19,75608,75608,50.0
2021-03-04,2815.19,75608,75608,50.0
2021-03-05,2815.20,75657,75657,50.1
2021-03-06,2815.21,75705,75705,50.1
2021-03-07,2815.22,75753,75753,50.1
2021-03-08,2815.23,75801,75801,50.2
2021-03-09,2815.24,75850,75850,50.2
2021-03-10,2815.25,75898,75898,50.2
2021-03-11,2815.26,75946,75946,50.3
2021-03-12,2815.27,75995,75995,50.3
2021-03-13,2815.26,75946,75946,50.3
2021-03-14,2815.23,75801,75801,50.2
2021-03-15,2815.22,75753,75753,50.1
2021-03-16,2815.22,75753,75753,50.1
2021-03-17,2815.19,75608,75608,50.0
2021-03-18,2815.15,75415,75415,49.9
2021-03-19,2815.10,75174,75174,49.7
2021-03-20,2815.06,74981,74981,49.6
2021-03-21,2815.02,74787,74787,49.5
2021-03-22,2814.98,74594,74594,49.4
2021-03-23,2814.93,74353,74353,49.2
2021-03-24,2814.90,74208,74208,49.1
2021-03-25,2814.81,73773,73773,48.8
2021-03-26,2814.82,73822,73822,48.9
2021-03-27,2814.84,73918,73918,48.9
2021-03-28,2814.84,73918,73918,48.9
2021-03-29,2814.84,73918,73918,48.9
2021-03-30,2814.86,74015,74015,49.0
2021-03-31,2814.85,73967,73967,48.9
2021-04-01,2814.85,73967,73967,48.9
2021-04-02,2814.84,73918,73918,48.9
2021-04-03,2814.86,74015,74015,49.0
2021-04-04,2814.86,74015,74015,49.0
2021-04-05,2814.87,74063,74063,49.0
2021-04-06,2814.87,74063,74063,49.0
2021-04-07,2814.85,73967,73967,48.9
2021-04-08,2814.84,73918,73918,48.9
2021-04-09,2814.80,73725,73725,48.8
2021-04-10,2814.74,73435,73435,48.6
2021-04-11,2814.70,73242,73242,48.5
2021-04-12,2814.64,72953,72953,48.3
2021-04-13,2814.59,72711,72711,48.1
2021-04-14,2814.58,72663,72663,48.1
2021-04-15,2814.57,72615,72615,48.1
2021-04-16,2814.58,72663,72663,48.1
2021-04-17,2814.57,72615,72615,48.1
2021-04-18,2814.56,72566,72566,48.0
2021-04-19,2814.57,72615,72615,48.1
2021-04-20,2814.54,72470,72470,48.0
2021-04-21,2814.52,72373,72373,47.9
2021-04-22,2814.52,72373,72373,47.9
2021-04-23,2814.52,72373,72373,47.9
2021-04-24,2814.51,72325,72325,47.9
2021-04-25,2814.51,72325,72325,47.9
2021-04-26,2814.50,72277,72277,47.8
2021-04-27,2814.50,72277,72277,47.8
2021-04-28,2814.48,72180,72180,47.8
2021-04-29,2814.46,72083,72083,47.7
2021-04-30,2814.47,72132,72132,47.7
2021-05-01,2814.47,72132,72132,47.7
2021-05-02,2814.47,72132,72132,47.7
2021-05-03,2814.43,71939,71939,47.6
2021-05-04,2814.37,71649,71649,47.4
2021-05-05,2814.33,71456,71456,47.3
2021-05-06,2814.29,71263,71263,47.2
2021-05-07,2814.24,71021,71021,47.0
2021-05-08,2814.22,70925,70925,46.9
2021-05-09,2814.19,70780,70780,46.8
2021-05-10,2814.18,70731,70731,46.8
2021-05-11,2814.17,70683,70683,46.8
2021-05-12,2814.17,70683,70683,46.8
2021-05-13,2814.16,70635,70635,46.7
2021-05-14,2814.15,70587,70587,46.7
2021-05-15,2814.15,70587,70587,46.7
2021-05-16,2814.15,70587,70587,46.7
2021-05-17,2814.16,70635,70635,46.7
2021-05-18,2814.19,70780,70780,46.8
2021-05-19,2814.20,70828,70828,46.9
2021-05-20,2814.19,70780,70780,46.8
2021-05-21,2814.17,70683,70683,46.8
2021-05-22,2814.15,70587,70587,46.7
2021-05-23,2814.17,70683,70683,46.8
2021-05-24,2814.16,70635,70635,46.7
2021-05-25,2814.17,70683,70683,46.8
2021-05-26,2814.17,70683,70683,46.8
2021-05-27,2814.17,70683,70683,46.8
2021-05-28,2814.16,70635,70635,46.7
2021-05-29,2814.29,71263,71263,47.2
2021-05-30,2814.28,71214,71214,47.1
2021-05-31,2814.26,71118,71118,47.1
2021-06-01,2814.27,71166,71166,47.1
2021-06-02,2814.30,71311,71311,47.2
2021-06-03,2814.31,71359,71359,47.2
2021-06-04,2814.31,71359,71359,47.2
2021-06-05,2814.32,71407,71407,47.3
2021-06-06,2814.34,71504,71504,47.3
2021-06-07,2814.35,71552,71552,47.4
2021-06-08,2814.33,71456,71456,47.3
2021-06-09,2814.33,71456,71456,47.3
2021-06-10,2814.32,71407,71407,47.3
2021-06-11,2814.31,71359,71359,47.2
2021-06-12,2814.25,71069,71069,47.0
2021-06-13,2814.17,70683,70683,46.8
2021-06-14,2814.11,70393,70393,46.6
2021-06-15,2814.05,70104,70104,46.4
2021-06-16,2814.01,69911,69911,46.3
2021-06-17,2813.98,69766,69766,46.2
2021-06-18,2813.95,69621,69621,46.1
2021-06-19,2813.93,69524,69524,46.0
2021-06-20,2813.90,69379,69379,45.9
2021-06-21,2813.88,69283,69283,45.8
2021-06-22,2813.84,69090,69090,45.7
2021-06-23,2813.81,68945,68945,45.6
2021-06-24,2813.78,68800,68800,45.5
2021-06-25,2813.75,68655,68655,45.4
2021-06-26,2813.72,68510,68510,45.3
2021-06-27,2813.69,68378,68378,45.3
2021-06-28,2814.19,70780,70780,46.8
2021-06-29,2815.49,77057,77057,51.0
2021-06-30,2816.29,81139,81139,53.7
2021-07-01,2818.13,90900,90900,60.2
2021-07-02,2818.70,94104,94104,62.3
2021-07-03,2819.02,95903,95903,63.5
2021-07-04,2819.37,97870,97870,64.8
2021-07-05,2819.63,99332,99332,65.7
2021-07-06,2819.73,99899,99899,66.1
2021-07-07,2819.84,100565,100565,66.6
2021-07-08,2819.94,101172,101172,67.0
2021-07-09,2819.99,101475,101475,67.2
2021-07-10,2820.01,101596,101596,67.2
2021-07-11,2820.02,101657,101657,67.3
2021-07-12,2820.01,101596,101596,67.2
2021-07-13,2819.99,101475,101475,67.2
2021-07-14,2819.97,101354,101354,67.1
2021-07-15,2819.95,101232,101232,67.0
2021-07-16,2819.98,101414,101414,67.1
2021-07-17,2820.02,101657,101657,67.3
2021-07-18,2820.08,102021,102021,67.5
2021-07-19,2820.11,102202,102202,67.6
2021-07-20,2820.13,102324,102324,67.7
2021-07-21,2820.18,102627,102627,67.9
2021-07-22,2820.15,102445,102445,67.8
2021-07-23,2820.11,102202,102202,67.6
2021-07-24,2820.12,102263,102263,67.7
2021-07-25,2820.19,102688,102688,68.0
2021-07-26,2820.21,102809,102809,68.0
2021-07-27,2820.20,102748,102748,68.0
2021-07-28,2820.19,102688,102688,68.0
2021-08-01,2820.24,102991,102991,68.2
2021-08-02,2820.34,103597,103597,68.6
2021-08-03,2820.44,104203,104203,69.0
2021-08-04,2820.49,104506,104506,69.2
2021-08-05,2820.51,104628,104628,69.2
2021-08-06,2820.51,104628,104628,69.2
2021-08-07,2820.51,104628,104628,69.2
2021-08-08,2820.51,104628,104628,69.2
2021-08-09,2820.50,104567,104567,69.2
2021-08-10,2820.47,104385,104385,69.1
2021-08-11,2820.43,104143,104143,68.9
2021-08-12,2820.40,103961,103961,68.8
2021-08-13,2820.41,104021,104021,68.8
2021-08-14,2820.61,105234,105234,69.6
2021-08-15,2821.14,108447,108447,71.8
2021-08-16,2821.34,109660,109660,72.6
2021-08-17,2821.49,110570,110570,73.2
2021-08-18,2821.57,111055,111055,73.5
2021-08-19,2821.63,111418,111418,73.7
2021-08-20,2821.64,111479,111479,73.8
2021-08-21,2821.64,111479,111479,73.8
2021-08-22,2821.64,111479,111479,73.8
2021-08-23,2821.64,111479,111479,73.8
2021-08-24,2821.72,111964,111964,74.1
2021-08-25,2821.86,112873,112873,74.7
2021-08-26,2822.00,113782,113782,75.3
2021-08-27,2822.08,114302,114302,75.6
2021-08-28,2822.12,114561,114561,75.8
2021-08-29,2822.12,114561,114561,75.8
2021-08-30,2822.12,114561,114561,75.8
2021-08-31,2822.08,114302,114302,75.6
2021-09-01,2822.04,114042,114042,75.5
2021-09-02,2822.04,114042,114042,75.5
2021-09-03,2822.03,113977,113977,75.4
2021-09-04,2822.03,113977,113977,75.4
2021-09-05,2822.03,113977,113977,75.4
2021-09-06,2822.02,113912,113912,75.4
2021-09-07,2822.03,113977,113977,75.4
2021-09-08,2822.04,114042,114042,75.5
2021-09-09,2822.03,113977,113977,75.4
2021-09-10,2822.02,113912,113912,75.4
2021-09-11,2822.01,113847,113847,75.3
2021-09-12,2822.00,113782,113782,75.3
2021-09-13,2821.99,113717,113717,75.3
2021-09-14,2821.99,113717,113717,75.3
2021-09-15,2821.99,113717,113717,75.3
2021-09-16,2821.98,113652,113652,75.2
2021-09-17,2821.94,113393,113393,75.0
2021-09-18,2821.90,113133,113133,74.9
2021-09-19,2821.86,112873,112873,74.7
2021-09-20,2821.82,112613,112613,74.5
2021-09-21,2821.78,112354,112354,74.4
2021-09-22,2821.74,112094,112094,74.2
2021-09-23,2821.72,111964,111964,74.1
2021-09-24,2821.71,111903,111903,74.1
2021-09-25,2821.70,111843,111843,74.0
2021-09-26,2821.70,111843,111843,74.0
2021-09-27,2821.70,111843,111843,74.0
2021-09-28,2821.69,111782,111782,74.0
2021-09-29,2821.69,111782,111782,74.0
2021-09-30,2821.69,111782,111782,74.0
2021-10-01,2821.70,111843,111843,74.0
2021-10-02,2821.72,111964,111964,74.1
2021-10-03,2821.72,111964,111964,74.1
2021-10-04,2821.72,111964,111964,74.1
2021-10-05,2821.73,112029,112029,74.1
2021-10-06,2821.73,112029,112029,74.1
2021-10-07,2821.73,112029,112029,74.1
2021-10-08,2821.74,112094,112094,74.2
2021-10-09,2821.73,112029,112029,74.1
2021-10-10,2821.72,111964,111964,74.1
2021-10-11,2821.69,111782,111782,74.0
2021-10-12,2821.67,111661,111661,73.9
2021-10-13,2821.66,111600,111600,73.9
2021-10-14,2821.63,111418,111418,73.7
2021-10-15,2821.58,111115,111115,73.5
2021-10-16,2821.52,110751,110751,73.3
2021-10-17,2821.49,110570,110570,73.2
2021-10-18,2821.48,110509,110509,73.1
2021-10-19,2821.48,110509,110509,73.1
2021-10-20,2821.50,110630,110630,73.2
2021-10-21,2821.50,110630,110630,73.2
2021-10-22,2821.51,110691,110691,73.3
2021-10-23,2821.51,110691,110691,73.3
2021-10-24,2821.51,110691,110691,73.3
2021-10-25,2821.51,110691,110691,73.3
2021-10-26,2821.51,110691,110691,73.3
2021-10-27,2821.49,110570,110570,73.2
2021-10-28,2821.47,110448,110448,73.1
2021-10-29,2821.46,110388,110388,73.1
2021-10-30,2821.47,110448,110448,73.1
2021-10-31,2821.48,110509,110509,73.1
2021-11-01,2821.47,110448,110448,73.1
2021-11-02,2821.47,110448,110448,73.1
2021-11-03,2821.48,110509,110509,73.1
2021-11-04,2821.48,110509,110509,73.1
2021-11-05,2821.49,110570,110570,73.2
2021-11-06,2821.49,110570,110570,73.2
2021-11-07,2821.50,110630,110630,73.2
2021-11-08,2821.51,110691,110691,73.3
2021-11-09,2821.52,110751,110751,73.3
2021-11-10,2821.53,110812,110812,73.3
2021-11-11,2821.50,110630,110630,73.2
2021-11-12,2821.48,110509,110509,73.1
2021-11-13,2821.44,110266,110266,73.0
2021-11-14,2821.42,110145,110145,72.9
2021-11-15,2821.41,110085,110085,72.9
2021-11-16,2821.42,110145,110145,72.9
2021-11-17,2821.42,110145,110145,72.9
2021-11-18,2821.41,110085,110085,72.9
2021-11-19,2821.41,110085,110085,72.9
2021-11-20,2821.42,110145,110145,72.9
2021-11-21,2821.43,110206,110206,72.9
2021-11-22,2821.42,110145,110145,72.9
2021-11-23,2821.43,110206,110206,72.9
2021-11-24,2821.44,110266,110266,73.0
2021-11-25,2821.44,110266,110266,73.0
2021-11-26,2821.43,110206,110206,72.9
2021-11-27,2821.46,110388,110388,73.1
2021-11-28,2821.47,110448,110448,73.1
2021-11-29,2821.48,110509,110509,73.1
2021-11-30,2821.49,110570,110570,73.2
2021-12-01,2821.50,110630,110630,73.2
2021-12-02,2821.51,110691,110691,73.3
2021-12-03,2821.52,110751,110751,73.3
2021-12-04,2821.52,110751,110751,73.3
2021-12-05,2821.53,110812,110812,73.3
2021-12-06,2821.53,110812,110812,73.3
2021-12-07,2821.53,110812,110812,73.3
2021-12-08,2821.55,110933,110933,73.4
2021-12-09,2821.56,110994,110994,73.5
2021-12-10,2821.56,110994,110994,73.5
2021-12-11,2821.55,110933,110933,73.4
2021-12-12,2821.54,110873,110873,73.4
2021-12-13,2821.55,110933,110933,73.4
2021-12-14,2821.56,110994,110994,73.5
2021-12-15,2821.57,111055,111055,73.5
2021-12-16,2821.58,111115,111115,73.5
2021-12-17,2821.58,111115,111115,73.5
2021-12-18,2821.58,111115,111115,73.5
2021-12-19,2821.57,111055,111055,73.5
2021-12-20,2821.58,111115,111115,73.5
2021-12-21,2821.59,111176,111176,73.6
2021-12-22,2821.60,111237,111237,73.6
2021-12-23,2821.61,111297,111297,73.7
2021-12-24,2821.62,111358,111358,73.7
2021-12-25,2821.63,111418,111418,73.7
2021-12-26,2821.64,111479,111479,73.8
2021-12-27,2821.65,111540,111540,73.8
2021-12-28,2821.66,111600,111600,73.9
2021-12-29,2821.67,111661,111661,73.9
2021-12-30,2821.67,111661,111661,73.9
2021-12-31,2821.68,111722,111722,73.9
2022-01-01,2821.73,112029,112029,74.1
2022-01-02,2821.69,111782,111782,74.0
2022-01-03,2821.70,111843,111843,74.0
2022-01-04,2821.71,111903,111903,74.1
2022-01-05,2821.72,111964,111964,74.1
2022-01-06,2821.72,111964,111964,74.1
2022-01-07,2821.72,111964,111964,74.1
2022-01-08,2821.73,112029,112029,74.1
2022-01-09,2821.74,112094,112094,74.2
2022-01-10,2821.74,112094,112094,74.2
2022-01-11,2821.74,112094,112094,74.2
2022-01-12,2821.75,112159,112159,74.2
2022-01-13,2821.77,112289,112289,74.3
2022-01-14,2821.78,112354,112354,74.4
2022-01-15,2821.78,112354,112354,74.4
2022-01-16,2821.78,112354,112354,74.4
2022-01-17,2821.79,112419,112419,74.4
2022-01-18,2821.80,112484,112484,74.4
2022-01-19,2821.80,112484,112484,74.4
2022-01-20,2821.79,112419,112419,74.4
2022-01-21,2821.79,112419,112419,74.4
2022-01-22,2821.80,112484,112484,74.4
2022-01-23,2821.80,112484,112484,74.4
2022-01-24,2821.81,112548,112548,74.5
2022-01-25,2821.82,112613,112613,74.5
2022-01-26,2821.82,112613,112613,74.5
2022-01-27,2821.83,112678,112678,74.6
2022-01-28,2821.83,112678,112678,74.6
2022-01-29,2821.84,112743,112743,74.6
2022-01-30,2821.85,112808,112808,74.7
2022-01-31,2821.86,112873,112873,74.7
2022-02-01,2821.87,112938,112938,74.7
2022-02-02,2821.88,113003,113003,74.8
2022-02-03,2821.89,113068,113068,74.8
2022-02-04,2821.88,113003,113003,74.8
2022-02-05,2821.88,113003,113003,74.8
2022-02-06,2821.92,113263,113263,75.0
2022-02-07,2821.92,113263,113263,75.0
2022-02-08,2821.92,113263,113263,75.0
2022-02-09,2821.94,113393,113393,75.0
2022-02-10,2821.95,113458,113458,75.1
2022-02-11,2821.95,113458,113458,75.1
2022-02-12,2821.95,113458,113458,75.1
2022-02-13,2821.96,113522,113522,75.1
2022-02-14,2821.98,113652,113652,75.2
2022-02-15,2821.98,113652,113652,75.2
2022-02-16,2821.98,113652,113652,75.2
2022-02-17,2821.98,113652,113652,75.2
2022-02-18,2821.94,113393,113393,75.0
2022-02-19,2821.91,113198,113198,74.9
2022-02-20,2821.89,113068,113068,74.8
2022-02-21,2821.86,112873,112873,74.7
2022-02-22,2821.82,112613,112613,74.5
2022-02-23,2821.78,112354,112354,74.4
2022-02-24,2821.77,112289,112289,74.3
2022-02-25,2821.78,112354,112354,74.4
2022-02-26,2821.80,112484,112484,74.4
2022-02-27,2821.80,112484,112484,74.4
2022-02-28,2821.81,112548,112548,74.5
2022-03-01,2821.82,112613,112613,74.5
2022-03-02,2821.82,112613,112613,74.5
2022-03-03,2821.83,112678,112678,74.6
2022-03-04,2821.84,112743,112743,74.6
2022-03-05,2821.84,112743,112743,74.6
2022-03-06,2821.85,112808,112808,74.7
2022-03-07,2821.83,112678,112678,74.6
2022-03-08,2821.84,112743,112743,74.6
2022-03-09,2821.84,112743,112743,74.6
2022-03-10,2821.84,112743,112743,74.6
2022-03-11,2821.83,112678,112678,74.6
2022-03-12,2821.82,112613,112613,74.5
2022-03-13,2821.83,112678,112678,74.6
2022-03-14,2821.83,112678,112678,74.6
2022-03-15,2821.83,112678,112678,74.6
2022-03-16,2821.84,112743,112743,74.6
2022-03-17,2821.85,112808,112808,74.7
2022-03-18,2821.83,112678,112678,74.6
2022-03-19,2821.82,112613,112613,74.5
2022-03-20,2821.82,112613,112613,74.5
2022-03-21,2821.84,112743,112743,74.6
2022-03-22,2821.82,112613,112613,74.5
2022-03-23,2821.82,112613,112613,74.5
2022-03-24,2821.81,112548,112548,74.5
2022-03-25,2821.82,112613,112613,74.5
2022-03-26,2821.83,112678,112678,74.6
2022-03-27,2821.82,112613,112613,74.5
2022-03-28,2821.82,112613,112613,74.5
2022-03-29,2821.83,112678,112678,74.6
2022-03-30,2821.82,112613,112613,74.5
2022-03-31,2821.80,112484,112484,74.4
2022-04-01,2821.80,112484,112484,74.4
2022-04-02,2821.77,112289,112289,74.3
2022-04-03,2821.74,112094,112094,74.2
2022-04-04,2821.71,111903,111903,74.1
2022-04-05,2821.67,111661,111661,73.9
2022-04-06,2821.63,111418,111418,73.7
2022-04-07,2821.61,111297,111297,73.7
2022-04-08,2821.60,111237,111237,73.6
2022-04-09,2821.60,111237,111237,73.6
2022-04-10,2821.60,111237,111237,73.6
2022-04-11,2821.59,111176,111176,73.6
2022-04-12,2821.58,111115,111115,73.5
2022-04-13,2821.55,110933,110933,73.4
2022-04-14,2821.53,110812,110812,73.3
2022-04-15,2821.53,110812,110812,73.3
2022-04-16,2821.52,110751,110751,73.3
2022-04-17,2821.51,110691,110691,73.3
2022-04-18,2821.51,110691,110691,73.3
2022-04-19,2821.50,110630,110630,73.2
2022-04-20,2821.51,110691,110691,73.3
2022-04-21,2821.49,110570,110570,73.2
2022-04-22,2821.45,110327,110327,73.0
2022-04-23,2821.43,110206,110206,72.9
2022-04-24,2821.37,109842,109842,72.7
2022-04-25,2821.32,109539,109539,72.5
2022-04-26,2821.26,109175,109175,72.2
2022-04-27,2821.23,108993,108993,72.1
2022-04-28,2821.24,109054,109054,72.2
2022-04-29,2821.24,109054,109054,72.2
2022-04-30,2821.23,108993,108993,72.1
2022-05-01,2821.22,108933,108933,72.1
2022-05-02,2821.22,108933,108933,72.1
2022-05-03,2821.20,108811,108811,72.0
2022-05-04,2821.20,108811,108811,72.0
2022-05-05,2821.19,108751,108751,72.0
2022-05-06,2821.18,108690,108690,71.9
2022-05-07,2821.18,108690,108690,71.9
2022-05-08,2821.15,108508,108508,71.8
2022-05-09,2821.12,108326,108326,71.7
2022-05-10,2821.09,108144,108144,71.6
2022-05-11,2821.08,108084,108084,71.5
2022-05-12,2821.08,108084,108084,71.5
2022-05-13,2821.03,107781,107781,71.3
2022-05-14,2820.98,107477,107477,71.1
2022-05-15,2820.93,107174,107174,70.9
2022-05-16,2820.87,106810,106810,70.7
2022-05-17,2820.81,106447,106447,70.4
2022-05-18,2820.77,106204,106204,70.3
2022-05-19,2820.74,106022,106022,70.2
2022-05-20,2820.71,105840,105840,70.0
2022-05-21,2820.68,105658,105658,69.9
2022-05-22,2820.63,105355,105355,69.7
2022-05-23,2820.61,105234,105234,69.6
2022-05-24,2820.61,105234,105234,69.6
2022-05-25,2820.58,105052,105052,69.5
2022-05-26,2820.57,104992,104992,69.5
2022-05-27,2820.56,104931,104931,69.4
2022-05-28,2820.55,104870,104870,69.4
2022-05-29,2820.54,104810,104810,69.4
2022-05-30,2820.51,104628,104628,69.2
2022-05-31,2820.49,104506,104506,69.2
2022-06-01,2820.49,104506,104506,69.2
2022-06-02,2820.49,104506,104506,69.2
2022-06-03,2820.45,104264,104264,69.0
2022-06-04,2820.41,104021,104021,68.8
2022-06-05,2820.36,103718,103718,68.6
2022-06-06,2820.31,103415,103415,68.4
2022-06-07,2820.27,103173,103173,68.3
2022-06-08,2820.22,102869,102869,68.1
2022-06-09,2820.17,102566,102566,67.9
2022-06-10,2820.16,102506,102506,67.8
2022-06-11,2820.15,102445,102445,67.8
2022-06-12,2820.12,102263,102263,67.7
2022-06-13,2820.10,102142,102142,67.6
2022-06-14,2820.06,101899,101899,67.4
2022-06-15,2820.04,101778,101778,67.4
2022-06-16,2820.01,101596,101596,67.2
2022-06-17,2819.98,101414,101414,67.1
2022-06-18,2819.95,101232,101232,67.0
2022-06-19,2819.93,101111,101111,66.9
2022-06-20,2819.91,100990,100990,66.8
2022-06-21,2819.93,101111,101111,66.9
2022-06-22,2819.91,100990,100990,66.8
2022-06-23,2819.89,100869,100869,66.8
2022-06-24,2819.87,100747,100747,66.7
2022-06-25,2819.85,100626,100626,66.6
2022-06-26,2819.84,100565,100565,66.6
2022-06-27,2819.81,100384,100384,66.4
2022-06-28,2819.81,100384,100384,66.4
2022-06-29,2819.82,100444,100444,66.5
2022-06-30,2819.82,100444,100444,66.5
2022-07-01,2819.80,100323,100323,66.4
2022-07-02,2819.75,100020,100020,66.2
2022-07-03,2819.68,99613,99613,65.9
2022-07-04,2819.62,99276,99276,65.7
2022-07-05,2819.57,98995,98995,65.5
2022-07-06,2819.52,98714,98714,65.3
2022-07-07,2819.47,98433,98433,65.1
2022-07-08,2819.48,98489,98489,65.2
2022-07-09,2819.46,98376,98376,65.1
2022-07-10,2819.46,98376,98376,65.1
2022-07-11,2819.45,98320,98320,65.1
2022-07-12,2819.44,98264,98264,65.0
2022-07-13,2819.42,98152,98152,65.0
2022-07-14,2819.40,98039,98039,64.9
2022-07-15,2819.34,97702,97702,64.7
2022-07-16,2819.28,97365,97365,64.4
2022-07-17,2819.23,97083,97083,64.2
2022-07-18,2819.17,96746,96746,64.0
2022-07-19,2819.10,96353,96353,63.8
2022-07-20,2819.07,96184,96184,63.7
2022-07-21,2819.05,96072,96072,63.6
2022-07-22,2819.03,95959,95959,63.5
2022-07-23,2819.01,95847,95847,63.4
2022-07-24,2818.98,95678,95678,63.3
2022-07-25,2818.99,95734,95734,63.4
2022-07-26,2819.02,95903,95903,63.5
2022-07-27,2819.01,95847,95847,63.4
2022-07-28,2818.99,95734,95734,63.4
2022-07-29,2818.97,95622,95622,63.3
2022-07-30,2818.95,95510,95510,63.2
2022-07-31,2818.93,95397,95397,63.1
2022-08-01,2818.89,95172,95172,63.0
2022-08-02,2818.87,95060,95060,62.9
2022-08-03,2818.84,94891,94891,62.8
2022-08-04,2818.76,94442,94442,62.5
2022-08-05,2818.68,93992,93992,62.2
2022-08-06,2818.58,93430,93430,61.8
2022-08-07,2818.49,92924,92924,61.5
2022-08-08,2818.40,92418,92418,61.2
2022-08-09,2818.32,91968,91968,60.9
2022-08-10,2818.24,91518,91518,60.6
2022-08-11,2818.21,91350,91350,60.5
2022-08-12,2818.24,91518,91518,60.6
2022-08-13,2818.23,91462,91462,60.5
2022-08-14,2818.23,91462,91462,60.5
2022-08-15,2818.21,91350,91350,60.5
2022-08-16,2818.20,91294,91294,60.4
2022-08-17,2818.23,91462,91462,60.5
2022-08-18,2818.23,91462,91462,60.5
2022-08-19,2818.25,91575,91575,60.6
2022-08-20,2818.29,91800,91800,60.8
2022-08-21,2818.30,91856,91856,60.8
2022-08-22,2818.35,92137,92137,61.0
2022-08-23,2818.41,92474,92474,61.2
2022-08-24,2818.43,92587,92587,61.3
2022-08-25,2818.44,92643,92643,61.3
2022-08-26,2818.44,92643,92643,61.3
2022-08-27,2818.44,92643,92643,61.3
2022-08-28,2818.44,92643,92643,61.3
2022-08-29,2818.50,92980,92980,61.5
2022-08-30,2819.00,95791,95791,63.4
2022-08-31,2819.04,96015,96015,63.5
2022-09-01,2819.10,96353,96353,63.8
2022-09-02,2819.14,96578,96578,63.9
2022-09-03,2819.20,96915,96915,64.1
2022-09-04,2819.30,97477,97477,64.5
2022-09-05,2819.32,97589,97589,64.6
2022-09-06,2819.33,97646,97646,64.6
2022-09-07,2819.33,97646,97646,64.6
2022-09-08,2819.32,97589,97589,64.6
2022-09-09,2819.31,97533,97533,64.5
2022-09-10,2819.31,97533,97533,64.5
2022-09-11,2819.29,97421,97421,64.5
2022-09-12,2819.29,97421,97421,64.5
2022-09-13,2819.28,88877,88877,61.2
2022-09-14,2820.01,92980,92980,64.1
2022-09-15,2820.00,92924,92924,64.0
2022-09-16,2819.99,92868,92868,64.0
2022-09-17,2819.94,92587,92587,63.8
2022-09-18,2819.88,92249,92249,63.5
2022-09-19,2819.83,91968,91968,63.4
2022-09-20,2819.78,91687,91687,63.2
2022-09-21,2819.73,91406,91406,63.0
2022-09-22,2819.69,91181,91181,62.8
2022-09-23,2819.68,91125,91125,62.8
2022-09-24,2819.68,91125,91125,62.8
2022-09-25,2819.67,91069,91069,62.7
2022-09-26,2819.66,91013,91013,62.7
2022-09-27,2819.65,90956,90956,62.7
2022-09-28,2819.64,90900,90900,62.6
2022-09-29,2819.62,90788,90788,62.5
2022-09-30,2819.61,90732,90732,62.5
2022-10-01,2819.60,90675,90675,62.5
2022-10-02,2819.58,90563,90563,62.4
2022-10-03,2819.57,90507,90507,62.3
2022-10-04,2819.55,90394,90394,62.3
2022-10-05,2819.47,89945,89945,62.0
2022-10-06,2819.38,89439,89439,61.6
2022-10-07,2819.28,88877,88877,61.2
2022-10-08,2819.17,88283,88283,60.8
2022-10-09,2819.07,87761,87761,60.5
2022-10-10,2818.98,87292,87292,60.1
2022-10-11,2818.89,86823,86823,59.8
2022-10-12,2818.80,86353,86353,59.5
2022-10-13,2818.71,85884,85884,59.2
2022-10-14,2818.62,85415,85415,58.8
2022-10-15,2818.54,84998,84998,58.6
2022-10-16,2818.48,84685,84685,58.3
2022-10-17,2818.43,84424,84424,58.2
2022-10-18,2818.43,84424,84424,58.2
2022-10-19,2818.44,84476,84476,58.2
2022-10-20,2818.45,84529,84529,58.2
2022-10-21,2818.47,84633,84633,58.3
2022-10-22,2818.48,84685,84685,58.3
2022-10-23,2818.48,84685,84685,58.3
2022-10-24,2818.49,84737,84737,58.4
2022-10-25,2818.47,84633,84633,58.3
2022-10-26,2818.48,84685,84685,58.3
2022-10-27,2818.47,84633,84633,58.3
2022-10-28,2818.43,84424,84424,58.2
2022-10-29,2818.40,84268,84268,58.0
2022-10-30,2818.38,84164,84164,58.0
2022-10-31,2818.35,84007,84007,57.9
2022-11-01,2818.36,84059,84059,57.9
2022-11-02,2818.37,84111,84111,57.9
2022-11-03,2818.39,84216,84216,58.0
2022-11-04,2818.41,84320,84320,58.1
2022-11-05,2818.41,84320,84320,58.1
2022-11-06,2818.42,84372,84372,58.1
2022-11-07,2818.44,84476,84476,58.2
2022-11-08,2818.44,84476,84476,58.2
2022-11-09,2818.46,84581,84581,58.3
2022-11-10,2818.48,84685,84685,58.3
2022-11-11,2818.44,84476,84476,58.2
2022-11-12,2818.39,84216,84216,58.0
2022-11-13,2818.35,84007,84007,57.9
2022-11-14,2818.31,83799,83799,57.7
2022-11-15,2818.27,83590,83590,57.6
2022-11-16,2818.24,83434,83434,57.5
2022-11-17,2818.25,83486,83486,57.5
2022-11-18,2818.25,83486,83486,57.5
2022-11-19,2818.26,83538,83538,57.5
2022-11-20,2818.27,83590,83590,57.6
2022-11-21,2818.28,83642,83642,57.6
2022-11-22,2818.30,83746,83746,57.7
2022-11-23,2818.32,83851,83851,57.8
2022-11-24,2818.33,83903,83903,57.8
2022-11-25,2818.41,84320,84320,58.1
2022-11-26,2818.52,84894,84894,58.5
2022-11-27,2818.55,85050,85050,58.6
2022-11-28,2818.57,85154,85154,58.7
2022-11-29,2818.60,85311,85311,58.8
2022-11-30,2818.61,85363,85363,58.8
2022-12-01,2818.62,85415,85415,58.8
2022-12-02,2818.65,85571,85571,58.9
2022-12-03,2818.67,85676,85676,59.0
2022-12-04,2818.68,85728,85728,59.1
2022-12-05,2818.71,85884,85884,59.2
2022-12-06,2818.73,85988,85988,59.2
2022-12-07,2818.74,86041,86041,59.3
2022-12-08,2818.77,86197,86197,59.4
2022-12-09,2818.80,86353,86353,59.5
2022-12-10,2818.82,86458,86458,59.6
2022-12-11,2818.83,86510,86510,59.6
2022-12-12,2818.85,86614,86614,59.7
2022-12-13,2818.86,86666,86666,59.7
2022-12-14,2818.86,86666,86666,59.7
2022-12-15,2818.86,86666,86666,59.7
2022-12-16,2818.86,86666,86666,59.7
2022-12-17,2818.86,86666,86666,59.7
2022-12-18,2818.87,86718,86718,59.7
2022-12-19,2818.89,86823,86823,59.8
2022-12-20,2818.89,86823,86823,59.8
2022-12-21,2818.90,86875,86875,59.8
2022-12-22,2818.91,86927,86927,59.9
2022-12-23,2818.90,86875,86875,59.8
2022-12-24,2818.91,86927,86927,59.9
2022-12-25,2818.92,86979,86979,59.9
2022-12-26,2818.94,87083,87083,60.0
2022-12-27,2818.95,87136,87136,60.0
2022-12-28,2818.95,87136,87136,60.0
2022-12-29,2818.97,87240,87240,60.1
2022-12-30,2818.99,87344,87344,60.2
2022-12-31,2819.01,87448,87448,60.2
2023-01-01,2819.02,87501,87501,60.3
2023-01-02,2819.02,87501,87501,60.3
2023-01-03,2819.04,87605,87605,60.3
2023-01-04,2819.05,87657,87657,60.4
2023-01-05,2819.05,87657,87657,60.4
2023-01-06,2819.07,87761,87761,60.5
2023-01-07,2819.08,87813,87813,60.5
2023-01-08,2819.10,87918,87918,60.6
2023-01-09,2819.11,87970,87970,60.6
2023-01-10,2819.13,88074,88074,60.7
2023-01-11,2819.13,88074,88074,60.7
2023-01-12,2819.14,88126,88126,60.7
2023-01-13,2819.14,88126,88126,60.7
2023-01-14,2819.15,88178,88178,60.7
2023-01-15,2819.17,88283,88283,60.8
2023-01-16,2819.17,88283,88283,60.8
2023-01-17,2819.18,88335,88335,60.9
2023-01-18,2819.19,88387,88387,60.9
2023-01-19,2819.19,88387,88387,60.9
2023-01-20,2819.21,88491,88491,61.0
2023-01-21,2819.22,88543,88543,61.0
2023-01-22,2819.22,88543,88543,61.0
2023-01-23,2819.23,88595,88595,61.0
2023-01-24,2819.29,88933,88933,61.3
2023-01-25,2819.31,89045,89045,61.3
2023-01-26,2819.33,89158,89158,61.4
2023-01-27,2819.34,89214,89214,61.5
2023-01-28,2819.36,89326,89326,61.5
2023-01-29,2819.37,89382,89382,61.6
2023-01-30,2819.37,89382,89382,61.6
2023-01-31,2819.37,89382,89382,61.6
2023-02-01,2819.38,89439,89439,61.6
2023-02-02,2819.40,89551,89551,61.7
2023-02-03,2819.41,89607,89607,61.7
2023-02-04,2819.42,89663,89663,61.8
2023-02-05,2819.44,89776,89776,61.8
2023-02-06,2819.46,89888,89888,61.9
2023-02-07,2819.46,89888,89888,61.9
2023-02-08,2819.47,89945,89945,62.0
2023-02-09,2819.46,89888,89888,61.9
2023-02-10,2819.44,89776,89776,61.8
2023-02-11,2819.44,89776,89776,61.8
2023-02-12,2819.46,89888,89888,61.9
2023-02-13,2819.47,89945,89945,62.0
2023-02-14,2819.48,90001,90001,62.0
2023-02-15,2819.48,90001,90001,62.0
2023-02-16,2819.48,90001,90001,62.0
2023-02-17,2819.48,90001,90001,62.0
2023-02-18,2819.49,90057,90057,62.0
2023-02-19,2819.50,90113,90113,62.1
2023-02-20,2819.53,90282,90282,62.2
2023-02-21,2819.54,90338,90338,62.2
2023-02-22,2819.52,90226,90226,62.2
2023-02-23,2819.46,89888,89888,61.9
2023-02-24,2819.43,89720,89720,61.8
2023-02-25,2819.39,89495,89495,61.7
2023-02-26,2819.35,89270,89270,61.5
2023-02-27,2819.32,89101,89101,61.4
2023-02-28,2819.31,89045,89045,61.3
2023-03-01,2819.29,88933,88933,61.3
2023-03-02,2819.21,88491,88491,61.0
2023-03-03,2819.10,87918,87918,60.6
2023-03-04,2818.99,87344,87344,60.2
2023-03-05,2818.89,86823,86823,59.8
2023-03-06,2818.79,86301,86301,59.5
2023-03-07,2818.69,85780,85780,59.1
2023-03-08,2818.59,85259,85259,58.7
2023-03-09,2818.49,84737,84737,58.4
2023-03-10,2818.39,84216,84216,58.0
2023-03-11,2818.31,83799,83799,57.7
2023-03-12,2818.20,83225,83225,57.3
2023-03-13,2818.10,82704,82704,57.0
2023-03-14,2818.01,82234,82234,56.6
2023-03-15,2817.99,82130,82130,56.6
2023-03-16,2818.00,82182,82182,56.6
2023-03-17,2817.99,82130,82130,56.6
2023-03-18,2817.98,82078,82078,56.5
2023-03-19,2817.98,82078,82078,56.5
2023-03-20,2817.98,82078,82078,56.5
2023-03-21,2817.99,82130,82130,56.6
2023-03-22,2817.99,82130,82130,56.6
2023-03-23,2818.00,82182,82182,56.6
2023-03-24,2818.00,82182,82182,56.6
2023-03-25,2817.95,81922,81922,56.4
2023-03-26,2817.91,81713,81713,56.3
2023-03-27,2817.86,81452,81452,56.1
2023-03-28,2817.82,81244,81244,56.0
2023-03-29,2817.81,81192,81192,55.9
2023-03-30,2817.81,81192,81192,55.9
2023-03-31,2817.80,81139,81139,55.9
2023-04-01,2817.80,81139,81139,55.9
2023-04-02,2817.79,81087,81087,55.9
2023-04-03,2817.78,81035,81035,55.8
2023-04-04,2817.77,80983,80983,55.8
2023-04-05,2817.73,80774,80774,55.6
2023-04-06,2817.73,80774,80774,55.6
2023-04-07,2817.72,80722,80722,55.6
2023-04-08,2817.72,80722,80722,55.6
2023-04-09,2817.72,80722,80722,55.6
2023-04-10,2817.72,80722,80722,55.6
2023-04-11,2817.72,80722,80722,55.6
2023-04-12,2817.72,80722,80722,55.6
2023-04-13,2817.72,80722,80722,55.6
2023-04-14,2817.73,80774,80774,55.6
2023-04-15,2817.71,80670,80670,55.6
2023-04-16,2817.71,80670,80670,55.6
2023-04-17,2817.69,80566,80566,55.5
2023-04-18,2817.68,80514,80514,55.5
2023-04-19,2817.67,80462,80462,55.4
2023-04-20,2817.65,80357,80357,55.4
2023-04-21,2817.63,80253,80253,55.3
2023-04-22,2817.61,80149,80149,55.2
2023-04-23,2817.58,79992,79992,55.1
2023-04-24,2817.57,79940,79940,55.1
2023-04-25,2817.58,79992,79992,55.1
2023-04-26,2817.58,79992,79992,55.1
2023-04-27,2817.56,79888,79888,55.0
2023-04-28,2817.54,79784,79784,55.0
2023-04-29,2817.50,79575,79575,54.8
2023-04-30,2817.47,79419,79419,54.7
2023-05-01,2817.43,79210,79210,54.6
2023-05-02,2817.40,79054,79054,54.5
2023-05-03,2817.37,78897,78897,54.3
2023-05-04,2817.37,78897,78897,54.3
2023-05-05,2817.36,78845,78845,54.3
2023-05-06,2817.36,78845,78845,54.3
2023-05-07,2817.35,78793,78793,54.3
2023-05-08,2817.34,78741,78741,54.2
2023-05-09,2817.34,78741,78741,54.2
2023-05-10,2817.32,78637,78637,54.2
2023-05-11,2817.32,78637,78637,54.2
2023-05-12,2817.29,78480,78480,54.1
2023-05-13,2817.29,78480,78480,54.1
2023-05-14,2817.28,78428,78428,54.0
2023-05-15,2817.28,78428,78428,54.0
2023-05-16,2817.28,78428,78428,54.0
2023-05-17,2817.29,78480,78480,54.1
2023-05-18,2817.28,78428,78428,54.0
2023-05-19,2817.25,78272,78272,53.9
2023-05-20,2817.21,78071,78071,53.8
2023-05-21,2817.18,77926,77926,53.7
2023-05-22,2817.16,77829,77829,53.6
2023-05-23,2817.12,77636,77636,53.5
2023-05-24,2817.09,77491,77491,53.4
2023-05-25,2817.08,77443,77443,53.3
2023-05-26,2817.07,77395,77395,53.3
2023-05-27,2817.07,77395,77395,53.3
2023-05-28,2817.08,77443,77443,53.3
2023-05-29,2817.08,77443,77443,53.3
2023-05-30,2817.08,77443,77443,53.3
2023-05-31,2817.07,77395,77395,53.3
2023-06-01,2817.08,77443,77443,53.3
2023-06-02,2817.08,77443,77443,53.3
2023-06-03,2817.07,77395,77395,53.3
2023-06-04,2817.07,77395,77395,53.3
2023-06-05,2817.06,77347,77347,53.3
2023-06-06,2817.04,77250,77250,53.2
2023-06-07,2817.03,77202,77202,53.2
2023-06-08,2817.08,77443,77443,53.3
2023-06-09,2817.09,77491,77491,53.4
2023-06-10,2817.07,77395,77395,53.3
2023-06-11,2817.05,77298,77298,53.2
2023-06-12,2817.03,77202,77202,53.2
2023-06-13,2817.01,77105,77105,53.1
2023-06-14,2816.98,76960,76960,53.0
2023-06-15,2816.94,76767,76767,52.9
2023-06-16,2816.87,76429,76429,52.6
2023-06-17,2816.80,76091,76091,52.4
2023-06-18,2816.73,75753,75753,52.2
2023-06-19,2816.66,75415,75415,52.0
2023-06-20,2816.60,75125,75125,51.8
2023-06-21,2816.54,74836,74836,51.6
2023-06-22,2816.48,74546,74546,51.4
2023-06-23,2816.46,74449,74449,51.3
2023-06-24,2816.44,74353,74353,51.2
2023-06-25,2816.42,74256,74256,51.2
2023-06-26,2816.40,74160,74160,51.1
2023-06-27,2816.36,73967,73967,51.0
2023-06-28,2816.32,73773,73773,50.8
2023-06-29,2816.27,73532,73532,50.7
2023-06-30,2816.24,73387,73387,50.6
2023-07-01,2816.21,73242,73242,50.5
2023-07-02,2816.19,73146,73146,50.4
2023-07-03,2816.19,73146,73146,50.4
2023-07-04,2816.20,73194,73194,50.4
2023-07-05,2816.17,73049,73049,50.3
2023-07-06,2816.10,72711,72711,50.1
2023-07-07,2816.03,72373,72373,49.9
2023-07-08,2815.96,72035,72035,49.6
2023-07-09,2815.91,71794,71794,49.5
2023-07-10,2815.84,71456,71456,49.2
2023-07-11,2815.78,71166,71166,49.0
2023-07-12,2815.73,70925,70925,48.9
2023-07-13,2815.67,70635,70635,48.7
2023-07-14,2815.64,70490,70490,48.6
2023-07-15,2815.62,70393,70393,48.5
2023-07-16,2815.58,70200,70200,48.4
2023-07-17,2815.56,70104,70104,48.3
2023-07-18,2815.53,69959,69959,48.2
2023-07-19,2815.51,69862,69862,48.1
2023-07-20,2815.49,69766,69766,48.1
2023-07-21,2815.45,69573,69573,47.9
2023-07-22,2815.38,69235,69235,47.7
2023-07-23,2815.33,68993,68993,47.5
2023-07-24,2815.27,68703,68703,47.3
2023-07-25,2815.21,68422,68422,47.1
2023-07-26,2815.15,68157,68157,47.0
2023-07-27,2815.08,67847,67847,46.7
2023-07-28,2815.01,67538,67538,46.5
2023-07-29,2814.98,67405,67405,46.4
2023-07-30,2814.96,67317,67317,46.4
2023-07-31,2814.95,67272,67272,46.3
2023-08-01,2814.92,67140,67140,46.3
2023-08-02,2814.91,67095,67095,46.2
2023-08-03,2814.90,67051,67051,46.2
2023-08-04,2814.89,67007,67007,46.2
2023-08-05,2814.87,66919,66919,46.1
2023-08-06,2814.85,66830,66830,46.0
2023-08-07,2814.84,66786,66786,46.0
2023-08-08,2814.87,66919,66919,46.1
2023-08-09,2814.82,66698,66698,45.9
2023-08-10,2814.77,66476,66476,45.8
2023-08-11,2814.70,66167,66167,45.6
2023-08-12,2814.64,65902,65902,45.4
2023-08-13,2814.59,65681,65681,45.2
2023-08-14,2814.51,65327,65327,45.0
2023-08-15,2814.50,65283,65283,45.0
2023-08-16,2814.52,65371,65371,45.0
2023-08-17,2814.52,65371,65371,45.0
2023-08-18,2814.50,65283,65283,45.0
2023-08-19,2814.48,65194,65194,44.9
2023-08-20,2814.46,65106,65106,44.8
2023-08-21,2814.44,65017,65017,44.8
2023-08-22,2814.43,64973,64973,44.8
2023-08-23,2814.47,65150,65150,44.9
2023-08-24,2814.53,65415,65415,45.1
2023-08-25,2814.53,65415,65415,45.1
2023-08-26,2814.53,65415,65415,45.1
2023-08-27,2814.53,65415,65415,45.1
2023-08-28,2814.53,65415,65415,45.1
2023-08-29,2814.52,65371,65371,45.0
2023-08-30,2814.52,65371,65371,45.0
2023-08-31,2814.52,65371,65371,45.0
2023-09-01,2814.51,65327,65327,45.0
2023-09-02,2814.50,65283,65283,45.0
2023-09-03,2814.51,65327,65327,45.0
2023-09-04,2814.51,65327,65327,45.0
2023-09-05,2814.51,65327,65327,45.0
2023-09-06,2814.50,65283,65283,45.0
2023-09-07,2814.44,65017,65017,44.8
2023-09-08,2814.39,64796,64796,44.6
2023-09-09,2814.32,64487,64487,44.4
2023-09-10,2814.25,64177,64177,44.2
2023-09-11,2814.18,63868,63868,44.0
2023-09-12,2814.09,63470,63470,43.7
2023-09-13,2814.04,63249,63249,43.6
2023-09-14,2814.00,63072,63072,43.4
2023-09-15,2814.01,63116,63116,43.5
2023-09-16,2814.01,63116,63116,43.5
2023-09-17,2814.02,63160,63160,43.5
2023-09-18,2814.02,63160,63160,43.5
2023-09-19,2814.02,63160,63160,43.5
2023-09-20,2814.01,63116,63116,43.5
2023-09-21,2814.01,63116,63116,43.5
2023-09-22,2814.02,63160,63160,43.5
2023-09-23,2814.02,63160,63160,43.5
2023-09-24,2814.01,63116,63116,43.5
2023-09-25,2814.01,63116,63116,43.5
2023-09-26,2814.01,63116,63116,43.5
2023-09-27,2814.01,63116,63116,43.5
2023-09-28,2814.00,63072,63072,43.4
2023-09-29,2813.95,62851,62851,43.3
2023-09-30,2813.88,62541,62541,43.1
2023-10-01,2813.83,62320,62320,42.9
2023-10-02,2813.78,62099,62099,42.8
2023-10-03,2813.73,61878,61878,42.6
2023-10-04,2813.70,61746,61746,42.5
2023-10-05,2813.77,62055,62055,42.7
2023-10-06,2813.84,62365,62365,43.0
2023-10-07,2813.85,62409,62409,43.0
2023-10-08,2813.87,62497,62497,43.1
2023-10-09,2813.85,62409,62409,43.0
2023-10-10,2813.74,61922,61922,42.7
2023-10-11,2813.61,61348,61348,42.3
2023-10-12,2813.45,60640,60640,41.8
2023-10-13,2813.31,60021,60021,41.3
2023-10-14,2813.17,59425,59425,40.9
2023-10-15,2813.03,58859,58859,40.5
2023-10-16,2812.89,58293,58293,40.2
2023-10-17,2812.76,57767,57767,39.8
2023-10-18,2812.64,57282,57282,39.5
2023-10-19,2812.50,56715,56715,39.1
2023-10-20,2812.37,56190,56190,38.7
2023-10-21,2812.26,55745,55745,38.4
2023-10-22,2812.13,55219,55219,38.0
2023-10-23,2812.00,54693,54693,37.7
2023-10-24,2811.88,54208,54208,37.3
2023-10-25,2811.81,53925,53925,37.1
2023-10-26,2811.79,53844,53844,37.1
2023-11-02,2811.36,52105,52105,35.9
2023-11-03,2811.34,52024,52024,35.8
2023-11-04,2811.31,51903,51903,35.8
2023-11-05,2811.28,51782,51782,35.7
2023-11-06,2811.25,51660,51660,35.6
2023-11-07,2811.23,51580,51580,35.5
2023-11-08,2811.25,51660,51660,35.6
2023-11-09,2811.26,51701,51701,35.6
2023-11-10,2811.30,51863,51863,35.7
2023-11-11,2811.31,51903,51903,35.8
2023-11-12,2811.33,51984,51984,35.8
2023-11-13,2811.37,52146,52146,35.9
2023-11-14,2811.41,52307,52307,36.0
2023-11-15,2811.44,52429,52429,36.1
2023-11-16,2811.47,52550,52550,36.2
2023-11-17,2811.51,52712,52712,36.3
2023-11-18,2811.52,52752,52752,36.3
2023-11-19,2811.55,52874,52874,36.4
2023-11-20,2811.57,52954,52954,36.5
2023-11-21,2811.56,52914,52914,36.5
2023-11-22,2811.56,52914,52914,36.5
2023-11-23,2811.57,52954,52954,36.5
2023-11-24,2811.60,53076,53076,36.6
2023-11-25,2811.61,53116,53116,36.6
2023-11-26,2811.62,53157,53157,36.6
2023-11-27,2811.63,53197,53197,36.6
2023-11-28,2811.65,53278,53278,36.7
2023-11-29,2811.68,53399,53399,36.8
2023-11-30,2811.71,53521,53521,36.9
2023-12-01,2811.72,53561,53561,36.9
2023-12-02,2811.74,53642,53642,37.0
2023-12-03,2811.75,53682,53682,37.0
2023-12-04,2811.76,53723,53723,37.0
2023-12-05,2811.79,53844,53844,37.1
2023-12-06,2811.78,53804,53804,37.1
2023-12-07,2811.76,53723,53723,37.0
2023-12-08,2811.73,53602,53602,36.9
2023-12-09,2811.68,53399,53399,36.8
2023-12-10,2811.60,53076,53076,36.6
2023-12-11,2811.58,52995,52995,36.5
2023-12-12,2811.60,53076,53076,36.6
2023-12-13,2811.62,53157,53157,36.6
2023-12-14,2811.65,53278,53278,36.7
2023-12-15,2811.67,53359,53359,36.8
2023-12-16,2811.68,53399,53399,36.8
2023-12-17,2811.71,53521,53521,36.9
2023-12-18,2811.73,53602,53602,36.9
2023-12-19,2811.75,53682,53682,37.0
2023-12-20,2811.77,53763,53763,37.0
2023-12-21,2811.80,53885,53885,37.1
2023-12-22,2811.82,53965,53965,37.2
2023-12-23,2811.84,54046,54046,37.2
2023-12-24,2811.86,54127,54127,37.3
2023-12-25,2811.87,54168,54168,37.3
2023-12-26,2811.88,54208,54208,37.3
2023-12-27,2811.90,54289,54289,37.4
2023-12-28,2811.92,54370,54370,37.5
2023-12-29,2811.94,54451,54451,37.5
2023-12-30,2811.96,54532,54532,37.6
2023-12-31,2811.99,54653,54653,37.6
2024-01-01,2811.99,54653,54653,37.6
2024-01-02,2812.01,54734,54734,37.7
2024-01-03,2812.03,54815,54815,37.8
2024-01-04,2812.05,54896,54896,37.8
2024-01-05,2812.08,55017,55017,37.9
2024-01-06,2812.09,55057,55057,37.9
2024-01-07,2812.08,55017,55017,37.9
2024-01-08,2812.14,55260,55260,38.1
2024-01-09,2812.11,55138,55138,38.0
2024-01-10,2812.14,55260,55260,38.1
2024-01-11,2812.17,55381,55381,38.2
2024-01-12,2812.16,55340,55340,38.1
2024-01-13,2812.16,55340,55340,38.1
2024-01-14,2812.14,55260,55260,38.1
2024-01-15,2812.15,55300,55300,38.1
2024-01-16,2812.15,55300,55300,38.1
2024-01-17,2812.19,55462,55462,38.2
2024-01-18,2812.23,55624,55624,38.3
2024-01-19,2812.22,55583,55583,38.3
2024-01-20,2812.22,55583,55583,38.3
2024-01-21,2812.24,55664,55664,38.3
2024-01-22,2812.27,55785,55785,38.4
2024-01-23,2812.29,55866,55866,38.5
2024-01-24,2812.32,55987,55987,38.6
2024-01-25,2812.34,56068,56068,38.6
2024-01-26,2812.37,56190,56190,38.7
2024-01-27,2812.38,56230,56230,38.7
2024-01-28,2812.38,56230,56230,38.7
2024-01-29,2812.41,56351,56351,38.8
2024-01-30,2812.43,56432,56432,38.9
2024-01-31,2812.44,56473,56473,38.9
2024-02-01,2812.46,56554,56554,39.0
2024-02-02,2812.48,56635,56635,39.0
2024-02-03,2812.52,56796,56796,39.1
2024-02-04,2812.51,56756,56756,39.1
2024-02-05,2812.50,56715,56715,39.1
2024-02-06,2812.51,56756,56756,39.1
2024-02-07,2812.54,56877,56877,39.2
2024-02-08,2812.54,56877,56877,39.2
2024-02-09,2812.56,56958,56958,39.2
2024-02-10,2812.58,57039,57039,39.3
2024-02-11,2812.60,57120,57120,39.3
2024-02-12,2812.60,57120,57120,39.3
2024-02-13,2812.61,57160,57160,39.4
2024-02-14,2812.62,57201,57201,39.4
2024-02-15,2812.59,57079,57079,39.3
2024-02-16,2812.55,56918,56918,39.2
2024-02-17,2812.50,56715,56715,39.1
2024-02-18,2812.45,56513,56513,38.9
2024-02-19,2812.42,56392,56392,38.8
2024-02-20,2812.39,56271,56271,38.8
2024-02-21,2812.40,56311,56311,38.8
2024-02-22,2812.40,56311,56311,38.8
2024-02-23,2812.41,56351,56351,38.8
2024-02-24,2812.42,56392,56392,38.8
2024-02-25,2812.44,56473,56473,38.9
2024-02-26,2812.45,56513,56513,38.9
2024-02-27,2812.47,56594,56594,39.0
2024-02-28,2812.44,56473,56473,38.9
2024-02-29,2812.44,56473,56473,38.9
2024-03-01,2812.47,56594,56594,39.0
2024-03-02,2812.48,56635,56635,39.0
2024-03-03,2812.49,56675,56675,39.0
2024-03-04,2812.48,56635,56635,39.0
2024-03-05,2812.48,56635,56635,39.0
2024-03-06,2812.48,56635,56635,39.0
2024-03-07,2812.49,56675,56675,39.0
2024-03-08,2812.49,56675,56675,39.0
2024-03-09,2812.47,56594,56594,39.0
2024-03-10,2812.47,56594,56594,39.0
2024-03-11,2812.48,56635,56635,39.0
2024-03-12,2812.49,56675,56675,39.0
2024-03-13,2812.48,56635,56635,39.0
2024-03-14,2812.48,56635,56635,39.0
2024-03-15,2812.48,56635,56635,39.0
2024-03-16,2812.48,56635,56635,39.0
2024-03-17,2812.48,56635,56635,39.0
2024-03-18,2812.47,56594,56594,39.0
2024-03-19,2812.47,56594,56594,39.0
2024-03-20,2812.47,56594,56594,39.0
2024-03-21,2812.47,56594,56594,39.0
2024-03-22,2812.47,56594,56594,39.0
2024-03-23,2812.45,56513,56513,38.9
2024-03-24,2812.46,56554,56554,39.0
2024-03-25,2812.44,56473,56473,38.9
2024-03-26,2812.41,56351,56351,38.8
2024-03-27,2812.39,56271,56271,38.8
2024-03-28,2812.38,56230,56230,38.7
2024-03-29,2812.38,56230,56230,38.7
2024-03-30,2812.38,56230,56230,38.7
2024-03-31,2812.38,56230,56230,38.7
2024-04-01,2812.40,56311,56311,38.8
2024-04-02,2812.38,56230,56230,38.7
2024-04-03,2812.37,56190,56190,38.7
2024-04-04,2812.37,56190,56190,38.7
2024-04-05,2812.38,56230,56230,38.7
2024-04-06,2812.39,56271,56271,38.8
2024-04-07,2812.35,56109,56109,38.7
2024-04-08,2812.35,56109,56109,38.7
2024-04-09,2812.36,56149,56149,38.7
2024-04-10,2812.34,56068,56068,38.6
2024-04-11,2812.34,56068,56068,38.6
2024-04-12,2812.34,56068,56068,38.6
2024-04-13,2812.35,56109,56109,38.7
2024-04-14,2812.36,56149,56149,38.7
2024-04-15,2812.36,56149,56149,38.7
2024-04-16,2812.35,56109,56109,38.7
2024-04-17,2812.35,56109,56109,38.7
2024-04-18,2812.36,56149,56149,38.7
2024-04-19,2812.35,56109,56109,38.7
2024-04-20,2812.35,56109,56109,38.7
2024-04-21,2812.34,56068,56068,38.6
2024-04-22,2812.35,56109,56109,38.7
2024-04-23,2812.37,56190,56190,38.7
2024-04-24,2812.38,56230,56230,38.7
2024-04-25,2812.38,56230,56230,38.7
2024-04-26,2812.37,56190,56190,38.7
2024-04-27,2812.36,56149,56149,38.7
2024-04-28,2812.34,56068,56068,38.6
2024-04-29,2812.33,56028,56028,38.6
2024-04-30,2812.33,56028,56028,38.6
2024-05-01,2812.32,55987,55987,38.6
2024-05-02,2812.32,55987,55987,38.6
2024-05-03,2812.31,55947,55947,38.5
2024-05-04,2812.31,55947,55947,38.5
2024-05-05,2812.29,55866,55866,38.5
2024-05-06,2812.28,55826,55826,38.5
2024-05-07,2812.26,55745,55745,38.4
2024-05-08,2812.24,55664,55664,38.3
2024-05-09,2812.22,55583,55583,38.3
2024-05-10,2812.20,55502,55502,38.2
2024-05-11,2812.19,55462,55462,38.2
2024-05-12,2812.19,55462,55462,38.2
2024-05-13,2812.18,55421,55421,38.2
2024-05-14,2812.17,55381,55381,38.2
2024-05-15,2812.17,55381,55381,38.2
2024-05-16,2812.16,55340,55340,38.1
2024-05-17,2812.14,55260,55260,38.1
2024-05-18,2812.14,55260,55260,38.1
2024-05-19,2812.13,55219,55219,38.0
2024-05-20,2812.11,55138,55138,38.0
2024-05-21,2812.10,55098,55098,38.0
2024-05-22,2812.08,55017,55017,37.9
2024-05-23,2812.06,54936,54936,37.8
2024-05-24,2812.04,54855,54855,37.8
2024-05-25,2812.03,54815,54815,37.8
2024-05-26,2811.99,54653,54653,37.6
2024-05-27,2811.97,54572,54572,37.6
2024-05-28,2811.96,54532,54532,37.6
2024-05-29,2811.94,54451,54451,37.5
2024-05-30,2811.94,54451,54451,37.5
2024-05-31,2811.92,54370,54370,37.5
2024-06-01,2811.91,54329,54329,37.4
2024-06-02,2811.94,54451,54451,37.5
2024-06-03,2811.93,54410,54410,37.5
2024-06-04,2811.91,54329,54329,37.4
2024-06-05,2811.91,54329,54329,37.4
2024-06-06,2811.90,54289,54289,37.4
2024-06-07,2811.89,54249,54249,37.4
2024-06-08,2811.88,54208,54208,37.3
2024-06-09,2811.87,54168,54168,37.3
2024-06-10,2811.90,54289,54289,37.4
2024-06-11,2811.99,54653,54653,37.6
2024-06-12,2811.99,54653,54653,37.6
2024-06-13,2811.98,54613,54613,37.6
2024-06-14,2811.95,54491,54491,37.5
2024-06-15,2811.93,54410,54410,37.5
2024-06-16,2811.93,54410,54410,37.5
2024-06-17,2811.90,54289,54289,37.4
2024-06-18,2811.90,54289,54289,37.4
2024-06-19,2811.86,54127,54127,37.3
2024-06-20,2811.83,54006,54006,37.2
2024-06-21,2811.83,54006,54006,37.2
2024-06-22,2811.83,54006,54006,37.2
2024-06-23,2811.82,53965,53965,37.2
2024-06-24,2811.82,53965,53965,37.2
2024-06-25,2811.81,53925,53925,37.1
2024-06-26,2811.81,53925,53925,37.1
2024-06-27,2811.79,53844,53844,37.1
2024-06-28,2811.77,53763,53763,37.0
2024-06-29,2811.75,53682,53682,37.0
2024-06-30,2811.71,53521,53521,36.9
2024-07-01,2811.70,53480,53480,36.8
2024-07-02,2811.69,53440,53440,36.8
2024-07-03,2811.68,53399,53399,36.8
2024-07-04,2811.67,53359,53359,36.8
2024-07-05,2811.67,53359,53359,36.8
2024-07-06,2811.70,53480,53480,36.8
2024-07-07,2811.73,53602,53602,36.9
2024-07-08,2811.70,53480,53480,36.8
2024-07-09,2811.69,53440,53440,36.8
2024-07-10,2811.68,53399,53399,36.8
2024-07-11,2811.67,53359,53359,36.8
2024-07-12,2811.66,53318,53318,36.7
2024-07-13,2811.64,53238,53238,36.7
2024-07-14,2811.63,53197,53197,36.6
2024-07-15,2811.62,53157,53157,36.6
2024-07-16,2811.61,53116,53116,36.6
2024-07-17,2811.58,52995,52995,36.5
2024-07-18,2811.56,52914,52914,36.5
2024-07-19,2811.54,52833,52833,36.4
2024-07-20,2811.53,52793,52793,36.4
2024-07-21,2811.55,52874,52874,36.4
2024-07-22,2811.59,53035,53035,36.5
2024-07-23,2811.59,53035,53035,36.5
2024-07-24,2811.59,53035,53035,36.5
2024-07-25,2811.59,53035,53035,36.5
2024-07-26,2811.58,52995,52995,36.5
2024-07-27,2811.56,52914,52914,36.5
2024-07-28,2811.54,52833,52833,36.4
2024-07-29,2811.53,52793,52793,36.4
2024-07-30,2811.52,52752,52752,36.3
2024-07-31,2811.50,52671,52671,36.3
2024-08-01,2811.48,52591,52591,36.2
2024-08-02,2811.46,52510,52510,36.2
2024-08-03,2811.45,52469,52469,36.1
2024-08-04,2811.43,52388,52388,36.1
2024-08-05,2811.41,52307,52307,36.0
2024-08-06,2811.40,52267,52267,36.0
2024-08-07,2811.39,52227,52227,36.0
2024-08-08,2811.38,52186,52186,35.9
2024-08-09,2811.35,52065,52065,35.9
2024-08-10,2811.32,51943,51943,35.8
2024-08-11,2811.31,51903,51903,35.8
2024-08-12,2811.29,51822,51822,35.7
2024-08-13,2811.26,51701,51701,35.6
2024-08-14,2811.25,51660,51660,35.6
2024-08-15,2811.24,51620,51620,35.6
2024-08-16,2811.22,51543,51543,35.5
2024-08-17,2811.21,51506,51506,35.5
2024-08-18,2811.19,51433,51433,35.4
2024-08-19,2811.18,51397,51397,35.4
2024-08-20,2811.16,51323,51323,35.4
2024-08-21,2811.14,51250,51250,35.3
2024-08-22,2811.12,51177,51177,35.3
2024-08-23,2811.10,51104,51104,35.2
2024-08-24,2811.07,50994,50994,35.1
2024-08-25,2811.05,50921,50921,35.1
2024-08-26,2811.03,50848,50848,35.0
2024-08-27,2811.02,50811,50811,35.0
2024-08-28,2811.00,50738,50738,35.0
2024-08-29,2810.99,50702,50702,34.9
2024-08-30,2810.99,50702,50702,34.9
2024-08-31,2810.98,50665,50665,34.9
2024-09-01,2811.05,50921,50921,35.1
2024-09-02,2811.14,51250,51250,35.3
2024-09-03,2811.25,51660,51660,35.6
2024-09-04,2811.30,51863,51863,35.7
2024-09-05,2811.34,52024,52024,35.8
2024-09-06,2811.37,52146,52146,35.9
2024-09-07,2811.40,52267,52267,36.0
2024-09-08,2811.41,52307,52307,36.0
2024-09-09,2811.42,52348,52348,36.1
2024-09-10,2811.42,52348,52348,36.1
2024-09-11,2811.41,52307,52307,36.0
2024-09-12,2811.41,52307,52307,36.0
2024-09-13,2811.41,52307,52307,36.0
2024-09-14,2811.41,52307,52307,36.0
2024-09-15,2811.40,52267,52267,36.0
2024-09-16,2811.40,52267,52267,36.0
2024-09-17,2811.39,52227,52227,36.0
2024-09-18,2811.40,52267,52267,36.0
2024-09-19,2811.39,52227,52227,36.0
2024-09-20,2811.38,52186,52186,35.9
2024-09-21,2811.37,52146,52146,35.9
2024-09-22,2811.39,52227,52227,36.0
2024-09-23,2811.37,52146,52146,35.9
2024-09-24,2811.38,52186,52186,35.9
2024-09-25,2811.40,52267,52267,36.0
2024-09-26,2811.39,52227,52227,36.0
2024-09-27,2811.39,52227,52227,36.0
2024-09-28,2811.39,52227,52227,36.0
2024-09-29,2811.39,52227,52227,36.0
2024-09-30,2811.38,52186,52186,35.9
2024-10-01,2811.38,52186,52186,35.9
2024-10-02,2811.36,52105,52105,35.9
2024-10-03,2811.36,52105,52105,35.9
2024-10-04,2811.36,52105,52105,35.9
2024-10-05,2811.36,52105,52105,35.9
2024-10-06,2811.37,52146,52146,35.9
2024-10-07,2811.37,52146,52146,35.9
2024-10-08,2811.37,52146,52146,35.9
2024-10-09,2811.37,52146,52146,35.9
2024-10-10,2811.37,52146,52146,35.9
2024-10-11,2811.37,52146,52146,35.9
2024-10-12,2811.36,52105,52105,35.9
2024-10-13,2811.37,52146,52146,35.9
2024-10-14,2811.37,52146,52146,35.9
2024-10-15,2811.37,52146,52146,35.9
2024-10-16,2811.35,52065,52065,35.9
2024-10-17,2811.34,52024,52024,35.8
2024-10-18,2811.33,51984,51984,35.8
2024-10-19,2811.31,51903,51903,35.8
2024-10-20,2811.33,51984,51984,35.8
2024-10-21,2811.34,52024,52024,35.8
2024-10-22,2811.36,52105,52105,35.9
2024-10-23,2811.37,52146,52146,35.9
2024-10-24,2811.38,52186,52186,35.9
2024-10-25,2811.39,52227,52227,36.0
2024-10-26,2811.38,52186,52186,35.9
2024-10-27,2811.39,52227,52227,36.0
2024-10-28,2811.40,52267,52267,36.0
2024-10-29,2811.40,52267,52267,36.0
2024-10-30,2811.41,52307,52307,36.0
2024-10-31,2811.40,52267,52267,36.0
2024-11-01,2811.41,52307,52307,36.0
2024-11-02,2811.42,52348,52348,36.1
2024-11-03,2811.44,52429,52429,36.1
2024-11-04,2811.46,52510,52510,36.2
2024-11-05,2811.45,52469,52469,36.1
2024-11-06,2811.47,52550,52550,36.2
2024-11-07,2811.50,52671,52671,36.3
2024-11-08,2811.49,52631,52631,36.3
2024-11-09,2811.48,52591,52591,36.2
2024-11-10,2811.50,52671,52671,36.3
2024-11-11,2811.52,52752,52752,36.3
2024-11-12,2811.54,52833,52833,36.4
2024-11-13,2811.55,52874,52874,36.4
2024-11-14,2811.55,52874,52874,36.4
2024-11-15,2811.57,52954,52954,36.5
2024-11-16,2811.59,53035,53035,36.5
2024-11-17,2811.62,53157,53157,36.6
2024-11-18,2811.66,53318,53318,36.7
2024-11-19,2811.65,53278,53278,36.7
2024-11-20,2811.67,53359,53359,36.8
2024-11-21,2811.69,53440,53440,36.8
2024-11-22,2811.72,53561,53561,36.9
2024-11-23,2811.74,53642,53642,37.0
2024-11-24,2811.76,53723,53723,37.0
2024-11-25,2811.76,53723,53723,37.0
2024-11-26,2811.76,53723,53723,37.0
2024-11-27,2811.80,53885,53885,37.1
2024-11-28,2811.78,53804,53804,37.1
2024-11-29,2811.79,53844,53844,37.1
2024-11-30,2811.81,53925,53925,37.1
2024-12-01,2811.83,54006,54006,37.2
2024-12-02,2811.84,54046,54046,37.2
2024-12-03,2811.86,54127,54127,37.3
2024-12-04,2811.88,54208,54208,37.3
2024-12-05,2811.90,54289,54289,37.4
2024-12-06,2811.91,54329,54329,37.4
2024-12-07,2811.93,54410,54410,37.5
2024-12-08,2811.96,54532,54532,37.6
2024-12-09,2811.96,54532,54532,37.6
2024-12-10,2811.96,54532,54532,37.6
2024-12-11,2811.95,54491,54491,37.5
2024-12-12,2811.96,54532,54532,37.6
2024-12-13,2811.98,54613,54613,37.6
2024-12-14,2811.99,54653,54653,37.6
2024-12-15,2812.01,54734,54734,37.7
2024-12-16,2812.03,54815,54815,37.8
2024-12-17,2812.04,54855,54855,37.8
2024-12-18,2812.06,54936,54936,37.8
2024-12-19,2812.06,54936,54936,37.8
2024-12-20,2812.08,55017,55017,37.9
2024-12-21,2812.10,55098,55098,38.0
2024-12-22,2812.11,55138,55138,38.0
2024-12-23,2812.14,55260,55260,38.1
2024-12-24,2812.16,55340,55340,38.1
2024-12-25,2812.17,55381,55381,38.2
2024-12-26,2812.19,55462,55462,38.2
2024-12-27,2812.21,55543,55543,38.3
2024-12-28,2812.23,55624,55624,38.3
2024-12-29,2812.23,55624,55624,38.3
2024-12-30,2812.26,55745,55745,38.4
2024-12-31,2812.25,55704,55704,38.4
2025-01-01,2812.26,55745,55745,38.4
2025-01-02,2812.28,55826,55826,38.5
2025-01-03,2812.30,55907,55907,38.5
2025-01-04,2812.31,55947,55947,38.5
2025-01-05,2812.33,56028,56028,38.6
2025-01-06,2812.32,55987,55987,38.6
2025-01-07,2812.34,56068,56068,38.6
2025-01-08,2812.34,56068,56068,38.6
2025-01-09,2812.38,56230,56230,38.7
2025-01-10,2812.39,56271,56271,38.8
2025-01-11,2812.40,56311,56311,38.8
2025-01-12,2812.42,56392,56392,38.8
2025-01-13,2812.42,56392,56392,38.8
2025-01-14,2812.45,56513,56513,38.9
2025-01-15,2812.47,56594,56594,39.0
2025-01-16,2812.48,56635,56635,39.0
2025-01-17,2812.51,56756,56756,39.1
2025-01-18,2812.50,56715,56715,39.1
2025-01-19,2812.49,56675,56675,39.0
2025-01-20,2812.50,56715,56715,39.1
2025-01-21,2812.50,56715,56715,39.1
2025-01-22,2812.52,56796,56796,39.1
2025-01-23,2812.54,56877,56877,39.2
2025-01-24,2812.54,56877,56877,39.2
2025-01-25,2812.56,56958,56958,39.2
2025-01-26,2812.58,57039,57039,39.3
2025-01-27,2812.59,57079,57079,39.3
2025-01-28,2812.61,57160,57160,39.4
2025-01-29,2812.64,57282,57282,39.5
2025-01-30,2812.67,57403,57403,39.5
2025-01-31,2812.65,57322,57322,39.5
2025-02-01,2812.67,57403,57403,39.5
2025-02-02,2812.70,57524,57524,39.6
2025-02-03,2812.73,57646,57646,39.7
2025-02-04,2812.75,57726,57726,39.8
2025-02-05,2812.78,57848,57848,39.8
2025-02-06,2812.79,57888,57888,39.9
2025-02-07,2812.81,57969,57969,39.9
2025-02-08,2812.80,57929,57929,39.9
2025-02-09,2812.80,57929,57929,39.9
2025-02-10,2812.80,57929,57929,39.9
2025-02-11,2812.82,58009,58009,40.0
2025-02-12,2812.83,58050,58050,40.0
2025-02-13,2812.81,57969,57969,39.9
2025-02-14,2812.83,58050,58050,40.0
2025-02-15,2812.86,58171,58171,40.1
2025-02-16,2812.84,58090,58090,40.0
2025-02-17,2812.85,58131,58131,40.0
2025-02-18,2812.86,58171,58171,40.1
2025-02-19,2812.84,58090,58090,40.0
2025-02-20,2812.83,58050,58050,40.0
2025-02-21,2812.84,58090,58090,40.0
2025-02-22,2812.85,58131,58131,40.0
2025-02-23,2812.87,58212,58212,40.1
2025-02-24,2812.88,58252,58252,40.1
2025-02-25,2812.89,58293,58293,40.2
2025-02-26,2812.90,58333,58333,40.2
2025-02-27,2812.89,58293,58293,40.2
2025-02-28,2812.90,58333,58333,40.2
2025-03-01,2812.91,58373,58373,40.2
2025-03-02,2812.92,58414,58414,40.2
2025-03-03,2812.90,58333,58333,40.2
2025-03-04,2812.92,58414,58414,40.2
2025-03-05,2812.87,58212,58212,40.1
2025-03-06,2812.87,58212,58212,40.1
2025-03-07,2812.88,58252,58252,40.1
2025-03-08,2812.88,58252,58252,40.1
2025-03-09,2812.87,58212,58212,40.1
2025-03-10,2812.86,58171,58171,40.1
2025-03-11,2812.87,58212,58212,40.1
2025-03-12,2812.88,58252,58252,40.1
2025-03-13,2812.87,58212,58212,40.1
2025-03-14,2812.91,58373,58373,40.2
2025-03-15,2812.88,58252,58252,40.1
2025-03-16,2812.85,58131,58131,40.0
2025-03-17,2812.85,58131,58131,40.0
2025-03-18,2812.88,58252,58252,40.1
2025-03-19,2812.85,58131,58131,40.0
2025-03-20,2812.83,58050,58050,40.0
2025-03-21,2812.84,58090,58090,40.0
2025-03-22,2812.85,58131,58131,40.0
2025-03-23,2812.85,58131,58131,40.0
2025-03-24,2812.85,58131,58131,40.0
2025-03-25,2812.86,58171,58171,40.1
2025-03-26,2812.86,58171,58171,40.1
2025-03-27,2812.87,58212,58212,40.1
2025-03-28,2812.89,58293,58293,40.2
2025-03-29,2812.89,58293,58293,40.2
2025-03-30,2812.88,58252,58252,40.1
2025-03-31,2812.88,58252,58252,40.1
2025-04-01,2812.87,58212,58212,40.1
2025-04-02,2812.87,58212,58212,40.1
2025-04-03,2812.86,58171,58171,40.1
2025-04-04,2812.86,58171,58171,40.1
2025-04-05,2812.94,58495,58495,40.3
2025-04-06,2812.97,58616,58616,40.4
2025-04-07,2812.98,58657,58657,40.4
2025-04-08,2812.99,58697,58697,40.4
2025-04-09,2813.01,58778,58778,40.5
2025-04-10,2813.03,58859,58859,40.5
2025-04-11,2813.02,58818,58818,40.5
2025-04-12,2813.03,58859,58859,40.5
2025-04-13,2813.03,58859,58859,40.5
2025-04-14,2813.02,58818,58818,40.5
2025-04-15,2813.01,58778,58778,40.5
2025-04-16,2813.02,58818,58818,40.5
2025-04-17,2813.02,58818,58818,40.5
2025-04-18,2812.99,58697,58697,40.4
2025-04-19,2812.98,58657,58657,40.4
2025-04-20,2812.95,58535,58535,40.3
2025-04-21,2812.94,58495,58495,40.3
2025-04-22,2812.95,58535,58535,40.3
2025-04-23,2812.95,58535,58535,40.3
2025-04-24,2812.94,58495,58495,40.3
2025-04-25,2812.94,58495,58495,40.3
2025-04-26,2813.45,60640,60640,41.8
2025-04-27,2813.86,62453,62453,43.0
2025-04-28,2814.01,63116,63116,43.5
2025-04-29,2814.06,63337,63337,43.6
2025-04-30,2814.06,63337,63337,43.6
2025-05-01,2814.03,63205,63205,43.5
2025-05-02,2814.04,63249,63249,43.6
2025-05-03,2814.01,63116,63116,43.5
2025-05-04,2814.00,63072,63072,43.4
2025-05-05,2814.11,63558,63558,43.8
2025-05-06,2814.56,65548,65548,45.2
2025-05-07,2814.68,66079,66079,45.5
2025-05-08,2814.70,66167,66167,45.6
2025-05-09,2814.73,66300,66300,45.7
2025-05-10,2814.73,66300,66300,45.7
2025-05-11,2814.72,66255,66255,45.6
2025-05-12,2814.73,66300,66300,45.7
2025-05-13,2814.73,66300,66300,45.7
2025-05-14,2814.71,66211,66211,45.6
2025-05-15,2814.68,66079,66079,45.5
2025-05-16,2814.67,66034,66034,45.5
2025-05-17,2814.66,65990,65990,45.5
2025-05-18,2814.66,65990,65990,45.5
2025-05-19,2814.64,65902,65902,45.4
2025-05-20,2814.60,65725,65725,45.3
2025-05-21,2814.59,65681,65681,45.2
2025-05-22,2814.60,65725,65725,45.3
2025-05-23,2814.59,65681,65681,45.2
2025-05-24,2814.59,65681,65681,45.2
2025-05-25,2814.59,65681,65681,45.2
2025-05-26,2814.58,65636,65636,45.2
2025-05-27,2814.57,65592,65592,45.2
2025-05-28,2814.59,65681,65681,45.2
2025-05-29,2814.60,65725,65725,45.3
2025-05-30,2814.62,65813,65813,45.3
2025-05-31,2814.62,65813,65813,45.3
2025-06-01,2814.63,65857,65857,45.4
2025-06-02,2814.62,65813,65813,45.3
2025-06-03,2814.63,65857,65857,45.4
2025-06-04,2814.62,65813,65813,45.3
2025-06-05,2814.61,65769,65769,45.3
2025-06-06,2814.63,65857,65857,45.4
2025-06-07,2814.71,66211,66211,45.6
2025-06-08,2814.72,66255,66255,45.6
2025-06-09,2814.71,66211,66211,45.6
2025-06-10,2814.70,66167,66167,45.6
2025-06-11,2814.78,66521,66521,45.8
2025-06-12,2814.79,66565,66565,45.9
2025-06-13,2814.80,66609,66609,45.9
2025-06-14,2814.81,66653,66653,45.9
2025-06-15,2814.80,66609,66609,45.9
2025-06-16,2814.79,66565,66565,45.9
2025-06-17,2814.80,66609,66609,45.9
2025-06-18,2814.80,66609,66609,45.9
2025-06-19,2814.78,66521,66521,45.8
2025-06-20,2814.76,66432,66432,45.8
2025-06-21,2814.74,66344,66344,45.7
2025-06-22,2814.72,66255,66255,45.6
2025-06-23,2814.73,66300,66300,45.7
2025-06-24,2814.86,66874,66874,46.1
2025-06-25,2815.17,68245,68245,47.0
2025-06-26,2815.38,69235,69235,47.7
2025-06-27,2815.47,69669,69669,48.0
2025-06-28,2815.48,69717,69717,48.0
2025-06-29,2815.50,69814,69814,48.1
2025-06-30,2815.52,69911,69911,48.2
2025-07-01,2815.54,70007,70007,48.2
2025-07-02,2815.62,70393,70393,48.5
2025-07-03,2815.83,71407,71407,49.2
2025-07-04,2816.13,72856,72856,50.2
2025-07-05,2816.19,73146,73146,50.4
2025-07-06,2816.21,73242,73242,50.5
2025-07-07,2816.23,73339,73339,50.5
2025-07-08,2816.23,73339,73339,50.5
2025-07-09,2816.22,73291,73291,50.5
2025-07-10,2816.21,73242,73242,50.5
2025-07-11,2816.20,73194,73194,50.4
2025-07-12,2816.18,73097,73097,50.4
2025-07-13,2816.18,73097,73097,50.4
2025-07-14,2816.17,73049,73049,50.3
2025-07-15,2816.16,73001,73001,50.3
2025-07-16,2816.15,72953,72953,50.3
2025-07-17,2816.14,72904,72904,50.2
2025-07-18,2816.15,72953,72953,50.3
2025-07-19,2816.15,72953,72953,50.3
2025-07-20,2816.14,72904,72904,50.2
2025-07-21,2816.13,72856,72856,50.2
2025-07-22,2816.13,72856,72856,50.2
2025-07-23,2816.13,72856,72856,50.2
2025-07-24,2816.14,72904,72904,50.2
2025-07-25,2816.20,73194,73194,50.4
2025-07-26,2816.21,73242,73242,50.5
2025-07-27,2816.19,73146,73146,50.4
2025-07-28,2816.17,73049,73049,50.3
2025-07-29,2816.17,73049,73049,50.3
2025-07-30,2816.15,72953,72953,50.3
2025-07-31,2816.15,72953,72953,50.3
2025-08-01,2816.13,72856,72856,50.2
2025-08-02,2816.12,72808,72808,50.2
2025-08-03,2816.11,72759,72759,50.1
2025-08-04,2816.11,72759,72759,50.1
2025-08-05,2816.11,72759,72759,50.1
2025-08-06,2816.09,72663,72663,50.1
2025-08-07,2816.08,72615,72615,50.0
2025-08-08,2816.07,72566,72566,50.0
2025-08-09,2816.05,72470,72470,49.9
2025-08-10,2816.04,72421,72421,49.9
2025-08-11,2816.02,72325,72325,49.8
2025-08-12,2816.01,72277,72277,49.8
2025-08-13,2816.02,72325,72325,49.8
2025-08-14,2816.02,72325,72325,49.8
2025-08-15,2816.01,72277,72277,49.8
2025-08-16,2816.01,72277,72277,49.8
2025-08-17,2816.02,72325,72325,49.8
2025-08-18,2816.04,72421,72421,49.9
2025-08-19,2816.14,72904,72904,50.2
2025-08-20,2816.15,72953,72953,50.3
2025-08-21,2816.18,73097,73097,50.4
2025-08-22,2816.19,73146,73146,50.4
2025-08-23,2816.19,73146,73146,50.4
2025-08-24,2816.18,73097,73097,50.4
2025-08-25,2816.17,73049,73049,50.3
2025-08-26,2816.16,73001,73001,50.3
2025-08-27,2816.15,72953,72953,50.3
2025-08-28,2816.15,72953,72953,50.3
2025-08-29,2816.15,72953,72953,50.3
2025-08-30,2816.15,72953,72953,50.3
2025-08-31,2816.15,72953,72953,50.3
2025-09-01,2816.14,72904,72904,50.2
2025-09-02,2816.14,72904,72904,50.2
2025-09-03,2816.13,72856,72856,50.2
2025-09-04,2816.14,72904,72904,50.2
2025-09-05,2816.13,72856,72856,50.2
2025-09-06,2816.13,72856,72856,50.2
2025-09-07,2816.14,72904,72904,50.2
2025-09-08,2816.13,72856,72856,50.2
2025-09-09,2816.13,72856,72856,50.2
2025-09-10,2816.12,72808,72808,50.2
2025-09-11,2816.11,72759,72759,50.1
2025-09-12,2816.09,72663,72663,50.1
2025-09-13,2816.09,72663,72663,50.1
2025-09-14,2816.15,72953,72953,50.3
2025-09-15,2816.17,73049,73049,50.3
2025-09-16,2816.20,73194,73194,50.4
2025-09-17,2816.24,73387,73387,50.6
2025-09-18,2816.25,73435,73435,50.6
2025-09-19,2816.26,73484,73484,50.6
2025-09-20,2816.27,73532,73532,50.7
2025-09-21,2816.27,73532,73532,50.7
2025-09-22,2816.28,73580,73580,50.7
2025-09-23,2816.28,73580,73580,50.7
2025-09-24,2816.28,73580,73580,50.7
2025-09-25,2816.26,73484,73484,50.6
2025-09-26,2816.25,73435,73435,50.6
2025-09-27,2816.24,73387,73387,50.6
2025-09-28,2816.24,73387,73387,50.6
2025-09-29,2816.23,73339,73339,50.5
2025-09-30,2816.24,73387,73387,50.6
2025-10-01,2816.24,73387,73387,50.6
2025-10-02,2816.25,73435,73435,50.6
2025-10-03,2816.26,73484,73484,50.6
2025-10-04,2816.25,73435,73435,50.6
2025-10-05,2816.25,73435,73435,50.6
2025-10-06,2816.25,73435,73435,50.6
2025-10-07,2816.25,73435,73435,50.6
2025-10-08,2816.26,73484,73484,50.6
2025-10-09,2816.26,73484,73484,50.6
2025-10-10,2816.26,73484,73484,50.6
2025-10-11,2816.27,73532,73532,50.7
2025-10-12,2816.27,73532,73532,50.7
2025-10-13,2816.28,73580,73580,50.7
2025-10-14,2816.28,73580,73580,50.7
2025-10-15,2816.28,73580,73580,50.7
2025-10-16,2816.29,73629,73629,50.7
2025-10-17,2816.30,73677,73677,50.8
2025-10-18,2816.30,73677,73677,50.8
2025-10-19,2816.28,73580,73580,50.7
2025-10-20,2816.29,73629,73629,50.7
2025-10-21,2816.28,73580,73580,50.7
2025-10-22,2816.27,73532,73532,50.7
2025-10-23,2816.27,73532,73532,50.7
2025-10-24,2816.27,73532,73532,50.7
2025-10-25,2816.29,73629,73629,50.7
2025-10-26,2816.29,73629,73629,50.7
2025-10-27,2816.30,73677,73677,50.8
2025-10-28,2816.31,73725,73725,50.8
2025-10-29,2816.28,73580,73580,50.7
2025-10-30,2816.29,73629,73629,50.7
2025-10-31,2816.30,73677,73677,50.8
2025-11-01,2816.30,73677,73677,50.8
2025-11-02,2816.28,73580,73580,50.7
2025-11-03,2816.28,73580,73580,50.7
2025-11-04,2816.29,73629,73629,50.7
2025-11-05,2816.31,73725,73725,50.8
2025-11-06,2816.32,73773,73773,50.8
2025-11-07,2816.32,73773,73773,50.8
2025-11-08,2816.33,73822,73822,50.9
2025-11-09,2816.32,73773,73773,50.8
2025-11-10,2816.32,73773,73773,50.8
2025-11-11,2816.34,73870,73870,50.9
2025-11-12,2816.35,73918,73918,50.9
2025-11-13,2816.37,74015,74015,51.0
2025-11-14,2816.38,74063,74063,51.0
2025-11-15,2816.39,74111,74111,51.1
2025-11-16,2816.40,74160,74160,51.1
2025-11-17,2816.42,74256,74256,51.2
2025-11-18,2816.42,74256,74256,51.2
2025-11-19,2816.43,74305,74305,51.2
2025-11-20,2816.45,74401,74401,51.3
2025-11-21,2816.45,74401,74401,51.3
2025-11-22,2816.47,74498,74498,51.3
2025-11-23,2816.48,74546,74546,51.4
2025-11-24,2816.49,74594,74594,51.4
2025-11-25,2816.51,74691,74691,51.5
2025-11-26,2816.50,74643,74643,51.4
2025-11-27,2816.51,74691,74691,51.5
2025-11-28,2816.52,74739,74739,51.5
2025-11-29,2816.54,74836,74836,51.6
2025-11-30,2816.54,74836,74836,51.6
2025-12-01,2816.54,74836,74836,51.6
2025-12-02,2816.55,74884,74884,51.6
2025-12-03,2816.57,74981,74981,51.7
2025-12-04,2816.57,74981,74981,51.7
2025-12-05,2816.59,75077,75077,51.7
2025-12-06,2816.61,75174,75174,51.8
2025-12-07,2816.62,75222,75222,51.8
2025-12-08,2816.63,75270,75270,51.9
2025-12-09,2816.65,75367,75367,51.9
2025-12-10,2816.66,75415,75415,52.0
2025-12-11,2816.66,75415,75415,52.0
2025-12-12,2816.68,75512,75512,52.0
2025-12-13,2816.69,75560,75560,52.1
2025-12-14,2816.69,75560,75560,52.1
2025-12-15,2816.69,75560,75560,52.1
2025-12-16,2816.71,75657,75657,52.1
2025-12-17,2816.73,75753,75753,52.2
2025-12-18,2816.73,75753,75753,52.2
2025-12-19,2816.75,75850,75850,52.3
2025-12-20,2816.77,75946,75946,52.3
2025-12-21,2816.76,75898,75898,52.3
2025-12-22,2816.78,75995,75995,52.4
2025-12-23,2816.79,76043,76043,52.4
2025-12-24,2816.81,76139,76139,52.4
2025-12-25,2816.82,76188,76188,52.5
2025-12-26,2816.84,76284,76284,52.5
2025-12-27,2816.86,76381,76381,52.6
2025-12-28,2816.88,76477,76477,52.7
2025-12-29,2816.88,76477,76477,52.7
2025-12-30,2816.91,76622,76622,52.8
2025-12-31,2816.94,76767,76767,52.9
2026-01-01,2816.96,76864,76864,52.9
2026-01-02,2817.00,77057,77057,53.1
2026-01-03,2817.00,77057,77057,53.1
2026-01-04,2817.01,77105,77105,53.1
2026-01-05,2817.04,77250,77250,53.2
2026-01-06,2817.04,77250,77250,53.2
2026-01-07,2817.05,77298,77298,53.2
2026-01-08,2817.08,77443,77443,53.3
2026-01-09,2817.08,77443,77443,53.3
2026-01-10,2817.06,77347,77347,53.3
2026-01-11,2817.07,77395,77395,53.3
2026-01-12,2817.09,77491,77491,53.4
2026-01-13,2817.12,77636,77636,53.5
2026-01-14,2817.16,77829,77829,53.6
2026-01-15,2817.18,77926,77926,53.7
2026-01-16,2817.21,78071,78071,53.8
2026-01-17,2817.22,78119,78119,53.8
2026-01-18,2817.24,78220,78220,53.9
2026-01-19,2817.27,78376,78376,54.0
2026-01-20,2817.27,78376,78376,54.0
2026-01-21,2817.31,78585,78585,54.1
2026-01-22,2817.32,78637,78637,54.2
2026-01-23,2817.37,78897,78897,54.3
2026-01-24,2817.41,79106,79106,54.5
2026-01-25,2817.46,79367,79367,54.7
2026-01-26,2817.47,79419,79419,54.7
2026-01-27,2817.51,79627,79627,54.9
2026-01-28,2817.54,79784,79784,55.0
2026-01-29,2817.57,79940,79940,55.1
2026-01-30,2817.58,79992,79992,55.1
2026-01-31,2817.60,80097,80097,55.2
2026-02-01,2817.63,80253,80253,55.3
2026-02-02,2817.66,80409,80409,55.4
2026-02-03,2817.69,80566,80566,55.5
2026-02-04,2817.70,80618,80618,55.5
2026-02-05,2817.72,80722,80722,55.6
2026-02-06,2817.75,80879,80879,55.7
2026-02-07,2817.77,80983,80983,55.8
2026-02-08,2817.79,81087,81087,55.9
2026-02-09,2817.81,81192,81192,55.9
2026-02-10,2817.84,81348,81348,56.0
2026-02-11,2817.85,81400,81400,56.1
2026-02-12,2817.88,81557,81557,56.2
2026-02-13,2817.90,81661,81661,56.3
2026-02-14,2817.92,81765,81765,56.3
2026-02-15,2817.94,81869,81869,56.4
2026-02-16,2817.95,81922,81922,56.4
2026-02-17,2817.97,82026,82026,56.5
2026-02-18,2817.97,82026,82026,56.5
2026-02-19,2817.98,82078,82078,56.5
2026-02-20,2817.98,82078,82078,56.5
2026-02-21,2817.98,82078,82078,56.5
2026-02-22,2817.97,82026,82026,56.5
2026-02-23,2817.98,82078,82078,56.5
2026-02-24,2818.00,82182,82182,56.6
2026-02-25,2818.02,82287,82287,56.7
2026-02-26,2818.03,82339,82339,56.7
2026-02-27,2818.04,82391,82391,56.8
2026-02-28,2818.06,82495,82495,56.8
2026-03-01,2818.07,82547,82547,56.9
2026-03-02,2818.09,82652,82652,56.9
2026-03-03,2818.10,82704,82704,57.0
2026-03-04,2818.10,82704,82704,57.0
2026-03-05,2818.11,82756,82756,57.0
2026-03-06,2818.11,82756,82756,57.0
2026-03-07,2818.12,82808,82808,57.0
2026-03-08,2818.11,82756,82756,57.0
2026-03-09,2818.13,82860,82860,57.1
2026-03-10,2818.14,82912,82912,57.1
2026-03-11,2818.15,82964,82964,57.2
2026-03-12,2818.13,82860,82860,57.1
2026-03-13,2818.15,82964,82964,57.2
2026-03-14,2818.16,83016,83016,57.2
2026-03-15,2818.16,83016,83016,57.2
2026-03-16,2818.11,82756,82756,57.0
2026-03-17,2818.11,82756,82756,57.0
2026-03-18,2818.13,82860,82860,57.1
2026-03-19,2818.14,82912,82912,57.1
2026-03-20,2818.15,82964,82964,57.2
2026-03-21,2818.16,83016,83016,57.2
2026-03-22,2818.17,83069,83069,57.2
2026-03-23,2818.16,83016,83016,57.2
2026-03-24,2818.17,83069,83069,57.2
2026-03-25,2818.18,83121,83121,57.3
2026-03-26,2818.19,83173,83173,57.3
2026-03-27,2818.18,83121,83121,57.3
2026-03-28,2818.15,82964,82964,57.2
2026-03-29,2818.16,83016,83016,57.2
2026-03-30,2818.17,83069,83069,57.2
2026-03-31,2818.18,83121,83121,57.3
2026-04-01,2818.19,83173,83173,57.3
2026-04-02,2818.19,83173,83173,57.3
2026-04-03,2818.20,83225,83225,57.3
2026-04-04,2818.19,83173,83173,57.3
2026-04-05,2818.17,83069,83069,57.2
2026-04-06,2818.17,83069,83069,57.2
2026-04-07,2818.12,82808,82808,57.0
2026-04-08,2818.09,82652,82652,56.9
2026-04-09,2818.05,82443,82443,56.8
2026-04-10,2818.01,82234,82234,56.6
2026-04-11,2817.97,82026,82026,56.5
2026-04-12,2817.95,81922,81922,56.4
2026-04-13,2817.91,81713,81713,56.3
2026-04-14,2817.87,81504,81504,56.1
2026-04-15,2817.83,81296,81296,56.0
2026-04-16,2817.78,81035,81035,55.8
2026-04-17,2817.74,80827,80827,55.7
2026-04-18,2817.67,80462,80462,55.4
2026-04-19,2817.58,79992,79992,55.1
2026-04-20,2817.53,79732,79732,54.9
2026-04-21,2817.49,79523,79523,54.8
2026-04-22,2817.45,79315,79315,54.6
2026-04-23,2817.40,79054,79054,54.5
2026-04-24,2817.34,78741,78741,54.2
2026-04-25,2817.28,78428,78428,54.0
2026-04-26,2817.23,78167,78167,53.8
2026-04-27,2817.20,78023,78023,53.7
2026-04-28,2817.20,78023,78023,53.7
2026-04-29,2817.19,77974,77974,53.7
2026-04-30,2817.18,77926,77926,53.7
2026-05-01,2817.23,78167,78167,53.8
2026-05-02,2817.28,78428,78428,54.0
2026-05-03,2817.29,78480,78480,54.1
2026-05-04,2817.31,78585,78585,54.1
2026-05-05,2817.32,78637,78637,54.2
2026-05-06,2817.32,78637,78637,54.2
2026-05-07,2817.30,78532,78532,54.1
2026-05-08,2817.26,78324,78324,54.0
2026-05-09,2817.21,78071,78071,53.8
2026-05-10,2817.15,77781,77781,53.6
2026-05-11,2817.07,77395,77395,53.3
2026-05-12,2817.02,77153,77153,53.1
2026-05-13,2816.97,76912,76912,53.0
2026-05-14,2816.93,76719,76719,52.8
2026-05-15,2816.93,76719,76719,52.8
2026-05-16,2816.93,76719,76719,52.8
2026-05-17,2816.92,76671,76671,52.8
2026-05-18,2816.91,76622,76622,52.8
2026-05-19,2816.89,76526,76526,52.7
2026-05-20,2816.86,76381,76381,52.6
2026-05-21,2816.86,76381,76381,52.6
2026-05-22,2816.85,76333,76333,52.6
2026-05-23,2816.84,76284,76284,52.5
2026-05-24,2816.82,76188,76188,52.5
2026-05-25,2816.80,76091,76091,52.4
2026-05-26,2816.80,76091,76091,52.4
2026-05-27,2816.80,76091,76091,52.4
2026-05-28,2816.79,76043,76043,52.4
2026-05-29,2816.77,75946,75946,52.3
2026-05-30,2816.76,75898,75898,52.3
2026-05-31,2816.74,75801,75801,52.2
2026-06-01,2816.72,75705,75705,52.2
2026-06-02,2816.70,75608,75608,52.1
2026-06-03,2816.65,75367,75367,51.9
2026-06-04,2816.60,75125,75125,51.8
2026-06-05,2816.55,74884,74884,51.6
2026-06-06,2816.53,74787,74787,51.5
2026-06-07,2816.50,74643,74643,51.4
2026-06-08,2816.46,74449,74449,51.3
2026-06-09,2816.45,74401,74401,51.3
2026-06-10,2816.45,74401,74401,51.3
2026-06-11,2816.44,74353,74353,51.2
2026-06-12,2816.43,74305,74305,51.2
2026-06-13,2816.43,74305,74305,51.2
2026-06-14,2816.42,74256,74256,51.2
2026-06-15,2816.41,74208,74208,51.1
2026-06-16,2816.45,74401,74401,51.3
2026-06-17,2816.46,74449,74449,51.3
2026-06-18,2816.45,74401,74401,51.3
2026-06-19,2816.41,74208,74208,51.1
2026-06-20,2816.41,74208,74208,51.1
2026-06-21,2816.40,74160,74160,51.1
2026-06-22,2816.40,74160,74160,51.1
2026-06-23,2816.37,74015,74015,51.0
2026-06-24,2816.30,73677,73677,50.8
2026-06-25,2816.24,73387,73387,50.6
2026-06-26,2816.17,73049,73049,50.3
2026-06-27,2816.10,72711,72711,50.1
2026-06-28,2816.04,72421,72421,49.9
2026-06-29,2816.02,72325,72325,49.8
2026-06-30,2816.00,72228,72228,49.8
2026-07-01,2815.99,72180,72180,49.7
2026-07-02,2815.99,72180,72180,49.7
2026-07-03,2815.99,72180,72180,49.7
2026-07-04,2815.98,72132,72132,49.7
2026-07-05,2815.98,72132,72132,49.7
2026-07-06,2815.96,72035,72035,49.6
2026-07-07,2815.95,71987,71987,49.6
2026-07-08,2815.94,71939,71939,49.6
2026-07-09,2815.91,71794,71794,49.5
2026-07-10,2815.84,71456,71456,49.2
2026-07-11,2815.78,71166,71166,49.0
2026-07-12,2815.72,70876,70876,48.8
2026-07-13,2815.69,70731,70731,48.7
2026-07-14,2815.64,70490,70490,48.6
2026-07-15,2815.63,70442,70442,48.5
2026-07-16,2815.62,70393,70393,48.5
2026-07-17,2815.63,70442,70442,48.5
2026-07-18,2815.63,70442,70442,48.5
2026-07-19,2815.63,70442,70442,48.5
2026-07-20,2815.62,70393,70393,48.5
2026-07-21,2815.62,70393,70393,48.5
2026-07-22,2815.62,70393,70393,48.5
2026-07-23,2815.63,70442,70442,48.5
2026-07-24,2815.62,70393,70393,48.5
2026-07-25,2815.61,70345,70345,48.5
2026-07-26,2815.60,70297,70297,48.4
2026-07-27,2815.58,70200,70200,48.4
2026-07-28,2815.57,70152,70152,48.3
2026-07-29,2815.56,70104,70104,48.3
2026-07-30,2815.55,70055,70055,48.3
2026-07-31,2815.54,70007,70007,48.2
2026-08-01,2815.52,69911,69911,48.2
2026-08-02,2815.51,69862,69862,48.1
2026-08-03,2815.50,69814,69814,48.1
2026-08-04,2815.47,69669,69669,48.0
2026-08-05,2815.46,69621,69621,48.0
2026-08-06,2815.44,69524,69524,47.9
2026-08-07,2815.42,69428,69428,47.8
2026-08-08,2815.34,69041,69041,47.6
2026-08-09,2815.26,68655,68655,47.3
2026-08-10,2815.19,68333,68333,47.1
2026-08-11,2815.10,67935,67935,46.8
2026-08-12,2815.04,67670,67670,46.6
2026-08-13,2815.03,67626,67626,46.6
2026-08-14,2815.01,67538,67538,46.5
2026-08-15,2815.00,67493,67493,46.5
2026-08-16,2814.99,67449,67449,46.5
2026-08-17,2814.98,67405,67405,46.4
2026-08-18,2814.97,67361,67361,46.4
2026-08-19,2814.96,67317,67317,46.4
2026-08-20,2814.96,67317,67317,46.4
2026-08-21,2814.95,67272,67272,46.3
2026-08-22,2814.94,67228,67228,46.3
2026-08-23,2814.93,67184,67184,46.3
2026-08-24,2814.92,67140,67140,46.3
2026-08-25,2814.91,67095,67095,46.2
2026-08-26,2814.90,67051,67051,46.2
2026-08-27,2814.89,67007,67007,46.2
2026-08-28,2814.88,66963,66963,46.1
2026-08-29,2814.87,66919,66919,46.1
2026-08-30,2814.86,66874,66874,46.1
2026-08-31,2814.84,66786,66786,46.0
2026-09-01,2814.83,66742,66742,46.0
2026-09-02,2814.83,66742,66742,46.0
2026-09-03,2814.81,66653,66653,45.9
2026-09-04,2814.74,66344,66344,45.7
2026-09-05,2814.67,66034,66034,45.5
2026-09-06,2814.60,65725,65725,45.3
2026-09-07,2814.53,65415,65415,45.1
2026-09-08,2814.46,65106,65106,44.8
2026-09-09,2814.43,64973,64973,44.8
2026-09-10,2814.43,64973,64973,44.8
