date,release_cms,release_m3day,source
2000-01-01,1.6707,144348.48,USGS_gage_proxy
2000-01-02,1.6707,144348.48,USGS_gage_proxy
2000-01-03,1.6424,141903.36000000002,USGS_gage_proxy
2000-01-04,1.5857,137004.48,USGS_gage_proxy
2000-01-05,1.6141,139458.24000000002,USGS_gage_proxy
2000-01-06,1.5857,137004.48,USGS_gage_proxy
2000-01-07,1.5574,134559.36,USGS_gage_proxy
2000-01-08,1.5574,134559.36,USGS_gage_proxy
2000-01-09,1.6141,139458.24000000002,USGS_gage_proxy
2000-01-10,1.7273,149238.72,USGS_gage_proxy
2000-01-11,1.7273,149238.72,USGS_gage_proxy
2000-01-12,1.6424,141903.36000000002,USGS_gage_proxy
2000-01-13,1.5574,134559.36,USGS_gage_proxy
2000-01-14,1.5291,132114.24,USGS_gage_proxy
2000-01-15,1.5291,132114.24,USGS_gage_proxy
2000-01-16,1.5574,134559.36,USGS_gage_proxy
2000-01-17,1.6424,141903.36000000002,USGS_gage_proxy
2000-01-18,1.699,146793.6,USGS_gage_proxy
2000-01-19,1.7273,149238.72,USGS_gage_proxy
2000-01-20,1.699,146793.6,USGS_gage_proxy
2000-01-21,1.699,146793.6,USGS_gage_proxy
2000-01-22,1.6707,144348.48,USGS_gage_proxy
2000-01-23,1.6707,144348.48,USGS_gage_proxy
2000-01-24,1.6707,144348.48,USGS_gage_proxy
2000-01-25,1.6707,144348.48,USGS_gage_proxy
2000-01-26,1.5857,137004.48,USGS_gage_proxy
2000-01-27,1.5008,129669.12,USGS_gage_proxy
2000-01-28,1.4725,127224.0,USGS_gage_proxy
2000-01-29,1.4442,124778.87999999999,USGS_gage_proxy
2000-01-30,1.4725,127224.0,USGS_gage_proxy
2000-01-31,1.4442,124778.87999999999,USGS_gage_proxy
2000-02-01,1.5291,132114.24,USGS_gage_proxy
2000-02-02,1.5574,134559.36,USGS_gage_proxy
2000-02-03,1.5574,134559.36,USGS_gage_proxy
2000-02-04,1.5291,132114.24,USGS_gage_proxy
2000-02-05,1.4725,127224.0,USGS_gage_proxy
2000-02-06,1.4442,124778.87999999999,USGS_gage_proxy
2000-02-07,1.4442,124778.87999999999,USGS_gage_proxy
2000-02-08,1.4442,124778.87999999999,USGS_gage_proxy
2000-02-09,1.4442,124778.87999999999,USGS_gage_proxy
2000-02-10,1.4442,124778.87999999999,USGS_gage_proxy
2000-02-11,1.4442,124778.87999999999,USGS_gage_proxy
2000-02-12,1.6141,139458.24000000002,USGS_gage_proxy
2000-02-13,1.5574,134559.36,USGS_gage_proxy
2000-02-14,1.5574,134559.36,USGS_gage_proxy
2000-02-15,1.6141,139458.24000000002,USGS_gage_proxy
2000-02-16,1.5574,134559.36,USGS_gage_proxy
2000-02-17,1.5008,129669.12,USGS_gage_proxy
2000-02-18,1.4442,124778.87999999999,USGS_gage_proxy
2000-02-19,1.3592,117434.87999999999,USGS_gage_proxy
2000-02-20,1.3875,119880.0,USGS_gage_proxy
2000-02-21,1.5574,134559.36,USGS_gage_proxy
2000-02-22,1.5857,137004.48,USGS_gage_proxy
2000-02-23,1.5857,137004.48,USGS_gage_proxy
2000-02-24,1.6141,139458.24000000002,USGS_gage_proxy
2000-02-25,2.1238,183496.32,USGS_gage_proxy
2000-02-26,2.237,193276.80000000002,USGS_gage_proxy
2000-02-27,2.1238,183496.32,USGS_gage_proxy
2000-02-28,1.9822,171262.08,USGS_gage_proxy
2000-02-29,1.8689,161472.96,USGS_gage_proxy
2000-03-01,1.8972,163918.08,USGS_gage_proxy
2000-03-02,1.8406,159027.84,USGS_gage_proxy
2000-03-03,1.784,154137.6,USGS_gage_proxy
2000-03-04,1.8123,156582.72,USGS_gage_proxy
2000-03-05,1.784,154137.6,USGS_gage_proxy
2000-03-06,1.7556,151683.84,USGS_gage_proxy
2000-03-07,1.7556,151683.84,USGS_gage_proxy
2000-03-08,1.7273,149238.72,USGS_gage_proxy
2000-03-09,1.7273,149238.72,USGS_gage_proxy
2000-03-10,1.699,146793.6,USGS_gage_proxy
2000-03-11,1.5574,134559.36,USGS_gage_proxy
2000-03-12,1.5574,134559.36,USGS_gage_proxy
2000-03-13,1.5008,129669.12,USGS_gage_proxy
2000-03-14,1.4725,127224.0,USGS_gage_proxy
2000-03-15,1.4725,127224.0,USGS_gage_proxy
2000-03-16,1.4442,124778.87999999999,USGS_gage_proxy
2000-03-17,1.4158,122325.12,USGS_gage_proxy
2000-03-18,1.3875,119880.0,USGS_gage_proxy
2000-03-19,1.3875,119880.0,USGS_gage_proxy
2000-03-20,1.3592,117434.87999999999,USGS_gage_proxy
2000-03-21,1.3026,112544.64,USGS_gage_proxy
2000-03-22,1.3026,112544.64,USGS_gage_proxy
2000-03-23,1.3592,117434.87999999999,USGS_gage_proxy
2000-03-24,1.7273,149238.72,USGS_gage_proxy
2000-03-25,1.6141,139458.24000000002,USGS_gage_proxy
2000-03-26,1.5857,137004.48,USGS_gage_proxy
2000-03-27,1.4725,127224.0,USGS_gage_proxy
2000-03-28,1.3592,117434.87999999999,USGS_gage_proxy
2000-03-29,1.3309,114989.76,USGS_gage_proxy
2000-03-30,1.3026,112544.64,USGS_gage_proxy
2000-03-31,1.3026,112544.64,USGS_gage_proxy
2000-04-01,1.4725,127224.0,USGS_gage_proxy
2000-04-02,1.3309,114989.76,USGS_gage_proxy
2000-04-03,1.2743,110099.52,USGS_gage_proxy
2000-04-04,1.2743,110099.52,USGS_gage_proxy
2000-04-05,1.5008,129669.12,USGS_gage_proxy
2000-04-06,1.4725,127224.0,USGS_gage_proxy
2000-04-07,1.2743,110099.52,USGS_gage_proxy
2000-04-08,1.2176,105200.64,USGS_gage_proxy
2000-04-09,1.161,100310.40000000001,USGS_gage_proxy
2000-04-10,1.1327,97865.28,USGS_gage_proxy
2000-04-11,1.1893,102755.52,USGS_gage_proxy
2000-04-12,1.1893,102755.52,USGS_gage_proxy
2000-04-13,1.2459,107645.76,USGS_gage_proxy
2000-04-14,1.2176,105200.64,USGS_gage_proxy
2000-04-15,1.2176,105200.64,USGS_gage_proxy
2000-04-16,1.161,100310.40000000001,USGS_gage_proxy
2000-04-17,1.1327,97865.28,USGS_gage_proxy
2000-04-18,1.076,92966.40000000001,USGS_gage_proxy
2000-04-19,1.0477,90521.28000000001,USGS_gage_proxy
2000-04-20,1.1044,95420.16,USGS_gage_proxy
2000-04-21,1.076,92966.40000000001,USGS_gage_proxy
2000-04-22,1.0477,90521.28000000001,USGS_gage_proxy
2000-04-23,1.0194,88076.16,USGS_gage_proxy
2000-04-24,0.9911,85631.04,USGS_gage_proxy
2000-04-25,1.1327,97865.28,USGS_gage_proxy
2000-04-26,1.1893,102755.52,USGS_gage_proxy
2000-04-27,1.161,100310.40000000001,USGS_gage_proxy
2000-04-28,1.1327,97865.28,USGS_gage_proxy
2000-04-29,1.1327,97865.28,USGS_gage_proxy
2000-04-30,1.1327,97865.28,USGS_gage_proxy
2000-05-01,1.1044,95420.16,USGS_gage_proxy
2000-05-02,1.2176,105200.64,USGS_gage_proxy
2000-05-03,1.2176,105200.64,USGS_gage_proxy
2000-05-04,1.2459,107645.76,USGS_gage_proxy
2000-05-05,1.3592,117434.87999999999,USGS_gage_proxy
2000-05-06,1.3309,114989.76,USGS_gage_proxy
2000-05-07,1.2459,107645.76,USGS_gage_proxy
2000-05-08,1.2459,107645.76,USGS_gage_proxy
2000-05-09,1.1893,102755.52,USGS_gage_proxy
2000-05-10,1.1327,97865.28,USGS_gage_proxy
2000-05-11,1.0477,90521.28000000001,USGS_gage_proxy
2000-05-12,1.0477,90521.28000000001,USGS_gage_proxy
2000-05-13,1.0194,88076.16,USGS_gage_proxy
2000-05-14,1.0194,88076.16,USGS_gage_proxy
2000-05-15,0.9911,85631.04,USGS_gage_proxy
2000-05-16,1.0194,88076.16,USGS_gage_proxy
2000-05-17,0.9911,85631.04,USGS_gage_proxy
2000-05-18,0.9345,80740.8,USGS_gage_proxy
2000-05-19,0.9345,80740.8,USGS_gage_proxy
2000-05-20,1.0194,88076.16,USGS_gage_proxy
2000-05-21,1.076,92966.40000000001,USGS_gage_proxy
2000-05-22,1.1044,95420.16,USGS_gage_proxy
2000-05-23,1.0477,90521.28000000001,USGS_gage_proxy
2000-05-24,1.0477,90521.28000000001,USGS_gage_proxy
2000-05-25,1.2176,105200.64,USGS_gage_proxy
2000-05-26,1.1327,97865.28,USGS_gage_proxy
2000-05-27,1.076,92966.40000000001,USGS_gage_proxy
2000-05-28,1.076,92966.40000000001,USGS_gage_proxy
2000-05-29,1.076,92966.40000000001,USGS_gage_proxy
2000-05-30,1.0477,90521.28000000001,USGS_gage_proxy
2000-05-31,1.0194,88076.16,USGS_gage_proxy
2000-06-01,0.9911,85631.04,USGS_gage_proxy
2000-06-02,1.8406,159027.84,USGS_gage_proxy
2000-06-03,1.6141,139458.24000000002,USGS_gage_proxy
2000-06-04,1.5291,132114.24,USGS_gage_proxy
2000-06-05,1.4442,124778.87999999999,USGS_gage_proxy
2000-06-06,1.3875,119880.0,USGS_gage_proxy
2000-06-07,2.322,200620.80000000002,USGS_gage_proxy
2000-06-08,1.9255,166363.2,USGS_gage_proxy
2000-06-09,1.4725,127224.0,USGS_gage_proxy
2000-06-10,1.2459,107645.76,USGS_gage_proxy
2000-06-11,1.2743,110099.52,USGS_gage_proxy
2000-06-12,1.3026,112544.64,USGS_gage_proxy
2000-06-13,1.2459,107645.76,USGS_gage_proxy
2000-06-14,1.7556,151683.84,USGS_gage_proxy
2000-06-15,1.5008,129669.12,USGS_gage_proxy
2000-06-16,1.2743,110099.52,USGS_gage_proxy
2000-06-17,1.2176,105200.64,USGS_gage_proxy
2000-06-18,1.2176,105200.64,USGS_gage_proxy
2000-06-19,1.2459,107645.76,USGS_gage_proxy
2000-06-20,3.1148,269118.72,USGS_gage_proxy
2000-06-21,3.0016,259338.24,USGS_gage_proxy
2000-06-22,2.6335,227534.40000000002,USGS_gage_proxy
2000-06-23,2.0105,173707.19999999998,USGS_gage_proxy
2000-06-24,1.6141,139458.24000000002,USGS_gage_proxy
2000-06-25,1.4158,122325.12,USGS_gage_proxy
2000-06-26,1.4725,127224.0,USGS_gage_proxy
2000-06-27,1.3309,114989.76,USGS_gage_proxy
2000-06-28,1.6707,144348.48,USGS_gage_proxy
2000-06-29,4.3608,376773.12,USGS_gage_proxy
2000-06-30,2.3786,205511.04,USGS_gage_proxy
2000-07-01,2.237,193276.80000000002,USGS_gage_proxy
2000-07-02,1.9539,168816.96,USGS_gage_proxy
2000-07-03,1.699,146793.6,USGS_gage_proxy
2000-07-04,1.5291,132114.24,USGS_gage_proxy
2000-07-05,1.3309,114989.76,USGS_gage_proxy
2000-07-06,1.2459,107645.76,USGS_gage_proxy
2000-07-07,1.1893,102755.52,USGS_gage_proxy
2000-07-08,1.161,100310.40000000001,USGS_gage_proxy
2000-07-09,3.2564,281352.96,USGS_gage_proxy
2000-07-10,10.3639,895440.96,USGS_gage_proxy
2000-07-11,3.2847,283798.08,USGS_gage_proxy
2000-07-12,2.8317,244658.88,USGS_gage_proxy
2000-07-13,3.0016,259338.24,USGS_gage_proxy
2000-07-14,1.7556,151683.84,USGS_gage_proxy
2000-07-15,1.5857,137004.48,USGS_gage_proxy
2000-07-16,1.3592,117434.87999999999,USGS_gage_proxy
2000-07-17,6.8527,592073.2799999999,USGS_gage_proxy
2000-07-18,9.118,787795.2000000001,USGS_gage_proxy
2000-07-19,9.1746,792685.44,USGS_gage_proxy
2000-07-20,9.203,795139.2,USGS_gage_proxy
2000-07-21,9.118,787795.2000000001,USGS_gage_proxy
2000-07-22,9.2596,800029.4400000001,USGS_gage_proxy
2000-07-23,9.2879,802474.56,USGS_gage_proxy
2000-07-24,9.4012,812263.6799999999,USGS_gage_proxy
2000-07-25,9.6277,831833.28,USGS_gage_proxy
2000-07-26,8.9481,773115.84,USGS_gage_proxy
2000-07-27,4.7572,411022.08,USGS_gage_proxy
2000-07-28,2.4352,210401.28,USGS_gage_proxy
2000-07-29,1.8123,156582.72,USGS_gage_proxy
2000-07-30,1.5857,137004.48,USGS_gage_proxy
2000-07-31,1.5008,129669.12,USGS_gage_proxy
2000-08-01,1.4725,127224.0,USGS_gage_proxy
2000-08-02,1.6141,139458.24000000002,USGS_gage_proxy
2000-08-03,1.4158,122325.12,USGS_gage_proxy
2000-08-04,1.3592,117434.87999999999,USGS_gage_proxy
2000-08-05,1.3592,117434.87999999999,USGS_gage_proxy
2000-08-06,1.161,100310.40000000001,USGS_gage_proxy
2000-08-07,1.2176,105200.64,USGS_gage_proxy
2000-08-08,1.3309,114989.76,USGS_gage_proxy
2000-08-09,1.3026,112544.64,USGS_gage_proxy
2000-08-10,1.2743,110099.52,USGS_gage_proxy
2000-08-11,1.2459,107645.76,USGS_gage_proxy
2000-08-12,1.3309,114989.76,USGS_gage_proxy
2000-08-13,1.2176,105200.64,USGS_gage_proxy
2000-08-14,1.2176,105200.64,USGS_gage_proxy
2000-08-15,1.3875,119880.0,USGS_gage_proxy
2000-08-16,1.2459,107645.76,USGS_gage_proxy
2000-08-17,1.161,100310.40000000001,USGS_gage_proxy
2000-08-18,1.161,100310.40000000001,USGS_gage_proxy
2000-08-19,1.1327,97865.28,USGS_gage_proxy
2000-08-20,1.1327,97865.28,USGS_gage_proxy
2000-08-21,1.1044,95420.16,USGS_gage_proxy
2000-08-22,1.0477,90521.28000000001,USGS_gage_proxy
2000-08-23,1.076,92966.40000000001,USGS_gage_proxy
2000-08-24,1.1327,97865.28,USGS_gage_proxy
2000-08-25,1.1327,97865.28,USGS_gage_proxy
2000-08-26,1.1327,97865.28,USGS_gage_proxy
2000-08-27,1.1327,97865.28,USGS_gage_proxy
2000-08-28,1.1327,97865.28,USGS_gage_proxy
2000-08-29,1.1044,95420.16,USGS_gage_proxy
2000-08-30,1.1327,97865.28,USGS_gage_proxy
2000-08-31,3.9927,344969.28,USGS_gage_proxy
2000-09-01,1.4158,122325.12,USGS_gage_proxy
2000-09-02,1.3592,117434.87999999999,USGS_gage_proxy
2000-09-03,1.3309,114989.76,USGS_gage_proxy
2000-09-04,1.3309,114989.76,USGS_gage_proxy
2000-09-05,1.3026,112544.64,USGS_gage_proxy
2000-09-06,1.3026,112544.64,USGS_gage_proxy
2000-09-07,1.2743,110099.52,USGS_gage_proxy
2000-09-08,1.2459,107645.76,USGS_gage_proxy
2000-09-09,1.161,100310.40000000001,USGS_gage_proxy
2000-09-10,1.0194,88076.16,USGS_gage_proxy
2000-09-11,0.9061,78287.04000000001,USGS_gage_proxy
2000-09-12,0.9628,83185.92,USGS_gage_proxy
2000-09-13,1.076,92966.40000000001,USGS_gage_proxy
2000-09-14,1.076,92966.40000000001,USGS_gage_proxy
2000-09-15,1.1327,97865.28,USGS_gage_proxy
2000-09-16,1.3309,114989.76,USGS_gage_proxy
2000-09-17,1.2743,110099.52,USGS_gage_proxy
2000-09-18,1.1327,97865.28,USGS_gage_proxy
2000-09-19,1.0477,90521.28000000001,USGS_gage_proxy
2000-09-20,0.9628,83185.92,USGS_gage_proxy
2000-09-21,1.1044,95420.16,USGS_gage_proxy
2000-09-22,1.2176,105200.64,USGS_gage_proxy
2000-09-23,1.161,100310.40000000001,USGS_gage_proxy
2000-09-24,1.1327,97865.28,USGS_gage_proxy
2000-09-25,1.1327,97865.28,USGS_gage_proxy
2000-09-26,1.1327,97865.28,USGS_gage_proxy
2000-09-27,1.2176,105200.64,USGS_gage_proxy
2000-09-28,1.3309,114989.76,USGS_gage_proxy
2000-09-29,1.1893,102755.52,USGS_gage_proxy
2000-09-30,1.161,100310.40000000001,USGS_gage_proxy
2000-10-01,1.0194,88076.16,USGS_gage_proxy
2000-10-02,0.9345,80740.8,USGS_gage_proxy
2000-10-03,1.0194,88076.16,USGS_gage_proxy
2000-10-04,6.4845,560260.7999999999,USGS_gage_proxy
2000-10-05,8.58,741312.0,USGS_gage_proxy
2000-10-06,8.9481,773115.84,USGS_gage_proxy
2000-10-07,8.9764,775560.96,USGS_gage_proxy
2000-10-08,9.118,787795.2000000001,USGS_gage_proxy
2000-10-09,9.4295,814708.8,USGS_gage_proxy
2000-10-10,9.741,841622.4,USGS_gage_proxy
2000-10-11,9.9109,856301.76,USGS_gage_proxy
2000-10-12,9.7693,844067.5199999999,USGS_gage_proxy
2000-10-13,6.4562,557815.68,USGS_gage_proxy
2000-10-14,3.2281,278907.84,USGS_gage_proxy
2000-10-15,2.3786,205511.04,USGS_gage_proxy
2000-10-16,2.1804,188386.56,USGS_gage_proxy
2000-10-17,2.775,239760.0,USGS_gage_proxy
2000-10-18,6.6261,572495.04,USGS_gage_proxy
2000-10-19,4.8139,415920.96,USGS_gage_proxy
2000-10-20,3.2281,278907.84,USGS_gage_proxy
2000-10-21,2.4636,212855.04,USGS_gage_proxy
2000-10-22,2.1238,183496.32,USGS_gage_proxy
2000-10-23,3.0865,266673.6,USGS_gage_proxy
2000-10-24,4.3325,374327.99999999994,USGS_gage_proxy
2000-10-25,2.8883,249549.12,USGS_gage_proxy
2000-10-26,2.5485,220190.40000000002,USGS_gage_proxy
2000-10-27,2.0954,181042.56000000003,USGS_gage_proxy
2000-10-28,2.0671,178597.44,USGS_gage_proxy
2000-10-29,2.4636,212855.04,USGS_gage_proxy
2000-10-30,3.2564,281352.96,USGS_gage_proxy
2000-10-31,2.6335,227534.40000000002,USGS_gage_proxy
2000-11-01,2.322,200620.80000000002,USGS_gage_proxy
2000-11-02,2.2653,195721.91999999998,USGS_gage_proxy
2000-11-03,2.9166,251994.24,USGS_gage_proxy
2000-11-04,10.0525,868536.0,USGS_gage_proxy
2000-11-05,13.3089,1149888.96,USGS_gage_proxy
2000-11-06,12.516,1081382.4,USGS_gage_proxy
2000-11-07,12.6576,1093616.6400000001,USGS_gage_proxy
2000-11-08,13.6204,1176802.56,USGS_gage_proxy
2000-11-09,9.8826,853856.64,USGS_gage_proxy
2000-11-10,4.3891,379218.24,USGS_gage_proxy
2000-11-11,3.0582,264228.48,USGS_gage_proxy
2000-11-12,2.7184,234869.75999999998,USGS_gage_proxy
2000-11-13,2.5768,222635.52,USGS_gage_proxy
2000-11-14,2.4919,215300.15999999997,USGS_gage_proxy
2000-11-15,2.4636,212855.04,USGS_gage_proxy
2000-11-16,2.4352,210401.28,USGS_gage_proxy
2000-11-17,2.4352,210401.28,USGS_gage_proxy
2000-11-18,2.4069,207956.15999999997,USGS_gage_proxy
2000-11-19,2.4069,207956.15999999997,USGS_gage_proxy
2000-11-20,2.4636,212855.04,USGS_gage_proxy
2000-11-21,2.4352,210401.28,USGS_gage_proxy
2000-11-22,2.3786,205511.04,USGS_gage_proxy
2000-11-23,2.3503,203065.91999999998,USGS_gage_proxy
2000-11-24,2.3503,203065.91999999998,USGS_gage_proxy
2000-11-25,2.3503,203065.91999999998,USGS_gage_proxy
2000-11-26,2.322,200620.80000000002,USGS_gage_proxy
2000-11-27,2.2937,198175.68,USGS_gage_proxy
2000-11-28,2.2937,198175.68,USGS_gage_proxy
2000-11-29,2.2937,198175.68,USGS_gage_proxy
2000-11-30,2.2937,198175.68,USGS_gage_proxy
2000-12-01,2.2937,198175.68,USGS_gage_proxy
2000-12-02,2.2653,195721.91999999998,USGS_gage_proxy
2000-12-03,2.2653,195721.91999999998,USGS_gage_proxy
2000-12-04,2.2653,195721.91999999998,USGS_gage_proxy
2000-12-05,2.2653,195721.91999999998,USGS_gage_proxy
2000-12-06,2.7467,237314.88,USGS_gage_proxy
2000-12-07,3.5962,310711.68,USGS_gage_proxy
2000-12-08,2.4919,215300.15999999997,USGS_gage_proxy
2000-12-09,2.1804,188386.56,USGS_gage_proxy
2000-12-10,2.1238,183496.32,USGS_gage_proxy
2000-12-11,2.0954,181042.56000000003,USGS_gage_proxy
2000-12-12,2.0671,178597.44,USGS_gage_proxy
2000-12-13,2.0671,178597.44,USGS_gage_proxy
2000-12-14,2.0671,178597.44,USGS_gage_proxy
2000-12-15,2.0671,178597.44,USGS_gage_proxy
2000-12-16,2.0954,181042.56000000003,USGS_gage_proxy
2000-12-17,2.0671,178597.44,USGS_gage_proxy
2000-12-18,2.0105,173707.19999999998,USGS_gage_proxy
2000-12-19,2.0105,173707.19999999998,USGS_gage_proxy
2000-12-20,1.9822,171262.08,USGS_gage_proxy
2000-12-21,1.9822,171262.08,USGS_gage_proxy
2000-12-22,1.9822,171262.08,USGS_gage_proxy
2000-12-23,2.0105,173707.19999999998,USGS_gage_proxy
2000-12-24,2.0105,173707.19999999998,USGS_gage_proxy
2000-12-25,2.0388,176152.32,USGS_gage_proxy
2000-12-26,2.0954,181042.56000000003,USGS_gage_proxy
2000-12-27,2.0954,181042.56000000003,USGS_gage_proxy
2000-12-28,2.0954,181042.56000000003,USGS_gage_proxy
2000-12-29,2.0671,178597.44,USGS_gage_proxy
2000-12-30,2.0388,176152.32,USGS_gage_proxy
2000-12-31,2.0388,176152.32,USGS_gage_proxy
2001-01-01,2.0105,173707.19999999998,USGS_gage_proxy
2001-01-02,2.0105,173707.19999999998,USGS_gage_proxy
2001-01-03,2.0105,173707.19999999998,USGS_gage_proxy
2001-01-04,2.0671,178597.44,USGS_gage_proxy
2001-01-05,2.6901,232424.64,USGS_gage_proxy
2001-01-06,2.3503,203065.91999999998,USGS_gage_proxy
2001-01-07,2.0105,173707.19999999998,USGS_gage_proxy
2001-01-08,1.8123,156582.72,USGS_gage_proxy
2001-01-09,2.0388,176152.32,USGS_gage_proxy
2001-01-10,2.0671,178597.44,USGS_gage_proxy
2001-01-11,2.0671,178597.44,USGS_gage_proxy
2001-01-12,2.1238,183496.32,USGS_gage_proxy
2001-01-13,2.1238,183496.32,USGS_gage_proxy
2001-01-14,2.1238,183496.32,USGS_gage_proxy
2001-01-15,2.1238,183496.32,USGS_gage_proxy
2001-01-16,2.0954,181042.56000000003,USGS_gage_proxy
2001-01-17,2.0954,181042.56000000003,USGS_gage_proxy
2001-01-18,2.1521,185941.44,USGS_gage_proxy
2001-01-19,2.4069,207956.15999999997,USGS_gage_proxy
2001-01-20,2.4352,210401.28,USGS_gage_proxy
2001-01-21,2.4352,210401.28,USGS_gage_proxy
2001-01-22,2.4352,210401.28,USGS_gage_proxy
2001-01-23,2.4352,210401.28,USGS_gage_proxy
2001-01-24,2.4069,207956.15999999997,USGS_gage_proxy
2001-01-25,2.4069,207956.15999999997,USGS_gage_proxy
2001-01-26,2.4069,207956.15999999997,USGS_gage_proxy
2001-01-27,2.5202,217745.28,USGS_gage_proxy
2001-01-28,2.6618,229979.52,USGS_gage_proxy
2001-01-29,2.6335,227534.40000000002,USGS_gage_proxy
2001-01-30,2.4919,215300.15999999997,USGS_gage_proxy
2001-01-31,2.4069,207956.15999999997,USGS_gage_proxy
2001-02-01,2.2937,198175.68,USGS_gage_proxy
2001-02-02,2.2653,195721.91999999998,USGS_gage_proxy
2001-02-03,2.5202,217745.28,USGS_gage_proxy
2001-02-04,2.5768,222635.52,USGS_gage_proxy
2001-02-05,2.5768,222635.52,USGS_gage_proxy
2001-02-06,2.5485,220190.40000000002,USGS_gage_proxy
2001-02-07,2.5485,220190.40000000002,USGS_gage_proxy
2001-02-08,2.5485,220190.40000000002,USGS_gage_proxy
2001-02-09,2.775,239760.0,USGS_gage_proxy
2001-02-10,2.775,239760.0,USGS_gage_proxy
2001-02-11,2.6335,227534.40000000002,USGS_gage_proxy
2001-02-12,2.6051,225080.64,USGS_gage_proxy
2001-02-13,2.6051,225080.64,USGS_gage_proxy
2001-02-14,2.6051,225080.64,USGS_gage_proxy
2001-02-15,2.5202,217745.28,USGS_gage_proxy
2001-02-16,2.2087,190831.68,USGS_gage_proxy
2001-02-17,2.1238,183496.32,USGS_gage_proxy
2001-02-18,2.237,193276.80000000002,USGS_gage_proxy
2001-02-19,2.2653,195721.91999999998,USGS_gage_proxy
2001-02-20,2.2653,195721.91999999998,USGS_gage_proxy
2001-02-21,2.2937,198175.68,USGS_gage_proxy
2001-02-22,2.322,200620.80000000002,USGS_gage_proxy
2001-02-23,2.2937,198175.68,USGS_gage_proxy
2001-02-24,2.2087,190831.68,USGS_gage_proxy
2001-02-25,2.1238,183496.32,USGS_gage_proxy
2001-02-26,2.1804,188386.56,USGS_gage_proxy
2001-02-27,2.0954,181042.56000000003,USGS_gage_proxy
2001-02-28,2.237,193276.80000000002,USGS_gage_proxy
2001-03-01,2.2937,198175.68,USGS_gage_proxy
2001-03-02,2.3503,203065.91999999998,USGS_gage_proxy
2001-03-03,2.2937,198175.68,USGS_gage_proxy
2001-03-04,2.322,200620.80000000002,USGS_gage_proxy
2001-03-05,2.2937,198175.68,USGS_gage_proxy
2001-03-06,2.1804,188386.56,USGS_gage_proxy
2001-03-07,2.1521,185941.44,USGS_gage_proxy
2001-03-08,2.6901,232424.64,USGS_gage_proxy
2001-03-09,2.775,239760.0,USGS_gage_proxy
2001-03-10,2.7184,234869.75999999998,USGS_gage_proxy
2001-03-11,2.237,193276.80000000002,USGS_gage_proxy
2001-03-12,2.1238,183496.32,USGS_gage_proxy
2001-03-13,2.0388,176152.32,USGS_gage_proxy
2001-03-14,1.9822,171262.08,USGS_gage_proxy
2001-03-15,1.8406,159027.84,USGS_gage_proxy
2001-03-16,1.8406,159027.84,USGS_gage_proxy
2001-03-17,1.784,154137.6,USGS_gage_proxy
2001-03-18,2.0388,176152.32,USGS_gage_proxy
2001-03-19,2.1521,185941.44,USGS_gage_proxy
2001-03-20,2.0671,178597.44,USGS_gage_proxy
2001-03-21,1.9255,166363.2,USGS_gage_proxy
2001-03-22,1.8689,161472.96,USGS_gage_proxy
2001-03-23,1.8689,161472.96,USGS_gage_proxy
2001-03-24,1.8406,159027.84,USGS_gage_proxy
2001-03-25,1.8123,156582.72,USGS_gage_proxy
2001-03-26,1.784,154137.6,USGS_gage_proxy
2001-03-27,1.7556,151683.84,USGS_gage_proxy
2001-03-28,1.8406,159027.84,USGS_gage_proxy
2001-03-29,1.8123,156582.72,USGS_gage_proxy
2001-03-30,1.8123,156582.72,USGS_gage_proxy
2001-03-31,2.0671,178597.44,USGS_gage_proxy
2001-04-01,2.0388,176152.32,USGS_gage_proxy
2001-04-02,1.9539,168816.96,USGS_gage_proxy
2001-04-03,1.8972,163918.08,USGS_gage_proxy
2001-04-04,1.699,146793.6,USGS_gage_proxy
2001-04-05,1.5574,134559.36,USGS_gage_proxy
2001-04-06,1.5291,132114.24,USGS_gage_proxy
2001-04-07,1.5008,129669.12,USGS_gage_proxy
2001-04-08,1.8689,161472.96,USGS_gage_proxy
2001-04-09,1.699,146793.6,USGS_gage_proxy
2001-04-10,1.5857,137004.48,USGS_gage_proxy
2001-04-11,1.7556,151683.84,USGS_gage_proxy
2001-04-12,2.0671,178597.44,USGS_gage_proxy
2001-04-13,1.8123,156582.72,USGS_gage_proxy
2001-04-14,1.3592,117434.87999999999,USGS_gage_proxy
2001-04-15,1.7273,149238.72,USGS_gage_proxy
2001-04-16,1.8972,163918.08,USGS_gage_proxy
2001-04-17,2.1804,188386.56,USGS_gage_proxy
2001-04-18,2.0671,178597.44,USGS_gage_proxy
2001-04-19,2.0671,178597.44,USGS_gage_proxy
2001-04-20,1.4158,122325.12,USGS_gage_proxy
2001-04-21,1.2459,107645.76,USGS_gage_proxy
2001-04-22,1.1893,102755.52,USGS_gage_proxy
2001-04-23,1.1327,97865.28,USGS_gage_proxy
2001-04-24,1.2176,105200.64,USGS_gage_proxy
2001-04-25,1.2176,105200.64,USGS_gage_proxy
2001-04-26,1.1893,102755.52,USGS_gage_proxy
2001-04-27,1.1044,95420.16,USGS_gage_proxy
2001-04-28,1.0477,90521.28000000001,USGS_gage_proxy
2001-04-29,1.1327,97865.28,USGS_gage_proxy
2001-04-30,1.5291,132114.24,USGS_gage_proxy
2001-05-01,1.2459,107645.76,USGS_gage_proxy
2001-05-02,1.076,92966.40000000001,USGS_gage_proxy
2001-05-03,1.0477,90521.28000000001,USGS_gage_proxy
2001-05-04,0.9061,78287.04000000001,USGS_gage_proxy
2001-05-05,0.8778,75841.92,USGS_gage_proxy
2001-05-06,0.9628,83185.92,USGS_gage_proxy
2001-05-07,0.8495,73396.8,USGS_gage_proxy
2001-05-08,0.8495,73396.8,USGS_gage_proxy
2001-05-09,0.9345,80740.8,USGS_gage_proxy
2001-05-10,0.9911,85631.04,USGS_gage_proxy
2001-05-11,1.161,100310.40000000001,USGS_gage_proxy
2001-05-12,1.0477,90521.28000000001,USGS_gage_proxy
2001-05-13,1.0477,90521.28000000001,USGS_gage_proxy
2001-05-14,1.076,92966.40000000001,USGS_gage_proxy
2001-05-15,1.1327,97865.28,USGS_gage_proxy
2001-05-16,0.9628,83185.92,USGS_gage_proxy
2001-05-17,0.8212,70951.68000000001,USGS_gage_proxy
2001-05-18,0.8212,70951.68000000001,USGS_gage_proxy
2001-05-19,0.9061,78287.04000000001,USGS_gage_proxy
2001-05-20,0.8778,75841.92,USGS_gage_proxy
2001-05-21,0.8495,73396.8,USGS_gage_proxy
2001-05-22,0.8495,73396.8,USGS_gage_proxy
2001-05-23,0.8778,75841.92,USGS_gage_proxy
2001-05-24,1.076,92966.40000000001,USGS_gage_proxy
2001-05-25,1.1044,95420.16,USGS_gage_proxy
2001-05-26,0.9911,85631.04,USGS_gage_proxy
2001-05-27,0.9628,83185.92,USGS_gage_proxy
2001-05-28,0.9911,85631.04,USGS_gage_proxy
2001-05-29,0.9911,85631.04,USGS_gage_proxy
2001-05-30,0.9911,85631.04,USGS_gage_proxy
2001-05-31,0.9345,80740.8,USGS_gage_proxy
2001-06-01,0.9061,78287.04000000001,USGS_gage_proxy
2001-06-02,0.8212,70951.68000000001,USGS_gage_proxy
2001-06-03,0.7929,68506.56,USGS_gage_proxy
2001-06-04,0.8212,70951.68000000001,USGS_gage_proxy
2001-06-05,0.7929,68506.56,USGS_gage_proxy
2001-06-06,0.9628,83185.92,USGS_gage_proxy
2001-06-07,1.161,100310.40000000001,USGS_gage_proxy
2001-06-08,1.0477,90521.28000000001,USGS_gage_proxy
2001-06-09,1.1044,95420.16,USGS_gage_proxy
2001-06-10,1.0194,88076.16,USGS_gage_proxy
2001-06-11,1.4442,124778.87999999999,USGS_gage_proxy
2001-06-12,1.5291,132114.24,USGS_gage_proxy
2001-06-13,1.2743,110099.52,USGS_gage_proxy
2001-06-14,1.1893,102755.52,USGS_gage_proxy
2001-06-15,1.1044,95420.16,USGS_gage_proxy
2001-06-16,1.0194,88076.16,USGS_gage_proxy
2001-06-17,0.9061,78287.04000000001,USGS_gage_proxy
2001-06-18,0.8212,70951.68000000001,USGS_gage_proxy
2001-06-19,0.8212,70951.68000000001,USGS_gage_proxy
2001-06-20,0.8212,70951.68000000001,USGS_gage_proxy
2001-06-21,0.8495,73396.8,USGS_gage_proxy
2001-06-22,0.8212,70951.68000000001,USGS_gage_proxy
2001-06-23,0.7929,68506.56,USGS_gage_proxy
2001-06-24,0.8212,70951.68000000001,USGS_gage_proxy
2001-06-25,0.8778,75841.92,USGS_gage_proxy
2001-06-26,1.0194,88076.16,USGS_gage_proxy
2001-06-27,0.9628,83185.92,USGS_gage_proxy
2001-06-28,0.8495,73396.8,USGS_gage_proxy
2001-06-29,0.8495,73396.8,USGS_gage_proxy
2001-06-30,0.8778,75841.92,USGS_gage_proxy
2001-07-01,0.7929,68506.56,USGS_gage_proxy
2001-07-02,0.7929,68506.56,USGS_gage_proxy
2001-07-03,0.7929,68506.56,USGS_gage_proxy
2001-07-04,0.9911,85631.04,USGS_gage_proxy
2001-07-05,0.8778,75841.92,USGS_gage_proxy
2001-07-06,0.9628,83185.92,USGS_gage_proxy
2001-07-07,0.7929,68506.56,USGS_gage_proxy
2001-07-08,0.7079,61162.56,USGS_gage_proxy
2001-07-09,0.6796,58717.439999999995,USGS_gage_proxy
2001-07-10,0.7079,61162.56,USGS_gage_proxy
2001-07-11,0.6796,58717.439999999995,USGS_gage_proxy
2001-07-12,0.8212,70951.68000000001,USGS_gage_proxy
2001-07-13,0.9061,78287.04000000001,USGS_gage_proxy
2001-07-14,0.9061,78287.04000000001,USGS_gage_proxy
2001-07-15,0.8495,73396.8,USGS_gage_proxy
2001-07-16,0.8212,70951.68000000001,USGS_gage_proxy
2001-07-17,0.7929,68506.56,USGS_gage_proxy
2001-07-18,0.8495,73396.8,USGS_gage_proxy
2001-07-19,0.9628,83185.92,USGS_gage_proxy
2001-07-20,1.0194,88076.16,USGS_gage_proxy
2001-07-21,1.5291,132114.24,USGS_gage_proxy
2001-07-22,0.8778,75841.92,USGS_gage_proxy
2001-07-23,0.8778,75841.92,USGS_gage_proxy
2001-07-24,0.9345,80740.8,USGS_gage_proxy
2001-07-25,0.9345,80740.8,USGS_gage_proxy
2001-07-26,0.9061,78287.04000000001,USGS_gage_proxy
2001-07-27,0.8495,73396.8,USGS_gage_proxy
2001-07-28,0.8778,75841.92,USGS_gage_proxy
2001-07-29,0.9061,78287.04000000001,USGS_gage_proxy
2001-07-30,0.9911,85631.04,USGS_gage_proxy
2001-07-31,0.9345,80740.8,USGS_gage_proxy
2001-08-01,0.8495,73396.8,USGS_gage_proxy
2001-08-02,0.8212,70951.68000000001,USGS_gage_proxy
2001-08-03,0.8778,75841.92,USGS_gage_proxy
2001-08-04,0.8495,73396.8,USGS_gage_proxy
2001-08-05,0.7929,68506.56,USGS_gage_proxy
2001-08-06,0.7929,68506.56,USGS_gage_proxy
2001-08-07,0.8212,70951.68000000001,USGS_gage_proxy
2001-08-08,0.8212,70951.68000000001,USGS_gage_proxy
2001-08-09,0.7929,68506.56,USGS_gage_proxy
2001-08-10,0.7646,66061.44,USGS_gage_proxy
2001-08-11,0.7929,68506.56,USGS_gage_proxy
2001-08-12,0.7929,68506.56,USGS_gage_proxy
2001-08-13,0.7646,66061.44,USGS_gage_proxy
2001-08-14,0.7646,66061.44,USGS_gage_proxy
2001-08-15,0.7646,66061.44,USGS_gage_proxy
2001-08-16,0.7929,68506.56,USGS_gage_proxy
2001-08-17,0.8212,70951.68000000001,USGS_gage_proxy
2001-08-18,0.9345,80740.8,USGS_gage_proxy
2001-08-19,0.8495,73396.8,USGS_gage_proxy
2001-08-20,0.9061,78287.04000000001,USGS_gage_proxy
2001-08-21,0.8778,75841.92,USGS_gage_proxy
2001-08-22,0.8778,75841.92,USGS_gage_proxy
2001-08-23,0.8495,73396.8,USGS_gage_proxy
2001-08-24,0.8212,70951.68000000001,USGS_gage_proxy
2001-08-25,0.8212,70951.68000000001,USGS_gage_proxy
2001-08-26,1.2743,110099.52,USGS_gage_proxy
2001-08-27,1.3026,112544.64,USGS_gage_proxy
2001-08-28,0.9911,85631.04,USGS_gage_proxy
2001-08-29,0.8495,73396.8,USGS_gage_proxy
2001-08-30,0.8212,70951.68000000001,USGS_gage_proxy
2001-08-31,0.7646,66061.44,USGS_gage_proxy
2001-09-01,0.7362,63607.68,USGS_gage_proxy
2001-09-02,0.7362,63607.68,USGS_gage_proxy
2001-09-03,0.7646,66061.44,USGS_gage_proxy
2001-09-04,0.7362,63607.68,USGS_gage_proxy
2001-09-05,0.6796,58717.439999999995,USGS_gage_proxy
2001-09-06,0.623,53827.2,USGS_gage_proxy
2001-09-07,0.5663,48928.32,USGS_gage_proxy
2001-09-08,0.5663,48928.32,USGS_gage_proxy
2001-09-09,0.538,46483.200000000004,USGS_gage_proxy
2001-09-10,0.5097,44038.08,USGS_gage_proxy
2001-09-11,0.5097,44038.08,USGS_gage_proxy
2001-09-12,0.538,46483.200000000004,USGS_gage_proxy
2001-09-13,0.5947,51382.08,USGS_gage_proxy
2001-09-14,0.7362,63607.68,USGS_gage_proxy
2001-09-15,0.7646,66061.44,USGS_gage_proxy
2001-09-16,0.8212,70951.68000000001,USGS_gage_proxy
2001-09-17,0.7929,68506.56,USGS_gage_proxy
2001-09-18,0.8495,73396.8,USGS_gage_proxy
2001-09-19,0.7929,68506.56,USGS_gage_proxy
2001-09-20,0.6796,58717.439999999995,USGS_gage_proxy
2001-09-21,0.8212,70951.68000000001,USGS_gage_proxy
2001-09-22,2.4352,210401.28,USGS_gage_proxy
2001-09-23,3.7378,322945.92,USGS_gage_proxy
2001-09-24,1.699,146793.6,USGS_gage_proxy
2001-09-25,1.1044,95420.16,USGS_gage_proxy
2001-09-26,0.9911,85631.04,USGS_gage_proxy
2001-09-27,1.1044,95420.16,USGS_gage_proxy
2001-09-28,1.076,92966.40000000001,USGS_gage_proxy
2001-09-29,1.0194,88076.16,USGS_gage_proxy
2001-09-30,0.9911,85631.04,USGS_gage_proxy
2001-10-01,0.9345,80740.8,USGS_gage_proxy
2001-10-02,0.8778,75841.92,USGS_gage_proxy
2001-10-03,0.9628,83185.92,USGS_gage_proxy
2001-10-04,1.0477,90521.28000000001,USGS_gage_proxy
2001-10-05,1.2176,105200.64,USGS_gage_proxy
2001-10-06,1.2743,110099.52,USGS_gage_proxy
2001-10-07,1.1327,97865.28,USGS_gage_proxy
2001-10-08,1.0194,88076.16,USGS_gage_proxy
2001-10-09,1.0194,88076.16,USGS_gage_proxy
2001-10-10,1.0194,88076.16,USGS_gage_proxy
2001-10-11,1.0477,90521.28000000001,USGS_gage_proxy
2001-10-12,1.1044,95420.16,USGS_gage_proxy
2001-10-13,1.0477,90521.28000000001,USGS_gage_proxy
2001-10-14,1.076,92966.40000000001,USGS_gage_proxy
2001-10-15,1.0194,88076.16,USGS_gage_proxy
2001-10-16,0.9345,80740.8,USGS_gage_proxy
2001-10-17,0.9628,83185.92,USGS_gage_proxy
2001-10-18,1.0194,88076.16,USGS_gage_proxy
2001-10-19,1.0477,90521.28000000001,USGS_gage_proxy
2001-10-20,1.0194,88076.16,USGS_gage_proxy
2001-10-21,1.0194,88076.16,USGS_gage_proxy
2001-10-22,1.0194,88076.16,USGS_gage_proxy
2001-10-23,1.0194,88076.16,USGS_gage_proxy
2001-10-24,1.0194,88076.16,USGS_gage_proxy
2001-10-25,0.9911,85631.04,USGS_gage_proxy
2001-10-26,0.9628,83185.92,USGS_gage_proxy
2001-10-27,0.9345,80740.8,USGS_gage_proxy
2001-10-28,0.9628,83185.92,USGS_gage_proxy
2001-10-29,0.9628,83185.92,USGS_gage_proxy
2001-10-30,0.8778,75841.92,USGS_gage_proxy
2001-10-31,1.0477,90521.28000000001,USGS_gage_proxy
2001-11-01,1.1044,95420.16,USGS_gage_proxy
2001-11-02,1.0194,88076.16,USGS_gage_proxy
2001-11-03,1.2459,107645.76,USGS_gage_proxy
2001-11-04,1.3026,112544.64,USGS_gage_proxy
2001-11-05,1.2176,105200.64,USGS_gage_proxy
2001-11-06,1.161,100310.40000000001,USGS_gage_proxy
2001-11-07,1.1327,97865.28,USGS_gage_proxy
2001-11-08,1.161,100310.40000000001,USGS_gage_proxy
2001-11-09,1.1044,95420.16,USGS_gage_proxy
2001-11-10,1.076,92966.40000000001,USGS_gage_proxy
2001-11-11,1.1327,97865.28,USGS_gage_proxy
2001-11-12,1.161,100310.40000000001,USGS_gage_proxy
2001-11-13,1.161,100310.40000000001,USGS_gage_proxy
2001-11-14,1.4442,124778.87999999999,USGS_gage_proxy
2001-11-15,1.6141,139458.24000000002,USGS_gage_proxy
2001-11-16,3.2847,283798.08,USGS_gage_proxy
2001-11-17,10.3073,890550.72,USGS_gage_proxy
2001-11-18,10.7604,929698.56,USGS_gage_proxy
2001-11-19,10.6471,919909.44,USGS_gage_proxy
2001-11-20,10.3639,895440.96,USGS_gage_proxy
2001-11-21,10.4206,900339.8400000001,USGS_gage_proxy
2001-11-22,10.8453,937033.92,USGS_gage_proxy
2001-11-23,10.9586,946823.04,USGS_gage_proxy
2001-11-24,9.5994,829388.1599999999,USGS_gage_proxy
2001-11-25,5.2386,452615.04,USGS_gage_proxy
2001-11-26,2.5768,222635.52,USGS_gage_proxy
2001-11-27,1.8689,161472.96,USGS_gage_proxy
2001-11-28,1.8123,156582.72,USGS_gage_proxy
2001-11-29,1.7273,149238.72,USGS_gage_proxy
2001-11-30,1.5008,129669.12,USGS_gage_proxy
2001-12-01,1.5574,134559.36,USGS_gage_proxy
2001-12-02,1.6424,141903.36000000002,USGS_gage_proxy
2001-12-03,1.7556,151683.84,USGS_gage_proxy
2001-12-04,1.7556,151683.84,USGS_gage_proxy
2001-12-05,1.7273,149238.72,USGS_gage_proxy
2001-12-06,1.699,146793.6,USGS_gage_proxy
2001-12-07,1.6707,144348.48,USGS_gage_proxy
2001-12-08,1.6424,141903.36000000002,USGS_gage_proxy
2001-12-09,1.6141,139458.24000000002,USGS_gage_proxy
2001-12-10,1.5857,137004.48,USGS_gage_proxy
2001-12-11,1.5857,137004.48,USGS_gage_proxy
2001-12-12,1.5857,137004.48,USGS_gage_proxy
2001-12-13,1.6424,141903.36000000002,USGS_gage_proxy
2001-12-14,1.7273,149238.72,USGS_gage_proxy
2001-12-15,1.6707,144348.48,USGS_gage_proxy
2001-12-16,1.5857,137004.48,USGS_gage_proxy
2001-12-17,1.5291,132114.24,USGS_gage_proxy
2001-12-18,1.5574,134559.36,USGS_gage_proxy
2001-12-19,1.5574,134559.36,USGS_gage_proxy
2001-12-20,1.5291,132114.24,USGS_gage_proxy
2001-12-21,5.097,440380.80000000005,USGS_gage_proxy
2001-12-22,13.7053,1184137.92,USGS_gage_proxy
2001-12-23,12.6293,1091171.52,USGS_gage_proxy
2001-12-24,4.7572,411022.08,USGS_gage_proxy
2001-12-25,2.237,193276.80000000002,USGS_gage_proxy
2001-12-26,1.8689,161472.96,USGS_gage_proxy
2001-12-27,1.7273,149238.72,USGS_gage_proxy
2001-12-28,1.6707,144348.48,USGS_gage_proxy
2001-12-29,1.6424,141903.36000000002,USGS_gage_proxy
2001-12-30,1.6141,139458.24000000002,USGS_gage_proxy
2001-12-31,1.5857,137004.48,USGS_gage_proxy
2002-01-01,1.5574,134559.36,USGS_gage_proxy
2002-01-02,1.5574,134559.36,USGS_gage_proxy
2002-01-03,1.5574,134559.36,USGS_gage_proxy
2002-01-04,1.5574,134559.36,USGS_gage_proxy
2002-01-05,1.5291,132114.24,USGS_gage_proxy
2002-01-06,1.4725,127224.0,USGS_gage_proxy
2002-01-07,1.4442,124778.87999999999,USGS_gage_proxy
2002-01-08,1.4158,122325.12,USGS_gage_proxy
2002-01-09,1.3875,119880.0,USGS_gage_proxy
2002-01-10,1.3875,119880.0,USGS_gage_proxy
2002-01-11,1.3592,117434.87999999999,USGS_gage_proxy
2002-01-12,1.3309,114989.76,USGS_gage_proxy
2002-01-13,1.3026,112544.64,USGS_gage_proxy
2002-01-14,1.3026,112544.64,USGS_gage_proxy
2002-01-15,1.2459,107645.76,USGS_gage_proxy
2002-01-16,1.2743,110099.52,USGS_gage_proxy
2002-01-17,1.2459,107645.76,USGS_gage_proxy
2002-01-18,1.2459,107645.76,USGS_gage_proxy
2002-01-19,1.3026,112544.64,USGS_gage_proxy
2002-01-20,1.2743,110099.52,USGS_gage_proxy
2002-01-21,1.2176,105200.64,USGS_gage_proxy
2002-01-22,1.2176,105200.64,USGS_gage_proxy
2002-01-23,1.2459,107645.76,USGS_gage_proxy
2002-01-24,1.2459,107645.76,USGS_gage_proxy
2002-01-25,1.2459,107645.76,USGS_gage_proxy
2002-01-26,1.2743,110099.52,USGS_gage_proxy
2002-01-27,1.2743,110099.52,USGS_gage_proxy
2002-01-28,1.2459,107645.76,USGS_gage_proxy
2002-01-29,1.2743,110099.52,USGS_gage_proxy
2002-01-30,1.3309,114989.76,USGS_gage_proxy
2002-01-31,1.3309,114989.76,USGS_gage_proxy
2002-02-01,1.2743,110099.52,USGS_gage_proxy
2002-02-02,1.2459,107645.76,USGS_gage_proxy
2002-02-03,1.2743,110099.52,USGS_gage_proxy
2002-02-04,1.2743,110099.52,USGS_gage_proxy
2002-02-05,1.3875,119880.0,USGS_gage_proxy
2002-02-06,1.3875,119880.0,USGS_gage_proxy
2002-02-07,1.4442,124778.87999999999,USGS_gage_proxy
2002-02-08,1.5008,129669.12,USGS_gage_proxy
2002-02-09,1.3309,114989.76,USGS_gage_proxy
2002-02-10,1.1893,102755.52,USGS_gage_proxy
2002-02-11,1.1893,102755.52,USGS_gage_proxy
2002-02-12,1.161,100310.40000000001,USGS_gage_proxy
2002-02-13,1.1044,95420.16,USGS_gage_proxy
2002-02-14,1.1044,95420.16,USGS_gage_proxy
2002-02-15,1.1044,95420.16,USGS_gage_proxy
2002-02-16,1.1327,97865.28,USGS_gage_proxy
2002-02-17,1.161,100310.40000000001,USGS_gage_proxy
2002-02-18,1.161,100310.40000000001,USGS_gage_proxy
2002-02-19,1.1893,102755.52,USGS_gage_proxy
2002-02-20,1.161,100310.40000000001,USGS_gage_proxy
2002-02-21,1.1893,102755.52,USGS_gage_proxy
2002-02-22,1.161,100310.40000000001,USGS_gage_proxy
2002-02-23,1.1327,97865.28,USGS_gage_proxy
2002-02-24,1.1327,97865.28,USGS_gage_proxy
2002-02-25,1.1044,95420.16,USGS_gage_proxy
2002-02-26,1.076,92966.40000000001,USGS_gage_proxy
2002-02-27,1.076,92966.40000000001,USGS_gage_proxy
2002-02-28,1.0477,90521.28000000001,USGS_gage_proxy
2002-03-01,1.076,92966.40000000001,USGS_gage_proxy
2002-03-02,1.0477,90521.28000000001,USGS_gage_proxy
2002-03-03,1.076,92966.40000000001,USGS_gage_proxy
2002-03-04,1.076,92966.40000000001,USGS_gage_proxy
2002-03-05,1.0477,90521.28000000001,USGS_gage_proxy
2002-03-06,1.0477,90521.28000000001,USGS_gage_proxy
2002-03-07,1.0477,90521.28000000001,USGS_gage_proxy
2002-03-08,1.076,92966.40000000001,USGS_gage_proxy
2002-03-09,1.1044,95420.16,USGS_gage_proxy
2002-03-10,1.1327,97865.28,USGS_gage_proxy
2002-03-11,1.1327,97865.28,USGS_gage_proxy
2002-03-12,1.0477,90521.28000000001,USGS_gage_proxy
2002-03-13,1.0477,90521.28000000001,USGS_gage_proxy
2002-03-14,1.0477,90521.28000000001,USGS_gage_proxy
2002-03-15,1.0477,90521.28000000001,USGS_gage_proxy
2002-03-16,1.0194,88076.16,USGS_gage_proxy
2002-03-17,1.0477,90521.28000000001,USGS_gage_proxy
2002-03-18,1.0194,88076.16,USGS_gage_proxy
2002-03-19,1.076,92966.40000000001,USGS_gage_proxy
2002-03-20,1.1893,102755.52,USGS_gage_proxy
2002-03-21,1.3309,114989.76,USGS_gage_proxy
2002-03-22,1.3592,117434.87999999999,USGS_gage_proxy
2002-03-23,1.2743,110099.52,USGS_gage_proxy
2002-03-24,1.1327,97865.28,USGS_gage_proxy
2002-03-25,1.076,92966.40000000001,USGS_gage_proxy
2002-03-26,1.076,92966.40000000001,USGS_gage_proxy
2002-03-27,1.1044,95420.16,USGS_gage_proxy
2002-03-28,1.0477,90521.28000000001,USGS_gage_proxy
2002-03-29,1.0477,90521.28000000001,USGS_gage_proxy
2002-03-30,1.3309,114989.76,USGS_gage_proxy
2002-03-31,1.3875,119880.0,USGS_gage_proxy
2002-04-01,1.699,146793.6,USGS_gage_proxy
2002-04-02,1.8406,159027.84,USGS_gage_proxy
2002-04-03,1.3875,119880.0,USGS_gage_proxy
2002-04-04,1.2459,107645.76,USGS_gage_proxy
2002-04-05,1.161,100310.40000000001,USGS_gage_proxy
2002-04-06,1.1044,95420.16,USGS_gage_proxy
2002-04-07,1.076,92966.40000000001,USGS_gage_proxy
2002-04-08,1.076,92966.40000000001,USGS_gage_proxy
2002-04-09,1.076,92966.40000000001,USGS_gage_proxy
2002-04-10,1.076,92966.40000000001,USGS_gage_proxy
2002-04-11,1.1893,102755.52,USGS_gage_proxy
2002-04-12,1.3309,114989.76,USGS_gage_proxy
2002-04-13,1.3592,117434.87999999999,USGS_gage_proxy
2002-04-14,1.4158,122325.12,USGS_gage_proxy
2002-04-15,1.2176,105200.64,USGS_gage_proxy
2002-04-16,1.0194,88076.16,USGS_gage_proxy
2002-04-17,1.0477,90521.28000000001,USGS_gage_proxy
2002-04-18,1.161,100310.40000000001,USGS_gage_proxy
2002-04-19,1.076,92966.40000000001,USGS_gage_proxy
2002-04-20,0.9911,85631.04,USGS_gage_proxy
2002-04-21,0.9345,80740.8,USGS_gage_proxy
2002-04-22,0.9061,78287.04000000001,USGS_gage_proxy
2002-04-23,0.8778,75841.92,USGS_gage_proxy
2002-04-24,0.8778,75841.92,USGS_gage_proxy
2002-04-25,0.8778,75841.92,USGS_gage_proxy
2002-04-26,0.9061,78287.04000000001,USGS_gage_proxy
2002-04-27,0.8495,73396.8,USGS_gage_proxy
2002-04-28,0.7929,68506.56,USGS_gage_proxy
2002-04-29,0.8212,70951.68000000001,USGS_gage_proxy
2002-04-30,0.7929,68506.56,USGS_gage_proxy
2002-05-01,0.7362,63607.68,USGS_gage_proxy
2002-05-02,0.7079,61162.56,USGS_gage_proxy
2002-05-03,0.7079,61162.56,USGS_gage_proxy
2002-05-04,0.7362,63607.68,USGS_gage_proxy
2002-05-05,0.7079,61162.56,USGS_gage_proxy
2002-05-06,0.6796,58717.439999999995,USGS_gage_proxy
2002-05-07,0.6513,56272.32,USGS_gage_proxy
2002-05-08,0.6513,56272.32,USGS_gage_proxy
2002-05-09,0.6513,56272.32,USGS_gage_proxy
2002-05-10,0.5947,51382.08,USGS_gage_proxy
2002-05-11,0.538,46483.200000000004,USGS_gage_proxy
2002-05-12,0.4814,41592.96,USGS_gage_proxy
2002-05-13,0.4248,36702.72,USGS_gage_proxy
2002-05-14,0.4531,39147.840000000004,USGS_gage_proxy
2002-05-15,0.623,53827.2,USGS_gage_proxy
2002-05-16,0.6796,58717.439999999995,USGS_gage_proxy
2002-05-17,0.5663,48928.32,USGS_gage_proxy
2002-05-18,0.4814,41592.96,USGS_gage_proxy
2002-05-19,0.4814,41592.96,USGS_gage_proxy
2002-05-20,0.4814,41592.96,USGS_gage_proxy
2002-05-21,0.4531,39147.840000000004,USGS_gage_proxy
2002-05-22,0.4248,36702.72,USGS_gage_proxy
2002-05-23,0.4531,39147.840000000004,USGS_gage_proxy
2002-05-24,0.4248,36702.72,USGS_gage_proxy
2002-05-25,0.4248,36702.72,USGS_gage_proxy
2002-05-26,0.3964,34248.96,USGS_gage_proxy
2002-05-27,0.4248,36702.72,USGS_gage_proxy
2002-05-28,0.5097,44038.08,USGS_gage_proxy
2002-05-29,0.4814,41592.96,USGS_gage_proxy
2002-05-30,0.4814,41592.96,USGS_gage_proxy
2002-05-31,0.4531,39147.840000000004,USGS_gage_proxy
2002-06-01,0.4531,39147.840000000004,USGS_gage_proxy
2002-06-02,0.4248,36702.72,USGS_gage_proxy
2002-06-03,0.3964,34248.96,USGS_gage_proxy
2002-06-04,0.3964,34248.96,USGS_gage_proxy
2002-06-05,0.4248,36702.72,USGS_gage_proxy
2002-06-06,0.4248,36702.72,USGS_gage_proxy
2002-06-07,0.3964,34248.96,USGS_gage_proxy
2002-06-08,0.3964,34248.96,USGS_gage_proxy
2002-06-09,0.3681,31803.84,USGS_gage_proxy
2002-06-10,0.3681,31803.84,USGS_gage_proxy
2002-06-11,0.3398,29358.719999999998,USGS_gage_proxy
2002-06-12,0.3681,31803.84,USGS_gage_proxy
2002-06-13,0.3398,29358.719999999998,USGS_gage_proxy
2002-06-14,0.3398,29358.719999999998,USGS_gage_proxy
2002-06-15,0.3398,29358.719999999998,USGS_gage_proxy
2002-06-16,0.3398,29358.719999999998,USGS_gage_proxy
2002-06-17,0.3398,29358.719999999998,USGS_gage_proxy
2002-06-18,0.3115,26913.6,USGS_gage_proxy
2002-06-19,0.2832,24468.48,USGS_gage_proxy
2002-06-20,0.538,46483.200000000004,USGS_gage_proxy
2002-06-21,7.4756,645891.84,USGS_gage_proxy
2002-06-22,7.7588,670360.32,USGS_gage_proxy
2002-06-23,3.398,293587.2,USGS_gage_proxy
2002-06-24,1.5291,132114.24,USGS_gage_proxy
2002-06-25,0.9628,83185.92,USGS_gage_proxy
2002-06-26,0.7362,63607.68,USGS_gage_proxy
2002-06-27,0.6513,56272.32,USGS_gage_proxy
2002-06-28,0.538,46483.200000000004,USGS_gage_proxy
2002-06-29,0.5097,44038.08,USGS_gage_proxy
2002-06-30,0.4814,41592.96,USGS_gage_proxy
2002-07-01,0.4531,39147.840000000004,USGS_gage_proxy
2002-07-02,0.4531,39147.840000000004,USGS_gage_proxy
2002-07-03,0.4814,41592.96,USGS_gage_proxy
2002-07-04,0.623,53827.2,USGS_gage_proxy
2002-07-05,9.5994,829388.1599999999,USGS_gage_proxy
2002-07-06,9.118,787795.2000000001,USGS_gage_proxy
2002-07-07,6.6828,577393.92,USGS_gage_proxy
2002-07-08,5.4368,469739.51999999996,USGS_gage_proxy
2002-07-09,2.6618,229979.52,USGS_gage_proxy
2002-07-10,1.699,146793.6,USGS_gage_proxy
2002-07-11,1.3026,112544.64,USGS_gage_proxy
2002-07-12,1.0194,88076.16,USGS_gage_proxy
2002-07-13,0.9061,78287.04000000001,USGS_gage_proxy
2002-07-14,0.8212,70951.68000000001,USGS_gage_proxy
2002-07-15,0.7646,66061.44,USGS_gage_proxy
2002-07-16,0.7362,63607.68,USGS_gage_proxy
2002-07-17,0.7079,61162.56,USGS_gage_proxy
2002-07-18,0.6796,58717.439999999995,USGS_gage_proxy
2002-07-19,1.7556,151683.84,USGS_gage_proxy
2002-07-20,3.1715,274017.6,USGS_gage_proxy
2002-07-21,1.5857,137004.48,USGS_gage_proxy
2002-07-22,1.1044,95420.16,USGS_gage_proxy
2002-07-23,0.8778,75841.92,USGS_gage_proxy
2002-07-24,0.7646,66061.44,USGS_gage_proxy
2002-07-25,0.6796,58717.439999999995,USGS_gage_proxy
2002-07-26,0.6513,56272.32,USGS_gage_proxy
2002-07-27,0.623,53827.2,USGS_gage_proxy
2002-07-28,0.6513,56272.32,USGS_gage_proxy
2002-07-29,0.5663,48928.32,USGS_gage_proxy
2002-07-30,0.5663,48928.32,USGS_gage_proxy
2002-07-31,0.5947,51382.08,USGS_gage_proxy
2002-08-01,0.4814,41592.96,USGS_gage_proxy
2002-08-02,7.0509,609197.76,USGS_gage_proxy
2002-08-03,6.1164,528456.96,USGS_gage_proxy
2002-08-04,2.4352,210401.28,USGS_gage_proxy
2002-08-05,1.161,100310.40000000001,USGS_gage_proxy
2002-08-06,0.9061,78287.04000000001,USGS_gage_proxy
2002-08-07,0.7929,68506.56,USGS_gage_proxy
2002-08-08,0.6513,56272.32,USGS_gage_proxy
2002-08-09,0.5663,48928.32,USGS_gage_proxy
2002-08-10,0.538,46483.200000000004,USGS_gage_proxy
2002-08-11,0.538,46483.200000000004,USGS_gage_proxy
2002-08-12,0.5097,44038.08,USGS_gage_proxy
2002-08-13,0.5097,44038.08,USGS_gage_proxy
2002-08-14,0.5097,44038.08,USGS_gage_proxy
2002-08-15,0.4814,41592.96,USGS_gage_proxy
2002-08-16,0.4531,39147.840000000004,USGS_gage_proxy
2002-08-17,0.4248,36702.72,USGS_gage_proxy
2002-08-18,0.4248,36702.72,USGS_gage_proxy
2002-08-19,0.3964,34248.96,USGS_gage_proxy
2002-08-20,1.076,92966.40000000001,USGS_gage_proxy
2002-08-21,0.5947,51382.08,USGS_gage_proxy
2002-08-22,0.5097,44038.08,USGS_gage_proxy
2002-08-23,0.4531,39147.840000000004,USGS_gage_proxy
2002-08-24,0.4248,36702.72,USGS_gage_proxy
2002-08-25,0.3964,34248.96,USGS_gage_proxy
2002-08-26,0.3681,31803.84,USGS_gage_proxy
2002-08-27,0.3115,26913.6,USGS_gage_proxy
2002-08-28,0.3115,26913.6,USGS_gage_proxy
2002-08-29,0.3398,29358.719999999998,USGS_gage_proxy
2002-08-30,1.1044,95420.16,USGS_gage_proxy
2002-08-31,1.076,92966.40000000001,USGS_gage_proxy
2002-09-01,0.5947,51382.08,USGS_gage_proxy
2002-09-02,0.5663,48928.32,USGS_gage_proxy
2002-09-03,0.538,46483.200000000004,USGS_gage_proxy
2002-09-04,0.4248,36702.72,USGS_gage_proxy
2002-09-05,0.4248,36702.72,USGS_gage_proxy
2002-09-06,0.4248,36702.72,USGS_gage_proxy
2002-09-07,0.3681,31803.84,USGS_gage_proxy
2002-09-08,0.3398,29358.719999999998,USGS_gage_proxy
2002-09-09,0.3115,26913.6,USGS_gage_proxy
2002-09-10,0.2832,24468.48,USGS_gage_proxy
2002-09-11,0.538,46483.200000000004,USGS_gage_proxy
2002-09-12,0.3681,31803.84,USGS_gage_proxy
2002-09-13,1.1893,102755.52,USGS_gage_proxy
2002-09-14,1.0194,88076.16,USGS_gage_proxy
2002-09-15,0.5947,51382.08,USGS_gage_proxy
2002-09-16,5.2103,450169.92000000004,USGS_gage_proxy
2002-09-17,3.1432,271572.48000000004,USGS_gage_proxy
2002-09-18,1.3875,119880.0,USGS_gage_proxy
2002-09-19,0.9345,80740.8,USGS_gage_proxy
2002-09-20,0.7079,61162.56,USGS_gage_proxy
2002-09-21,0.6513,56272.32,USGS_gage_proxy
2002-09-22,0.5663,48928.32,USGS_gage_proxy
2002-09-23,0.538,46483.200000000004,USGS_gage_proxy
2002-09-24,0.538,46483.200000000004,USGS_gage_proxy
2002-09-25,0.5097,44038.08,USGS_gage_proxy
2002-09-26,0.4814,41592.96,USGS_gage_proxy
2002-09-27,0.4531,39147.840000000004,USGS_gage_proxy
2002-09-28,0.4531,39147.840000000004,USGS_gage_proxy
2002-09-29,0.4531,39147.840000000004,USGS_gage_proxy
2002-09-30,0.3964,34248.96,USGS_gage_proxy
2002-10-01,0.4134,35717.76,USGS_gage_proxy
2002-10-02,0.4502,38897.28,USGS_gage_proxy
2002-10-03,0.4955,42811.2,USGS_gage_proxy
2002-10-04,0.5352,46241.28,USGS_gage_proxy
2002-10-05,0.5324,45999.36,USGS_gage_proxy
2002-10-06,0.538,46483.200000000004,USGS_gage_proxy
2002-10-07,2.0898,180558.72,USGS_gage_proxy
2002-10-08,0.5663,48928.32,USGS_gage_proxy
2002-10-09,0.5692,49178.880000000005,USGS_gage_proxy
2002-10-10,0.6881,59451.840000000004,USGS_gage_proxy
2002-10-11,0.8155,70459.2,USGS_gage_proxy
2002-10-12,0.8184,70709.76,USGS_gage_proxy
2002-10-13,0.8722,75358.08,USGS_gage_proxy
2002-10-14,0.8382,72420.48,USGS_gage_proxy
2002-10-15,0.8891,76818.24,USGS_gage_proxy
2002-10-16,0.9713,83920.32,USGS_gage_proxy
2002-10-17,0.8467,73154.88,USGS_gage_proxy
2002-10-18,0.8353,72169.92,USGS_gage_proxy
2002-10-19,0.8693,75107.51999999999,USGS_gage_proxy
2002-10-20,0.8665,74865.6,USGS_gage_proxy
2002-10-21,0.8523,73638.72,USGS_gage_proxy
2002-10-22,0.9939,85872.96,USGS_gage_proxy
2002-10-23,0.9798,84654.72,USGS_gage_proxy
2002-10-24,0.9628,83185.92,USGS_gage_proxy
2002-10-25,1.1072,95662.08,USGS_gage_proxy
2002-10-26,1.1723,101286.71999999999,USGS_gage_proxy
2002-10-27,2.1323,184230.72,USGS_gage_proxy
2002-10-28,1.8349,158535.36,USGS_gage_proxy
2002-10-29,1.5999,138231.36000000002,USGS_gage_proxy
2002-10-30,1.5206,131379.84,USGS_gage_proxy
2002-10-31,1.3196,114013.44,USGS_gage_proxy
2002-11-01,1.1978,103489.92,USGS_gage_proxy
2002-11-02,1.127,97372.8,USGS_gage_proxy
2002-11-03,1.1242,97130.88,USGS_gage_proxy
2002-11-04,1.1157,96396.48,USGS_gage_proxy
2002-11-05,1.1044,95420.16,USGS_gage_proxy
2002-11-06,1.076,92966.40000000001,USGS_gage_proxy
2002-11-07,1.0874,93951.35999999999,USGS_gage_proxy
2002-11-08,1.0477,90521.28000000001,USGS_gage_proxy
2002-11-09,1.0421,90037.44,USGS_gage_proxy
2002-11-10,1.0052,86849.28000000001,USGS_gage_proxy
2002-11-11,0.9996,86365.44,USGS_gage_proxy
2002-11-12,1.0194,88076.16,USGS_gage_proxy
2002-11-13,0.9656,83427.84,USGS_gage_proxy
2002-11-14,0.9628,83185.92,USGS_gage_proxy
2002-11-15,1.0137,87583.68000000001,USGS_gage_proxy
2002-11-16,1.0675,92231.99999999999,USGS_gage_proxy
2002-11-17,1.0959,94685.76000000001,USGS_gage_proxy
2002-11-18,1.144,98841.59999999999,USGS_gage_proxy
2002-11-19,1.1327,97865.28,USGS_gage_proxy
2002-11-20,1.0336,89303.04000000001,USGS_gage_proxy
2002-11-21,1.0392,89786.87999999999,USGS_gage_proxy
2002-11-22,1.0477,90521.28000000001,USGS_gage_proxy
2002-11-23,1.0421,90037.44,USGS_gage_proxy
2002-11-24,1.0392,89786.87999999999,USGS_gage_proxy
2002-11-25,1.0307,89052.48,USGS_gage_proxy
2002-11-26,1.0364,89544.95999999999,USGS_gage_proxy
2002-11-27,1.0251,88568.63999999998,USGS_gage_proxy
2002-11-28,1.0421,90037.44,USGS_gage_proxy
2002-11-29,1.0421,90037.44,USGS_gage_proxy
2002-11-30,1.0647,91990.08,USGS_gage_proxy
2002-12-01,1.076,92966.40000000001,USGS_gage_proxy
2002-12-02,1.0959,94685.76000000001,USGS_gage_proxy
2002-12-03,1.2176,105200.64,USGS_gage_proxy
2002-12-04,1.2516,108138.24,USGS_gage_proxy
2002-12-05,1.2601,108872.64,USGS_gage_proxy
2002-12-06,4.8988,423256.31999999995,USGS_gage_proxy
2002-12-07,13.677,1181692.8,USGS_gage_proxy
2002-12-08,14.9513,1291792.32,USGS_gage_proxy
2002-12-09,15.0079,1296682.56,USGS_gage_proxy
2002-12-10,15.1778,1311361.92,USGS_gage_proxy
2002-12-11,15.2061,1313807.04,USGS_gage_proxy
2002-12-12,15.2061,1313807.04,USGS_gage_proxy
2002-12-13,16.3105,1409227.2000000002,USGS_gage_proxy
2002-12-14,15.0079,1296682.56,USGS_gage_proxy
2002-12-15,13.0824,1130319.3599999999,USGS_gage_proxy
2002-12-16,11.2135,968846.4,USGS_gage_proxy
2002-12-17,10.7887,932143.68,USGS_gage_proxy
2002-12-18,8.3818,724187.52,USGS_gage_proxy
2002-12-19,4.8988,423256.31999999995,USGS_gage_proxy
2002-12-20,2.6051,225080.64,USGS_gage_proxy
2002-12-21,2.0671,178597.44,USGS_gage_proxy
2002-12-22,1.699,146793.6,USGS_gage_proxy
2002-12-23,1.6027,138473.28,USGS_gage_proxy
2002-12-24,1.5291,132114.24,USGS_gage_proxy
2002-12-25,1.4442,124778.87999999999,USGS_gage_proxy
2002-12-26,1.4442,124778.87999999999,USGS_gage_proxy
2002-12-27,1.3875,119880.0,USGS_gage_proxy
2002-12-28,1.3309,114989.76,USGS_gage_proxy
2002-12-29,1.4045,121348.8,USGS_gage_proxy
2002-12-30,1.3309,114989.76,USGS_gage_proxy
2002-12-31,1.2459,107645.76,USGS_gage_proxy
2003-01-01,1.2969,112052.15999999999,USGS_gage_proxy
2003-01-02,1.3026,112544.64,USGS_gage_proxy
2003-01-03,1.3309,114989.76,USGS_gage_proxy
2003-01-04,1.3309,114989.76,USGS_gage_proxy
2003-01-05,1.3309,114989.76,USGS_gage_proxy
2003-01-06,1.2516,108138.24,USGS_gage_proxy
2003-01-07,1.2856,111075.84000000001,USGS_gage_proxy
2003-01-08,1.3026,112544.64,USGS_gage_proxy
2003-01-09,1.2629,109114.56,USGS_gage_proxy
2003-01-10,1.1723,101286.71999999999,USGS_gage_proxy
2003-01-11,1.1893,102755.52,USGS_gage_proxy
2003-01-12,1.1383,98349.12000000001,USGS_gage_proxy
2003-01-13,1.1044,95420.16,USGS_gage_proxy
2003-01-14,1.1242,97130.88,USGS_gage_proxy
2003-01-15,1.1723,101286.71999999999,USGS_gage_proxy
2003-01-16,1.2856,111075.84000000001,USGS_gage_proxy
2003-01-17,1.6622,143614.08,USGS_gage_proxy
2003-01-18,1.699,146793.6,USGS_gage_proxy
2003-01-19,1.665,143856.0,USGS_gage_proxy
2003-01-20,1.6764,144840.96,USGS_gage_proxy
2003-01-21,1.6933,146301.12,USGS_gage_proxy
2003-01-22,1.6905,146059.19999999998,USGS_gage_proxy
2003-01-23,1.6877,145817.28,USGS_gage_proxy
2003-01-24,1.8548,160254.72,USGS_gage_proxy
2003-01-25,2.0388,176152.32,USGS_gage_proxy
2003-01-26,1.9963,172480.32,USGS_gage_proxy
2003-01-27,1.9312,166855.68,USGS_gage_proxy
2003-01-28,1.9199,165879.36,USGS_gage_proxy
2003-01-29,1.8378,158785.92,USGS_gage_proxy
2003-01-30,1.6226,140192.64,USGS_gage_proxy
2003-01-31,1.4725,127224.0,USGS_gage_proxy
2003-02-01,1.3904,120130.56000000001,USGS_gage_proxy
2003-02-02,1.6027,138473.28,USGS_gage_proxy
2003-02-03,1.6905,146059.19999999998,USGS_gage_proxy
2003-02-04,1.6367,141410.88,USGS_gage_proxy
2003-02-05,1.5801,136520.64,USGS_gage_proxy
2003-02-06,1.4328,123793.92000000001,USGS_gage_proxy
2003-02-07,1.2403,107161.92,USGS_gage_proxy
2003-02-08,1.2743,110099.52,USGS_gage_proxy
2003-02-09,1.3705,118411.20000000001,USGS_gage_proxy
2003-02-10,1.4583,125997.12,USGS_gage_proxy
2003-02-11,1.4838,128200.32,USGS_gage_proxy
2003-02-12,1.4442,124778.87999999999,USGS_gage_proxy
2003-02-13,1.3196,114013.44,USGS_gage_proxy
2003-02-14,1.2176,105200.64,USGS_gage_proxy
2003-02-15,1.1582,100068.48,USGS_gage_proxy
2003-02-16,1.2912,111559.68,USGS_gage_proxy
2003-02-17,1.3649,117927.36,USGS_gage_proxy
2003-02-18,1.3507,116700.48,USGS_gage_proxy
2003-02-19,1.3705,118411.20000000001,USGS_gage_proxy
2003-02-20,1.6027,138473.28,USGS_gage_proxy
2003-02-21,1.7641,152418.24,USGS_gage_proxy
2003-02-22,1.9737,170527.68,USGS_gage_proxy
2003-02-23,1.9878,171745.92,USGS_gage_proxy
2003-02-24,1.5546,134317.44,USGS_gage_proxy
2003-02-25,1.3082,113028.48,USGS_gage_proxy
2003-02-26,1.195,103248.0,USGS_gage_proxy
2003-02-27,1.3196,114013.44,USGS_gage_proxy
2003-02-28,1.3677,118169.28,USGS_gage_proxy
2003-03-01,1.2658,109365.12000000001,USGS_gage_proxy
2003-03-02,1.2261,105935.04,USGS_gage_proxy
2003-03-03,1.2261,105935.04,USGS_gage_proxy
2003-03-04,1.2516,108138.24,USGS_gage_proxy
2003-03-05,1.2884,111317.76,USGS_gage_proxy
2003-03-06,1.2629,109114.56,USGS_gage_proxy
2003-03-07,1.2573,108630.72,USGS_gage_proxy
2003-03-08,1.2035,103982.4,USGS_gage_proxy
2003-03-09,1.1751,101528.64,USGS_gage_proxy
2003-03-10,1.1836,102263.04,USGS_gage_proxy
2003-03-11,1.1865,102513.6,USGS_gage_proxy
2003-03-12,1.195,103248.0,USGS_gage_proxy
2003-03-13,1.1468,99083.52,USGS_gage_proxy
2003-03-14,1.0675,92231.99999999999,USGS_gage_proxy
2003-03-15,1.0449,90279.36,USGS_gage_proxy
2003-03-16,1.9312,166855.68,USGS_gage_proxy
2003-03-17,1.5688,135544.32,USGS_gage_proxy
2003-03-18,1.3139,113520.96,USGS_gage_proxy
2003-03-19,1.1015,95169.59999999999,USGS_gage_proxy
2003-03-20,1.0506,90771.84,USGS_gage_proxy
2003-03-21,1.1044,95420.16,USGS_gage_proxy
2003-03-22,1.0052,86849.28000000001,USGS_gage_proxy
2003-03-23,1.0336,89303.04000000001,USGS_gage_proxy
2003-03-24,1.0845,93700.8,USGS_gage_proxy
2003-03-25,1.0845,93700.8,USGS_gage_proxy
2003-03-26,1.0534,91013.76,USGS_gage_proxy
2003-03-27,1.0449,90279.36,USGS_gage_proxy
2003-03-28,0.9939,85872.96,USGS_gage_proxy
2003-03-29,1.0194,88076.16,USGS_gage_proxy
2003-03-30,0.9996,86365.44,USGS_gage_proxy
2003-03-31,0.9713,83920.32,USGS_gage_proxy
2003-04-01,1.0052,86849.28000000001,USGS_gage_proxy
2003-04-02,1.0251,88568.63999999998,USGS_gage_proxy
2003-04-03,0.9769,84404.16,USGS_gage_proxy
2003-04-04,0.841,72662.4,USGS_gage_proxy
2003-04-05,0.6994,60428.16,USGS_gage_proxy
2003-04-06,0.6116,52842.240000000005,USGS_gage_proxy
2003-04-07,0.555,47952.00000000001,USGS_gage_proxy
2003-04-08,0.5352,46241.28,USGS_gage_proxy
2003-04-09,0.5437,46975.67999999999,USGS_gage_proxy
2003-04-10,0.5465,47217.6,USGS_gage_proxy
2003-04-11,0.6173,53334.719999999994,USGS_gage_proxy
2003-04-12,0.5862,50647.68000000001,USGS_gage_proxy
2003-04-13,0.5069,43796.16,USGS_gage_proxy
2003-04-14,0.4531,39147.840000000004,USGS_gage_proxy
2003-04-15,0.4049,34983.36,USGS_gage_proxy
2003-04-16,0.3908,33765.119999999995,USGS_gage_proxy
2003-04-17,0.3313,28624.32,USGS_gage_proxy
2003-04-18,0.3058,26421.120000000003,USGS_gage_proxy
2003-04-19,0.3002,25937.280000000002,USGS_gage_proxy
2003-04-20,0.2945,25444.8,USGS_gage_proxy
2003-04-21,0.2747,23734.08,USGS_gage_proxy
2003-04-22,0.2769,23924.16,USGS_gage_proxy
2003-04-23,0.3455,29851.199999999997,USGS_gage_proxy
2003-04-24,0.3653,31561.920000000002,USGS_gage_proxy
2003-04-25,0.3002,25937.280000000002,USGS_gage_proxy
2003-04-26,0.2619,22628.160000000003,USGS_gage_proxy
2003-04-27,0.2826,24416.640000000003,USGS_gage_proxy
2003-04-28,0.3625,31320.0,USGS_gage_proxy
2003-04-29,0.3511,30335.04,USGS_gage_proxy
2003-04-30,0.3681,31803.84,USGS_gage_proxy
2003-05-01,0.4163,35968.32,USGS_gage_proxy
2003-05-02,0.337,29116.800000000003,USGS_gage_proxy
2003-05-03,0.2832,24468.48,USGS_gage_proxy
2003-05-04,0.2529,21850.56,USGS_gage_proxy
2003-05-05,0.243,20995.2,USGS_gage_proxy
2003-05-06,0.2376,20528.64,USGS_gage_proxy
2003-05-07,0.2209,19085.760000000002,USGS_gage_proxy
2003-05-08,0.2107,18204.48,USGS_gage_proxy
2003-05-09,0.209,18057.6,USGS_gage_proxy
2003-05-10,0.2061,17807.04,USGS_gage_proxy
2003-05-11,0.2078,17953.920000000002,USGS_gage_proxy
2003-05-12,0.2339,20208.96,USGS_gage_proxy
2003-05-13,0.2563,22144.319999999996,USGS_gage_proxy
2003-05-14,0.2625,22680.0,USGS_gage_proxy
2003-05-15,0.2472,21358.08,USGS_gage_proxy
2003-05-16,0.2387,20623.68,USGS_gage_proxy
2003-05-17,0.2305,19915.2,USGS_gage_proxy
2003-05-18,0.218,18835.2,USGS_gage_proxy
2003-05-19,0.2189,18912.960000000003,USGS_gage_proxy
2003-05-20,0.2175,18792.0,USGS_gage_proxy
2003-05-21,0.2155,18619.2,USGS_gage_proxy
2003-05-22,0.2186,18887.039999999997,USGS_gage_proxy
2003-05-23,0.222,19180.8,USGS_gage_proxy
2003-05-24,0.233,20131.2,USGS_gage_proxy
2003-05-25,0.5239,45264.96000000001,USGS_gage_proxy
2003-05-26,4.7006,406131.83999999997,USGS_gage_proxy
2003-05-27,1.0477,90521.28000000001,USGS_gage_proxy
2003-05-28,1.8123,156582.72,USGS_gage_proxy
2003-05-29,1.3281,114747.84000000001,USGS_gage_proxy
2003-05-30,0.8552,73889.28,USGS_gage_proxy
2003-05-31,0.623,53827.2,USGS_gage_proxy
2003-06-01,0.5295,45748.799999999996,USGS_gage_proxy
2003-06-02,0.4446,38413.44,USGS_gage_proxy
2003-06-03,0.4021,34741.44,USGS_gage_proxy
2003-06-04,0.3738,32296.320000000003,USGS_gage_proxy
2003-06-05,0.3455,29851.199999999997,USGS_gage_proxy
2003-06-06,0.3313,28624.32,USGS_gage_proxy
2003-06-07,0.3511,30335.04,USGS_gage_proxy
2003-06-08,0.371,32054.4,USGS_gage_proxy
2003-06-09,0.3511,30335.04,USGS_gage_proxy
2003-06-10,0.337,29116.800000000003,USGS_gage_proxy
2003-06-11,0.3285,28382.4,USGS_gage_proxy
2003-06-12,0.3341,28866.24,USGS_gage_proxy
2003-06-13,0.3228,27889.92,USGS_gage_proxy
2003-06-14,0.3058,26421.120000000003,USGS_gage_proxy
2003-06-15,0.303,26179.2,USGS_gage_proxy
2003-06-16,0.303,26179.2,USGS_gage_proxy
2003-06-17,0.3115,26913.6,USGS_gage_proxy
2003-06-18,0.3087,26671.679999999997,USGS_gage_proxy
2003-06-19,0.2945,25444.8,USGS_gage_proxy
2003-06-20,0.303,26179.2,USGS_gage_proxy
2003-06-21,0.2832,24468.48,USGS_gage_proxy
2003-06-22,0.2718,23483.52,USGS_gage_proxy
2003-06-23,0.4248,36702.72,USGS_gage_proxy
2003-06-24,1.2969,112052.15999999999,USGS_gage_proxy
2003-06-25,0.5097,44038.08,USGS_gage_proxy
2003-06-26,0.4134,35717.76,USGS_gage_proxy
2003-06-27,0.3455,29851.199999999997,USGS_gage_proxy
2003-06-28,0.2973,25686.72,USGS_gage_proxy
2003-06-29,0.3823,33030.72,USGS_gage_proxy
2003-06-30,9.0897,785350.0800000001,USGS_gage_proxy
2003-07-01,0.3511,30335.04,USGS_gage_proxy
2003-07-02,0.2084,18005.76,USGS_gage_proxy
2003-07-03,0.2781,24027.84,USGS_gage_proxy
2003-07-04,0.3398,29358.719999999998,USGS_gage_proxy
2003-07-05,0.3596,31069.44,USGS_gage_proxy
2003-07-06,0.201,17366.4,USGS_gage_proxy
2003-07-07,0.2447,21142.08,USGS_gage_proxy
2003-07-08,0.2679,23146.56,USGS_gage_proxy
2003-07-09,0.2251,19448.64,USGS_gage_proxy
2003-07-10,0.1801,15560.640000000001,USGS_gage_proxy
2003-07-11,0.1858,16053.119999999999,USGS_gage_proxy
2003-07-12,0.1775,15336.0,USGS_gage_proxy
2003-07-13,0.1589,13728.960000000001,USGS_gage_proxy
2003-07-14,0.1458,12597.12,USGS_gage_proxy
2003-07-15,0.1362,11767.679999999998,USGS_gage_proxy
2003-07-16,0.1311,11327.039999999999,USGS_gage_proxy
2003-07-17,0.1328,11473.92,USGS_gage_proxy
2003-07-18,0.1424,12303.36,USGS_gage_proxy
2003-07-19,0.1396,12061.44,USGS_gage_proxy
2003-07-20,0.1385,11966.400000000001,USGS_gage_proxy
2003-07-21,0.1436,12407.04,USGS_gage_proxy
2003-07-22,0.1523,13158.72,USGS_gage_proxy
2003-07-23,0.1546,13357.439999999999,USGS_gage_proxy
2003-07-24,0.1756,15171.84,USGS_gage_proxy
2003-07-25,0.1781,15387.84,USGS_gage_proxy
2003-07-26,0.1846,15949.439999999999,USGS_gage_proxy
2003-07-27,0.192,16588.8,USGS_gage_proxy
2003-07-28,0.2206,19059.84,USGS_gage_proxy
2003-07-29,0.254,21945.6,USGS_gage_proxy
2003-07-30,0.2424,20943.36,USGS_gage_proxy
2003-07-31,0.2302,19889.28,USGS_gage_proxy
2003-08-01,0.2141,18498.24,USGS_gage_proxy
2003-08-02,0.2033,17565.12,USGS_gage_proxy
2003-08-03,0.1968,17003.52,USGS_gage_proxy
2003-08-04,0.1866,16122.24,USGS_gage_proxy
2003-08-05,0.1792,15482.88,USGS_gage_proxy
2003-08-06,0.1758,15189.12,USGS_gage_proxy
2003-08-07,0.1812,15655.68,USGS_gage_proxy
2003-08-08,0.1741,15042.24,USGS_gage_proxy
2003-08-09,0.1832,15828.48,USGS_gage_proxy
2003-08-10,0.1784,15413.76,USGS_gage_proxy
2003-08-11,0.1756,15171.84,USGS_gage_proxy
2003-08-12,0.1727,14921.279999999999,USGS_gage_proxy
2003-08-13,0.1566,13530.24,USGS_gage_proxy
2003-08-14,0.1419,12260.16,USGS_gage_proxy
2003-08-15,0.1399,12087.36,USGS_gage_proxy
2003-08-16,0.1492,12890.88,USGS_gage_proxy
2003-08-17,0.147,12700.8,USGS_gage_proxy
2003-08-18,0.1659,14333.759999999998,USGS_gage_proxy
2003-08-19,0.1945,16804.8,USGS_gage_proxy
2003-08-20,0.2127,18377.28,USGS_gage_proxy
2003-08-21,0.2121,18325.440000000002,USGS_gage_proxy
2003-08-22,0.2064,17832.96,USGS_gage_proxy
2003-08-23,0.2022,17470.079999999998,USGS_gage_proxy
2003-08-24,0.196,16934.4,USGS_gage_proxy
2003-08-25,0.2517,21746.879999999997,USGS_gage_proxy
2003-08-26,0.2557,22092.48,USGS_gage_proxy
2003-08-27,0.2141,18498.24,USGS_gage_proxy
2003-08-28,0.2132,18420.48,USGS_gage_proxy
2003-08-29,0.2415,20865.6,USGS_gage_proxy
2003-08-30,0.2662,22999.68,USGS_gage_proxy
2003-08-31,0.2597,22438.079999999998,USGS_gage_proxy
2003-09-01,0.2597,22438.079999999998,USGS_gage_proxy
2003-09-02,0.2322,20062.079999999998,USGS_gage_proxy
2003-09-03,0.2319,20036.16,USGS_gage_proxy
2003-09-04,0.2336,20183.04,USGS_gage_proxy
2003-09-05,0.2373,20502.72,USGS_gage_proxy
2003-09-06,0.2254,19474.559999999998,USGS_gage_proxy
2003-09-07,0.2328,20113.920000000002,USGS_gage_proxy
2003-09-08,0.2387,20623.68,USGS_gage_proxy
2003-09-09,0.2444,21116.16,USGS_gage_proxy
2003-09-10,0.3002,25937.280000000002,USGS_gage_proxy
2003-09-11,0.2832,24468.48,USGS_gage_proxy
2003-09-12,0.2747,23734.08,USGS_gage_proxy
2003-09-13,0.2738,23656.32,USGS_gage_proxy
2003-09-14,0.2973,25686.72,USGS_gage_proxy
2003-09-15,0.2917,25202.88,USGS_gage_proxy
2003-09-16,0.273,23587.2,USGS_gage_proxy
2003-09-17,0.32,27648.0,USGS_gage_proxy
2003-09-18,0.337,29116.800000000003,USGS_gage_proxy
2003-09-19,0.3398,29358.719999999998,USGS_gage_proxy
2003-09-20,0.3115,26913.6,USGS_gage_proxy
2003-09-21,0.303,26179.2,USGS_gage_proxy
2003-09-22,0.2973,25686.72,USGS_gage_proxy
2003-09-23,0.303,26179.2,USGS_gage_proxy
2003-09-24,0.3002,25937.280000000002,USGS_gage_proxy
2003-09-25,1.5206,131379.84,USGS_gage_proxy
2003-09-26,0.589,50889.6,USGS_gage_proxy
2003-09-27,0.4276,36944.64,USGS_gage_proxy
2003-09-28,0.3596,31069.44,USGS_gage_proxy
2003-09-29,0.3398,29358.719999999998,USGS_gage_proxy
2003-09-30,0.3228,27889.92,USGS_gage_proxy
2003-10-01,0.3115,26913.6,USGS_gage_proxy
2003-10-02,0.3115,26913.6,USGS_gage_proxy
2003-10-03,0.2832,24468.48,USGS_gage_proxy
2003-10-04,0.3115,26913.6,USGS_gage_proxy
2003-10-05,0.3398,29358.719999999998,USGS_gage_proxy
2003-10-06,0.3681,31803.84,USGS_gage_proxy
2003-10-07,0.3681,31803.84,USGS_gage_proxy
2003-10-08,1.3592,117434.87999999999,USGS_gage_proxy
2003-10-09,0.4248,36702.72,USGS_gage_proxy
2003-10-10,0.3964,34248.96,USGS_gage_proxy
2003-10-11,0.3964,34248.96,USGS_gage_proxy
2003-10-12,0.5097,44038.08,USGS_gage_proxy
2003-10-13,0.5097,44038.08,USGS_gage_proxy
2003-10-14,0.5097,44038.08,USGS_gage_proxy
2003-10-15,0.4531,39147.840000000004,USGS_gage_proxy
2003-10-16,0.4248,36702.72,USGS_gage_proxy
2003-10-17,0.3964,34248.96,USGS_gage_proxy
2003-10-18,0.3964,34248.96,USGS_gage_proxy
2003-10-19,0.3681,31803.84,USGS_gage_proxy
2003-10-20,0.3681,31803.84,USGS_gage_proxy
2003-10-21,0.3681,31803.84,USGS_gage_proxy
2003-10-22,0.3681,31803.84,USGS_gage_proxy
2003-10-23,0.3681,31803.84,USGS_gage_proxy
2003-10-24,0.3681,31803.84,USGS_gage_proxy
2003-10-25,0.3398,29358.719999999998,USGS_gage_proxy
2003-10-26,0.3681,31803.84,USGS_gage_proxy
2003-10-27,0.3681,31803.84,USGS_gage_proxy
2003-10-28,0.3681,31803.84,USGS_gage_proxy
2003-10-29,0.3681,31803.84,USGS_gage_proxy
2003-10-30,0.3681,31803.84,USGS_gage_proxy
2003-10-31,0.3681,31803.84,USGS_gage_proxy
2003-11-01,0.3681,31803.84,USGS_gage_proxy
2003-11-02,0.3681,31803.84,USGS_gage_proxy
2003-11-03,0.3964,34248.96,USGS_gage_proxy
2003-11-04,0.4248,36702.72,USGS_gage_proxy
2003-11-05,0.4248,36702.72,USGS_gage_proxy
2003-11-06,0.4248,36702.72,USGS_gage_proxy
2003-11-07,0.4248,36702.72,USGS_gage_proxy
2003-11-08,0.4248,36702.72,USGS_gage_proxy
2003-11-09,0.4248,36702.72,USGS_gage_proxy
2003-11-10,0.4531,39147.840000000004,USGS_gage_proxy
2003-11-11,0.4531,39147.840000000004,USGS_gage_proxy
2003-11-12,0.4814,41592.96,USGS_gage_proxy
2003-11-13,0.4814,41592.96,USGS_gage_proxy
2003-11-14,0.5663,48928.32,USGS_gage_proxy
2003-11-15,0.538,46483.200000000004,USGS_gage_proxy
2003-11-16,0.538,46483.200000000004,USGS_gage_proxy
2003-11-17,0.5097,44038.08,USGS_gage_proxy
2003-11-18,0.5097,44038.08,USGS_gage_proxy
2003-11-19,0.4814,41592.96,USGS_gage_proxy
2003-11-20,0.5097,44038.08,USGS_gage_proxy
2003-11-21,0.5097,44038.08,USGS_gage_proxy
2003-11-22,1.076,92966.40000000001,USGS_gage_proxy
2003-11-23,10.194,880761.6000000001,USGS_gage_proxy
2003-11-24,12.9125,1115640.0,USGS_gage_proxy
2003-11-25,13.2239,1142544.96,USGS_gage_proxy
2003-11-26,13.5071,1167013.44,USGS_gage_proxy
2003-11-27,12.7142,1098506.88,USGS_gage_proxy
2003-11-28,6.258,540691.2,USGS_gage_proxy
2003-11-29,2.2937,198175.68,USGS_gage_proxy
2003-11-30,1.6141,139458.24000000002,USGS_gage_proxy
2003-12-01,1.3875,119880.0,USGS_gage_proxy
2003-12-02,1.161,100310.40000000001,USGS_gage_proxy
2003-12-03,1.076,92966.40000000001,USGS_gage_proxy
2003-12-04,0.9911,85631.04,USGS_gage_proxy
2003-12-05,0.9345,80740.8,USGS_gage_proxy
2003-12-06,0.8778,75841.92,USGS_gage_proxy
2003-12-07,0.8778,75841.92,USGS_gage_proxy
2003-12-08,0.8778,75841.92,USGS_gage_proxy
2003-12-09,0.8778,75841.92,USGS_gage_proxy
2003-12-10,0.8495,73396.8,USGS_gage_proxy
2003-12-11,0.8778,75841.92,USGS_gage_proxy
2003-12-12,0.8212,70951.68000000001,USGS_gage_proxy
2003-12-13,0.7929,68506.56,USGS_gage_proxy
2003-12-14,0.7929,68506.56,USGS_gage_proxy
2003-12-15,0.7929,68506.56,USGS_gage_proxy
2003-12-16,0.7646,66061.44,USGS_gage_proxy
2003-12-17,0.7929,68506.56,USGS_gage_proxy
2003-12-18,0.8212,70951.68000000001,USGS_gage_proxy
2003-12-19,0.8495,73396.8,USGS_gage_proxy
2003-12-20,0.7646,66061.44,USGS_gage_proxy
2003-12-21,0.7362,63607.68,USGS_gage_proxy
2003-12-22,0.7079,61162.56,USGS_gage_proxy
2003-12-23,0.7362,63607.68,USGS_gage_proxy
2003-12-24,0.7646,66061.44,USGS_gage_proxy
2003-12-25,0.8212,70951.68000000001,USGS_gage_proxy
2003-12-26,0.8495,73396.8,USGS_gage_proxy
2003-12-27,0.7929,68506.56,USGS_gage_proxy
2003-12-28,0.7362,63607.68,USGS_gage_proxy
2003-12-29,0.7362,63607.68,USGS_gage_proxy
2003-12-30,0.7362,63607.68,USGS_gage_proxy
2003-12-31,0.7646,66061.44,USGS_gage_proxy
2004-01-01,0.7391,63858.24,USGS_gage_proxy
2004-01-02,0.7334,63365.76,USGS_gage_proxy
2004-01-03,0.7532,65076.479999999996,USGS_gage_proxy
2004-01-04,0.7759,67037.76000000001,USGS_gage_proxy
2004-01-05,0.7646,66061.44,USGS_gage_proxy
2004-01-06,0.7561,65327.04,USGS_gage_proxy
2004-01-07,0.7249,62631.36,USGS_gage_proxy
2004-01-08,0.6683,57741.12,USGS_gage_proxy
2004-01-09,0.64,55296.0,USGS_gage_proxy
2004-01-10,0.6258,54069.12,USGS_gage_proxy
2004-01-11,0.6173,53334.719999999994,USGS_gage_proxy
2004-01-12,0.6201,53576.64,USGS_gage_proxy
2004-01-13,0.6286,54311.04,USGS_gage_proxy
2004-01-14,0.6258,54069.12,USGS_gage_proxy
2004-01-15,0.64,55296.0,USGS_gage_proxy
2004-01-16,0.6598,57006.72,USGS_gage_proxy
2004-01-17,0.6768,58475.52,USGS_gage_proxy
2004-01-18,0.6881,59451.840000000004,USGS_gage_proxy
2004-01-19,0.7079,61162.56,USGS_gage_proxy
2004-01-20,0.6796,58717.439999999995,USGS_gage_proxy
2004-01-21,0.6768,58475.52,USGS_gage_proxy
2004-01-22,0.6513,56272.32,USGS_gage_proxy
2004-01-23,0.6343,54803.52,USGS_gage_proxy
2004-01-24,0.6343,54803.52,USGS_gage_proxy
2004-01-25,0.64,55296.0,USGS_gage_proxy
2004-01-26,0.623,53827.2,USGS_gage_proxy
2004-01-27,0.5975,51624.0,USGS_gage_proxy
2004-01-28,0.6343,54803.52,USGS_gage_proxy
2004-01-29,0.6485,56030.399999999994,USGS_gage_proxy
2004-01-30,0.6088,52600.32,USGS_gage_proxy
2004-01-31,0.5692,49178.880000000005,USGS_gage_proxy
2004-02-01,0.5748,49662.72,USGS_gage_proxy
2004-02-02,0.5947,51382.08,USGS_gage_proxy
2004-02-03,0.6201,53576.64,USGS_gage_proxy
2004-02-04,0.6315,54561.6,USGS_gage_proxy
2004-02-05,0.623,53827.2,USGS_gage_proxy
2004-02-06,0.5947,51382.08,USGS_gage_proxy
2004-02-07,0.5918,51131.52,USGS_gage_proxy
2004-02-08,0.606,52358.4,USGS_gage_proxy
2004-02-09,0.6286,54311.04,USGS_gage_proxy
2004-02-10,0.6116,52842.240000000005,USGS_gage_proxy
2004-02-11,0.6088,52600.32,USGS_gage_proxy
2004-02-12,0.6371,55045.44,USGS_gage_proxy
2004-02-13,0.6428,55537.920000000006,USGS_gage_proxy
2004-02-14,0.6654,57490.56,USGS_gage_proxy
2004-02-15,0.6796,58717.439999999995,USGS_gage_proxy
2004-02-16,0.7674,66303.36,USGS_gage_proxy
2004-02-17,0.7362,63607.68,USGS_gage_proxy
2004-02-18,0.6881,59451.840000000004,USGS_gage_proxy
2004-02-19,0.6626,57248.64,USGS_gage_proxy
2004-02-20,0.6569,56756.16,USGS_gage_proxy
2004-02-21,0.6456,55779.84,USGS_gage_proxy
2004-02-22,0.6711,57983.04,USGS_gage_proxy
2004-02-23,0.7108,61413.119999999995,USGS_gage_proxy
2004-02-24,0.7674,66303.36,USGS_gage_proxy
2004-02-25,0.7136,61655.04,USGS_gage_proxy
2004-02-26,0.7504,64834.56,USGS_gage_proxy
2004-02-27,0.9939,85872.96,USGS_gage_proxy
2004-02-28,0.9769,84404.16,USGS_gage_proxy
2004-02-29,0.858,74131.2,USGS_gage_proxy
2004-03-01,0.7447,64342.08,USGS_gage_proxy
2004-03-02,0.7164,61896.96000000001,USGS_gage_proxy
2004-03-03,0.7164,61896.96000000001,USGS_gage_proxy
2004-03-04,0.7759,67037.76000000001,USGS_gage_proxy
2004-03-05,0.8014,69240.96,USGS_gage_proxy
2004-03-06,0.8948,77310.72,USGS_gage_proxy
2004-03-07,1.0959,94685.76000000001,USGS_gage_proxy
2004-03-08,0.9401,81224.64,USGS_gage_proxy
2004-03-09,0.7957,68748.48,USGS_gage_proxy
2004-03-10,0.7023,60678.72,USGS_gage_proxy
2004-03-11,0.7221,62389.439999999995,USGS_gage_proxy
2004-03-12,0.7957,68748.48,USGS_gage_proxy
2004-03-13,0.875,75600.0,USGS_gage_proxy
2004-03-14,0.9061,78287.04000000001,USGS_gage_proxy
2004-03-15,1.093,94435.2,USGS_gage_proxy
2004-03-16,1.2856,111075.84000000001,USGS_gage_proxy
2004-03-17,1.0449,90279.36,USGS_gage_proxy
2004-03-18,0.9939,85872.96,USGS_gage_proxy
2004-03-19,0.9571,82693.44,USGS_gage_proxy
2004-03-20,0.9401,81224.64,USGS_gage_proxy
2004-03-21,0.9628,83185.92,USGS_gage_proxy
2004-03-22,0.9203,79513.92,USGS_gage_proxy
2004-03-23,0.8976,77552.64,USGS_gage_proxy
2004-03-24,0.9316,80490.24,USGS_gage_proxy
2004-03-25,0.9628,83185.92,USGS_gage_proxy
2004-03-26,0.9401,81224.64,USGS_gage_proxy
2004-03-27,0.909,78537.6,USGS_gage_proxy
2004-03-28,0.9288,80248.31999999999,USGS_gage_proxy
2004-03-29,0.9175,79272.0,USGS_gage_proxy
2004-03-30,0.926,80006.40000000001,USGS_gage_proxy
2004-03-31,0.9175,79272.0,USGS_gage_proxy
2004-04-01,0.909,78537.6,USGS_gage_proxy
2004-04-02,1.379,119145.6,USGS_gage_proxy
2004-04-03,0.9599,82935.36,USGS_gage_proxy
2004-04-04,141.3008,12208389.120000001,USGS_gage_proxy
2004-04-05,450.2371,38900485.44,USGS_gage_proxy
2004-04-06,36.5287,3156079.68,USGS_gage_proxy
2004-04-07,25.2586,2182343.04,USGS_gage_proxy
2004-04-08,9.656,834278.4,USGS_gage_proxy
2004-04-09,4.644,401241.60000000003,USGS_gage_proxy
2004-04-10,3.3697,291142.08,USGS_gage_proxy
2004-04-11,2.6618,229979.52,USGS_gage_proxy
2004-04-12,2.1974,189855.36000000002,USGS_gage_proxy
2004-04-13,1.9369,167348.16,USGS_gage_proxy
2004-04-14,1.767,152668.8,USGS_gage_proxy
2004-04-15,1.5942,137738.88,USGS_gage_proxy
2004-04-16,1.4696,126973.44,USGS_gage_proxy
2004-04-17,1.3762,118903.68000000001,USGS_gage_proxy
2004-04-18,1.3196,114013.44,USGS_gage_proxy
2004-04-19,1.2488,107896.31999999999,USGS_gage_proxy
2004-04-20,1.1157,96396.48,USGS_gage_proxy
2004-04-21,1.0421,90037.44,USGS_gage_proxy
2004-04-22,0.9939,85872.96,USGS_gage_proxy
2004-04-23,0.9203,79513.92,USGS_gage_proxy
2004-04-24,0.7957,68748.48,USGS_gage_proxy
2004-04-25,0.6966,60186.24,USGS_gage_proxy
2004-04-26,0.6286,54311.04,USGS_gage_proxy
2004-04-27,0.6853,59209.92,USGS_gage_proxy
2004-04-28,0.7079,61162.56,USGS_gage_proxy
2004-04-29,0.7532,65076.479999999996,USGS_gage_proxy
2004-04-30,0.7985,68990.4,USGS_gage_proxy
2004-05-01,0.8042,69482.88,USGS_gage_proxy
2004-05-02,0.8099,69975.36,USGS_gage_proxy
2004-05-03,0.7617,65810.88,USGS_gage_proxy
2004-05-04,0.7815,67521.59999999999,USGS_gage_proxy
2004-05-05,0.8155,70459.2,USGS_gage_proxy
2004-05-06,0.7929,68506.56,USGS_gage_proxy
2004-05-07,0.8269,71444.16,USGS_gage_proxy
2004-05-08,0.8523,73638.72,USGS_gage_proxy
2004-05-09,0.8608,74373.12,USGS_gage_proxy
2004-05-10,0.8807,76092.48000000001,USGS_gage_proxy
2004-05-11,0.892,77068.8,USGS_gage_proxy
2004-05-12,0.9458,81717.12,USGS_gage_proxy
2004-05-13,0.9854,85138.56,USGS_gage_proxy
2004-05-14,1.0449,90279.36,USGS_gage_proxy
2004-05-15,2.4834,214565.76,USGS_gage_proxy
2004-05-16,1.1667,100802.88,USGS_gage_proxy
2004-05-17,0.9288,80248.31999999999,USGS_gage_proxy
2004-05-18,0.9345,80740.8,USGS_gage_proxy
2004-05-19,0.9231,79755.84,USGS_gage_proxy
2004-05-20,0.8637,74623.68000000001,USGS_gage_proxy
2004-05-21,0.8807,76092.48000000001,USGS_gage_proxy
2004-05-22,0.9826,84896.64,USGS_gage_proxy
2004-05-23,1.1355,98107.2,USGS_gage_proxy
2004-05-24,1.3422,115966.08,USGS_gage_proxy
2004-05-25,1.2006,103731.84,USGS_gage_proxy
2004-05-26,1.1015,95169.59999999999,USGS_gage_proxy
2004-05-27,1.0874,93951.35999999999,USGS_gage_proxy
2004-05-28,1.1355,98107.2,USGS_gage_proxy
2004-05-29,1.2035,103982.4,USGS_gage_proxy
2004-05-30,1.1893,102755.52,USGS_gage_proxy
2004-05-31,1.1836,102263.04,USGS_gage_proxy
2004-06-01,1.11,95904.00000000001,USGS_gage_proxy
2004-06-02,1.0619,91748.16,USGS_gage_proxy
2004-06-03,1.0279,88810.56,USGS_gage_proxy
2004-06-04,1.0647,91990.08,USGS_gage_proxy
2004-06-05,1.1497,99334.08,USGS_gage_proxy
2004-06-06,1.1638,100552.31999999999,USGS_gage_proxy
2004-06-07,1.2035,103982.4,USGS_gage_proxy
2004-06-08,1.1978,103489.92,USGS_gage_proxy
2004-06-09,1.1582,100068.48,USGS_gage_proxy
2004-06-10,1.1751,101528.64,USGS_gage_proxy
2004-06-11,1.2686,109607.04,USGS_gage_proxy
2004-06-12,1.1978,103489.92,USGS_gage_proxy
2004-06-13,1.1582,100068.48,USGS_gage_proxy
2004-06-14,1.1525,99576.0,USGS_gage_proxy
2004-06-15,1.0647,91990.08,USGS_gage_proxy
2004-06-16,1.0052,86849.28000000001,USGS_gage_proxy
2004-06-17,1.1355,98107.2,USGS_gage_proxy
2004-06-18,0.9656,83427.84,USGS_gage_proxy
2004-06-19,1.1129,96154.56,USGS_gage_proxy
2004-06-20,1.3054,112786.56,USGS_gage_proxy
2004-06-21,1.3847,119638.08,USGS_gage_proxy
2004-06-22,1.3111,113279.04,USGS_gage_proxy
2004-06-23,1.2516,108138.24,USGS_gage_proxy
2004-06-24,1.6848,145566.72,USGS_gage_proxy
2004-06-25,2.9166,251994.24,USGS_gage_proxy
2004-06-26,1.3535,116942.4,USGS_gage_proxy
2004-06-27,1.5574,134559.36,USGS_gage_proxy
2004-06-28,3.7661,325391.04,USGS_gage_proxy
2004-06-29,2.4692,213338.87999999998,USGS_gage_proxy
2004-06-30,1.6707,144348.48,USGS_gage_proxy
2004-07-01,1.3875,119880.0,USGS_gage_proxy
2004-07-02,1.3535,116942.4,USGS_gage_proxy
2004-07-03,1.3394,115724.15999999999,USGS_gage_proxy
2004-07-04,1.2941,111810.24,USGS_gage_proxy
2004-07-05,1.2318,106427.52,USGS_gage_proxy
2004-07-06,1.1836,102263.04,USGS_gage_proxy
2004-07-07,1.1751,101528.64,USGS_gage_proxy
2004-07-08,1.1865,102513.6,USGS_gage_proxy
2004-07-09,1.1383,98349.12000000001,USGS_gage_proxy
2004-07-10,1.1015,95169.59999999999,USGS_gage_proxy
2004-07-11,1.2771,110341.43999999999,USGS_gage_proxy
2004-07-12,1.2516,108138.24,USGS_gage_proxy
2004-07-13,1.3054,112786.56,USGS_gage_proxy
2004-07-14,1.3281,114747.84000000001,USGS_gage_proxy
2004-07-15,1.1695,101044.8,USGS_gage_proxy
2004-07-16,1.0845,93700.8,USGS_gage_proxy
2004-07-17,1.0137,87583.68000000001,USGS_gage_proxy
2004-07-18,0.9543,82451.52,USGS_gage_proxy
2004-07-19,1.0987,94927.68000000001,USGS_gage_proxy
2004-07-20,1.1072,95662.08,USGS_gage_proxy
2004-07-21,1.0874,93951.35999999999,USGS_gage_proxy
2004-07-22,1.0336,89303.04000000001,USGS_gage_proxy
2004-07-23,0.9543,82451.52,USGS_gage_proxy
2004-07-24,0.9996,86365.44,USGS_gage_proxy
2004-07-25,10.8737,939487.6799999999,USGS_gage_proxy
2004-07-26,6.4562,557815.68,USGS_gage_proxy
2004-07-27,14.923,1289347.2,USGS_gage_proxy
2004-07-28,6.343,548035.2,USGS_gage_proxy
2004-07-29,3.3131,286251.83999999997,USGS_gage_proxy
2004-07-30,2.3928,206737.91999999998,USGS_gage_proxy
2004-07-31,1.8802,162449.28,USGS_gage_proxy
2004-08-01,1.6395,141652.8,USGS_gage_proxy
2004-08-02,1.5348,132606.72,USGS_gage_proxy
2004-08-03,1.4527,125513.28000000001,USGS_gage_proxy
2004-08-04,1.4073,121590.72,USGS_gage_proxy
2004-08-05,1.3677,118169.28,USGS_gage_proxy
2004-08-06,1.2941,111810.24,USGS_gage_proxy
2004-08-07,1.2516,108138.24,USGS_gage_proxy
2004-08-08,1.2233,105693.12000000001,USGS_gage_proxy
2004-08-09,1.2516,108138.24,USGS_gage_proxy
2004-08-10,1.2148,104958.72000000002,USGS_gage_proxy
2004-08-11,1.1978,103489.92,USGS_gage_proxy
2004-08-12,1.161,100310.40000000001,USGS_gage_proxy
2004-08-13,2.5004,216034.56,USGS_gage_proxy
2004-08-14,4.1343,357203.51999999996,USGS_gage_proxy
2004-08-15,4.8705,420811.2,USGS_gage_proxy
2004-08-16,2.7297,235846.08,USGS_gage_proxy
2004-08-17,2.1011,181535.04,USGS_gage_proxy
2004-08-18,1.8179,157066.56,USGS_gage_proxy
2004-08-19,1.7103,147769.91999999998,USGS_gage_proxy
2004-08-20,1.6112,139207.68,USGS_gage_proxy
2004-08-21,1.5376,132848.64,USGS_gage_proxy
2004-08-22,1.4668,126731.52,USGS_gage_proxy
2004-08-23,1.4328,123793.92000000001,USGS_gage_proxy
2004-08-24,1.4158,122325.12,USGS_gage_proxy
2004-08-25,1.3479,116458.56000000001,USGS_gage_proxy
2004-08-26,1.4527,125513.28000000001,USGS_gage_proxy
2004-08-27,1.4498,125262.72,USGS_gage_proxy
2004-08-28,1.3309,114989.76,USGS_gage_proxy
2004-08-29,1.3082,113028.48,USGS_gage_proxy
2004-08-30,1.3932,120372.48,USGS_gage_proxy
2004-08-31,1.8916,163434.24,USGS_gage_proxy
2004-09-01,2.6505,229003.2,USGS_gage_proxy
2004-09-02,3.5396,305821.44,USGS_gage_proxy
2004-09-03,2.4522,211870.08,USGS_gage_proxy
2004-09-04,2.0615,178113.6,USGS_gage_proxy
2004-09-05,1.9255,166363.2,USGS_gage_proxy
2004-09-06,1.5065,130161.59999999999,USGS_gage_proxy
2004-09-07,1.3705,118411.20000000001,USGS_gage_proxy
2004-09-08,1.498,129427.2,USGS_gage_proxy
2004-09-09,1.5036,129911.04000000001,USGS_gage_proxy
2004-09-10,1.4895,128692.8,USGS_gage_proxy
2004-09-11,1.5263,131872.32,USGS_gage_proxy
2004-09-12,1.5914,137496.96,USGS_gage_proxy
2004-09-13,1.3649,117927.36,USGS_gage_proxy
2004-09-14,1.1808,102021.12000000001,USGS_gage_proxy
2004-09-15,1.11,95904.00000000001,USGS_gage_proxy
2004-09-16,1.1072,95662.08,USGS_gage_proxy
2004-09-17,1.3904,120130.56000000001,USGS_gage_proxy
2004-09-18,1.7443,150707.52,USGS_gage_proxy
2004-09-19,1.8972,163918.08,USGS_gage_proxy
2004-09-20,1.5546,134317.44,USGS_gage_proxy
2004-09-21,4.6156,398787.83999999997,USGS_gage_proxy
2004-09-22,3.2847,283798.08,USGS_gage_proxy
2004-09-23,5.9748,516222.72000000003,USGS_gage_proxy
2004-09-24,3.0865,266673.6,USGS_gage_proxy
2004-09-25,20.0766,1734618.24,USGS_gage_proxy
2004-09-26,27.5239,2378064.96,USGS_gage_proxy
2004-09-27,10.8453,937033.92,USGS_gage_proxy
2004-09-28,15.4327,1333385.28,USGS_gage_proxy
2004-09-29,9.8826,853856.64,USGS_gage_proxy
2004-09-30,23.956,2069798.4,USGS_gage_proxy
2004-10-01,25.4568,2199467.52,USGS_gage_proxy
2004-10-02,17.9529,1551130.56,USGS_gage_proxy
2004-10-03,5.3802,464849.28,USGS_gage_proxy
2004-10-04,5.2103,450169.92000000004,USGS_gage_proxy
2004-10-05,6.8527,592073.2799999999,USGS_gage_proxy
2004-10-06,8.4667,731522.88,USGS_gage_proxy
2004-10-07,12.4311,1074047.04,USGS_gage_proxy
2004-10-08,7.504,648345.6,USGS_gage_proxy
2004-10-09,4.4741,386562.24,USGS_gage_proxy
2004-10-10,3.0016,259338.24,USGS_gage_proxy
2004-10-11,2.574,222393.59999999998,USGS_gage_proxy
2004-10-12,2.3305,201355.19999999998,USGS_gage_proxy
2004-10-13,2.2229,192058.56,USGS_gage_proxy
2004-10-14,2.1351,184472.64,USGS_gage_proxy
2004-10-15,2.0954,181042.56000000003,USGS_gage_proxy
2004-10-16,2.0388,176152.32,USGS_gage_proxy
2004-10-17,1.985,171504.0,USGS_gage_proxy
2004-10-18,1.8179,157066.56,USGS_gage_proxy
2004-10-19,1.8463,159520.32,USGS_gage_proxy
2004-10-20,1.8604,160738.56,USGS_gage_proxy
2004-10-21,1.8944,163676.16,USGS_gage_proxy
2004-10-22,1.9086,164903.04,USGS_gage_proxy
2004-10-23,1.7755,153403.2,USGS_gage_proxy
2004-10-24,1.5008,129669.12,USGS_gage_proxy
2004-10-25,1.3281,114747.84000000001,USGS_gage_proxy
2004-10-26,1.2601,108872.64,USGS_gage_proxy
2004-10-27,1.2205,105451.2,USGS_gage_proxy
2004-10-28,1.5829,136762.56,USGS_gage_proxy
2004-10-29,1.784,154137.6,USGS_gage_proxy
2004-10-30,1.8066,156090.24,USGS_gage_proxy
2004-10-31,1.8831,162699.84,USGS_gage_proxy
2004-11-01,1.7811,153887.03999999998,USGS_gage_proxy
2004-11-02,1.8009,155597.76,USGS_gage_proxy
2004-11-03,7.957,687484.7999999999,USGS_gage_proxy
2004-11-04,13.1673,1137654.72,USGS_gage_proxy
2004-11-05,13.6487,1179247.68,USGS_gage_proxy
2004-11-06,14.3849,1242855.36,USGS_gage_proxy
2004-11-07,14.1867,1225730.8800000001,USGS_gage_proxy
2004-11-08,14.8663,1284448.32,USGS_gage_proxy
2004-11-09,15.376,1328486.4,USGS_gage_proxy
2004-11-10,15.6875,1355400.0,USGS_gage_proxy
2004-11-11,15.5176,1340720.64,USGS_gage_proxy
2004-11-12,15.1778,1311361.92,USGS_gage_proxy
2004-11-13,15.1212,1306471.68,USGS_gage_proxy
2004-11-14,15.9707,1379868.48,USGS_gage_proxy
2004-11-15,18.3776,1587824.6400000001,USGS_gage_proxy
2004-11-16,21.1526,1827584.64,USGS_gage_proxy
2004-11-17,19.3687,1673455.68,USGS_gage_proxy
2004-11-18,17.6697,1526662.0799999998,USGS_gage_proxy
2004-11-19,17.16,1482624.0,USGS_gage_proxy
2004-11-20,16.8202,1453265.28,USGS_gage_proxy
2004-11-21,16.622,1436140.8,USGS_gage_proxy
2004-11-22,17.1883,1485069.12,USGS_gage_proxy
2004-11-23,19.8218,1712603.52,USGS_gage_proxy
2004-11-24,18.6325,1609848.0,USGS_gage_proxy
2004-11-25,17.3865,1502193.6,USGS_gage_proxy
2004-11-26,17.075,1475280.0,USGS_gage_proxy
2004-11-27,16.6786,1441031.04,USGS_gage_proxy
2004-11-28,16.4521,1421461.4400000002,USGS_gage_proxy
2004-11-29,15.6592,1352954.8800000001,USGS_gage_proxy
2004-11-30,8.4384,729077.76,USGS_gage_proxy
2004-12-01,4.1343,357203.51999999996,USGS_gage_proxy
2004-12-02,3.1998,276462.72000000003,USGS_gage_proxy
2004-12-03,2.9166,251994.24,USGS_gage_proxy
2004-12-04,2.7864,240744.96,USGS_gage_proxy
2004-12-05,2.7043,233651.52,USGS_gage_proxy
2004-12-06,2.6703,230713.92,USGS_gage_proxy
2004-12-07,2.6023,224838.72,USGS_gage_proxy
2004-12-08,2.5768,222635.52,USGS_gage_proxy
2004-12-09,2.3984,207221.76,USGS_gage_proxy
2004-12-10,2.3786,205511.04,USGS_gage_proxy
2004-12-11,2.3333,201597.12,USGS_gage_proxy
2004-12-12,2.305,199152.0,USGS_gage_proxy
2004-12-13,2.2738,196456.32,USGS_gage_proxy
2004-12-14,2.2484,194261.76,USGS_gage_proxy
2004-12-15,2.2115,191073.6,USGS_gage_proxy
2004-12-16,2.1889,189120.96,USGS_gage_proxy
2004-12-17,2.1917,189362.88,USGS_gage_proxy
2004-12-18,2.2002,190097.28000000003,USGS_gage_proxy
2004-12-19,2.1549,186183.36000000002,USGS_gage_proxy
2004-12-20,2.1691,187410.24,USGS_gage_proxy
2004-12-21,2.1776,188144.63999999998,USGS_gage_proxy
2004-12-22,2.2229,192058.56,USGS_gage_proxy
2004-12-23,2.288,197683.19999999998,USGS_gage_proxy
2004-12-24,2.3673,204534.72000000003,USGS_gage_proxy
2004-12-25,2.3191,200370.24000000002,USGS_gage_proxy
2004-12-26,2.2597,195238.08000000002,USGS_gage_proxy
2004-12-27,2.2059,190589.76,USGS_gage_proxy
2004-12-28,2.1747,187894.08000000002,USGS_gage_proxy
2004-12-29,2.1662,187159.68,USGS_gage_proxy
2004-12-30,2.1662,187159.68,USGS_gage_proxy
2004-12-31,2.1521,185941.44,USGS_gage_proxy
2005-01-01,2.1549,186183.36000000002,USGS_gage_proxy
2005-01-02,2.1266,183738.24,USGS_gage_proxy
2005-01-03,2.1323,184230.72,USGS_gage_proxy
2005-01-04,2.1719,187652.16,USGS_gage_proxy
2005-01-05,2.22,191808.00000000003,USGS_gage_proxy
2005-01-06,2.1974,189855.36000000002,USGS_gage_proxy
2005-01-07,2.1294,183980.16,USGS_gage_proxy
2005-01-08,2.0558,177621.12,USGS_gage_proxy
2005-01-09,2.0643,178355.52,USGS_gage_proxy
2005-01-10,2.0728,179089.91999999998,USGS_gage_proxy
2005-01-11,2.0785,179582.4,USGS_gage_proxy
2005-01-12,2.0728,179089.91999999998,USGS_gage_proxy
2005-01-13,2.0303,175417.92,USGS_gage_proxy
2005-01-14,2.07,178848.0,USGS_gage_proxy
2005-01-15,1.9425,167832.0,USGS_gage_proxy
2005-01-16,1.9567,169058.88,USGS_gage_proxy
2005-01-17,2.002,172972.8,USGS_gage_proxy
2005-01-18,1.985,171504.0,USGS_gage_proxy
2005-01-19,1.9765,170769.6,USGS_gage_proxy
2005-01-20,1.9907,171996.47999999998,USGS_gage_proxy
2005-01-21,2.0133,173949.12,USGS_gage_proxy
2005-01-22,1.9992,172730.88,USGS_gage_proxy
2005-01-23,1.9935,172238.4,USGS_gage_proxy
2005-01-24,1.9737,170527.68,USGS_gage_proxy
2005-01-25,1.9567,169058.88,USGS_gage_proxy
2005-01-26,1.9567,169058.88,USGS_gage_proxy
2005-01-27,2.0218,174683.52,USGS_gage_proxy
2005-01-28,2.0416,176394.24,USGS_gage_proxy
2005-01-29,2.0671,178597.44,USGS_gage_proxy
2005-01-30,2.053,177379.19999999998,USGS_gage_proxy
2005-01-31,1.9793,171011.52000000002,USGS_gage_proxy
2005-02-01,2.0048,173214.72,USGS_gage_proxy
2005-02-02,1.9142,165386.88,USGS_gage_proxy
2005-02-03,1.9227,166121.28,USGS_gage_proxy
2005-02-04,1.968,170035.2,USGS_gage_proxy
2005-02-05,2.019,174441.6,USGS_gage_proxy
2005-02-06,2.1747,187894.08000000002,USGS_gage_proxy
2005-02-07,2.3305,201355.19999999998,USGS_gage_proxy
2005-02-08,2.5287,218479.68000000002,USGS_gage_proxy
2005-02-09,2.1492,185690.88,USGS_gage_proxy
2005-02-10,2.0247,174934.08000000002,USGS_gage_proxy
2005-02-11,2.0133,173949.12,USGS_gage_proxy
2005-02-12,1.9992,172730.88,USGS_gage_proxy
2005-02-13,2.0303,175417.92,USGS_gage_proxy
2005-02-14,2.0162,174199.68,USGS_gage_proxy
2005-02-15,1.9907,171996.47999999998,USGS_gage_proxy
2005-02-16,1.934,167097.6,USGS_gage_proxy
2005-02-17,1.9454,168082.56,USGS_gage_proxy
2005-02-18,1.9482,168324.47999999998,USGS_gage_proxy
2005-02-19,1.9708,170277.12,USGS_gage_proxy
2005-02-20,3.7661,325391.04,USGS_gage_proxy
2005-02-21,7.8154,675250.56,USGS_gage_proxy
2005-02-22,5.5784,481973.76,USGS_gage_proxy
2005-02-23,5.4368,469739.51999999996,USGS_gage_proxy
2005-02-24,5.6634,489317.76,USGS_gage_proxy
2005-02-25,5.9465,513777.60000000003,USGS_gage_proxy
2005-02-26,5.9182,511332.48,USGS_gage_proxy
2005-02-27,6.8243,589619.52,USGS_gage_proxy
2005-02-28,6.3996,552925.4400000001,USGS_gage_proxy
2005-03-01,4.8139,415920.96,USGS_gage_proxy
2005-03-02,4.5024,389007.36,USGS_gage_proxy
2005-03-03,4.4741,386562.24,USGS_gage_proxy
2005-03-04,4.1909,362093.76,USGS_gage_proxy
2005-03-05,4.2192,364538.88,USGS_gage_proxy
2005-03-06,4.1343,357203.51999999996,USGS_gage_proxy
2005-03-07,3.6246,313165.44,USGS_gage_proxy
2005-03-08,3.3697,291142.08,USGS_gage_proxy
2005-03-09,2.8883,249549.12,USGS_gage_proxy
2005-03-10,2.5712,222151.68000000002,USGS_gage_proxy
2005-03-11,2.86,247104.0,USGS_gage_proxy
2005-03-12,3.0865,266673.6,USGS_gage_proxy
2005-03-13,2.7212,235111.68,USGS_gage_proxy
2005-03-14,2.5344,218972.16,USGS_gage_proxy
2005-03-15,2.4381,210651.84,USGS_gage_proxy
2005-03-16,2.5174,217503.36,USGS_gage_proxy
2005-03-17,2.8883,249549.12,USGS_gage_proxy
2005-03-18,11.1285,961502.4,USGS_gage_proxy
2005-03-19,14.5832,1259988.48,USGS_gage_proxy
2005-03-20,16.4521,1421461.4400000002,USGS_gage_proxy
2005-03-21,16.622,1436140.8,USGS_gage_proxy
2005-03-22,16.537,1428796.7999999998,USGS_gage_proxy
2005-03-23,16.5653,1431241.9200000002,USGS_gage_proxy
2005-03-24,14.7531,1274667.84,USGS_gage_proxy
2005-03-25,6.1164,528456.96,USGS_gage_proxy
2005-03-26,3.5113,303376.32,USGS_gage_proxy
2005-03-27,2.6533,229245.12000000002,USGS_gage_proxy
2005-03-28,2.356,203558.4,USGS_gage_proxy
2005-03-29,2.3956,206979.84,USGS_gage_proxy
2005-03-30,2.1464,185448.96,USGS_gage_proxy
2005-03-31,2.1096,182269.44,USGS_gage_proxy
2005-04-01,1.9114,165144.96,USGS_gage_proxy
2005-04-02,2.0218,174683.52,USGS_gage_proxy
2005-04-03,2.0869,180308.16,USGS_gage_proxy
2005-04-04,1.9454,168082.56,USGS_gage_proxy
2005-04-05,2.1634,186917.76,USGS_gage_proxy
2005-04-06,2.0898,180558.72,USGS_gage_proxy
2005-04-07,2.0898,180558.72,USGS_gage_proxy
2005-04-08,2.0303,175417.92,USGS_gage_proxy
2005-04-09,1.9539,168816.96,USGS_gage_proxy
2005-04-10,1.9567,169058.88,USGS_gage_proxy
2005-04-11,1.9765,170769.6,USGS_gage_proxy
2005-04-12,2.0615,178113.6,USGS_gage_proxy
2005-04-13,2.3758,205269.12,USGS_gage_proxy
2005-04-14,2.4466,211386.24000000002,USGS_gage_proxy
2005-04-15,2.3899,206487.36,USGS_gage_proxy
2005-04-16,2.203,190339.19999999998,USGS_gage_proxy
2005-04-17,2.7156,234627.84,USGS_gage_proxy
2005-04-18,3.8794,335180.16,USGS_gage_proxy
2005-04-19,6.0032,518676.48,USGS_gage_proxy
2005-04-20,3.0016,259338.24,USGS_gage_proxy
2005-04-21,2.3333,201597.12,USGS_gage_proxy
2005-04-22,2.22,191808.00000000003,USGS_gage_proxy
2005-04-23,2.1889,189120.96,USGS_gage_proxy
2005-04-24,2.1266,183738.24,USGS_gage_proxy
2005-04-25,2.1096,182269.44,USGS_gage_proxy
2005-04-26,2.0841,180066.24,USGS_gage_proxy
2005-04-27,2.0643,178355.52,USGS_gage_proxy
2005-04-28,2.0275,175176.0,USGS_gage_proxy
2005-04-29,2.0105,173707.19999999998,USGS_gage_proxy
2005-04-30,2.0105,173707.19999999998,USGS_gage_proxy
2005-05-01,2.0275,175176.0,USGS_gage_proxy
2005-05-02,1.9708,170277.12,USGS_gage_proxy
2005-05-03,1.9567,169058.88,USGS_gage_proxy
2005-05-04,2.1436,185207.04,USGS_gage_proxy
2005-05-05,2.4069,207956.15999999997,USGS_gage_proxy
2005-05-06,2.3022,198910.08000000002,USGS_gage_proxy
2005-05-07,2.1181,183003.84,USGS_gage_proxy
2005-05-08,2.0586,177863.04,USGS_gage_proxy
2005-05-09,2.1719,187652.16,USGS_gage_proxy
2005-05-10,2.1379,184714.56,USGS_gage_proxy
2005-05-11,1.9963,172480.32,USGS_gage_proxy
2005-05-12,2.019,174441.6,USGS_gage_proxy
2005-05-13,1.9482,168324.47999999998,USGS_gage_proxy
2005-05-14,1.917,165628.80000000002,USGS_gage_proxy
2005-05-15,1.9425,167832.0,USGS_gage_proxy
2005-05-16,2.0275,175176.0,USGS_gage_proxy
2005-05-17,3.1715,274017.6,USGS_gage_proxy
2005-05-18,2.8317,244658.88,USGS_gage_proxy
2005-05-19,2.2823,197190.72000000003,USGS_gage_proxy
2005-05-20,2.053,177379.19999999998,USGS_gage_proxy
2005-05-21,1.9454,168082.56,USGS_gage_proxy
2005-05-22,1.9284,166613.75999999998,USGS_gage_proxy
2005-05-23,1.8689,161472.96,USGS_gage_proxy
2005-05-24,1.9255,166363.2,USGS_gage_proxy
2005-05-25,2.0331,175659.84000000003,USGS_gage_proxy
2005-05-26,2.0048,173214.72,USGS_gage_proxy
2005-05-27,3.1432,271572.48000000004,USGS_gage_proxy
2005-05-28,4.1909,362093.76,USGS_gage_proxy
2005-05-29,7.1925,621432.0,USGS_gage_proxy
2005-05-30,4.0493,349859.51999999996,USGS_gage_proxy
2005-05-31,2.5627,221417.28,USGS_gage_proxy
2005-06-01,2.288,197683.19999999998,USGS_gage_proxy
2005-06-02,2.1917,189362.88,USGS_gage_proxy
2005-06-03,2.2172,191566.08000000002,USGS_gage_proxy
2005-06-04,2.0586,177863.04,USGS_gage_proxy
2005-06-05,2.0388,176152.32,USGS_gage_proxy
2005-06-06,2.0643,178355.52,USGS_gage_proxy
2005-06-07,2.1691,187410.24,USGS_gage_proxy
2005-06-08,2.0869,180308.16,USGS_gage_proxy
2005-06-09,1.9652,169793.28,USGS_gage_proxy
2005-06-10,1.7981,155355.84,USGS_gage_proxy
2005-06-11,1.7387,150223.68,USGS_gage_proxy
2005-06-12,1.934,167097.6,USGS_gage_proxy
2005-06-13,1.6764,144840.96,USGS_gage_proxy
2005-06-14,1.4781,127707.84,USGS_gage_proxy
2005-06-15,1.733,149731.2,USGS_gage_proxy
2005-06-16,1.75,151200.0,USGS_gage_proxy
2005-06-17,1.6565,143121.6,USGS_gage_proxy
2005-06-18,1.8321,158293.44,USGS_gage_proxy
2005-06-19,2.0105,173707.19999999998,USGS_gage_proxy
2005-06-20,1.9822,171262.08,USGS_gage_proxy
2005-06-21,2.0077,173465.27999999997,USGS_gage_proxy
2005-06-22,1.9057,164652.47999999998,USGS_gage_proxy
2005-06-23,1.6707,144348.48,USGS_gage_proxy
2005-06-24,1.5999,138231.36000000002,USGS_gage_proxy
2005-06-25,1.4838,128200.32,USGS_gage_proxy
2005-06-26,1.4527,125513.28000000001,USGS_gage_proxy
2005-06-27,1.5121,130645.44,USGS_gage_proxy
2005-06-28,1.6339,141168.96,USGS_gage_proxy
2005-06-29,1.7075,147528.0,USGS_gage_proxy
2005-06-30,1.7556,151683.84,USGS_gage_proxy
2005-07-01,1.6877,145817.28,USGS_gage_proxy
2005-07-02,1.7075,147528.0,USGS_gage_proxy
2005-07-03,1.6027,138473.28,USGS_gage_proxy
2005-07-04,1.5886,137255.04,USGS_gage_proxy
2005-07-05,1.4413,124528.32,USGS_gage_proxy
2005-07-06,1.4866,128442.23999999999,USGS_gage_proxy
2005-07-07,1.9567,169058.88,USGS_gage_proxy
2005-07-08,1.8321,158293.44,USGS_gage_proxy
2005-07-09,1.7132,148020.48,USGS_gage_proxy
2005-07-10,2.2852,197441.28,USGS_gage_proxy
2005-07-11,2.0048,173214.72,USGS_gage_proxy
2005-07-12,1.8916,163434.24,USGS_gage_proxy
2005-07-13,1.9539,168816.96,USGS_gage_proxy
2005-07-14,1.7217,148754.88,USGS_gage_proxy
2005-07-15,1.8123,156582.72,USGS_gage_proxy
2005-07-16,1.9595,169300.8,USGS_gage_proxy
2005-07-17,1.8094,156332.16,USGS_gage_proxy
2005-07-18,1.7698,152910.72,USGS_gage_proxy
2005-07-19,1.5772,136270.08,USGS_gage_proxy
2005-07-20,1.4668,126731.52,USGS_gage_proxy
2005-07-21,1.5065,130161.59999999999,USGS_gage_proxy
2005-07-22,1.5857,137004.48,USGS_gage_proxy
2005-07-23,1.3932,120372.48,USGS_gage_proxy
2005-07-24,1.2997,112294.08,USGS_gage_proxy
2005-07-25,1.6764,144840.96,USGS_gage_proxy
2005-07-26,1.9086,164903.04,USGS_gage_proxy
2005-07-27,2.0218,174683.52,USGS_gage_proxy
2005-07-28,1.9595,169300.8,USGS_gage_proxy
2005-07-29,2.0331,175659.84000000003,USGS_gage_proxy
2005-07-30,2.0983,181293.12,USGS_gage_proxy
2005-07-31,1.8264,157800.96,USGS_gage_proxy
2005-08-01,1.7103,147769.91999999998,USGS_gage_proxy
2005-08-02,1.6622,143614.08,USGS_gage_proxy
2005-08-03,1.7585,151934.4,USGS_gage_proxy
2005-08-04,2.0162,174199.68,USGS_gage_proxy
2005-08-05,2.0048,173214.72,USGS_gage_proxy
2005-08-06,1.8151,156824.63999999998,USGS_gage_proxy
2005-08-07,1.7528,151441.91999999998,USGS_gage_proxy
2005-08-08,1.5291,132114.24,USGS_gage_proxy
2005-08-09,1.8179,157066.56,USGS_gage_proxy
2005-08-10,1.9822,171262.08,USGS_gage_proxy
2005-08-11,2.7666,239034.24,USGS_gage_proxy
2005-08-12,2.0671,178597.44,USGS_gage_proxy
2005-08-13,2.0954,181042.56000000003,USGS_gage_proxy
2005-08-14,9.2596,800029.4400000001,USGS_gage_proxy
2005-08-15,11.8081,1020219.84,USGS_gage_proxy
2005-08-16,8.5234,736421.76,USGS_gage_proxy
2005-08-17,2.9449,254439.36000000002,USGS_gage_proxy
2005-08-18,2.4975,215784.0,USGS_gage_proxy
2005-08-19,2.2852,197441.28,USGS_gage_proxy
2005-08-20,2.2965,198417.6,USGS_gage_proxy
2005-08-21,2.8883,249549.12,USGS_gage_proxy
2005-08-22,3.3697,291142.08,USGS_gage_proxy
2005-08-23,2.5372,219214.08,USGS_gage_proxy
2005-08-24,2.4721,213589.44,USGS_gage_proxy
2005-08-25,2.3191,200370.24000000002,USGS_gage_proxy
2005-08-26,2.4806,214323.84,USGS_gage_proxy
2005-08-27,2.356,203558.4,USGS_gage_proxy
2005-08-28,2.2115,191073.6,USGS_gage_proxy
2005-08-29,2.2342,193034.88,USGS_gage_proxy
2005-08-30,2.5853,223369.92,USGS_gage_proxy
2005-08-31,2.5457,219948.48,USGS_gage_proxy
2005-09-01,2.2314,192792.96,USGS_gage_proxy
2005-09-02,1.9029,164410.56,USGS_gage_proxy
2005-09-03,1.733,149731.2,USGS_gage_proxy
2005-09-04,1.665,143856.0,USGS_gage_proxy
2005-09-05,1.8632,160980.48,USGS_gage_proxy
2005-09-06,2.0869,180308.16,USGS_gage_proxy
2005-09-07,1.917,165628.80000000002,USGS_gage_proxy
2005-09-08,1.7613,152176.32,USGS_gage_proxy
2005-09-09,1.8632,160980.48,USGS_gage_proxy
2005-09-10,1.75,151200.0,USGS_gage_proxy
2005-09-11,1.7896,154621.44,USGS_gage_proxy
2005-09-12,1.8434,159269.75999999998,USGS_gage_proxy
2005-09-13,2.2653,195721.91999999998,USGS_gage_proxy
2005-09-14,2.0586,177863.04,USGS_gage_proxy
2005-09-15,1.7132,148020.48,USGS_gage_proxy
2005-09-16,1.6792,145082.88,USGS_gage_proxy
2005-09-17,1.7245,148996.8,USGS_gage_proxy
2005-09-18,1.6537,142879.68,USGS_gage_proxy
2005-09-19,1.6565,143121.6,USGS_gage_proxy
2005-09-20,2.0615,178113.6,USGS_gage_proxy
2005-09-21,2.2342,193034.88,USGS_gage_proxy
2005-09-22,2.2399,193527.36,USGS_gage_proxy
2005-09-23,1.8604,160738.56,USGS_gage_proxy
2005-09-24,1.7868,154379.52,USGS_gage_proxy
2005-09-25,1.7443,150707.52,USGS_gage_proxy
2005-09-26,1.9454,168082.56,USGS_gage_proxy
2005-09-27,2.0983,181293.12,USGS_gage_proxy
2005-09-28,1.8491,159762.24,USGS_gage_proxy
2005-09-29,1.6594,143372.16,USGS_gage_proxy
2005-09-30,1.8576,160496.63999999998,USGS_gage_proxy
2005-10-01,1.6509,142637.76,USGS_gage_proxy
2005-10-02,1.6197,139942.08,USGS_gage_proxy
2005-10-03,1.7556,151683.84,USGS_gage_proxy
2005-10-04,2.1464,185448.96,USGS_gage_proxy
2005-10-05,2.1408,184965.12,USGS_gage_proxy
2005-10-06,2.5287,218479.68000000002,USGS_gage_proxy
2005-10-07,2.625,226800.0,USGS_gage_proxy
2005-10-08,2.3276,201104.63999999998,USGS_gage_proxy
2005-10-09,2.506,216518.4,USGS_gage_proxy
2005-10-10,2.489,215049.59999999998,USGS_gage_proxy
2005-10-11,2.826,244166.4,USGS_gage_proxy
2005-10-12,2.7127,234377.28,USGS_gage_proxy
2005-10-13,2.4098,208206.72,USGS_gage_proxy
2005-10-14,2.574,222393.59999999998,USGS_gage_proxy
2005-10-15,2.5655,221659.2,USGS_gage_proxy
2005-10-16,2.4126,208448.63999999998,USGS_gage_proxy
2005-10-17,2.4069,207956.15999999997,USGS_gage_proxy
2005-10-18,2.3814,205752.96000000002,USGS_gage_proxy
2005-10-19,2.288,197683.19999999998,USGS_gage_proxy
2005-10-20,2.2342,193034.88,USGS_gage_proxy
2005-10-21,2.203,190339.19999999998,USGS_gage_proxy
2005-10-22,2.1464,185448.96,USGS_gage_proxy
2005-10-23,2.1351,184472.64,USGS_gage_proxy
2005-10-24,2.0898,180558.72,USGS_gage_proxy
2005-10-25,2.0926,180800.64,USGS_gage_proxy
2005-10-26,2.5202,217745.28,USGS_gage_proxy
2005-10-27,2.6618,229979.52,USGS_gage_proxy
2005-10-28,2.7637,238783.68,USGS_gage_proxy
2005-10-29,2.5627,221417.28,USGS_gage_proxy
2005-10-30,2.3899,206487.36,USGS_gage_proxy
2005-10-31,2.5768,222635.52,USGS_gage_proxy
2005-11-01,2.7156,234627.84,USGS_gage_proxy
2005-11-02,2.7354,236338.56,USGS_gage_proxy
2005-11-03,2.7014,233400.96,USGS_gage_proxy
2005-11-04,2.4069,207956.15999999997,USGS_gage_proxy
2005-11-05,2.2597,195238.08000000002,USGS_gage_proxy
2005-11-06,2.2115,191073.6,USGS_gage_proxy
2005-11-07,2.1634,186917.76,USGS_gage_proxy
2005-11-08,2.1464,185448.96,USGS_gage_proxy
2005-11-09,2.1408,184965.12,USGS_gage_proxy
2005-11-10,2.1549,186183.36000000002,USGS_gage_proxy
2005-11-11,2.1096,182269.44,USGS_gage_proxy
2005-11-12,2.1039,181776.96,USGS_gage_proxy
2005-11-13,2.1294,183980.16,USGS_gage_proxy
2005-11-14,2.2314,192792.96,USGS_gage_proxy
2005-11-15,2.1351,184472.64,USGS_gage_proxy
2005-11-16,8.1552,704609.28,USGS_gage_proxy
2005-11-17,13.8752,1198817.28,USGS_gage_proxy
2005-11-18,14.7531,1274667.84,USGS_gage_proxy
2005-11-19,15.1212,1306471.68,USGS_gage_proxy
2005-11-20,15.2628,1318705.92,USGS_gage_proxy
2005-11-21,15.4327,1333385.28,USGS_gage_proxy
2005-11-22,15.6026,1348064.6400000001,USGS_gage_proxy
2005-11-23,15.6875,1355400.0,USGS_gage_proxy
2005-11-24,15.8008,1365189.12,USGS_gage_proxy
2005-11-25,15.8291,1367634.24,USGS_gage_proxy
2005-11-26,15.8857,1372524.48,USGS_gage_proxy
2005-11-27,16.0556,1387203.8399999999,USGS_gage_proxy
2005-11-28,15.9424,1377423.3599999999,USGS_gage_proxy
2005-11-29,15.914,1374969.5999999999,USGS_gage_proxy
2005-11-30,16.1406,1394547.8399999999,USGS_gage_proxy
2005-12-01,16.1689,1396992.96,USGS_gage_proxy
2005-12-02,9.1463,790240.3200000001,USGS_gage_proxy
2005-12-03,11.2418,971291.52,USGS_gage_proxy
2005-12-04,16.2255,1401883.2,USGS_gage_proxy
2005-12-05,16.4804,1423906.56,USGS_gage_proxy
2005-12-06,16.6503,1438585.9200000002,USGS_gage_proxy
2005-12-07,16.9051,1460600.6400000001,USGS_gage_proxy
2005-12-08,16.9051,1460600.6400000001,USGS_gage_proxy
2005-12-09,16.9051,1460600.6400000001,USGS_gage_proxy
2005-12-10,17.1317,1480178.88,USGS_gage_proxy
2005-12-11,17.0184,1470389.76,USGS_gage_proxy
2005-12-12,17.0184,1470389.76,USGS_gage_proxy
2005-12-13,17.1033,1477725.12,USGS_gage_proxy
2005-12-14,17.2166,1487514.24,USGS_gage_proxy
2005-12-15,17.1033,1477725.12,USGS_gage_proxy
2005-12-16,17.2449,1489959.36,USGS_gage_proxy
2005-12-17,17.2449,1489959.36,USGS_gage_proxy
2005-12-18,17.3582,1499748.48,USGS_gage_proxy
2005-12-19,17.5564,1516872.96,USGS_gage_proxy
2005-12-20,17.4998,1511982.72,USGS_gage_proxy
2005-12-21,17.3299,1497303.3599999999,USGS_gage_proxy
2005-12-22,17.3582,1499748.48,USGS_gage_proxy
2005-12-23,17.4998,1511982.72,USGS_gage_proxy
2005-12-24,17.5281,1514427.8399999999,USGS_gage_proxy
2005-12-25,17.3299,1497303.3599999999,USGS_gage_proxy
2005-12-26,11.2418,971291.52,USGS_gage_proxy
2005-12-27,4.3891,379218.24,USGS_gage_proxy
2005-12-28,3.1432,271572.48000000004,USGS_gage_proxy
2005-12-29,2.9449,254439.36000000002,USGS_gage_proxy
2005-12-30,2.8883,249549.12,USGS_gage_proxy
2005-12-31,2.8317,244658.88,USGS_gage_proxy
2006-01-01,2.7892,240986.88,USGS_gage_proxy
2006-01-02,2.7581,238299.84000000003,USGS_gage_proxy
2006-01-03,2.7382,236580.48,USGS_gage_proxy
2006-01-04,2.608,225331.2,USGS_gage_proxy
2006-01-05,2.8317,244658.88,USGS_gage_proxy
2006-01-06,3.7945,327844.80000000005,USGS_gage_proxy
2006-01-07,3.6812,318055.68,USGS_gage_proxy
2006-01-08,3.483,300931.2,USGS_gage_proxy
2006-01-09,3.2281,278907.84,USGS_gage_proxy
2006-01-10,3.0865,266673.6,USGS_gage_proxy
2006-01-11,2.9449,254439.36000000002,USGS_gage_proxy
2006-01-12,2.7949,241479.36000000002,USGS_gage_proxy
2006-01-13,2.7609,238541.75999999998,USGS_gage_proxy
2006-01-14,2.7467,237314.88,USGS_gage_proxy
2006-01-15,2.7411,236831.03999999998,USGS_gage_proxy
2006-01-16,2.7581,238299.84000000003,USGS_gage_proxy
2006-01-17,2.7552,238049.28,USGS_gage_proxy
2006-01-18,2.7184,234869.75999999998,USGS_gage_proxy
2006-01-19,2.6759,231197.76,USGS_gage_proxy
2006-01-20,2.7411,236831.03999999998,USGS_gage_proxy
2006-01-21,2.8288,244408.32,USGS_gage_proxy
2006-01-22,2.7212,235111.68,USGS_gage_proxy
2006-01-23,2.5712,222151.68000000002,USGS_gage_proxy
2006-01-24,2.5372,219214.08,USGS_gage_proxy
2006-01-25,2.5372,219214.08,USGS_gage_proxy
2006-01-26,2.5655,221659.2,USGS_gage_proxy
2006-01-27,2.5627,221417.28,USGS_gage_proxy
2006-01-28,2.5797,222886.08,USGS_gage_proxy
2006-01-29,2.5485,220190.40000000002,USGS_gage_proxy
2006-01-30,2.5344,218972.16,USGS_gage_proxy
2006-01-31,2.4098,208206.72,USGS_gage_proxy
2006-02-01,2.5995,224596.8,USGS_gage_proxy
2006-02-02,2.6108,225573.12,USGS_gage_proxy
2006-02-03,2.5995,224596.8,USGS_gage_proxy
2006-02-04,2.4636,212855.04,USGS_gage_proxy
2006-02-05,2.3928,206737.91999999998,USGS_gage_proxy
2006-02-06,2.3871,206245.44000000003,USGS_gage_proxy
2006-02-07,2.3758,205269.12,USGS_gage_proxy
2006-02-08,2.3135,199886.4,USGS_gage_proxy
2006-02-09,2.3758,205269.12,USGS_gage_proxy
2006-02-10,2.356,203558.4,USGS_gage_proxy
2006-02-11,2.3956,206979.84,USGS_gage_proxy
2006-02-12,2.2937,198175.68,USGS_gage_proxy
2006-02-13,2.2568,194987.52000000002,USGS_gage_proxy
2006-02-14,2.2767,196706.88,USGS_gage_proxy
2006-02-15,2.2852,197441.28,USGS_gage_proxy
2006-02-16,2.2653,195721.91999999998,USGS_gage_proxy
2006-02-17,2.6108,225573.12,USGS_gage_proxy
2006-02-18,2.9449,254439.36000000002,USGS_gage_proxy
2006-02-19,2.86,247104.0,USGS_gage_proxy
2006-02-20,2.6618,229979.52,USGS_gage_proxy
2006-02-21,2.4551,212120.63999999998,USGS_gage_proxy
2006-02-22,2.4154,208690.56,USGS_gage_proxy
2006-02-23,2.4183,208941.12,USGS_gage_proxy
2006-02-24,2.4098,208206.72,USGS_gage_proxy
2006-02-25,2.4409,210893.76,USGS_gage_proxy
2006-02-26,2.3956,206979.84,USGS_gage_proxy
2006-02-27,2.3305,201355.19999999998,USGS_gage_proxy
2006-02-28,2.3163,200128.32,USGS_gage_proxy
2006-03-01,2.4409,210893.76,USGS_gage_proxy
2006-03-02,2.4211,209183.04,USGS_gage_proxy
2006-03-03,2.3786,205511.04,USGS_gage_proxy
2006-03-04,2.3022,198910.08000000002,USGS_gage_proxy
2006-03-05,2.3361,201839.04,USGS_gage_proxy
2006-03-06,2.322,200620.80000000002,USGS_gage_proxy
2006-03-07,2.1266,183738.24,USGS_gage_proxy
2006-03-08,2.0445,176644.80000000002,USGS_gage_proxy
2006-03-09,1.9793,171011.52000000002,USGS_gage_proxy
2006-03-10,1.9425,167832.0,USGS_gage_proxy
2006-03-11,2.0785,179582.4,USGS_gage_proxy
2006-03-12,2.2399,193527.36,USGS_gage_proxy
2006-03-13,1.7698,152910.72,USGS_gage_proxy
2006-03-14,1.3196,114013.44,USGS_gage_proxy
2006-03-15,1.0619,91748.16,USGS_gage_proxy
2006-03-16,1.5404,133090.56,USGS_gage_proxy
2006-03-17,1.2233,105693.12000000001,USGS_gage_proxy
2006-03-18,0.9543,82451.52,USGS_gage_proxy
2006-03-19,1.4895,128692.8,USGS_gage_proxy
2006-03-20,1.7443,150707.52,USGS_gage_proxy
2006-03-21,1.6792,145082.88,USGS_gage_proxy
2006-03-22,1.6735,144590.4,USGS_gage_proxy
2006-03-23,1.3705,118411.20000000001,USGS_gage_proxy
2006-03-24,1.0109,87341.76,USGS_gage_proxy
2006-03-25,0.8523,73638.72,USGS_gage_proxy
2006-03-26,1.0251,88568.63999999998,USGS_gage_proxy
2006-03-27,1.7358,149973.12,USGS_gage_proxy
2006-03-28,1.6056,138723.84,USGS_gage_proxy
2006-03-29,1.4555,125755.2,USGS_gage_proxy
2006-03-30,1.3932,120372.48,USGS_gage_proxy
2006-03-31,1.4045,121348.8,USGS_gage_proxy
2006-04-01,1.4385,124286.4,USGS_gage_proxy
2006-04-02,1.3904,120130.56000000001,USGS_gage_proxy
2006-04-03,1.379,119145.6,USGS_gage_proxy
2006-04-04,1.5319,132356.16,USGS_gage_proxy
2006-04-05,1.2346,106669.43999999999,USGS_gage_proxy
2006-04-06,0.9713,83920.32,USGS_gage_proxy
2006-04-07,1.0222,88318.08,USGS_gage_proxy
2006-04-08,1.0109,87341.76,USGS_gage_proxy
2006-04-09,0.9798,84654.72,USGS_gage_proxy
2006-04-10,1.0421,90037.44,USGS_gage_proxy
2006-04-11,1.144,98841.59999999999,USGS_gage_proxy
2006-04-12,1.1921,102997.43999999999,USGS_gage_proxy
2006-04-13,1.3592,117434.87999999999,USGS_gage_proxy
2006-04-14,1.4753,127465.92,USGS_gage_proxy
2006-04-15,1.4696,126973.44,USGS_gage_proxy
2006-04-16,1.2884,111317.76,USGS_gage_proxy
2006-04-17,1.1525,99576.0,USGS_gage_proxy
2006-04-18,1.127,97372.8,USGS_gage_proxy
2006-04-19,1.1978,103489.92,USGS_gage_proxy
2006-04-20,1.3649,117927.36,USGS_gage_proxy
2006-04-21,1.3479,116458.56000000001,USGS_gage_proxy
2006-04-22,1.3252,114497.28,USGS_gage_proxy
2006-04-23,1.2969,112052.15999999999,USGS_gage_proxy
2006-04-24,1.3196,114013.44,USGS_gage_proxy
2006-04-25,1.6169,139700.16,USGS_gage_proxy
2006-04-26,1.5121,130645.44,USGS_gage_proxy
2006-04-27,1.3252,114497.28,USGS_gage_proxy
2006-04-28,1.4045,121348.8,USGS_gage_proxy
2006-04-29,1.2856,111075.84000000001,USGS_gage_proxy
2006-04-30,1.3564,117192.96,USGS_gage_proxy
2006-05-01,1.4696,126973.44,USGS_gage_proxy
2006-05-02,1.345,116208.0,USGS_gage_proxy
2006-05-03,6.2297,538246.0800000001,USGS_gage_proxy
2006-05-04,12.2612,1059367.68,USGS_gage_proxy
2006-05-05,13.1673,1137654.72,USGS_gage_proxy
2006-05-06,13.7903,1191481.92,USGS_gage_proxy
2006-05-07,13.5637,1171903.6800000002,USGS_gage_proxy
2006-05-08,5.5218,477083.51999999996,USGS_gage_proxy
2006-05-09,2.322,200620.80000000002,USGS_gage_proxy
2006-05-10,1.6679,144106.56,USGS_gage_proxy
2006-05-11,1.3847,119638.08,USGS_gage_proxy
2006-05-12,1.2573,108630.72,USGS_gage_proxy
2006-05-13,1.2941,111810.24,USGS_gage_proxy
2006-05-14,1.3366,115482.24,USGS_gage_proxy
2006-05-15,1.3281,114747.84000000001,USGS_gage_proxy
2006-05-16,1.3337,115231.68000000001,USGS_gage_proxy
2006-05-17,1.2289,106176.96,USGS_gage_proxy
2006-05-18,1.1242,97130.88,USGS_gage_proxy
2006-05-19,1.11,95904.00000000001,USGS_gage_proxy
2006-05-20,1.1921,102997.43999999999,USGS_gage_proxy
2006-05-21,1.2091,104466.24,USGS_gage_proxy
2006-05-22,1.0845,93700.8,USGS_gage_proxy
2006-05-23,0.9968,86123.52,USGS_gage_proxy
2006-05-24,0.9429,81466.56,USGS_gage_proxy
2006-05-25,1.0137,87583.68000000001,USGS_gage_proxy
2006-05-26,1.1553,99817.92,USGS_gage_proxy
2006-05-27,1.2743,110099.52,USGS_gage_proxy
2006-05-28,1.3366,115482.24,USGS_gage_proxy
2006-05-29,1.2969,112052.15999999999,USGS_gage_proxy
2006-05-30,1.2176,105200.64,USGS_gage_proxy
2006-05-31,1.2573,108630.72,USGS_gage_proxy
2006-06-01,1.3026,112544.64,USGS_gage_proxy
2006-06-02,1.2941,111810.24,USGS_gage_proxy
2006-06-03,1.4215,122817.6,USGS_gage_proxy
2006-06-04,1.5433,133341.12,USGS_gage_proxy
2006-06-05,1.3366,115482.24,USGS_gage_proxy
2006-06-06,1.2091,104466.24,USGS_gage_proxy
2006-06-07,1.3082,113028.48,USGS_gage_proxy
2006-06-08,1.2261,105935.04,USGS_gage_proxy
2006-06-09,1.1638,100552.31999999999,USGS_gage_proxy
2006-06-10,1.1327,97865.28,USGS_gage_proxy
2006-06-11,1.144,98841.59999999999,USGS_gage_proxy
2006-06-12,1.5121,130645.44,USGS_gage_proxy
2006-06-13,1.8208,157317.12,USGS_gage_proxy
2006-06-14,1.6197,139942.08,USGS_gage_proxy
2006-06-15,1.5772,136270.08,USGS_gage_proxy
2006-06-16,1.5857,137004.48,USGS_gage_proxy
2006-06-17,1.9482,168324.47999999998,USGS_gage_proxy
2006-06-18,1.8123,156582.72,USGS_gage_proxy
2006-06-19,1.5829,136762.56,USGS_gage_proxy
2006-06-20,1.5291,132114.24,USGS_gage_proxy
2006-06-21,1.3026,112544.64,USGS_gage_proxy
2006-06-22,1.3026,112544.64,USGS_gage_proxy
2006-06-23,1.1893,102755.52,USGS_gage_proxy
2006-06-24,1.699,146793.6,USGS_gage_proxy
2006-06-25,5.1537,445279.68,USGS_gage_proxy
2006-06-26,2.8317,244658.88,USGS_gage_proxy
2006-06-27,1.699,146793.6,USGS_gage_proxy
2006-06-28,1.6424,141903.36000000002,USGS_gage_proxy
2006-06-29,1.5291,132114.24,USGS_gage_proxy
2006-06-30,1.3111,113279.04,USGS_gage_proxy
2006-07-01,1.2374,106911.36,USGS_gage_proxy
2006-07-02,1.2318,106427.52,USGS_gage_proxy
2006-07-03,1.1723,101286.71999999999,USGS_gage_proxy
2006-07-04,1.1525,99576.0,USGS_gage_proxy
2006-07-05,1.1865,102513.6,USGS_gage_proxy
2006-07-06,1.3054,112786.56,USGS_gage_proxy
2006-07-07,1.2346,106669.43999999999,USGS_gage_proxy
2006-07-08,1.4413,124528.32,USGS_gage_proxy
2006-07-09,1.4243,123059.51999999999,USGS_gage_proxy
2006-07-10,1.2233,105693.12000000001,USGS_gage_proxy
2006-07-11,1.1355,98107.2,USGS_gage_proxy
2006-07-12,1.1525,99576.0,USGS_gage_proxy
2006-07-13,1.2346,106669.43999999999,USGS_gage_proxy
2006-07-14,1.2743,110099.52,USGS_gage_proxy
2006-07-15,1.1468,99083.52,USGS_gage_proxy
2006-07-16,1.1525,99576.0,USGS_gage_proxy
2006-07-17,1.2176,105200.64,USGS_gage_proxy
2006-07-18,1.2346,106669.43999999999,USGS_gage_proxy
2006-07-19,1.362,117676.8,USGS_gage_proxy
2006-07-20,0.9968,86123.52,USGS_gage_proxy
2006-07-21,0.9429,81466.56,USGS_gage_proxy
2006-07-22,1.0392,89786.87999999999,USGS_gage_proxy
2006-07-23,1.2658,109365.12000000001,USGS_gage_proxy
2006-07-24,1.2006,103731.84,USGS_gage_proxy
2006-07-25,1.059,91497.59999999999,USGS_gage_proxy
2006-07-26,1.0421,90037.44,USGS_gage_proxy
2006-07-27,1.0704,92482.56,USGS_gage_proxy
2006-07-28,1.2459,107645.76,USGS_gage_proxy
2006-07-29,1.5121,130645.44,USGS_gage_proxy
2006-07-30,2.3361,201839.04,USGS_gage_proxy
2006-07-31,2.5995,224596.8,USGS_gage_proxy
2006-08-01,2.0586,177863.04,USGS_gage_proxy
2006-08-02,1.6565,143121.6,USGS_gage_proxy
2006-08-03,1.379,119145.6,USGS_gage_proxy
2006-08-04,1.379,119145.6,USGS_gage_proxy
2006-08-05,1.4923,128934.72,USGS_gage_proxy
2006-08-06,1.6707,144348.48,USGS_gage_proxy
2006-08-07,1.5149,130887.35999999999,USGS_gage_proxy
2006-08-08,1.4243,123059.51999999999,USGS_gage_proxy
2006-08-09,1.3535,116942.4,USGS_gage_proxy
2006-08-10,1.3196,114013.44,USGS_gage_proxy
2006-08-11,1.345,116208.0,USGS_gage_proxy
2006-08-12,1.3677,118169.28,USGS_gage_proxy
2006-08-13,1.3167,113762.88,USGS_gage_proxy
2006-08-14,1.4073,121590.72,USGS_gage_proxy
2006-08-15,1.8151,156824.63999999998,USGS_gage_proxy
2006-08-16,4.1343,357203.51999999996,USGS_gage_proxy
2006-08-17,7.1075,614088.0,USGS_gage_proxy
2006-08-18,7.3341,633666.24,USGS_gage_proxy
2006-08-19,4.644,401241.60000000003,USGS_gage_proxy
2006-08-20,2.6335,227534.40000000002,USGS_gage_proxy
2006-08-21,2.8883,249549.12,USGS_gage_proxy
2006-08-22,2.5712,222151.68000000002,USGS_gage_proxy
2006-08-23,3.1715,274017.6,USGS_gage_proxy
2006-08-24,3.0582,264228.48,USGS_gage_proxy
2006-08-25,2.1776,188144.63999999998,USGS_gage_proxy
2006-08-26,1.8434,159269.75999999998,USGS_gage_proxy
2006-08-27,1.7415,150465.6,USGS_gage_proxy
2006-08-28,1.716,148262.4,USGS_gage_proxy
2006-08-29,1.6792,145082.88,USGS_gage_proxy
2006-08-30,1.7132,148020.48,USGS_gage_proxy
2006-08-31,3.5113,303376.32,USGS_gage_proxy
2006-09-01,1.8632,160980.48,USGS_gage_proxy
2006-09-02,8.9198,770670.7200000001,USGS_gage_proxy
2006-09-03,5.6067,484418.88,USGS_gage_proxy
2006-09-04,6.9093,596963.52,USGS_gage_proxy
2006-09-05,7.6739,663024.96,USGS_gage_proxy
2006-09-06,10.0525,868536.0,USGS_gage_proxy
2006-09-07,4.9838,430600.31999999995,USGS_gage_proxy
2006-09-08,3.1148,269118.72,USGS_gage_proxy
2006-09-09,2.5457,219948.48,USGS_gage_proxy
2006-09-10,2.3588,203800.32,USGS_gage_proxy
2006-09-11,2.2625,195480.00000000003,USGS_gage_proxy
2006-09-12,2.203,190339.19999999998,USGS_gage_proxy
2006-09-13,2.1464,185448.96,USGS_gage_proxy
2006-09-14,2.1209,183245.75999999998,USGS_gage_proxy
2006-09-15,2.1351,184472.64,USGS_gage_proxy
2006-09-16,2.0813,179824.32,USGS_gage_proxy
2006-09-17,2.1521,185941.44,USGS_gage_proxy
2006-09-18,2.053,177379.19999999998,USGS_gage_proxy
2006-09-19,1.9199,165879.36,USGS_gage_proxy
2006-09-20,1.9878,171745.92,USGS_gage_proxy
2006-09-21,1.7981,155355.84,USGS_gage_proxy
2006-09-22,1.7443,150707.52,USGS_gage_proxy
2006-09-23,2.1153,182761.91999999998,USGS_gage_proxy
2006-09-24,2.2908,197925.12,USGS_gage_proxy
2006-09-25,2.1521,185941.44,USGS_gage_proxy
2006-09-26,2.3333,201597.12,USGS_gage_proxy
2006-09-27,2.4267,209666.87999999998,USGS_gage_proxy
2006-09-28,2.3814,205752.96000000002,USGS_gage_proxy
2006-09-29,2.3956,206979.84,USGS_gage_proxy
2006-09-30,1.9114,165144.96,USGS_gage_proxy
2006-10-01,1.9793,171011.52000000002,USGS_gage_proxy
2006-10-02,2.2285,192542.4,USGS_gage_proxy
2006-10-03,2.3899,206487.36,USGS_gage_proxy
2006-10-04,2.3446,202573.43999999997,USGS_gage_proxy
2006-10-05,2.1719,187652.16,USGS_gage_proxy
2006-10-06,2.0077,173465.27999999997,USGS_gage_proxy
2006-10-07,2.1323,184230.72,USGS_gage_proxy
2006-10-08,2.0643,178355.52,USGS_gage_proxy
2006-10-09,2.0756,179331.84,USGS_gage_proxy
2006-10-10,2.6646,230221.44,USGS_gage_proxy
2006-10-11,2.7722,239518.08000000002,USGS_gage_proxy
2006-10-12,2.489,215049.59999999998,USGS_gage_proxy
2006-10-13,2.4437,211135.68000000002,USGS_gage_proxy
2006-10-14,2.5655,221659.2,USGS_gage_proxy
2006-10-15,2.9449,254439.36000000002,USGS_gage_proxy
2006-10-16,2.8317,244658.88,USGS_gage_proxy
2006-10-17,3.3131,286251.83999999997,USGS_gage_proxy
2006-10-18,2.4381,210651.84,USGS_gage_proxy
2006-10-19,2.2965,198417.6,USGS_gage_proxy
2006-10-20,2.5117,217010.87999999998,USGS_gage_proxy
2006-10-21,2.4183,208941.12,USGS_gage_proxy
2006-10-22,2.2568,194987.52000000002,USGS_gage_proxy
2006-10-23,2.1549,186183.36000000002,USGS_gage_proxy
2006-10-24,2.1662,187159.68,USGS_gage_proxy
2006-10-25,2.1549,186183.36000000002,USGS_gage_proxy
2006-10-26,2.3928,206737.91999999998,USGS_gage_proxy
2006-10-27,2.2852,197441.28,USGS_gage_proxy
2006-10-28,1.9708,170277.12,USGS_gage_proxy
2006-10-29,2.0218,174683.52,USGS_gage_proxy
2006-10-30,2.0445,176644.80000000002,USGS_gage_proxy
2006-10-31,2.2342,193034.88,USGS_gage_proxy
2006-11-01,2.1209,183245.75999999998,USGS_gage_proxy
2006-11-02,2.5287,218479.68000000002,USGS_gage_proxy
2006-11-03,2.6873,232182.72,USGS_gage_proxy
2006-11-04,2.2229,192058.56,USGS_gage_proxy
2006-11-05,2.1294,183980.16,USGS_gage_proxy
2006-11-06,2.1294,183980.16,USGS_gage_proxy
2006-11-07,2.1408,184965.12,USGS_gage_proxy
2006-11-08,2.1323,184230.72,USGS_gage_proxy
2006-11-09,2.1209,183245.75999999998,USGS_gage_proxy
2006-11-10,2.1124,182511.36000000002,USGS_gage_proxy
2006-11-11,2.0926,180800.64,USGS_gage_proxy
2006-11-12,1.9878,171745.92,USGS_gage_proxy
2006-11-13,1.9907,171996.47999999998,USGS_gage_proxy
2006-11-14,2.0388,176152.32,USGS_gage_proxy
2006-11-15,2.0388,176152.32,USGS_gage_proxy
2006-11-16,2.0813,179824.32,USGS_gage_proxy
2006-11-17,1.9482,168324.47999999998,USGS_gage_proxy
2006-11-18,1.9312,166855.68,USGS_gage_proxy
2006-11-19,1.9029,164410.56,USGS_gage_proxy
2006-11-20,1.9255,166363.2,USGS_gage_proxy
2006-11-21,2.0841,180066.24,USGS_gage_proxy
2006-11-22,15.4327,1333385.28,USGS_gage_proxy
2006-11-23,24.9754,2157874.56,USGS_gage_proxy
2006-11-24,26.4479,2285098.56,USGS_gage_proxy
2006-11-25,27.4956,2375619.84,USGS_gage_proxy
2006-11-26,27.6372,2387854.08,USGS_gage_proxy
2006-11-27,26.3629,2277754.56,USGS_gage_proxy
2006-11-28,15.0645,1301572.8,USGS_gage_proxy
2006-11-29,4.8705,420811.2,USGS_gage_proxy
2006-11-30,3.1432,271572.48000000004,USGS_gage_proxy
2006-12-01,2.642,228268.8,USGS_gage_proxy
2006-12-02,2.4551,212120.63999999998,USGS_gage_proxy
2006-12-03,2.2795,196948.80000000002,USGS_gage_proxy
2006-12-04,2.2059,190589.76,USGS_gage_proxy
2006-12-05,2.1266,183738.24,USGS_gage_proxy
2006-12-06,2.0671,178597.44,USGS_gage_proxy
2006-12-07,2.0445,176644.80000000002,USGS_gage_proxy
2006-12-08,2.0218,174683.52,USGS_gage_proxy
2006-12-09,1.968,170035.2,USGS_gage_proxy
2006-12-10,1.9652,169793.28,USGS_gage_proxy
2006-12-11,1.9822,171262.08,USGS_gage_proxy
2006-12-12,1.9765,170769.6,USGS_gage_proxy
2006-12-13,1.985,171504.0,USGS_gage_proxy
2006-12-14,1.9312,166855.68,USGS_gage_proxy
2006-12-15,1.934,167097.6,USGS_gage_proxy
2006-12-16,1.9454,168082.56,USGS_gage_proxy
2006-12-17,1.9284,166613.75999999998,USGS_gage_proxy
2006-12-18,1.8604,160738.56,USGS_gage_proxy
2006-12-19,1.8434,159269.75999999998,USGS_gage_proxy
2006-12-20,2.0303,175417.92,USGS_gage_proxy
2006-12-21,2.0077,173465.27999999997,USGS_gage_proxy
2006-12-22,2.0643,178355.52,USGS_gage_proxy
2006-12-23,1.9255,166363.2,USGS_gage_proxy
2006-12-24,1.8802,162449.28,USGS_gage_proxy
2006-12-25,1.8604,160738.56,USGS_gage_proxy
2006-12-26,1.8859,162941.75999999998,USGS_gage_proxy
2006-12-27,1.8576,160496.63999999998,USGS_gage_proxy
2006-12-28,1.8321,158293.44,USGS_gage_proxy
2006-12-29,1.9199,165879.36,USGS_gage_proxy
2006-12-30,2.0671,178597.44,USGS_gage_proxy
2006-12-31,2.0586,177863.04,USGS_gage_proxy
2007-01-01,1.917,165628.80000000002,USGS_gage_proxy
2007-01-02,1.8463,159520.32,USGS_gage_proxy
2007-01-03,1.8576,160496.63999999998,USGS_gage_proxy
2007-01-04,1.8689,161472.96,USGS_gage_proxy
2007-01-05,1.8746,161965.44,USGS_gage_proxy
2007-01-06,1.8746,161965.44,USGS_gage_proxy
2007-01-07,1.8548,160254.72,USGS_gage_proxy
2007-01-08,1.6905,146059.19999999998,USGS_gage_proxy
2007-01-09,1.5801,136520.64,USGS_gage_proxy
2007-01-10,1.5744,136028.16,USGS_gage_proxy
2007-01-11,1.5772,136270.08,USGS_gage_proxy
2007-01-12,1.5772,136270.08,USGS_gage_proxy
2007-01-13,1.6112,139207.68,USGS_gage_proxy
2007-01-14,1.6339,141168.96,USGS_gage_proxy
2007-01-15,1.7613,152176.32,USGS_gage_proxy
2007-01-16,1.8208,157317.12,USGS_gage_proxy
2007-01-17,1.733,149731.2,USGS_gage_proxy
2007-01-18,1.6962,146551.68,USGS_gage_proxy
2007-01-19,1.631,140918.4,USGS_gage_proxy
2007-01-20,1.9001,164168.63999999998,USGS_gage_proxy
2007-01-21,2.1153,182761.91999999998,USGS_gage_proxy
2007-01-22,2.1662,187159.68,USGS_gage_proxy
2007-01-23,2.1238,183496.32,USGS_gage_proxy
2007-01-24,1.9963,172480.32,USGS_gage_proxy
2007-01-25,1.9765,170769.6,USGS_gage_proxy
2007-01-26,1.9539,168816.96,USGS_gage_proxy
2007-01-27,1.8717,161714.88,USGS_gage_proxy
2007-01-28,1.8179,157066.56,USGS_gage_proxy
2007-01-29,1.8179,157066.56,USGS_gage_proxy
2007-01-30,1.7953,155113.91999999998,USGS_gage_proxy
2007-01-31,1.8009,155597.76,USGS_gage_proxy
2007-02-01,1.8123,156582.72,USGS_gage_proxy
2007-02-02,1.8066,156090.24,USGS_gage_proxy
2007-02-03,1.8151,156824.63999999998,USGS_gage_proxy
2007-02-04,1.7783,153645.12,USGS_gage_proxy
2007-02-05,1.7556,151683.84,USGS_gage_proxy
2007-02-06,1.7641,152418.24,USGS_gage_proxy
2007-02-07,1.7613,152176.32,USGS_gage_proxy
2007-02-08,1.7726,153152.63999999998,USGS_gage_proxy
2007-02-09,1.7726,153152.63999999998,USGS_gage_proxy
2007-02-10,1.7556,151683.84,USGS_gage_proxy
2007-02-11,1.7358,149973.12,USGS_gage_proxy
2007-02-12,1.75,151200.0,USGS_gage_proxy
2007-02-13,1.7641,152418.24,USGS_gage_proxy
2007-02-14,1.8944,163676.16,USGS_gage_proxy
2007-02-15,1.8859,162941.75999999998,USGS_gage_proxy
2007-02-16,1.8831,162699.84,USGS_gage_proxy
2007-02-17,1.8264,157800.96,USGS_gage_proxy
2007-02-18,1.7698,152910.72,USGS_gage_proxy
2007-02-19,1.7415,150465.6,USGS_gage_proxy
2007-02-20,1.7132,148020.48,USGS_gage_proxy
2007-02-21,1.6962,146551.68,USGS_gage_proxy
2007-02-22,1.767,152668.8,USGS_gage_proxy
2007-02-23,1.7075,147528.0,USGS_gage_proxy
2007-02-24,1.6962,146551.68,USGS_gage_proxy
2007-02-25,1.6594,143372.16,USGS_gage_proxy
2007-02-26,1.8293,158051.52,USGS_gage_proxy
2007-02-27,1.648,142387.19999999998,USGS_gage_proxy
2007-02-28,1.6056,138723.84,USGS_gage_proxy
2007-03-01,1.6679,144106.56,USGS_gage_proxy
2007-03-02,1.5829,136762.56,USGS_gage_proxy
2007-03-03,1.5688,135544.32,USGS_gage_proxy
2007-03-04,1.4781,127707.84,USGS_gage_proxy
2007-03-05,1.43,123552.0,USGS_gage_proxy
2007-03-06,1.5404,133090.56,USGS_gage_proxy
2007-03-07,1.6792,145082.88,USGS_gage_proxy
2007-03-08,1.5999,138231.36000000002,USGS_gage_proxy
2007-03-09,1.5263,131872.32,USGS_gage_proxy
2007-03-10,1.4838,128200.32,USGS_gage_proxy
2007-03-11,1.3904,120130.56000000001,USGS_gage_proxy
2007-03-12,1.4611,126239.04000000001,USGS_gage_proxy
2007-03-13,1.6848,145566.72,USGS_gage_proxy
2007-03-14,1.8491,159762.24,USGS_gage_proxy
2007-03-15,1.6905,146059.19999999998,USGS_gage_proxy
2007-03-16,1.5093,130403.52,USGS_gage_proxy
2007-03-17,1.4158,122325.12,USGS_gage_proxy
2007-03-18,1.362,117676.8,USGS_gage_proxy
2007-03-19,1.3592,117434.87999999999,USGS_gage_proxy
2007-03-20,1.3564,117192.96,USGS_gage_proxy
2007-03-21,1.3535,116942.4,USGS_gage_proxy
2007-03-22,1.3734,118661.76,USGS_gage_proxy
2007-03-23,1.6339,141168.96,USGS_gage_proxy
2007-03-24,4.3325,374327.99999999994,USGS_gage_proxy
2007-03-25,8.8348,763326.72,USGS_gage_proxy
2007-03-26,4.3325,374327.99999999994,USGS_gage_proxy
2007-03-27,2.3786,205511.04,USGS_gage_proxy
2007-03-28,2.0048,173214.72,USGS_gage_proxy
2007-03-29,1.8463,159520.32,USGS_gage_proxy
2007-03-30,1.7358,149973.12,USGS_gage_proxy
2007-03-31,1.6735,144590.4,USGS_gage_proxy
2007-04-01,1.6537,142879.68,USGS_gage_proxy
2007-04-02,1.5716,135786.24000000002,USGS_gage_proxy
2007-04-03,1.481,127958.40000000001,USGS_gage_proxy
2007-04-04,1.4527,125513.28000000001,USGS_gage_proxy
2007-04-05,1.3988,120856.32,USGS_gage_proxy
2007-04-06,1.4187,122575.68000000001,USGS_gage_proxy
2007-04-07,1.5999,138231.36000000002,USGS_gage_proxy
2007-04-08,1.6537,142879.68,USGS_gage_proxy
2007-04-09,1.6027,138473.28,USGS_gage_proxy
2007-04-10,2.0983,181293.12,USGS_gage_proxy
2007-04-11,1.9765,170769.6,USGS_gage_proxy
2007-04-12,1.733,149731.2,USGS_gage_proxy
2007-04-13,1.5121,130645.44,USGS_gage_proxy
2007-04-14,1.4017,121106.87999999999,USGS_gage_proxy
2007-04-15,1.6424,141903.36000000002,USGS_gage_proxy
2007-04-16,1.8632,160980.48,USGS_gage_proxy
2007-04-17,1.6282,140676.48,USGS_gage_proxy
2007-04-18,1.6169,139700.16,USGS_gage_proxy
2007-04-19,1.5319,132356.16,USGS_gage_proxy
2007-04-20,1.4073,121590.72,USGS_gage_proxy
2007-04-21,1.5489,133824.96,USGS_gage_proxy
2007-04-22,1.4442,124778.87999999999,USGS_gage_proxy
2007-04-23,1.4272,123310.08,USGS_gage_proxy
2007-04-24,1.5574,134559.36,USGS_gage_proxy
2007-04-25,1.4017,121106.87999999999,USGS_gage_proxy
2007-04-26,1.3875,119880.0,USGS_gage_proxy
2007-04-27,1.4498,125262.72,USGS_gage_proxy
2007-04-28,1.6027,138473.28,USGS_gage_proxy
2007-04-29,1.9199,165879.36,USGS_gage_proxy
2007-04-30,1.7755,153403.2,USGS_gage_proxy
2007-05-01,1.6905,146059.19999999998,USGS_gage_proxy
2007-05-02,2.6051,225080.64,USGS_gage_proxy
2007-05-03,1.9652,169793.28,USGS_gage_proxy
2007-05-04,2.3333,201597.12,USGS_gage_proxy
2007-05-05,1.9114,165144.96,USGS_gage_proxy
2007-05-06,1.498,129427.2,USGS_gage_proxy
2007-05-07,1.3988,120856.32,USGS_gage_proxy
2007-05-08,1.5433,133341.12,USGS_gage_proxy
2007-05-09,2.6788,231448.31999999998,USGS_gage_proxy
2007-05-10,8.1269,702164.1599999999,USGS_gage_proxy
2007-05-11,3.936,340070.4,USGS_gage_proxy
2007-05-12,2.4551,212120.63999999998,USGS_gage_proxy
2007-05-13,1.951,168566.4,USGS_gage_proxy
2007-05-14,1.7783,153645.12,USGS_gage_proxy
2007-05-15,1.7556,151683.84,USGS_gage_proxy
2007-05-16,3.1148,269118.72,USGS_gage_proxy
2007-05-17,2.3276,201104.63999999998,USGS_gage_proxy
2007-05-18,2.2087,190831.68,USGS_gage_proxy
2007-05-19,2.3276,201104.63999999998,USGS_gage_proxy
2007-05-20,2.1068,182027.52,USGS_gage_proxy
2007-05-21,1.968,170035.2,USGS_gage_proxy
2007-05-22,1.8406,159027.84,USGS_gage_proxy
2007-05-23,1.7925,154872.0,USGS_gage_proxy
2007-05-24,1.716,148262.4,USGS_gage_proxy
2007-05-25,1.5348,132606.72,USGS_gage_proxy
2007-05-26,1.5631,135051.84,USGS_gage_proxy
2007-05-27,1.9001,164168.63999999998,USGS_gage_proxy
2007-05-28,2.1096,182269.44,USGS_gage_proxy
2007-05-29,1.9142,165386.88,USGS_gage_proxy
2007-05-30,1.7641,152418.24,USGS_gage_proxy
2007-05-31,1.631,140918.4,USGS_gage_proxy
2007-06-01,1.481,127958.40000000001,USGS_gage_proxy
2007-06-02,1.4272,123310.08,USGS_gage_proxy
2007-06-03,1.4442,124778.87999999999,USGS_gage_proxy
2007-06-04,1.4272,123310.08,USGS_gage_proxy
2007-06-05,1.4895,128692.8,USGS_gage_proxy
2007-06-06,1.3366,115482.24,USGS_gage_proxy
2007-06-07,1.2176,105200.64,USGS_gage_proxy
2007-06-08,1.2912,111559.68,USGS_gage_proxy
2007-06-09,1.3535,116942.4,USGS_gage_proxy
2007-06-10,1.7302,149489.28,USGS_gage_proxy
2007-06-11,2.0105,173707.19999999998,USGS_gage_proxy
2007-06-12,2.2908,197925.12,USGS_gage_proxy
2007-06-13,2.07,178848.0,USGS_gage_proxy
2007-06-14,1.9878,171745.92,USGS_gage_proxy
2007-06-15,1.7925,154872.0,USGS_gage_proxy
2007-06-16,1.648,142387.19999999998,USGS_gage_proxy
2007-06-17,1.6367,141410.88,USGS_gage_proxy
2007-06-18,1.5291,132114.24,USGS_gage_proxy
2007-06-19,1.8066,156090.24,USGS_gage_proxy
2007-06-20,1.7981,155355.84,USGS_gage_proxy
2007-06-21,1.6509,142637.76,USGS_gage_proxy
2007-06-22,1.5065,130161.59999999999,USGS_gage_proxy
2007-06-23,1.5603,134809.92,USGS_gage_proxy
2007-06-24,1.8038,155848.32,USGS_gage_proxy
2007-06-25,1.7471,150949.44,USGS_gage_proxy
2007-06-26,1.5857,137004.48,USGS_gage_proxy
2007-06-27,1.7528,151441.91999999998,USGS_gage_proxy
2007-06-28,3.4263,296032.32,USGS_gage_proxy
2007-06-29,2.7354,236338.56,USGS_gage_proxy
2007-06-30,2.5372,219214.08,USGS_gage_proxy
2007-07-01,1.9935,172238.4,USGS_gage_proxy
2007-07-02,1.8887,163183.68,USGS_gage_proxy
2007-07-03,1.8434,159269.75999999998,USGS_gage_proxy
2007-07-04,1.6877,145817.28,USGS_gage_proxy
2007-07-05,1.6367,141410.88,USGS_gage_proxy
2007-07-06,6.343,548035.2,USGS_gage_proxy
2007-07-07,3.9644,342524.16,USGS_gage_proxy
2007-07-08,2.4692,213338.87999999998,USGS_gage_proxy
2007-07-09,2.6788,231448.31999999998,USGS_gage_proxy
2007-07-10,2.2767,196706.88,USGS_gage_proxy
2007-07-11,3.0582,264228.48,USGS_gage_proxy
2007-07-12,3.3697,291142.08,USGS_gage_proxy
2007-07-13,2.0643,178355.52,USGS_gage_proxy
2007-07-14,2.0105,173707.19999999998,USGS_gage_proxy
2007-07-15,1.8463,159520.32,USGS_gage_proxy
2007-07-16,1.7783,153645.12,USGS_gage_proxy
2007-07-17,1.6537,142879.68,USGS_gage_proxy
2007-07-18,1.6339,141168.96,USGS_gage_proxy
2007-07-19,1.5008,129669.12,USGS_gage_proxy
2007-07-20,1.4866,128442.23999999999,USGS_gage_proxy
2007-07-21,2.2229,192058.56,USGS_gage_proxy
2007-07-22,2.5825,223128.0,USGS_gage_proxy
2007-07-23,3.2564,281352.96,USGS_gage_proxy
2007-07-24,2.608,225331.2,USGS_gage_proxy
2007-07-25,2.2512,194503.68,USGS_gage_proxy
2007-07-26,1.8548,160254.72,USGS_gage_proxy
2007-07-27,1.6056,138723.84,USGS_gage_proxy
2007-07-28,1.5716,135786.24000000002,USGS_gage_proxy
2007-07-29,1.6226,140192.64,USGS_gage_proxy
2007-07-30,1.6056,138723.84,USGS_gage_proxy
2007-07-31,1.7613,152176.32,USGS_gage_proxy
2007-08-01,2.0445,176644.80000000002,USGS_gage_proxy
2007-08-02,3.6246,313165.44,USGS_gage_proxy
2007-08-03,4.2192,364538.88,USGS_gage_proxy
2007-08-04,3.1715,274017.6,USGS_gage_proxy
2007-08-05,2.5372,219214.08,USGS_gage_proxy
2007-08-06,2.271,196214.4,USGS_gage_proxy
2007-08-07,1.9907,171996.47999999998,USGS_gage_proxy
2007-08-08,1.8406,159027.84,USGS_gage_proxy
2007-08-09,1.8548,160254.72,USGS_gage_proxy
2007-08-10,1.7783,153645.12,USGS_gage_proxy
2007-08-11,1.665,143856.0,USGS_gage_proxy
2007-08-12,1.6027,138473.28,USGS_gage_proxy
2007-08-13,1.5886,137255.04,USGS_gage_proxy
2007-08-14,1.5518,134075.52000000002,USGS_gage_proxy
2007-08-15,1.4923,128934.72,USGS_gage_proxy
2007-08-16,1.43,123552.0,USGS_gage_proxy
2007-08-17,1.3875,119880.0,USGS_gage_proxy
2007-08-18,1.5857,137004.48,USGS_gage_proxy
2007-08-19,2.1068,182027.52,USGS_gage_proxy
2007-08-20,1.9199,165879.36,USGS_gage_proxy
2007-08-21,1.631,140918.4,USGS_gage_proxy
2007-08-22,1.4838,128200.32,USGS_gage_proxy
2007-08-23,1.3988,120856.32,USGS_gage_proxy
2007-08-24,1.3224,114255.36,USGS_gage_proxy
2007-08-25,1.3479,116458.56000000001,USGS_gage_proxy
2007-08-26,1.4102,121841.27999999998,USGS_gage_proxy
2007-08-27,1.4611,126239.04000000001,USGS_gage_proxy
2007-08-28,1.5631,135051.84,USGS_gage_proxy
2007-08-29,1.4158,122325.12,USGS_gage_proxy
2007-08-30,1.4583,125997.12,USGS_gage_proxy
2007-08-31,1.413,122083.2,USGS_gage_proxy
2007-09-01,1.4668,126731.52,USGS_gage_proxy
2007-09-02,1.5149,130887.35999999999,USGS_gage_proxy
2007-09-03,1.5319,132356.16,USGS_gage_proxy
2007-09-04,1.7018,147035.52,USGS_gage_proxy
2007-09-05,1.985,171504.0,USGS_gage_proxy
2007-09-06,1.5744,136028.16,USGS_gage_proxy
2007-09-07,1.5036,129911.04000000001,USGS_gage_proxy
2007-09-08,1.5348,132606.72,USGS_gage_proxy
2007-09-09,1.4725,127224.0,USGS_gage_proxy
2007-09-10,6.881,594518.4,USGS_gage_proxy
2007-09-11,4.1909,362093.76,USGS_gage_proxy
2007-09-12,3.483,300931.2,USGS_gage_proxy
2007-09-13,3.3697,291142.08,USGS_gage_proxy
2007-09-14,2.4777,214073.28,USGS_gage_proxy
2007-09-15,2.0615,178113.6,USGS_gage_proxy
2007-09-16,1.8406,159027.84,USGS_gage_proxy
2007-09-17,1.5999,138231.36000000002,USGS_gage_proxy
2007-09-18,1.4838,128200.32,USGS_gage_proxy
2007-09-19,1.4611,126239.04000000001,USGS_gage_proxy
2007-09-20,1.6056,138723.84,USGS_gage_proxy
2007-09-21,2.5315,218721.59999999998,USGS_gage_proxy
2007-09-22,7.8438,677704.32,USGS_gage_proxy
2007-09-23,5.5218,477083.51999999996,USGS_gage_proxy
2007-09-24,3.1432,271572.48000000004,USGS_gage_proxy
2007-09-25,2.5485,220190.40000000002,USGS_gage_proxy
2007-09-26,2.4069,207956.15999999997,USGS_gage_proxy
2007-09-27,2.322,200620.80000000002,USGS_gage_proxy
2007-09-28,2.2738,196456.32,USGS_gage_proxy
2007-09-29,2.0416,176394.24,USGS_gage_proxy
2007-09-30,2.1776,188144.63999999998,USGS_gage_proxy
2007-10-01,2.339,202089.6,USGS_gage_proxy
2007-10-02,3.7378,322945.92,USGS_gage_proxy
2007-10-03,2.7297,235846.08,USGS_gage_proxy
2007-10-04,2.1408,184965.12,USGS_gage_proxy
2007-10-05,1.951,168566.4,USGS_gage_proxy
2007-10-06,1.8661,161231.04,USGS_gage_proxy
2007-10-07,1.8349,158535.36,USGS_gage_proxy
2007-10-08,1.8094,156332.16,USGS_gage_proxy
2007-10-09,1.784,154137.6,USGS_gage_proxy
2007-10-10,1.7585,151934.4,USGS_gage_proxy
2007-10-11,2.0077,173465.27999999997,USGS_gage_proxy
2007-10-12,1.9652,169793.28,USGS_gage_proxy
2007-10-13,1.8434,159269.75999999998,USGS_gage_proxy
2007-10-14,1.6056,138723.84,USGS_gage_proxy
2007-10-15,1.4611,126239.04000000001,USGS_gage_proxy
2007-10-16,1.8264,157800.96,USGS_gage_proxy
2007-10-17,1.6395,141652.8,USGS_gage_proxy
2007-10-18,1.5008,129669.12,USGS_gage_proxy
2007-10-19,1.6933,146301.12,USGS_gage_proxy
2007-10-20,1.7302,149489.28,USGS_gage_proxy
2007-10-21,2.2568,194987.52000000002,USGS_gage_proxy
2007-10-22,2.4664,213096.96000000002,USGS_gage_proxy
2007-10-23,2.6363,227776.31999999998,USGS_gage_proxy
2007-10-24,2.305,199152.0,USGS_gage_proxy
2007-10-25,2.4692,213338.87999999998,USGS_gage_proxy
2007-10-26,2.4211,209183.04,USGS_gage_proxy
2007-10-27,2.2908,197925.12,USGS_gage_proxy
2007-10-28,2.0671,178597.44,USGS_gage_proxy
2007-10-29,2.1011,181535.04,USGS_gage_proxy
2007-10-30,2.053,177379.19999999998,USGS_gage_proxy
2007-10-31,2.0813,179824.32,USGS_gage_proxy
2007-11-01,2.271,196214.4,USGS_gage_proxy
2007-11-02,2.86,247104.0,USGS_gage_proxy
2007-11-03,14.8946,1286893.44,USGS_gage_proxy
2007-11-04,22.7384,1964597.7599999998,USGS_gage_proxy
2007-11-05,24.579,2123625.6,USGS_gage_proxy
2007-11-06,25.117,2170108.8000000003,USGS_gage_proxy
2007-11-07,25.1453,2172553.92,USGS_gage_proxy
2007-11-08,25.202,2177452.8000000003,USGS_gage_proxy
2007-11-09,25.4568,2199467.52,USGS_gage_proxy
2007-11-10,25.4002,2194577.2800000003,USGS_gage_proxy
2007-11-11,24.9754,2157874.56,USGS_gage_proxy
2007-11-12,19.8501,1715048.6400000001,USGS_gage_proxy
2007-11-13,7.419,641001.6,USGS_gage_proxy
2007-11-14,4.2475,366983.99999999994,USGS_gage_proxy
2007-11-15,3.1998,276462.72000000003,USGS_gage_proxy
2007-11-16,2.7184,234869.75999999998,USGS_gage_proxy
2007-11-17,2.5315,218721.59999999998,USGS_gage_proxy
2007-11-18,2.4551,212120.63999999998,USGS_gage_proxy
2007-11-19,2.4296,209917.44000000003,USGS_gage_proxy
2007-11-20,2.3503,203065.91999999998,USGS_gage_proxy
2007-11-21,2.288,197683.19999999998,USGS_gage_proxy
2007-11-22,2.2568,194987.52000000002,USGS_gage_proxy
2007-11-23,2.2455,194011.19999999998,USGS_gage_proxy
2007-11-24,2.271,196214.4,USGS_gage_proxy
2007-11-25,2.3673,204534.72000000003,USGS_gage_proxy
2007-11-26,2.4154,208690.56,USGS_gage_proxy
2007-11-27,2.356,203558.4,USGS_gage_proxy
2007-11-28,2.2823,197190.72000000003,USGS_gage_proxy
2007-11-29,2.2342,193034.88,USGS_gage_proxy
2007-11-30,2.2144,191324.16,USGS_gage_proxy
2007-12-01,2.2229,192058.56,USGS_gage_proxy
2007-12-02,2.2399,193527.36,USGS_gage_proxy
2007-12-03,2.2229,192058.56,USGS_gage_proxy
2007-12-04,2.1464,185448.96,USGS_gage_proxy
2007-12-05,2.0756,179331.84,USGS_gage_proxy
2007-12-06,2.0898,180558.72,USGS_gage_proxy
2007-12-07,2.0983,181293.12,USGS_gage_proxy
2007-12-08,2.1068,182027.52,USGS_gage_proxy
2007-12-09,2.1294,183980.16,USGS_gage_proxy
2007-12-10,2.1294,183980.16,USGS_gage_proxy
2007-12-11,2.3475,202824.0,USGS_gage_proxy
2007-12-12,2.5513,220432.31999999998,USGS_gage_proxy
2007-12-13,2.6731,230955.84,USGS_gage_proxy
2007-12-14,2.3531,203307.84,USGS_gage_proxy
2007-12-15,2.2285,192542.4,USGS_gage_proxy
2007-12-16,2.2115,191073.6,USGS_gage_proxy
2007-12-17,2.1011,181535.04,USGS_gage_proxy
2007-12-18,2.0869,180308.16,USGS_gage_proxy
2007-12-19,2.0813,179824.32,USGS_gage_proxy
2007-12-20,2.0983,181293.12,USGS_gage_proxy
2007-12-21,2.0983,181293.12,USGS_gage_proxy
2007-12-22,2.0416,176394.24,USGS_gage_proxy
2007-12-23,2.1039,181776.96,USGS_gage_proxy
2007-12-24,2.0331,175659.84000000003,USGS_gage_proxy
2007-12-25,2.0105,173707.19999999998,USGS_gage_proxy
2007-12-26,2.0303,175417.92,USGS_gage_proxy
2007-12-27,2.0473,176886.72,USGS_gage_proxy
2007-12-28,2.0643,178355.52,USGS_gage_proxy
2007-12-29,2.0615,178113.6,USGS_gage_proxy
2007-12-30,2.0133,173949.12,USGS_gage_proxy
2007-12-31,2.019,174441.6,USGS_gage_proxy
2008-01-01,2.0501,177128.64,USGS_gage_proxy
2008-01-02,2.019,174441.6,USGS_gage_proxy
2008-01-03,2.0105,173707.19999999998,USGS_gage_proxy
2008-01-04,2.0218,174683.52,USGS_gage_proxy
2008-01-05,2.053,177379.19999999998,USGS_gage_proxy
2008-01-06,2.0926,180800.64,USGS_gage_proxy
2008-01-07,2.1068,182027.52,USGS_gage_proxy
2008-01-08,2.0983,181293.12,USGS_gage_proxy
2008-01-09,2.0813,179824.32,USGS_gage_proxy
2008-01-10,2.2512,194503.68,USGS_gage_proxy
2008-01-11,3.1432,271572.48000000004,USGS_gage_proxy
2008-01-12,3.9077,337625.28,USGS_gage_proxy
2008-01-13,3.8511,332735.04000000004,USGS_gage_proxy
2008-01-14,3.5396,305821.44,USGS_gage_proxy
2008-01-15,3.2564,281352.96,USGS_gage_proxy
2008-01-16,3.0582,264228.48,USGS_gage_proxy
2008-01-17,2.8883,249549.12,USGS_gage_proxy
2008-01-18,2.7382,236580.48,USGS_gage_proxy
2008-01-19,2.6533,229245.12000000002,USGS_gage_proxy
2008-01-20,2.574,222393.59999999998,USGS_gage_proxy
2008-01-21,2.5457,219948.48,USGS_gage_proxy
2008-01-22,2.5372,219214.08,USGS_gage_proxy
2008-01-23,2.5174,217503.36,USGS_gage_proxy
2008-01-24,2.489,215049.59999999998,USGS_gage_proxy
2008-01-25,2.5202,217745.28,USGS_gage_proxy
2008-01-26,2.5202,217745.28,USGS_gage_proxy
2008-01-27,2.4975,215784.0,USGS_gage_proxy
2008-01-28,2.506,216518.4,USGS_gage_proxy
2008-01-29,2.5457,219948.48,USGS_gage_proxy
2008-01-30,2.5174,217503.36,USGS_gage_proxy
2008-01-31,2.2767,196706.88,USGS_gage_proxy
2008-02-01,2.2823,197190.72000000003,USGS_gage_proxy
2008-02-02,2.1804,188386.56,USGS_gage_proxy
2008-02-03,2.1577,186425.28000000003,USGS_gage_proxy
2008-02-04,2.1974,189855.36000000002,USGS_gage_proxy
2008-02-05,2.2767,196706.88,USGS_gage_proxy
2008-02-06,2.1776,188144.63999999998,USGS_gage_proxy
2008-02-07,2.0898,180558.72,USGS_gage_proxy
2008-02-08,2.07,178848.0,USGS_gage_proxy
2008-02-09,2.0416,176394.24,USGS_gage_proxy
2008-02-10,2.0388,176152.32,USGS_gage_proxy
2008-02-11,2.0643,178355.52,USGS_gage_proxy
2008-02-12,2.1011,181535.04,USGS_gage_proxy
2008-02-13,2.0841,180066.24,USGS_gage_proxy
2008-02-14,2.0558,177621.12,USGS_gage_proxy
2008-02-15,2.0105,173707.19999999998,USGS_gage_proxy
2008-02-16,2.0388,176152.32,USGS_gage_proxy
2008-02-17,2.0756,179331.84,USGS_gage_proxy
2008-02-18,2.2512,194503.68,USGS_gage_proxy
2008-02-19,2.1747,187894.08000000002,USGS_gage_proxy
2008-02-20,2.2087,190831.68,USGS_gage_proxy
2008-02-21,2.237,193276.80000000002,USGS_gage_proxy
2008-02-22,2.1719,187652.16,USGS_gage_proxy
2008-02-23,2.1606,186675.84,USGS_gage_proxy
2008-02-24,2.1209,183245.75999999998,USGS_gage_proxy
2008-02-25,2.1776,188144.63999999998,USGS_gage_proxy
2008-02-26,2.0869,180308.16,USGS_gage_proxy
2008-02-27,2.0558,177621.12,USGS_gage_proxy
2008-02-28,2.0275,175176.0,USGS_gage_proxy
2008-02-29,2.0643,178355.52,USGS_gage_proxy
2008-03-01,2.0841,180066.24,USGS_gage_proxy
2008-03-02,2.0898,180558.72,USGS_gage_proxy
2008-03-03,2.203,190339.19999999998,USGS_gage_proxy
2008-03-04,2.2738,196456.32,USGS_gage_proxy
2008-03-05,2.2682,195972.48,USGS_gage_proxy
2008-03-06,1.9595,169300.8,USGS_gage_proxy
2008-03-07,1.6027,138473.28,USGS_gage_proxy
2008-03-08,1.3705,118411.20000000001,USGS_gage_proxy
2008-03-09,1.2431,107403.84000000001,USGS_gage_proxy
2008-03-10,1.2856,111075.84000000001,USGS_gage_proxy
2008-03-11,1.3281,114747.84000000001,USGS_gage_proxy
2008-03-12,1.3847,119638.08,USGS_gage_proxy
2008-03-13,1.2516,108138.24,USGS_gage_proxy
2008-03-14,1.144,98841.59999999999,USGS_gage_proxy
2008-03-15,1.0081,87099.84,USGS_gage_proxy
2008-03-16,1.11,95904.00000000001,USGS_gage_proxy
2008-03-17,1.2063,104224.31999999999,USGS_gage_proxy
2008-03-18,1.0789,93216.95999999999,USGS_gage_proxy
2008-03-19,1.0506,90771.84,USGS_gage_proxy
2008-03-20,1.059,91497.59999999999,USGS_gage_proxy
2008-03-21,1.0194,88076.16,USGS_gage_proxy
2008-03-22,1.0052,86849.28000000001,USGS_gage_proxy
2008-03-23,1.0477,90521.28000000001,USGS_gage_proxy
2008-03-24,1.2884,111317.76,USGS_gage_proxy
2008-03-25,1.059,91497.59999999999,USGS_gage_proxy
2008-03-26,1.1412,98599.68,USGS_gage_proxy
2008-03-27,1.1808,102021.12000000001,USGS_gage_proxy
2008-03-28,1.3932,120372.48,USGS_gage_proxy
2008-03-29,1.5206,131379.84,USGS_gage_proxy
2008-03-30,1.2658,109365.12000000001,USGS_gage_proxy
2008-03-31,0.9316,80490.24,USGS_gage_proxy
2008-04-01,0.8495,73396.8,USGS_gage_proxy
2008-04-02,1.0052,86849.28000000001,USGS_gage_proxy
2008-04-03,1.0279,88810.56,USGS_gage_proxy
2008-04-04,1.0392,89786.87999999999,USGS_gage_proxy
2008-04-05,1.1213,96880.31999999999,USGS_gage_proxy
2008-04-06,1.178,101779.2,USGS_gage_proxy
2008-04-07,1.0052,86849.28000000001,USGS_gage_proxy
2008-04-08,0.9628,83185.92,USGS_gage_proxy
2008-04-09,0.9911,85631.04,USGS_gage_proxy
2008-04-10,1.1497,99334.08,USGS_gage_proxy
2008-04-11,1.2828,110833.92,USGS_gage_proxy
2008-04-12,1.2261,105935.04,USGS_gage_proxy
2008-04-13,1.127,97372.8,USGS_gage_proxy
2008-04-14,0.9401,81224.64,USGS_gage_proxy
2008-04-15,0.9203,79513.92,USGS_gage_proxy
2008-04-16,1.076,92966.40000000001,USGS_gage_proxy
2008-04-17,1.144,98841.59999999999,USGS_gage_proxy
2008-04-18,1.3196,114013.44,USGS_gage_proxy
2008-04-19,1.2799,110583.36,USGS_gage_proxy
2008-04-20,1.1808,102021.12000000001,USGS_gage_proxy
2008-04-21,1.2176,105200.64,USGS_gage_proxy
2008-04-22,1.2261,105935.04,USGS_gage_proxy
2008-04-23,1.1667,100802.88,USGS_gage_proxy
2008-04-24,1.0902,94193.28,USGS_gage_proxy
2008-04-25,1.0874,93951.35999999999,USGS_gage_proxy
2008-04-26,1.2828,110833.92,USGS_gage_proxy
2008-04-27,1.2148,104958.72000000002,USGS_gage_proxy
2008-04-28,1.1355,98107.2,USGS_gage_proxy
2008-04-29,1.178,101779.2,USGS_gage_proxy
2008-04-30,1.1893,102755.52,USGS_gage_proxy
2008-05-01,1.1327,97865.28,USGS_gage_proxy
2008-05-02,1.1525,99576.0,USGS_gage_proxy
2008-05-03,1.2912,111559.68,USGS_gage_proxy
2008-05-04,1.2884,111317.76,USGS_gage_proxy
2008-05-05,1.161,100310.40000000001,USGS_gage_proxy
2008-05-06,1.5093,130403.52,USGS_gage_proxy
2008-05-07,1.8774,162207.36,USGS_gage_proxy
2008-05-08,1.6027,138473.28,USGS_gage_proxy
2008-05-09,1.5631,135051.84,USGS_gage_proxy
2008-05-10,1.4017,121106.87999999999,USGS_gage_proxy
2008-05-11,1.2969,112052.15999999999,USGS_gage_proxy
2008-05-12,1.2658,109365.12000000001,USGS_gage_proxy
2008-05-13,1.144,98841.59999999999,USGS_gage_proxy
2008-05-14,1.1497,99334.08,USGS_gage_proxy
2008-05-15,1.0251,88568.63999999998,USGS_gage_proxy
2008-05-16,1.0024,86607.36,USGS_gage_proxy
2008-05-17,1.2261,105935.04,USGS_gage_proxy
2008-05-18,1.1978,103489.92,USGS_gage_proxy
2008-05-19,1.1638,100552.31999999999,USGS_gage_proxy
2008-05-20,1.1468,99083.52,USGS_gage_proxy
2008-05-21,1.1497,99334.08,USGS_gage_proxy
2008-05-22,1.0675,92231.99999999999,USGS_gage_proxy
2008-05-23,1.0166,87834.23999999999,USGS_gage_proxy
2008-05-24,0.9741,84162.23999999999,USGS_gage_proxy
2008-05-25,0.892,77068.8,USGS_gage_proxy
2008-05-26,1.0732,92724.48,USGS_gage_proxy
2008-05-27,1.059,91497.59999999999,USGS_gage_proxy
2008-05-28,0.9883,85389.12,USGS_gage_proxy
2008-05-29,1.0477,90521.28000000001,USGS_gage_proxy
2008-05-30,0.9486,81959.04,USGS_gage_proxy
2008-05-31,0.9628,83185.92,USGS_gage_proxy
2008-06-01,0.9316,80490.24,USGS_gage_proxy
2008-06-02,0.9486,81959.04,USGS_gage_proxy
2008-06-03,1.0307,89052.48,USGS_gage_proxy
2008-06-04,0.9288,80248.31999999999,USGS_gage_proxy
2008-06-05,0.8297,71686.08,USGS_gage_proxy
2008-06-06,0.8269,71444.16,USGS_gage_proxy
2008-06-07,0.7929,68506.56,USGS_gage_proxy
2008-06-08,0.9656,83427.84,USGS_gage_proxy
2008-06-09,0.8523,73638.72,USGS_gage_proxy
2008-06-10,0.8523,73638.72,USGS_gage_proxy
2008-06-11,1.0647,91990.08,USGS_gage_proxy
2008-06-12,0.8127,70217.28,USGS_gage_proxy
2008-06-13,0.6116,52842.240000000005,USGS_gage_proxy
2008-06-14,0.5182,44772.479999999996,USGS_gage_proxy
2008-06-15,0.6598,57006.72,USGS_gage_proxy
2008-06-16,1.0307,89052.48,USGS_gage_proxy
2008-06-17,1.396,120614.4,USGS_gage_proxy
2008-06-18,1.3479,116458.56000000001,USGS_gage_proxy
2008-06-19,1.0562,91255.68000000001,USGS_gage_proxy
2008-06-20,1.1072,95662.08,USGS_gage_proxy
2008-06-21,1.6367,141410.88,USGS_gage_proxy
2008-06-22,1.5036,129911.04000000001,USGS_gage_proxy
2008-06-23,1.5886,137255.04,USGS_gage_proxy
2008-06-24,1.8689,161472.96,USGS_gage_proxy
2008-06-25,1.9539,168816.96,USGS_gage_proxy
2008-06-26,1.7188,148504.32,USGS_gage_proxy
2008-06-27,1.6395,141652.8,USGS_gage_proxy
2008-06-28,1.6254,140434.56,USGS_gage_proxy
2008-06-29,1.7811,153887.03999999998,USGS_gage_proxy
2008-06-30,1.9878,171745.92,USGS_gage_proxy
2008-07-01,2.0445,176644.80000000002,USGS_gage_proxy
2008-07-02,2.2285,192542.4,USGS_gage_proxy
2008-07-03,2.4551,212120.63999999998,USGS_gage_proxy
2008-07-04,2.1266,183738.24,USGS_gage_proxy
2008-07-05,1.9737,170527.68,USGS_gage_proxy
2008-07-06,2.0926,180800.64,USGS_gage_proxy
2008-07-07,2.2653,195721.91999999998,USGS_gage_proxy
2008-07-08,1.9708,170277.12,USGS_gage_proxy
2008-07-09,2.2597,195238.08000000002,USGS_gage_proxy
2008-07-10,2.7609,238541.75999999998,USGS_gage_proxy
2008-07-11,3.3697,291142.08,USGS_gage_proxy
2008-07-12,4.8705,420811.2,USGS_gage_proxy
2008-07-13,4.2758,369429.12,USGS_gage_proxy
2008-07-14,3.4263,296032.32,USGS_gage_proxy
2008-07-15,2.2993,198659.52000000002,USGS_gage_proxy
2008-07-16,1.8094,156332.16,USGS_gage_proxy
2008-07-17,1.716,148262.4,USGS_gage_proxy
2008-07-18,1.7018,147035.52,USGS_gage_proxy
2008-07-19,1.5829,136762.56,USGS_gage_proxy
2008-07-20,1.3734,118661.76,USGS_gage_proxy
2008-07-21,1.2544,108380.16,USGS_gage_proxy
2008-07-22,1.3054,112786.56,USGS_gage_proxy
2008-07-23,1.3196,114013.44,USGS_gage_proxy
2008-07-24,1.5433,133341.12,USGS_gage_proxy
2008-07-25,1.1723,101286.71999999999,USGS_gage_proxy
2008-07-26,1.2403,107161.92,USGS_gage_proxy
2008-07-27,1.5433,133341.12,USGS_gage_proxy
2008-07-28,1.3196,114013.44,USGS_gage_proxy
2008-07-29,1.3337,115231.68000000001,USGS_gage_proxy
2008-07-30,1.2544,108380.16,USGS_gage_proxy
2008-07-31,1.093,94435.2,USGS_gage_proxy
2008-08-01,1.0024,86607.36,USGS_gage_proxy
2008-08-02,1.0562,91255.68000000001,USGS_gage_proxy
2008-08-03,0.9543,82451.52,USGS_gage_proxy
2008-08-04,1.0336,89303.04000000001,USGS_gage_proxy
2008-08-05,1.1072,95662.08,USGS_gage_proxy
2008-08-06,0.9118,78779.52,USGS_gage_proxy
2008-08-07,0.8891,76818.24,USGS_gage_proxy
2008-08-08,0.9005,77803.2,USGS_gage_proxy
2008-08-09,0.9345,80740.8,USGS_gage_proxy
2008-08-10,0.9345,80740.8,USGS_gage_proxy
2008-08-11,0.7561,65327.04,USGS_gage_proxy
2008-08-12,0.7476,64592.64000000001,USGS_gage_proxy
2008-08-13,0.5324,45999.36,USGS_gage_proxy
2008-08-14,0.5352,46241.28,USGS_gage_proxy
2008-08-15,0.5805,50155.200000000004,USGS_gage_proxy
2008-08-16,0.6258,54069.12,USGS_gage_proxy
2008-08-17,0.9741,84162.23999999999,USGS_gage_proxy
2008-08-18,1.2601,108872.64,USGS_gage_proxy
2008-08-19,1.2799,110583.36,USGS_gage_proxy
2008-08-20,1.1468,99083.52,USGS_gage_proxy
2008-08-21,0.824,71193.59999999999,USGS_gage_proxy
2008-08-22,0.6683,57741.12,USGS_gage_proxy
2008-08-23,0.5635,48686.4,USGS_gage_proxy
2008-08-24,0.521,45014.4,USGS_gage_proxy
2008-08-25,0.4955,42811.2,USGS_gage_proxy
2008-08-26,0.6116,52842.240000000005,USGS_gage_proxy
2008-08-27,0.6116,52842.240000000005,USGS_gage_proxy
2008-08-28,0.7391,63858.24,USGS_gage_proxy
2008-08-29,0.807,69724.8,USGS_gage_proxy
2008-08-30,0.8665,74865.6,USGS_gage_proxy
2008-08-31,0.892,77068.8,USGS_gage_proxy
2008-09-01,0.8665,74865.6,USGS_gage_proxy
2008-09-02,1.3139,113520.96,USGS_gage_proxy
2008-09-03,2.0813,179824.32,USGS_gage_proxy
2008-09-04,0.8184,70709.76,USGS_gage_proxy
2008-09-05,0.6541,56514.24,USGS_gage_proxy
2008-09-06,0.6683,57741.12,USGS_gage_proxy
2008-09-07,0.4899,42327.36,USGS_gage_proxy
2008-09-08,1.3988,120856.32,USGS_gage_proxy
2008-09-09,0.64,55296.0,USGS_gage_proxy
2008-09-10,0.8269,71444.16,USGS_gage_proxy
2008-09-11,1.0732,92724.48,USGS_gage_proxy
2008-09-12,1.0137,87583.68000000001,USGS_gage_proxy
2008-09-13,1.1327,97865.28,USGS_gage_proxy
2008-09-14,1.2403,107161.92,USGS_gage_proxy
2008-09-15,1.3564,117192.96,USGS_gage_proxy
2008-09-16,1.2431,107403.84000000001,USGS_gage_proxy
2008-09-17,1.2205,105451.2,USGS_gage_proxy
2008-09-18,0.9939,85872.96,USGS_gage_proxy
2008-09-19,0.7391,63858.24,USGS_gage_proxy
2008-09-20,0.6485,56030.399999999994,USGS_gage_proxy
2008-09-21,0.5975,51624.0,USGS_gage_proxy
2008-09-22,0.6343,54803.52,USGS_gage_proxy
2008-09-23,0.8722,75358.08,USGS_gage_proxy
2008-09-24,0.9684,83669.76000000001,USGS_gage_proxy
2008-09-25,1.1695,101044.8,USGS_gage_proxy
2008-09-26,1.1582,100068.48,USGS_gage_proxy
2008-09-27,1.212,104716.8,USGS_gage_proxy
2008-09-28,1.1695,101044.8,USGS_gage_proxy
2008-09-29,1.1213,96880.31999999999,USGS_gage_proxy
2008-09-30,1.1129,96154.56,USGS_gage_proxy
2008-10-01,1.1695,101044.8,USGS_gage_proxy
2008-10-02,1.195,103248.0,USGS_gage_proxy
2008-10-03,1.648,142387.19999999998,USGS_gage_proxy
2008-10-04,1.9454,168082.56,USGS_gage_proxy
2008-10-05,1.3932,120372.48,USGS_gage_proxy
2008-10-06,1.4753,127465.92,USGS_gage_proxy
2008-10-07,1.716,148262.4,USGS_gage_proxy
2008-10-08,1.4611,126239.04000000001,USGS_gage_proxy
2008-10-09,1.5688,135544.32,USGS_gage_proxy
2008-10-10,2.0247,174934.08000000002,USGS_gage_proxy
2008-10-11,2.0558,177621.12,USGS_gage_proxy
2008-10-12,2.1606,186675.84,USGS_gage_proxy
2008-10-13,2.0756,179331.84,USGS_gage_proxy
2008-10-14,2.9166,251994.24,USGS_gage_proxy
2008-10-15,2.7241,235362.24,USGS_gage_proxy
2008-10-16,1.9539,168816.96,USGS_gage_proxy
2008-10-17,1.5376,132848.64,USGS_gage_proxy
2008-10-18,1.5433,133341.12,USGS_gage_proxy
2008-10-19,1.5999,138231.36000000002,USGS_gage_proxy
2008-10-20,1.6112,139207.68,USGS_gage_proxy
2008-10-21,1.7698,152910.72,USGS_gage_proxy
2008-10-22,1.8604,160738.56,USGS_gage_proxy
2008-10-23,1.9086,164903.04,USGS_gage_proxy
2008-10-24,1.784,154137.6,USGS_gage_proxy
2008-10-25,1.6622,143614.08,USGS_gage_proxy
2008-10-26,1.5546,134317.44,USGS_gage_proxy
2008-10-27,1.3988,120856.32,USGS_gage_proxy
2008-10-28,1.4583,125997.12,USGS_gage_proxy
2008-10-29,1.4583,125997.12,USGS_gage_proxy
2008-10-30,1.5008,129669.12,USGS_gage_proxy
2008-10-31,1.447,125020.8,USGS_gage_proxy
2008-11-01,1.5178,131137.92,USGS_gage_proxy
2008-11-02,1.6679,144106.56,USGS_gage_proxy
2008-11-03,17.0184,1470389.76,USGS_gage_proxy
2008-11-04,27.8071,2402533.44,USGS_gage_proxy
2008-11-05,30.0158,2593365.12,USGS_gage_proxy
2008-11-06,30.5821,2642293.44,USGS_gage_proxy
2008-11-07,30.5821,2642293.44,USGS_gage_proxy
2008-11-08,30.8653,2666761.92,USGS_gage_proxy
2008-11-09,31.1485,2691230.4,USGS_gage_proxy
2008-11-10,31.1485,2691230.4,USGS_gage_proxy
2008-11-11,30.0158,2593365.12,USGS_gage_proxy
2008-11-12,14.215,1228176.0,USGS_gage_proxy
2008-11-13,4.7006,406131.83999999997,USGS_gage_proxy
2008-11-14,3.0582,264228.48,USGS_gage_proxy
2008-11-15,2.4607,212604.48,USGS_gage_proxy
2008-11-16,2.1974,189855.36000000002,USGS_gage_proxy
2008-11-17,2.053,177379.19999999998,USGS_gage_proxy
2008-11-18,1.9652,169793.28,USGS_gage_proxy
2008-11-19,1.9142,165386.88,USGS_gage_proxy
2008-11-20,1.8661,161231.04,USGS_gage_proxy
2008-11-21,1.8123,156582.72,USGS_gage_proxy
2008-11-22,1.7783,153645.12,USGS_gage_proxy
2008-11-23,1.733,149731.2,USGS_gage_proxy
2008-11-24,1.6452,142145.28,USGS_gage_proxy
2008-11-25,1.6707,144348.48,USGS_gage_proxy
2008-11-26,1.7018,147035.52,USGS_gage_proxy
2008-11-27,1.6933,146301.12,USGS_gage_proxy
2008-11-28,1.7047,147286.08000000002,USGS_gage_proxy
2008-11-29,1.7217,148754.88,USGS_gage_proxy
2008-11-30,1.6933,146301.12,USGS_gage_proxy
2008-12-01,1.648,142387.19999999998,USGS_gage_proxy
2008-12-02,1.6509,142637.76,USGS_gage_proxy
2008-12-03,1.6679,144106.56,USGS_gage_proxy
2008-12-04,1.648,142387.19999999998,USGS_gage_proxy
2008-12-05,1.6367,141410.88,USGS_gage_proxy
2008-12-06,1.5772,136270.08,USGS_gage_proxy
2008-12-07,1.5857,137004.48,USGS_gage_proxy
2008-12-08,1.631,140918.4,USGS_gage_proxy
2008-12-09,1.6424,141903.36000000002,USGS_gage_proxy
2008-12-10,1.682,145324.8,USGS_gage_proxy
2008-12-11,1.6509,142637.76,USGS_gage_proxy
2008-12-12,1.5942,137738.88,USGS_gage_proxy
2008-12-13,1.6197,139942.08,USGS_gage_proxy
2008-12-14,1.6424,141903.36000000002,USGS_gage_proxy
2008-12-15,1.5914,137496.96,USGS_gage_proxy
2008-12-16,1.6226,140192.64,USGS_gage_proxy
2008-12-17,1.6169,139700.16,USGS_gage_proxy
2008-12-18,1.5914,137496.96,USGS_gage_proxy
2008-12-19,1.6367,141410.88,USGS_gage_proxy
2008-12-20,1.6537,142879.68,USGS_gage_proxy
2008-12-21,1.6679,144106.56,USGS_gage_proxy
2008-12-22,1.6084,138965.76,USGS_gage_proxy
2008-12-23,1.5772,136270.08,USGS_gage_proxy
2008-12-24,1.5829,136762.56,USGS_gage_proxy
2008-12-25,1.6282,140676.48,USGS_gage_proxy
2008-12-26,1.6367,141410.88,USGS_gage_proxy
2008-12-27,1.5801,136520.64,USGS_gage_proxy
2008-12-28,1.5942,137738.88,USGS_gage_proxy
2008-12-29,1.7132,148020.48,USGS_gage_proxy
2008-12-30,1.7471,150949.44,USGS_gage_proxy
2008-12-31,1.6735,144590.4,USGS_gage_proxy
2009-01-01,1.6594,143372.16,USGS_gage_proxy
2009-01-02,1.6452,142145.28,USGS_gage_proxy
2009-01-03,1.6565,143121.6,USGS_gage_proxy
2009-01-04,1.6792,145082.88,USGS_gage_proxy
2009-01-05,1.6735,144590.4,USGS_gage_proxy
2009-01-06,1.6707,144348.48,USGS_gage_proxy
2009-01-07,1.6141,139458.24000000002,USGS_gage_proxy
2009-01-08,1.6565,143121.6,USGS_gage_proxy
2009-01-09,1.6084,138965.76,USGS_gage_proxy
2009-01-10,1.5857,137004.48,USGS_gage_proxy
2009-01-11,1.6056,138723.84,USGS_gage_proxy
2009-01-12,1.5942,137738.88,USGS_gage_proxy
2009-01-13,1.5518,134075.52000000002,USGS_gage_proxy
2009-01-14,1.5801,136520.64,USGS_gage_proxy
2009-01-15,1.6339,141168.96,USGS_gage_proxy
2009-01-16,1.5546,134317.44,USGS_gage_proxy
2009-01-17,1.4385,124286.4,USGS_gage_proxy
2009-01-18,1.3932,120372.48,USGS_gage_proxy
2009-01-19,1.4017,121106.87999999999,USGS_gage_proxy
2009-01-20,1.4385,124286.4,USGS_gage_proxy
2009-01-21,1.4442,124778.87999999999,USGS_gage_proxy
2009-01-22,1.43,123552.0,USGS_gage_proxy
2009-01-23,1.4158,122325.12,USGS_gage_proxy
2009-01-24,1.4045,121348.8,USGS_gage_proxy
2009-01-25,1.396,120614.4,USGS_gage_proxy
2009-01-26,1.3564,117192.96,USGS_gage_proxy
2009-01-27,1.3677,118169.28,USGS_gage_proxy
2009-01-28,1.4357,124044.48,USGS_gage_proxy
2009-01-29,1.43,123552.0,USGS_gage_proxy
2009-01-30,1.4017,121106.87999999999,USGS_gage_proxy
2009-01-31,1.4243,123059.51999999999,USGS_gage_proxy
2009-02-01,1.4102,121841.27999999998,USGS_gage_proxy
2009-02-02,1.4017,121106.87999999999,USGS_gage_proxy
2009-02-03,1.396,120614.4,USGS_gage_proxy
2009-02-04,1.3734,118661.76,USGS_gage_proxy
2009-02-05,1.3875,119880.0,USGS_gage_proxy
2009-02-06,1.3819,119396.15999999999,USGS_gage_proxy
2009-02-07,1.413,122083.2,USGS_gage_proxy
2009-02-08,1.3988,120856.32,USGS_gage_proxy
2009-02-09,1.4442,124778.87999999999,USGS_gage_proxy
2009-02-10,1.4385,124286.4,USGS_gage_proxy
2009-02-11,1.4866,128442.23999999999,USGS_gage_proxy
2009-02-12,1.4527,125513.28000000001,USGS_gage_proxy
2009-02-13,1.4951,129176.64000000001,USGS_gage_proxy
2009-02-14,1.3082,113028.48,USGS_gage_proxy
2009-02-15,1.345,116208.0,USGS_gage_proxy
2009-02-16,1.3819,119396.15999999999,USGS_gage_proxy
2009-02-17,1.379,119145.6,USGS_gage_proxy
2009-02-18,1.3932,120372.48,USGS_gage_proxy
2009-02-19,1.6933,146301.12,USGS_gage_proxy
2009-02-20,2.2455,194011.19999999998,USGS_gage_proxy
2009-02-21,2.1861,188879.04,USGS_gage_proxy
2009-02-22,1.8774,162207.36,USGS_gage_proxy
2009-02-23,1.6169,139700.16,USGS_gage_proxy
2009-02-24,1.4923,128934.72,USGS_gage_proxy
2009-02-25,1.4696,126973.44,USGS_gage_proxy
2009-02-26,1.4413,124528.32,USGS_gage_proxy
2009-02-27,1.3904,120130.56000000001,USGS_gage_proxy
2009-02-28,1.3649,117927.36,USGS_gage_proxy
2009-03-01,1.345,116208.0,USGS_gage_proxy
2009-03-02,1.2828,110833.92,USGS_gage_proxy
2009-03-03,1.3139,113520.96,USGS_gage_proxy
2009-03-04,1.3394,115724.15999999999,USGS_gage_proxy
2009-03-05,1.3479,116458.56000000001,USGS_gage_proxy
2009-03-06,1.3847,119638.08,USGS_gage_proxy
2009-03-07,1.3535,116942.4,USGS_gage_proxy
2009-03-08,1.3394,115724.15999999999,USGS_gage_proxy
2009-03-09,1.3111,113279.04,USGS_gage_proxy
2009-03-10,1.3564,117192.96,USGS_gage_proxy
2009-03-11,1.3224,114255.36,USGS_gage_proxy
2009-03-12,1.3479,116458.56000000001,USGS_gage_proxy
2009-03-13,1.3309,114989.76,USGS_gage_proxy
2009-03-14,1.362,117676.8,USGS_gage_proxy
2009-03-15,1.3734,118661.76,USGS_gage_proxy
2009-03-16,1.396,120614.4,USGS_gage_proxy
2009-03-17,1.3762,118903.68000000001,USGS_gage_proxy
2009-03-18,1.3649,117927.36,USGS_gage_proxy
2009-03-19,1.3564,117192.96,USGS_gage_proxy
2009-03-20,1.3196,114013.44,USGS_gage_proxy
2009-03-21,1.2912,111559.68,USGS_gage_proxy
2009-03-22,1.2629,109114.56,USGS_gage_proxy
2009-03-23,1.2629,109114.56,USGS_gage_proxy
2009-03-24,1.2374,106911.36,USGS_gage_proxy
2009-03-25,1.2233,105693.12000000001,USGS_gage_proxy
2009-03-26,1.1638,100552.31999999999,USGS_gage_proxy
2009-03-27,1.1667,100802.88,USGS_gage_proxy
2009-03-28,1.5065,130161.59999999999,USGS_gage_proxy
2009-03-29,1.7471,150949.44,USGS_gage_proxy
2009-03-30,1.447,125020.8,USGS_gage_proxy
2009-03-31,1.3252,114497.28,USGS_gage_proxy
2009-04-01,1.5263,131872.32,USGS_gage_proxy
2009-04-02,1.6226,140192.64,USGS_gage_proxy
2009-04-03,1.1355,98107.2,USGS_gage_proxy
2009-04-04,1.0307,89052.48,USGS_gage_proxy
2009-04-05,1.1978,103489.92,USGS_gage_proxy
2009-04-06,1.1129,96154.56,USGS_gage_proxy
2009-04-07,1.161,100310.40000000001,USGS_gage_proxy
2009-04-08,1.1468,99083.52,USGS_gage_proxy
2009-04-09,1.178,101779.2,USGS_gage_proxy
2009-04-10,1.3224,114255.36,USGS_gage_proxy
2009-04-11,1.1808,102021.12000000001,USGS_gage_proxy
2009-04-12,1.1497,99334.08,USGS_gage_proxy
2009-04-13,0.9713,83920.32,USGS_gage_proxy
2009-04-14,0.9288,80248.31999999999,USGS_gage_proxy
2009-04-15,0.824,71193.59999999999,USGS_gage_proxy
2009-04-16,0.8382,72420.48,USGS_gage_proxy
2009-04-17,0.7815,67521.59999999999,USGS_gage_proxy
2009-04-18,0.7277,62873.28,USGS_gage_proxy
2009-04-19,0.6966,60186.24,USGS_gage_proxy
2009-04-20,0.6711,57983.04,USGS_gage_proxy
2009-04-21,0.875,75600.0,USGS_gage_proxy
2009-04-22,0.9599,82935.36,USGS_gage_proxy
2009-04-23,0.926,80006.40000000001,USGS_gage_proxy
2009-04-24,0.9599,82935.36,USGS_gage_proxy
2009-04-25,0.9061,78287.04000000001,USGS_gage_proxy
2009-04-26,0.8382,72420.48,USGS_gage_proxy
2009-04-27,0.8325,71928.0,USGS_gage_proxy
2009-04-28,1.0675,92231.99999999999,USGS_gage_proxy
2009-04-29,1.11,95904.00000000001,USGS_gage_proxy
2009-04-30,0.8637,74623.68000000001,USGS_gage_proxy
2009-05-01,0.8495,73396.8,USGS_gage_proxy
2009-05-02,1.2997,112294.08,USGS_gage_proxy
2009-05-03,1.1213,96880.31999999999,USGS_gage_proxy
2009-05-04,0.9543,82451.52,USGS_gage_proxy
2009-05-05,0.9146,79021.44,USGS_gage_proxy
2009-05-06,0.858,74131.2,USGS_gage_proxy
2009-05-07,0.8325,71928.0,USGS_gage_proxy
2009-05-08,0.8637,74623.68000000001,USGS_gage_proxy
2009-05-09,0.8722,75358.08,USGS_gage_proxy
2009-05-10,0.8269,71444.16,USGS_gage_proxy
2009-05-11,0.824,71193.59999999999,USGS_gage_proxy
2009-05-12,0.8155,70459.2,USGS_gage_proxy
2009-05-13,0.8099,69975.36,USGS_gage_proxy
2009-05-14,0.7702,66545.28,USGS_gage_proxy
2009-05-15,0.7079,61162.56,USGS_gage_proxy
2009-05-16,0.8495,73396.8,USGS_gage_proxy
2009-05-17,1.076,92966.40000000001,USGS_gage_proxy
2009-05-18,1.3592,117434.87999999999,USGS_gage_proxy
2009-05-19,1.3309,114989.76,USGS_gage_proxy
2009-05-20,0.8495,73396.8,USGS_gage_proxy
2009-05-21,0.6909,59693.759999999995,USGS_gage_proxy
2009-05-22,0.7589,65568.96,USGS_gage_proxy
2009-05-23,0.8976,77552.64,USGS_gage_proxy
2009-05-24,1.0081,87099.84,USGS_gage_proxy
2009-05-25,1.2431,107403.84000000001,USGS_gage_proxy
2009-05-26,1.6622,143614.08,USGS_gage_proxy
2009-05-27,1.3224,114255.36,USGS_gage_proxy
2009-05-28,0.9939,85872.96,USGS_gage_proxy
2009-05-29,0.841,72662.4,USGS_gage_proxy
2009-05-30,0.7815,67521.59999999999,USGS_gage_proxy
2009-05-31,0.7532,65076.479999999996,USGS_gage_proxy
2009-06-01,0.7362,63607.68,USGS_gage_proxy
2009-06-02,0.7815,67521.59999999999,USGS_gage_proxy
2009-06-03,0.8665,74865.6,USGS_gage_proxy
2009-06-04,0.8438,72904.31999999999,USGS_gage_proxy
2009-06-05,0.7447,64342.08,USGS_gage_proxy
2009-06-06,0.6824,58959.36,USGS_gage_proxy
2009-06-07,0.7079,61162.56,USGS_gage_proxy
2009-06-08,0.9316,80490.24,USGS_gage_proxy
2009-06-09,0.8042,69482.88,USGS_gage_proxy
2009-06-10,0.6938,59944.32,USGS_gage_proxy
2009-06-11,0.6711,57983.04,USGS_gage_proxy
2009-06-12,0.64,55296.0,USGS_gage_proxy
2009-06-13,0.6626,57248.64,USGS_gage_proxy
2009-06-14,0.6739,58224.96000000001,USGS_gage_proxy
2009-06-15,0.606,52358.4,USGS_gage_proxy
2009-06-16,0.6569,56756.16,USGS_gage_proxy
2009-06-17,0.6824,58959.36,USGS_gage_proxy
2009-06-18,0.6088,52600.32,USGS_gage_proxy
2009-06-19,0.5607,48444.479999999996,USGS_gage_proxy
2009-06-20,12.6576,1093616.6400000001,USGS_gage_proxy
2009-06-21,19.2271,1661221.44,USGS_gage_proxy
2009-06-22,8.495,733967.9999999999,USGS_gage_proxy
2009-06-23,3.7945,327844.80000000005,USGS_gage_proxy
2009-06-24,2.237,193276.80000000002,USGS_gage_proxy
2009-06-25,1.6367,141410.88,USGS_gage_proxy
2009-06-26,1.379,119145.6,USGS_gage_proxy
2009-06-27,1.2374,106911.36,USGS_gage_proxy
2009-06-28,1.1185,96638.40000000001,USGS_gage_proxy
2009-06-29,1.059,91497.59999999999,USGS_gage_proxy
2009-06-30,16.5653,1431241.9200000002,USGS_gage_proxy
2009-07-01,8.1269,702164.1599999999,USGS_gage_proxy
2009-07-02,3.6529,315610.56,USGS_gage_proxy
2009-07-03,2.608,225331.2,USGS_gage_proxy
2009-07-04,1.9482,168324.47999999998,USGS_gage_proxy
2009-07-05,1.6905,146059.19999999998,USGS_gage_proxy
2009-07-06,1.6764,144840.96,USGS_gage_proxy
2009-07-07,2.0643,178355.52,USGS_gage_proxy
2009-07-08,1.9624,169551.36,USGS_gage_proxy
2009-07-09,1.7443,150707.52,USGS_gage_proxy
2009-07-10,1.4243,123059.51999999999,USGS_gage_proxy
2009-07-11,1.2063,104224.31999999999,USGS_gage_proxy
2009-07-12,1.1298,97614.71999999999,USGS_gage_proxy
2009-07-13,1.093,94435.2,USGS_gage_proxy
2009-07-14,1.0392,89786.87999999999,USGS_gage_proxy
2009-07-15,1.0704,92482.56,USGS_gage_proxy
2009-07-16,1.1355,98107.2,USGS_gage_proxy
2009-07-17,1.2205,105451.2,USGS_gage_proxy
2009-07-18,1.4527,125513.28000000001,USGS_gage_proxy
2009-07-19,1.3819,119396.15999999999,USGS_gage_proxy
2009-07-20,1.0647,91990.08,USGS_gage_proxy
2009-07-21,0.8438,72904.31999999999,USGS_gage_proxy
2009-07-22,1.6679,144106.56,USGS_gage_proxy
2009-07-23,1.8887,163183.68,USGS_gage_proxy
2009-07-24,2.3843,206003.52000000002,USGS_gage_proxy
2009-07-25,2.3984,207221.76,USGS_gage_proxy
2009-07-26,1.9227,166121.28,USGS_gage_proxy
2009-07-27,1.3592,117434.87999999999,USGS_gage_proxy
2009-07-28,1.5489,133824.96,USGS_gage_proxy
2009-07-29,1.6877,145817.28,USGS_gage_proxy
2009-07-30,2.0048,173214.72,USGS_gage_proxy
2009-07-31,37.3782,3229476.48,USGS_gage_proxy
2009-08-01,16.2822,1406782.08,USGS_gage_proxy
2009-08-02,5.9465,513777.60000000003,USGS_gage_proxy
2009-08-03,3.1998,276462.72000000003,USGS_gage_proxy
2009-08-04,2.2653,195721.91999999998,USGS_gage_proxy
2009-08-05,1.9255,166363.2,USGS_gage_proxy
2009-08-06,1.7273,149238.72,USGS_gage_proxy
2009-08-07,1.5971,137989.44,USGS_gage_proxy
2009-08-08,1.5234,131621.76,USGS_gage_proxy
2009-08-09,1.4696,126973.44,USGS_gage_proxy
2009-08-10,1.4583,125997.12,USGS_gage_proxy
2009-08-11,1.4696,126973.44,USGS_gage_proxy
2009-08-12,1.4272,123310.08,USGS_gage_proxy
2009-08-13,1.3649,117927.36,USGS_gage_proxy
2009-08-14,1.2573,108630.72,USGS_gage_proxy
2009-08-15,1.3564,117192.96,USGS_gage_proxy
2009-08-16,1.447,125020.8,USGS_gage_proxy
2009-08-17,1.3988,120856.32,USGS_gage_proxy
2009-08-18,1.413,122083.2,USGS_gage_proxy
2009-08-19,1.3196,114013.44,USGS_gage_proxy
2009-08-20,1.1157,96396.48,USGS_gage_proxy
2009-08-21,0.9514,82200.96,USGS_gage_proxy
2009-08-22,0.9175,79272.0,USGS_gage_proxy
2009-08-23,1.0251,88568.63999999998,USGS_gage_proxy
2009-08-24,0.9854,85138.56,USGS_gage_proxy
2009-08-25,1.0477,90521.28000000001,USGS_gage_proxy
2009-08-26,0.9741,84162.23999999999,USGS_gage_proxy
2009-08-27,1.1667,100802.88,USGS_gage_proxy
2009-08-28,1.4838,128200.32,USGS_gage_proxy
2009-08-29,1.8208,157317.12,USGS_gage_proxy
2009-08-30,1.8123,156582.72,USGS_gage_proxy
2009-08-31,1.4102,121841.27999999998,USGS_gage_proxy
2009-09-01,1.178,101779.2,USGS_gage_proxy
2009-09-02,1.144,98841.59999999999,USGS_gage_proxy
2009-09-03,1.144,98841.59999999999,USGS_gage_proxy
2009-09-04,1.1553,99817.92,USGS_gage_proxy
2009-09-05,1.1157,96396.48,USGS_gage_proxy
2009-09-06,1.1582,100068.48,USGS_gage_proxy
2009-09-07,1.2374,106911.36,USGS_gage_proxy
2009-09-08,1.4611,126239.04000000001,USGS_gage_proxy
2009-09-09,1.5234,131621.76,USGS_gage_proxy
2009-09-10,1.5348,132606.72,USGS_gage_proxy
2009-09-11,1.784,154137.6,USGS_gage_proxy
2009-09-12,4.2758,369429.12,USGS_gage_proxy
2009-09-13,2.8883,249549.12,USGS_gage_proxy
2009-09-14,2.1634,186917.76,USGS_gage_proxy
2009-09-15,1.9114,165144.96,USGS_gage_proxy
2009-09-16,1.7103,147769.91999999998,USGS_gage_proxy
2009-09-17,1.3592,117434.87999999999,USGS_gage_proxy
2009-09-18,1.4045,121348.8,USGS_gage_proxy
2009-09-19,1.7188,148504.32,USGS_gage_proxy
2009-09-20,1.5404,133090.56,USGS_gage_proxy
2009-09-21,1.3082,113028.48,USGS_gage_proxy
2009-09-22,1.4611,126239.04000000001,USGS_gage_proxy
2009-09-23,1.5914,137496.96,USGS_gage_proxy
2009-09-24,1.4527,125513.28000000001,USGS_gage_proxy
2009-09-25,1.3196,114013.44,USGS_gage_proxy
2009-09-26,1.362,117676.8,USGS_gage_proxy
2009-09-27,1.2912,111559.68,USGS_gage_proxy
2009-09-28,1.2176,105200.64,USGS_gage_proxy
2009-09-29,1.3535,116942.4,USGS_gage_proxy
2009-09-30,1.4413,124528.32,USGS_gage_proxy
2009-10-01,1.3111,113279.04,USGS_gage_proxy
2009-10-02,1.2205,105451.2,USGS_gage_proxy
2009-10-03,1.2573,108630.72,USGS_gage_proxy
2009-10-04,1.5574,134559.36,USGS_gage_proxy
2009-10-05,1.7103,147769.91999999998,USGS_gage_proxy
2009-10-06,1.8236,157559.04,USGS_gage_proxy
2009-10-07,1.5971,137989.44,USGS_gage_proxy
2009-10-08,1.3677,118169.28,USGS_gage_proxy
2009-10-09,1.4073,121590.72,USGS_gage_proxy
2009-10-10,1.3535,116942.4,USGS_gage_proxy
2009-10-11,1.3054,112786.56,USGS_gage_proxy
2009-10-12,1.345,116208.0,USGS_gage_proxy
2009-10-13,1.7783,153645.12,USGS_gage_proxy
2009-10-14,1.7981,155355.84,USGS_gage_proxy
2009-10-15,1.8321,158293.44,USGS_gage_proxy
2009-10-16,1.6395,141652.8,USGS_gage_proxy
2009-10-17,1.4385,124286.4,USGS_gage_proxy
2009-10-18,1.6565,143121.6,USGS_gage_proxy
2009-10-19,1.464,126489.59999999999,USGS_gage_proxy
2009-10-20,1.43,123552.0,USGS_gage_proxy
2009-10-21,1.6169,139700.16,USGS_gage_proxy
2009-10-22,1.7443,150707.52,USGS_gage_proxy
2009-10-23,1.6452,142145.28,USGS_gage_proxy
2009-10-24,1.5801,136520.64,USGS_gage_proxy
2009-10-25,1.447,125020.8,USGS_gage_proxy
2009-10-26,1.5829,136762.56,USGS_gage_proxy
2009-10-27,1.6027,138473.28,USGS_gage_proxy
2009-10-28,1.6707,144348.48,USGS_gage_proxy
2009-10-29,1.784,154137.6,USGS_gage_proxy
2009-10-30,1.6792,145082.88,USGS_gage_proxy
2009-10-31,1.6764,144840.96,USGS_gage_proxy
2009-11-01,1.7471,150949.44,USGS_gage_proxy
2009-11-02,1.6735,144590.4,USGS_gage_proxy
2009-11-03,1.6764,144840.96,USGS_gage_proxy
2009-11-04,1.6679,144106.56,USGS_gage_proxy
2009-11-05,1.665,143856.0,USGS_gage_proxy
2009-11-06,1.6537,142879.68,USGS_gage_proxy
2009-11-07,1.6594,143372.16,USGS_gage_proxy
2009-11-08,1.6509,142637.76,USGS_gage_proxy
2009-11-09,1.6735,144590.4,USGS_gage_proxy
2009-11-10,1.6848,145566.72,USGS_gage_proxy
2009-11-11,1.665,143856.0,USGS_gage_proxy
2009-11-12,1.6509,142637.76,USGS_gage_proxy
2009-11-13,1.6537,142879.68,USGS_gage_proxy
2009-11-14,1.5461,133583.04,USGS_gage_proxy
2009-11-15,1.4951,129176.64000000001,USGS_gage_proxy
2009-11-16,1.5433,133341.12,USGS_gage_proxy
2009-11-17,1.5829,136762.56,USGS_gage_proxy
2009-11-18,1.5716,135786.24000000002,USGS_gage_proxy
2009-11-19,1.5829,136762.56,USGS_gage_proxy
2009-11-20,1.6197,139942.08,USGS_gage_proxy
2009-11-21,1.6169,139700.16,USGS_gage_proxy
2009-11-22,1.6112,139207.68,USGS_gage_proxy
2009-11-23,1.6027,138473.28,USGS_gage_proxy
2009-11-24,1.6141,139458.24000000002,USGS_gage_proxy
2009-11-25,1.6197,139942.08,USGS_gage_proxy
2009-11-26,1.5942,137738.88,USGS_gage_proxy
2009-11-27,1.5914,137496.96,USGS_gage_proxy
2009-11-28,1.5942,137738.88,USGS_gage_proxy
2009-11-29,1.5829,136762.56,USGS_gage_proxy
2009-11-30,1.6226,140192.64,USGS_gage_proxy
2009-12-01,1.9539,168816.96,USGS_gage_proxy
2009-12-02,2.1294,183980.16,USGS_gage_proxy
2009-12-03,2.1408,184965.12,USGS_gage_proxy
2009-12-04,2.0785,179582.4,USGS_gage_proxy
2009-12-05,1.8491,159762.24,USGS_gage_proxy
2009-12-06,1.7443,150707.52,USGS_gage_proxy
2009-12-07,1.699,146793.6,USGS_gage_proxy
2009-12-08,1.6565,143121.6,USGS_gage_proxy
2009-12-09,1.6594,143372.16,USGS_gage_proxy
2009-12-10,1.6933,146301.12,USGS_gage_proxy
2009-12-11,1.6679,144106.56,USGS_gage_proxy
2009-12-12,1.5008,129669.12,USGS_gage_proxy
2009-12-13,1.5716,135786.24000000002,USGS_gage_proxy
2009-12-14,1.5914,137496.96,USGS_gage_proxy
2009-12-15,1.5914,137496.96,USGS_gage_proxy
2009-12-16,1.5688,135544.32,USGS_gage_proxy
2009-12-17,1.6339,141168.96,USGS_gage_proxy
2009-12-18,1.6877,145817.28,USGS_gage_proxy
2009-12-19,1.6056,138723.84,USGS_gage_proxy
2009-12-20,1.5659,135293.76,USGS_gage_proxy
2009-12-21,1.5376,132848.64,USGS_gage_proxy
2009-12-22,1.5404,133090.56,USGS_gage_proxy
2009-12-23,1.5659,135293.76,USGS_gage_proxy
2009-12-24,1.5801,136520.64,USGS_gage_proxy
2009-12-25,1.5631,135051.84,USGS_gage_proxy
2009-12-26,1.5886,137255.04,USGS_gage_proxy
2009-12-27,1.5603,134809.92,USGS_gage_proxy
2009-12-28,1.5093,130403.52,USGS_gage_proxy
2009-12-29,1.5433,133341.12,USGS_gage_proxy
2009-12-30,1.5999,138231.36000000002,USGS_gage_proxy
2009-12-31,1.648,142387.19999999998,USGS_gage_proxy
2010-01-01,1.6792,145082.88,USGS_gage_proxy
2010-01-02,1.6197,139942.08,USGS_gage_proxy
2010-01-03,1.5319,132356.16,USGS_gage_proxy
2010-01-04,1.4895,128692.8,USGS_gage_proxy
2010-01-05,1.4923,128934.72,USGS_gage_proxy
2010-01-06,1.4951,129176.64000000001,USGS_gage_proxy
2010-01-07,1.481,127958.40000000001,USGS_gage_proxy
2010-01-08,1.4838,128200.32,USGS_gage_proxy
2010-01-09,1.4696,126973.44,USGS_gage_proxy
2010-01-10,1.4725,127224.0,USGS_gage_proxy
2010-01-11,1.4498,125262.72,USGS_gage_proxy
2010-01-12,1.4527,125513.28000000001,USGS_gage_proxy
2010-01-13,1.4781,127707.84,USGS_gage_proxy
2010-01-14,1.498,129427.2,USGS_gage_proxy
2010-01-15,1.498,129427.2,USGS_gage_proxy
2010-01-16,1.481,127958.40000000001,USGS_gage_proxy
2010-01-17,1.4328,123793.92000000001,USGS_gage_proxy
2010-01-18,1.4357,124044.48,USGS_gage_proxy
2010-01-19,1.464,126489.59999999999,USGS_gage_proxy
2010-01-20,1.4753,127465.92,USGS_gage_proxy
2010-01-21,1.4895,128692.8,USGS_gage_proxy
2010-01-22,1.5149,130887.35999999999,USGS_gage_proxy
2010-01-23,1.5234,131621.76,USGS_gage_proxy
2010-01-24,1.4187,122575.68000000001,USGS_gage_proxy
2010-01-25,1.5263,131872.32,USGS_gage_proxy
2010-01-26,1.5234,131621.76,USGS_gage_proxy
2010-01-27,1.3677,118169.28,USGS_gage_proxy
2010-01-28,1.5801,136520.64,USGS_gage_proxy
2010-01-29,1.7925,154872.0,USGS_gage_proxy
2010-01-30,2.0473,176886.72,USGS_gage_proxy
2010-01-31,2.053,177379.19999999998,USGS_gage_proxy
2010-02-01,1.7018,147035.52,USGS_gage_proxy
2010-02-02,1.5829,136762.56,USGS_gage_proxy
2010-02-03,1.7698,152910.72,USGS_gage_proxy
2010-02-04,1.9652,169793.28,USGS_gage_proxy
2010-02-05,2.1832,188628.47999999998,USGS_gage_proxy
2010-02-06,2.2767,196706.88,USGS_gage_proxy
2010-02-07,1.8746,161965.44,USGS_gage_proxy
2010-02-08,1.6933,146301.12,USGS_gage_proxy
2010-02-09,1.6254,140434.56,USGS_gage_proxy
2010-02-10,1.6112,139207.68,USGS_gage_proxy
2010-02-11,1.7556,151683.84,USGS_gage_proxy
2010-02-12,1.7471,150949.44,USGS_gage_proxy
2010-02-13,1.7585,151934.4,USGS_gage_proxy
2010-02-14,1.7387,150223.68,USGS_gage_proxy
2010-02-15,1.5942,137738.88,USGS_gage_proxy
2010-02-16,1.5348,132606.72,USGS_gage_proxy
2010-02-17,1.5093,130403.52,USGS_gage_proxy
2010-02-18,1.5065,130161.59999999999,USGS_gage_proxy
2010-02-19,1.5234,131621.76,USGS_gage_proxy
2010-02-20,1.5319,132356.16,USGS_gage_proxy
2010-02-21,1.5461,133583.04,USGS_gage_proxy
2010-02-22,1.5319,132356.16,USGS_gage_proxy
2010-02-23,1.5659,135293.76,USGS_gage_proxy
2010-02-24,1.5518,134075.52000000002,USGS_gage_proxy
2010-02-25,1.5716,135786.24000000002,USGS_gage_proxy
2010-02-26,1.5886,137255.04,USGS_gage_proxy
2010-02-27,1.5121,130645.44,USGS_gage_proxy
2010-02-28,1.4753,127465.92,USGS_gage_proxy
2010-03-01,1.5008,129669.12,USGS_gage_proxy
2010-03-02,1.5065,130161.59999999999,USGS_gage_proxy
2010-03-03,1.5433,133341.12,USGS_gage_proxy
2010-03-04,1.5291,132114.24,USGS_gage_proxy
2010-03-05,1.5093,130403.52,USGS_gage_proxy
2010-03-06,1.5348,132606.72,USGS_gage_proxy
2010-03-07,1.5404,133090.56,USGS_gage_proxy
2010-03-08,1.5206,131379.84,USGS_gage_proxy
2010-03-09,1.5121,130645.44,USGS_gage_proxy
2010-03-10,1.5971,137989.44,USGS_gage_proxy
2010-03-11,1.6141,139458.24000000002,USGS_gage_proxy
2010-03-12,1.3422,115966.08,USGS_gage_proxy
2010-03-13,1.4017,121106.87999999999,USGS_gage_proxy
2010-03-14,1.3337,115231.68000000001,USGS_gage_proxy
2010-03-15,1.3507,116700.48,USGS_gage_proxy
2010-03-16,1.4328,123793.92000000001,USGS_gage_proxy
2010-03-17,1.4951,129176.64000000001,USGS_gage_proxy
2010-03-18,1.4923,128934.72,USGS_gage_proxy
2010-03-19,1.4187,122575.68000000001,USGS_gage_proxy
2010-03-20,1.3281,114747.84000000001,USGS_gage_proxy
2010-03-21,1.3252,114497.28,USGS_gage_proxy
2010-03-22,1.3819,119396.15999999999,USGS_gage_proxy
2010-03-23,1.3167,113762.88,USGS_gage_proxy
2010-03-24,1.3026,112544.64,USGS_gage_proxy
2010-03-25,1.3082,113028.48,USGS_gage_proxy
2010-03-26,1.3139,113520.96,USGS_gage_proxy
2010-03-27,1.2686,109607.04,USGS_gage_proxy
2010-03-28,1.2035,103982.4,USGS_gage_proxy
2010-03-29,1.3196,114013.44,USGS_gage_proxy
2010-03-30,1.1921,102997.43999999999,USGS_gage_proxy
2010-03-31,1.2006,103731.84,USGS_gage_proxy
2010-04-01,1.2884,111317.76,USGS_gage_proxy
2010-04-02,1.2714,109848.96,USGS_gage_proxy
2010-04-03,1.2289,106176.96,USGS_gage_proxy
2010-04-04,1.2374,106911.36,USGS_gage_proxy
2010-04-05,1.2743,110099.52,USGS_gage_proxy
2010-04-06,1.2573,108630.72,USGS_gage_proxy
2010-04-07,1.2488,107896.31999999999,USGS_gage_proxy
2010-04-08,1.2346,106669.43999999999,USGS_gage_proxy
2010-04-09,1.2743,110099.52,USGS_gage_proxy
2010-04-10,1.0279,88810.56,USGS_gage_proxy
2010-04-11,0.9033,78045.12,USGS_gage_proxy
2010-04-12,0.8863,76576.31999999999,USGS_gage_proxy
2010-04-13,1.0619,91748.16,USGS_gage_proxy
2010-04-14,1.0619,91748.16,USGS_gage_proxy
2010-04-15,0.9996,86365.44,USGS_gage_proxy
2010-04-16,1.4413,124528.32,USGS_gage_proxy
2010-04-17,1.7018,147035.52,USGS_gage_proxy
2010-04-18,1.6452,142145.28,USGS_gage_proxy
2010-04-19,1.4866,128442.23999999999,USGS_gage_proxy
2010-04-20,1.5376,132848.64,USGS_gage_proxy
2010-04-21,1.8321,158293.44,USGS_gage_proxy
2010-04-22,1.699,146793.6,USGS_gage_proxy
2010-04-23,1.7925,154872.0,USGS_gage_proxy
2010-04-24,1.7075,147528.0,USGS_gage_proxy
2010-04-25,1.7245,148996.8,USGS_gage_proxy
2010-04-26,1.7868,154379.52,USGS_gage_proxy
2010-04-27,1.6084,138965.76,USGS_gage_proxy
2010-04-28,1.631,140918.4,USGS_gage_proxy
2010-04-29,1.5234,131621.76,USGS_gage_proxy
2010-04-30,1.43,123552.0,USGS_gage_proxy
2010-05-01,1.4243,123059.51999999999,USGS_gage_proxy
2010-05-02,1.4102,121841.27999999998,USGS_gage_proxy
2010-05-03,1.4413,124528.32,USGS_gage_proxy
2010-05-04,1.4272,123310.08,USGS_gage_proxy
2010-05-05,1.4215,122817.6,USGS_gage_proxy
2010-05-06,1.3026,112544.64,USGS_gage_proxy
2010-05-07,1.2714,109848.96,USGS_gage_proxy
2010-05-08,1.1865,102513.6,USGS_gage_proxy
2010-05-09,1.2006,103731.84,USGS_gage_proxy
2010-05-10,1.1242,97130.88,USGS_gage_proxy
2010-05-11,1.212,104716.8,USGS_gage_proxy
2010-05-12,1.3705,118411.20000000001,USGS_gage_proxy
2010-05-13,1.6084,138965.76,USGS_gage_proxy
2010-05-14,1.1808,102021.12000000001,USGS_gage_proxy
2010-05-15,0.9203,79513.92,USGS_gage_proxy
2010-05-16,0.8693,75107.51999999999,USGS_gage_proxy
2010-05-17,1.1553,99817.92,USGS_gage_proxy
2010-05-18,1.716,148262.4,USGS_gage_proxy
2010-05-19,1.8519,160004.16,USGS_gage_proxy
2010-05-20,1.5829,136762.56,USGS_gage_proxy
2010-05-21,1.2601,108872.64,USGS_gage_proxy
2010-05-22,1.11,95904.00000000001,USGS_gage_proxy
2010-05-23,1.059,91497.59999999999,USGS_gage_proxy
2010-05-24,0.9854,85138.56,USGS_gage_proxy
2010-05-25,1.2346,106669.43999999999,USGS_gage_proxy
2010-05-26,1.3819,119396.15999999999,USGS_gage_proxy
2010-05-27,1.2828,110833.92,USGS_gage_proxy
2010-05-28,1.3167,113762.88,USGS_gage_proxy
2010-05-29,1.3026,112544.64,USGS_gage_proxy
2010-05-30,1.0619,91748.16,USGS_gage_proxy
2010-05-31,0.841,72662.4,USGS_gage_proxy
2010-06-01,0.7929,68506.56,USGS_gage_proxy
2010-06-02,0.909,78537.6,USGS_gage_proxy
2010-06-03,0.9684,83669.76000000001,USGS_gage_proxy
2010-06-04,1.0619,91748.16,USGS_gage_proxy
2010-06-05,1.1808,102021.12000000001,USGS_gage_proxy
2010-06-06,1.2006,103731.84,USGS_gage_proxy
2010-06-07,1.3422,115966.08,USGS_gage_proxy
2010-06-08,1.3507,116700.48,USGS_gage_proxy
2010-06-09,1.2799,110583.36,USGS_gage_proxy
2010-06-10,1.1072,95662.08,USGS_gage_proxy
2010-06-11,0.9769,84404.16,USGS_gage_proxy
2010-06-12,0.7985,68990.4,USGS_gage_proxy
2010-06-13,0.64,55296.0,USGS_gage_proxy
2010-06-14,0.6031,52107.84,USGS_gage_proxy
2010-06-15,0.7504,64834.56,USGS_gage_proxy
2010-06-16,0.7929,68506.56,USGS_gage_proxy
2010-06-17,0.8665,74865.6,USGS_gage_proxy
2010-06-18,0.909,78537.6,USGS_gage_proxy
2010-06-19,0.8693,75107.51999999999,USGS_gage_proxy
2010-06-20,0.9175,79272.0,USGS_gage_proxy
2010-06-21,1.0024,86607.36,USGS_gage_proxy
2010-06-22,1.2006,103731.84,USGS_gage_proxy
2010-06-23,0.9713,83920.32,USGS_gage_proxy
2010-06-24,0.7844,67772.16,USGS_gage_proxy
2010-06-25,0.807,69724.8,USGS_gage_proxy
2010-06-26,0.8722,75358.08,USGS_gage_proxy
2010-06-27,0.9401,81224.64,USGS_gage_proxy
2010-06-28,0.9486,81959.04,USGS_gage_proxy
2010-06-29,1.059,91497.59999999999,USGS_gage_proxy
2010-06-30,1.2997,112294.08,USGS_gage_proxy
2010-07-01,1.5574,134559.36,USGS_gage_proxy
2010-07-02,2.1492,185690.88,USGS_gage_proxy
2010-07-03,3.398,293587.2,USGS_gage_proxy
2010-07-04,5.097,440380.80000000005,USGS_gage_proxy
2010-07-05,4.6156,398787.83999999997,USGS_gage_proxy
2010-07-06,3.0016,259338.24,USGS_gage_proxy
2010-07-07,2.0105,173707.19999999998,USGS_gage_proxy
2010-07-08,5.2952,457505.28,USGS_gage_proxy
2010-07-09,4.3325,374327.99999999994,USGS_gage_proxy
2010-07-10,3.0865,266673.6,USGS_gage_proxy
2010-07-11,3.0016,259338.24,USGS_gage_proxy
2010-07-12,5.3802,464849.28,USGS_gage_proxy
2010-07-13,2.7694,239276.16,USGS_gage_proxy
2010-07-14,2.7382,236580.48,USGS_gage_proxy
2010-07-15,2.4607,212604.48,USGS_gage_proxy
2010-07-16,1.9086,164903.04,USGS_gage_proxy
2010-07-17,1.7415,150465.6,USGS_gage_proxy
2010-07-18,1.6537,142879.68,USGS_gage_proxy
2010-07-19,1.5914,137496.96,USGS_gage_proxy
2010-07-20,1.5319,132356.16,USGS_gage_proxy
2010-07-21,1.5008,129669.12,USGS_gage_proxy
2010-07-22,1.4725,127224.0,USGS_gage_proxy
2010-07-23,1.4328,123793.92000000001,USGS_gage_proxy
2010-07-24,1.4583,125997.12,USGS_gage_proxy
2010-07-25,1.7925,154872.0,USGS_gage_proxy
2010-07-26,2.3984,207221.76,USGS_gage_proxy
2010-07-27,2.5287,218479.68000000002,USGS_gage_proxy
2010-07-28,2.2568,194987.52000000002,USGS_gage_proxy
2010-07-29,2.9733,256893.12,USGS_gage_proxy
2010-07-30,2.6108,225573.12,USGS_gage_proxy
2010-07-31,2.6193,226307.52,USGS_gage_proxy
2010-08-01,2.9733,256893.12,USGS_gage_proxy
2010-08-02,2.2115,191073.6,USGS_gage_proxy
2010-08-03,2.0388,176152.32,USGS_gage_proxy
2010-08-04,2.0218,174683.52,USGS_gage_proxy
2010-08-05,1.7896,154621.44,USGS_gage_proxy
2010-08-06,1.5433,133341.12,USGS_gage_proxy
2010-08-07,1.5999,138231.36000000002,USGS_gage_proxy
2010-08-08,1.8349,158535.36,USGS_gage_proxy
2010-08-09,1.6509,142637.76,USGS_gage_proxy
2010-08-10,1.379,119145.6,USGS_gage_proxy
2010-08-11,1.3422,115966.08,USGS_gage_proxy
2010-08-12,1.6707,144348.48,USGS_gage_proxy
2010-08-13,1.4555,125755.2,USGS_gage_proxy
2010-08-14,1.3366,115482.24,USGS_gage_proxy
2010-08-15,1.43,123552.0,USGS_gage_proxy
2010-08-16,1.4215,122817.6,USGS_gage_proxy
2010-08-17,1.4187,122575.68000000001,USGS_gage_proxy
2010-08-18,1.4328,123793.92000000001,USGS_gage_proxy
2010-08-19,1.3479,116458.56000000001,USGS_gage_proxy
2010-08-20,1.3366,115482.24,USGS_gage_proxy
2010-08-21,1.5829,136762.56,USGS_gage_proxy
2010-08-22,1.9001,164168.63999999998,USGS_gage_proxy
2010-08-23,1.682,145324.8,USGS_gage_proxy
2010-08-24,1.6622,143614.08,USGS_gage_proxy
2010-08-25,1.6197,139942.08,USGS_gage_proxy
2010-08-26,1.5263,131872.32,USGS_gage_proxy
2010-08-27,1.5829,136762.56,USGS_gage_proxy
2010-08-28,1.5206,131379.84,USGS_gage_proxy
2010-08-29,1.4753,127465.92,USGS_gage_proxy
2010-08-30,1.6679,144106.56,USGS_gage_proxy
2010-08-31,1.9029,164410.56,USGS_gage_proxy
2010-09-01,1.9482,168324.47999999998,USGS_gage_proxy
2010-09-02,1.9425,167832.0,USGS_gage_proxy
2010-09-03,4.2192,364538.88,USGS_gage_proxy
2010-09-04,1.9142,165386.88,USGS_gage_proxy
2010-09-05,2.3163,200128.32,USGS_gage_proxy
2010-09-06,2.4437,211135.68000000002,USGS_gage_proxy
2010-09-07,1.8009,155597.76,USGS_gage_proxy
2010-09-08,1.5942,137738.88,USGS_gage_proxy
2010-09-09,1.5489,133824.96,USGS_gage_proxy
2010-09-10,1.5234,131621.76,USGS_gage_proxy
2010-09-11,1.9114,165144.96,USGS_gage_proxy
2010-09-12,1.917,165628.80000000002,USGS_gage_proxy
2010-09-13,1.6848,145566.72,USGS_gage_proxy
2010-09-14,1.9369,167348.16,USGS_gage_proxy
2010-09-15,1.5178,131137.92,USGS_gage_proxy
2010-09-16,1.5489,133824.96,USGS_gage_proxy
2010-09-17,4.8988,423256.31999999995,USGS_gage_proxy
2010-09-18,4.6156,398787.83999999997,USGS_gage_proxy
2010-09-19,3.7378,322945.92,USGS_gage_proxy
2010-09-20,2.8175,243432.0,USGS_gage_proxy
2010-09-21,2.1662,187159.68,USGS_gage_proxy
2010-09-22,1.9397,167590.08,USGS_gage_proxy
2010-09-23,1.9567,169058.88,USGS_gage_proxy
2010-09-24,3.4263,296032.32,USGS_gage_proxy
2010-09-25,6.6828,577393.92,USGS_gage_proxy
2010-09-26,3.7661,325391.04,USGS_gage_proxy
2010-09-27,2.5428,219697.92,USGS_gage_proxy
2010-09-28,2.2597,195238.08000000002,USGS_gage_proxy
2010-09-29,2.0983,181293.12,USGS_gage_proxy
2010-09-30,1.9992,172730.88,USGS_gage_proxy
2010-10-01,1.934,167097.6,USGS_gage_proxy
2010-10-02,1.8123,156582.72,USGS_gage_proxy
2010-10-03,1.6254,140434.56,USGS_gage_proxy
2010-10-04,1.631,140918.4,USGS_gage_proxy
2010-10-05,1.8378,158785.92,USGS_gage_proxy
2010-10-06,1.9935,172238.4,USGS_gage_proxy
2010-10-07,2.4154,208690.56,USGS_gage_proxy
2010-10-08,2.339,202089.6,USGS_gage_proxy
2010-10-09,2.0954,181042.56000000003,USGS_gage_proxy
2010-10-10,1.8123,156582.72,USGS_gage_proxy
2010-10-11,1.7358,149973.12,USGS_gage_proxy
2010-10-12,1.8151,156824.63999999998,USGS_gage_proxy
2010-10-13,2.1917,189362.88,USGS_gage_proxy
2010-10-14,2.0445,176644.80000000002,USGS_gage_proxy
2010-10-15,1.8208,157317.12,USGS_gage_proxy
2010-10-16,1.8321,158293.44,USGS_gage_proxy
2010-10-17,1.8349,158535.36,USGS_gage_proxy
2010-10-18,1.8066,156090.24,USGS_gage_proxy
2010-10-19,1.8661,161231.04,USGS_gage_proxy
2010-10-20,2.3673,204534.72000000003,USGS_gage_proxy
2010-10-21,2.1351,184472.64,USGS_gage_proxy
2010-10-22,2.0558,177621.12,USGS_gage_proxy
2010-10-23,2.0586,177863.04,USGS_gage_proxy
2010-10-24,2.0331,175659.84000000003,USGS_gage_proxy
2010-10-25,2.1153,182761.91999999998,USGS_gage_proxy
2010-10-26,2.203,190339.19999999998,USGS_gage_proxy
2010-10-27,2.2653,195721.91999999998,USGS_gage_proxy
2010-10-28,1.9737,170527.68,USGS_gage_proxy
2010-10-29,1.8491,159762.24,USGS_gage_proxy
2010-10-30,1.7528,151441.91999999998,USGS_gage_proxy
2010-10-31,1.7443,150707.52,USGS_gage_proxy
2010-11-01,1.985,171504.0,USGS_gage_proxy
2010-11-02,2.7326,236096.64,USGS_gage_proxy
2010-11-03,15.7158,1357845.1199999999,USGS_gage_proxy
2010-11-04,22.3986,1935239.0399999998,USGS_gage_proxy
2010-11-05,20.0766,1734618.24,USGS_gage_proxy
2010-11-06,21.2093,1832483.52,USGS_gage_proxy
2010-11-07,23.7295,2050228.8,USGS_gage_proxy
2010-11-08,23.6445,2042884.8,USGS_gage_proxy
2010-11-09,23.5879,2037994.56,USGS_gage_proxy
2010-11-10,23.6445,2042884.8,USGS_gage_proxy
2010-11-11,21.2376,1834928.6400000001,USGS_gage_proxy
2010-11-12,17.4998,1511982.72,USGS_gage_proxy
2010-11-13,10.4772,905230.08,USGS_gage_proxy
2010-11-14,5.2386,452615.04,USGS_gage_proxy
2010-11-15,3.7945,327844.80000000005,USGS_gage_proxy
2010-11-16,3.2281,278907.84,USGS_gage_proxy
2010-11-17,2.9449,254439.36000000002,USGS_gage_proxy
2010-11-18,2.809,242697.6,USGS_gage_proxy
2010-11-19,2.6646,230221.44,USGS_gage_proxy
2010-11-20,2.6023,224838.72,USGS_gage_proxy
2010-11-21,2.5938,224104.31999999998,USGS_gage_proxy
2010-11-22,2.574,222393.59999999998,USGS_gage_proxy
2010-11-23,2.5485,220190.40000000002,USGS_gage_proxy
2010-11-24,2.5089,216768.96000000002,USGS_gage_proxy
2010-11-25,2.4551,212120.63999999998,USGS_gage_proxy
2010-11-26,2.4126,208448.63999999998,USGS_gage_proxy
2010-11-27,2.3616,204042.24000000002,USGS_gage_proxy
2010-11-28,2.3361,201839.04,USGS_gage_proxy
2010-11-29,2.3305,201355.19999999998,USGS_gage_proxy
2010-11-30,2.2795,196948.80000000002,USGS_gage_proxy
2010-12-01,2.2767,196706.88,USGS_gage_proxy
2010-12-02,2.2427,193769.28,USGS_gage_proxy
2010-12-03,2.2512,194503.68,USGS_gage_proxy
2010-12-04,2.2823,197190.72000000003,USGS_gage_proxy
2010-12-05,2.2653,195721.91999999998,USGS_gage_proxy
2010-12-06,2.2455,194011.19999999998,USGS_gage_proxy
2010-12-07,2.2342,193034.88,USGS_gage_proxy
2010-12-08,2.2257,192300.47999999998,USGS_gage_proxy
2010-12-09,2.2314,192792.96,USGS_gage_proxy
2010-12-10,2.22,191808.00000000003,USGS_gage_proxy
2010-12-11,2.203,190339.19999999998,USGS_gage_proxy
2010-12-12,2.1464,185448.96,USGS_gage_proxy
2010-12-13,2.1209,183245.75999999998,USGS_gage_proxy
2010-12-14,2.1549,186183.36000000002,USGS_gage_proxy
2010-12-15,2.1662,187159.68,USGS_gage_proxy
2010-12-16,2.1861,188879.04,USGS_gage_proxy
2010-12-17,2.1917,189362.88,USGS_gage_proxy
2010-12-18,2.1124,182511.36000000002,USGS_gage_proxy
2010-12-19,2.1011,181535.04,USGS_gage_proxy
2010-12-20,2.1662,187159.68,USGS_gage_proxy
2010-12-21,2.1691,187410.24,USGS_gage_proxy
2010-12-22,2.1464,185448.96,USGS_gage_proxy
2010-12-23,2.1266,183738.24,USGS_gage_proxy
2010-12-24,2.1124,182511.36000000002,USGS_gage_proxy
2010-12-25,2.1549,186183.36000000002,USGS_gage_proxy
2010-12-26,2.4267,209666.87999999998,USGS_gage_proxy
2010-12-27,2.54,219456.0,USGS_gage_proxy
2010-12-28,2.5004,216034.56,USGS_gage_proxy
2010-12-29,2.4834,214565.76,USGS_gage_proxy
2010-12-30,2.6448,228510.72,USGS_gage_proxy
2010-12-31,2.489,215049.59999999998,USGS_gage_proxy
2011-01-01,2.3928,206737.91999999998,USGS_gage_proxy
2011-01-02,2.2059,190589.76,USGS_gage_proxy
2011-01-03,2.0785,179582.4,USGS_gage_proxy
2011-01-04,2.07,178848.0,USGS_gage_proxy
2011-01-05,2.0586,177863.04,USGS_gage_proxy
2011-01-06,1.9822,171262.08,USGS_gage_proxy
2011-01-07,1.9199,165879.36,USGS_gage_proxy
2011-01-08,1.9284,166613.75999999998,USGS_gage_proxy
2011-01-09,1.9312,166855.68,USGS_gage_proxy
2011-01-10,1.9086,164903.04,USGS_gage_proxy
2011-01-11,1.8519,160004.16,USGS_gage_proxy
2011-01-12,1.8094,156332.16,USGS_gage_proxy
2011-01-13,1.784,154137.6,USGS_gage_proxy
2011-01-14,1.7953,155113.91999999998,USGS_gage_proxy
2011-01-15,1.8349,158535.36,USGS_gage_proxy
2011-01-16,1.8632,160980.48,USGS_gage_proxy
2011-01-17,1.8859,162941.75999999998,USGS_gage_proxy
2011-01-18,1.8916,163434.24,USGS_gage_proxy
2011-01-19,1.8717,161714.88,USGS_gage_proxy
2011-01-20,1.8349,158535.36,USGS_gage_proxy
2011-01-21,1.8236,157559.04,USGS_gage_proxy
2011-01-22,1.7811,153887.03999999998,USGS_gage_proxy
2011-01-23,1.8038,155848.32,USGS_gage_proxy
2011-01-24,1.7783,153645.12,USGS_gage_proxy
2011-01-25,1.7981,155355.84,USGS_gage_proxy
2011-01-26,1.8066,156090.24,USGS_gage_proxy
2011-01-27,1.8066,156090.24,USGS_gage_proxy
2011-01-28,1.75,151200.0,USGS_gage_proxy
2011-01-29,1.7245,148996.8,USGS_gage_proxy
2011-01-30,1.7103,147769.91999999998,USGS_gage_proxy
2011-01-31,1.7245,148996.8,USGS_gage_proxy
2011-02-01,1.699,146793.6,USGS_gage_proxy
2011-02-02,1.6848,145566.72,USGS_gage_proxy
2011-02-03,1.75,151200.0,USGS_gage_proxy
2011-02-04,1.8944,163676.16,USGS_gage_proxy
2011-02-05,1.8944,163676.16,USGS_gage_proxy
2011-02-06,1.9057,164652.47999999998,USGS_gage_proxy
2011-02-07,1.9397,167590.08,USGS_gage_proxy
2011-02-08,1.9652,169793.28,USGS_gage_proxy
2011-02-09,1.8208,157317.12,USGS_gage_proxy
2011-02-10,1.7415,150465.6,USGS_gage_proxy
2011-02-11,1.7783,153645.12,USGS_gage_proxy
2011-02-12,1.7528,151441.91999999998,USGS_gage_proxy
2011-02-13,1.7047,147286.08000000002,USGS_gage_proxy
2011-02-14,1.7415,150465.6,USGS_gage_proxy
2011-02-15,1.7302,149489.28,USGS_gage_proxy
2011-02-16,1.7302,149489.28,USGS_gage_proxy
2011-02-17,1.7188,148504.32,USGS_gage_proxy
2011-02-18,1.7075,147528.0,USGS_gage_proxy
2011-02-19,1.7528,151441.91999999998,USGS_gage_proxy
2011-02-20,1.7188,148504.32,USGS_gage_proxy
2011-02-21,1.6594,143372.16,USGS_gage_proxy
2011-02-22,1.6537,142879.68,USGS_gage_proxy
2011-02-23,1.631,140918.4,USGS_gage_proxy
2011-02-24,1.6027,138473.28,USGS_gage_proxy
2011-02-25,1.5631,135051.84,USGS_gage_proxy
2011-02-26,1.5688,135544.32,USGS_gage_proxy
2011-02-27,1.5461,133583.04,USGS_gage_proxy
2011-02-28,1.5206,131379.84,USGS_gage_proxy
2011-03-01,1.5999,138231.36000000002,USGS_gage_proxy
2011-03-02,1.5659,135293.76,USGS_gage_proxy
2011-03-03,1.498,129427.2,USGS_gage_proxy
2011-03-04,1.5772,136270.08,USGS_gage_proxy
2011-03-05,1.5659,135293.76,USGS_gage_proxy
2011-03-06,1.5574,134559.36,USGS_gage_proxy
2011-03-07,1.5149,130887.35999999999,USGS_gage_proxy
2011-03-08,1.5319,132356.16,USGS_gage_proxy
2011-03-09,1.5206,131379.84,USGS_gage_proxy
2011-03-10,1.5659,135293.76,USGS_gage_proxy
2011-03-11,1.5065,130161.59999999999,USGS_gage_proxy
2011-03-12,1.5376,132848.64,USGS_gage_proxy
2011-03-13,1.5404,133090.56,USGS_gage_proxy
2011-03-14,1.5546,134317.44,USGS_gage_proxy
2011-03-15,1.5348,132606.72,USGS_gage_proxy
2011-03-16,1.5206,131379.84,USGS_gage_proxy
2011-03-17,1.5149,130887.35999999999,USGS_gage_proxy
2011-03-18,1.5433,133341.12,USGS_gage_proxy
2011-03-19,1.4866,128442.23999999999,USGS_gage_proxy
2011-03-20,1.4696,126973.44,USGS_gage_proxy
2011-03-21,1.464,126489.59999999999,USGS_gage_proxy
2011-03-22,1.4555,125755.2,USGS_gage_proxy
2011-03-23,1.4668,126731.52,USGS_gage_proxy
2011-03-24,1.4498,125262.72,USGS_gage_proxy
2011-03-25,1.3819,119396.15999999999,USGS_gage_proxy
2011-03-26,1.3507,116700.48,USGS_gage_proxy
2011-03-27,1.3734,118661.76,USGS_gage_proxy
2011-03-28,1.5772,136270.08,USGS_gage_proxy
2011-03-29,1.7585,151934.4,USGS_gage_proxy
2011-03-30,1.5489,133824.96,USGS_gage_proxy
2011-03-31,1.4696,126973.44,USGS_gage_proxy
2011-04-01,1.4187,122575.68000000001,USGS_gage_proxy
2011-04-02,1.345,116208.0,USGS_gage_proxy
2011-04-03,1.2941,111810.24,USGS_gage_proxy
2011-04-04,1.2148,104958.72000000002,USGS_gage_proxy
2011-04-05,1.3082,113028.48,USGS_gage_proxy
2011-04-06,1.2828,110833.92,USGS_gage_proxy
2011-04-07,1.0392,89786.87999999999,USGS_gage_proxy
2011-04-08,0.9628,83185.92,USGS_gage_proxy
2011-04-09,1.1808,102021.12000000001,USGS_gage_proxy
2011-04-10,1.2629,109114.56,USGS_gage_proxy
2011-04-11,1.2205,105451.2,USGS_gage_proxy
2011-04-12,1.2261,105935.04,USGS_gage_proxy
2011-04-13,1.1157,96396.48,USGS_gage_proxy
2011-04-14,1.0562,91255.68000000001,USGS_gage_proxy
2011-04-15,1.0732,92724.48,USGS_gage_proxy
2011-04-16,1.178,101779.2,USGS_gage_proxy
2011-04-17,1.362,117676.8,USGS_gage_proxy
2011-04-18,1.2658,109365.12000000001,USGS_gage_proxy
2011-04-19,0.9373,80982.72,USGS_gage_proxy
2011-04-20,0.7532,65076.479999999996,USGS_gage_proxy
2011-04-21,0.8014,69240.96,USGS_gage_proxy
2011-04-22,0.6994,60428.16,USGS_gage_proxy
2011-04-23,0.623,53827.2,USGS_gage_proxy
2011-04-24,0.6145,53092.8,USGS_gage_proxy
2011-04-25,0.9146,79021.44,USGS_gage_proxy
2011-04-26,1.1525,99576.0,USGS_gage_proxy
2011-04-27,1.1327,97865.28,USGS_gage_proxy
2011-04-28,1.0364,89544.95999999999,USGS_gage_proxy
2011-04-29,1.0392,89786.87999999999,USGS_gage_proxy
2011-04-30,0.9373,80982.72,USGS_gage_proxy
2011-05-01,0.9203,79513.92,USGS_gage_proxy
2011-05-02,0.9854,85138.56,USGS_gage_proxy
2011-05-03,0.9883,85389.12,USGS_gage_proxy
2011-05-04,0.9684,83669.76000000001,USGS_gage_proxy
2011-05-05,0.9571,82693.44,USGS_gage_proxy
2011-05-06,0.9373,80982.72,USGS_gage_proxy
2011-05-07,0.9373,80982.72,USGS_gage_proxy
2011-05-08,0.9231,79755.84,USGS_gage_proxy
2011-05-09,0.8948,77310.72,USGS_gage_proxy
2011-05-10,0.9883,85389.12,USGS_gage_proxy
2011-05-11,1.2629,109114.56,USGS_gage_proxy
2011-05-12,1.1355,98107.2,USGS_gage_proxy
2011-05-13,0.892,77068.8,USGS_gage_proxy
2011-05-14,1.0307,89052.48,USGS_gage_proxy
2011-05-15,1.0052,86849.28000000001,USGS_gage_proxy
2011-05-16,0.8778,75841.92,USGS_gage_proxy
2011-05-17,1.1242,97130.88,USGS_gage_proxy
2011-05-18,1.1978,103489.92,USGS_gage_proxy
2011-05-19,1.0902,94193.28,USGS_gage_proxy
2011-05-20,1.0109,87341.76,USGS_gage_proxy
2011-05-21,0.8665,74865.6,USGS_gage_proxy
2011-05-22,0.8014,69240.96,USGS_gage_proxy
2011-05-23,0.7872,68014.08,USGS_gage_proxy
2011-05-24,0.7561,65327.04,USGS_gage_proxy
2011-05-25,0.7702,66545.28,USGS_gage_proxy
2011-05-26,0.7702,66545.28,USGS_gage_proxy
2011-05-27,0.8637,74623.68000000001,USGS_gage_proxy
2011-05-28,0.8269,71444.16,USGS_gage_proxy
2011-05-29,0.6881,59451.840000000004,USGS_gage_proxy
2011-05-30,0.6824,58959.36,USGS_gage_proxy
2011-05-31,0.7249,62631.36,USGS_gage_proxy
2011-06-01,0.6853,59209.92,USGS_gage_proxy
2011-06-02,0.6853,59209.92,USGS_gage_proxy
2011-06-03,0.7023,60678.72,USGS_gage_proxy
2011-06-04,0.6994,60428.16,USGS_gage_proxy
2011-06-05,0.6824,58959.36,USGS_gage_proxy
2011-06-06,0.6768,58475.52,USGS_gage_proxy
2011-06-07,0.623,53827.2,USGS_gage_proxy
2011-06-08,0.6371,55045.44,USGS_gage_proxy
2011-06-09,0.7362,63607.68,USGS_gage_proxy
2011-06-10,0.7079,61162.56,USGS_gage_proxy
2011-06-11,0.5663,48928.32,USGS_gage_proxy
2011-06-12,0.538,46483.200000000004,USGS_gage_proxy
2011-06-13,0.623,53827.2,USGS_gage_proxy
2011-06-14,0.7079,61162.56,USGS_gage_proxy
2011-06-15,0.7362,63607.68,USGS_gage_proxy
2011-06-16,0.7929,68506.56,USGS_gage_proxy
2011-06-17,0.6824,58959.36,USGS_gage_proxy
2011-06-18,0.6598,57006.72,USGS_gage_proxy
2011-06-19,0.572,49420.799999999996,USGS_gage_proxy
2011-06-20,0.5578,48193.92,USGS_gage_proxy
2011-06-21,0.6909,59693.759999999995,USGS_gage_proxy
2011-06-22,0.6315,54561.6,USGS_gage_proxy
2011-06-23,0.5607,48444.479999999996,USGS_gage_proxy
2011-06-24,0.5324,45999.36,USGS_gage_proxy
2011-06-25,0.5748,49662.72,USGS_gage_proxy
2011-06-26,0.6796,58717.439999999995,USGS_gage_proxy
2011-06-27,0.6541,56514.24,USGS_gage_proxy
2011-06-28,0.5748,49662.72,USGS_gage_proxy
2011-06-29,0.5493,47459.520000000004,USGS_gage_proxy
2011-06-30,0.5239,45264.96000000001,USGS_gage_proxy
2011-07-01,0.504,43545.6,USGS_gage_proxy
2011-07-02,0.4814,41592.96,USGS_gage_proxy
2011-07-03,0.6031,52107.84,USGS_gage_proxy
2011-07-04,0.6513,56272.32,USGS_gage_proxy
2011-07-05,0.6145,53092.8,USGS_gage_proxy
2011-07-06,0.5805,50155.200000000004,USGS_gage_proxy
2011-07-07,0.5947,51382.08,USGS_gage_proxy
2011-07-08,0.5663,48928.32,USGS_gage_proxy
2011-07-09,0.504,43545.6,USGS_gage_proxy
2011-07-10,0.4502,38897.28,USGS_gage_proxy
2011-07-11,0.4644,40124.159999999996,USGS_gage_proxy
2011-07-12,0.4786,41351.04,USGS_gage_proxy
2011-07-13,0.5607,48444.479999999996,USGS_gage_proxy
2011-07-14,0.5918,51131.52,USGS_gage_proxy
2011-07-15,0.6201,53576.64,USGS_gage_proxy
2011-07-16,0.6994,60428.16,USGS_gage_proxy
2011-07-17,0.7079,61162.56,USGS_gage_proxy
2011-07-18,0.5777,49913.28,USGS_gage_proxy
2011-07-19,0.521,45014.4,USGS_gage_proxy
2011-07-20,0.5578,48193.92,USGS_gage_proxy
2011-07-21,0.623,53827.2,USGS_gage_proxy
2011-07-22,0.6116,52842.240000000005,USGS_gage_proxy
2011-07-23,0.5748,49662.72,USGS_gage_proxy
2011-07-24,0.5182,44772.479999999996,USGS_gage_proxy
2011-07-25,0.4757,41100.48,USGS_gage_proxy
2011-07-26,0.4786,41351.04,USGS_gage_proxy
2011-07-27,0.5097,44038.08,USGS_gage_proxy
2011-07-28,0.5352,46241.28,USGS_gage_proxy
2011-07-29,0.4842,41834.880000000005,USGS_gage_proxy
2011-07-30,0.4502,38897.28,USGS_gage_proxy
2011-07-31,0.4304,37186.56,USGS_gage_proxy
2011-08-01,0.4474,38655.36,USGS_gage_proxy
2011-08-02,0.5097,44038.08,USGS_gage_proxy
2011-08-03,0.6031,52107.84,USGS_gage_proxy
2011-08-04,0.6881,59451.840000000004,USGS_gage_proxy
2011-08-05,0.5578,48193.92,USGS_gage_proxy
2011-08-06,0.504,43545.6,USGS_gage_proxy
2011-08-07,0.5437,46975.67999999999,USGS_gage_proxy
2011-08-08,0.521,45014.4,USGS_gage_proxy
2011-08-09,0.5493,47459.520000000004,USGS_gage_proxy
2011-08-10,0.4701,40616.64,USGS_gage_proxy
2011-08-11,0.4049,34983.36,USGS_gage_proxy
2011-08-12,0.3625,31320.0,USGS_gage_proxy
2011-08-13,0.3823,33030.72,USGS_gage_proxy
2011-08-14,0.3879,33514.560000000005,USGS_gage_proxy
2011-08-15,0.4814,41592.96,USGS_gage_proxy
2011-08-16,0.5239,45264.96000000001,USGS_gage_proxy
2011-08-17,0.5352,46241.28,USGS_gage_proxy
2011-08-18,0.4814,41592.96,USGS_gage_proxy
2011-08-19,0.4389,37920.96,USGS_gage_proxy
2011-08-20,0.4078,35233.92,USGS_gage_proxy
2011-08-21,0.4134,35717.76,USGS_gage_proxy
2011-08-22,0.3936,34007.04,USGS_gage_proxy
2011-08-23,0.3851,33272.64,USGS_gage_proxy
2011-08-24,0.3766,32538.239999999998,USGS_gage_proxy
2011-08-25,0.371,32054.4,USGS_gage_proxy
2011-08-26,0.3681,31803.84,USGS_gage_proxy
2011-08-27,0.371,32054.4,USGS_gage_proxy
2011-08-28,0.3625,31320.0,USGS_gage_proxy
2011-08-29,0.354,30585.6,USGS_gage_proxy
2011-08-30,0.3455,29851.199999999997,USGS_gage_proxy
2011-08-31,0.3625,31320.0,USGS_gage_proxy
2011-09-01,0.337,29116.800000000003,USGS_gage_proxy
2011-09-02,0.3143,27155.52,USGS_gage_proxy
2011-09-03,0.303,26179.2,USGS_gage_proxy
2011-09-04,0.303,26179.2,USGS_gage_proxy
2011-09-05,0.3398,29358.719999999998,USGS_gage_proxy
2011-09-06,0.3738,32296.320000000003,USGS_gage_proxy
2011-09-07,0.3851,33272.64,USGS_gage_proxy
2011-09-08,0.3568,30827.52,USGS_gage_proxy
2011-09-09,0.371,32054.4,USGS_gage_proxy
2011-09-10,0.3681,31803.84,USGS_gage_proxy
2011-09-11,0.3653,31561.920000000002,USGS_gage_proxy
2011-09-12,0.3568,30827.52,USGS_gage_proxy
2011-09-13,0.3483,30093.12,USGS_gage_proxy
2011-09-14,0.3426,29600.640000000003,USGS_gage_proxy
2011-09-15,0.4757,41100.48,USGS_gage_proxy
2011-09-16,0.9486,81959.04,USGS_gage_proxy
2011-09-17,1.4527,125513.28000000001,USGS_gage_proxy
2011-09-18,1.9029,164410.56,USGS_gage_proxy
2011-09-19,1.2714,109848.96,USGS_gage_proxy
2011-09-20,0.824,71193.59999999999,USGS_gage_proxy
2011-09-21,0.606,52358.4,USGS_gage_proxy
2011-09-22,0.504,43545.6,USGS_gage_proxy
2011-09-23,0.4701,40616.64,USGS_gage_proxy
2011-09-24,0.4644,40124.159999999996,USGS_gage_proxy
2011-09-25,0.4531,39147.840000000004,USGS_gage_proxy
2011-09-26,0.4389,37920.96,USGS_gage_proxy
2011-09-27,0.4417,38162.88,USGS_gage_proxy
2011-09-28,0.4474,38655.36,USGS_gage_proxy
2011-09-29,0.4672,40366.08,USGS_gage_proxy
2011-09-30,0.4672,40366.08,USGS_gage_proxy
2011-10-01,0.4729,40858.56,USGS_gage_proxy
2011-10-02,0.4672,40366.08,USGS_gage_proxy
2011-10-03,0.4474,38655.36,USGS_gage_proxy
2011-10-04,0.4701,40616.64,USGS_gage_proxy
2011-10-05,0.4786,41351.04,USGS_gage_proxy
2011-10-06,0.487,42076.799999999996,USGS_gage_proxy
2011-10-07,0.487,42076.799999999996,USGS_gage_proxy
2011-10-08,0.4474,38655.36,USGS_gage_proxy
2011-10-09,0.4049,34983.36,USGS_gage_proxy
2011-10-10,0.3794,32780.16,USGS_gage_proxy
2011-10-11,0.3908,33765.119999999995,USGS_gage_proxy
2011-10-12,0.4701,40616.64,USGS_gage_proxy
2011-10-13,0.5154,44530.56,USGS_gage_proxy
2011-10-14,0.538,46483.200000000004,USGS_gage_proxy
2011-10-15,0.555,47952.00000000001,USGS_gage_proxy
2011-10-16,0.5125,44279.99999999999,USGS_gage_proxy
2011-10-17,0.5182,44772.479999999996,USGS_gage_proxy
2011-10-18,0.5125,44279.99999999999,USGS_gage_proxy
2011-10-19,0.5607,48444.479999999996,USGS_gage_proxy
2011-10-20,0.5918,51131.52,USGS_gage_proxy
2011-10-21,0.6173,53334.719999999994,USGS_gage_proxy
2011-10-22,0.5805,50155.200000000004,USGS_gage_proxy
2011-10-23,0.5493,47459.520000000004,USGS_gage_proxy
2011-10-24,0.5409,46733.76,USGS_gage_proxy
2011-10-25,0.5805,50155.200000000004,USGS_gage_proxy
2011-10-26,0.6456,55779.84,USGS_gage_proxy
2011-10-27,0.6031,52107.84,USGS_gage_proxy
2011-10-28,0.6343,54803.52,USGS_gage_proxy
2011-10-29,0.6626,57248.64,USGS_gage_proxy
2011-10-30,0.6116,52842.240000000005,USGS_gage_proxy
2011-10-31,0.64,55296.0,USGS_gage_proxy
2011-11-01,0.6485,56030.399999999994,USGS_gage_proxy
2011-11-02,0.6315,54561.6,USGS_gage_proxy
2011-11-03,0.6173,53334.719999999994,USGS_gage_proxy
2011-11-04,0.6711,57983.04,USGS_gage_proxy
2011-11-05,0.6541,56514.24,USGS_gage_proxy
2011-11-06,0.6853,59209.92,USGS_gage_proxy
2011-11-07,0.6853,59209.92,USGS_gage_proxy
2011-11-08,0.6541,56514.24,USGS_gage_proxy
2011-11-09,0.6739,58224.96000000001,USGS_gage_proxy
2011-11-10,0.6909,59693.759999999995,USGS_gage_proxy
2011-11-11,0.7164,61896.96000000001,USGS_gage_proxy
2011-11-12,0.7192,62138.88,USGS_gage_proxy
2011-11-13,0.6909,59693.759999999995,USGS_gage_proxy
2011-11-14,0.7079,61162.56,USGS_gage_proxy
2011-11-15,0.7504,64834.56,USGS_gage_proxy
2011-11-16,0.7787,67279.68,USGS_gage_proxy
2011-11-17,0.7561,65327.04,USGS_gage_proxy
2011-11-18,0.773,66787.2,USGS_gage_proxy
2011-11-19,0.7759,67037.76000000001,USGS_gage_proxy
2011-11-20,0.773,66787.2,USGS_gage_proxy
2011-11-21,0.7759,67037.76000000001,USGS_gage_proxy
2011-11-22,0.7844,67772.16,USGS_gage_proxy
2011-11-23,0.7929,68506.56,USGS_gage_proxy
2011-11-24,0.8155,70459.2,USGS_gage_proxy
2011-11-25,0.824,71193.59999999999,USGS_gage_proxy
2011-11-26,0.8184,70709.76,USGS_gage_proxy
2011-11-27,0.7815,67521.59999999999,USGS_gage_proxy
2011-11-28,0.8438,72904.31999999999,USGS_gage_proxy
2011-11-29,0.824,71193.59999999999,USGS_gage_proxy
2011-11-30,0.8467,73154.88,USGS_gage_proxy
2011-12-01,0.8269,71444.16,USGS_gage_proxy
2011-12-02,0.773,66787.2,USGS_gage_proxy
2011-12-03,0.8184,70709.76,USGS_gage_proxy
2011-12-04,0.8353,72169.92,USGS_gage_proxy
2011-12-05,0.9146,79021.44,USGS_gage_proxy
2011-12-06,0.9486,81959.04,USGS_gage_proxy
2011-12-07,0.9599,82935.36,USGS_gage_proxy
2011-12-08,0.9684,83669.76000000001,USGS_gage_proxy
2011-12-09,0.9741,84162.23999999999,USGS_gage_proxy
2011-12-10,0.9288,80248.31999999999,USGS_gage_proxy
2011-12-11,0.9203,79513.92,USGS_gage_proxy
2011-12-12,0.9486,81959.04,USGS_gage_proxy
2011-12-13,1.0704,92482.56,USGS_gage_proxy
2011-12-14,1.1129,96154.56,USGS_gage_proxy
2011-12-15,1.0647,91990.08,USGS_gage_proxy
2011-12-16,1.0449,90279.36,USGS_gage_proxy
2011-12-17,1.0222,88318.08,USGS_gage_proxy
2011-12-18,0.9401,81224.64,USGS_gage_proxy
2011-12-19,0.9798,84654.72,USGS_gage_proxy
2011-12-20,0.9854,85138.56,USGS_gage_proxy
2011-12-21,1.0024,86607.36,USGS_gage_proxy
2011-12-22,1.0336,89303.04000000001,USGS_gage_proxy
2011-12-23,1.0052,86849.28000000001,USGS_gage_proxy
2011-12-24,1.0477,90521.28000000001,USGS_gage_proxy
2011-12-25,1.0987,94927.68000000001,USGS_gage_proxy
2011-12-26,1.1383,98349.12000000001,USGS_gage_proxy
2011-12-27,1.1185,96638.40000000001,USGS_gage_proxy
2011-12-28,1.076,92966.40000000001,USGS_gage_proxy
2011-12-29,1.0166,87834.23999999999,USGS_gage_proxy
2011-12-30,0.9798,84654.72,USGS_gage_proxy
2011-12-31,0.9769,84404.16,USGS_gage_proxy
2012-01-01,0.9571,82693.44,USGS_gage_proxy
2012-01-02,0.9458,81717.12,USGS_gage_proxy
2012-01-03,0.9345,80740.8,USGS_gage_proxy
2012-01-04,0.9316,80490.24,USGS_gage_proxy
2012-01-05,0.9231,79755.84,USGS_gage_proxy
2012-01-06,0.9146,79021.44,USGS_gage_proxy
2012-01-07,0.8665,74865.6,USGS_gage_proxy
2012-01-08,0.8495,73396.8,USGS_gage_proxy
2012-01-09,0.8523,73638.72,USGS_gage_proxy
2012-01-10,0.9231,79755.84,USGS_gage_proxy
2012-01-11,0.9175,79272.0,USGS_gage_proxy
2012-01-12,0.909,78537.6,USGS_gage_proxy
2012-01-13,0.9175,79272.0,USGS_gage_proxy
2012-01-14,0.8863,76576.31999999999,USGS_gage_proxy
2012-01-15,0.8608,74373.12,USGS_gage_proxy
2012-01-16,0.8382,72420.48,USGS_gage_proxy
2012-01-17,0.8438,72904.31999999999,USGS_gage_proxy
2012-01-18,0.8269,71444.16,USGS_gage_proxy
2012-01-19,0.8495,73396.8,USGS_gage_proxy
2012-01-20,0.8212,70951.68000000001,USGS_gage_proxy
2012-01-21,0.7957,68748.48,USGS_gage_proxy
2012-01-22,0.8467,73154.88,USGS_gage_proxy
2012-01-23,0.8353,72169.92,USGS_gage_proxy
2012-01-24,0.824,71193.59999999999,USGS_gage_proxy
2012-01-25,0.9061,78287.04000000001,USGS_gage_proxy
2012-01-26,0.909,78537.6,USGS_gage_proxy
2012-01-27,0.909,78537.6,USGS_gage_proxy
2012-01-28,0.9458,81717.12,USGS_gage_proxy
2012-01-29,0.926,80006.40000000001,USGS_gage_proxy
2012-01-30,0.8722,75358.08,USGS_gage_proxy
2012-01-31,0.8665,74865.6,USGS_gage_proxy
2012-02-01,0.8608,74373.12,USGS_gage_proxy
2012-02-02,0.8552,73889.28,USGS_gage_proxy
2012-02-03,0.8778,75841.92,USGS_gage_proxy
2012-02-04,0.8637,74623.68000000001,USGS_gage_proxy
2012-02-05,0.8523,73638.72,USGS_gage_proxy
2012-02-06,0.8608,74373.12,USGS_gage_proxy
2012-02-07,0.8608,74373.12,USGS_gage_proxy
2012-02-08,0.8495,73396.8,USGS_gage_proxy
2012-02-09,0.8722,75358.08,USGS_gage_proxy
2012-02-10,0.8155,70459.2,USGS_gage_proxy
2012-02-11,0.8297,71686.08,USGS_gage_proxy
2012-02-12,0.8127,70217.28,USGS_gage_proxy
2012-02-13,0.8438,72904.31999999999,USGS_gage_proxy
2012-02-14,0.8467,73154.88,USGS_gage_proxy
2012-02-15,0.8948,77310.72,USGS_gage_proxy
2012-02-16,0.8835,76334.4,USGS_gage_proxy
2012-02-17,0.892,77068.8,USGS_gage_proxy
2012-02-18,0.9033,78045.12,USGS_gage_proxy
2012-02-19,0.8835,76334.4,USGS_gage_proxy
2012-02-20,0.892,77068.8,USGS_gage_proxy
2012-02-21,0.8552,73889.28,USGS_gage_proxy
2012-02-22,0.8438,72904.31999999999,USGS_gage_proxy
2012-02-23,0.8353,72169.92,USGS_gage_proxy
2012-02-24,0.79,68256.0,USGS_gage_proxy
2012-02-25,0.8042,69482.88,USGS_gage_proxy
2012-02-26,0.7985,68990.4,USGS_gage_proxy
2012-02-27,0.7561,65327.04,USGS_gage_proxy
2012-02-28,0.6938,59944.32,USGS_gage_proxy
2012-02-29,0.7334,63365.76,USGS_gage_proxy
2012-03-01,0.7674,66303.36,USGS_gage_proxy
2012-03-02,0.841,72662.4,USGS_gage_proxy
2012-03-03,0.7844,67772.16,USGS_gage_proxy
2012-03-04,0.7617,65810.88,USGS_gage_proxy
2012-03-05,0.7447,64342.08,USGS_gage_proxy
2012-03-06,0.7136,61655.04,USGS_gage_proxy
2012-03-07,0.7051,60920.63999999999,USGS_gage_proxy
2012-03-08,0.7476,64592.64000000001,USGS_gage_proxy
2012-03-09,0.7419,64100.16,USGS_gage_proxy
2012-03-10,0.8042,69482.88,USGS_gage_proxy
2012-03-11,0.7532,65076.479999999996,USGS_gage_proxy
2012-03-12,0.7702,66545.28,USGS_gage_proxy
2012-03-13,0.7844,67772.16,USGS_gage_proxy
2012-03-14,0.8155,70459.2,USGS_gage_proxy
2012-03-15,0.8382,72420.48,USGS_gage_proxy
2012-03-16,0.7985,68990.4,USGS_gage_proxy
2012-03-17,0.773,66787.2,USGS_gage_proxy
2012-03-18,0.7362,63607.68,USGS_gage_proxy
2012-03-19,0.7192,62138.88,USGS_gage_proxy
2012-03-20,0.7164,61896.96000000001,USGS_gage_proxy
2012-03-21,0.7362,63607.68,USGS_gage_proxy
2012-03-22,0.7646,66061.44,USGS_gage_proxy
2012-03-23,0.7362,63607.68,USGS_gage_proxy
2012-03-24,0.6881,59451.840000000004,USGS_gage_proxy
2012-03-25,0.6569,56756.16,USGS_gage_proxy
2012-03-26,0.6485,56030.399999999994,USGS_gage_proxy
2012-03-27,0.6824,58959.36,USGS_gage_proxy
2012-03-28,0.6739,58224.96000000001,USGS_gage_proxy
2012-03-29,0.6569,56756.16,USGS_gage_proxy
2012-03-30,0.6768,58475.52,USGS_gage_proxy
2012-03-31,0.6626,57248.64,USGS_gage_proxy
2012-04-01,0.623,53827.2,USGS_gage_proxy
2012-04-02,0.589,50889.6,USGS_gage_proxy
2012-04-03,0.5692,49178.880000000005,USGS_gage_proxy
2012-04-04,0.5437,46975.67999999999,USGS_gage_proxy
2012-04-05,0.6796,58717.439999999995,USGS_gage_proxy
2012-04-06,0.8637,74623.68000000001,USGS_gage_proxy
2012-04-07,0.7362,63607.68,USGS_gage_proxy
2012-04-08,0.6003,51865.92,USGS_gage_proxy
2012-04-09,0.7532,65076.479999999996,USGS_gage_proxy
2012-04-10,0.8637,74623.68000000001,USGS_gage_proxy
2012-04-11,1.2148,104958.72000000002,USGS_gage_proxy
2012-04-12,0.8495,73396.8,USGS_gage_proxy
2012-04-13,0.6966,60186.24,USGS_gage_proxy
2012-04-14,0.5493,47459.520000000004,USGS_gage_proxy
2012-04-15,0.5918,51131.52,USGS_gage_proxy
2012-04-16,0.7674,66303.36,USGS_gage_proxy
2012-04-17,0.8637,74623.68000000001,USGS_gage_proxy
2012-04-18,0.6428,55537.920000000006,USGS_gage_proxy
2012-04-19,0.5493,47459.520000000004,USGS_gage_proxy
2012-04-20,0.5267,45506.88,USGS_gage_proxy
2012-04-21,0.5154,44530.56,USGS_gage_proxy
2012-04-22,0.5097,44038.08,USGS_gage_proxy
2012-04-23,0.4361,37679.04,USGS_gage_proxy
2012-04-24,0.4786,41351.04,USGS_gage_proxy
2012-04-25,0.521,45014.4,USGS_gage_proxy
2012-04-26,0.504,43545.6,USGS_gage_proxy
2012-04-27,0.504,43545.6,USGS_gage_proxy
2012-04-28,0.4842,41834.880000000005,USGS_gage_proxy
2012-04-29,0.4616,39882.24,USGS_gage_proxy
2012-04-30,0.4502,38897.28,USGS_gage_proxy
2012-05-01,0.4389,37920.96,USGS_gage_proxy
2012-05-02,0.4304,37186.56,USGS_gage_proxy
2012-05-03,0.4078,35233.92,USGS_gage_proxy
2012-05-04,0.3908,33765.119999999995,USGS_gage_proxy
2012-05-05,0.3851,33272.64,USGS_gage_proxy
2012-05-06,0.3936,34007.04,USGS_gage_proxy
2012-05-07,0.3879,33514.560000000005,USGS_gage_proxy
2012-05-08,0.4899,42327.36,USGS_gage_proxy
2012-05-09,0.7532,65076.479999999996,USGS_gage_proxy
2012-05-10,1.0704,92482.56,USGS_gage_proxy
2012-05-11,1.4696,126973.44,USGS_gage_proxy
2012-05-12,1.2714,109848.96,USGS_gage_proxy
2012-05-13,1.2091,104466.24,USGS_gage_proxy
2012-05-14,1.2544,108380.16,USGS_gage_proxy
2012-05-15,1.0137,87583.68000000001,USGS_gage_proxy
2012-05-16,1.2233,105693.12000000001,USGS_gage_proxy
2012-05-17,1.4866,128442.23999999999,USGS_gage_proxy
2012-05-18,1.1044,95420.16,USGS_gage_proxy
2012-05-19,0.7985,68990.4,USGS_gage_proxy
2012-05-20,0.6654,57490.56,USGS_gage_proxy
2012-05-21,0.5947,51382.08,USGS_gage_proxy
2012-05-22,0.5833,50397.12,USGS_gage_proxy
2012-05-23,0.5692,49178.880000000005,USGS_gage_proxy
2012-05-24,0.5437,46975.67999999999,USGS_gage_proxy
2012-05-25,0.5012,43303.68,USGS_gage_proxy
2012-05-26,0.4559,39389.76,USGS_gage_proxy
2012-05-27,0.4502,38897.28,USGS_gage_proxy
2012-05-28,0.4757,41100.48,USGS_gage_proxy
2012-05-29,0.4304,37186.56,USGS_gage_proxy
2012-05-30,0.4729,40858.56,USGS_gage_proxy
2012-05-31,0.4842,41834.880000000005,USGS_gage_proxy
2012-06-01,0.4701,40616.64,USGS_gage_proxy
2012-06-02,0.5125,44279.99999999999,USGS_gage_proxy
2012-06-03,0.606,52358.4,USGS_gage_proxy
2012-06-04,0.5324,45999.36,USGS_gage_proxy
2012-06-05,0.4531,39147.840000000004,USGS_gage_proxy
2012-06-06,0.4134,35717.76,USGS_gage_proxy
2012-06-07,0.4078,35233.92,USGS_gage_proxy
2012-06-08,0.3993,34499.52,USGS_gage_proxy
2012-06-09,0.3936,34007.04,USGS_gage_proxy
2012-06-10,0.3936,34007.04,USGS_gage_proxy
2012-06-11,0.3794,32780.16,USGS_gage_proxy
2012-06-12,0.3596,31069.44,USGS_gage_proxy
2012-06-13,0.3455,29851.199999999997,USGS_gage_proxy
2012-06-14,0.3568,30827.52,USGS_gage_proxy
2012-06-15,0.371,32054.4,USGS_gage_proxy
2012-06-16,0.3511,30335.04,USGS_gage_proxy
2012-06-17,0.3511,30335.04,USGS_gage_proxy
2012-06-18,0.3568,30827.52,USGS_gage_proxy
2012-06-19,0.3653,31561.920000000002,USGS_gage_proxy
2012-06-20,0.3681,31803.84,USGS_gage_proxy
2012-06-21,0.3596,31069.44,USGS_gage_proxy
2012-06-22,0.3455,29851.199999999997,USGS_gage_proxy
2012-06-23,0.337,29116.800000000003,USGS_gage_proxy
2012-06-24,0.3766,32538.239999999998,USGS_gage_proxy
2012-06-25,0.3596,31069.44,USGS_gage_proxy
2012-06-26,0.3228,27889.92,USGS_gage_proxy
2012-06-27,0.3058,26421.120000000003,USGS_gage_proxy
2012-06-28,0.3143,27155.52,USGS_gage_proxy
2012-06-29,0.4361,37679.04,USGS_gage_proxy
2012-06-30,0.3823,33030.72,USGS_gage_proxy
2012-07-01,0.282,24364.8,USGS_gage_proxy
2012-07-02,0.2489,21504.96,USGS_gage_proxy
2012-07-03,0.2594,22412.160000000003,USGS_gage_proxy
2012-07-04,0.3823,33030.72,USGS_gage_proxy
2012-07-05,0.2656,22947.84,USGS_gage_proxy
2012-07-06,0.4587,39631.68,USGS_gage_proxy
2012-07-07,0.3115,26913.6,USGS_gage_proxy
2012-07-08,0.3766,32538.239999999998,USGS_gage_proxy
2012-07-09,0.4531,39147.840000000004,USGS_gage_proxy
2012-07-10,1.8406,159027.84,USGS_gage_proxy
2012-07-11,0.9684,83669.76000000001,USGS_gage_proxy
2012-07-12,1.0732,92724.48,USGS_gage_proxy
2012-07-13,1.5263,131872.32,USGS_gage_proxy
2012-07-14,1.2091,104466.24,USGS_gage_proxy
2012-07-15,0.8665,74865.6,USGS_gage_proxy
2012-07-16,0.6966,60186.24,USGS_gage_proxy
2012-07-17,0.6088,52600.32,USGS_gage_proxy
2012-07-18,0.5862,50647.68000000001,USGS_gage_proxy
2012-07-19,0.5239,45264.96000000001,USGS_gage_proxy
2012-07-20,0.4927,42569.28,USGS_gage_proxy
2012-07-21,0.4474,38655.36,USGS_gage_proxy
2012-07-22,0.4248,36702.72,USGS_gage_proxy
2012-07-23,0.4049,34983.36,USGS_gage_proxy
2012-07-24,0.4106,35475.840000000004,USGS_gage_proxy
2012-07-25,0.4134,35717.76,USGS_gage_proxy
2012-07-26,0.4616,39882.24,USGS_gage_proxy
2012-07-27,0.4814,41592.96,USGS_gage_proxy
2012-07-28,0.4559,39389.76,USGS_gage_proxy
2012-07-29,0.4248,36702.72,USGS_gage_proxy
2012-07-30,0.3879,33514.560000000005,USGS_gage_proxy
2012-07-31,0.3738,32296.320000000003,USGS_gage_proxy
2012-08-01,0.5352,46241.28,USGS_gage_proxy
2012-08-02,0.4559,39389.76,USGS_gage_proxy
2012-08-03,0.3681,31803.84,USGS_gage_proxy
2012-08-04,0.3398,29358.719999999998,USGS_gage_proxy
2012-08-05,0.3313,28624.32,USGS_gage_proxy
2012-08-06,0.3087,26671.679999999997,USGS_gage_proxy
2012-08-07,0.2973,25686.72,USGS_gage_proxy
2012-08-08,0.3058,26421.120000000003,USGS_gage_proxy
2012-08-09,0.2611,22559.04,USGS_gage_proxy
2012-08-10,0.2571,22213.44,USGS_gage_proxy
2012-08-11,0.2274,19647.36,USGS_gage_proxy
2012-08-12,0.2124,18351.36,USGS_gage_proxy
2012-08-13,0.2277,19673.280000000002,USGS_gage_proxy
2012-08-14,0.2172,18766.08,USGS_gage_proxy
2012-08-15,0.2212,19111.68,USGS_gage_proxy
2012-08-16,0.2384,20597.76,USGS_gage_proxy
2012-08-17,0.5409,46733.76,USGS_gage_proxy
2012-08-18,0.4389,37920.96,USGS_gage_proxy
2012-08-19,2.3956,206979.84,USGS_gage_proxy
2012-08-20,0.7504,64834.56,USGS_gage_proxy
2012-08-21,0.6286,54311.04,USGS_gage_proxy
2012-08-22,0.4389,37920.96,USGS_gage_proxy
2012-08-23,0.4304,37186.56,USGS_gage_proxy
2012-08-24,0.5097,44038.08,USGS_gage_proxy
2012-08-25,0.4446,38413.44,USGS_gage_proxy
2012-08-26,0.3766,32538.239999999998,USGS_gage_proxy
2012-08-27,0.7108,61413.119999999995,USGS_gage_proxy
2012-08-28,0.3143,27155.52,USGS_gage_proxy
2012-08-29,0.5777,49913.28,USGS_gage_proxy
2012-08-30,0.4899,42327.36,USGS_gage_proxy
2012-08-31,0.4332,37428.479999999996,USGS_gage_proxy
2012-09-01,0.3993,34499.52,USGS_gage_proxy
2012-09-02,0.3738,32296.320000000003,USGS_gage_proxy
2012-09-03,0.354,30585.6,USGS_gage_proxy
2012-09-04,0.3398,29358.719999999998,USGS_gage_proxy
2012-09-05,0.3228,27889.92,USGS_gage_proxy
2012-09-06,0.2945,25444.8,USGS_gage_proxy
2012-09-07,0.2767,23906.88,USGS_gage_proxy
2012-09-08,0.2832,24468.48,USGS_gage_proxy
2012-09-09,0.2832,24468.48,USGS_gage_proxy
2012-09-10,0.2829,24442.559999999998,USGS_gage_proxy
2012-09-11,0.2633,22749.12,USGS_gage_proxy
2012-09-12,0.2469,21332.16,USGS_gage_proxy
2012-09-13,0.2633,22749.12,USGS_gage_proxy
2012-09-14,0.2888,24952.32,USGS_gage_proxy
2012-09-15,0.2945,25444.8,USGS_gage_proxy
2012-09-16,0.2973,25686.72,USGS_gage_proxy
2012-09-17,0.3002,25937.280000000002,USGS_gage_proxy
2012-09-18,0.3087,26671.679999999997,USGS_gage_proxy
2012-09-19,0.3511,30335.04,USGS_gage_proxy
2012-09-20,0.4078,35233.92,USGS_gage_proxy
2012-09-21,0.4106,35475.840000000004,USGS_gage_proxy
2012-09-22,0.3823,33030.72,USGS_gage_proxy
2012-09-23,0.3483,30093.12,USGS_gage_proxy
2012-09-24,0.3426,29600.640000000003,USGS_gage_proxy
2012-09-25,0.354,30585.6,USGS_gage_proxy
2012-09-26,0.3313,28624.32,USGS_gage_proxy
2012-09-27,0.3936,34007.04,USGS_gage_proxy
2012-09-28,1.2743,110099.52,USGS_gage_proxy
2012-09-29,2.4069,207956.15999999997,USGS_gage_proxy
2012-09-30,4.8139,415920.96,USGS_gage_proxy
2012-10-01,3.1148,269118.72,USGS_gage_proxy
2012-10-02,1.6509,142637.76,USGS_gage_proxy
2012-10-03,1.161,100310.40000000001,USGS_gage_proxy
2012-10-04,0.8807,76092.48000000001,USGS_gage_proxy
2012-10-05,0.7447,64342.08,USGS_gage_proxy
2012-10-06,0.6824,58959.36,USGS_gage_proxy
2012-10-07,0.6371,55045.44,USGS_gage_proxy
2012-10-08,0.5975,51624.0,USGS_gage_proxy
2012-10-09,0.6088,52600.32,USGS_gage_proxy
2012-10-10,0.6315,54561.6,USGS_gage_proxy
2012-10-11,0.6626,57248.64,USGS_gage_proxy
2012-10-12,0.6768,58475.52,USGS_gage_proxy
2012-10-13,0.6569,56756.16,USGS_gage_proxy
2012-10-14,0.7476,64592.64000000001,USGS_gage_proxy
2012-10-15,0.8184,70709.76,USGS_gage_proxy
2012-10-16,0.8523,73638.72,USGS_gage_proxy
2012-10-17,0.8637,74623.68000000001,USGS_gage_proxy
2012-10-18,0.7957,68748.48,USGS_gage_proxy
2012-10-19,0.7306,63123.840000000004,USGS_gage_proxy
2012-10-20,0.7108,61413.119999999995,USGS_gage_proxy
2012-10-21,0.6796,58717.439999999995,USGS_gage_proxy
2012-10-22,0.6286,54311.04,USGS_gage_proxy
2012-10-23,0.5918,51131.52,USGS_gage_proxy
2012-10-24,0.5635,48686.4,USGS_gage_proxy
2012-10-25,0.5947,51382.08,USGS_gage_proxy
2012-10-26,0.6456,55779.84,USGS_gage_proxy
2012-10-27,0.6343,54803.52,USGS_gage_proxy
2012-10-28,0.5975,51624.0,USGS_gage_proxy
2012-10-29,0.589,50889.6,USGS_gage_proxy
2012-10-30,0.5975,51624.0,USGS_gage_proxy
2012-10-31,0.6031,52107.84,USGS_gage_proxy
2012-11-01,0.6031,52107.84,USGS_gage_proxy
2012-11-02,0.6201,53576.64,USGS_gage_proxy
2012-11-03,0.6739,58224.96000000001,USGS_gage_proxy
2012-11-04,0.6909,59693.759999999995,USGS_gage_proxy
2012-11-05,0.7419,64100.16,USGS_gage_proxy
2012-11-06,0.7476,64592.64000000001,USGS_gage_proxy
2012-11-07,0.7674,66303.36,USGS_gage_proxy
2012-11-08,0.7787,67279.68,USGS_gage_proxy
2012-11-09,0.773,66787.2,USGS_gage_proxy
2012-11-10,0.7815,67521.59999999999,USGS_gage_proxy
2012-11-11,0.7787,67279.68,USGS_gage_proxy
2012-11-12,0.7674,66303.36,USGS_gage_proxy
2012-11-13,0.7815,67521.59999999999,USGS_gage_proxy
2012-11-14,0.7815,67521.59999999999,USGS_gage_proxy
2012-11-15,0.7759,67037.76000000001,USGS_gage_proxy
2012-11-16,0.7787,67279.68,USGS_gage_proxy
2012-11-17,0.8608,74373.12,USGS_gage_proxy
2012-11-18,1.0081,87099.84,USGS_gage_proxy
2012-11-19,0.9911,85631.04,USGS_gage_proxy
2012-11-20,0.9911,85631.04,USGS_gage_proxy
2012-11-21,0.9713,83920.32,USGS_gage_proxy
2012-11-22,0.9571,82693.44,USGS_gage_proxy
2012-11-23,0.9713,83920.32,USGS_gage_proxy
2012-11-24,0.9288,80248.31999999999,USGS_gage_proxy
2012-11-25,0.8976,77552.64,USGS_gage_proxy
2012-11-26,0.8976,77552.64,USGS_gage_proxy
2012-11-27,0.8778,75841.92,USGS_gage_proxy
2012-11-28,0.8778,75841.92,USGS_gage_proxy
2012-11-29,0.892,77068.8,USGS_gage_proxy
2012-11-30,0.8807,76092.48000000001,USGS_gage_proxy
2012-12-01,0.8863,76576.31999999999,USGS_gage_proxy
2012-12-02,0.9061,78287.04000000001,USGS_gage_proxy
2012-12-03,0.926,80006.40000000001,USGS_gage_proxy
2012-12-04,0.8665,74865.6,USGS_gage_proxy
2012-12-05,0.824,71193.59999999999,USGS_gage_proxy
2012-12-06,0.8382,72420.48,USGS_gage_proxy
2012-12-07,0.8325,71928.0,USGS_gage_proxy
2012-12-08,0.824,71193.59999999999,USGS_gage_proxy
2012-12-09,0.8325,71928.0,USGS_gage_proxy
2012-12-10,0.8184,70709.76,USGS_gage_proxy
2012-12-11,0.8184,70709.76,USGS_gage_proxy
2012-12-12,0.8184,70709.76,USGS_gage_proxy
2012-12-13,0.807,69724.8,USGS_gage_proxy
2012-12-14,0.7815,67521.59999999999,USGS_gage_proxy
2012-12-15,0.7447,64342.08,USGS_gage_proxy
2012-12-16,0.7929,68506.56,USGS_gage_proxy
2012-12-17,0.8608,74373.12,USGS_gage_proxy
2012-12-18,0.8807,76092.48000000001,USGS_gage_proxy
2012-12-19,0.858,74131.2,USGS_gage_proxy
2012-12-20,0.8127,70217.28,USGS_gage_proxy
2012-12-21,0.8127,70217.28,USGS_gage_proxy
2012-12-22,0.8552,73889.28,USGS_gage_proxy
2012-12-23,0.892,77068.8,USGS_gage_proxy
2012-12-24,0.8155,70459.2,USGS_gage_proxy
2012-12-25,0.8042,69482.88,USGS_gage_proxy
2012-12-26,0.841,72662.4,USGS_gage_proxy
2012-12-27,0.8807,76092.48000000001,USGS_gage_proxy
2012-12-28,0.8835,76334.4,USGS_gage_proxy
2012-12-29,0.892,77068.8,USGS_gage_proxy
2012-12-30,0.9458,81717.12,USGS_gage_proxy
2012-12-31,1.1157,96396.48,USGS_gage_proxy
2013-01-01,1.1072,95662.08,USGS_gage_proxy
2013-01-02,0.9911,85631.04,USGS_gage_proxy
2013-01-03,0.9798,84654.72,USGS_gage_proxy
2013-01-04,1.0024,86607.36,USGS_gage_proxy
2013-01-05,1.0052,86849.28000000001,USGS_gage_proxy
2013-01-06,1.0081,87099.84,USGS_gage_proxy
2013-01-07,1.0109,87341.76,USGS_gage_proxy
2013-01-08,1.0194,88076.16,USGS_gage_proxy
2013-01-09,1.0364,89544.95999999999,USGS_gage_proxy
2013-01-10,1.1129,96154.56,USGS_gage_proxy
2013-01-11,1.1327,97865.28,USGS_gage_proxy
2013-01-12,1.1327,97865.28,USGS_gage_proxy
2013-01-13,1.1695,101044.8,USGS_gage_proxy
2013-01-14,1.127,97372.8,USGS_gage_proxy
2013-01-15,1.0421,90037.44,USGS_gage_proxy
2013-01-16,0.9514,82200.96,USGS_gage_proxy
2013-01-17,0.909,78537.6,USGS_gage_proxy
2013-01-18,0.8807,76092.48000000001,USGS_gage_proxy
2013-01-19,0.8495,73396.8,USGS_gage_proxy
2013-01-20,0.8297,71686.08,USGS_gage_proxy
2013-01-21,0.8042,69482.88,USGS_gage_proxy
2013-01-22,0.8155,70459.2,USGS_gage_proxy
2013-01-23,0.8353,72169.92,USGS_gage_proxy
2013-01-24,0.8269,71444.16,USGS_gage_proxy
2013-01-25,0.841,72662.4,USGS_gage_proxy
2013-01-26,0.8325,71928.0,USGS_gage_proxy
2013-01-27,0.8184,70709.76,USGS_gage_proxy
2013-01-28,0.7985,68990.4,USGS_gage_proxy
2013-01-29,0.773,66787.2,USGS_gage_proxy
2013-01-30,0.7815,67521.59999999999,USGS_gage_proxy
2013-01-31,0.7702,66545.28,USGS_gage_proxy
2013-02-01,0.8014,69240.96,USGS_gage_proxy
2013-02-02,0.8467,73154.88,USGS_gage_proxy
2013-02-03,0.7504,64834.56,USGS_gage_proxy
2013-02-04,0.7192,62138.88,USGS_gage_proxy
2013-02-05,0.7334,63365.76,USGS_gage_proxy
2013-02-06,0.7561,65327.04,USGS_gage_proxy
2013-02-07,0.824,71193.59999999999,USGS_gage_proxy
2013-02-08,0.8637,74623.68000000001,USGS_gage_proxy
2013-02-09,0.8438,72904.31999999999,USGS_gage_proxy
2013-02-10,0.8155,70459.2,USGS_gage_proxy
2013-02-11,0.7419,64100.16,USGS_gage_proxy
2013-02-12,0.7561,65327.04,USGS_gage_proxy
2013-02-13,0.8014,69240.96,USGS_gage_proxy
2013-02-14,0.807,69724.8,USGS_gage_proxy
2013-02-15,0.7759,67037.76000000001,USGS_gage_proxy
2013-02-16,0.7532,65076.479999999996,USGS_gage_proxy
2013-02-17,0.7561,65327.04,USGS_gage_proxy
2013-02-18,0.7391,63858.24,USGS_gage_proxy
2013-02-19,0.7674,66303.36,USGS_gage_proxy
2013-02-20,0.8184,70709.76,USGS_gage_proxy
2013-02-21,0.8184,70709.76,USGS_gage_proxy
2013-02-22,0.807,69724.8,USGS_gage_proxy
2013-02-23,0.7929,68506.56,USGS_gage_proxy
2013-02-24,0.8467,73154.88,USGS_gage_proxy
2013-02-25,0.8325,71928.0,USGS_gage_proxy
2013-02-26,0.7221,62389.439999999995,USGS_gage_proxy
2013-02-27,0.7646,66061.44,USGS_gage_proxy
2013-02-28,0.7957,68748.48,USGS_gage_proxy
2013-03-01,0.7872,68014.08,USGS_gage_proxy
2013-03-02,0.7023,60678.72,USGS_gage_proxy
2013-03-03,0.6626,57248.64,USGS_gage_proxy
2013-03-04,0.6626,57248.64,USGS_gage_proxy
2013-03-05,0.6258,54069.12,USGS_gage_proxy
2013-03-06,0.6371,55045.44,USGS_gage_proxy
2013-03-07,0.6654,57490.56,USGS_gage_proxy
2013-03-08,0.6881,59451.840000000004,USGS_gage_proxy
2013-03-09,0.6598,57006.72,USGS_gage_proxy
2013-03-10,0.6286,54311.04,USGS_gage_proxy
2013-03-11,0.555,47952.00000000001,USGS_gage_proxy
2013-03-12,0.6343,54803.52,USGS_gage_proxy
2013-03-13,0.7674,66303.36,USGS_gage_proxy
2013-03-14,0.7646,66061.44,USGS_gage_proxy
2013-03-15,0.6853,59209.92,USGS_gage_proxy
2013-03-16,0.6485,56030.399999999994,USGS_gage_proxy
2013-03-17,0.6683,57741.12,USGS_gage_proxy
2013-03-18,0.6824,58959.36,USGS_gage_proxy
2013-03-19,0.6796,58717.439999999995,USGS_gage_proxy
2013-03-20,0.6598,57006.72,USGS_gage_proxy
2013-03-21,0.6626,57248.64,USGS_gage_proxy
2013-03-22,0.6711,57983.04,USGS_gage_proxy
2013-03-23,0.5947,51382.08,USGS_gage_proxy
2013-03-24,0.5578,48193.92,USGS_gage_proxy
2013-03-25,0.5154,44530.56,USGS_gage_proxy
2013-03-26,0.4927,42569.28,USGS_gage_proxy
2013-03-27,0.5012,43303.68,USGS_gage_proxy
2013-03-28,0.5437,46975.67999999999,USGS_gage_proxy
2013-03-29,0.5267,45506.88,USGS_gage_proxy
2013-03-30,0.504,43545.6,USGS_gage_proxy
2013-03-31,0.5069,43796.16,USGS_gage_proxy
2013-04-01,0.5352,46241.28,USGS_gage_proxy
2013-04-02,0.5635,48686.4,USGS_gage_proxy
2013-04-03,0.5635,48686.4,USGS_gage_proxy
2013-04-04,0.555,47952.00000000001,USGS_gage_proxy
2013-04-05,0.5663,48928.32,USGS_gage_proxy
2013-04-06,0.5465,47217.6,USGS_gage_proxy
2013-04-07,0.521,45014.4,USGS_gage_proxy
2013-04-08,0.4984,43061.76,USGS_gage_proxy
2013-04-09,0.4672,40366.08,USGS_gage_proxy
2013-04-10,0.4502,38897.28,USGS_gage_proxy
2013-04-11,0.4021,34741.44,USGS_gage_proxy
2013-04-12,0.3993,34499.52,USGS_gage_proxy
2013-04-13,0.4078,35233.92,USGS_gage_proxy
2013-04-14,0.3823,33030.72,USGS_gage_proxy
2013-04-15,0.371,32054.4,USGS_gage_proxy
2013-04-16,0.3398,29358.719999999998,USGS_gage_proxy
2013-04-17,0.2917,25202.88,USGS_gage_proxy
2013-04-18,0.2701,23336.64,USGS_gage_proxy
2013-04-19,0.286,24710.399999999998,USGS_gage_proxy
2013-04-20,0.3087,26671.679999999997,USGS_gage_proxy
2013-04-21,0.3143,27155.52,USGS_gage_proxy
2013-04-22,0.303,26179.2,USGS_gage_proxy
2013-04-23,0.3058,26421.120000000003,USGS_gage_proxy
2013-04-24,0.4927,42569.28,USGS_gage_proxy
2013-04-25,0.4927,42569.28,USGS_gage_proxy
2013-04-26,0.4163,35968.32,USGS_gage_proxy
2013-04-27,0.3653,31561.920000000002,USGS_gage_proxy
2013-04-28,0.337,29116.800000000003,USGS_gage_proxy
2013-04-29,0.3596,31069.44,USGS_gage_proxy
2013-04-30,0.4191,36210.24,USGS_gage_proxy
2013-05-01,0.3794,32780.16,USGS_gage_proxy
2013-05-02,0.3171,27397.44,USGS_gage_proxy
2013-05-03,0.2682,23172.48,USGS_gage_proxy
2013-05-04,0.2396,20701.440000000002,USGS_gage_proxy
2013-05-05,0.2594,22412.160000000003,USGS_gage_proxy
2013-05-06,0.2973,25686.72,USGS_gage_proxy
2013-05-07,0.2832,24468.48,USGS_gage_proxy
2013-05-08,0.282,24364.8,USGS_gage_proxy
2013-05-09,0.3171,27397.44,USGS_gage_proxy
2013-05-10,0.3681,31803.84,USGS_gage_proxy
2013-05-11,0.4134,35717.76,USGS_gage_proxy
2013-05-12,0.4134,35717.76,USGS_gage_proxy
2013-05-13,0.3851,33272.64,USGS_gage_proxy
2013-05-14,0.3511,30335.04,USGS_gage_proxy
2013-05-15,0.3115,26913.6,USGS_gage_proxy
2013-05-16,0.286,24710.399999999998,USGS_gage_proxy
2013-05-17,0.286,24710.399999999998,USGS_gage_proxy
2013-05-18,0.2744,23708.159999999996,USGS_gage_proxy
2013-05-19,0.258,22291.2,USGS_gage_proxy
2013-05-20,0.2503,21625.920000000002,USGS_gage_proxy
2013-05-21,0.2398,20718.72,USGS_gage_proxy
2013-05-22,0.228,19699.2,USGS_gage_proxy
2013-05-23,0.8722,75358.08,USGS_gage_proxy
2013-05-24,0.4842,41834.880000000005,USGS_gage_proxy
2013-05-25,0.303,26179.2,USGS_gage_proxy
2013-05-26,0.3171,27397.44,USGS_gage_proxy
2013-05-27,0.2917,25202.88,USGS_gage_proxy
2013-05-28,0.2767,23906.88,USGS_gage_proxy
2013-05-29,0.256,22118.4,USGS_gage_proxy
2013-05-30,0.2441,21090.24,USGS_gage_proxy
2013-05-31,0.2384,20597.76,USGS_gage_proxy
2013-06-01,0.2393,20675.52,USGS_gage_proxy
2013-06-02,0.2818,24347.52,USGS_gage_proxy
2013-06-03,0.3228,27889.92,USGS_gage_proxy
2013-06-04,0.3058,26421.120000000003,USGS_gage_proxy
2013-06-05,0.286,24710.399999999998,USGS_gage_proxy
2013-06-06,0.2588,22360.319999999996,USGS_gage_proxy
2013-06-07,0.2336,20183.04,USGS_gage_proxy
2013-06-08,0.2161,18671.039999999997,USGS_gage_proxy
2013-06-09,0.205,17712.0,USGS_gage_proxy
2013-06-10,0.2013,17392.32,USGS_gage_proxy
2013-06-11,0.2042,17642.88,USGS_gage_proxy
2013-06-12,0.2027,17513.28,USGS_gage_proxy
2013-06-13,0.1965,16977.600000000002,USGS_gage_proxy
2013-06-14,0.1892,16346.880000000001,USGS_gage_proxy
2013-06-15,0.177,15292.8,USGS_gage_proxy
2013-06-16,0.2104,18178.56,USGS_gage_proxy
2013-06-17,0.1798,15534.72,USGS_gage_proxy
2013-06-18,0.1546,13357.439999999999,USGS_gage_proxy
2013-06-19,0.1781,15387.84,USGS_gage_proxy
2013-06-20,0.5097,44038.08,USGS_gage_proxy
2013-06-21,1.3111,113279.04,USGS_gage_proxy
2013-06-22,1.4895,128692.8,USGS_gage_proxy
2013-06-23,0.9798,84654.72,USGS_gage_proxy
2013-06-24,1.0421,90037.44,USGS_gage_proxy
2013-06-25,1.1667,100802.88,USGS_gage_proxy
2013-06-26,0.9005,77803.2,USGS_gage_proxy
2013-06-27,0.6909,59693.759999999995,USGS_gage_proxy
2013-06-28,0.5522,47710.08,USGS_gage_proxy
2013-06-29,0.4701,40616.64,USGS_gage_proxy
2013-06-30,0.4191,36210.24,USGS_gage_proxy
2013-07-01,0.3908,33765.119999999995,USGS_gage_proxy
2013-07-02,0.4927,42569.28,USGS_gage_proxy
2013-07-03,0.4672,40366.08,USGS_gage_proxy
2013-07-04,0.4163,35968.32,USGS_gage_proxy
2013-07-05,0.3823,33030.72,USGS_gage_proxy
2013-07-06,0.4134,35717.76,USGS_gage_proxy
2013-07-07,0.4786,41351.04,USGS_gage_proxy
2013-07-08,0.4644,40124.159999999996,USGS_gage_proxy
2013-07-09,0.4332,37428.479999999996,USGS_gage_proxy
2013-07-10,0.4106,35475.840000000004,USGS_gage_proxy
2013-07-11,0.3936,34007.04,USGS_gage_proxy
2013-07-12,0.3794,32780.16,USGS_gage_proxy
2013-07-13,0.3681,31803.84,USGS_gage_proxy
2013-07-14,0.3596,31069.44,USGS_gage_proxy
2013-07-15,0.3908,33765.119999999995,USGS_gage_proxy
2013-07-16,0.3964,34248.96,USGS_gage_proxy
2013-07-17,1.1667,100802.88,USGS_gage_proxy
2013-07-18,1.7698,152910.72,USGS_gage_proxy
2013-07-19,3.483,300931.2,USGS_gage_proxy
2013-07-20,5.3802,464849.28,USGS_gage_proxy
2013-07-21,4.8139,415920.96,USGS_gage_proxy
2013-07-22,2.5485,220190.40000000002,USGS_gage_proxy
2013-07-23,1.5574,134559.36,USGS_gage_proxy
2013-07-24,1.1157,96396.48,USGS_gage_proxy
2013-07-25,0.8835,76334.4,USGS_gage_proxy
2013-07-26,0.7844,67772.16,USGS_gage_proxy
2013-07-27,0.6909,59693.759999999995,USGS_gage_proxy
2013-07-28,0.6513,56272.32,USGS_gage_proxy
2013-07-29,0.5805,50155.200000000004,USGS_gage_proxy
2013-07-30,0.5578,48193.92,USGS_gage_proxy
2013-07-31,0.6683,57741.12,USGS_gage_proxy
2013-08-01,0.5692,49178.880000000005,USGS_gage_proxy
2013-08-02,0.8495,73396.8,USGS_gage_proxy
2013-08-03,0.7391,63858.24,USGS_gage_proxy
2013-08-04,0.6173,53334.719999999994,USGS_gage_proxy
2013-08-05,0.555,47952.00000000001,USGS_gage_proxy
2013-08-06,0.5182,44772.479999999996,USGS_gage_proxy
2013-08-07,0.4814,41592.96,USGS_gage_proxy
2013-08-08,0.4531,39147.840000000004,USGS_gage_proxy
2013-08-09,0.4446,38413.44,USGS_gage_proxy
2013-08-10,0.4701,40616.64,USGS_gage_proxy
2013-08-11,0.4927,42569.28,USGS_gage_proxy
2013-08-12,0.4276,36944.64,USGS_gage_proxy
2013-08-13,0.3681,31803.84,USGS_gage_proxy
2013-08-14,0.3285,28382.4,USGS_gage_proxy
2013-08-15,0.303,26179.2,USGS_gage_proxy
2013-08-16,1.4215,122817.6,USGS_gage_proxy
2013-08-17,0.6258,54069.12,USGS_gage_proxy
2013-08-18,0.4559,39389.76,USGS_gage_proxy
2013-08-19,0.3596,31069.44,USGS_gage_proxy
2013-08-20,0.2973,25686.72,USGS_gage_proxy
2013-08-21,0.2656,22947.84,USGS_gage_proxy
2013-08-22,0.3256,28131.84,USGS_gage_proxy
2013-08-23,0.3823,33030.72,USGS_gage_proxy
2013-08-24,0.3653,31561.920000000002,USGS_gage_proxy
2013-08-25,0.3823,33030.72,USGS_gage_proxy
2013-08-26,0.3625,31320.0,USGS_gage_proxy
2013-08-27,0.354,30585.6,USGS_gage_proxy
2013-08-28,0.3511,30335.04,USGS_gage_proxy
2013-08-29,0.354,30585.6,USGS_gage_proxy
2013-08-30,0.3511,30335.04,USGS_gage_proxy
2013-08-31,0.337,29116.800000000003,USGS_gage_proxy
2013-09-01,0.3341,28866.24,USGS_gage_proxy
2013-09-02,0.3341,28866.24,USGS_gage_proxy
2013-09-03,0.3313,28624.32,USGS_gage_proxy
2013-09-04,0.3625,31320.0,USGS_gage_proxy
2013-09-05,0.3851,33272.64,USGS_gage_proxy
2013-09-06,0.3766,32538.239999999998,USGS_gage_proxy
2013-09-07,0.3511,30335.04,USGS_gage_proxy
2013-09-08,0.3256,28131.84,USGS_gage_proxy
2013-09-09,0.3002,25937.280000000002,USGS_gage_proxy
2013-09-10,0.2801,24200.640000000003,USGS_gage_proxy
2013-09-11,0.2727,23561.28,USGS_gage_proxy
2013-09-12,0.2755,23803.2,USGS_gage_proxy
2013-09-13,144.4157,12477516.479999999,USGS_gage_proxy
2013-09-14,44.1742,3816650.88,USGS_gage_proxy
2013-09-15,7.0792,611642.88,USGS_gage_proxy
2013-09-16,5.6634,489317.76,USGS_gage_proxy
2013-09-17,5.097,440380.80000000005,USGS_gage_proxy
2013-09-18,3.4263,296032.32,USGS_gage_proxy
2013-09-19,2.036,175910.4,USGS_gage_proxy
2013-09-20,1.4668,126731.52,USGS_gage_proxy
2013-09-21,1.2063,104224.31999999999,USGS_gage_proxy
2013-09-22,0.9939,85872.96,USGS_gage_proxy
2013-09-23,5.635,486864.0,USGS_gage_proxy
2013-09-24,19.3687,1673455.68,USGS_gage_proxy
2013-09-25,20.7562,1793335.68,USGS_gage_proxy
2013-09-26,20.3598,1759086.72,USGS_gage_proxy
2013-09-27,22.0305,1903435.2,USGS_gage_proxy
2013-09-28,22.2853,1925449.92,USGS_gage_proxy
2013-09-29,21.5774,1864287.36,USGS_gage_proxy
2013-09-30,21.7756,1881411.84,USGS_gage_proxy
2013-10-01,21.8323,1886310.72,USGS_gage_proxy
2013-10-02,21.719,1876521.6,USGS_gage_proxy
2013-10-03,19.5386,1688135.0399999998,USGS_gage_proxy
2013-10-04,16.622,1436140.8,USGS_gage_proxy
2013-10-05,9.1463,790240.3200000001,USGS_gage_proxy
2013-10-06,4.3608,376773.12,USGS_gage_proxy
2013-10-07,2.7807,240252.47999999998,USGS_gage_proxy
2013-10-08,2.237,193276.80000000002,USGS_gage_proxy
2013-10-09,2.1436,185207.04,USGS_gage_proxy
2013-10-10,2.0388,176152.32,USGS_gage_proxy
2013-10-11,1.8689,161472.96,USGS_gage_proxy
2013-10-12,1.6848,145566.72,USGS_gage_proxy
2013-10-13,1.5065,130161.59999999999,USGS_gage_proxy
2013-10-14,1.498,129427.2,USGS_gage_proxy
2013-10-15,1.6027,138473.28,USGS_gage_proxy
2013-10-16,1.9482,168324.47999999998,USGS_gage_proxy
2013-10-17,1.767,152668.8,USGS_gage_proxy
2013-10-18,1.5631,135051.84,USGS_gage_proxy
2013-10-19,1.464,126489.59999999999,USGS_gage_proxy
2013-10-20,1.4725,127224.0,USGS_gage_proxy
2013-10-21,1.3875,119880.0,USGS_gage_proxy
2013-10-22,1.4158,122325.12,USGS_gage_proxy
2013-10-23,1.4498,125262.72,USGS_gage_proxy
2013-10-24,1.2516,108138.24,USGS_gage_proxy
2013-10-25,1.2289,106176.96,USGS_gage_proxy
2013-10-26,1.2318,106427.52,USGS_gage_proxy
2013-10-27,1.2035,103982.4,USGS_gage_proxy
2013-10-28,1.2516,108138.24,USGS_gage_proxy
2013-10-29,1.3932,120372.48,USGS_gage_proxy
2013-10-30,1.2884,111317.76,USGS_gage_proxy
2013-10-31,1.0959,94685.76000000001,USGS_gage_proxy
2013-11-01,0.9458,81717.12,USGS_gage_proxy
2013-11-02,0.9033,78045.12,USGS_gage_proxy
2013-11-03,1.0902,94193.28,USGS_gage_proxy
2013-11-04,1.127,97372.8,USGS_gage_proxy
2013-11-05,1.1327,97865.28,USGS_gage_proxy
2013-11-06,1.1525,99576.0,USGS_gage_proxy
2013-11-07,1.1525,99576.0,USGS_gage_proxy
2013-11-08,1.1129,96154.56,USGS_gage_proxy
2013-11-09,1.0817,93458.88,USGS_gage_proxy
2013-11-10,1.0845,93700.8,USGS_gage_proxy
2013-11-11,1.1072,95662.08,USGS_gage_proxy
2013-11-12,1.127,97372.8,USGS_gage_proxy
2013-11-13,1.1129,96154.56,USGS_gage_proxy
2013-11-14,1.1015,95169.59999999999,USGS_gage_proxy
2013-11-15,1.0874,93951.35999999999,USGS_gage_proxy
2013-11-16,1.0704,92482.56,USGS_gage_proxy
2013-11-17,1.1157,96396.48,USGS_gage_proxy
2013-11-18,1.1298,97614.71999999999,USGS_gage_proxy
2013-11-19,1.1129,96154.56,USGS_gage_proxy
2013-11-20,1.076,92966.40000000001,USGS_gage_proxy
2013-11-21,1.0789,93216.95999999999,USGS_gage_proxy
2013-11-22,1.0817,93458.88,USGS_gage_proxy
2013-11-23,1.161,100310.40000000001,USGS_gage_proxy
2013-11-24,1.2516,108138.24,USGS_gage_proxy
2013-11-25,1.2941,111810.24,USGS_gage_proxy
2013-11-26,1.3167,113762.88,USGS_gage_proxy
2013-11-27,1.2488,107896.31999999999,USGS_gage_proxy
2013-11-28,1.1667,100802.88,USGS_gage_proxy
2013-11-29,1.1129,96154.56,USGS_gage_proxy
2013-11-30,1.0959,94685.76000000001,USGS_gage_proxy
2013-12-01,1.1072,95662.08,USGS_gage_proxy
2013-12-02,1.11,95904.00000000001,USGS_gage_proxy
2013-12-03,1.11,95904.00000000001,USGS_gage_proxy
2013-12-04,1.1044,95420.16,USGS_gage_proxy
2013-12-05,1.1185,96638.40000000001,USGS_gage_proxy
2013-12-06,1.1327,97865.28,USGS_gage_proxy
2013-12-07,1.0789,93216.95999999999,USGS_gage_proxy
2013-12-08,1.0647,91990.08,USGS_gage_proxy
2013-12-09,1.0534,91013.76,USGS_gage_proxy
2013-12-10,1.0477,90521.28000000001,USGS_gage_proxy
2013-12-11,1.0704,92482.56,USGS_gage_proxy
2013-12-12,1.0675,92231.99999999999,USGS_gage_proxy
2013-12-13,1.0675,92231.99999999999,USGS_gage_proxy
2013-12-14,1.0506,90771.84,USGS_gage_proxy
2013-12-15,1.059,91497.59999999999,USGS_gage_proxy
2013-12-16,1.0732,92724.48,USGS_gage_proxy
2013-12-17,1.0336,89303.04000000001,USGS_gage_proxy
2013-12-18,1.0251,88568.63999999998,USGS_gage_proxy
2013-12-19,1.0392,89786.87999999999,USGS_gage_proxy
2013-12-20,1.0874,93951.35999999999,USGS_gage_proxy
2013-12-21,1.1836,102263.04,USGS_gage_proxy
2013-12-22,1.2431,107403.84000000001,USGS_gage_proxy
2013-12-23,1.3988,120856.32,USGS_gage_proxy
2013-12-24,1.2374,106911.36,USGS_gage_proxy
2013-12-25,1.0336,89303.04000000001,USGS_gage_proxy
2013-12-26,1.0024,86607.36,USGS_gage_proxy
2013-12-27,1.0052,86849.28000000001,USGS_gage_proxy
2013-12-28,0.9939,85872.96,USGS_gage_proxy
2013-12-29,0.9826,84896.64,USGS_gage_proxy
2013-12-30,0.9968,86123.52,USGS_gage_proxy
2013-12-31,0.9939,85872.96,USGS_gage_proxy
2014-01-01,0.9996,86365.44,USGS_gage_proxy
2014-01-02,0.9769,84404.16,USGS_gage_proxy
2014-01-03,0.9741,84162.23999999999,USGS_gage_proxy
2014-01-04,0.9769,84404.16,USGS_gage_proxy
2014-01-05,1.161,100310.40000000001,USGS_gage_proxy
2014-01-06,1.2233,105693.12000000001,USGS_gage_proxy
2014-01-07,1.0279,88810.56,USGS_gage_proxy
2014-01-08,0.9628,83185.92,USGS_gage_proxy
2014-01-09,1.3592,117434.87999999999,USGS_gage_proxy
2014-01-10,1.7443,150707.52,USGS_gage_proxy
2014-01-11,1.7868,154379.52,USGS_gage_proxy
2014-01-12,1.8321,158293.44,USGS_gage_proxy
2014-01-13,2.0813,179824.32,USGS_gage_proxy
2014-01-14,2.1577,186425.28000000003,USGS_gage_proxy
2014-01-15,1.9284,166613.75999999998,USGS_gage_proxy
2014-01-16,1.9312,166855.68,USGS_gage_proxy
2014-01-17,2.5428,219697.92,USGS_gage_proxy
2014-01-18,2.4352,210401.28,USGS_gage_proxy
2014-01-19,2.2257,192300.47999999998,USGS_gage_proxy
2014-01-20,2.0983,181293.12,USGS_gage_proxy
2014-01-21,1.8519,160004.16,USGS_gage_proxy
2014-01-22,1.7415,150465.6,USGS_gage_proxy
2014-01-23,1.6848,145566.72,USGS_gage_proxy
2014-01-24,1.5744,136028.16,USGS_gage_proxy
2014-01-25,1.4696,126973.44,USGS_gage_proxy
2014-01-26,1.5461,133583.04,USGS_gage_proxy
2014-01-27,1.5772,136270.08,USGS_gage_proxy
2014-01-28,1.5376,132848.64,USGS_gage_proxy
2014-01-29,1.5433,133341.12,USGS_gage_proxy
2014-01-30,1.5659,135293.76,USGS_gage_proxy
2014-01-31,1.5942,137738.88,USGS_gage_proxy
2014-02-01,1.6367,141410.88,USGS_gage_proxy
2014-02-02,1.6339,141168.96,USGS_gage_proxy
2014-02-03,1.631,140918.4,USGS_gage_proxy
2014-02-04,1.6764,144840.96,USGS_gage_proxy
2014-02-05,1.6509,142637.76,USGS_gage_proxy
2014-02-06,1.5829,136762.56,USGS_gage_proxy
2014-02-07,1.5263,131872.32,USGS_gage_proxy
2014-02-08,1.5206,131379.84,USGS_gage_proxy
2014-02-09,1.5461,133583.04,USGS_gage_proxy
2014-02-10,1.5772,136270.08,USGS_gage_proxy
2014-02-11,1.5631,135051.84,USGS_gage_proxy
2014-02-12,1.5376,132848.64,USGS_gage_proxy
2014-02-13,1.5461,133583.04,USGS_gage_proxy
2014-02-14,1.5348,132606.72,USGS_gage_proxy
2014-02-15,1.43,123552.0,USGS_gage_proxy
2014-02-16,1.4838,128200.32,USGS_gage_proxy
2014-02-17,1.4243,123059.51999999999,USGS_gage_proxy
2014-02-18,1.379,119145.6,USGS_gage_proxy
2014-02-19,1.3422,115966.08,USGS_gage_proxy
2014-02-20,1.3082,113028.48,USGS_gage_proxy
2014-02-21,1.2771,110341.43999999999,USGS_gage_proxy
2014-02-22,1.2346,106669.43999999999,USGS_gage_proxy
2014-02-23,1.2063,104224.31999999999,USGS_gage_proxy
2014-02-24,1.2318,106427.52,USGS_gage_proxy
2014-02-25,1.2856,111075.84000000001,USGS_gage_proxy
2014-02-26,1.2884,111317.76,USGS_gage_proxy
2014-02-27,1.2969,112052.15999999999,USGS_gage_proxy
2014-02-28,1.2205,105451.2,USGS_gage_proxy
2014-03-01,1.2488,107896.31999999999,USGS_gage_proxy
2014-03-02,1.3337,115231.68000000001,USGS_gage_proxy
2014-03-03,1.3281,114747.84000000001,USGS_gage_proxy
2014-03-04,1.2884,111317.76,USGS_gage_proxy
2014-03-05,1.2601,108872.64,USGS_gage_proxy
2014-03-06,1.2233,105693.12000000001,USGS_gage_proxy
2014-03-07,1.2403,107161.92,USGS_gage_proxy
2014-03-08,1.2318,106427.52,USGS_gage_proxy
2014-03-09,1.1667,100802.88,USGS_gage_proxy
2014-03-10,1.0562,91255.68000000001,USGS_gage_proxy
2014-03-11,1.0647,91990.08,USGS_gage_proxy
2014-03-12,1.1242,97130.88,USGS_gage_proxy
2014-03-13,1.195,103248.0,USGS_gage_proxy
2014-03-14,1.1412,98599.68,USGS_gage_proxy
2014-03-15,1.0845,93700.8,USGS_gage_proxy
2014-03-16,1.0845,93700.8,USGS_gage_proxy
2014-03-17,1.1185,96638.40000000001,USGS_gage_proxy
2014-03-18,1.1129,96154.56,USGS_gage_proxy
2014-03-19,1.0222,88318.08,USGS_gage_proxy
2014-03-20,1.0336,89303.04000000001,USGS_gage_proxy
2014-03-21,1.0194,88076.16,USGS_gage_proxy
2014-03-22,1.0279,88810.56,USGS_gage_proxy
2014-03-23,1.2318,106427.52,USGS_gage_proxy
2014-03-24,1.3196,114013.44,USGS_gage_proxy
2014-03-25,1.2374,106911.36,USGS_gage_proxy
2014-03-26,1.1412,98599.68,USGS_gage_proxy
2014-03-27,1.0874,93951.35999999999,USGS_gage_proxy
2014-03-28,1.1978,103489.92,USGS_gage_proxy
2014-03-29,1.2544,108380.16,USGS_gage_proxy
2014-03-30,1.2261,105935.04,USGS_gage_proxy
2014-03-31,1.379,119145.6,USGS_gage_proxy
2014-04-01,1.4272,123310.08,USGS_gage_proxy
2014-04-02,1.4951,129176.64000000001,USGS_gage_proxy
2014-04-03,1.2997,112294.08,USGS_gage_proxy
2014-04-04,1.1015,95169.59999999999,USGS_gage_proxy
2014-04-05,1.3564,117192.96,USGS_gage_proxy
2014-04-06,1.2601,108872.64,USGS_gage_proxy
2014-04-07,1.2658,109365.12000000001,USGS_gage_proxy
2014-04-08,1.1921,102997.43999999999,USGS_gage_proxy
2014-04-09,1.3252,114497.28,USGS_gage_proxy
2014-04-10,1.0845,93700.8,USGS_gage_proxy
2014-04-11,0.9798,84654.72,USGS_gage_proxy
2014-04-12,0.9486,81959.04,USGS_gage_proxy
2014-04-13,0.9628,83185.92,USGS_gage_proxy
2014-04-14,1.1723,101286.71999999999,USGS_gage_proxy
2014-04-15,1.6141,139458.24000000002,USGS_gage_proxy
2014-04-16,1.3677,118169.28,USGS_gage_proxy
2014-04-17,1.0704,92482.56,USGS_gage_proxy
2014-04-18,1.1553,99817.92,USGS_gage_proxy
2014-04-19,1.212,104716.8,USGS_gage_proxy
2014-04-20,1.43,123552.0,USGS_gage_proxy
2014-04-21,1.9963,172480.32,USGS_gage_proxy
2014-04-22,2.3333,201597.12,USGS_gage_proxy
2014-04-23,1.8972,163918.08,USGS_gage_proxy
2014-04-24,1.5234,131621.76,USGS_gage_proxy
2014-04-25,1.0081,87099.84,USGS_gage_proxy
2014-04-26,0.6513,56272.32,USGS_gage_proxy
2014-04-27,0.5324,45999.36,USGS_gage_proxy
2014-04-28,0.5409,46733.76,USGS_gage_proxy
2014-04-29,0.4191,36210.24,USGS_gage_proxy
2014-04-30,0.337,29116.800000000003,USGS_gage_proxy
2014-05-01,0.3455,29851.199999999997,USGS_gage_proxy
2014-05-02,14.8663,1284448.32,USGS_gage_proxy
2014-05-03,23.4746,2028205.44,USGS_gage_proxy
2014-05-04,24.5507,2121180.48,USGS_gage_proxy
2014-05-05,25.4002,2194577.2800000003,USGS_gage_proxy
2014-05-06,25.1736,2174999.04,USGS_gage_proxy
2014-05-07,24.7206,2135859.8400000003,USGS_gage_proxy
2014-05-08,24.7489,2138304.96,USGS_gage_proxy
2014-05-09,24.3241,2101602.24,USGS_gage_proxy
2014-05-10,21.4641,1854498.2399999998,USGS_gage_proxy
2014-05-11,9.7127,839177.28,USGS_gage_proxy
2014-05-12,4.9554,428146.56,USGS_gage_proxy
2014-05-13,3.0299,261783.36000000002,USGS_gage_proxy
2014-05-14,2.1719,187652.16,USGS_gage_proxy
2014-05-15,1.7387,150223.68,USGS_gage_proxy
2014-05-16,1.447,125020.8,USGS_gage_proxy
2014-05-17,1.345,116208.0,USGS_gage_proxy
2014-05-18,1.1355,98107.2,USGS_gage_proxy
2014-05-19,0.9628,83185.92,USGS_gage_proxy
2014-05-20,0.909,78537.6,USGS_gage_proxy
2014-05-21,1.0817,93458.88,USGS_gage_proxy
2014-05-22,1.0336,89303.04000000001,USGS_gage_proxy
2014-05-23,1.0081,87099.84,USGS_gage_proxy
2014-05-24,1.0109,87341.76,USGS_gage_proxy
2014-05-25,1.2573,108630.72,USGS_gage_proxy
2014-05-26,2.4381,210651.84,USGS_gage_proxy
2014-05-27,2.2682,195972.48,USGS_gage_proxy
2014-05-28,1.8548,160254.72,USGS_gage_proxy
2014-05-29,1.4215,122817.6,USGS_gage_proxy
2014-05-30,1.1157,96396.48,USGS_gage_proxy
2014-05-31,1.0166,87834.23999999999,USGS_gage_proxy
2014-06-01,1.0024,86607.36,USGS_gage_proxy
2014-06-02,1.2516,108138.24,USGS_gage_proxy
2014-06-03,1.0675,92231.99999999999,USGS_gage_proxy
2014-06-04,0.9231,79755.84,USGS_gage_proxy
2014-06-05,1.0336,89303.04000000001,USGS_gage_proxy
2014-06-06,0.9345,80740.8,USGS_gage_proxy
2014-06-07,0.875,75600.0,USGS_gage_proxy
2014-06-08,1.4328,123793.92000000001,USGS_gage_proxy
2014-06-09,2.4777,214073.28,USGS_gage_proxy
2014-06-10,2.1153,182761.91999999998,USGS_gage_proxy
2014-06-11,1.379,119145.6,USGS_gage_proxy
2014-06-12,1.0817,93458.88,USGS_gage_proxy
2014-06-13,0.9373,80982.72,USGS_gage_proxy
2014-06-14,0.8976,77552.64,USGS_gage_proxy
2014-06-15,0.7702,66545.28,USGS_gage_proxy
2014-06-16,0.9883,85389.12,USGS_gage_proxy
2014-06-17,1.3875,119880.0,USGS_gage_proxy
2014-06-18,1.1185,96638.40000000001,USGS_gage_proxy
2014-06-19,0.9514,82200.96,USGS_gage_proxy
2014-06-20,1.0166,87834.23999999999,USGS_gage_proxy
2014-06-21,0.9968,86123.52,USGS_gage_proxy
2014-06-22,0.9401,81224.64,USGS_gage_proxy
2014-06-23,1.0109,87341.76,USGS_gage_proxy
2014-06-24,0.9061,78287.04000000001,USGS_gage_proxy
2014-06-25,0.773,66787.2,USGS_gage_proxy
2014-06-26,0.8495,73396.8,USGS_gage_proxy
2014-06-27,0.7815,67521.59999999999,USGS_gage_proxy
2014-06-28,0.7985,68990.4,USGS_gage_proxy
2014-06-29,0.7872,68014.08,USGS_gage_proxy
2014-06-30,0.9005,77803.2,USGS_gage_proxy
2014-07-01,0.8693,75107.51999999999,USGS_gage_proxy
2014-07-02,1.5461,133583.04,USGS_gage_proxy
2014-07-03,1.3054,112786.56,USGS_gage_proxy
2014-07-04,1.1185,96638.40000000001,USGS_gage_proxy
2014-07-05,0.858,74131.2,USGS_gage_proxy
2014-07-06,0.7674,66303.36,USGS_gage_proxy
2014-07-07,0.6796,58717.439999999995,USGS_gage_proxy
2014-07-08,0.7079,61162.56,USGS_gage_proxy
2014-07-09,0.9656,83427.84,USGS_gage_proxy
2014-07-10,1.0477,90521.28000000001,USGS_gage_proxy
2014-07-11,1.2063,104224.31999999999,USGS_gage_proxy
2014-07-12,1.1893,102755.52,USGS_gage_proxy
2014-07-13,1.1751,101528.64,USGS_gage_proxy
2014-07-14,1.0675,92231.99999999999,USGS_gage_proxy
2014-07-15,1.0024,86607.36,USGS_gage_proxy
2014-07-16,1.0874,93951.35999999999,USGS_gage_proxy
2014-07-17,1.1298,97614.71999999999,USGS_gage_proxy
2014-07-18,1.1072,95662.08,USGS_gage_proxy
2014-07-19,1.144,98841.59999999999,USGS_gage_proxy
2014-07-20,1.127,97372.8,USGS_gage_proxy
2014-07-21,0.9033,78045.12,USGS_gage_proxy
2014-07-22,0.8495,73396.8,USGS_gage_proxy
2014-07-23,0.9345,80740.8,USGS_gage_proxy
2014-07-24,0.7787,67279.68,USGS_gage_proxy
2014-07-25,0.7108,61413.119999999995,USGS_gage_proxy
2014-07-26,0.7362,63607.68,USGS_gage_proxy
2014-07-27,0.7334,63365.76,USGS_gage_proxy
2014-07-28,0.7051,60920.63999999999,USGS_gage_proxy
2014-07-29,0.6654,57490.56,USGS_gage_proxy
2014-07-30,0.6994,60428.16,USGS_gage_proxy
2014-07-31,0.6739,58224.96000000001,USGS_gage_proxy
2014-08-01,0.5862,50647.68000000001,USGS_gage_proxy
2014-08-02,1.195,103248.0,USGS_gage_proxy
2014-08-03,1.665,143856.0,USGS_gage_proxy
2014-08-04,1.4498,125262.72,USGS_gage_proxy
2014-08-05,3.0299,261783.36000000002,USGS_gage_proxy
2014-08-06,10.0241,866082.2400000001,USGS_gage_proxy
2014-08-07,4.3325,374327.99999999994,USGS_gage_proxy
2014-08-08,2.3135,199886.4,USGS_gage_proxy
2014-08-09,1.4668,126731.52,USGS_gage_proxy
2014-08-10,1.1865,102513.6,USGS_gage_proxy
2014-08-11,0.9514,82200.96,USGS_gage_proxy
2014-08-12,1.3111,113279.04,USGS_gage_proxy
2014-08-13,1.2289,106176.96,USGS_gage_proxy
2014-08-14,0.9486,81959.04,USGS_gage_proxy
2014-08-15,0.841,72662.4,USGS_gage_proxy
2014-08-16,0.8099,69975.36,USGS_gage_proxy
2014-08-17,1.0336,89303.04000000001,USGS_gage_proxy
2014-08-18,1.127,97372.8,USGS_gage_proxy
2014-08-19,0.8891,76818.24,USGS_gage_proxy
2014-08-20,0.8127,70217.28,USGS_gage_proxy
2014-08-21,0.8523,73638.72,USGS_gage_proxy
2014-08-22,0.9543,82451.52,USGS_gage_proxy
2014-08-23,1.2714,109848.96,USGS_gage_proxy
2014-08-24,1.3535,116942.4,USGS_gage_proxy
2014-08-25,1.1582,100068.48,USGS_gage_proxy
2014-08-26,0.9968,86123.52,USGS_gage_proxy
2014-08-27,1.0194,88076.16,USGS_gage_proxy
2014-08-28,1.2629,109114.56,USGS_gage_proxy
2014-08-29,1.195,103248.0,USGS_gage_proxy
2014-08-30,1.0222,88318.08,USGS_gage_proxy
2014-08-31,0.9061,78287.04000000001,USGS_gage_proxy
2014-09-01,0.8212,70951.68000000001,USGS_gage_proxy
2014-09-02,1.0477,90521.28000000001,USGS_gage_proxy
2014-09-03,1.1129,96154.56,USGS_gage_proxy
2014-09-04,1.0562,91255.68000000001,USGS_gage_proxy
2014-09-05,0.909,78537.6,USGS_gage_proxy
2014-09-06,1.3252,114497.28,USGS_gage_proxy
2014-09-07,2.6674,230463.36000000002,USGS_gage_proxy
2014-09-08,2.7439,237072.96,USGS_gage_proxy
2014-09-09,2.5825,223128.0,USGS_gage_proxy
2014-09-10,1.9907,171996.47999999998,USGS_gage_proxy
2014-09-11,1.4781,127707.84,USGS_gage_proxy
2014-09-12,11.0152,951713.28,USGS_gage_proxy
2014-09-13,11.7515,1015329.6,USGS_gage_proxy
2014-09-14,5.7483,496653.12000000005,USGS_gage_proxy
2014-09-15,3.483,300931.2,USGS_gage_proxy
2014-09-16,2.3276,201104.63999999998,USGS_gage_proxy
2014-09-17,1.9284,166613.75999999998,USGS_gage_proxy
2014-09-18,14.9513,1291792.32,USGS_gage_proxy
2014-09-19,382.2768,33028715.52,USGS_gage_proxy
2014-09-20,208.4116,18006762.24,USGS_gage_proxy
2014-09-21,107.6038,9296968.32,USGS_gage_proxy
2014-09-22,288.8314,24955032.959999997,USGS_gage_proxy
2014-09-23,169.6176,14654960.64,USGS_gage_proxy
2014-09-24,42.192,3645388.8,USGS_gage_proxy
2014-09-25,28.6,2471040.0,USGS_gage_proxy
2014-09-26,10.902,941932.7999999999,USGS_gage_proxy
2014-09-27,7.3057,631212.48,USGS_gage_proxy
2014-09-28,6.0032,518676.48,USGS_gage_proxy
2014-09-29,5.182,447724.80000000005,USGS_gage_proxy
2014-09-30,4.3891,379218.24,USGS_gage_proxy
2014-10-01,4.021,347414.39999999997,USGS_gage_proxy
2014-10-02,3.7661,325391.04,USGS_gage_proxy
2014-10-03,3.5113,303376.32,USGS_gage_proxy
2014-10-04,3.3697,291142.08,USGS_gage_proxy
2014-10-05,3.1715,274017.6,USGS_gage_proxy
2014-10-06,3.1148,269118.72,USGS_gage_proxy
2014-10-07,3.1715,274017.6,USGS_gage_proxy
2014-10-08,3.0299,261783.36000000002,USGS_gage_proxy
2014-10-09,3.0016,259338.24,USGS_gage_proxy
2014-10-10,3.0016,259338.24,USGS_gage_proxy
2014-10-11,2.86,247104.0,USGS_gage_proxy
2014-10-12,2.6335,227534.40000000002,USGS_gage_proxy
2014-10-13,2.5089,216768.96000000002,USGS_gage_proxy
2014-10-14,2.5089,216768.96000000002,USGS_gage_proxy
2014-10-15,2.4579,212362.56,USGS_gage_proxy
2014-10-16,2.5344,218972.16,USGS_gage_proxy
2014-10-17,2.6306,227283.84,USGS_gage_proxy
2014-10-18,2.642,228268.8,USGS_gage_proxy
2014-10-19,2.4494,211628.15999999997,USGS_gage_proxy
2014-10-20,2.4352,210401.28,USGS_gage_proxy
2014-10-21,2.5995,224596.8,USGS_gage_proxy
2014-10-22,2.8317,244658.88,USGS_gage_proxy
2014-10-23,2.7977,241721.28,USGS_gage_proxy
2014-10-24,2.6051,225080.64,USGS_gage_proxy
2014-10-25,2.5768,222635.52,USGS_gage_proxy
2014-10-26,2.5344,218972.16,USGS_gage_proxy
2014-10-27,2.4721,213589.44,USGS_gage_proxy
2014-10-28,2.4352,210401.28,USGS_gage_proxy
2014-10-29,2.4352,210401.28,USGS_gage_proxy
2014-10-30,2.3503,203065.91999999998,USGS_gage_proxy
2014-10-31,2.237,193276.80000000002,USGS_gage_proxy
2014-11-01,2.1521,185941.44,USGS_gage_proxy
2014-11-02,2.4636,212855.04,USGS_gage_proxy
2014-11-03,2.7467,237314.88,USGS_gage_proxy
2014-11-04,3.0582,264228.48,USGS_gage_proxy
2014-11-05,3.3697,291142.08,USGS_gage_proxy
2014-11-06,3.4263,296032.32,USGS_gage_proxy
2014-11-07,3.0016,259338.24,USGS_gage_proxy
2014-11-08,2.8232,243924.47999999998,USGS_gage_proxy
2014-11-09,2.7666,239034.24,USGS_gage_proxy
2014-11-10,2.7864,240744.96,USGS_gage_proxy
2014-11-11,2.7297,235846.08,USGS_gage_proxy
2014-11-12,2.7071,233893.44,USGS_gage_proxy
2014-11-13,2.6108,225573.12,USGS_gage_proxy
2014-11-14,2.5995,224596.8,USGS_gage_proxy
2014-11-15,2.6193,226307.52,USGS_gage_proxy
2014-11-16,2.6901,232424.64,USGS_gage_proxy
2014-11-17,2.7807,240252.47999999998,USGS_gage_proxy
2014-11-18,2.8288,244408.32,USGS_gage_proxy
2014-11-19,2.7977,241721.28,USGS_gage_proxy
2014-11-20,2.7156,234627.84,USGS_gage_proxy
2014-11-21,2.7326,236096.64,USGS_gage_proxy
2014-11-22,2.4579,212362.56,USGS_gage_proxy
2014-11-23,2.6136,225815.03999999998,USGS_gage_proxy
2014-11-24,2.4777,214073.28,USGS_gage_proxy
2014-11-25,2.3701,204776.63999999998,USGS_gage_proxy
2014-11-26,2.2059,190589.76,USGS_gage_proxy
2014-11-27,2.1747,187894.08000000002,USGS_gage_proxy
2014-11-28,2.2257,192300.47999999998,USGS_gage_proxy
2014-11-29,2.2823,197190.72000000003,USGS_gage_proxy
2014-11-30,2.3107,199644.48,USGS_gage_proxy
2014-12-01,2.3135,199886.4,USGS_gage_proxy
2014-12-02,2.2823,197190.72000000003,USGS_gage_proxy
2014-12-03,2.2568,194987.52000000002,USGS_gage_proxy
2014-12-04,2.2568,194987.52000000002,USGS_gage_proxy
2014-12-05,2.3305,201355.19999999998,USGS_gage_proxy
2014-12-06,2.0586,177863.04,USGS_gage_proxy
2014-12-07,2.2314,192792.96,USGS_gage_proxy
2014-12-08,2.2568,194987.52000000002,USGS_gage_proxy
2014-12-09,2.288,197683.19999999998,USGS_gage_proxy
2014-12-10,2.271,196214.4,USGS_gage_proxy
2014-12-11,2.271,196214.4,USGS_gage_proxy
2014-12-12,2.339,202089.6,USGS_gage_proxy
2014-12-13,2.3871,206245.44000000003,USGS_gage_proxy
2014-12-14,2.2653,195721.91999999998,USGS_gage_proxy
2014-12-15,2.1917,189362.88,USGS_gage_proxy
2014-12-16,2.2144,191324.16,USGS_gage_proxy
2014-12-17,2.2002,190097.28000000003,USGS_gage_proxy
2014-12-18,2.6816,231690.24,USGS_gage_proxy
2014-12-19,2.3022,198910.08000000002,USGS_gage_proxy
2014-12-20,2.2257,192300.47999999998,USGS_gage_proxy
2014-12-21,2.22,191808.00000000003,USGS_gage_proxy
2014-12-22,2.2115,191073.6,USGS_gage_proxy
2014-12-23,2.2484,194261.76,USGS_gage_proxy
2014-12-24,2.2427,193769.28,USGS_gage_proxy
2014-12-25,2.2285,192542.4,USGS_gage_proxy
2014-12-26,2.2144,191324.16,USGS_gage_proxy
2014-12-27,2.2455,194011.19999999998,USGS_gage_proxy
2014-12-28,2.3248,200862.72000000003,USGS_gage_proxy
2014-12-29,2.3616,204042.24000000002,USGS_gage_proxy
2014-12-30,2.2993,198659.52000000002,USGS_gage_proxy
2014-12-31,2.2314,192792.96,USGS_gage_proxy
2015-01-01,2.2087,190831.68,USGS_gage_proxy
2015-01-02,2.2908,197925.12,USGS_gage_proxy
2015-01-03,2.5825,223128.0,USGS_gage_proxy
2015-01-04,2.5174,217503.36,USGS_gage_proxy
2015-01-05,2.4692,213338.87999999998,USGS_gage_proxy
2015-01-06,2.3956,206979.84,USGS_gage_proxy
2015-01-07,2.2738,196456.32,USGS_gage_proxy
2015-01-08,2.2427,193769.28,USGS_gage_proxy
2015-01-09,2.203,190339.19999999998,USGS_gage_proxy
2015-01-10,2.1889,189120.96,USGS_gage_proxy
2015-01-11,2.2115,191073.6,USGS_gage_proxy
2015-01-12,2.2002,190097.28000000003,USGS_gage_proxy
2015-01-13,2.2342,193034.88,USGS_gage_proxy
2015-01-14,2.2427,193769.28,USGS_gage_proxy
2015-01-15,2.2399,193527.36,USGS_gage_proxy
2015-01-16,2.2399,193527.36,USGS_gage_proxy
2015-01-17,2.2172,191566.08000000002,USGS_gage_proxy
2015-01-18,2.1861,188879.04,USGS_gage_proxy
2015-01-19,2.1776,188144.63999999998,USGS_gage_proxy
2015-01-20,2.1832,188628.47999999998,USGS_gage_proxy
2015-01-21,2.1719,187652.16,USGS_gage_proxy
2015-01-22,2.2455,194011.19999999998,USGS_gage_proxy
2015-01-23,2.305,199152.0,USGS_gage_proxy
2015-01-24,2.3843,206003.52000000002,USGS_gage_proxy
2015-01-25,2.3531,203307.84,USGS_gage_proxy
2015-01-26,2.1974,189855.36000000002,USGS_gage_proxy
2015-01-27,2.1464,185448.96,USGS_gage_proxy
2015-01-28,2.1662,187159.68,USGS_gage_proxy
2015-01-29,2.1691,187410.24,USGS_gage_proxy
2015-01-30,2.2399,193527.36,USGS_gage_proxy
2015-01-31,2.3701,204776.63999999998,USGS_gage_proxy
2015-02-01,2.4041,207714.24000000002,USGS_gage_proxy
2015-02-02,2.4806,214323.84,USGS_gage_proxy
2015-02-03,2.3191,200370.24000000002,USGS_gage_proxy
2015-02-04,2.1917,189362.88,USGS_gage_proxy
2015-02-05,2.1492,185690.88,USGS_gage_proxy
2015-02-06,2.1351,184472.64,USGS_gage_proxy
2015-02-07,2.1096,182269.44,USGS_gage_proxy
2015-02-08,2.0841,180066.24,USGS_gage_proxy
2015-02-09,2.0926,180800.64,USGS_gage_proxy
2015-02-10,2.07,178848.0,USGS_gage_proxy
2015-02-11,2.0841,180066.24,USGS_gage_proxy
2015-02-12,2.0954,181042.56000000003,USGS_gage_proxy
2015-02-13,2.0869,180308.16,USGS_gage_proxy
2015-02-14,2.07,178848.0,USGS_gage_proxy
2015-02-15,2.0756,179331.84,USGS_gage_proxy
2015-02-16,2.0841,180066.24,USGS_gage_proxy
2015-02-17,2.0615,178113.6,USGS_gage_proxy
2015-02-18,2.0388,176152.32,USGS_gage_proxy
2015-02-19,2.0218,174683.52,USGS_gage_proxy
2015-02-20,2.053,177379.19999999998,USGS_gage_proxy
2015-02-21,2.0473,176886.72,USGS_gage_proxy
2015-02-22,2.0869,180308.16,USGS_gage_proxy
2015-02-23,2.0501,177128.64,USGS_gage_proxy
2015-02-24,2.0983,181293.12,USGS_gage_proxy
2015-02-25,2.1776,188144.63999999998,USGS_gage_proxy
2015-02-26,2.1124,182511.36000000002,USGS_gage_proxy
2015-02-27,2.1096,182269.44,USGS_gage_proxy
2015-02-28,2.1068,182027.52,USGS_gage_proxy
2015-03-01,2.0898,180558.72,USGS_gage_proxy
2015-03-02,2.1181,183003.84,USGS_gage_proxy
2015-03-03,2.1719,187652.16,USGS_gage_proxy
2015-03-04,2.2314,192792.96,USGS_gage_proxy
2015-03-05,2.237,193276.80000000002,USGS_gage_proxy
2015-03-06,2.1917,189362.88,USGS_gage_proxy
2015-03-07,2.1351,184472.64,USGS_gage_proxy
2015-03-08,2.0643,178355.52,USGS_gage_proxy
2015-03-09,2.0388,176152.32,USGS_gage_proxy
2015-03-10,2.0841,180066.24,USGS_gage_proxy
2015-03-11,2.1011,181535.04,USGS_gage_proxy
2015-03-12,2.0586,177863.04,USGS_gage_proxy
2015-03-13,2.0162,174199.68,USGS_gage_proxy
2015-03-14,2.0218,174683.52,USGS_gage_proxy
2015-03-15,2.019,174441.6,USGS_gage_proxy
2015-03-16,1.9963,172480.32,USGS_gage_proxy
2015-03-17,2.036,175910.4,USGS_gage_proxy
2015-03-18,2.1039,181776.96,USGS_gage_proxy
2015-03-19,1.9737,170527.68,USGS_gage_proxy
2015-03-20,2.1153,182761.91999999998,USGS_gage_proxy
2015-03-21,2.0954,181042.56000000003,USGS_gage_proxy
2015-03-22,2.07,178848.0,USGS_gage_proxy
2015-03-23,2.053,177379.19999999998,USGS_gage_proxy
2015-03-24,2.0926,180800.64,USGS_gage_proxy
2015-03-25,2.0303,175417.92,USGS_gage_proxy
2015-03-26,1.9001,164168.63999999998,USGS_gage_proxy
2015-03-27,1.767,152668.8,USGS_gage_proxy
2015-03-28,1.6962,146551.68,USGS_gage_proxy
2015-03-29,1.9255,166363.2,USGS_gage_proxy
2015-03-30,2.1861,188879.04,USGS_gage_proxy
2015-03-31,2.002,172972.8,USGS_gage_proxy
2015-04-01,1.5971,137989.44,USGS_gage_proxy
2015-04-02,1.4895,128692.8,USGS_gage_proxy
2015-04-03,1.5518,134075.52000000002,USGS_gage_proxy
2015-04-04,1.6169,139700.16,USGS_gage_proxy
2015-04-05,2.0303,175417.92,USGS_gage_proxy
2015-04-06,2.1294,183980.16,USGS_gage_proxy
2015-04-07,2.6533,229245.12000000002,USGS_gage_proxy
2015-04-08,2.5259,218237.76,USGS_gage_proxy
2015-04-09,2.2172,191566.08000000002,USGS_gage_proxy
2015-04-10,2.1209,183245.75999999998,USGS_gage_proxy
2015-04-11,1.9057,164652.47999999998,USGS_gage_proxy
2015-04-12,1.8887,163183.68,USGS_gage_proxy
2015-04-13,2.0954,181042.56000000003,USGS_gage_proxy
2015-04-14,2.2823,197190.72000000003,USGS_gage_proxy
2015-04-15,2.4834,214565.76,USGS_gage_proxy
2015-04-16,2.4126,208448.63999999998,USGS_gage_proxy
2015-04-17,1.9029,164410.56,USGS_gage_proxy
2015-04-18,2.036,175910.4,USGS_gage_proxy
2015-04-19,1.9001,164168.63999999998,USGS_gage_proxy
2015-04-20,1.8831,162699.84,USGS_gage_proxy
2015-04-21,1.7698,152910.72,USGS_gage_proxy
2015-04-22,2.0048,173214.72,USGS_gage_proxy
2015-04-23,2.0926,180800.64,USGS_gage_proxy
2015-04-24,2.1521,185941.44,USGS_gage_proxy
2015-04-25,1.9369,167348.16,USGS_gage_proxy
2015-04-26,1.6594,143372.16,USGS_gage_proxy
2015-04-27,1.5999,138231.36000000002,USGS_gage_proxy
2015-04-28,2.2314,192792.96,USGS_gage_proxy
2015-04-29,2.642,228268.8,USGS_gage_proxy
2015-04-30,2.591,223862.40000000002,USGS_gage_proxy
2015-05-01,2.6986,233159.03999999998,USGS_gage_proxy
2015-05-02,2.5117,217010.87999999998,USGS_gage_proxy
2015-05-03,2.2257,192300.47999999998,USGS_gage_proxy
2015-05-04,1.9199,165879.36,USGS_gage_proxy
2015-05-05,2.3588,203800.32,USGS_gage_proxy
2015-05-06,3.398,293587.2,USGS_gage_proxy
2015-05-07,4.021,347414.39999999997,USGS_gage_proxy
2015-05-08,2.6986,233159.03999999998,USGS_gage_proxy
2015-05-09,2.0133,173949.12,USGS_gage_proxy
2015-05-10,2.1577,186425.28000000003,USGS_gage_proxy
2015-05-11,1.9199,165879.36,USGS_gage_proxy
2015-05-12,1.9199,165879.36,USGS_gage_proxy
2015-05-13,2.9166,251994.24,USGS_gage_proxy
2015-05-14,3.3131,286251.83999999997,USGS_gage_proxy
2015-05-15,3.5679,308266.56,USGS_gage_proxy
2015-05-16,2.8883,249549.12,USGS_gage_proxy
2015-05-17,2.3956,206979.84,USGS_gage_proxy
2015-05-18,2.2002,190097.28000000003,USGS_gage_proxy
2015-05-19,2.0331,175659.84000000003,USGS_gage_proxy
2015-05-20,1.8802,162449.28,USGS_gage_proxy
2015-05-21,2.0303,175417.92,USGS_gage_proxy
2015-05-22,2.1662,187159.68,USGS_gage_proxy
2015-05-23,2.3984,207221.76,USGS_gage_proxy
2015-05-24,2.5768,222635.52,USGS_gage_proxy
2015-05-25,2.4834,214565.76,USGS_gage_proxy
2015-05-26,2.1096,182269.44,USGS_gage_proxy
2015-05-27,1.9369,167348.16,USGS_gage_proxy
2015-05-28,1.8632,160980.48,USGS_gage_proxy
2015-05-29,2.0445,176644.80000000002,USGS_gage_proxy
2015-05-30,2.5145,217252.8,USGS_gage_proxy
2015-05-31,2.3248,200862.72000000003,USGS_gage_proxy
2015-06-01,1.9029,164410.56,USGS_gage_proxy
2015-06-02,1.7217,148754.88,USGS_gage_proxy
2015-06-03,1.5603,134809.92,USGS_gage_proxy
2015-06-04,1.5829,136762.56,USGS_gage_proxy
2015-06-05,1.6509,142637.76,USGS_gage_proxy
2015-06-06,1.7047,147286.08000000002,USGS_gage_proxy
2015-06-07,1.7415,150465.6,USGS_gage_proxy
2015-06-08,1.4583,125997.12,USGS_gage_proxy
2015-06-09,1.6395,141652.8,USGS_gage_proxy
2015-06-10,1.9227,166121.28,USGS_gage_proxy
2015-06-11,1.8831,162699.84,USGS_gage_proxy
2015-06-12,1.6707,144348.48,USGS_gage_proxy
2015-06-13,1.7811,153887.03999999998,USGS_gage_proxy
2015-06-14,2.1436,185207.04,USGS_gage_proxy
2015-06-15,2.1124,182511.36000000002,USGS_gage_proxy
2015-06-16,2.2427,193769.28,USGS_gage_proxy
2015-06-17,2.1153,182761.91999999998,USGS_gage_proxy
2015-06-18,1.9963,172480.32,USGS_gage_proxy
2015-06-19,2.0615,178113.6,USGS_gage_proxy
2015-06-20,1.8236,157559.04,USGS_gage_proxy
2015-06-21,2.0105,173707.19999999998,USGS_gage_proxy
2015-06-22,2.2427,193769.28,USGS_gage_proxy
2015-06-23,2.5117,217010.87999999998,USGS_gage_proxy
2015-06-24,1.9057,164652.47999999998,USGS_gage_proxy
2015-06-25,1.7783,153645.12,USGS_gage_proxy
2015-06-26,1.8463,159520.32,USGS_gage_proxy
2015-06-27,2.0275,175176.0,USGS_gage_proxy
2015-06-28,1.9454,168082.56,USGS_gage_proxy
2015-06-29,1.5942,137738.88,USGS_gage_proxy
2015-06-30,1.9001,164168.63999999998,USGS_gage_proxy
2015-07-01,2.0785,179582.4,USGS_gage_proxy
2015-07-02,2.7439,237072.96,USGS_gage_proxy
2015-07-03,2.4494,211628.15999999997,USGS_gage_proxy
2015-07-04,1.9567,169058.88,USGS_gage_proxy
2015-07-05,1.9963,172480.32,USGS_gage_proxy
2015-07-06,1.8094,156332.16,USGS_gage_proxy
2015-07-07,1.7528,151441.91999999998,USGS_gage_proxy
2015-07-08,1.951,168566.4,USGS_gage_proxy
2015-07-09,2.339,202089.6,USGS_gage_proxy
2015-07-10,2.3078,199393.91999999998,USGS_gage_proxy
2015-07-11,2.1266,183738.24,USGS_gage_proxy
2015-07-12,2.1804,188386.56,USGS_gage_proxy
2015-07-13,2.0869,180308.16,USGS_gage_proxy
2015-07-14,2.4183,208941.12,USGS_gage_proxy
2015-07-15,2.322,200620.80000000002,USGS_gage_proxy
2015-07-16,1.934,167097.6,USGS_gage_proxy
2015-07-17,1.7953,155113.91999999998,USGS_gage_proxy
2015-07-18,1.699,146793.6,USGS_gage_proxy
2015-07-19,1.7896,154621.44,USGS_gage_proxy
2015-07-20,1.6027,138473.28,USGS_gage_proxy
2015-07-21,1.7811,153887.03999999998,USGS_gage_proxy
2015-07-22,1.7302,149489.28,USGS_gage_proxy
2015-07-23,1.6735,144590.4,USGS_gage_proxy
2015-07-24,1.7302,149489.28,USGS_gage_proxy
2015-07-25,2.1266,183738.24,USGS_gage_proxy
2015-07-26,1.8038,155848.32,USGS_gage_proxy
2015-07-27,1.4328,123793.92000000001,USGS_gage_proxy
2015-07-28,1.6933,146301.12,USGS_gage_proxy
2015-07-29,2.0954,181042.56000000003,USGS_gage_proxy
2015-07-30,1.8972,163918.08,USGS_gage_proxy
2015-07-31,2.1238,183496.32,USGS_gage_proxy
2015-08-01,1.9595,169300.8,USGS_gage_proxy
2015-08-02,1.648,142387.19999999998,USGS_gage_proxy
2015-08-03,1.5433,133341.12,USGS_gage_proxy
2015-08-04,2.2568,194987.52000000002,USGS_gage_proxy
2015-08-05,2.4466,211386.24000000002,USGS_gage_proxy
2015-08-06,1.7726,153152.63999999998,USGS_gage_proxy
2015-08-07,7.1075,614088.0,USGS_gage_proxy
2015-08-08,11.4966,993306.2400000001,USGS_gage_proxy
2015-08-09,12.0063,1037344.32,USGS_gage_proxy
2015-08-10,12.2895,1061812.8,USGS_gage_proxy
2015-08-11,12.8558,1110741.12,USGS_gage_proxy
2015-08-12,13.0824,1130319.3599999999,USGS_gage_proxy
2015-08-13,13.139,1135209.5999999999,USGS_gage_proxy
2015-08-14,13.1673,1137654.72,USGS_gage_proxy
2015-08-15,12.9125,1115640.0,USGS_gage_proxy
2015-08-16,8.1552,704609.28,USGS_gage_proxy
2015-08-17,4.3891,379218.24,USGS_gage_proxy
2015-08-18,2.9166,251994.24,USGS_gage_proxy
2015-08-19,2.2172,191566.08000000002,USGS_gage_proxy
2015-08-20,8.0137,692383.68,USGS_gage_proxy
2015-08-21,12.7992,1105850.8800000001,USGS_gage_proxy
2015-08-22,14.4416,1247754.24,USGS_gage_proxy
2015-08-23,14.1584,1223285.76,USGS_gage_proxy
2015-08-24,12.7142,1098506.88,USGS_gage_proxy
2015-08-25,12.601,1088726.4000000001,USGS_gage_proxy
2015-08-26,12.1479,1049578.56,USGS_gage_proxy
2015-08-27,12.1196,1047133.4400000001,USGS_gage_proxy
2015-08-28,11.8081,1020219.84,USGS_gage_proxy
2015-08-29,10.9869,949268.16,USGS_gage_proxy
2015-08-30,10.5055,907675.2,USGS_gage_proxy
2015-08-31,10.5338,910120.32,USGS_gage_proxy
2015-09-01,11.1002,959057.2799999999,USGS_gage_proxy
2015-09-02,12.2045,1054468.8,USGS_gage_proxy
2015-09-03,12.0063,1037344.32,USGS_gage_proxy
2015-09-04,12.0346,1039789.44,USGS_gage_proxy
2015-09-05,12.0063,1037344.32,USGS_gage_proxy
2015-09-06,11.978,1034899.2,USGS_gage_proxy
2015-09-07,12.2895,1061812.8,USGS_gage_proxy
2015-09-08,12.601,1088726.4000000001,USGS_gage_proxy
2015-09-09,12.9974,1122975.36,USGS_gage_proxy
2015-09-10,13.4788,1164568.32,USGS_gage_proxy
2015-09-11,13.6204,1176802.56,USGS_gage_proxy
2015-09-12,13.4222,1159678.08,USGS_gage_proxy
2015-09-13,13.0257,1125420.48,USGS_gage_proxy
2015-09-14,13.5354,1169458.5599999998,USGS_gage_proxy
2015-09-15,13.9319,1203716.1600000001,USGS_gage_proxy
2015-09-16,13.1673,1137654.72,USGS_gage_proxy
2015-09-17,12.7709,1103405.76,USGS_gage_proxy
2015-09-18,12.6293,1091171.52,USGS_gage_proxy
2015-09-19,12.601,1088726.4000000001,USGS_gage_proxy
2015-09-20,12.2329,1056922.56,USGS_gage_proxy
2015-09-21,13.7336,1186583.04,USGS_gage_proxy
2015-09-22,15.2911,1321151.04,USGS_gage_proxy
2015-09-23,15.8008,1365189.12,USGS_gage_proxy
2015-09-24,14.6115,1262433.5999999999,USGS_gage_proxy
2015-09-25,16.9618,1465499.52,USGS_gage_proxy
2015-09-26,13.5921,1174357.44,USGS_gage_proxy
2015-09-27,13.2239,1142544.96,USGS_gage_proxy
2015-09-28,13.1673,1137654.72,USGS_gage_proxy
2015-09-29,13.1107,1132764.48,USGS_gage_proxy
2015-09-30,13.762,1189036.8,USGS_gage_proxy
2015-10-01,13.6204,1176802.56,USGS_gage_proxy
2015-10-02,13.4505,1162123.2,USGS_gage_proxy
2015-10-03,12.2895,1061812.8,USGS_gage_proxy
2015-10-04,10.0808,870981.12,USGS_gage_proxy
2015-10-05,8.8065,760881.6,USGS_gage_proxy
2015-10-06,6.5695,567604.7999999999,USGS_gage_proxy
2015-10-07,5.0404,435490.56,USGS_gage_proxy
2015-10-08,5.2952,457505.28,USGS_gage_proxy
2015-10-09,5.1537,445279.68,USGS_gage_proxy
2015-10-10,6.2014,535800.96,USGS_gage_proxy
2015-10-11,4.559,393897.60000000003,USGS_gage_proxy
2015-10-12,3.9077,337625.28,USGS_gage_proxy
2015-10-13,3.6529,315610.56,USGS_gage_proxy
2015-10-14,3.5679,308266.56,USGS_gage_proxy
2015-10-15,3.483,300931.2,USGS_gage_proxy
2015-10-16,3.3697,291142.08,USGS_gage_proxy
2015-10-17,3.2281,278907.84,USGS_gage_proxy
2015-10-18,3.7095,320500.8,USGS_gage_proxy
2015-10-19,3.7661,325391.04,USGS_gage_proxy
2015-10-20,3.5396,305821.44,USGS_gage_proxy
2015-10-21,4.7289,408576.96,USGS_gage_proxy
2015-10-22,9.741,841622.4,USGS_gage_proxy
2015-10-23,4.6723,403686.72,USGS_gage_proxy
2015-10-24,3.6812,318055.68,USGS_gage_proxy
2015-10-25,2.9449,254439.36000000002,USGS_gage_proxy
2015-10-26,2.8288,244408.32,USGS_gage_proxy
2015-10-27,2.9733,256893.12,USGS_gage_proxy
2015-10-28,3.1715,274017.6,USGS_gage_proxy
2015-10-29,3.1432,271572.48000000004,USGS_gage_proxy
2015-10-30,2.625,226800.0,USGS_gage_proxy
2015-10-31,2.5372,219214.08,USGS_gage_proxy
2015-11-01,3.0299,261783.36000000002,USGS_gage_proxy
2015-11-02,3.1148,269118.72,USGS_gage_proxy
2015-11-03,3.0299,261783.36000000002,USGS_gage_proxy
2015-11-04,2.9733,256893.12,USGS_gage_proxy
2015-11-05,2.8062,242455.68,USGS_gage_proxy
2015-11-06,2.7071,233893.44,USGS_gage_proxy
2015-11-07,2.7637,238783.68,USGS_gage_proxy
2015-11-08,2.5797,222886.08,USGS_gage_proxy
2015-11-09,2.7184,234869.75999999998,USGS_gage_proxy
2015-11-10,2.6335,227534.40000000002,USGS_gage_proxy
2015-11-11,2.7071,233893.44,USGS_gage_proxy
2015-11-12,2.6391,228018.24,USGS_gage_proxy
2015-11-13,2.5457,219948.48,USGS_gage_proxy
2015-11-14,2.6391,228018.24,USGS_gage_proxy
2015-11-15,2.7467,237314.88,USGS_gage_proxy
2015-11-16,2.7326,236096.64,USGS_gage_proxy
2015-11-17,2.5457,219948.48,USGS_gage_proxy
2015-11-18,2.4636,212855.04,USGS_gage_proxy
2015-11-19,2.3333,201597.12,USGS_gage_proxy
2015-11-20,2.3503,203065.91999999998,USGS_gage_proxy
2015-11-21,2.3956,206979.84,USGS_gage_proxy
2015-11-22,2.5145,217252.8,USGS_gage_proxy
2015-11-23,2.3928,206737.91999999998,USGS_gage_proxy
2015-11-24,2.4098,208206.72,USGS_gage_proxy
2015-11-25,2.5032,216276.48,USGS_gage_proxy
2015-11-26,2.3984,207221.76,USGS_gage_proxy
2015-11-27,2.5287,218479.68000000002,USGS_gage_proxy
2015-11-28,2.7127,234377.28,USGS_gage_proxy
2015-11-29,2.6335,227534.40000000002,USGS_gage_proxy
2015-11-30,2.4636,212855.04,USGS_gage_proxy
2015-12-01,2.4522,211870.08,USGS_gage_proxy
2015-12-02,2.4126,208448.63999999998,USGS_gage_proxy
2015-12-03,2.3418,202331.52000000002,USGS_gage_proxy
2015-12-04,2.2852,197441.28,USGS_gage_proxy
2015-12-05,2.288,197683.19999999998,USGS_gage_proxy
2015-12-06,2.288,197683.19999999998,USGS_gage_proxy
2015-12-07,2.288,197683.19999999998,USGS_gage_proxy
2015-12-08,2.2568,194987.52000000002,USGS_gage_proxy
2015-12-09,2.2455,194011.19999999998,USGS_gage_proxy
2015-12-10,2.2625,195480.00000000003,USGS_gage_proxy
2015-12-11,2.2738,196456.32,USGS_gage_proxy
2015-12-12,2.2823,197190.72000000003,USGS_gage_proxy
2015-12-13,2.3022,198910.08000000002,USGS_gage_proxy
2015-12-14,2.2682,195972.48,USGS_gage_proxy
2015-12-15,2.2314,192792.96,USGS_gage_proxy
2015-12-16,2.1662,187159.68,USGS_gage_proxy
2015-12-17,2.1974,189855.36000000002,USGS_gage_proxy
2015-12-18,2.1492,185690.88,USGS_gage_proxy
2015-12-19,2.1917,189362.88,USGS_gage_proxy
2015-12-20,2.1889,189120.96,USGS_gage_proxy
2015-12-21,2.2512,194503.68,USGS_gage_proxy
2015-12-22,2.2512,194503.68,USGS_gage_proxy
2015-12-23,2.2059,190589.76,USGS_gage_proxy
2015-12-24,2.1946,189613.44,USGS_gage_proxy
2015-12-25,2.0162,174199.68,USGS_gage_proxy
2015-12-26,2.07,178848.0,USGS_gage_proxy
2015-12-27,2.6986,233159.03999999998,USGS_gage_proxy
2015-12-28,3.1432,271572.48000000004,USGS_gage_proxy
2015-12-29,3.0299,261783.36000000002,USGS_gage_proxy
2015-12-30,2.5372,219214.08,USGS_gage_proxy
2015-12-31,2.4522,211870.08,USGS_gage_proxy
2016-01-01,2.4041,207714.24000000002,USGS_gage_proxy
2016-01-02,2.4211,209183.04,USGS_gage_proxy
2016-01-03,2.3956,206979.84,USGS_gage_proxy
2016-01-04,2.3475,202824.0,USGS_gage_proxy
2016-01-05,2.322,200620.80000000002,USGS_gage_proxy
2016-01-06,2.3475,202824.0,USGS_gage_proxy
2016-01-07,2.4494,211628.15999999997,USGS_gage_proxy
2016-01-08,2.642,228268.8,USGS_gage_proxy
2016-01-09,2.5995,224596.8,USGS_gage_proxy
2016-01-10,2.2937,198175.68,USGS_gage_proxy
2016-01-11,4.5024,389007.36,USGS_gage_proxy
2016-01-12,9.7127,839177.28,USGS_gage_proxy
2016-01-13,10.1657,878316.48,USGS_gage_proxy
2016-01-14,10.4206,900339.8400000001,USGS_gage_proxy
2016-01-15,10.279,888105.6,USGS_gage_proxy
2016-01-16,9.7693,844067.5199999999,USGS_gage_proxy
2016-01-17,9.9109,856301.76,USGS_gage_proxy
2016-01-18,9.9392,858746.88,USGS_gage_proxy
2016-01-19,9.8826,853856.64,USGS_gage_proxy
2016-01-20,9.9392,858746.88,USGS_gage_proxy
2016-01-21,9.9109,856301.76,USGS_gage_proxy
2016-01-22,9.8542,851402.88,USGS_gage_proxy
2016-01-23,9.7976,846512.6399999999,USGS_gage_proxy
2016-01-24,9.8259,848957.76,USGS_gage_proxy
2016-01-25,9.8826,853856.64,USGS_gage_proxy
2016-01-26,9.8259,848957.76,USGS_gage_proxy
2016-01-27,9.8259,848957.76,USGS_gage_proxy
2016-01-28,9.9392,858746.88,USGS_gage_proxy
2016-01-29,10.0808,870981.12,USGS_gage_proxy
2016-01-30,8.9198,770670.7200000001,USGS_gage_proxy
2016-01-31,7.1642,618986.88,USGS_gage_proxy
2016-02-01,6.4845,560260.7999999999,USGS_gage_proxy
2016-02-02,6.258,540691.2,USGS_gage_proxy
2016-02-03,6.0881,526011.84,USGS_gage_proxy
2016-02-04,5.9748,516222.72000000003,USGS_gage_proxy
2016-02-05,6.1447,530902.0800000001,USGS_gage_proxy
2016-02-06,6.2297,538246.0800000001,USGS_gage_proxy
2016-02-07,6.1164,528456.96,USGS_gage_proxy
2016-02-08,5.6634,489317.76,USGS_gage_proxy
2016-02-09,5.6634,489317.76,USGS_gage_proxy
2016-02-10,5.6917,491762.88,USGS_gage_proxy
2016-02-11,5.72,494208.0,USGS_gage_proxy
2016-02-12,5.72,494208.0,USGS_gage_proxy
2016-02-13,5.5501,479528.63999999996,USGS_gage_proxy
2016-02-14,5.6067,484418.88,USGS_gage_proxy
2016-02-15,5.6067,484418.88,USGS_gage_proxy
2016-02-16,5.72,494208.0,USGS_gage_proxy
2016-02-17,5.72,494208.0,USGS_gage_proxy
2016-02-18,5.7483,496653.12000000005,USGS_gage_proxy
2016-02-19,5.4651,472184.63999999996,USGS_gage_proxy
2016-02-20,4.2758,369429.12,USGS_gage_proxy
2016-02-21,3.3697,291142.08,USGS_gage_proxy
2016-02-22,2.8883,249549.12,USGS_gage_proxy
2016-02-23,2.6731,230955.84,USGS_gage_proxy
2016-02-24,2.6051,225080.64,USGS_gage_proxy
2016-02-25,2.5485,220190.40000000002,USGS_gage_proxy
2016-02-26,2.4692,213338.87999999998,USGS_gage_proxy
2016-02-27,2.4381,210651.84,USGS_gage_proxy
2016-02-28,2.4041,207714.24000000002,USGS_gage_proxy
2016-02-29,2.4211,209183.04,USGS_gage_proxy
2016-03-01,2.4069,207956.15999999997,USGS_gage_proxy
2016-03-02,2.3928,206737.91999999998,USGS_gage_proxy
2016-03-03,2.3361,201839.04,USGS_gage_proxy
2016-03-04,2.3588,203800.32,USGS_gage_proxy
2016-03-05,2.3107,199644.48,USGS_gage_proxy
2016-03-06,2.3135,199886.4,USGS_gage_proxy
2016-03-07,2.356,203558.4,USGS_gage_proxy
2016-03-08,2.339,202089.6,USGS_gage_proxy
2016-03-09,2.3418,202331.52000000002,USGS_gage_proxy
2016-03-10,2.2908,197925.12,USGS_gage_proxy
2016-03-11,2.2852,197441.28,USGS_gage_proxy
2016-03-12,2.271,196214.4,USGS_gage_proxy
2016-03-13,2.2484,194261.76,USGS_gage_proxy
2016-03-14,2.2144,191324.16,USGS_gage_proxy
2016-03-15,2.0813,179824.32,USGS_gage_proxy
2016-03-16,2.0756,179331.84,USGS_gage_proxy
2016-03-17,2.1153,182761.91999999998,USGS_gage_proxy
2016-03-18,2.1521,185941.44,USGS_gage_proxy
2016-03-19,2.0813,179824.32,USGS_gage_proxy
2016-03-20,2.4041,207714.24000000002,USGS_gage_proxy
2016-03-21,2.5683,221901.12,USGS_gage_proxy
2016-03-22,2.019,174441.6,USGS_gage_proxy
2016-03-23,1.8208,157317.12,USGS_gage_proxy
2016-03-24,1.7896,154621.44,USGS_gage_proxy
2016-03-25,1.951,168566.4,USGS_gage_proxy
2016-03-26,1.75,151200.0,USGS_gage_proxy
2016-03-27,1.6226,140192.64,USGS_gage_proxy
2016-03-28,1.6197,139942.08,USGS_gage_proxy
2016-03-29,1.8916,163434.24,USGS_gage_proxy
2016-03-30,1.9397,167590.08,USGS_gage_proxy
2016-03-31,1.951,168566.4,USGS_gage_proxy
2016-04-01,2.0162,174199.68,USGS_gage_proxy
2016-04-02,2.0983,181293.12,USGS_gage_proxy
2016-04-03,2.2229,192058.56,USGS_gage_proxy
2016-04-04,2.1294,183980.16,USGS_gage_proxy
2016-04-05,1.9708,170277.12,USGS_gage_proxy
2016-04-06,1.9482,168324.47999999998,USGS_gage_proxy
2016-04-07,2.0445,176644.80000000002,USGS_gage_proxy
2016-04-08,2.0813,179824.32,USGS_gage_proxy
2016-04-09,2.1153,182761.91999999998,USGS_gage_proxy
2016-04-10,1.9199,165879.36,USGS_gage_proxy
2016-04-11,1.9878,171745.92,USGS_gage_proxy
2016-04-12,2.1804,188386.56,USGS_gage_proxy
2016-04-13,2.4437,211135.68000000002,USGS_gage_proxy
2016-04-14,2.3871,206245.44000000003,USGS_gage_proxy
2016-04-15,2.356,203558.4,USGS_gage_proxy
2016-04-16,2.1521,185941.44,USGS_gage_proxy
2016-04-17,2.322,200620.80000000002,USGS_gage_proxy
2016-04-18,2.2823,197190.72000000003,USGS_gage_proxy
2016-04-19,2.2823,197190.72000000003,USGS_gage_proxy
2016-04-20,2.0954,181042.56000000003,USGS_gage_proxy
2016-04-21,2.1889,189120.96,USGS_gage_proxy
2016-04-22,2.1323,184230.72,USGS_gage_proxy
2016-04-23,2.1917,189362.88,USGS_gage_proxy
2016-04-24,1.8887,163183.68,USGS_gage_proxy
2016-04-25,1.9708,170277.12,USGS_gage_proxy
2016-04-26,2.1039,181776.96,USGS_gage_proxy
2016-04-27,1.8548,160254.72,USGS_gage_proxy
2016-04-28,1.7358,149973.12,USGS_gage_proxy
2016-04-29,1.665,143856.0,USGS_gage_proxy
2016-04-30,1.7698,152910.72,USGS_gage_proxy
2016-05-01,1.8632,160980.48,USGS_gage_proxy
2016-05-02,1.8548,160254.72,USGS_gage_proxy
2016-05-03,1.9793,171011.52000000002,USGS_gage_proxy
2016-05-04,1.8774,162207.36,USGS_gage_proxy
2016-05-05,1.9255,166363.2,USGS_gage_proxy
2016-05-06,2.1238,183496.32,USGS_gage_proxy
2016-05-07,1.9312,166855.68,USGS_gage_proxy
2016-05-08,1.6169,139700.16,USGS_gage_proxy
2016-05-09,1.5008,129669.12,USGS_gage_proxy
2016-05-10,1.5914,137496.96,USGS_gage_proxy
2016-05-11,1.6424,141903.36000000002,USGS_gage_proxy
2016-05-12,1.6197,139942.08,USGS_gage_proxy
2016-05-13,1.917,165628.80000000002,USGS_gage_proxy
2016-05-14,2.2285,192542.4,USGS_gage_proxy
2016-05-15,2.1408,184965.12,USGS_gage_proxy
2016-05-16,1.7415,150465.6,USGS_gage_proxy
2016-05-17,1.8179,157066.56,USGS_gage_proxy
2016-05-18,2.0388,176152.32,USGS_gage_proxy
2016-05-19,1.8972,163918.08,USGS_gage_proxy
2016-05-20,2.0954,181042.56000000003,USGS_gage_proxy
2016-05-21,2.0643,178355.52,USGS_gage_proxy
2016-05-22,1.8859,162941.75999999998,USGS_gage_proxy
2016-05-23,1.8463,159520.32,USGS_gage_proxy
2016-05-24,1.7273,149238.72,USGS_gage_proxy
2016-05-25,1.6764,144840.96,USGS_gage_proxy
2016-05-26,1.5036,129911.04000000001,USGS_gage_proxy
2016-05-27,1.4725,127224.0,USGS_gage_proxy
2016-05-28,1.4555,125755.2,USGS_gage_proxy
2016-05-29,1.3875,119880.0,USGS_gage_proxy
2016-05-30,1.5178,131137.92,USGS_gage_proxy
2016-05-31,1.9595,169300.8,USGS_gage_proxy
2016-06-01,2.3191,200370.24000000002,USGS_gage_proxy
2016-06-02,2.2852,197441.28,USGS_gage_proxy
2016-06-03,2.1039,181776.96,USGS_gage_proxy
2016-06-04,1.8632,160980.48,USGS_gage_proxy
2016-06-05,1.9029,164410.56,USGS_gage_proxy
2016-06-06,1.9822,171262.08,USGS_gage_proxy
2016-06-07,1.9425,167832.0,USGS_gage_proxy
2016-06-08,1.75,151200.0,USGS_gage_proxy
2016-06-09,1.4923,128934.72,USGS_gage_proxy
2016-06-10,1.5178,131137.92,USGS_gage_proxy
2016-06-11,1.4753,127465.92,USGS_gage_proxy
2016-06-12,1.5489,133824.96,USGS_gage_proxy
2016-06-13,1.6169,139700.16,USGS_gage_proxy
2016-06-14,1.5801,136520.64,USGS_gage_proxy
2016-06-15,1.4045,121348.8,USGS_gage_proxy
2016-06-16,1.5065,130161.59999999999,USGS_gage_proxy
2016-06-17,1.648,142387.19999999998,USGS_gage_proxy
2016-06-18,1.6282,140676.48,USGS_gage_proxy
2016-06-19,1.5319,132356.16,USGS_gage_proxy
2016-06-20,1.5234,131621.76,USGS_gage_proxy
2016-06-21,1.6424,141903.36000000002,USGS_gage_proxy
2016-06-22,1.6339,141168.96,USGS_gage_proxy
2016-06-23,1.5772,136270.08,USGS_gage_proxy
2016-06-24,1.4696,126973.44,USGS_gage_proxy
2016-06-25,1.447,125020.8,USGS_gage_proxy
2016-06-26,1.4555,125755.2,USGS_gage_proxy
2016-06-27,2.2852,197441.28,USGS_gage_proxy
2016-06-28,2.608,225331.2,USGS_gage_proxy
2016-06-29,2.523,217987.2,USGS_gage_proxy
2016-06-30,2.2455,194011.19999999998,USGS_gage_proxy
2016-07-01,2.203,190339.19999999998,USGS_gage_proxy
2016-07-02,2.1408,184965.12,USGS_gage_proxy
2016-07-03,1.8208,157317.12,USGS_gage_proxy
2016-07-04,1.7047,147286.08000000002,USGS_gage_proxy
2016-07-05,1.6395,141652.8,USGS_gage_proxy
2016-07-06,1.9001,164168.63999999998,USGS_gage_proxy
2016-07-07,1.6565,143121.6,USGS_gage_proxy
2016-07-08,1.413,122083.2,USGS_gage_proxy
2016-07-09,1.5234,131621.76,USGS_gage_proxy
2016-07-10,1.8094,156332.16,USGS_gage_proxy
2016-07-11,1.8774,162207.36,USGS_gage_proxy
2016-07-12,1.6565,143121.6,USGS_gage_proxy
2016-07-13,1.5319,132356.16,USGS_gage_proxy
2016-07-14,1.4272,123310.08,USGS_gage_proxy
2016-07-15,1.3196,114013.44,USGS_gage_proxy
2016-07-16,1.3932,120372.48,USGS_gage_proxy
2016-07-17,1.4328,123793.92000000001,USGS_gage_proxy
2016-07-18,1.6877,145817.28,USGS_gage_proxy
2016-07-19,1.7641,152418.24,USGS_gage_proxy
2016-07-20,1.6509,142637.76,USGS_gage_proxy
2016-07-21,1.7925,154872.0,USGS_gage_proxy
2016-07-22,1.6594,143372.16,USGS_gage_proxy
2016-07-23,1.5206,131379.84,USGS_gage_proxy
2016-07-24,1.784,154137.6,USGS_gage_proxy
2016-07-25,1.9624,169551.36,USGS_gage_proxy
2016-07-26,2.0615,178113.6,USGS_gage_proxy
2016-07-27,1.8576,160496.63999999998,USGS_gage_proxy
2016-07-28,1.4781,127707.84,USGS_gage_proxy
2016-07-29,1.6112,139207.68,USGS_gage_proxy
2016-07-30,1.6424,141903.36000000002,USGS_gage_proxy
2016-07-31,1.6112,139207.68,USGS_gage_proxy
2016-08-01,1.5857,137004.48,USGS_gage_proxy
2016-08-02,1.5319,132356.16,USGS_gage_proxy
2016-08-03,1.6254,140434.56,USGS_gage_proxy
2016-08-04,1.682,145324.8,USGS_gage_proxy
2016-08-05,1.7528,151441.91999999998,USGS_gage_proxy
2016-08-06,1.7358,149973.12,USGS_gage_proxy
2016-08-07,1.8349,158535.36,USGS_gage_proxy
2016-08-08,2.0586,177863.04,USGS_gage_proxy
2016-08-09,2.1776,188144.63999999998,USGS_gage_proxy
2016-08-10,1.8916,163434.24,USGS_gage_proxy
2016-08-11,1.784,154137.6,USGS_gage_proxy
2016-08-12,2.2455,194011.19999999998,USGS_gage_proxy
2016-08-13,2.5287,218479.68000000002,USGS_gage_proxy
2016-08-14,2.8119,242948.16,USGS_gage_proxy
2016-08-15,2.2427,193769.28,USGS_gage_proxy
2016-08-16,2.1776,188144.63999999998,USGS_gage_proxy
2016-08-17,1.9425,167832.0,USGS_gage_proxy
2016-08-18,2.1351,184472.64,USGS_gage_proxy
2016-08-19,2.1804,188386.56,USGS_gage_proxy
2016-08-20,1.8548,160254.72,USGS_gage_proxy
2016-08-21,1.8604,160738.56,USGS_gage_proxy
2016-08-22,2.5938,224104.31999999998,USGS_gage_proxy
2016-08-23,7.4473,643446.72,USGS_gage_proxy
2016-08-24,13.677,1181692.8,USGS_gage_proxy
2016-08-25,8.8915,768225.6000000001,USGS_gage_proxy
2016-08-26,5.8899,508887.36,USGS_gage_proxy
2016-08-27,3.7095,320500.8,USGS_gage_proxy
2016-08-28,2.86,247104.0,USGS_gage_proxy
2016-08-29,9.9109,856301.76,USGS_gage_proxy
2016-08-30,9.6843,836723.52,USGS_gage_proxy
2016-08-31,6.3996,552925.4400000001,USGS_gage_proxy
2016-09-01,9.8259,848957.76,USGS_gage_proxy
2016-09-02,12.3461,1066703.04,USGS_gage_proxy
2016-09-03,5.3236,459959.04,USGS_gage_proxy
2016-09-04,3.5396,305821.44,USGS_gage_proxy
2016-09-05,2.8883,249549.12,USGS_gage_proxy
2016-09-06,2.5967,224354.87999999998,USGS_gage_proxy
2016-09-07,2.5853,223369.92,USGS_gage_proxy
2016-09-08,2.5259,218237.76,USGS_gage_proxy
2016-09-09,2.608,225331.2,USGS_gage_proxy
2016-09-10,2.4777,214073.28,USGS_gage_proxy
2016-09-11,2.3361,201839.04,USGS_gage_proxy
2016-09-12,2.203,190339.19999999998,USGS_gage_proxy
2016-09-13,2.1379,184714.56,USGS_gage_proxy
2016-09-14,2.1747,187894.08000000002,USGS_gage_proxy
2016-09-15,2.203,190339.19999999998,USGS_gage_proxy
2016-09-16,2.2597,195238.08000000002,USGS_gage_proxy
2016-09-17,2.489,215049.59999999998,USGS_gage_proxy
2016-09-18,2.4126,208448.63999999998,USGS_gage_proxy
2016-09-19,2.2172,191566.08000000002,USGS_gage_proxy
2016-09-20,2.1238,183496.32,USGS_gage_proxy
2016-09-21,1.9227,166121.28,USGS_gage_proxy
2016-09-22,1.8349,158535.36,USGS_gage_proxy
2016-09-23,1.8349,158535.36,USGS_gage_proxy
2016-09-24,1.7868,154379.52,USGS_gage_proxy
2016-09-25,1.9878,171745.92,USGS_gage_proxy
2016-09-26,2.0983,181293.12,USGS_gage_proxy
2016-09-27,2.5117,217010.87999999998,USGS_gage_proxy
2016-09-28,2.3758,205269.12,USGS_gage_proxy
2016-09-29,2.3135,199886.4,USGS_gage_proxy
2016-09-30,2.2568,194987.52000000002,USGS_gage_proxy
2016-10-01,2.22,191808.00000000003,USGS_gage_proxy
2016-10-02,2.0331,175659.84000000003,USGS_gage_proxy
2016-10-03,2.0218,174683.52,USGS_gage_proxy
2016-10-04,2.2852,197441.28,USGS_gage_proxy
2016-10-05,2.3786,205511.04,USGS_gage_proxy
2016-10-06,2.3446,202573.43999999997,USGS_gage_proxy
2016-10-07,2.5825,223128.0,USGS_gage_proxy
2016-10-08,2.574,222393.59999999998,USGS_gage_proxy
2016-10-09,2.3786,205511.04,USGS_gage_proxy
2016-10-10,2.8288,244408.32,USGS_gage_proxy
2016-10-11,3.1998,276462.72000000003,USGS_gage_proxy
2016-10-12,2.7184,234869.75999999998,USGS_gage_proxy
2016-10-13,2.3843,206003.52000000002,USGS_gage_proxy
2016-10-14,1.9227,166121.28,USGS_gage_proxy
2016-10-15,2.0445,176644.80000000002,USGS_gage_proxy
2016-10-16,2.0473,176886.72,USGS_gage_proxy
2016-10-17,2.3616,204042.24000000002,USGS_gage_proxy
2016-10-18,3.0582,264228.48,USGS_gage_proxy
2016-10-19,2.625,226800.0,USGS_gage_proxy
2016-10-20,2.0926,180800.64,USGS_gage_proxy
2016-10-21,2.1549,186183.36000000002,USGS_gage_proxy
2016-10-22,1.9793,171011.52000000002,USGS_gage_proxy
2016-10-23,1.9114,165144.96,USGS_gage_proxy
2016-10-24,2.237,193276.80000000002,USGS_gage_proxy
2016-10-25,2.3418,202331.52000000002,USGS_gage_proxy
2016-10-26,1.9255,166363.2,USGS_gage_proxy
2016-10-27,1.8094,156332.16,USGS_gage_proxy
2016-10-28,1.9992,172730.88,USGS_gage_proxy
2016-10-29,2.0077,173465.27999999997,USGS_gage_proxy
2016-10-30,2.4098,208206.72,USGS_gage_proxy
2016-10-31,2.6391,228018.24,USGS_gage_proxy
2016-11-01,2.7099,234135.36000000002,USGS_gage_proxy
2016-11-02,2.8147,243190.08000000002,USGS_gage_proxy
2016-11-03,2.8232,243924.47999999998,USGS_gage_proxy
2016-11-04,2.5712,222151.68000000002,USGS_gage_proxy
2016-11-05,2.4437,211135.68000000002,USGS_gage_proxy
2016-11-06,3.936,340070.4,USGS_gage_proxy
2016-11-07,3.1998,276462.72000000003,USGS_gage_proxy
2016-11-08,2.7297,235846.08,USGS_gage_proxy
2016-11-09,2.5485,220190.40000000002,USGS_gage_proxy
2016-11-10,2.4154,208690.56,USGS_gage_proxy
2016-11-11,2.2342,193034.88,USGS_gage_proxy
2016-11-12,2.1974,189855.36000000002,USGS_gage_proxy
2016-11-13,2.1832,188628.47999999998,USGS_gage_proxy
2016-11-14,2.1379,184714.56,USGS_gage_proxy
2016-11-15,2.1889,189120.96,USGS_gage_proxy
2016-11-16,2.3786,205511.04,USGS_gage_proxy
2016-11-17,2.4098,208206.72,USGS_gage_proxy
2016-11-18,2.3843,206003.52000000002,USGS_gage_proxy
2016-11-19,2.3616,204042.24000000002,USGS_gage_proxy
2016-11-20,2.3361,201839.04,USGS_gage_proxy
2016-11-21,2.3418,202331.52000000002,USGS_gage_proxy
2016-11-22,2.4211,209183.04,USGS_gage_proxy
2016-11-23,2.3758,205269.12,USGS_gage_proxy
2016-11-24,2.3786,205511.04,USGS_gage_proxy
2016-11-25,2.3729,205018.56,USGS_gage_proxy
2016-11-26,2.4267,209666.87999999998,USGS_gage_proxy
2016-11-27,2.4098,208206.72,USGS_gage_proxy
2016-11-28,2.4098,208206.72,USGS_gage_proxy
2016-11-29,2.4296,209917.44000000003,USGS_gage_proxy
2016-11-30,2.4239,209424.96000000002,USGS_gage_proxy
2016-12-01,2.3022,198910.08000000002,USGS_gage_proxy
2016-12-02,2.3984,207221.76,USGS_gage_proxy
2016-12-03,2.6986,233159.03999999998,USGS_gage_proxy
2016-12-04,2.86,247104.0,USGS_gage_proxy
2016-12-05,2.9449,254439.36000000002,USGS_gage_proxy
2016-12-06,2.7439,237072.96,USGS_gage_proxy
2016-12-07,2.5428,219697.92,USGS_gage_proxy
2016-12-08,2.489,215049.59999999998,USGS_gage_proxy
2016-12-09,2.4352,210401.28,USGS_gage_proxy
2016-12-10,2.3928,206737.91999999998,USGS_gage_proxy
2016-12-11,2.3701,204776.63999999998,USGS_gage_proxy
2016-12-12,2.3956,206979.84,USGS_gage_proxy
2016-12-13,2.4239,209424.96000000002,USGS_gage_proxy
2016-12-14,2.2908,197925.12,USGS_gage_proxy
2016-12-15,2.2767,196706.88,USGS_gage_proxy
2016-12-16,2.2937,198175.68,USGS_gage_proxy
2016-12-17,2.2767,196706.88,USGS_gage_proxy
2016-12-18,2.2314,192792.96,USGS_gage_proxy
2016-12-19,2.2455,194011.19999999998,USGS_gage_proxy
2016-12-20,2.1464,185448.96,USGS_gage_proxy
2016-12-21,2.2002,190097.28000000003,USGS_gage_proxy
2016-12-22,2.1351,184472.64,USGS_gage_proxy
2016-12-23,2.2823,197190.72000000003,USGS_gage_proxy
2016-12-24,2.3305,201355.19999999998,USGS_gage_proxy
2016-12-25,2.3588,203800.32,USGS_gage_proxy
2016-12-26,2.339,202089.6,USGS_gage_proxy
2016-12-27,2.3078,199393.91999999998,USGS_gage_proxy
2016-12-28,2.2172,191566.08000000002,USGS_gage_proxy
2016-12-29,2.2257,192300.47999999998,USGS_gage_proxy
2016-12-30,2.2484,194261.76,USGS_gage_proxy
2016-12-31,2.2314,192792.96,USGS_gage_proxy
2017-01-01,2.1861,188879.04,USGS_gage_proxy
2017-01-02,2.2144,191324.16,USGS_gage_proxy
2017-01-03,2.3758,205269.12,USGS_gage_proxy
2017-01-04,2.5032,216276.48,USGS_gage_proxy
2017-01-05,2.2993,198659.52000000002,USGS_gage_proxy
2017-01-06,2.1861,188879.04,USGS_gage_proxy
2017-01-07,2.1804,188386.56,USGS_gage_proxy
2017-01-08,2.1889,189120.96,USGS_gage_proxy
2017-01-09,2.237,193276.80000000002,USGS_gage_proxy
2017-01-10,2.2908,197925.12,USGS_gage_proxy
2017-01-11,2.3191,200370.24000000002,USGS_gage_proxy
2017-01-12,2.2937,198175.68,USGS_gage_proxy
2017-01-13,2.237,193276.80000000002,USGS_gage_proxy
2017-01-14,2.2087,190831.68,USGS_gage_proxy
2017-01-15,2.2682,195972.48,USGS_gage_proxy
2017-01-16,2.3418,202331.52000000002,USGS_gage_proxy
2017-01-17,2.4466,211386.24000000002,USGS_gage_proxy
2017-01-18,2.3956,206979.84,USGS_gage_proxy
2017-01-19,2.2625,195480.00000000003,USGS_gage_proxy
2017-01-20,2.2002,190097.28000000003,USGS_gage_proxy
2017-01-21,2.2229,192058.56,USGS_gage_proxy
2017-01-22,2.0813,179824.32,USGS_gage_proxy
2017-01-23,2.0926,180800.64,USGS_gage_proxy
2017-01-24,2.0445,176644.80000000002,USGS_gage_proxy
2017-01-25,2.0162,174199.68,USGS_gage_proxy
2017-01-26,2.0643,178355.52,USGS_gage_proxy
2017-01-27,1.934,167097.6,USGS_gage_proxy
2017-01-28,1.917,165628.80000000002,USGS_gage_proxy
2017-01-29,1.9652,169793.28,USGS_gage_proxy
2017-01-30,2.002,172972.8,USGS_gage_proxy
2017-01-31,2.0105,173707.19999999998,USGS_gage_proxy
2017-02-01,2.0048,173214.72,USGS_gage_proxy
2017-02-02,1.9737,170527.68,USGS_gage_proxy
2017-02-03,1.8916,163434.24,USGS_gage_proxy
2017-02-04,1.8208,157317.12,USGS_gage_proxy
2017-02-05,1.8463,159520.32,USGS_gage_proxy
2017-02-06,1.9482,168324.47999999998,USGS_gage_proxy
2017-02-07,1.951,168566.4,USGS_gage_proxy
2017-02-08,1.9708,170277.12,USGS_gage_proxy
2017-02-09,1.8859,162941.75999999998,USGS_gage_proxy
2017-02-10,1.8208,157317.12,USGS_gage_proxy
2017-02-11,1.8689,161472.96,USGS_gage_proxy
2017-02-12,1.9086,164903.04,USGS_gage_proxy
2017-02-13,1.9284,166613.75999999998,USGS_gage_proxy
2017-02-14,1.9482,168324.47999999998,USGS_gage_proxy
2017-02-15,1.9397,167590.08,USGS_gage_proxy
2017-02-16,1.9029,164410.56,USGS_gage_proxy
2017-02-17,1.8632,160980.48,USGS_gage_proxy
2017-02-18,1.8293,158051.52,USGS_gage_proxy
2017-02-19,1.8548,160254.72,USGS_gage_proxy
2017-02-20,1.8151,156824.63999999998,USGS_gage_proxy
2017-02-21,1.8519,160004.16,USGS_gage_proxy
2017-02-22,1.8491,159762.24,USGS_gage_proxy
2017-02-23,1.8491,159762.24,USGS_gage_proxy
2017-02-24,1.8349,158535.36,USGS_gage_proxy
2017-02-25,1.8406,159027.84,USGS_gage_proxy
2017-02-26,1.75,151200.0,USGS_gage_proxy
2017-02-27,1.6707,144348.48,USGS_gage_proxy
2017-02-28,1.6424,141903.36000000002,USGS_gage_proxy
2017-03-01,1.648,142387.19999999998,USGS_gage_proxy
2017-03-02,1.7103,147769.91999999998,USGS_gage_proxy
2017-03-03,1.7075,147528.0,USGS_gage_proxy
2017-03-04,1.6565,143121.6,USGS_gage_proxy
2017-03-05,1.7811,153887.03999999998,USGS_gage_proxy
2017-03-06,1.8349,158535.36,USGS_gage_proxy
2017-03-07,1.8491,159762.24,USGS_gage_proxy
2017-03-08,1.8009,155597.76,USGS_gage_proxy
2017-03-09,1.6905,146059.19999999998,USGS_gage_proxy
2017-03-10,1.6764,144840.96,USGS_gage_proxy
2017-03-11,1.7273,149238.72,USGS_gage_proxy
2017-03-12,1.7698,152910.72,USGS_gage_proxy
2017-03-13,1.6197,139942.08,USGS_gage_proxy
2017-03-14,1.4045,121348.8,USGS_gage_proxy
2017-03-15,1.3819,119396.15999999999,USGS_gage_proxy
2017-03-16,1.3564,117192.96,USGS_gage_proxy
2017-03-17,1.4923,128934.72,USGS_gage_proxy
2017-03-18,1.7528,151441.91999999998,USGS_gage_proxy
2017-03-19,1.7471,150949.44,USGS_gage_proxy
2017-03-20,1.7075,147528.0,USGS_gage_proxy
2017-03-21,1.682,145324.8,USGS_gage_proxy
2017-03-22,1.7726,153152.63999999998,USGS_gage_proxy
2017-03-23,1.5121,130645.44,USGS_gage_proxy
2017-03-24,1.5772,136270.08,USGS_gage_proxy
2017-03-25,1.7925,154872.0,USGS_gage_proxy
2017-03-26,1.8604,160738.56,USGS_gage_proxy
2017-03-27,1.4781,127707.84,USGS_gage_proxy
2017-03-28,1.7302,149489.28,USGS_gage_proxy
2017-03-29,1.7783,153645.12,USGS_gage_proxy
2017-03-30,1.9199,165879.36,USGS_gage_proxy
2017-03-31,1.8916,163434.24,USGS_gage_proxy
2017-04-01,2.1776,188144.63999999998,USGS_gage_proxy
2017-04-02,1.767,152668.8,USGS_gage_proxy
2017-04-03,1.379,119145.6,USGS_gage_proxy
2017-04-04,1.43,123552.0,USGS_gage_proxy
2017-04-05,1.5093,130403.52,USGS_gage_proxy
2017-04-06,1.5546,134317.44,USGS_gage_proxy
2017-04-07,1.733,149731.2,USGS_gage_proxy
2017-04-08,1.7528,151441.91999999998,USGS_gage_proxy
2017-04-09,2.0643,178355.52,USGS_gage_proxy
2017-04-10,1.917,165628.80000000002,USGS_gage_proxy
2017-04-11,1.648,142387.19999999998,USGS_gage_proxy
2017-04-12,1.5914,137496.96,USGS_gage_proxy
2017-04-13,1.6282,140676.48,USGS_gage_proxy
2017-04-14,2.2455,194011.19999999998,USGS_gage_proxy
2017-04-15,2.3078,199393.91999999998,USGS_gage_proxy
2017-04-16,1.9793,171011.52000000002,USGS_gage_proxy
2017-04-17,1.8066,156090.24,USGS_gage_proxy
2017-04-18,1.7018,147035.52,USGS_gage_proxy
2017-04-19,1.5971,137989.44,USGS_gage_proxy
2017-04-20,1.4668,126731.52,USGS_gage_proxy
2017-04-21,1.2912,111559.68,USGS_gage_proxy
2017-04-22,1.144,98841.59999999999,USGS_gage_proxy
2017-04-23,1.2091,104466.24,USGS_gage_proxy
2017-04-24,1.3026,112544.64,USGS_gage_proxy
2017-04-25,1.3054,112786.56,USGS_gage_proxy
2017-04-26,1.3734,118661.76,USGS_gage_proxy
2017-04-27,1.733,149731.2,USGS_gage_proxy
2017-04-28,1.6282,140676.48,USGS_gage_proxy
2017-04-29,1.7075,147528.0,USGS_gage_proxy
2017-04-30,2.2512,194503.68,USGS_gage_proxy
2017-05-01,2.4126,208448.63999999998,USGS_gage_proxy
2017-05-02,2.4919,215300.15999999997,USGS_gage_proxy
2017-05-03,2.1492,185690.88,USGS_gage_proxy
2017-05-04,1.6905,146059.19999999998,USGS_gage_proxy
2017-05-05,1.6877,145817.28,USGS_gage_proxy
2017-05-06,1.6594,143372.16,USGS_gage_proxy
2017-05-07,1.7018,147035.52,USGS_gage_proxy
2017-05-08,1.6622,143614.08,USGS_gage_proxy
2017-05-09,1.9765,170769.6,USGS_gage_proxy
2017-05-10,1.9624,169551.36,USGS_gage_proxy
2017-05-11,1.7726,153152.63999999998,USGS_gage_proxy
2017-05-12,1.7302,149489.28,USGS_gage_proxy
2017-05-13,1.5857,137004.48,USGS_gage_proxy
2017-05-14,1.3564,117192.96,USGS_gage_proxy
2017-05-15,1.2686,109607.04,USGS_gage_proxy
2017-05-16,1.5659,135293.76,USGS_gage_proxy
2017-05-17,1.3705,118411.20000000001,USGS_gage_proxy
2017-05-18,1.195,103248.0,USGS_gage_proxy
2017-05-19,1.2771,110341.43999999999,USGS_gage_proxy
2017-05-20,1.3592,117434.87999999999,USGS_gage_proxy
2017-05-21,1.4527,125513.28000000001,USGS_gage_proxy
2017-05-22,1.481,127958.40000000001,USGS_gage_proxy
2017-05-23,1.6141,139458.24000000002,USGS_gage_proxy
2017-05-24,2.1832,188628.47999999998,USGS_gage_proxy
2017-05-25,2.8034,242213.75999999998,USGS_gage_proxy
2017-05-26,1.7556,151683.84,USGS_gage_proxy
2017-05-27,1.3875,119880.0,USGS_gage_proxy
2017-05-28,1.4866,128442.23999999999,USGS_gage_proxy
2017-05-29,1.7217,148754.88,USGS_gage_proxy
2017-05-30,1.8689,161472.96,USGS_gage_proxy
2017-05-31,2.1662,187159.68,USGS_gage_proxy
2017-06-01,2.8883,249549.12,USGS_gage_proxy
2017-06-02,2.0615,178113.6,USGS_gage_proxy
2017-06-03,2.1577,186425.28000000003,USGS_gage_proxy
2017-06-04,2.0048,173214.72,USGS_gage_proxy
2017-06-05,2.0926,180800.64,USGS_gage_proxy
2017-06-06,1.9057,164652.47999999998,USGS_gage_proxy
2017-06-07,1.7217,148754.88,USGS_gage_proxy
2017-06-08,1.6933,146301.12,USGS_gage_proxy
2017-06-09,1.4158,122325.12,USGS_gage_proxy
2017-06-10,1.8859,162941.75999999998,USGS_gage_proxy
2017-06-11,1.7443,150707.52,USGS_gage_proxy
2017-06-12,1.43,123552.0,USGS_gage_proxy
2017-06-13,1.3026,112544.64,USGS_gage_proxy
2017-06-14,1.2573,108630.72,USGS_gage_proxy
2017-06-15,1.2997,112294.08,USGS_gage_proxy
2017-06-16,1.2686,109607.04,USGS_gage_proxy
2017-06-17,1.3054,112786.56,USGS_gage_proxy
2017-06-18,1.5716,135786.24000000002,USGS_gage_proxy
2017-06-19,1.4555,125755.2,USGS_gage_proxy
2017-06-20,1.2658,109365.12000000001,USGS_gage_proxy
2017-06-21,1.3762,118903.68000000001,USGS_gage_proxy
2017-06-22,1.2884,111317.76,USGS_gage_proxy
2017-06-23,1.5121,130645.44,USGS_gage_proxy
2017-06-24,1.4187,122575.68000000001,USGS_gage_proxy
2017-06-25,1.3337,115231.68000000001,USGS_gage_proxy
2017-06-26,1.2856,111075.84000000001,USGS_gage_proxy
2017-06-27,1.345,116208.0,USGS_gage_proxy
2017-06-28,1.6933,146301.12,USGS_gage_proxy
2017-06-29,1.6679,144106.56,USGS_gage_proxy
2017-06-30,1.4527,125513.28000000001,USGS_gage_proxy
2017-07-01,1.2205,105451.2,USGS_gage_proxy
2017-07-02,1.2799,110583.36,USGS_gage_proxy
2017-07-03,1.3026,112544.64,USGS_gage_proxy
2017-07-04,1.2686,109607.04,USGS_gage_proxy
2017-07-05,1.3026,112544.64,USGS_gage_proxy
2017-07-06,1.2771,110341.43999999999,USGS_gage_proxy
2017-07-07,1.2261,105935.04,USGS_gage_proxy
2017-07-08,1.3196,114013.44,USGS_gage_proxy
2017-07-09,1.3111,113279.04,USGS_gage_proxy
2017-07-10,1.3111,113279.04,USGS_gage_proxy
2017-07-11,1.2912,111559.68,USGS_gage_proxy
2017-07-12,1.396,120614.4,USGS_gage_proxy
2017-07-13,1.2714,109848.96,USGS_gage_proxy
2017-07-14,1.2233,105693.12000000001,USGS_gage_proxy
2017-07-15,1.2601,108872.64,USGS_gage_proxy
2017-07-16,1.6339,141168.96,USGS_gage_proxy
2017-07-17,1.6452,142145.28,USGS_gage_proxy
2017-07-18,1.8463,159520.32,USGS_gage_proxy
2017-07-19,1.6056,138723.84,USGS_gage_proxy
2017-07-20,1.447,125020.8,USGS_gage_proxy
2017-07-21,1.5659,135293.76,USGS_gage_proxy
2017-07-22,1.9737,170527.68,USGS_gage_proxy
2017-07-23,1.9907,171996.47999999998,USGS_gage_proxy
2017-07-24,1.8406,159027.84,USGS_gage_proxy
2017-07-25,1.985,171504.0,USGS_gage_proxy
2017-07-26,1.6027,138473.28,USGS_gage_proxy
2017-07-27,1.43,123552.0,USGS_gage_proxy
2017-07-28,1.9765,170769.6,USGS_gage_proxy
2017-07-29,2.3418,202331.52000000002,USGS_gage_proxy
2017-07-30,1.8604,160738.56,USGS_gage_proxy
2017-07-31,1.6084,138965.76,USGS_gage_proxy
2017-08-01,2.2399,193527.36,USGS_gage_proxy
2017-08-02,2.6816,231690.24,USGS_gage_proxy
2017-08-03,2.6844,231932.16,USGS_gage_proxy
2017-08-04,2.1832,188628.47999999998,USGS_gage_proxy
2017-08-05,1.6622,143614.08,USGS_gage_proxy
2017-08-06,1.9057,164652.47999999998,USGS_gage_proxy
2017-08-07,1.7698,152910.72,USGS_gage_proxy
2017-08-08,2.2767,196706.88,USGS_gage_proxy
2017-08-09,1.716,148262.4,USGS_gage_proxy
2017-08-10,1.6452,142145.28,USGS_gage_proxy
2017-08-11,1.8972,163918.08,USGS_gage_proxy
2017-08-12,2.0473,176886.72,USGS_gage_proxy
2017-08-13,2.4636,212855.04,USGS_gage_proxy
2017-08-14,2.7524,237807.36000000002,USGS_gage_proxy
2017-08-15,2.3022,198910.08000000002,USGS_gage_proxy
2017-08-16,1.8123,156582.72,USGS_gage_proxy
2017-08-17,1.631,140918.4,USGS_gage_proxy
2017-08-18,1.5518,134075.52000000002,USGS_gage_proxy
2017-08-19,1.5178,131137.92,USGS_gage_proxy
2017-08-20,1.5659,135293.76,USGS_gage_proxy
2017-08-21,1.8689,161472.96,USGS_gage_proxy
2017-08-22,2.3531,203307.84,USGS_gage_proxy
2017-08-23,2.9166,251994.24,USGS_gage_proxy
2017-08-24,1.9227,166121.28,USGS_gage_proxy
2017-08-25,1.7443,150707.52,USGS_gage_proxy
2017-08-26,1.9199,165879.36,USGS_gage_proxy
2017-08-27,2.8147,243190.08000000002,USGS_gage_proxy
2017-08-28,2.6703,230713.92,USGS_gage_proxy
2017-08-29,1.9001,164168.63999999998,USGS_gage_proxy
2017-08-30,1.5886,137255.04,USGS_gage_proxy
2017-08-31,1.5263,131872.32,USGS_gage_proxy
2017-09-01,1.5404,133090.56,USGS_gage_proxy
2017-09-02,1.8293,158051.52,USGS_gage_proxy
2017-09-03,1.648,142387.19999999998,USGS_gage_proxy
2017-09-04,1.7188,148504.32,USGS_gage_proxy
2017-09-05,1.5716,135786.24000000002,USGS_gage_proxy
2017-09-06,1.3875,119880.0,USGS_gage_proxy
2017-09-07,1.2743,110099.52,USGS_gage_proxy
2017-09-08,1.3139,113520.96,USGS_gage_proxy
2017-09-09,1.1412,98599.68,USGS_gage_proxy
2017-09-10,1.3082,113028.48,USGS_gage_proxy
2017-09-11,1.4895,128692.8,USGS_gage_proxy
2017-09-12,1.4187,122575.68000000001,USGS_gage_proxy
2017-09-13,1.2091,104466.24,USGS_gage_proxy
2017-09-14,1.1553,99817.92,USGS_gage_proxy
2017-09-15,1.4158,122325.12,USGS_gage_proxy
2017-09-16,1.4187,122575.68000000001,USGS_gage_proxy
2017-09-17,1.413,122083.2,USGS_gage_proxy
2017-09-18,1.4696,126973.44,USGS_gage_proxy
2017-09-19,2.1662,187159.68,USGS_gage_proxy
2017-09-20,1.8406,159027.84,USGS_gage_proxy
2017-09-21,1.5971,137989.44,USGS_gage_proxy
2017-09-22,1.4583,125997.12,USGS_gage_proxy
2017-09-23,2.4551,212120.63999999998,USGS_gage_proxy
2017-09-24,4.644,401241.60000000003,USGS_gage_proxy
2017-09-25,4.5873,396342.72,USGS_gage_proxy
2017-09-26,3.2281,278907.84,USGS_gage_proxy
2017-09-27,4.0493,349859.51999999996,USGS_gage_proxy
2017-09-28,4.1909,362093.76,USGS_gage_proxy
2017-09-29,2.9733,256893.12,USGS_gage_proxy
2017-09-30,2.5428,219697.92,USGS_gage_proxy
2017-10-01,2.4579,212362.56,USGS_gage_proxy
2017-10-02,2.3475,202824.0,USGS_gage_proxy
2017-10-03,2.0728,179089.91999999998,USGS_gage_proxy
2017-10-04,2.0445,176644.80000000002,USGS_gage_proxy
2017-10-05,1.9737,170527.68,USGS_gage_proxy
2017-10-06,1.8717,161714.88,USGS_gage_proxy
2017-10-07,1.8548,160254.72,USGS_gage_proxy
2017-10-08,1.7698,152910.72,USGS_gage_proxy
2017-10-09,1.7755,153403.2,USGS_gage_proxy
2017-10-10,1.7443,150707.52,USGS_gage_proxy
2017-10-11,1.6622,143614.08,USGS_gage_proxy
2017-10-12,1.6027,138473.28,USGS_gage_proxy
2017-10-13,1.6622,143614.08,USGS_gage_proxy
2017-10-14,1.6792,145082.88,USGS_gage_proxy
2017-10-15,1.75,151200.0,USGS_gage_proxy
2017-10-16,1.6962,146551.68,USGS_gage_proxy
2017-10-17,1.5178,131137.92,USGS_gage_proxy
2017-10-18,1.3988,120856.32,USGS_gage_proxy
2017-10-19,1.5461,133583.04,USGS_gage_proxy
2017-10-20,1.7698,152910.72,USGS_gage_proxy
2017-10-21,1.7953,155113.91999999998,USGS_gage_proxy
2017-10-22,2.036,175910.4,USGS_gage_proxy
2017-10-23,1.8802,162449.28,USGS_gage_proxy
2017-10-24,1.6792,145082.88,USGS_gage_proxy
2017-10-25,1.5999,138231.36000000002,USGS_gage_proxy
2017-10-26,1.7245,148996.8,USGS_gage_proxy
2017-10-27,1.7755,153403.2,USGS_gage_proxy
2017-10-28,1.75,151200.0,USGS_gage_proxy
2017-10-29,1.9029,164410.56,USGS_gage_proxy
2017-10-30,2.3843,206003.52000000002,USGS_gage_proxy
2017-10-31,2.1549,186183.36000000002,USGS_gage_proxy
2017-11-01,1.8293,158051.52,USGS_gage_proxy
2017-11-02,2.2172,191566.08000000002,USGS_gage_proxy
2017-11-03,2.4919,215300.15999999997,USGS_gage_proxy
2017-11-04,2.5882,223620.48,USGS_gage_proxy
2017-11-05,2.07,178848.0,USGS_gage_proxy
2017-11-06,1.7358,149973.12,USGS_gage_proxy
2017-11-07,1.7556,151683.84,USGS_gage_proxy
2017-11-08,1.767,152668.8,USGS_gage_proxy
2017-11-09,1.9454,168082.56,USGS_gage_proxy
2017-11-10,2.0785,179582.4,USGS_gage_proxy
2017-11-11,2.0983,181293.12,USGS_gage_proxy
2017-11-12,2.0105,173707.19999999998,USGS_gage_proxy
2017-11-13,2.0133,173949.12,USGS_gage_proxy
2017-11-14,2.0445,176644.80000000002,USGS_gage_proxy
2017-11-15,1.9935,172238.4,USGS_gage_proxy
2017-11-16,2.0275,175176.0,USGS_gage_proxy
2017-11-17,2.002,172972.8,USGS_gage_proxy
2017-11-18,1.968,170035.2,USGS_gage_proxy
2017-11-19,1.9595,169300.8,USGS_gage_proxy
2017-11-20,1.9114,165144.96,USGS_gage_proxy
2017-11-21,1.9001,164168.63999999998,USGS_gage_proxy
2017-11-22,1.8831,162699.84,USGS_gage_proxy
2017-11-23,1.8066,156090.24,USGS_gage_proxy
2017-11-24,1.767,152668.8,USGS_gage_proxy
2017-11-25,1.8972,163918.08,USGS_gage_proxy
2017-11-26,1.951,168566.4,USGS_gage_proxy
2017-11-27,1.9142,165386.88,USGS_gage_proxy
2017-11-28,1.8802,162449.28,USGS_gage_proxy
2017-11-29,1.8717,161714.88,USGS_gage_proxy
2017-11-30,1.8548,160254.72,USGS_gage_proxy
2017-12-01,1.7726,153152.63999999998,USGS_gage_proxy
2017-12-02,1.8038,155848.32,USGS_gage_proxy
2017-12-03,1.6962,146551.68,USGS_gage_proxy
2017-12-04,1.767,152668.8,USGS_gage_proxy
2017-12-05,1.8632,160980.48,USGS_gage_proxy
2017-12-06,1.8717,161714.88,USGS_gage_proxy
2017-12-07,1.8887,163183.68,USGS_gage_proxy
2017-12-08,1.9057,164652.47999999998,USGS_gage_proxy
2017-12-09,1.9284,166613.75999999998,USGS_gage_proxy
2017-12-10,1.9057,164652.47999999998,USGS_gage_proxy
2017-12-11,1.9001,164168.63999999998,USGS_gage_proxy
2017-12-12,1.8887,163183.68,USGS_gage_proxy
2017-12-13,1.8916,163434.24,USGS_gage_proxy
2017-12-14,1.8548,160254.72,USGS_gage_proxy
2017-12-15,1.7018,147035.52,USGS_gage_proxy
2017-12-16,1.7188,148504.32,USGS_gage_proxy
2017-12-17,1.8066,156090.24,USGS_gage_proxy
2017-12-18,1.9142,165386.88,USGS_gage_proxy
2017-12-19,1.9397,167590.08,USGS_gage_proxy
2017-12-20,1.9227,166121.28,USGS_gage_proxy
2017-12-21,1.9284,166613.75999999998,USGS_gage_proxy
2017-12-22,1.7556,151683.84,USGS_gage_proxy
2017-12-23,1.6027,138473.28,USGS_gage_proxy
2017-12-24,1.6707,144348.48,USGS_gage_proxy
2017-12-25,1.6027,138473.28,USGS_gage_proxy
2017-12-26,1.7641,152418.24,USGS_gage_proxy
2017-12-27,1.8689,161472.96,USGS_gage_proxy
2017-12-28,1.9029,164410.56,USGS_gage_proxy
2017-12-29,1.8916,163434.24,USGS_gage_proxy
2017-12-30,1.8689,161472.96,USGS_gage_proxy
2017-12-31,1.7471,150949.44,USGS_gage_proxy
2018-01-01,1.7896,154621.44,USGS_gage_proxy
2018-01-02,1.6764,144840.96,USGS_gage_proxy
2018-01-03,1.7528,151441.91999999998,USGS_gage_proxy
2018-01-04,1.8463,159520.32,USGS_gage_proxy
2018-01-05,1.8179,157066.56,USGS_gage_proxy
2018-01-06,1.8236,157559.04,USGS_gage_proxy
2018-01-07,1.8349,158535.36,USGS_gage_proxy
2018-01-08,1.8519,160004.16,USGS_gage_proxy
2018-01-09,1.8463,159520.32,USGS_gage_proxy
2018-01-10,1.6933,146301.12,USGS_gage_proxy
2018-01-11,1.699,146793.6,USGS_gage_proxy
2018-01-12,1.9029,164410.56,USGS_gage_proxy
2018-01-13,1.9539,168816.96,USGS_gage_proxy
2018-01-14,1.7925,154872.0,USGS_gage_proxy
2018-01-15,1.75,151200.0,USGS_gage_proxy
2018-01-16,1.716,148262.4,USGS_gage_proxy
2018-01-17,1.6395,141652.8,USGS_gage_proxy
2018-01-18,1.699,146793.6,USGS_gage_proxy
2018-01-19,1.7726,153152.63999999998,USGS_gage_proxy
2018-01-20,1.8236,157559.04,USGS_gage_proxy
2018-01-21,1.8519,160004.16,USGS_gage_proxy
2018-01-22,1.7981,155355.84,USGS_gage_proxy
2018-01-23,1.7245,148996.8,USGS_gage_proxy
2018-01-24,1.665,143856.0,USGS_gage_proxy
2018-01-25,1.6339,141168.96,USGS_gage_proxy
2018-01-26,1.6537,142879.68,USGS_gage_proxy
2018-01-27,1.7047,147286.08000000002,USGS_gage_proxy
2018-01-28,1.7755,153403.2,USGS_gage_proxy
2018-01-29,1.8123,156582.72,USGS_gage_proxy
2018-01-30,1.7755,153403.2,USGS_gage_proxy
2018-01-31,1.7415,150465.6,USGS_gage_proxy
2018-02-01,1.7471,150949.44,USGS_gage_proxy
2018-02-02,1.6877,145817.28,USGS_gage_proxy
2018-02-03,1.5206,131379.84,USGS_gage_proxy
2018-02-04,1.5518,134075.52000000002,USGS_gage_proxy
2018-02-05,1.4583,125997.12,USGS_gage_proxy
2018-02-06,1.4923,128934.72,USGS_gage_proxy
2018-02-07,1.5319,132356.16,USGS_gage_proxy
2018-02-08,1.682,145324.8,USGS_gage_proxy
2018-02-09,1.6112,139207.68,USGS_gage_proxy
2018-02-10,1.5886,137255.04,USGS_gage_proxy
2018-02-11,1.5659,135293.76,USGS_gage_proxy
2018-02-12,1.4866,128442.23999999999,USGS_gage_proxy
2018-02-13,1.3847,119638.08,USGS_gage_proxy
2018-02-14,1.3988,120856.32,USGS_gage_proxy
2018-02-15,1.4045,121348.8,USGS_gage_proxy
2018-02-16,1.5149,130887.35999999999,USGS_gage_proxy
2018-02-17,1.5688,135544.32,USGS_gage_proxy
2018-02-18,1.5772,136270.08,USGS_gage_proxy
2018-02-19,1.6395,141652.8,USGS_gage_proxy
2018-02-20,1.5886,137255.04,USGS_gage_proxy
2018-02-21,1.4781,127707.84,USGS_gage_proxy
2018-02-22,1.3904,120130.56000000001,USGS_gage_proxy
2018-02-23,1.3281,114747.84000000001,USGS_gage_proxy
2018-02-24,1.3054,112786.56,USGS_gage_proxy
2018-02-25,1.2431,107403.84000000001,USGS_gage_proxy
2018-02-26,1.2799,110583.36,USGS_gage_proxy
2018-02-27,1.3734,118661.76,USGS_gage_proxy
2018-02-28,1.3026,112544.64,USGS_gage_proxy
2018-03-01,1.2063,104224.31999999999,USGS_gage_proxy
2018-03-02,1.1298,97614.71999999999,USGS_gage_proxy
2018-03-03,1.2318,106427.52,USGS_gage_proxy
2018-03-04,1.1808,102021.12000000001,USGS_gage_proxy
2018-03-05,1.1695,101044.8,USGS_gage_proxy
2018-03-06,1.144,98841.59999999999,USGS_gage_proxy
2018-03-07,1.1072,95662.08,USGS_gage_proxy
2018-03-08,1.1213,96880.31999999999,USGS_gage_proxy
2018-03-09,1.1072,95662.08,USGS_gage_proxy
2018-03-10,1.2799,110583.36,USGS_gage_proxy
2018-03-11,1.2658,109365.12000000001,USGS_gage_proxy
2018-03-12,1.2148,104958.72000000002,USGS_gage_proxy
2018-03-13,1.2459,107645.76,USGS_gage_proxy
2018-03-14,1.2828,110833.92,USGS_gage_proxy
2018-03-15,1.2658,109365.12000000001,USGS_gage_proxy
2018-03-16,1.2714,109848.96,USGS_gage_proxy
2018-03-17,1.2601,108872.64,USGS_gage_proxy
2018-03-18,1.1015,95169.59999999999,USGS_gage_proxy
2018-03-19,0.9656,83427.84,USGS_gage_proxy
2018-03-20,0.9826,84896.64,USGS_gage_proxy
2018-03-21,1.1072,95662.08,USGS_gage_proxy
2018-03-22,1.1072,95662.08,USGS_gage_proxy
2018-03-23,1.3734,118661.76,USGS_gage_proxy
2018-03-24,1.1383,98349.12000000001,USGS_gage_proxy
2018-03-25,0.8269,71444.16,USGS_gage_proxy
2018-03-26,0.9316,80490.24,USGS_gage_proxy
2018-03-27,1.1638,100552.31999999999,USGS_gage_proxy
2018-03-28,1.059,91497.59999999999,USGS_gage_proxy
2018-03-29,0.9514,82200.96,USGS_gage_proxy
2018-03-30,0.9175,79272.0,USGS_gage_proxy
2018-03-31,1.0109,87341.76,USGS_gage_proxy
2018-04-01,1.4866,128442.23999999999,USGS_gage_proxy
2018-04-02,1.43,123552.0,USGS_gage_proxy
2018-04-03,1.2969,112052.15999999999,USGS_gage_proxy
2018-04-04,1.5263,131872.32,USGS_gage_proxy
2018-04-05,1.4017,121106.87999999999,USGS_gage_proxy
2018-04-06,1.127,97372.8,USGS_gage_proxy
2018-04-07,1.3309,114989.76,USGS_gage_proxy
2018-04-08,1.5404,133090.56,USGS_gage_proxy
2018-04-09,1.5546,134317.44,USGS_gage_proxy
2018-04-10,1.8179,157066.56,USGS_gage_proxy
2018-04-11,1.8094,156332.16,USGS_gage_proxy
2018-04-12,1.7783,153645.12,USGS_gage_proxy
2018-04-13,1.4838,128200.32,USGS_gage_proxy
2018-04-14,1.413,122083.2,USGS_gage_proxy
2018-04-15,1.5121,130645.44,USGS_gage_proxy
2018-04-16,1.4696,126973.44,USGS_gage_proxy
2018-04-17,1.3281,114747.84000000001,USGS_gage_proxy
2018-04-18,1.3762,118903.68000000001,USGS_gage_proxy
2018-04-19,1.2544,108380.16,USGS_gage_proxy
2018-04-20,1.1553,99817.92,USGS_gage_proxy
2018-04-21,1.1751,101528.64,USGS_gage_proxy
2018-04-22,1.3762,118903.68000000001,USGS_gage_proxy
2018-04-23,1.5206,131379.84,USGS_gage_proxy
2018-04-24,1.5772,136270.08,USGS_gage_proxy
2018-04-25,1.4272,123310.08,USGS_gage_proxy
2018-04-26,1.2941,111810.24,USGS_gage_proxy
2018-04-27,1.2686,109607.04,USGS_gage_proxy
2018-04-28,1.3705,118411.20000000001,USGS_gage_proxy
2018-04-29,1.5121,130645.44,USGS_gage_proxy
2018-04-30,1.2629,109114.56,USGS_gage_proxy
2018-05-01,1.2205,105451.2,USGS_gage_proxy
2018-05-02,1.2006,103731.84,USGS_gage_proxy
2018-05-03,1.4555,125755.2,USGS_gage_proxy
2018-05-04,1.2743,110099.52,USGS_gage_proxy
2018-05-05,1.1723,101286.71999999999,USGS_gage_proxy
2018-05-06,1.093,94435.2,USGS_gage_proxy
2018-05-07,1.0364,89544.95999999999,USGS_gage_proxy
2018-05-08,0.9571,82693.44,USGS_gage_proxy
2018-05-09,0.7985,68990.4,USGS_gage_proxy
2018-05-10,0.7023,60678.72,USGS_gage_proxy
2018-05-11,0.6853,59209.92,USGS_gage_proxy
2018-05-12,0.8523,73638.72,USGS_gage_proxy
2018-05-13,0.8948,77310.72,USGS_gage_proxy
2018-05-14,0.9769,84404.16,USGS_gage_proxy
2018-05-15,1.0449,90279.36,USGS_gage_proxy
2018-05-16,1.0959,94685.76000000001,USGS_gage_proxy
2018-05-17,1.1355,98107.2,USGS_gage_proxy
2018-05-18,0.8495,73396.8,USGS_gage_proxy
2018-05-19,0.8014,69240.96,USGS_gage_proxy
2018-05-20,0.7023,60678.72,USGS_gage_proxy
2018-05-21,0.623,53827.2,USGS_gage_proxy
2018-05-22,0.8269,71444.16,USGS_gage_proxy
2018-05-23,1.0392,89786.87999999999,USGS_gage_proxy
2018-05-24,1.0817,93458.88,USGS_gage_proxy
2018-05-25,1.1808,102021.12000000001,USGS_gage_proxy
2018-05-26,1.5149,130887.35999999999,USGS_gage_proxy
2018-05-27,1.6933,146301.12,USGS_gage_proxy
2018-05-28,1.3847,119638.08,USGS_gage_proxy
2018-05-29,1.2006,103731.84,USGS_gage_proxy
2018-05-30,1.1327,97865.28,USGS_gage_proxy
2018-05-31,0.9826,84896.64,USGS_gage_proxy
2018-06-01,0.8014,69240.96,USGS_gage_proxy
2018-06-02,0.7391,63858.24,USGS_gage_proxy
2018-06-03,0.909,78537.6,USGS_gage_proxy
2018-06-04,0.9599,82935.36,USGS_gage_proxy
2018-06-05,1.7245,148996.8,USGS_gage_proxy
2018-06-06,1.5603,134809.92,USGS_gage_proxy
2018-06-07,1.464,126489.59999999999,USGS_gage_proxy
2018-06-08,1.5433,133341.12,USGS_gage_proxy
2018-06-09,1.3167,113762.88,USGS_gage_proxy
2018-06-10,1.0109,87341.76,USGS_gage_proxy
2018-06-11,0.9005,77803.2,USGS_gage_proxy
2018-06-12,0.773,66787.2,USGS_gage_proxy
2018-06-13,0.8693,75107.51999999999,USGS_gage_proxy
2018-06-14,0.7787,67279.68,USGS_gage_proxy
2018-06-15,0.7108,61413.119999999995,USGS_gage_proxy
2018-06-16,0.8155,70459.2,USGS_gage_proxy
2018-06-17,0.9798,84654.72,USGS_gage_proxy
2018-06-18,1.2573,108630.72,USGS_gage_proxy
2018-06-19,1.3564,117192.96,USGS_gage_proxy
2018-06-20,1.2629,109114.56,USGS_gage_proxy
2018-06-21,1.11,95904.00000000001,USGS_gage_proxy
2018-06-22,1.127,97372.8,USGS_gage_proxy
2018-06-23,1.3762,118903.68000000001,USGS_gage_proxy
2018-06-24,1.2629,109114.56,USGS_gage_proxy
2018-06-25,1.195,103248.0,USGS_gage_proxy
2018-06-26,1.2743,110099.52,USGS_gage_proxy
2018-06-27,1.2459,107645.76,USGS_gage_proxy
2018-06-28,1.1072,95662.08,USGS_gage_proxy
2018-06-29,0.9996,86365.44,USGS_gage_proxy
2018-06-30,0.8976,77552.64,USGS_gage_proxy
2018-07-01,1.0052,86849.28000000001,USGS_gage_proxy
2018-07-02,1.1978,103489.92,USGS_gage_proxy
2018-07-03,1.8434,159269.75999999998,USGS_gage_proxy
2018-07-04,1.917,165628.80000000002,USGS_gage_proxy
2018-07-05,1.8972,163918.08,USGS_gage_proxy
2018-07-06,1.934,167097.6,USGS_gage_proxy
2018-07-07,1.5574,134559.36,USGS_gage_proxy
2018-07-08,1.4725,127224.0,USGS_gage_proxy
2018-07-09,1.6933,146301.12,USGS_gage_proxy
2018-07-10,1.6395,141652.8,USGS_gage_proxy
2018-07-11,1.4385,124286.4,USGS_gage_proxy
2018-07-12,1.1185,96638.40000000001,USGS_gage_proxy
2018-07-13,1.0251,88568.63999999998,USGS_gage_proxy
2018-07-14,0.9458,81717.12,USGS_gage_proxy
2018-07-15,1.4838,128200.32,USGS_gage_proxy
2018-07-16,2.3022,198910.08000000002,USGS_gage_proxy
2018-07-17,1.5999,138231.36000000002,USGS_gage_proxy
2018-07-18,1.6905,146059.19999999998,USGS_gage_proxy
2018-07-19,1.4158,122325.12,USGS_gage_proxy
2018-07-20,1.3196,114013.44,USGS_gage_proxy
2018-07-21,1.2289,106176.96,USGS_gage_proxy
2018-07-22,1.11,95904.00000000001,USGS_gage_proxy
2018-07-23,1.0506,90771.84,USGS_gage_proxy
2018-07-24,1.0251,88568.63999999998,USGS_gage_proxy
2018-07-25,0.9684,83669.76000000001,USGS_gage_proxy
2018-07-26,0.8353,72169.92,USGS_gage_proxy
2018-07-27,1.0024,86607.36,USGS_gage_proxy
2018-07-28,1.1667,100802.88,USGS_gage_proxy
2018-07-29,1.3054,112786.56,USGS_gage_proxy
2018-07-30,1.4696,126973.44,USGS_gage_proxy
2018-07-31,2.2512,194503.68,USGS_gage_proxy
2018-08-01,2.6816,231690.24,USGS_gage_proxy
2018-08-02,2.523,217987.2,USGS_gage_proxy
2018-08-03,2.0501,177128.64,USGS_gage_proxy
2018-08-04,1.7273,149238.72,USGS_gage_proxy
2018-08-05,1.1751,101528.64,USGS_gage_proxy
2018-08-06,1.1298,97614.71999999999,USGS_gage_proxy
2018-08-07,1.059,91497.59999999999,USGS_gage_proxy
2018-08-08,1.0562,91255.68000000001,USGS_gage_proxy
2018-08-09,1.178,101779.2,USGS_gage_proxy
2018-08-10,2.86,247104.0,USGS_gage_proxy
2018-08-11,1.7698,152910.72,USGS_gage_proxy
2018-08-12,1.5688,135544.32,USGS_gage_proxy
2018-08-13,1.5461,133583.04,USGS_gage_proxy
2018-08-14,1.4357,124044.48,USGS_gage_proxy
2018-08-15,1.3139,113520.96,USGS_gage_proxy
2018-08-16,1.1638,100552.31999999999,USGS_gage_proxy
2018-08-17,1.2941,111810.24,USGS_gage_proxy
2018-08-18,1.4272,123310.08,USGS_gage_proxy
2018-08-19,1.447,125020.8,USGS_gage_proxy
2018-08-20,1.413,122083.2,USGS_gage_proxy
2018-08-21,1.6933,146301.12,USGS_gage_proxy
2018-08-22,2.0105,173707.19999999998,USGS_gage_proxy
2018-08-23,1.5942,137738.88,USGS_gage_proxy
2018-08-24,1.5489,133824.96,USGS_gage_proxy
2018-08-25,1.43,123552.0,USGS_gage_proxy
2018-08-26,1.3054,112786.56,USGS_gage_proxy
2018-08-27,1.3932,120372.48,USGS_gage_proxy
2018-08-28,1.447,125020.8,USGS_gage_proxy
2018-08-29,1.4951,129176.64000000001,USGS_gage_proxy
2018-08-30,1.7585,151934.4,USGS_gage_proxy
2018-08-31,1.6197,139942.08,USGS_gage_proxy
2018-09-01,1.2714,109848.96,USGS_gage_proxy
2018-09-02,1.4696,126973.44,USGS_gage_proxy
2018-09-03,1.7132,148020.48,USGS_gage_proxy
2018-09-04,6.6544,574940.16,USGS_gage_proxy
2018-09-05,2.2399,193527.36,USGS_gage_proxy
2018-09-06,5.2952,457505.28,USGS_gage_proxy
2018-09-07,3.9927,344969.28,USGS_gage_proxy
2018-09-08,4.7006,406131.83999999997,USGS_gage_proxy
2018-09-09,4.3042,371882.88,USGS_gage_proxy
2018-09-10,2.2342,193034.88,USGS_gage_proxy
2018-09-11,1.7018,147035.52,USGS_gage_proxy
2018-09-12,1.7132,148020.48,USGS_gage_proxy
2018-09-13,1.5772,136270.08,USGS_gage_proxy
2018-09-14,1.3564,117192.96,USGS_gage_proxy
2018-09-15,1.2941,111810.24,USGS_gage_proxy
2018-09-16,1.3422,115966.08,USGS_gage_proxy
2018-09-17,1.4923,128934.72,USGS_gage_proxy
2018-09-18,1.4838,128200.32,USGS_gage_proxy
2018-09-19,1.3535,116942.4,USGS_gage_proxy
2018-09-20,1.2629,109114.56,USGS_gage_proxy
2018-09-21,1.2771,110341.43999999999,USGS_gage_proxy
2018-09-22,1.3677,118169.28,USGS_gage_proxy
2018-09-23,1.5121,130645.44,USGS_gage_proxy
2018-09-24,1.5801,136520.64,USGS_gage_proxy
2018-09-25,1.648,142387.19999999998,USGS_gage_proxy
2018-09-26,1.4158,122325.12,USGS_gage_proxy
2018-09-27,1.481,127958.40000000001,USGS_gage_proxy
2018-09-28,1.5999,138231.36000000002,USGS_gage_proxy
2018-09-29,1.9708,170277.12,USGS_gage_proxy
2018-09-30,1.8604,160738.56,USGS_gage_proxy
2018-10-01,1.5263,131872.32,USGS_gage_proxy
2018-10-02,1.9086,164903.04,USGS_gage_proxy
2018-10-03,2.0643,178355.52,USGS_gage_proxy
2018-10-04,1.6254,140434.56,USGS_gage_proxy
2018-10-05,1.413,122083.2,USGS_gage_proxy
2018-10-06,1.3026,112544.64,USGS_gage_proxy
2018-10-07,9.5144,822044.16,USGS_gage_proxy
2018-10-08,6.0315,521121.60000000003,USGS_gage_proxy
2018-10-09,3.0865,266673.6,USGS_gage_proxy
2018-10-10,2.1209,183245.75999999998,USGS_gage_proxy
2018-10-11,1.8972,163918.08,USGS_gage_proxy
2018-10-12,1.8321,158293.44,USGS_gage_proxy
2018-10-13,2.6533,229245.12000000002,USGS_gage_proxy
2018-10-14,2.339,202089.6,USGS_gage_proxy
2018-10-15,2.0954,181042.56000000003,USGS_gage_proxy
2018-10-16,1.8519,160004.16,USGS_gage_proxy
2018-10-17,1.733,149731.2,USGS_gage_proxy
2018-10-18,1.8972,163918.08,USGS_gage_proxy
2018-10-19,2.0445,176644.80000000002,USGS_gage_proxy
2018-10-20,2.2285,192542.4,USGS_gage_proxy
2018-10-21,2.339,202089.6,USGS_gage_proxy
2018-10-22,2.0983,181293.12,USGS_gage_proxy
2018-10-23,2.0275,175176.0,USGS_gage_proxy
2018-10-24,6.1447,530902.0800000001,USGS_gage_proxy
2018-10-25,5.3236,459959.04,USGS_gage_proxy
2018-10-26,5.097,440380.80000000005,USGS_gage_proxy
2018-10-27,3.1432,271572.48000000004,USGS_gage_proxy
2018-10-28,2.3814,205752.96000000002,USGS_gage_proxy
2018-10-29,2.1861,188879.04,USGS_gage_proxy
2018-10-30,2.0785,179582.4,USGS_gage_proxy
2018-10-31,2.1181,183003.84,USGS_gage_proxy
2018-11-01,2.1889,189120.96,USGS_gage_proxy
2018-11-02,2.0869,180308.16,USGS_gage_proxy
2018-11-03,2.1124,182511.36000000002,USGS_gage_proxy
2018-11-04,2.0105,173707.19999999998,USGS_gage_proxy
2018-11-05,1.968,170035.2,USGS_gage_proxy
2018-11-06,1.9878,171745.92,USGS_gage_proxy
2018-11-07,2.809,242697.6,USGS_gage_proxy
2018-11-08,3.2847,283798.08,USGS_gage_proxy
2018-11-09,3.1432,271572.48000000004,USGS_gage_proxy
2018-11-10,2.86,247104.0,USGS_gage_proxy
2018-11-11,2.86,247104.0,USGS_gage_proxy
2018-11-12,2.826,244166.4,USGS_gage_proxy
2018-11-13,2.9449,254439.36000000002,USGS_gage_proxy
2018-11-14,3.1432,271572.48000000004,USGS_gage_proxy
2018-11-15,3.1998,276462.72000000003,USGS_gage_proxy
2018-11-16,2.4607,212604.48,USGS_gage_proxy
2018-11-17,2.002,172972.8,USGS_gage_proxy
2018-11-18,1.9001,164168.63999999998,USGS_gage_proxy
2018-11-19,1.8859,162941.75999999998,USGS_gage_proxy
2018-11-20,1.8293,158051.52,USGS_gage_proxy
2018-11-21,1.8576,160496.63999999998,USGS_gage_proxy
2018-11-22,1.8604,160738.56,USGS_gage_proxy
2018-11-23,1.9624,169551.36,USGS_gage_proxy
2018-11-24,1.9935,172238.4,USGS_gage_proxy
2018-11-25,1.9624,169551.36,USGS_gage_proxy
2018-11-26,1.784,154137.6,USGS_gage_proxy
2018-11-27,1.6424,141903.36000000002,USGS_gage_proxy
2018-11-28,1.7471,150949.44,USGS_gage_proxy
2018-11-29,1.7925,154872.0,USGS_gage_proxy
2018-11-30,1.7075,147528.0,USGS_gage_proxy
2018-12-01,1.7528,151441.91999999998,USGS_gage_proxy
2018-12-02,1.7726,153152.63999999998,USGS_gage_proxy
2018-12-03,1.7188,148504.32,USGS_gage_proxy
2018-12-04,1.6141,139458.24000000002,USGS_gage_proxy
2018-12-05,1.7188,148504.32,USGS_gage_proxy
2018-12-06,1.665,143856.0,USGS_gage_proxy
2018-12-07,1.7245,148996.8,USGS_gage_proxy
2018-12-08,1.8717,161714.88,USGS_gage_proxy
2018-12-09,2.0785,179582.4,USGS_gage_proxy
2018-12-10,2.1351,184472.64,USGS_gage_proxy
2018-12-11,2.0671,178597.44,USGS_gage_proxy
2018-12-12,1.9284,166613.75999999998,USGS_gage_proxy
2018-12-13,1.9793,171011.52000000002,USGS_gage_proxy
2018-12-14,2.0303,175417.92,USGS_gage_proxy
2018-12-15,2.0077,173465.27999999997,USGS_gage_proxy
2018-12-16,1.9057,164652.47999999998,USGS_gage_proxy
2018-12-17,1.8604,160738.56,USGS_gage_proxy
2018-12-18,1.9086,164903.04,USGS_gage_proxy
2018-12-19,1.934,167097.6,USGS_gage_proxy
2018-12-20,1.9284,166613.75999999998,USGS_gage_proxy
2018-12-21,1.8802,162449.28,USGS_gage_proxy
2018-12-22,1.8179,157066.56,USGS_gage_proxy
2018-12-23,1.767,152668.8,USGS_gage_proxy
2018-12-24,1.5857,137004.48,USGS_gage_proxy
2018-12-25,1.5461,133583.04,USGS_gage_proxy
2018-12-26,1.8066,156090.24,USGS_gage_proxy
2018-12-27,1.9114,165144.96,USGS_gage_proxy
2018-12-28,1.9001,164168.63999999998,USGS_gage_proxy
2018-12-29,1.9057,164652.47999999998,USGS_gage_proxy
2018-12-30,1.7755,153403.2,USGS_gage_proxy
2018-12-31,1.7698,152910.72,USGS_gage_proxy
2019-01-01,1.7698,152910.72,USGS_gage_proxy
2019-01-02,1.7613,152176.32,USGS_gage_proxy
2019-01-03,1.6877,145817.28,USGS_gage_proxy
2019-01-04,1.7698,152910.72,USGS_gage_proxy
2019-01-05,1.8349,158535.36,USGS_gage_proxy
2019-01-06,1.8632,160980.48,USGS_gage_proxy
2019-01-07,1.8519,160004.16,USGS_gage_proxy
2019-01-08,1.8434,159269.75999999998,USGS_gage_proxy
2019-01-09,1.8321,158293.44,USGS_gage_proxy
2019-01-10,1.7953,155113.91999999998,USGS_gage_proxy
2019-01-11,1.7981,155355.84,USGS_gage_proxy
2019-01-12,1.8123,156582.72,USGS_gage_proxy
2019-01-13,1.8094,156332.16,USGS_gage_proxy
2019-01-14,1.7528,151441.91999999998,USGS_gage_proxy
2019-01-15,1.7273,149238.72,USGS_gage_proxy
2019-01-16,1.75,151200.0,USGS_gage_proxy
2019-01-17,1.6112,139207.68,USGS_gage_proxy
2019-01-18,1.5461,133583.04,USGS_gage_proxy
2019-01-19,1.3819,119396.15999999999,USGS_gage_proxy
2019-01-20,1.6197,139942.08,USGS_gage_proxy
2019-01-21,1.6877,145817.28,USGS_gage_proxy
2019-01-22,1.6339,141168.96,USGS_gage_proxy
2019-01-23,1.5886,137255.04,USGS_gage_proxy
2019-01-24,1.5433,133341.12,USGS_gage_proxy
2019-01-25,1.413,122083.2,USGS_gage_proxy
2019-01-26,1.5234,131621.76,USGS_gage_proxy
2019-01-27,1.6565,143121.6,USGS_gage_proxy
2019-01-28,1.7613,152176.32,USGS_gage_proxy
2019-01-29,1.6452,142145.28,USGS_gage_proxy
2019-01-30,1.464,126489.59999999999,USGS_gage_proxy
2019-01-31,1.5263,131872.32,USGS_gage_proxy
2019-02-01,1.6933,146301.12,USGS_gage_proxy
2019-02-02,1.7585,151934.4,USGS_gage_proxy
2019-02-03,1.7047,147286.08000000002,USGS_gage_proxy
2019-02-04,1.5178,131137.92,USGS_gage_proxy
2019-02-05,1.4583,125997.12,USGS_gage_proxy
2019-02-06,1.4498,125262.72,USGS_gage_proxy
2019-02-07,1.4328,123793.92000000001,USGS_gage_proxy
2019-02-08,1.498,129427.2,USGS_gage_proxy
2019-02-09,1.4527,125513.28000000001,USGS_gage_proxy
2019-02-10,1.3705,118411.20000000001,USGS_gage_proxy
2019-02-11,1.1893,102755.52,USGS_gage_proxy
2019-02-12,1.1865,102513.6,USGS_gage_proxy
2019-02-13,1.5461,133583.04,USGS_gage_proxy
2019-02-14,1.5914,137496.96,USGS_gage_proxy
2019-02-15,1.5348,132606.72,USGS_gage_proxy
2019-02-16,1.4073,121590.72,USGS_gage_proxy
2019-02-17,1.362,117676.8,USGS_gage_proxy
2019-02-18,1.3309,114989.76,USGS_gage_proxy
2019-02-19,1.4357,124044.48,USGS_gage_proxy
2019-02-20,1.3649,117927.36,USGS_gage_proxy
2019-02-21,1.3252,114497.28,USGS_gage_proxy
2019-02-22,1.4895,128692.8,USGS_gage_proxy
2019-02-23,1.5857,137004.48,USGS_gage_proxy
2019-02-24,1.4017,121106.87999999999,USGS_gage_proxy
2019-02-25,1.3422,115966.08,USGS_gage_proxy
2019-02-26,1.3875,119880.0,USGS_gage_proxy
2019-02-27,1.3677,118169.28,USGS_gage_proxy
2019-02-28,1.1836,102263.04,USGS_gage_proxy
2019-03-01,1.2969,112052.15999999999,USGS_gage_proxy
2019-03-02,1.4272,123310.08,USGS_gage_proxy
2019-03-03,1.4102,121841.27999999998,USGS_gage_proxy
2019-03-04,1.3734,118661.76,USGS_gage_proxy
2019-03-05,1.1553,99817.92,USGS_gage_proxy
2019-03-06,1.1044,95420.16,USGS_gage_proxy
2019-03-07,1.2289,106176.96,USGS_gage_proxy
2019-03-08,1.4187,122575.68000000001,USGS_gage_proxy
2019-03-09,1.4102,121841.27999999998,USGS_gage_proxy
2019-03-10,1.212,104716.8,USGS_gage_proxy
2019-03-11,1.4272,123310.08,USGS_gage_proxy
2019-03-12,1.968,170035.2,USGS_gage_proxy
2019-03-13,2.0643,178355.52,USGS_gage_proxy
2019-03-14,1.6424,141903.36000000002,USGS_gage_proxy
2019-03-15,2.2738,196456.32,USGS_gage_proxy
2019-03-16,1.7075,147528.0,USGS_gage_proxy
2019-03-17,1.161,100310.40000000001,USGS_gage_proxy
2019-03-18,0.9883,85389.12,USGS_gage_proxy
2019-03-19,1.1808,102021.12000000001,USGS_gage_proxy
2019-03-20,1.2969,112052.15999999999,USGS_gage_proxy
2019-03-21,1.2091,104466.24,USGS_gage_proxy
2019-03-22,0.9826,84896.64,USGS_gage_proxy
2019-03-23,0.9996,86365.44,USGS_gage_proxy
2019-03-24,1.1525,99576.0,USGS_gage_proxy
2019-03-25,1.2743,110099.52,USGS_gage_proxy
2019-03-26,1.0619,91748.16,USGS_gage_proxy
2019-03-27,0.8693,75107.51999999999,USGS_gage_proxy
2019-03-28,1.11,95904.00000000001,USGS_gage_proxy
2019-03-29,1.2205,105451.2,USGS_gage_proxy
2019-03-30,1.1893,102755.52,USGS_gage_proxy
2019-03-31,1.0364,89544.95999999999,USGS_gage_proxy
2019-04-01,0.8835,76334.4,USGS_gage_proxy
2019-04-02,0.7391,63858.24,USGS_gage_proxy
2019-04-03,1.0619,91748.16,USGS_gage_proxy
2019-04-04,1.3196,114013.44,USGS_gage_proxy
2019-04-05,1.3026,112544.64,USGS_gage_proxy
2019-04-06,1.11,95904.00000000001,USGS_gage_proxy
2019-04-07,1.0194,88076.16,USGS_gage_proxy
2019-04-08,1.1185,96638.40000000001,USGS_gage_proxy
2019-04-09,1.1497,99334.08,USGS_gage_proxy
2019-04-10,1.1836,102263.04,USGS_gage_proxy
2019-04-11,1.3677,118169.28,USGS_gage_proxy
2019-04-12,1.5348,132606.72,USGS_gage_proxy
2019-04-13,1.3988,120856.32,USGS_gage_proxy
2019-04-14,1.4611,126239.04000000001,USGS_gage_proxy
2019-04-15,1.648,142387.19999999998,USGS_gage_proxy
2019-04-16,2.2285,192542.4,USGS_gage_proxy
2019-04-17,1.9737,170527.68,USGS_gage_proxy
2019-04-18,1.6112,139207.68,USGS_gage_proxy
2019-04-19,1.6679,144106.56,USGS_gage_proxy
2019-04-20,1.6056,138723.84,USGS_gage_proxy
2019-04-21,1.7188,148504.32,USGS_gage_proxy
2019-04-22,2.0162,174199.68,USGS_gage_proxy
2019-04-23,6.796,587174.4,USGS_gage_proxy
2019-04-24,5.0404,435490.56,USGS_gage_proxy
2019-04-25,3.5679,308266.56,USGS_gage_proxy
2019-04-26,2.9166,251994.24,USGS_gage_proxy
2019-04-27,2.339,202089.6,USGS_gage_proxy
2019-04-28,2.07,178848.0,USGS_gage_proxy
2019-04-29,2.0643,178355.52,USGS_gage_proxy
2019-04-30,2.288,197683.19999999998,USGS_gage_proxy
2019-05-01,2.3276,201104.63999999998,USGS_gage_proxy
2019-05-02,2.2087,190831.68,USGS_gage_proxy
2019-05-03,2.053,177379.19999999998,USGS_gage_proxy
2019-05-04,1.8378,158785.92,USGS_gage_proxy
2019-05-05,1.733,149731.2,USGS_gage_proxy
2019-05-06,1.6792,145082.88,USGS_gage_proxy
2019-05-07,1.6197,139942.08,USGS_gage_proxy
2019-05-08,1.464,126489.59999999999,USGS_gage_proxy
2019-05-09,1.9822,171262.08,USGS_gage_proxy
2019-05-10,1.6962,146551.68,USGS_gage_proxy
2019-05-11,1.8406,159027.84,USGS_gage_proxy
2019-05-12,2.1492,185690.88,USGS_gage_proxy
2019-05-13,1.9595,169300.8,USGS_gage_proxy
2019-05-14,1.5404,133090.56,USGS_gage_proxy
2019-05-15,1.4328,123793.92000000001,USGS_gage_proxy
2019-05-16,1.3649,117927.36,USGS_gage_proxy
2019-05-17,1.3422,115966.08,USGS_gage_proxy
2019-05-18,1.161,100310.40000000001,USGS_gage_proxy
2019-05-19,1.2601,108872.64,USGS_gage_proxy
2019-05-20,1.3281,114747.84000000001,USGS_gage_proxy
2019-05-21,1.3054,112786.56,USGS_gage_proxy
2019-05-22,1.2516,108138.24,USGS_gage_proxy
2019-05-23,1.4555,125755.2,USGS_gage_proxy
2019-05-24,1.2488,107896.31999999999,USGS_gage_proxy
2019-05-25,1.1667,100802.88,USGS_gage_proxy
2019-05-26,1.2289,106176.96,USGS_gage_proxy
2019-05-27,1.2573,108630.72,USGS_gage_proxy
2019-05-28,1.1242,97130.88,USGS_gage_proxy
2019-05-29,1.2318,106427.52,USGS_gage_proxy
2019-05-30,1.1044,95420.16,USGS_gage_proxy
2019-05-31,0.9968,86123.52,USGS_gage_proxy
2019-06-01,1.2658,109365.12000000001,USGS_gage_proxy
2019-06-02,24.0976,2082032.64,USGS_gage_proxy
2019-06-03,7.9853,689929.9199999999,USGS_gage_proxy
2019-06-04,4.2192,364538.88,USGS_gage_proxy
2019-06-05,3.4546,298477.44,USGS_gage_proxy
2019-06-06,2.608,225331.2,USGS_gage_proxy
2019-06-07,2.6674,230463.36000000002,USGS_gage_proxy
2019-06-08,2.4381,210651.84,USGS_gage_proxy
2019-06-09,1.934,167097.6,USGS_gage_proxy
2019-06-10,1.7387,150223.68,USGS_gage_proxy
2019-06-11,1.6452,142145.28,USGS_gage_proxy
2019-06-12,1.5291,132114.24,USGS_gage_proxy
2019-06-13,1.631,140918.4,USGS_gage_proxy
2019-06-14,1.5291,132114.24,USGS_gage_proxy
2019-06-15,1.464,126489.59999999999,USGS_gage_proxy
2019-06-16,1.5942,137738.88,USGS_gage_proxy
2019-06-17,1.9029,164410.56,USGS_gage_proxy
2019-06-18,1.8548,160254.72,USGS_gage_proxy
2019-06-19,1.3111,113279.04,USGS_gage_proxy
2019-06-20,1.2714,109848.96,USGS_gage_proxy
2019-06-21,1.2233,105693.12000000001,USGS_gage_proxy
2019-06-22,1.0732,92724.48,USGS_gage_proxy
2019-06-23,0.8637,74623.68000000001,USGS_gage_proxy
2019-06-24,0.8099,69975.36,USGS_gage_proxy
2019-06-25,0.7674,66303.36,USGS_gage_proxy
2019-06-26,1.3819,119396.15999999999,USGS_gage_proxy
2019-06-27,1.6679,144106.56,USGS_gage_proxy
2019-06-28,1.5772,136270.08,USGS_gage_proxy
2019-06-29,1.3422,115966.08,USGS_gage_proxy
2019-06-30,1.5546,134317.44,USGS_gage_proxy
2019-07-01,1.699,146793.6,USGS_gage_proxy
2019-07-02,1.4866,128442.23999999999,USGS_gage_proxy
2019-07-03,1.1865,102513.6,USGS_gage_proxy
2019-07-04,0.9514,82200.96,USGS_gage_proxy
2019-07-05,1.0874,93951.35999999999,USGS_gage_proxy
2019-07-06,2.1096,182269.44,USGS_gage_proxy
2019-07-07,2.3191,200370.24000000002,USGS_gage_proxy
2019-07-08,2.3786,205511.04,USGS_gage_proxy
2019-07-09,2.2937,198175.68,USGS_gage_proxy
2019-07-10,1.8151,156824.63999999998,USGS_gage_proxy
2019-07-11,1.6509,142637.76,USGS_gage_proxy
2019-07-12,1.7613,152176.32,USGS_gage_proxy
2019-07-13,1.8463,159520.32,USGS_gage_proxy
2019-07-14,2.0841,180066.24,USGS_gage_proxy
2019-07-15,2.2625,195480.00000000003,USGS_gage_proxy
2019-07-16,2.0416,176394.24,USGS_gage_proxy
2019-07-17,1.631,140918.4,USGS_gage_proxy
2019-07-18,1.4923,128934.72,USGS_gage_proxy
2019-07-19,1.4017,121106.87999999999,USGS_gage_proxy
2019-07-20,1.3054,112786.56,USGS_gage_proxy
2019-07-21,1.1836,102263.04,USGS_gage_proxy
2019-07-22,2.3078,199393.91999999998,USGS_gage_proxy
2019-07-23,3.1148,269118.72,USGS_gage_proxy
2019-07-24,4.8988,423256.31999999995,USGS_gage_proxy
2019-07-25,4.1343,357203.51999999996,USGS_gage_proxy
2019-07-26,2.6646,230221.44,USGS_gage_proxy
2019-07-27,1.9057,164652.47999999998,USGS_gage_proxy
2019-07-28,1.5319,132356.16,USGS_gage_proxy
2019-07-29,1.6112,139207.68,USGS_gage_proxy
2019-07-30,1.4498,125262.72,USGS_gage_proxy
2019-07-31,1.3677,118169.28,USGS_gage_proxy
2019-08-01,1.3111,113279.04,USGS_gage_proxy
2019-08-02,1.5603,134809.92,USGS_gage_proxy
2019-08-03,1.5914,137496.96,USGS_gage_proxy
2019-08-04,1.3847,119638.08,USGS_gage_proxy
2019-08-05,1.8264,157800.96,USGS_gage_proxy
2019-08-06,2.3843,206003.52000000002,USGS_gage_proxy
2019-08-07,1.6169,139700.16,USGS_gage_proxy
2019-08-08,1.3734,118661.76,USGS_gage_proxy
2019-08-09,1.362,117676.8,USGS_gage_proxy
2019-08-10,1.3649,117927.36,USGS_gage_proxy
2019-08-11,1.5036,129911.04000000001,USGS_gage_proxy
2019-08-12,1.5093,130403.52,USGS_gage_proxy
2019-08-13,1.4527,125513.28000000001,USGS_gage_proxy
2019-08-14,1.5348,132606.72,USGS_gage_proxy
2019-08-15,1.4668,126731.52,USGS_gage_proxy
2019-08-16,1.3734,118661.76,USGS_gage_proxy
2019-08-17,1.5999,138231.36000000002,USGS_gage_proxy
2019-08-18,1.5008,129669.12,USGS_gage_proxy
2019-08-19,1.5659,135293.76,USGS_gage_proxy
2019-08-20,1.7896,154621.44,USGS_gage_proxy
2019-08-21,1.5999,138231.36000000002,USGS_gage_proxy
2019-08-22,1.5404,133090.56,USGS_gage_proxy
2019-08-23,1.2091,104466.24,USGS_gage_proxy
2019-08-24,1.3422,115966.08,USGS_gage_proxy
2019-08-25,1.5178,131137.92,USGS_gage_proxy
2019-08-26,1.5716,135786.24000000002,USGS_gage_proxy
2019-08-27,1.6056,138723.84,USGS_gage_proxy
2019-08-28,1.4668,126731.52,USGS_gage_proxy
2019-08-29,1.6056,138723.84,USGS_gage_proxy
2019-08-30,1.6395,141652.8,USGS_gage_proxy
2019-08-31,1.5942,137738.88,USGS_gage_proxy
2019-09-01,1.5886,137255.04,USGS_gage_proxy
2019-09-02,1.5829,136762.56,USGS_gage_proxy
2019-09-03,1.5404,133090.56,USGS_gage_proxy
2019-09-04,1.6254,140434.56,USGS_gage_proxy
2019-09-05,1.498,129427.2,USGS_gage_proxy
2019-09-06,1.5263,131872.32,USGS_gage_proxy
2019-09-07,1.5404,133090.56,USGS_gage_proxy
2019-09-08,1.3847,119638.08,USGS_gage_proxy
2019-09-09,1.3705,118411.20000000001,USGS_gage_proxy
2019-09-10,1.1723,101286.71999999999,USGS_gage_proxy
2019-09-11,1.195,103248.0,USGS_gage_proxy
2019-09-12,1.9963,172480.32,USGS_gage_proxy
2019-09-13,2.3871,206245.44000000003,USGS_gage_proxy
2019-09-14,1.8123,156582.72,USGS_gage_proxy
2019-09-15,1.5149,130887.35999999999,USGS_gage_proxy
2019-09-16,1.345,116208.0,USGS_gage_proxy
2019-09-17,1.2629,109114.56,USGS_gage_proxy
2019-09-18,1.3904,120130.56000000001,USGS_gage_proxy
2019-09-19,1.3535,116942.4,USGS_gage_proxy
2019-09-20,1.4696,126973.44,USGS_gage_proxy
2019-09-21,1.6197,139942.08,USGS_gage_proxy
2019-09-22,1.7811,153887.03999999998,USGS_gage_proxy
2019-09-23,2.8883,249549.12,USGS_gage_proxy
2019-09-24,3.0299,261783.36000000002,USGS_gage_proxy
2019-09-25,2.4211,209183.04,USGS_gage_proxy
2019-09-26,1.9255,166363.2,USGS_gage_proxy
2019-09-27,1.682,145324.8,USGS_gage_proxy
2019-09-28,2.1436,185207.04,USGS_gage_proxy
2019-09-29,1.9992,172730.88,USGS_gage_proxy
2019-09-30,1.7811,153887.03999999998,USGS_gage_proxy
2019-10-01,3.1998,276462.72000000003,USGS_gage_proxy
2019-10-02,4.7006,406131.83999999997,USGS_gage_proxy
2019-10-03,4.5873,396342.72,USGS_gage_proxy
2019-10-04,2.9166,251994.24,USGS_gage_proxy
2019-10-05,2.2653,195721.91999999998,USGS_gage_proxy
2019-10-06,2.0303,175417.92,USGS_gage_proxy
2019-10-07,1.9369,167348.16,USGS_gage_proxy
2019-10-08,1.8774,162207.36,USGS_gage_proxy
2019-10-09,1.8236,157559.04,USGS_gage_proxy
2019-10-10,1.75,151200.0,USGS_gage_proxy
2019-10-11,1.6056,138723.84,USGS_gage_proxy
2019-10-12,1.5291,132114.24,USGS_gage_proxy
2019-10-13,1.631,140918.4,USGS_gage_proxy
2019-10-14,1.5433,133341.12,USGS_gage_proxy
2019-10-15,1.5376,132848.64,USGS_gage_proxy
2019-10-16,1.6282,140676.48,USGS_gage_proxy
2019-10-17,1.5716,135786.24000000002,USGS_gage_proxy
2019-10-18,1.5376,132848.64,USGS_gage_proxy
2019-10-19,1.5574,134559.36,USGS_gage_proxy
2019-10-20,1.631,140918.4,USGS_gage_proxy
2019-10-21,1.6056,138723.84,USGS_gage_proxy
2019-10-22,1.9199,165879.36,USGS_gage_proxy
2019-10-23,1.8321,158293.44,USGS_gage_proxy
2019-10-24,1.7783,153645.12,USGS_gage_proxy
2019-10-25,1.934,167097.6,USGS_gage_proxy
2019-10-26,1.9284,166613.75999999998,USGS_gage_proxy
2019-10-27,2.271,196214.4,USGS_gage_proxy
2019-10-28,2.5655,221659.2,USGS_gage_proxy
2019-10-29,2.5202,217745.28,USGS_gage_proxy
2019-10-30,1.9992,172730.88,USGS_gage_proxy
2019-10-31,1.6112,139207.68,USGS_gage_proxy
2019-11-01,2.2625,195480.00000000003,USGS_gage_proxy
2019-11-02,2.7807,240252.47999999998,USGS_gage_proxy
2019-11-03,2.86,247104.0,USGS_gage_proxy
2019-11-04,2.6278,227041.92,USGS_gage_proxy
2019-11-05,2.0303,175417.92,USGS_gage_proxy
2019-11-06,1.6622,143614.08,USGS_gage_proxy
2019-11-07,1.784,154137.6,USGS_gage_proxy
2019-11-08,1.8661,161231.04,USGS_gage_proxy
2019-11-09,1.7783,153645.12,USGS_gage_proxy
2019-11-10,1.8406,159027.84,USGS_gage_proxy
2019-11-11,1.7755,153403.2,USGS_gage_proxy
2019-11-12,1.7387,150223.68,USGS_gage_proxy
2019-11-13,1.665,143856.0,USGS_gage_proxy
2019-11-14,1.6282,140676.48,USGS_gage_proxy
2019-11-15,1.6339,141168.96,USGS_gage_proxy
2019-11-16,1.6764,144840.96,USGS_gage_proxy
2019-11-17,1.7132,148020.48,USGS_gage_proxy
2019-11-18,1.6933,146301.12,USGS_gage_proxy
2019-11-19,1.6679,144106.56,USGS_gage_proxy
2019-11-20,1.6735,144590.4,USGS_gage_proxy
2019-11-21,1.7018,147035.52,USGS_gage_proxy
2019-11-22,1.7387,150223.68,USGS_gage_proxy
2019-11-23,1.784,154137.6,USGS_gage_proxy
2019-11-24,1.8434,159269.75999999998,USGS_gage_proxy
2019-11-25,1.7698,152910.72,USGS_gage_proxy
2019-11-26,1.733,149731.2,USGS_gage_proxy
2019-11-27,1.6848,145566.72,USGS_gage_proxy
2019-11-28,1.8717,161714.88,USGS_gage_proxy
2019-11-29,1.8349,158535.36,USGS_gage_proxy
2019-11-30,1.9963,172480.32,USGS_gage_proxy
2019-12-01,1.8831,162699.84,USGS_gage_proxy
2019-12-02,1.8123,156582.72,USGS_gage_proxy
2019-12-03,1.7358,149973.12,USGS_gage_proxy
2019-12-04,1.767,152668.8,USGS_gage_proxy
2019-12-05,1.8378,158785.92,USGS_gage_proxy
2019-12-06,1.8264,157800.96,USGS_gage_proxy
2019-12-07,1.7953,155113.91999999998,USGS_gage_proxy
2019-12-08,1.7415,150465.6,USGS_gage_proxy
2019-12-09,1.7302,149489.28,USGS_gage_proxy
2019-12-10,1.767,152668.8,USGS_gage_proxy
2019-12-11,1.7387,150223.68,USGS_gage_proxy
2019-12-12,1.8151,156824.63999999998,USGS_gage_proxy
2019-12-13,1.8009,155597.76,USGS_gage_proxy
2019-12-14,1.7755,153403.2,USGS_gage_proxy
2019-12-15,1.7896,154621.44,USGS_gage_proxy
2019-12-16,1.6509,142637.76,USGS_gage_proxy
2019-12-17,1.4158,122325.12,USGS_gage_proxy
2019-12-18,1.5404,133090.56,USGS_gage_proxy
2019-12-19,1.5574,134559.36,USGS_gage_proxy
2019-12-20,1.4328,123793.92000000001,USGS_gage_proxy
2019-12-21,1.6141,139458.24000000002,USGS_gage_proxy
2019-12-22,1.6735,144590.4,USGS_gage_proxy
2019-12-23,1.7047,147286.08000000002,USGS_gage_proxy
2019-12-24,1.7387,150223.68,USGS_gage_proxy
2019-12-25,1.7896,154621.44,USGS_gage_proxy
2019-12-26,1.7953,155113.91999999998,USGS_gage_proxy
2019-12-27,1.8038,155848.32,USGS_gage_proxy
2019-12-28,1.7925,154872.0,USGS_gage_proxy
2019-12-29,1.7075,147528.0,USGS_gage_proxy
2019-12-30,1.5999,138231.36000000002,USGS_gage_proxy
2019-12-31,1.5376,132848.64,USGS_gage_proxy
2020-01-01,1.4272,123310.08,USGS_gage_proxy
2020-01-02,1.4781,127707.84,USGS_gage_proxy
2020-01-03,1.5857,137004.48,USGS_gage_proxy
2020-01-04,1.7981,155355.84,USGS_gage_proxy
2020-01-05,2.4041,207714.24000000002,USGS_gage_proxy
2020-01-06,2.6844,231932.16,USGS_gage_proxy
2020-01-07,2.5315,218721.59999999998,USGS_gage_proxy
2020-01-08,2.2455,194011.19999999998,USGS_gage_proxy
2020-01-09,2.86,247104.0,USGS_gage_proxy
2020-01-10,3.483,300931.2,USGS_gage_proxy
2020-01-11,3.3414,288696.96,USGS_gage_proxy
2020-01-12,2.86,247104.0,USGS_gage_proxy
2020-01-13,2.506,216518.4,USGS_gage_proxy
2020-01-14,2.3729,205018.56,USGS_gage_proxy
2020-01-15,2.356,203558.4,USGS_gage_proxy
2020-01-16,2.2087,190831.68,USGS_gage_proxy
2020-01-17,2.0048,173214.72,USGS_gage_proxy
2020-01-18,2.1124,182511.36000000002,USGS_gage_proxy
2020-01-19,2.2908,197925.12,USGS_gage_proxy
2020-01-20,2.1266,183738.24,USGS_gage_proxy
2020-01-21,1.9482,168324.47999999998,USGS_gage_proxy
2020-01-22,2.0615,178113.6,USGS_gage_proxy
2020-01-23,2.2172,191566.08000000002,USGS_gage_proxy
2020-01-24,2.0728,179089.91999999998,USGS_gage_proxy
2020-01-25,1.9992,172730.88,USGS_gage_proxy
2020-01-26,2.2087,190831.68,USGS_gage_proxy
2020-01-27,2.254,194745.6,USGS_gage_proxy
2020-01-28,2.2427,193769.28,USGS_gage_proxy
2020-01-29,2.1606,186675.84,USGS_gage_proxy
2020-01-30,1.7981,155355.84,USGS_gage_proxy
2020-01-31,1.6962,146551.68,USGS_gage_proxy
2020-02-01,1.9624,169551.36,USGS_gage_proxy
2020-02-02,1.968,170035.2,USGS_gage_proxy
2020-02-03,1.7273,149238.72,USGS_gage_proxy
2020-02-04,1.7415,150465.6,USGS_gage_proxy
2020-02-05,2.0841,180066.24,USGS_gage_proxy
2020-02-06,2.2484,194261.76,USGS_gage_proxy
2020-02-07,2.1096,182269.44,USGS_gage_proxy
2020-02-08,2.002,172972.8,USGS_gage_proxy
2020-02-09,1.9114,165144.96,USGS_gage_proxy
2020-02-10,1.6933,146301.12,USGS_gage_proxy
2020-02-11,1.6877,145817.28,USGS_gage_proxy
2020-02-12,1.7245,148996.8,USGS_gage_proxy
2020-02-13,1.8208,157317.12,USGS_gage_proxy
2020-02-14,2.0105,173707.19999999998,USGS_gage_proxy
2020-02-15,2.002,172972.8,USGS_gage_proxy
2020-02-16,2.0048,173214.72,USGS_gage_proxy
2020-02-17,2.07,178848.0,USGS_gage_proxy
2020-02-18,1.9284,166613.75999999998,USGS_gage_proxy
2020-02-19,1.8463,159520.32,USGS_gage_proxy
2020-02-20,1.7528,151441.91999999998,USGS_gage_proxy
2020-02-21,1.7641,152418.24,USGS_gage_proxy
2020-02-22,1.6905,146059.19999999998,USGS_gage_proxy
2020-02-23,1.767,152668.8,USGS_gage_proxy
2020-02-24,1.8859,162941.75999999998,USGS_gage_proxy
2020-02-25,1.9001,164168.63999999998,USGS_gage_proxy
2020-02-26,1.6792,145082.88,USGS_gage_proxy
2020-02-27,1.4357,124044.48,USGS_gage_proxy
2020-02-28,1.3875,119880.0,USGS_gage_proxy
2020-02-29,1.6594,143372.16,USGS_gage_proxy
2020-03-01,1.5319,132356.16,USGS_gage_proxy
2020-03-02,1.6594,143372.16,USGS_gage_proxy
2020-03-03,1.4611,126239.04000000001,USGS_gage_proxy
2020-03-04,1.8972,163918.08,USGS_gage_proxy
2020-03-05,2.4154,208690.56,USGS_gage_proxy
2020-03-06,2.7297,235846.08,USGS_gage_proxy
2020-03-07,2.2682,195972.48,USGS_gage_proxy
2020-03-08,1.8321,158293.44,USGS_gage_proxy
2020-03-09,1.8066,156090.24,USGS_gage_proxy
2020-03-10,1.8293,158051.52,USGS_gage_proxy
2020-03-11,1.7925,154872.0,USGS_gage_proxy
2020-03-12,1.8151,156824.63999999998,USGS_gage_proxy
2020-03-13,1.9057,164652.47999999998,USGS_gage_proxy
2020-03-14,2.5598,221166.72,USGS_gage_proxy
2020-03-15,2.0558,177621.12,USGS_gage_proxy
2020-03-16,1.9454,168082.56,USGS_gage_proxy
2020-03-17,1.9454,168082.56,USGS_gage_proxy
2020-03-18,2.0615,178113.6,USGS_gage_proxy
2020-03-19,1.9822,171262.08,USGS_gage_proxy
2020-03-20,1.9142,165386.88,USGS_gage_proxy
2020-03-21,1.8094,156332.16,USGS_gage_proxy
2020-03-22,1.9454,168082.56,USGS_gage_proxy
2020-03-23,2.4239,209424.96000000002,USGS_gage_proxy
2020-03-24,2.2823,197190.72000000003,USGS_gage_proxy
2020-03-25,2.0048,173214.72,USGS_gage_proxy
2020-03-26,1.6848,145566.72,USGS_gage_proxy
2020-03-27,1.5065,130161.59999999999,USGS_gage_proxy
2020-03-28,1.3366,115482.24,USGS_gage_proxy
2020-03-29,1.1525,99576.0,USGS_gage_proxy
2020-03-30,1.2997,112294.08,USGS_gage_proxy
2020-03-31,1.2601,108872.64,USGS_gage_proxy
2020-04-01,1.2035,103982.4,USGS_gage_proxy
2020-04-02,1.2629,109114.56,USGS_gage_proxy
2020-04-03,1.3904,120130.56000000001,USGS_gage_proxy
2020-04-04,1.3309,114989.76,USGS_gage_proxy
2020-04-05,1.345,116208.0,USGS_gage_proxy
2020-04-06,1.4187,122575.68000000001,USGS_gage_proxy
2020-04-07,1.6226,140192.64,USGS_gage_proxy
2020-04-08,1.8434,159269.75999999998,USGS_gage_proxy
2020-04-09,1.6622,143614.08,USGS_gage_proxy
2020-04-10,1.2176,105200.64,USGS_gage_proxy
2020-04-11,1.1638,100552.31999999999,USGS_gage_proxy
2020-04-12,1.3507,116700.48,USGS_gage_proxy
2020-04-13,1.2912,111559.68,USGS_gage_proxy
2020-04-14,1.3479,116458.56000000001,USGS_gage_proxy
2020-04-15,1.1355,98107.2,USGS_gage_proxy
2020-04-16,0.9968,86123.52,USGS_gage_proxy
2020-04-17,1.2799,110583.36,USGS_gage_proxy
2020-04-18,1.4328,123793.92000000001,USGS_gage_proxy
2020-04-19,1.1157,96396.48,USGS_gage_proxy
2020-04-20,0.7617,65810.88,USGS_gage_proxy
2020-04-21,0.9401,81224.64,USGS_gage_proxy
2020-04-22,1.1044,95420.16,USGS_gage_proxy
2020-04-23,1.8434,159269.75999999998,USGS_gage_proxy
2020-04-24,1.5914,137496.96,USGS_gage_proxy
2020-04-25,1.5574,134559.36,USGS_gage_proxy
2020-04-26,1.5234,131621.76,USGS_gage_proxy
2020-04-27,1.2856,111075.84000000001,USGS_gage_proxy
2020-04-28,1.3394,115724.15999999999,USGS_gage_proxy
2020-04-29,1.2403,107161.92,USGS_gage_proxy
2020-04-30,1.1751,101528.64,USGS_gage_proxy
2020-05-01,1.1072,95662.08,USGS_gage_proxy
2020-05-02,1.2686,109607.04,USGS_gage_proxy
2020-05-03,1.7047,147286.08000000002,USGS_gage_proxy
2020-05-04,2.0785,179582.4,USGS_gage_proxy
2020-05-05,1.5433,133341.12,USGS_gage_proxy
2020-05-06,1.3734,118661.76,USGS_gage_proxy
2020-05-07,1.144,98841.59999999999,USGS_gage_proxy
2020-05-08,1.5461,133583.04,USGS_gage_proxy
2020-05-09,1.6197,139942.08,USGS_gage_proxy
2020-05-10,1.5829,136762.56,USGS_gage_proxy
2020-05-11,1.665,143856.0,USGS_gage_proxy
2020-05-12,1.6764,144840.96,USGS_gage_proxy
2020-05-13,1.498,129427.2,USGS_gage_proxy
2020-05-14,1.1525,99576.0,USGS_gage_proxy
2020-05-15,1.2035,103982.4,USGS_gage_proxy
2020-05-16,1.2856,111075.84000000001,USGS_gage_proxy
2020-05-17,1.3309,114989.76,USGS_gage_proxy
2020-05-18,1.127,97372.8,USGS_gage_proxy
2020-05-19,1.0789,93216.95999999999,USGS_gage_proxy
2020-05-20,1.0704,92482.56,USGS_gage_proxy
2020-05-21,1.0081,87099.84,USGS_gage_proxy
2020-05-22,1.0959,94685.76000000001,USGS_gage_proxy
2020-05-23,1.2743,110099.52,USGS_gage_proxy
2020-05-24,1.4243,123059.51999999999,USGS_gage_proxy
2020-05-25,1.4866,128442.23999999999,USGS_gage_proxy
2020-05-26,1.3366,115482.24,USGS_gage_proxy
2020-05-27,1.2573,108630.72,USGS_gage_proxy
2020-05-28,1.2431,107403.84000000001,USGS_gage_proxy
2020-05-29,1.2374,106911.36,USGS_gage_proxy
2020-05-30,1.2799,110583.36,USGS_gage_proxy
2020-05-31,1.2205,105451.2,USGS_gage_proxy
2020-06-01,1.1327,97865.28,USGS_gage_proxy
2020-06-02,1.0647,91990.08,USGS_gage_proxy
2020-06-03,1.0817,93458.88,USGS_gage_proxy
2020-06-04,1.0874,93951.35999999999,USGS_gage_proxy
2020-06-05,1.0307,89052.48,USGS_gage_proxy
2020-06-06,1.0704,92482.56,USGS_gage_proxy
2020-06-07,0.9939,85872.96,USGS_gage_proxy
2020-06-08,1.0874,93951.35999999999,USGS_gage_proxy
2020-06-09,1.1836,102263.04,USGS_gage_proxy
2020-06-10,1.0987,94927.68000000001,USGS_gage_proxy
2020-06-11,1.0251,88568.63999999998,USGS_gage_proxy
2020-06-12,0.8948,77310.72,USGS_gage_proxy
2020-06-13,0.8835,76334.4,USGS_gage_proxy
2020-06-14,0.9571,82693.44,USGS_gage_proxy
2020-06-15,1.2035,103982.4,USGS_gage_proxy
2020-06-16,1.2403,107161.92,USGS_gage_proxy
2020-06-17,1.1213,96880.31999999999,USGS_gage_proxy
2020-06-18,1.2233,105693.12000000001,USGS_gage_proxy
2020-06-19,1.4442,124778.87999999999,USGS_gage_proxy
2020-06-20,1.2261,105935.04,USGS_gage_proxy
2020-06-21,1.093,94435.2,USGS_gage_proxy
2020-06-22,1.3224,114255.36,USGS_gage_proxy
2020-06-23,1.7698,152910.72,USGS_gage_proxy
2020-06-24,1.9369,167348.16,USGS_gage_proxy
2020-06-25,1.6877,145817.28,USGS_gage_proxy
2020-06-26,1.8802,162449.28,USGS_gage_proxy
2020-06-27,1.8576,160496.63999999998,USGS_gage_proxy
2020-06-28,1.4243,123059.51999999999,USGS_gage_proxy
2020-06-29,1.3677,118169.28,USGS_gage_proxy
2020-06-30,1.2601,108872.64,USGS_gage_proxy
2020-07-01,1.1497,99334.08,USGS_gage_proxy
2020-07-02,1.2205,105451.2,USGS_gage_proxy
2020-07-03,1.0675,92231.99999999999,USGS_gage_proxy
2020-07-04,1.0449,90279.36,USGS_gage_proxy
2020-07-05,1.0647,91990.08,USGS_gage_proxy
2020-07-06,1.2374,106911.36,USGS_gage_proxy
2020-07-07,1.2148,104958.72000000002,USGS_gage_proxy
2020-07-08,1.4272,123310.08,USGS_gage_proxy
2020-07-09,1.1751,101528.64,USGS_gage_proxy
2020-07-10,0.9033,78045.12,USGS_gage_proxy
2020-07-11,0.858,74131.2,USGS_gage_proxy
2020-07-12,0.8722,75358.08,USGS_gage_proxy
2020-07-13,0.8467,73154.88,USGS_gage_proxy
2020-07-14,0.8155,70459.2,USGS_gage_proxy
2020-07-15,0.8297,71686.08,USGS_gage_proxy
2020-07-16,0.8665,74865.6,USGS_gage_proxy
2020-07-17,0.926,80006.40000000001,USGS_gage_proxy
2020-07-18,0.926,80006.40000000001,USGS_gage_proxy
2020-07-19,0.9203,79513.92,USGS_gage_proxy
2020-07-20,0.9458,81717.12,USGS_gage_proxy
2020-07-21,1.0279,88810.56,USGS_gage_proxy
2020-07-22,1.3082,113028.48,USGS_gage_proxy
2020-07-23,1.3366,115482.24,USGS_gage_proxy
2020-07-24,1.1836,102263.04,USGS_gage_proxy
2020-07-25,1.2403,107161.92,USGS_gage_proxy
2020-07-26,1.2035,103982.4,USGS_gage_proxy
2020-07-27,1.1497,99334.08,USGS_gage_proxy
2020-07-28,1.0817,93458.88,USGS_gage_proxy
2020-07-29,1.0081,87099.84,USGS_gage_proxy
2020-07-30,0.9486,81959.04,USGS_gage_proxy
2020-07-31,1.0477,90521.28000000001,USGS_gage_proxy
2020-08-01,1.2459,107645.76,USGS_gage_proxy
2020-08-02,1.3054,112786.56,USGS_gage_proxy
2020-08-03,1.5489,133824.96,USGS_gage_proxy
2020-08-04,1.4187,122575.68000000001,USGS_gage_proxy
2020-08-05,1.2941,111810.24,USGS_gage_proxy
2020-08-06,1.2658,109365.12000000001,USGS_gage_proxy
2020-08-07,1.2063,104224.31999999999,USGS_gage_proxy
2020-08-08,1.345,116208.0,USGS_gage_proxy
2020-08-09,1.498,129427.2,USGS_gage_proxy
2020-08-10,1.4498,125262.72,USGS_gage_proxy
2020-08-11,1.2544,108380.16,USGS_gage_proxy
2020-08-12,1.1638,100552.31999999999,USGS_gage_proxy
2020-08-13,1.0392,89786.87999999999,USGS_gage_proxy
2020-08-14,1.0364,89544.95999999999,USGS_gage_proxy
2020-08-15,1.178,101779.2,USGS_gage_proxy
2020-08-16,1.5744,136028.16,USGS_gage_proxy
2020-08-17,1.4328,123793.92000000001,USGS_gage_proxy
2020-08-18,1.3111,113279.04,USGS_gage_proxy
2020-08-19,1.345,116208.0,USGS_gage_proxy
2020-08-20,1.5234,131621.76,USGS_gage_proxy
2020-08-21,1.3252,114497.28,USGS_gage_proxy
2020-08-22,1.379,119145.6,USGS_gage_proxy
2020-08-23,1.481,127958.40000000001,USGS_gage_proxy
2020-08-24,1.2091,104466.24,USGS_gage_proxy
2020-08-25,0.9118,78779.52,USGS_gage_proxy
2020-08-26,0.8523,73638.72,USGS_gage_proxy
2020-08-27,0.9175,79272.0,USGS_gage_proxy
2020-08-28,0.9316,80490.24,USGS_gage_proxy
2020-08-29,0.9175,79272.0,USGS_gage_proxy
2020-08-30,0.909,78537.6,USGS_gage_proxy
2020-08-31,0.9118,78779.52,USGS_gage_proxy
2020-09-01,1.0534,91013.76,USGS_gage_proxy
2020-09-02,1.0024,86607.36,USGS_gage_proxy
2020-09-03,0.926,80006.40000000001,USGS_gage_proxy
2020-09-04,0.8297,71686.08,USGS_gage_proxy
2020-09-05,1.0024,86607.36,USGS_gage_proxy
2020-09-06,0.9146,79021.44,USGS_gage_proxy
2020-09-07,0.8297,71686.08,USGS_gage_proxy
2020-09-08,1.0109,87341.76,USGS_gage_proxy
2020-09-09,2.86,247104.0,USGS_gage_proxy
2020-09-10,2.3899,206487.36,USGS_gage_proxy
2020-09-11,1.7273,149238.72,USGS_gage_proxy
2020-09-12,1.6282,140676.48,USGS_gage_proxy
2020-09-13,1.481,127958.40000000001,USGS_gage_proxy
2020-09-14,1.6141,139458.24000000002,USGS_gage_proxy
2020-09-15,1.7471,150949.44,USGS_gage_proxy
2020-09-16,1.6848,145566.72,USGS_gage_proxy
2020-09-17,1.447,125020.8,USGS_gage_proxy
2020-09-18,1.2799,110583.36,USGS_gage_proxy
2020-09-19,1.3932,120372.48,USGS_gage_proxy
2020-09-20,1.4073,121590.72,USGS_gage_proxy
2020-09-21,1.2176,105200.64,USGS_gage_proxy
2020-09-22,1.11,95904.00000000001,USGS_gage_proxy
2020-09-23,1.0506,90771.84,USGS_gage_proxy
2020-09-24,0.9741,84162.23999999999,USGS_gage_proxy
2020-09-25,0.9146,79021.44,USGS_gage_proxy
2020-09-26,0.909,78537.6,USGS_gage_proxy
2020-09-27,1.0194,88076.16,USGS_gage_proxy
2020-09-28,0.9514,82200.96,USGS_gage_proxy
2020-09-29,0.9854,85138.56,USGS_gage_proxy
2020-09-30,1.1185,96638.40000000001,USGS_gage_proxy
2020-10-01,1.0251,88568.63999999998,USGS_gage_proxy
2020-10-02,0.9401,81224.64,USGS_gage_proxy
2020-10-03,1.0647,91990.08,USGS_gage_proxy
2020-10-04,0.9996,86365.44,USGS_gage_proxy
2020-10-05,1.1129,96154.56,USGS_gage_proxy
2020-10-06,1.2176,105200.64,USGS_gage_proxy
2020-10-07,1.1129,96154.56,USGS_gage_proxy
2020-10-08,0.9968,86123.52,USGS_gage_proxy
2020-10-09,1.0392,89786.87999999999,USGS_gage_proxy
2020-10-10,1.0477,90521.28000000001,USGS_gage_proxy
2020-10-11,1.0251,88568.63999999998,USGS_gage_proxy
2020-10-12,1.0562,91255.68000000001,USGS_gage_proxy
2020-10-13,0.9883,85389.12,USGS_gage_proxy
2020-10-14,1.0477,90521.28000000001,USGS_gage_proxy
2020-10-15,1.0704,92482.56,USGS_gage_proxy
2020-10-16,1.2289,106176.96,USGS_gage_proxy
2020-10-17,1.2035,103982.4,USGS_gage_proxy
2020-10-18,1.1072,95662.08,USGS_gage_proxy
2020-10-19,1.0392,89786.87999999999,USGS_gage_proxy
2020-10-20,1.0364,89544.95999999999,USGS_gage_proxy
2020-10-21,1.1242,97130.88,USGS_gage_proxy
2020-10-22,1.1129,96154.56,USGS_gage_proxy
2020-10-23,1.0279,88810.56,USGS_gage_proxy
2020-10-24,0.9486,81959.04,USGS_gage_proxy
2020-10-25,0.9458,81717.12,USGS_gage_proxy
2020-10-26,0.9656,83427.84,USGS_gage_proxy
2020-10-27,0.9458,81717.12,USGS_gage_proxy
2020-10-28,1.2714,109848.96,USGS_gage_proxy
2020-10-29,1.9086,164903.04,USGS_gage_proxy
2020-10-30,1.6339,141168.96,USGS_gage_proxy
2020-10-31,1.5121,130645.44,USGS_gage_proxy
2020-11-01,1.6112,139207.68,USGS_gage_proxy
2020-11-02,1.4527,125513.28000000001,USGS_gage_proxy
2020-11-03,1.7387,150223.68,USGS_gage_proxy
2020-11-04,1.5999,138231.36000000002,USGS_gage_proxy
2020-11-05,1.4045,121348.8,USGS_gage_proxy
2020-11-06,1.3337,115231.68000000001,USGS_gage_proxy
2020-11-07,1.3394,115724.15999999999,USGS_gage_proxy
2020-11-08,1.3309,114989.76,USGS_gage_proxy
2020-11-09,1.3309,114989.76,USGS_gage_proxy
2020-11-10,1.345,116208.0,USGS_gage_proxy
2020-11-11,1.3564,117192.96,USGS_gage_proxy
2020-11-12,1.3337,115231.68000000001,USGS_gage_proxy
2020-11-13,1.3366,115482.24,USGS_gage_proxy
2020-11-14,1.3422,115966.08,USGS_gage_proxy
2020-11-15,1.3366,115482.24,USGS_gage_proxy
2020-11-16,1.3337,115231.68000000001,USGS_gage_proxy
2020-11-17,1.3196,114013.44,USGS_gage_proxy
2020-11-18,1.3139,113520.96,USGS_gage_proxy
2020-11-19,1.3224,114255.36,USGS_gage_proxy
2020-11-20,1.3309,114989.76,USGS_gage_proxy
2020-11-21,1.3281,114747.84000000001,USGS_gage_proxy
2020-11-22,1.3337,115231.68000000001,USGS_gage_proxy
2020-11-23,1.396,120614.4,USGS_gage_proxy
2020-11-24,1.4442,124778.87999999999,USGS_gage_proxy
2020-11-25,1.3904,120130.56000000001,USGS_gage_proxy
2020-11-26,1.4385,124286.4,USGS_gage_proxy
2020-11-27,1.4357,124044.48,USGS_gage_proxy
2020-11-28,1.3309,114989.76,USGS_gage_proxy
2020-11-29,1.3734,118661.76,USGS_gage_proxy
2020-11-30,1.4102,121841.27999999998,USGS_gage_proxy
2020-12-01,1.4215,122817.6,USGS_gage_proxy
2020-12-02,1.4243,123059.51999999999,USGS_gage_proxy
2020-12-03,1.4158,122325.12,USGS_gage_proxy
2020-12-04,1.4243,123059.51999999999,USGS_gage_proxy
2020-12-05,1.4187,122575.68000000001,USGS_gage_proxy
2020-12-06,1.413,122083.2,USGS_gage_proxy
2020-12-07,1.379,119145.6,USGS_gage_proxy
2020-12-08,1.3705,118411.20000000001,USGS_gage_proxy
2020-12-09,1.379,119145.6,USGS_gage_proxy
2020-12-10,1.379,119145.6,USGS_gage_proxy
2020-12-11,1.3394,115724.15999999999,USGS_gage_proxy
2020-12-12,1.2289,106176.96,USGS_gage_proxy
2020-12-13,1.1723,101286.71999999999,USGS_gage_proxy
2020-12-14,1.1638,100552.31999999999,USGS_gage_proxy
2020-12-15,1.2912,111559.68,USGS_gage_proxy
2020-12-16,1.2091,104466.24,USGS_gage_proxy
2020-12-17,1.0279,88810.56,USGS_gage_proxy
2020-12-18,1.059,91497.59999999999,USGS_gage_proxy
2020-12-19,1.1015,95169.59999999999,USGS_gage_proxy
2020-12-20,1.1129,96154.56,USGS_gage_proxy
2020-12-21,1.0789,93216.95999999999,USGS_gage_proxy
2020-12-22,1.2035,103982.4,USGS_gage_proxy
2020-12-23,1.2828,110833.92,USGS_gage_proxy
2020-12-24,1.2686,109607.04,USGS_gage_proxy
2020-12-25,1.1893,102755.52,USGS_gage_proxy
2020-12-26,1.2459,107645.76,USGS_gage_proxy
2020-12-27,1.3734,118661.76,USGS_gage_proxy
2020-12-28,1.4045,121348.8,USGS_gage_proxy
2020-12-29,1.3677,118169.28,USGS_gage_proxy
2020-12-30,1.3111,113279.04,USGS_gage_proxy
2020-12-31,1.2686,109607.04,USGS_gage_proxy
