date,discharge_cfs,discharge_cms
1937-10-01,2.5,0.0708
1937-10-02,2.5,0.0708
1937-10-03,2.5,0.0708
1937-10-04,2.5,0.0708
1937-10-05,2.5,0.0708
1937-10-06,2.0,0.0566
1937-10-07,2.0,0.0566
1937-10-08,2.0,0.0566
1937-10-09,3.0,0.085
1937-10-10,2.5,0.0708
1937-10-11,25.0,0.7079
1937-10-12,135.0,3.8228
1937-10-13,23.0,0.6513
1937-10-14,9.9,0.2803
1937-10-15,7.3,0.2067
1937-10-16,5.8,0.1642
1937-10-17,4.8,0.1359
1937-10-18,3.8,0.1076
1937-10-19,3.4,0.0963
1937-10-20,3.3,0.0934
1937-10-21,3.1,0.0878
1937-10-22,3.3,0.0934
1937-10-23,3.3,0.0934
1937-10-24,3.3,0.0934
1937-10-25,3.1,0.0878
1937-10-26,3.0,0.085
1937-10-27,3.0,0.085
1937-10-28,3.0,0.085
1937-10-29,3.0,0.085
1937-10-30,3.0,0.085
1937-10-31,2.8,0.0793
1937-11-01,3.1,0.0878
1937-11-02,3.4,0.0963
1937-11-03,3.1,0.0878
1937-11-04,3.1,0.0878
1937-11-05,3.1,0.0878
1937-11-06,3.1,0.0878
1937-11-07,3.1,0.0878
1937-11-08,5.6,0.1586
1937-11-09,4.3,0.1218
1937-11-10,3.7,0.1048
1937-11-11,3.6,0.1019
1937-11-12,3.4,0.0963
1937-11-13,3.3,0.0934
1937-11-14,3.1,0.0878
1937-11-15,3.0,0.085
1937-11-16,3.0,0.085
1937-11-17,3.1,0.0878
1937-11-18,3.3,0.0934
1937-11-19,3.4,0.0963
1937-11-20,3.4,0.0963
1937-11-21,3.7,0.1048
1937-11-22,3.7,0.1048
1937-11-23,3.7,0.1048
1937-11-24,3.7,0.1048
1937-11-25,3.8,0.1076
1937-11-26,3.8,0.1076
1937-11-27,3.4,0.0963
1937-11-28,3.6,0.1019
1937-11-29,3.4,0.0963
1937-11-30,3.7,0.1048
1937-12-01,3.8,0.1076
1937-12-02,4.3,0.1218
1937-12-03,4.6,0.1303
1937-12-04,4.4,0.1246
1937-12-05,4.2,0.1189
1937-12-06,4.2,0.1189
1937-12-07,4.2,0.1189
1937-12-08,4.2,0.1189
1937-12-09,4.2,0.1189
1937-12-10,4.2,0.1189
1937-12-11,4.3,0.1218
1937-12-12,4.3,0.1218
1937-12-13,4.4,0.1246
1937-12-14,4.4,0.1246
1937-12-15,4.2,0.1189
1937-12-16,4.2,0.1189
1937-12-17,4.0,0.1133
1937-12-18,4.0,0.1133
1937-12-19,4.0,0.1133
1937-12-20,4.6,0.1303
1937-12-21,5.1,0.1444
1937-12-22,4.9,0.1388
1937-12-23,4.6,0.1303
1937-12-24,4.3,0.1218
1937-12-25,4.2,0.1189
1937-12-26,4.2,0.1189
1937-12-27,4.3,0.1218
1937-12-28,5.4,0.1529
1937-12-29,5.1,0.1444
1937-12-30,4.9,0.1388
1937-12-31,4.4,0.1246
1938-01-01,4.3,0.1218
1938-01-02,4.2,0.1189
1938-01-03,4.4,0.1246
1938-01-04,5.1,0.1444
1938-01-05,4.9,0.1388
1938-01-06,4.8,0.1359
1938-01-07,4.4,0.1246
1938-01-08,4.2,0.1189
1938-01-09,4.2,0.1189
1938-01-10,4.2,0.1189
1938-01-11,4.2,0.1189
1938-01-12,4.0,0.1133
1938-01-13,4.2,0.1189
1938-01-14,4.2,0.1189
1938-01-15,4.2,0.1189
1938-01-16,4.2,0.1189
1938-01-17,3.8,0.1076
1938-01-18,3.7,0.1048
1938-01-19,3.7,0.1048
1938-01-20,4.5,0.1274
1938-01-21,12.0,0.3398
1938-01-22,7.6,0.2152
1938-01-23,9.9,0.2803
1938-01-24,6.4,0.1812
1938-01-25,4.9,0.1388
1938-01-26,4.4,0.1246
1938-01-27,4.4,0.1246
1938-01-28,4.4,0.1246
1938-01-29,4.3,0.1218
1938-01-30,4.0,0.1133
1938-01-31,4.0,0.1133
1938-02-01,4.2,0.1189
1938-02-02,4.2,0.1189
1938-02-03,4.2,0.1189
1938-02-04,4.2,0.1189
1938-02-05,4.3,0.1218
1938-02-06,4.6,0.1303
1938-02-07,4.4,0.1246
1938-02-08,4.3,0.1218
1938-02-09,4.2,0.1189
1938-02-10,4.2,0.1189
1938-02-11,4.2,0.1189
1938-02-12,4.0,0.1133
1938-02-13,3.8,0.1076
1938-02-14,3.8,0.1076
1938-02-15,3.8,0.1076
1938-02-16,3.7,0.1048
1938-02-17,4.2,0.1189
1938-02-18,4.3,0.1218
1938-02-19,4.0,0.1133
1938-02-20,4.0,0.1133
1938-02-21,4.8,0.1359
1938-02-22,4.8,0.1359
1938-02-23,4.6,0.1303
1938-02-24,4.0,0.1133
1938-02-25,3.8,0.1076
1938-02-26,3.8,0.1076
1938-02-27,4.0,0.1133
1938-02-28,4.3,0.1218
1938-03-01,4.2,0.1189
1938-03-02,3.7,0.1048
1938-03-03,3.1,0.0878
1938-03-04,2.7,0.0765
1938-03-05,2.7,0.0765
1938-03-06,2.7,0.0765
1938-03-07,3.0,0.085
1938-03-08,3.7,0.1048
1938-03-09,3.8,0.1076
1938-03-10,3.6,0.1019
1938-03-11,3.4,0.0963
1938-03-12,3.1,0.0878
1938-03-13,3.0,0.085
1938-03-14,2.6,0.0736
1938-03-15,2.3,0.0651
1938-03-16,2.4,0.068
1938-03-17,2.7,0.0765
1938-03-18,2.4,0.068
1938-03-19,2.3,0.0651
1938-03-20,2.3,0.0651
1938-03-21,2.3,0.0651
1938-03-22,2.0,0.0566
1938-03-23,2.1,0.0595
1938-03-24,2.3,0.0651
1938-03-25,2.0,0.0566
1938-03-26,2.0,0.0566
1938-03-27,2.6,0.0736
1938-03-28,2.8,0.0793
1938-03-29,2.7,0.0765
1938-03-30,2.4,0.068
1938-03-31,2.0,0.0566
1938-04-01,2.0,0.0566
1938-04-02,2.3,0.0651
1938-04-03,2.6,0.0736
1938-04-04,2.6,0.0736
1938-04-05,2.3,0.0651
1938-04-06,1.9,0.0538
1938-04-07,1.9,0.0538
1938-04-08,2.0,0.0566
1938-04-09,2.4,0.068
1938-04-10,2.6,0.0736
1938-04-11,2.6,0.0736
1938-04-12,2.4,0.068
1938-04-13,2.1,0.0595
1938-04-14,1.9,0.0538
1938-04-15,1.7,0.0481
1938-04-16,1.6,0.0453
1938-04-17,1.7,0.0481
1938-04-18,1.8,0.051
1938-04-19,1.7,0.0481
1938-04-20,1.6,0.0453
1938-04-21,1.5,0.0425
1938-04-22,1.5,0.0425
1938-04-23,1.6,0.0453
1938-04-24,1.7,0.0481
1938-04-25,1.6,0.0453
1938-04-26,1.5,0.0425
1938-04-27,1.2,0.034
1938-04-28,1.2,0.034
1938-04-29,1.4,0.0396
1938-04-30,3.8,0.1076
1938-05-01,2.5,0.0708
1938-05-02,1.3,0.0368
1938-05-03,1.0,0.0283
1938-05-04,0.8,0.0227
1938-05-05,0.8,0.0227
1938-05-06,0.9,0.0255
1938-05-07,0.8,0.0227
1938-05-08,1.0,0.0283
1938-05-09,1.3,0.0368
1938-05-10,2.1,0.0595
1938-05-11,1.9,0.0538
1938-05-12,1.5,0.0425
1938-05-13,1.4,0.0396
1938-05-14,1.1,0.0311
1938-05-15,1.0,0.0283
1938-05-16,1.0,0.0283
1938-05-17,1.0,0.0283
1938-05-18,1.0,0.0283
1938-05-19,0.8,0.0227
1938-05-20,0.7,0.0198
1938-05-21,0.6,0.017
1938-05-22,0.6,0.017
1938-05-23,0.5,0.0142
1938-05-24,0.6,0.017
1938-05-25,0.6,0.017
1938-05-26,0.6,0.017
1938-05-27,0.6,0.017
1938-05-28,0.6,0.017
1938-05-29,0.4,0.0113
1938-05-30,0.2,0.0057
1938-05-31,0.1,0.0028
1938-06-01,0.2,0.0057
1938-06-02,0.3,0.0085
1938-06-03,0.3,0.0085
1938-06-04,0.2,0.0057
1938-06-05,0.2,0.0057
1938-06-06,0.2,0.0057
1938-06-07,0.4,0.0113
1938-06-08,0.4,0.0113
1938-06-09,0.3,0.0085
1938-06-10,0.1,0.0028
1938-06-11,0.1,0.0028
1938-06-12,0.0,0.0
1938-06-13,0.0,0.0
1938-06-14,0.2,0.0057
1938-06-15,0.7,0.0198
1938-06-16,0.6,0.017
1938-06-17,0.4,0.0113
1938-06-18,0.3,0.0085
1938-06-19,0.1,0.0028
1938-06-20,0.1,0.0028
1938-06-21,0.0,0.0
1938-06-22,0.0,0.0
1938-06-23,0.0,0.0
1938-06-24,6.0,0.1699
1938-06-25,37.0,1.0477
1938-06-26,14.0,0.3964
1938-06-27,7500.0,212.376
1938-06-28,171.0,4.8422
1938-06-29,33.0,0.9345
1938-06-30,666.0,18.859
1938-07-01,34.0,0.9628
1938-07-02,28.0,0.7929
1938-07-03,10.0,0.2832
1938-07-04,6.8,0.1926
1938-07-05,5.4,0.1529
1938-07-06,4.6,0.1303
1938-07-07,3.8,0.1076
1938-07-08,3.7,0.1048
1938-07-09,3.3,0.0934
1938-07-10,4.6,0.1303
1938-07-11,4.0,0.1133
1938-07-12,4.0,0.1133
1938-07-13,10.0,0.2832
1938-07-14,5.8,0.1642
1938-07-15,6.0,0.1699
1938-07-16,4.2,0.1189
1938-07-17,226.0,6.3996
1938-07-18,18.0,0.5097
1938-07-19,89.0,2.5202
1938-07-20,101.0,2.86
1938-07-21,120.0,3.398
1938-07-22,66.0,1.8689
1938-07-23,51.0,1.4442
1938-07-24,15.0,0.4248
1938-07-25,7.3,0.2067
1938-07-26,5.6,0.1586
1938-07-27,4.0,0.1133
1938-07-28,4.2,0.1189
1938-07-29,3.4,0.0963
1938-07-30,3.0,0.085
1938-07-31,2.7,0.0765
1938-08-01,2.4,0.068
1938-08-02,2.1,0.0595
1938-08-03,1.9,0.0538
1938-08-04,1.9,0.0538
1938-08-05,2.1,0.0595
1938-08-06,1.9,0.0538
1938-08-07,2.1,0.0595
1938-08-08,13.0,0.3681
1938-08-09,6.2,0.1756
1938-08-10,10.0,0.2832
1938-08-11,4.0,0.1133
1938-08-12,2.4,0.068
1938-08-13,1.9,0.0538
1938-08-14,1.8,0.051
1938-08-15,1.7,0.0481
1938-08-16,1.7,0.0481
1938-08-17,1.7,0.0481
1938-08-18,1.7,0.0481
1938-08-19,1.7,0.0481
1938-08-20,1.6,0.0453
1938-08-21,1.4,0.0396
1938-08-22,1.4,0.0396
1938-08-23,1.4,0.0396
1938-08-24,1.4,0.0396
1938-08-25,1.4,0.0396
1938-08-26,1.5,0.0425
1938-08-27,1.5,0.0425
1938-08-28,1.4,0.0396
1938-08-29,1.5,0.0425
1938-08-30,1.9,0.0538
1938-08-31,2.1,0.0595
1938-09-01,1.9,0.0538
1938-09-02,87.0,2.4636
1938-09-03,14.0,0.3964
1938-09-04,555.0,15.7158
1938-09-05,1010.0,28.6
1938-09-06,44.0,1.2459
1938-09-07,82.0,2.322
1938-09-08,55.0,1.5574
1938-09-09,12.0,0.3398
1938-09-10,7.5,0.2124
1938-09-11,5.6,0.1586
1938-09-12,4.6,0.1303
1938-09-13,72.0,2.0388
1938-09-14,19.0,0.538
1938-09-15,14.0,0.3964
1938-09-16,6.1,0.1727
1938-09-17,4.6,0.1303
1938-09-18,4.0,0.1133
1938-09-19,3.4,0.0963
1938-09-20,3.1,0.0878
1938-09-21,3.0,0.085
1938-09-22,2.8,0.0793
1938-09-23,2.7,0.0765
1938-09-24,2.7,0.0765
1938-09-25,2.6,0.0736
1938-09-26,2.6,0.0736
1938-09-27,2.4,0.068
1938-09-28,2.4,0.068
1938-09-29,2.4,0.068
1938-09-30,2.4,0.068
1938-10-01,2.3,0.0651
1938-10-02,2.3,0.0651
1938-10-03,2.3,0.0651
1938-10-04,2.3,0.0651
1938-10-05,2.3,0.0651
1938-10-06,2.3,0.0651
1938-10-07,2.3,0.0651
1938-10-08,2.4,0.068
1938-10-09,3.7,0.1048
1938-10-10,56.0,1.5857
1938-10-11,47.0,1.3309
1938-10-12,14.0,0.3964
1938-10-13,14.0,0.3964
1938-10-14,6.1,0.1727
1938-10-15,4.2,0.1189
1938-10-16,3.1,0.0878
1938-10-17,2.9,0.0821
1938-10-18,2.9,0.0821
1938-10-19,2.8,0.0793
1938-10-20,2.5,0.0708
1938-10-21,2.8,0.0793
1938-10-22,2.6,0.0736
1938-10-23,2.5,0.0708
1938-10-24,2.5,0.0708
1938-10-25,2.6,0.0736
1938-10-26,2.5,0.0708
1938-10-27,2.4,0.068
1938-10-28,2.5,0.0708
1938-10-29,2.4,0.068
1938-10-30,2.4,0.068
1938-10-31,2.4,0.068
1938-11-01,2.4,0.068
1938-11-02,2.2,0.0623
1938-11-03,2.1,0.0595
1938-11-04,2.1,0.0595
1938-11-05,2.0,0.0566
1938-11-06,2.0,0.0566
1938-11-07,2.6,0.0736
1938-11-08,2.8,0.0793
1938-11-09,2.6,0.0736
1938-11-10,2.6,0.0736
1938-11-11,2.5,0.0708
1938-11-12,2.2,0.0623
1938-11-13,2.1,0.0595
1938-11-14,2.3,0.0651
1938-11-15,2.5,0.0708
1938-11-16,2.5,0.0708
1938-11-17,2.4,0.068
1938-11-18,2.0,0.0566
1938-11-19,2.3,0.0651
1938-11-20,2.5,0.0708
1938-11-21,2.4,0.068
1938-11-22,2.3,0.0651
1938-11-23,2.4,0.068
1938-11-24,2.4,0.068
1938-11-25,2.5,0.0708
1938-11-26,2.6,0.0736
1938-11-27,2.6,0.0736
1938-11-28,2.6,0.0736
1938-11-29,2.8,0.0793
1938-11-30,2.9,0.0821
1938-12-01,2.8,0.0793
1938-12-02,2.5,0.0708
1938-12-03,2.4,0.068
1938-12-04,2.4,0.068
1938-12-05,2.4,0.068
1938-12-06,2.5,0.0708
1938-12-07,2.6,0.0736
1938-12-08,2.6,0.0736
1938-12-09,2.8,0.0793
1938-12-10,2.6,0.0736
1938-12-11,2.3,0.0651
1938-12-12,2.4,0.068
1938-12-13,2.6,0.0736
1938-12-14,2.8,0.0793
1938-12-15,2.8,0.0793
1938-12-16,2.9,0.0821
1938-12-17,2.8,0.0793
1938-12-18,2.8,0.0793
1938-12-19,2.9,0.0821
1938-12-20,2.9,0.0821
1938-12-21,2.9,0.0821
1938-12-22,3.0,0.085
1938-12-23,3.0,0.085
1938-12-24,3.0,0.085
1938-12-25,3.7,0.1048
1938-12-26,3.6,0.1019
1938-12-27,3.0,0.085
1938-12-28,3.1,0.0878
1938-12-29,3.0,0.085
1938-12-30,3.0,0.085
1938-12-31,3.0,0.085
1939-01-01,3.1,0.0878
1939-01-02,3.1,0.0878
1939-01-03,3.1,0.0878
1939-01-04,2.9,0.0821
1939-01-05,2.8,0.0793
1939-01-06,2.8,0.0793
1939-01-07,4.1,0.1161
1939-01-08,5.7,0.1614
1939-01-09,3.3,0.0934
1939-01-10,3.4,0.0963
1939-01-11,5.1,0.1444
1939-01-12,5.4,0.1529
1939-01-13,4.3,0.1218
1939-01-14,3.8,0.1076
1939-01-15,3.6,0.1019
1939-01-16,3.6,0.1019
1939-01-17,3.3,0.0934
1939-01-18,3.1,0.0878
1939-01-19,3.1,0.0878
1939-01-20,3.3,0.0934
1939-01-21,3.4,0.0963
1939-01-22,3.3,0.0934
1939-01-23,3.4,0.0963
1939-01-24,3.3,0.0934
1939-01-25,3.4,0.0963
1939-01-26,3.4,0.0963
1939-01-27,3.6,0.1019
1939-01-28,3.6,0.1019
1939-01-29,3.4,0.0963
1939-01-30,3.4,0.0963
1939-01-31,3.3,0.0934
1939-02-01,3.1,0.0878
1939-02-02,3.7,0.1048
1939-02-03,4.3,0.1218
1939-02-04,4.5,0.1274
1939-02-05,4.0,0.1133
1939-02-06,3.7,0.1048
1939-02-07,3.6,0.1019
1939-02-08,3.3,0.0934
1939-02-09,3.1,0.0878
1939-02-10,3.1,0.0878
1939-02-11,3.4,0.0963
1939-02-12,3.6,0.1019
1939-02-13,3.6,0.1019
1939-02-14,3.4,0.0963
1939-02-15,3.4,0.0963
1939-02-16,3.1,0.0878
1939-02-17,3.3,0.0934
1939-02-18,3.6,0.1019
1939-02-19,3.7,0.1048
1939-02-20,3.6,0.1019
1939-02-21,3.6,0.1019
1939-02-22,3.7,0.1048
1939-02-23,3.7,0.1048
1939-02-24,3.8,0.1076
1939-02-25,3.7,0.1048
1939-02-26,3.7,0.1048
1939-02-27,3.1,0.0878
1939-02-28,3.3,0.0934
1939-03-01,3.3,0.0934
1939-03-02,3.6,0.1019
1939-03-03,3.6,0.1019
1939-03-04,3.6,0.1019
1939-03-05,3.3,0.0934
1939-03-06,3.1,0.0878
1939-03-07,3.4,0.0963
1939-03-08,3.6,0.1019
1939-03-09,3.7,0.1048
1939-03-10,3.6,0.1019
1939-03-11,3.1,0.0878
1939-03-12,2.9,0.0821
1939-03-13,3.0,0.085
1939-03-14,3.0,0.085
1939-03-15,2.9,0.0821
1939-03-16,3.0,0.085
1939-03-17,3.1,0.0878
1939-03-18,3.3,0.0934
1939-03-19,3.6,0.1019
1939-03-20,5.0,0.1416
1939-03-21,6.3,0.1784
1939-03-22,6.1,0.1727
1939-03-23,5.8,0.1642
1939-03-24,5.0,0.1416
1939-03-25,3.8,0.1076
1939-03-26,3.1,0.0878
1939-03-27,2.9,0.0821
1939-03-28,2.6,0.0736
1939-03-29,2.8,0.0793
1939-03-30,2.9,0.0821
1939-03-31,2.9,0.0821
1939-04-01,2.8,0.0793
1939-04-02,2.5,0.0708
1939-04-03,2.6,0.0736
1939-04-04,2.6,0.0736
1939-04-05,2.4,0.068
1939-04-06,3.1,0.0878
1939-04-07,4.2,0.1189
1939-04-08,4.2,0.1189
1939-04-09,3.3,0.0934
1939-04-10,2.6,0.0736
1939-04-11,2.4,0.068
1939-04-12,2.4,0.068
1939-04-13,2.6,0.0736
1939-04-14,2.6,0.0736
1939-04-15,2.3,0.0651
1939-04-16,2.1,0.0595
1939-04-17,2.1,0.0595
1939-04-18,2.3,0.0651
1939-04-19,2.4,0.068
1939-04-20,2.1,0.0595
1939-04-21,2.2,0.0623
1939-04-22,2.2,0.0623
1939-04-23,2.3,0.0651
1939-04-24,2.2,0.0623
1939-04-25,2.1,0.0595
1939-04-26,2.1,0.0595
1939-04-27,2.1,0.0595
1939-04-28,2.1,0.0595
1939-04-29,2.2,0.0623
1939-04-30,2.4,0.068
1939-05-01,2.5,0.0708
1939-05-02,2.2,0.0623
1939-05-03,3.9,0.1104
1939-05-04,2.4,0.068
1939-05-05,7.3,0.2067
1939-05-06,2.3,0.0651
1939-05-07,1.7,0.0481
1939-05-08,1.7,0.0481
1939-05-09,1.7,0.0481
1939-05-10,1.6,0.0453
1939-05-11,1.5,0.0425
1939-05-12,1.3,0.0368
1939-05-13,1.3,0.0368
1939-05-14,1.7,0.0481
1939-05-15,2.2,0.0623
1939-05-16,2.0,0.0566
1939-05-17,1.7,0.0481
1939-05-18,1.5,0.0425
1939-05-19,1.3,0.0368
1939-05-20,1.2,0.034
1939-05-21,1.1,0.0311
1939-05-22,1.0,0.0283
1939-05-23,0.9,0.0255
1939-05-24,1.1,0.0311
1939-05-25,1.1,0.0311
1939-05-26,1.1,0.0311
1939-05-27,1.2,0.034
1939-05-28,1.3,0.0368
1939-05-29,114.0,3.2281
1939-05-30,20.0,0.5663
1939-05-31,6.4,0.1812
1939-06-01,3.4,0.0963
1939-06-02,2.0,0.0566
1939-06-03,1.5,0.0425
1939-06-04,1.4,0.0396
1939-06-05,1.6,0.0453
1939-06-06,1.5,0.0425
1939-06-07,1.3,0.0368
1939-06-08,1.2,0.034
1939-06-09,1.1,0.0311
1939-06-10,0.8,0.0227
1939-06-11,0.9,0.0255
1939-06-12,0.8,0.0227
1939-06-13,0.8,0.0227
1939-06-14,0.7,0.0198
1939-06-15,0.6,0.017
1939-06-16,0.6,0.017
1939-06-17,0.5,0.0142
1939-06-18,0.4,0.0113
1939-06-19,0.5,0.0142
1939-06-20,1480.0,41.9089
1939-06-21,133.0,3.7661
1939-06-22,8.4,0.2379
1939-06-23,4.5,0.1274
1939-06-24,3.0,0.085
1939-06-25,2.3,0.0651
1939-06-26,1.7,0.0481
1939-06-27,1.7,0.0481
1939-06-28,5.3,0.1501
1939-06-29,15.0,0.4248
1939-06-30,5.4,0.1529
1939-07-01,3.0,0.085
1939-07-02,2.4,0.068
1939-07-03,1.6,0.0453
1939-07-04,1.4,0.0396
1939-07-05,1.4,0.0396
1939-07-06,1.6,0.0453
1939-07-07,1.0,0.0283
1939-07-08,0.8,0.0227
1939-07-09,131.0,3.7095
1939-07-10,38.0,1.076
1939-07-11,3.5,0.0991
1939-07-12,1.8,0.051
1939-07-13,44.0,1.2459
1939-07-14,4.3,0.1218
1939-07-15,2.6,0.0736
1939-07-16,7.1,0.201
1939-07-17,4.6,0.1303
1939-07-18,2.6,0.0736
1939-07-19,5.0,0.1416
1939-07-20,2.9,0.0821
1939-07-21,1.8,0.051
1939-07-22,1.4,0.0396
1939-07-23,1.2,0.034
1939-07-24,1.0,0.0283
1939-07-25,0.9,0.0255
1939-07-26,26.0,0.7362
1939-07-27,23.0,0.6513
1939-07-28,7.9,0.2237
1939-07-29,8.7,0.2464
1939-07-30,6.1,0.1727
1939-07-31,20.0,0.5663
1939-08-01,56.0,1.5857
1939-08-02,20.0,0.5663
1939-08-03,14.0,0.3964
1939-08-04,16.0,0.4531
1939-08-05,5.3,0.1501
1939-08-06,146.0,4.1343
1939-08-07,24.0,0.6796
1939-08-08,15.0,0.4248
1939-08-09,5.6,0.1586
1939-08-10,3.7,0.1048
1939-08-11,3.0,0.085
1939-08-12,154.0,4.3608
1939-08-13,31.0,0.8778
1939-08-14,33.0,0.9345
1939-08-15,13.0,0.3681
1939-08-16,7.0,0.1982
1939-08-17,9.6,0.2718
1939-08-18,13.0,0.3681
1939-08-19,5.6,0.1586
1939-08-20,3.3,0.0934
1939-08-21,6.7,0.1897
1939-08-22,30.0,0.8495
1939-08-23,9.6,0.2718
1939-08-24,3.6,0.1019
1939-08-25,2.8,0.0793
1939-08-26,2.2,0.0623
1939-08-27,2.0,0.0566
1939-08-28,1.8,0.051
1939-08-29,1.8,0.051
1939-08-30,1.7,0.0481
1939-08-31,1.8,0.051
1939-09-01,1.7,0.0481
1939-09-02,1.6,0.0453
1939-09-03,1.5,0.0425
1939-09-04,1.3,0.0368
1939-09-05,1.2,0.034
1939-09-06,1.2,0.034
1939-09-07,1.2,0.034
1939-09-08,1.2,0.034
1939-09-09,1.2,0.034
1939-09-10,1.3,0.0368
1939-09-11,1.3,0.0368
1939-09-12,1.3,0.0368
1939-09-13,6.8,0.1926
1939-09-14,8.2,0.2322
1939-09-15,3.7,0.1048
1939-09-16,2.4,0.068
1939-09-17,5.5,0.1557
1939-09-18,3.3,0.0934
1939-09-19,2.3,0.0651
1939-09-20,2.0,0.0566
1939-09-21,1.6,0.0453
1939-09-22,1.6,0.0453
1939-09-23,1.5,0.0425
1939-09-24,1.4,0.0396
1939-09-25,1.4,0.0396
1939-09-26,1.3,0.0368
1939-09-27,1.3,0.0368
1939-09-28,1.2,0.034
1939-09-29,0.9,0.0255
1939-09-30,1.1,0.0311
1939-10-01,1.2,0.034
1939-10-02,1.3,0.0368
1939-10-03,1.3,0.0368
1939-10-04,1.2,0.034
1939-10-05,1.2,0.034
1939-10-06,1.2,0.034
1939-10-07,2.4,0.068
1939-10-08,23.0,0.6513
1939-10-09,8.2,0.2322
1939-10-10,3.7,0.1048
1939-10-11,2.9,0.0821
1939-10-12,2.5,0.0708
1939-10-13,2.4,0.068
1939-10-14,2.3,0.0651
1939-10-15,2.2,0.0623
1939-10-16,2.1,0.0595
1939-10-17,2.1,0.0595
1939-10-18,2.1,0.0595
1939-10-19,2.1,0.0595
1939-10-20,2.0,0.0566
1939-10-21,2.0,0.0566
1939-10-22,2.0,0.0566
1939-10-23,2.0,0.0566
1939-10-24,2.3,0.0651
1939-10-25,2.0,0.0566
1939-10-26,2.0,0.0566
1939-10-27,1.9,0.0538
1939-10-28,1.9,0.0538
1939-10-29,1.9,0.0538
1939-10-30,1.9,0.0538
1939-10-31,2.0,0.0566
1939-11-01,2.0,0.0566
1939-11-02,1.9,0.0538
1939-11-03,2.0,0.0566
1939-11-04,2.1,0.0595
1939-11-05,2.3,0.0651
1939-11-06,2.5,0.0708
1939-11-07,2.5,0.0708
1939-11-08,2.6,0.0736
1939-11-09,2.6,0.0736
1939-11-10,2.5,0.0708
1939-11-11,2.4,0.068
1939-11-12,2.4,0.068
1939-11-13,2.6,0.0736
1939-11-14,2.8,0.0793
1939-11-15,2.9,0.0821
1939-11-16,2.9,0.0821
1939-11-17,3.1,0.0878
1939-11-18,3.0,0.085
1939-11-19,2.9,0.0821
1939-11-20,2.9,0.0821
1939-11-21,2.8,0.0793
1939-11-22,2.8,0.0793
1939-11-23,2.9,0.0821
1939-11-24,2.9,0.0821
1939-11-25,3.3,0.0934
1939-11-26,3.6,0.1019
1939-11-27,3.6,0.1019
1939-11-28,3.6,0.1019
1939-11-29,4.0,0.1133
1939-11-30,3.8,0.1076
1939-12-01,3.7,0.1048
1939-12-02,3.4,0.0963
1939-12-03,3.1,0.0878
1939-12-04,3.1,0.0878
1939-12-05,3.1,0.0878
1939-12-06,3.1,0.0878
1939-12-07,3.1,0.0878
1939-12-08,3.0,0.085
1939-12-09,3.0,0.085
1939-12-10,3.0,0.085
1939-12-11,3.0,0.085
1939-12-12,2.8,0.0793
1939-12-13,2.8,0.0793
1939-12-14,2.9,0.0821
1939-12-15,2.9,0.0821
1939-12-16,3.0,0.085
1939-12-17,3.0,0.085
1939-12-18,3.0,0.085
1939-12-19,2.9,0.0821
1939-12-20,2.9,0.0821
1939-12-21,2.9,0.0821
1939-12-22,2.9,0.0821
1939-12-23,2.9,0.0821
1939-12-24,2.8,0.0793
1939-12-25,3.7,0.1048
1939-12-26,3.8,0.1076
1939-12-27,3.7,0.1048
1939-12-28,3.3,0.0934
1939-12-29,2.8,0.0793
1939-12-30,3.7,0.1048
1939-12-31,3.1,0.0878
1940-01-01,3.3,0.0934
1940-01-02,3.3,0.0934
1940-01-03,3.4,0.0963
1940-01-04,3.4,0.0963
1940-01-05,3.4,0.0963
1940-01-06,3.8,0.1076
1940-01-07,4.0,0.1133
1940-01-08,4.0,0.1133
1940-01-09,4.0,0.1133
1940-01-10,3.8,0.1076
1940-01-11,3.6,0.1019
1940-01-12,3.6,0.1019
1940-01-13,3.4,0.0963
1940-01-14,3.3,0.0934
1940-01-15,3.4,0.0963
1940-01-16,3.3,0.0934
1940-01-17,3.6,0.1019
1940-01-18,3.0,0.085
1940-01-19,3.0,0.085
1940-01-20,3.0,0.085
1940-01-21,3.0,0.085
1940-01-22,3.0,0.085
1940-01-23,3.0,0.085
1940-01-24,3.0,0.085
1940-01-25,3.0,0.085
1940-01-26,3.0,0.085
1940-01-27,3.0,0.085
1940-01-28,3.0,0.085
1940-01-29,3.7,0.1048
1940-01-30,4.0,0.1133
1940-01-31,3.8,0.1076
1940-02-01,3.6,0.1019
1940-02-02,3.8,0.1076
1940-02-03,4.6,0.1303
1940-02-04,4.3,0.1218
1940-02-05,3.7,0.1048
1940-02-06,3.3,0.0934
1940-02-07,2.9,0.0821
1940-02-08,2.6,0.0736
1940-02-09,2.9,0.0821
1940-02-10,3.0,0.085
1940-02-11,2.9,0.0821
1940-02-12,2.8,0.0793
1940-02-13,2.5,0.0708
1940-02-14,2.6,0.0736
1940-02-15,2.6,0.0736
1940-02-16,2.5,0.0708
1940-02-17,2.6,0.0736
1940-02-18,2.6,0.0736
1940-02-19,2.8,0.0793
1940-02-20,2.9,0.0821
1940-02-21,3.0,0.085
1940-02-22,3.1,0.0878
1940-02-23,3.1,0.0878
1940-02-24,2.8,0.0793
1940-02-25,2.8,0.0793
1940-02-26,2.6,0.0736
1940-02-27,2.5,0.0708
1940-02-28,2.3,0.0651
1940-02-29,2.3,0.0651
1940-03-01,2.1,0.0595
1940-03-02,2.1,0.0595
1940-03-03,2.3,0.0651
1940-03-04,2.3,0.0651
1940-03-05,2.4,0.068
1940-03-06,2.3,0.0651
1940-03-07,2.2,0.0623
1940-03-08,2.3,0.0651
1940-03-09,2.3,0.0651
1940-03-10,2.3,0.0651
1940-03-11,2.4,0.068
1940-03-12,2.3,0.0651
1940-03-13,2.2,0.0623
1940-03-14,2.2,0.0623
1940-03-15,2.2,0.0623
1940-03-16,2.3,0.0651
1940-03-17,2.1,0.0595
1940-03-18,1.9,0.0538
1940-03-19,2.1,0.0595
1940-03-20,2.3,0.0651
1940-03-21,2.3,0.0651
1940-03-22,2.3,0.0651
1940-03-23,2.2,0.0623
1940-03-24,2.2,0.0623
1940-03-25,2.4,0.068
1940-03-26,2.3,0.0651
1940-03-27,2.2,0.0623
1940-03-28,1.8,0.051
1940-03-29,1.7,0.0481
1940-03-30,1.7,0.0481
1940-03-31,1.6,0.0453
1940-04-01,1.4,0.0396
1940-04-02,1.2,0.034
1940-04-03,1.2,0.034
1940-04-04,1.2,0.034
1940-04-05,5.2,0.1472
1940-04-06,4.1,0.1161
1940-04-07,2.8,0.0793
1940-04-08,2.3,0.0651
1940-04-09,1.9,0.0538
1940-04-10,1.6,0.0453
1940-04-11,1.2,0.034
1940-04-12,1.2,0.034
1940-04-13,1.2,0.034
1940-04-14,1.3,0.0368
1940-04-15,1.2,0.034
1940-04-16,0.8,0.0227
1940-04-17,0.6,0.017
1940-04-18,0.8,0.0227
1940-04-19,1.1,0.0311
1940-04-20,1.0,0.0283
1940-04-21,0.7,0.0198
1940-04-22,0.6,0.017
1940-04-23,0.6,0.017
1940-04-24,0.7,0.0198
1940-04-25,0.7,0.0198
1940-04-26,0.7,0.0198
1940-04-27,0.7,0.0198
1940-04-28,0.6,0.017
1940-04-29,0.5,0.0142
1940-04-30,0.5,0.0142
1940-05-01,0.6,0.017
1940-05-02,0.7,0.0198
1940-05-03,0.8,0.0227
1940-05-04,0.8,0.0227
1940-05-05,0.7,0.0198
1940-05-06,0.6,0.017
1940-05-07,0.6,0.017
1940-05-08,0.9,0.0255
1940-05-09,7.6,0.2152
1940-05-10,1.9,0.0538
1940-05-11,1.4,0.0396
1940-05-12,1.1,0.0311
1940-05-13,1.0,0.0283
1940-05-14,0.9,0.0255
1940-05-15,0.8,0.0227
1940-05-16,0.8,0.0227
1940-05-17,0.8,0.0227
1940-05-18,0.7,0.0198
1940-05-19,9.4,0.2662
1940-05-20,2.0,0.0566
1940-05-21,1.3,0.0368
1940-05-22,22.0,0.623
1940-05-23,3.5,0.0991
1940-05-24,5.1,0.1444
1940-05-25,2.4,0.068
1940-05-26,1.3,0.0368
1940-05-27,0.8,0.0227
1940-05-28,0.7,0.0198
1940-05-29,18.0,0.5097
1940-05-30,18.0,0.5097
1940-05-31,4.6,0.1303
1940-06-01,2.0,0.0566
1940-06-02,1.0,0.0283
1940-06-03,0.6,0.017
1940-06-04,0.4,0.0113
1940-06-05,0.4,0.0113
1940-06-06,0.3,0.0085
1940-06-07,0.3,0.0085
1940-06-08,0.2,0.0057
1940-06-09,0.4,0.0113
1940-06-10,0.6,0.017
1940-06-11,0.6,0.017
1940-06-12,0.6,0.017
1940-06-13,0.5,0.0142
1940-06-14,0.5,0.0142
1940-06-15,0.5,0.0142
1940-06-16,0.5,0.0142
1940-06-17,0.4,0.0113
1940-06-18,0.3,0.0085
1940-06-19,38.0,1.076
1940-06-20,8.4,0.2379
1940-06-21,2.3,0.0651
1940-06-22,1.6,0.0453
1940-06-23,0.9,0.0255
1940-06-24,11.0,0.3115
1940-06-25,39.0,1.1044
1940-06-26,9.4,0.2662
1940-06-27,3.3,0.0934
1940-06-28,1.6,0.0453
1940-06-29,13.0,0.3681
1940-06-30,6.5,0.1841
1940-07-01,2.6,0.0736
1940-07-02,1.6,0.0453
1940-07-03,0.9,0.0255
1940-07-04,0.7,0.0198
1940-07-05,0.7,0.0198
1940-07-06,0.7,0.0198
1940-07-07,0.6,0.017
1940-07-08,0.5,0.0142
1940-07-09,0.3,0.0085
1940-07-10,0.2,0.0057
1940-07-11,0.2,0.0057
1940-07-12,0.1,0.0028
1940-07-13,0.2,0.0057
1940-07-14,0.2,0.0057
1940-07-15,0.1,0.0028
1940-07-16,0.1,0.0028
1940-07-17,0.1,0.0028
1940-07-18,0.2,0.0057
1940-07-19,0.3,0.0085
1940-07-20,0.2,0.0057
1940-07-21,0.2,0.0057
1940-07-22,0.1,0.0028
1940-07-23,0.1,0.0028
1940-07-24,0.1,0.0028
1940-07-25,0.0,0.0
1940-07-26,0.0,0.0
1940-07-27,0.0,0.0
1940-07-28,0.2,0.0057
1940-07-29,0.1,0.0028
1940-07-30,0.1,0.0028
1940-07-31,1.0,0.0283
1940-08-01,1.3,0.0368
1940-08-02,0.4,0.0113
1940-08-03,0.2,0.0057
1940-08-04,0.2,0.0057
1940-08-05,0.1,0.0028
1940-08-06,16.0,0.4531
1940-08-07,55.0,1.5574
1940-08-08,13.0,0.3681
1940-08-09,5.0,0.1416
1940-08-10,10.0,0.2832
1940-08-11,17.0,0.4814
1940-08-12,3.1,0.0878
1940-08-13,4.0,0.1133
1940-08-14,5.2,0.1472
1940-08-15,3.4,0.0963
1940-08-16,0.9,0.0255
1940-08-17,0.6,0.017
1940-08-18,4.3,0.1218
1940-08-19,0.8,0.0227
1940-08-20,0.5,0.0142
1940-08-21,0.4,0.0113
1940-08-22,0.3,0.0085
1940-08-23,0.3,0.0085
1940-08-24,0.2,0.0057
1940-08-25,32.0,0.9061
1940-08-26,9.0,0.2549
1940-08-27,8.0,0.2265
1940-08-28,2.9,0.0821
1940-08-29,1.2,0.034
1940-08-30,0.7,0.0198
1940-08-31,0.8,0.0227
1940-09-01,55.0,1.5574
1940-09-02,101.0,2.86
1940-09-03,26.0,0.7362
1940-09-04,8.0,0.2265
1940-09-05,3.8,0.1076
1940-09-06,2.1,0.0595
1940-09-07,1.3,0.0368
1940-09-08,0.7,0.0198
1940-09-09,0.4,0.0113
1940-09-10,0.4,0.0113
1940-09-11,0.4,0.0113
1940-09-12,0.4,0.0113
1940-09-13,0.4,0.0113
1940-09-14,0.4,0.0113
1940-09-15,0.4,0.0113
1940-09-16,0.4,0.0113
1940-09-17,0.5,0.0142
1940-09-18,0.5,0.0142
1940-09-19,0.5,0.0142
1940-09-20,0.6,0.017
1940-09-21,0.6,0.017
1940-09-22,0.6,0.017
1940-09-23,2.0,0.0566
1940-09-24,8.1,0.2294
1940-09-25,0.9,0.0255
1940-09-26,0.7,0.0198
1940-09-27,0.6,0.017
1940-09-28,0.6,0.017
1940-09-29,0.6,0.017
1940-09-30,0.7,0.0198
1940-10-01,0.6,0.017
1940-10-02,0.6,0.017
1940-10-03,0.6,0.017
1940-10-04,0.6,0.017
1940-10-05,0.6,0.017
1940-10-06,0.4,0.0113
1940-10-07,0.4,0.0113
1940-10-08,0.5,0.0142
1940-10-09,0.5,0.0142
1940-10-10,0.9,0.0255
1940-10-11,12.0,0.3398
1940-10-12,100.0,2.8317
1940-10-13,1740.0,49.2712
1940-10-14,132.0,3.7378
1940-10-15,32.0,0.9061
1940-10-16,15.0,0.4248
1940-10-17,9.0,0.2549
1940-10-18,6.7,0.1897
1940-10-19,5.4,0.1529
1940-10-20,4.8,0.1359
1940-10-21,4.3,0.1218
1940-10-22,3.8,0.1076
1940-10-23,3.6,0.1019
1940-10-24,3.4,0.0963
1940-10-25,3.3,0.0934
1940-10-26,3.1,0.0878
1940-10-27,3.0,0.085
1940-10-28,2.6,0.0736
1940-10-29,2.6,0.0736
1940-10-30,2.6,0.0736
1940-10-31,2.5,0.0708
1940-11-01,2.5,0.0708
1940-11-02,2.5,0.0708
1940-11-03,2.5,0.0708
1940-11-04,2.6,0.0736
1940-11-05,2.4,0.068
1940-11-06,2.5,0.0708
1940-11-07,3.3,0.0934
1940-11-08,5.3,0.1501
1940-11-09,4.2,0.1189
1940-11-10,2.9,0.0821
1940-11-11,2.4,0.068
1940-11-12,2.3,0.0651
1940-11-13,2.4,0.068
1940-11-14,2.5,0.0708
1940-11-15,2.6,0.0736
1940-11-16,2.6,0.0736
1940-11-17,2.6,0.0736
1940-11-18,2.6,0.0736
1940-11-19,2.6,0.0736
1940-11-20,2.5,0.0708
1940-11-21,2.5,0.0708
1940-11-22,2.6,0.0736
1940-11-23,2.8,0.0793
1940-11-24,3.0,0.085
1940-11-25,2.9,0.0821
1940-11-26,2.6,0.0736
1940-11-27,2.6,0.0736
1940-11-28,2.6,0.0736
1940-11-29,2.6,0.0736
1940-11-30,2.6,0.0736
1940-12-01,2.5,0.0708
1940-12-02,2.4,0.068
1940-12-03,2.4,0.068
1940-12-04,2.4,0.068
1940-12-05,2.4,0.068
1940-12-06,2.5,0.0708
1940-12-07,2.5,0.0708
1940-12-08,2.4,0.068
1940-12-09,2.4,0.068
1940-12-10,2.3,0.0651
1940-12-11,2.3,0.0651
1940-12-12,2.4,0.068
1940-12-13,2.6,0.0736
1940-12-14,2.6,0.0736
1940-12-15,2.5,0.0708
1940-12-16,2.4,0.068
1940-12-17,2.4,0.068
1940-12-18,2.4,0.068
1940-12-19,2.4,0.068
1940-12-20,2.4,0.068
1940-12-21,2.3,0.0651
1940-12-22,2.3,0.0651
1940-12-23,2.3,0.0651
1940-12-24,2.3,0.0651
1940-12-25,2.1,0.0595
1940-12-26,1.8,0.051
1940-12-27,2.0,0.0566
1940-12-28,2.0,0.0566
1940-12-29,2.0,0.0566
1940-12-30,2.2,0.0623
1940-12-31,2.3,0.0651
1941-01-01,2.4,0.068
1941-01-02,2.6,0.0736
1941-01-03,2.6,0.0736
1941-01-04,2.5,0.0708
1941-01-05,2.4,0.068
1941-01-06,2.4,0.068
1941-01-07,2.4,0.068
1941-01-08,2.3,0.0651
1941-01-09,2.3,0.0651
1941-01-10,2.3,0.0651
1941-01-11,2.3,0.0651
1941-01-12,1.7,0.0481
1941-01-13,5.0,0.1416
1941-01-14,2.8,0.0793
1941-01-15,2.1,0.0595
1941-01-16,1.8,0.051
1941-01-17,1.8,0.051
1941-01-18,1.9,0.0538
1941-01-19,2.0,0.0566
1941-01-20,2.0,0.0566
1941-01-21,1.9,0.0538
1941-01-22,1.9,0.0538
1941-01-23,1.9,0.0538
1941-01-24,1.9,0.0538
1941-01-25,1.9,0.0538
1941-01-26,1.8,0.051
1941-01-27,2.0,0.0566
1941-01-28,2.4,0.068
1941-01-29,2.8,0.0793
1941-01-30,2.6,0.0736
1941-01-31,2.4,0.068
1941-02-01,2.8,0.0793
1941-02-02,2.9,0.0821
1941-02-03,2.4,0.068
1941-02-04,2.2,0.0623
1941-02-05,2.3,0.0651
1941-02-06,2.5,0.0708
1941-02-07,2.4,0.068
1941-02-08,2.3,0.0651
1941-02-09,2.3,0.0651
1941-02-10,2.0,0.0566
1941-02-11,1.9,0.0538
1941-02-12,1.6,0.0453
1941-02-13,1.4,0.0396
1941-02-14,1.6,0.0453
1941-02-15,1.7,0.0481
1941-02-16,1.8,0.051
1941-02-17,1.8,0.051
1941-02-18,1.9,0.0538
1941-02-19,1.9,0.0538
1941-02-20,1.8,0.051
1941-02-21,1.9,0.0538
1941-02-22,2.1,0.0595
1941-02-23,3.3,0.0934
1941-02-24,2.8,0.0793
1941-02-25,2.4,0.068
1941-02-26,2.2,0.0623
1941-02-27,2.0,0.0566
1941-02-28,1.8,0.051
1941-03-01,1.8,0.051
1941-03-02,1.7,0.0481
1941-03-03,1.5,0.0425
1941-03-04,1.4,0.0396
1941-03-05,1.4,0.0396
1941-03-06,1.6,0.0453
1941-03-07,1.6,0.0453
1941-03-08,1.6,0.0453
1941-03-09,1.6,0.0453
1941-03-10,1.3,0.0368
1941-03-11,1.5,0.0425
1941-03-12,1.5,0.0425
1941-03-13,1.6,0.0453
1941-03-14,1.7,0.0481
1941-03-15,1.8,0.051
1941-03-16,1.6,0.0453
1941-03-17,2.9,0.0821
1941-03-18,3.3,0.0934
1941-03-19,2.5,0.0708
1941-03-20,2.1,0.0595
1941-03-21,2.3,0.0651
1941-03-22,7.2,0.2039
1941-03-23,4.3,0.1218
1941-03-24,2.6,0.0736
1941-03-25,15.0,0.4248
1941-03-26,2.1,0.0595
1941-03-27,2.0,0.0566
1941-03-28,1.9,0.0538
1941-03-29,1.8,0.051
1941-03-30,1.8,0.051
1941-03-31,1.7,0.0481
1941-04-01,1.6,0.0453
1941-04-02,1.5,0.0425
1941-04-03,1.3,0.0368
1941-04-04,1.2,0.034
1941-04-05,1.3,0.0368
1941-04-06,1.2,0.034
1941-04-07,1.1,0.0311
1941-04-08,1.1,0.0311
1941-04-09,1.2,0.034
1941-04-10,1.3,0.0368
1941-04-11,1.4,0.0396
1941-04-12,1.3,0.0368
1941-04-13,1.1,0.0311
1941-04-14,1.0,0.0283
1941-04-15,1.0,0.0283
1941-04-16,0.9,0.0255
1941-04-17,0.8,0.0227
1941-04-18,0.7,0.0198
1941-04-19,0.6,0.017
1941-04-20,0.6,0.017
1941-04-21,0.8,0.0227
1941-04-22,1.3,0.0368
1941-04-23,1.6,0.0453
1941-04-24,1.6,0.0453
1941-04-25,1.9,0.0538
1941-04-26,3.4,0.0963
1941-04-27,476.0,13.4788
1941-04-28,26.0,0.7362
1941-04-29,81.0,2.2937
1941-04-30,36.0,1.0194
1941-05-01,211.0,5.9748
1941-05-02,379.0,10.7321
1941-05-03,43.0,1.2176
1941-05-04,17.0,0.4814
1941-05-05,8.5,0.2407
1941-05-06,5.8,0.1642
1941-05-07,4.2,0.1189
1941-05-08,3.6,0.1019
1941-05-09,3.0,0.085
1941-05-10,2.8,0.0793
1941-05-11,62.0,1.7556
1941-05-12,537.0,15.2061
1941-05-13,36.0,1.0194
1941-05-14,20.0,0.5663
1941-05-15,16.0,0.4531
1941-05-16,15.0,0.4248
1941-05-17,17.0,0.4814
1941-05-18,51.0,1.4442
1941-05-19,22.0,0.623
1941-05-20,16.0,0.4531
1941-05-21,34.0,0.9628
1941-05-22,253.0,7.1642
1941-05-23,4340.0,122.8949
1941-05-24,683.0,19.3404
1941-05-25,118.0,3.3414
1941-05-26,27.0,0.7646
1941-05-27,20.0,0.5663
1941-05-28,17.0,0.4814
1941-05-29,15.0,0.4248
1941-05-30,190.0,5.3802
1941-05-31,41.0,1.161
1941-06-01,18.0,0.5097
1941-06-02,11.0,0.3115
1941-06-03,8.5,0.2407
1941-06-04,7.2,0.2039
1941-06-05,13.0,0.3681
1941-06-06,132.0,3.7378
1941-06-07,64.0,1.8123
1941-06-08,17.0,0.4814
1941-06-09,9.2,0.2605
1941-06-10,6.9,0.1954
1941-06-11,7.1,0.201
1941-06-12,5.4,0.1529
1941-06-13,5.1,0.1444
1941-06-14,5.0,0.1416
1941-06-15,247.0,6.9942
1941-06-16,132.0,3.7378
1941-06-17,23.0,0.6513
1941-06-18,13.0,0.3681
1941-06-19,9.2,0.2605
1941-06-20,12.0,0.3398
1941-06-21,26.0,0.7362
1941-06-22,16.0,0.4531
1941-06-23,8.2,0.2322
1941-06-24,6.3,0.1784
1941-06-25,6.1,0.1727
1941-06-26,9.0,0.2549
1941-06-27,25.0,0.7079
1941-06-28,71.0,2.0105
1941-06-29,8.7,0.2464
1941-06-30,6.3,0.1784
1941-07-01,5.3,0.1501
1941-07-02,6.1,0.1727
1941-07-03,13.0,0.3681
1941-07-04,8.2,0.2322
1941-07-05,5.4,0.1529
1941-07-06,4.6,0.1303
1941-07-07,109.0,3.0865
1941-07-08,105.0,2.9733
1941-07-09,26.0,0.7362
1941-07-10,10.0,0.2832
1941-07-11,7.2,0.2039
1941-07-12,74.0,2.0954
1941-07-13,25.0,0.7079
1941-07-14,12.0,0.3398
1941-07-15,7.4,0.2095
1941-07-16,5.8,0.1642
1941-07-17,5.1,0.1444
1941-07-18,4.6,0.1303
1941-07-19,4.3,0.1218
1941-07-20,4.0,0.1133
1941-07-21,4.0,0.1133
1941-07-22,164.0,4.644
1941-07-23,90.0,2.5485
1941-07-24,24.0,0.6796
1941-07-25,14.0,0.3964
1941-07-26,8.7,0.2464
1941-07-27,17.0,0.4814
1941-07-28,145.0,4.1059
1941-07-29,42.0,1.1893
1941-07-30,17.0,0.4814
1941-07-31,14.0,0.3964
1941-08-01,8.0,0.2265
1941-08-02,5.6,0.1586
1941-08-03,4.8,0.1359
1941-08-04,4.2,0.1189
1941-08-05,4.3,0.1218
1941-08-06,5.3,0.1501
1941-08-07,3.8,0.1076
1941-08-08,3.4,0.0963
1941-08-09,3.4,0.0963
1941-08-10,3.4,0.0963
1941-08-11,6.3,0.1784
1941-08-12,5.9,0.1671
1941-08-13,230.0,6.5129
1941-08-14,35.0,0.9911
1941-08-15,11.0,0.3115
1941-08-16,6.5,0.1841
1941-08-17,4.8,0.1359
1941-08-18,4.0,0.1133
1941-08-19,5.3,0.1501
1941-08-20,13.0,0.3681
1941-08-21,3.7,0.1048
1941-08-22,3.1,0.0878
1941-08-23,3.1,0.0878
1941-08-24,361.0,10.2224
1941-08-25,53.0,1.5008
1941-08-26,19.0,0.538
1941-08-27,7.4,0.2095
1941-08-28,5.3,0.1501
1941-08-29,22.0,0.623
1941-08-30,20.0,0.5663
1941-08-31,24.0,0.6796
1941-09-01,18.0,0.5097
1941-09-02,49.0,1.3875
1941-09-03,70.0,1.9822
1941-09-04,16.0,0.4531
1941-09-05,17.0,0.4814
1941-09-06,9.0,0.2549
1941-09-07,8.0,0.2265
1941-09-08,6.9,0.1954
1941-09-09,6.3,0.1784
1941-09-10,6.1,0.1727
1941-09-11,6.9,0.1954
1941-09-12,8.2,0.2322
1941-09-13,7.6,0.2152
1941-09-14,6.3,0.1784
1941-09-15,7.2,0.2039
1941-09-16,9.4,0.2662
1941-09-17,163.0,4.6156
1941-09-18,49.0,1.3875
1941-09-19,328.0,9.2879
1941-09-20,91.0,2.5768
1941-09-21,39.0,1.1044
1941-09-22,594.0,16.8202
1941-09-23,319.0,9.0331
1941-09-24,40.0,1.1327
1941-09-25,21.0,0.5947
1941-09-26,14.0,0.3964
1941-09-27,10.0,0.2832
1941-09-28,8.7,0.2464
1941-09-29,8.5,0.2407
1941-09-30,21.0,0.5947
1941-10-01,8.5,0.2407
1941-10-02,8.8,0.2492
1941-10-03,9.1,0.2577
1941-10-04,6.7,0.1897
1941-10-05,6.0,0.1699
1941-10-06,5.6,0.1586
1941-10-07,5.4,0.1529
1941-10-08,5.6,0.1586
1941-10-09,5.6,0.1586
1941-10-10,5.3,0.1501
1941-10-11,6.0,0.1699
1941-10-12,7.0,0.1982
1941-10-13,7.4,0.2095
1941-10-14,6.0,0.1699
1941-10-15,5.1,0.1444
1941-10-16,5.1,0.1444
1941-10-17,5.3,0.1501
1941-10-18,5.3,0.1501
1941-10-19,5.3,0.1501
1941-10-20,5.3,0.1501
1941-10-21,5.4,0.1529
1941-10-22,6.1,0.1727
1941-10-23,6.1,0.1727
1941-10-24,512.0,14.4982
1941-10-25,41.0,1.161
1941-10-26,20.0,0.5663
1941-10-27,10.0,0.2832
1941-10-28,8.0,0.2265
1941-10-29,7.4,0.2095
1941-10-30,11.0,0.3115
1941-10-31,13.0,0.3681
1941-11-01,11.0,0.3115
1941-11-02,8.0,0.2265
1941-11-03,7.2,0.2039
1941-11-04,6.9,0.1954
1941-11-05,6.9,0.1954
1941-11-06,6.9,0.1954
1941-11-07,6.9,0.1954
1941-11-08,6.9,0.1954
1941-11-09,6.7,0.1897
1941-11-10,6.7,0.1897
1941-11-11,6.5,0.1841
1941-11-12,6.5,0.1841
1941-11-13,6.1,0.1727
1941-11-14,6.0,0.1699
1941-11-15,6.0,0.1699
1941-11-16,6.1,0.1727
1941-11-17,6.1,0.1727
1941-11-18,6.1,0.1727
1941-11-19,6.0,0.1699
1941-11-20,5.8,0.1642
1941-11-21,6.0,0.1699
1941-11-22,6.3,0.1784
1941-11-23,6.1,0.1727
1941-11-24,6.1,0.1727
1941-11-25,6.1,0.1727
1941-11-26,6.3,0.1784
1941-11-27,6.3,0.1784
1941-11-28,6.3,0.1784
1941-11-29,6.5,0.1841
1941-11-30,6.5,0.1841
1941-12-01,6.3,0.1784
1941-12-02,6.1,0.1727
1941-12-03,6.1,0.1727
1941-12-04,6.0,0.1699
1941-12-05,5.8,0.1642
1941-12-06,5.8,0.1642
1941-12-07,6.0,0.1699
1941-12-08,6.1,0.1727
1941-12-09,6.1,0.1727
1941-12-10,6.5,0.1841
1941-12-11,7.2,0.2039
1941-12-12,9.2,0.2605
1941-12-13,8.0,0.2265
1941-12-14,7.2,0.2039
1941-12-15,7.0,0.1982
1941-12-16,7.0,0.1982
1941-12-17,7.0,0.1982
1941-12-18,6.9,0.1954
1941-12-19,6.9,0.1954
1941-12-20,6.9,0.1954
1941-12-21,7.0,0.1982
1941-12-22,7.0,0.1982
1941-12-23,6.7,0.1897
1941-12-24,6.9,0.1954
1941-12-25,6.9,0.1954
1941-12-26,7.0,0.1982
1941-12-27,7.0,0.1982
1941-12-28,7.2,0.2039
1941-12-29,7.4,0.2095
1941-12-30,7.4,0.2095
1941-12-31,7.2,0.2039
1942-01-01,7.0,0.1982
1942-01-02,7.0,0.1982
1942-01-03,7.4,0.2095
1942-01-04,7.4,0.2095
1942-01-05,7.6,0.2152
1942-01-06,7.6,0.2152
1942-01-07,7.6,0.2152
1942-01-08,7.6,0.2152
1942-01-09,7.6,0.2152
1942-01-10,7.4,0.2095
1942-01-11,7.6,0.2152
1942-01-12,7.6,0.2152
1942-01-13,7.6,0.2152
1942-01-14,8.2,0.2322
1942-01-15,9.0,0.2549
1942-01-16,8.2,0.2322
1942-01-17,8.0,0.2265
1942-01-18,7.8,0.2209
1942-01-19,7.6,0.2152
1942-01-20,7.6,0.2152
1942-01-21,7.6,0.2152
1942-01-22,7.6,0.2152
1942-01-23,7.8,0.2209
1942-01-24,7.8,0.2209
1942-01-25,7.8,0.2209
1942-01-26,7.2,0.2039
1942-01-27,7.2,0.2039
1942-01-28,7.2,0.2039
1942-01-29,7.2,0.2039
1942-01-30,6.9,0.1954
1942-01-31,7.0,0.1982
1942-02-01,7.0,0.1982
1942-02-02,7.4,0.2095
1942-02-03,7.4,0.2095
1942-02-04,7.2,0.2039
1942-02-05,6.9,0.1954
1942-02-06,6.7,0.1897
1942-02-07,6.9,0.1954
1942-02-08,7.0,0.1982
1942-02-09,6.7,0.1897
1942-02-10,6.9,0.1954
1942-02-11,7.6,0.2152
1942-02-12,7.2,0.2039
1942-02-13,7.2,0.2039
1942-02-14,7.4,0.2095
1942-02-15,7.4,0.2095
1942-02-16,7.0,0.1982
1942-02-17,6.9,0.1954
1942-02-18,6.7,0.1897
1942-02-19,7.0,0.1982
1942-02-20,7.0,0.1982
1942-02-21,7.2,0.2039
1942-02-22,7.0,0.1982
1942-02-23,6.3,0.1784
1942-02-24,6.5,0.1841
1942-02-25,6.7,0.1897
1942-02-26,6.7,0.1897
1942-02-27,6.7,0.1897
1942-02-28,7.2,0.2039
1942-03-01,7.4,0.2095
1942-03-02,7.4,0.2095
1942-03-03,7.0,0.1982
1942-03-04,7.4,0.2095
1942-03-05,7.4,0.2095
1942-03-06,6.9,0.1954
1942-03-07,6.5,0.1841
1942-03-08,7.0,0.1982
1942-03-09,7.0,0.1982
1942-03-10,6.7,0.1897
1942-03-11,6.5,0.1841
1942-03-12,6.9,0.1954
1942-03-13,6.7,0.1897
1942-03-14,6.7,0.1897
1942-03-15,6.5,0.1841
1942-03-16,6.1,0.1727
1942-03-17,6.1,0.1727
1942-03-18,6.7,0.1897
1942-03-19,6.9,0.1954
1942-03-20,6.5,0.1841
1942-03-21,6.5,0.1841
1942-03-22,6.7,0.1897
1942-03-23,6.9,0.1954
1942-03-24,6.9,0.1954
1942-03-25,6.1,0.1727
1942-03-26,6.1,0.1727
1942-03-27,6.3,0.1784
1942-03-28,6.7,0.1897
1942-03-29,6.7,0.1897
1942-03-30,6.7,0.1897
1942-03-31,6.7,0.1897
1942-04-01,6.9,0.1954
1942-04-02,6.9,0.1954
1942-04-03,6.9,0.1954
1942-04-04,6.7,0.1897
1942-04-05,6.5,0.1841
1942-04-06,6.7,0.1897
1942-04-07,6.7,0.1897
1942-04-08,7.0,0.1982
1942-04-09,8.0,0.2265
1942-04-10,7.4,0.2095
1942-04-11,6.9,0.1954
1942-04-12,6.9,0.1954
1942-04-13,6.5,0.1841
1942-04-14,6.5,0.1841
1942-04-15,6.3,0.1784
1942-04-16,6.3,0.1784
1942-04-17,13.0,0.3681
1942-04-18,29.0,0.8212
1942-04-19,7.8,0.2209
1942-04-20,6.7,0.1897
1942-04-21,6.5,0.1841
1942-04-22,7.2,0.2039
1942-04-23,79.0,2.237
1942-04-24,30.0,0.8495
1942-04-25,12.0,0.3398
1942-04-26,8.5,0.2407
1942-04-27,7.8,0.2209
1942-04-28,7.2,0.2039
1942-04-29,6.9,0.1954
1942-04-30,6.3,0.1784
1942-05-01,6.1,0.1727
1942-05-02,6.3,0.1784
1942-05-03,6.1,0.1727
1942-05-04,6.3,0.1784
1942-05-05,6.7,0.1897
1942-05-06,6.5,0.1841
1942-05-07,6.7,0.1897
1942-05-08,7.2,0.2039
1942-05-09,7.0,0.1982
1942-05-10,6.7,0.1897
1942-05-11,6.3,0.1784
1942-05-12,5.8,0.1642
1942-05-13,5.4,0.1529
1942-05-14,5.4,0.1529
1942-05-15,6.0,0.1699
1942-05-16,6.0,0.1699
1942-05-17,5.6,0.1586
1942-05-18,5.6,0.1586
1942-05-19,6.1,0.1727
1942-05-20,6.5,0.1841
1942-05-21,6.1,0.1727
1942-05-22,6.1,0.1727
1942-05-23,59.0,1.6707
1942-05-24,10.0,0.2832
1942-05-25,6.5,0.1841
1942-05-26,5.6,0.1586
1942-05-27,5.0,0.1416
1942-05-28,4.5,0.1274
1942-05-29,4.5,0.1274
1942-05-30,4.3,0.1218
1942-05-31,4.3,0.1218
1942-06-01,4.8,0.1359
1942-06-02,4.8,0.1359
1942-06-03,4.6,0.1303
1942-06-04,5.0,0.1416
1942-06-05,37.0,1.0477
1942-06-06,16.0,0.4531
1942-06-07,7.2,0.2039
1942-06-08,5.8,0.1642
1942-06-09,5.4,0.1529
1942-06-10,4.5,0.1274
1942-06-11,3.8,0.1076
1942-06-12,3.3,0.0934
1942-06-13,3.0,0.085
1942-06-14,3.7,0.1048
1942-06-15,4.3,0.1218
1942-06-16,4.2,0.1189
1942-06-17,3.6,0.1019
1942-06-18,3.4,0.0963
1942-06-19,7.3,0.2067
1942-06-20,5.0,0.1416
1942-06-21,3.6,0.1019
1942-06-22,3.1,0.0878
1942-06-23,2.9,0.0821
1942-06-24,6.8,0.1926
1942-06-25,20.0,0.5663
1942-06-26,6.5,0.1841
1942-06-27,4.5,0.1274
1942-06-28,4.3,0.1218
1942-06-29,4.2,0.1189
1942-06-30,89.0,2.5202
1942-07-01,25.0,0.7079
1942-07-02,9.7,0.2747
1942-07-03,7.8,0.2209
1942-07-04,6.0,0.1699
1942-07-05,5.3,0.1501
1942-07-06,4.8,0.1359
1942-07-07,4.3,0.1218
1942-07-08,4.0,0.1133
1942-07-09,4.0,0.1133
1942-07-10,4.0,0.1133
1942-07-11,5.4,0.1529
1942-07-12,5.1,0.1444
1942-07-13,4.3,0.1218
1942-07-14,3.6,0.1019
1942-07-15,3.4,0.0963
1942-07-16,3.8,0.1076
1942-07-17,3.8,0.1076
1942-07-18,3.8,0.1076
1942-07-19,3.3,0.0934
1942-07-20,3.1,0.0878
1942-07-21,3.3,0.0934
1942-07-22,3.6,0.1019
1942-07-23,3.8,0.1076
1942-07-24,3.7,0.1048
1942-07-25,4.2,0.1189
1942-07-26,4.3,0.1218
1942-07-27,3.8,0.1076
1942-07-28,3.3,0.0934
1942-07-29,3.3,0.0934
1942-07-30,3.1,0.0878
1942-07-31,3.0,0.085
1942-08-01,2.9,0.0821
1942-08-02,3.0,0.085
1942-08-03,3.8,0.1076
1942-08-04,3.8,0.1076
1942-08-05,3.7,0.1048
1942-08-06,3.4,0.0963
1942-08-07,3.3,0.0934
1942-08-08,3.3,0.0934
1942-08-09,47.0,1.3309
1942-08-10,25.0,0.7079
1942-08-11,10.0,0.2832
1942-08-12,7.8,0.2209
1942-08-13,7.0,0.1982
1942-08-14,6.9,0.1954
1942-08-15,7.0,0.1982
1942-08-16,5.8,0.1642
1942-08-17,6.3,0.1784
1942-08-18,5.6,0.1586
1942-08-19,5.0,0.1416
1942-08-20,4.8,0.1359
1942-08-21,4.8,0.1359
1942-08-22,38.0,1.076
1942-08-23,189.0,5.3519
1942-08-24,32.0,0.9061
1942-08-25,305.0,8.6366
1942-08-26,26.0,0.7362
1942-08-27,12.0,0.3398
1942-08-28,16.0,0.4531
1942-08-29,22.0,0.623
1942-08-30,7.6,0.2152
1942-08-31,18.0,0.5097
1942-09-01,12.0,0.3398
1942-09-02,8.0,0.2265
1942-09-03,113.0,3.1998
1942-09-04,40.0,1.1327
1942-09-05,15.0,0.4248
1942-09-06,11.0,0.3115
1942-09-07,85.0,2.4069
1942-09-08,64.0,1.8123
1942-09-09,12.0,0.3398
1942-09-10,8.7,0.2464
1942-09-11,7.8,0.2209
1942-09-12,7.0,0.1982
1942-09-13,7.0,0.1982
1942-09-14,6.7,0.1897
1942-09-15,6.7,0.1897
1942-09-16,6.5,0.1841
1942-09-17,6.1,0.1727
1942-09-18,10.0,0.2832
1942-09-19,19.0,0.538
1942-09-20,15.0,0.4248
1942-09-21,10.0,0.2832
1942-09-22,7.8,0.2209
1942-09-23,7.2,0.2039
1942-09-24,7.4,0.2095
1942-09-25,7.0,0.1982
1942-09-26,6.3,0.1784
1942-09-27,6.0,0.1699
1942-09-28,6.1,0.1727
1942-09-29,6.1,0.1727
1942-09-30,6.0,0.1699
1942-10-01,6.0,0.1699
1942-10-02,6.5,0.1841
1942-10-03,7.2,0.2039
1942-10-04,7.0,0.1982
1942-10-05,6.3,0.1784
1942-10-06,6.1,0.1727
1942-10-07,6.1,0.1727
1942-10-08,6.0,0.1699
1942-10-09,6.0,0.1699
1942-10-10,6.0,0.1699
1942-10-11,6.1,0.1727
1942-10-12,6.7,0.1897
1942-10-13,12.0,0.3398
1942-10-14,8.2,0.2322
1942-10-15,7.8,0.2209
1942-10-16,7.4,0.2095
1942-10-17,6.9,0.1954
1942-10-18,13.0,0.3681
1942-10-19,16.0,0.4531
1942-10-20,11.0,0.3115
1942-10-21,8.0,0.2265
1942-10-22,7.2,0.2039
1942-10-23,6.7,0.1897
1942-10-24,6.9,0.1954
1942-10-25,6.9,0.1954
1942-10-26,6.9,0.1954
1942-10-27,7.2,0.2039
1942-10-28,6.9,0.1954
1942-10-29,6.7,0.1897
1942-10-30,6.5,0.1841
1942-10-31,6.5,0.1841
1942-11-01,6.7,0.1897
1942-11-02,6.5,0.1841
1942-11-03,6.7,0.1897
1942-11-04,6.9,0.1954
1942-11-05,6.9,0.1954
1942-11-06,6.7,0.1897
1942-11-07,6.9,0.1954
1942-11-08,7.2,0.2039
1942-11-09,8.0,0.2265
1942-11-10,6.7,0.1897
1942-11-11,6.5,0.1841
1942-11-12,6.9,0.1954
1942-11-13,7.0,0.1982
1942-11-14,7.0,0.1982
1942-11-15,7.0,0.1982
1942-11-16,6.7,0.1897
1942-11-17,6.5,0.1841
1942-11-18,6.5,0.1841
1942-11-19,6.7,0.1897
1942-11-20,6.7,0.1897
1942-11-21,6.1,0.1727
1942-11-22,6.7,0.1897
1942-11-23,7.0,0.1982
1942-11-24,7.2,0.2039
1942-11-25,6.9,0.1954
1942-11-26,6.7,0.1897
1942-11-27,6.9,0.1954
1942-11-28,6.9,0.1954
1942-11-29,6.9,0.1954
1942-11-30,7.0,0.1982
1942-12-01,6.9,0.1954
1942-12-02,6.7,0.1897
1942-12-03,6.5,0.1841
1942-12-04,6.5,0.1841
1942-12-05,6.7,0.1897
1942-12-06,11.0,0.3115
1942-12-07,11.0,0.3115
1942-12-08,8.5,0.2407
1942-12-09,7.6,0.2152
1942-12-10,7.4,0.2095
1942-12-11,7.2,0.2039
1942-12-12,7.2,0.2039
1942-12-13,7.2,0.2039
1942-12-14,7.2,0.2039
1942-12-15,7.4,0.2095
1942-12-16,7.2,0.2039
1942-12-17,7.2,0.2039
1942-12-18,7.2,0.2039
1942-12-19,7.2,0.2039
1942-12-20,10.0,0.2832
1942-12-21,12.0,0.3398
1942-12-22,10.0,0.2832
1942-12-23,8.2,0.2322
1942-12-24,7.4,0.2095
1942-12-25,7.0,0.1982
1942-12-26,6.9,0.1954
1942-12-27,6.9,0.1954
1942-12-28,7.0,0.1982
1942-12-29,7.4,0.2095
1942-12-30,7.2,0.2039
1942-12-31,7.2,0.2039
1943-01-01,7.2,0.2039
1943-01-02,7.2,0.2039
1943-01-03,7.2,0.2039
1943-01-04,7.0,0.1982
1943-01-05,7.4,0.2095
1943-01-06,7.8,0.2209
1943-01-07,7.8,0.2209
1943-01-08,7.4,0.2095
1943-01-09,7.2,0.2039
1943-01-10,7.2,0.2039
1943-01-11,7.2,0.2039
1943-01-12,7.4,0.2095
1943-01-13,7.2,0.2039
1943-01-14,7.0,0.1982
1943-01-15,7.0,0.1982
1943-01-16,6.7,0.1897
1943-01-17,6.3,0.1784
1943-01-18,6.5,0.1841
1943-01-19,6.7,0.1897
1943-01-20,6.7,0.1897
1943-01-21,7.0,0.1982
1943-01-22,6.7,0.1897
1943-01-23,6.5,0.1841
1943-01-24,6.1,0.1727
1943-01-25,6.3,0.1784
1943-01-26,6.5,0.1841
1943-01-27,6.7,0.1897
1943-01-28,7.0,0.1982
1943-01-29,7.0,0.1982
1943-01-30,6.9,0.1954
1943-01-31,6.5,0.1841
1943-02-01,6.5,0.1841
1943-02-02,6.7,0.1897
1943-02-03,6.7,0.1897
1943-02-04,6.3,0.1784
1943-02-05,6.3,0.1784
1943-02-06,6.3,0.1784
1943-02-07,6.3,0.1784
1943-02-08,6.5,0.1841
1943-02-09,6.3,0.1784
1943-02-10,5.8,0.1642
1943-02-11,6.0,0.1699
1943-02-12,6.1,0.1727
1943-02-13,6.3,0.1784
1943-02-14,6.3,0.1784
1943-02-15,6.1,0.1727
1943-02-16,6.0,0.1699
1943-02-17,6.1,0.1727
1943-02-18,6.1,0.1727
1943-02-19,6.1,0.1727
1943-02-20,6.0,0.1699
1943-02-21,5.8,0.1642
1943-02-22,5.8,0.1642
1943-02-23,5.8,0.1642
1943-02-24,5.8,0.1642
1943-02-25,5.8,0.1642
1943-02-26,6.1,0.1727
1943-02-27,6.1,0.1727
1943-02-28,6.1,0.1727
1943-03-01,6.0,0.1699
1943-03-02,6.0,0.1699
1943-03-03,6.0,0.1699
1943-03-04,6.3,0.1784
1943-03-05,6.1,0.1727
1943-03-06,5.6,0.1586
1943-03-07,5.6,0.1586
1943-03-08,6.0,0.1699
1943-03-09,6.0,0.1699
1943-03-10,5.6,0.1586
1943-03-11,5.6,0.1586
1943-03-12,5.6,0.1586
1943-03-13,5.6,0.1586
1943-03-14,5.6,0.1586
1943-03-15,5.4,0.1529
1943-03-16,5.0,0.1416
1943-03-17,5.1,0.1444
1943-03-18,5.3,0.1501
1943-03-19,5.0,0.1416
1943-03-20,5.0,0.1416
1943-03-21,5.3,0.1501
1943-03-22,5.4,0.1529
1943-03-23,5.6,0.1586
1943-03-24,8.2,0.2322
1943-03-25,6.5,0.1841
1943-03-26,5.8,0.1642
1943-03-27,5.4,0.1529
1943-03-28,5.0,0.1416
1943-03-29,5.0,0.1416
1943-03-30,4.8,0.1359
1943-03-31,4.8,0.1359
1943-04-01,4.5,0.1274
1943-04-02,4.6,0.1303
1943-04-03,4.5,0.1274
1943-04-04,4.5,0.1274
1943-04-05,4.3,0.1218
1943-04-06,4.3,0.1218
1943-04-07,4.5,0.1274
1943-04-08,4.2,0.1189
1943-04-09,3.8,0.1076
1943-04-10,3.7,0.1048
1943-04-11,3.8,0.1076
1943-04-12,3.8,0.1076
1943-04-13,4.0,0.1133
1943-04-14,4.0,0.1133
1943-04-15,4.0,0.1133
1943-04-16,3.8,0.1076
1943-04-17,3.6,0.1019
1943-04-18,3.6,0.1019
1943-04-19,4.2,0.1189
1943-04-20,4.5,0.1274
1943-04-21,4.0,0.1133
1943-04-22,3.4,0.0963
1943-04-23,3.3,0.0934
1943-04-24,3.3,0.0934
1943-04-25,3.0,0.085
1943-04-26,2.8,0.0793
1943-04-27,2.6,0.0736
1943-04-28,2.6,0.0736
1943-04-29,2.6,0.0736
1943-04-30,2.6,0.0736
1943-05-01,2.6,0.0736
1943-05-02,2.5,0.0708
1943-05-03,2.5,0.0708
1943-05-04,2.2,0.0623
1943-05-05,2.1,0.0595
1943-05-06,2.0,0.0566
1943-05-07,1.9,0.0538
1943-05-08,1.8,0.051
1943-05-09,2.2,0.0623
1943-05-10,3.1,0.0878
1943-05-11,3.0,0.085
1943-05-12,2.6,0.0736
1943-05-13,2.4,0.068
1943-05-14,2.6,0.0736
1943-05-15,2.6,0.0736
1943-05-16,2.2,0.0623
1943-05-17,1.9,0.0538
1943-05-18,1.9,0.0538
1943-05-19,2.5,0.0708
1943-05-20,2.9,0.0821
1943-05-21,4.3,0.1218
1943-05-22,20.0,0.5663
1943-05-23,14.0,0.3964
1943-05-24,6.7,0.1897
1943-05-25,4.2,0.1189
1943-05-26,3.4,0.0963
1943-05-27,2.8,0.0793
1943-05-28,2.4,0.068
1943-05-29,2.6,0.0736
1943-05-30,2.9,0.0821
1943-05-31,2.3,0.0651
1943-06-01,1.6,0.0453
1943-06-02,1.3,0.0368
1943-06-03,1.0,0.0283
1943-06-04,1.0,0.0283
1943-06-05,1.2,0.034
1943-06-06,1.4,0.0396
1943-06-07,1.4,0.0396
1943-06-08,71.0,2.0105
1943-06-09,18.0,0.5097
1943-06-10,6.5,0.1841
1943-06-11,78.0,2.2087
1943-06-12,8.5,0.2407
1943-06-13,4.6,0.1303
1943-06-14,3.3,0.0934
1943-06-15,2.8,0.0793
1943-06-16,2.3,0.0651
1943-06-17,2.2,0.0623
1943-06-18,2.1,0.0595
1943-06-19,4.6,0.1303
1943-06-20,4.3,0.1218
1943-06-21,3.6,0.1019
1943-06-22,2.4,0.068
1943-06-23,2.1,0.0595
1943-06-24,1.7,0.0481
1943-06-25,1.8,0.051
1943-06-26,2.8,0.0793
1943-06-27,2.0,0.0566
1943-06-28,2.1,0.0595
1943-06-29,2.6,0.0736
1943-06-30,114.0,3.2281
1943-07-01,151.0,4.2758
1943-07-02,36.0,1.0194
1943-07-03,95.0,2.6901
1943-07-04,86.0,2.4352
1943-07-05,30.0,0.8495
1943-07-06,11.0,0.3115
1943-07-07,7.2,0.2039
1943-07-08,5.6,0.1586
1943-07-09,4.8,0.1359
1943-07-10,26.0,0.7362
1943-07-11,15.0,0.4248
1943-07-12,7.6,0.2152
1943-07-13,5.0,0.1416
1943-07-14,6.8,0.1926
1943-07-15,4.0,0.1133
1943-07-16,3.8,0.1076
1943-07-17,3.4,0.0963
1943-07-18,7.7,0.218
1943-07-19,9.4,0.2662
1943-07-20,6.0,0.1699
1943-07-21,4.5,0.1274
1943-07-22,3.6,0.1019
1943-07-23,3.6,0.1019
1943-07-24,3.3,0.0934
1943-07-25,3.4,0.0963
1943-07-26,3.7,0.1048
1943-07-27,3.8,0.1076
1943-07-28,3.0,0.085
1943-07-29,2.6,0.0736
1943-07-30,2.4,0.068
1943-07-31,2.4,0.068
1943-08-01,2.4,0.068
1943-08-02,2.3,0.0651
1943-08-03,2.1,0.0595
1943-08-04,1.8,0.051
1943-08-05,1.7,0.0481
1943-08-06,1.8,0.051
1943-08-07,1.8,0.051
1943-08-08,1.8,0.051
1943-08-09,1.7,0.0481
1943-08-10,1.7,0.0481
1943-08-11,1.6,0.0453
1943-08-12,1.5,0.0425
1943-08-13,1.5,0.0425
1943-08-14,1.4,0.0396
1943-08-15,1.4,0.0396
1943-08-16,1.5,0.0425
1943-08-17,1.4,0.0396
1943-08-18,1.3,0.0368
1943-08-19,1.4,0.0396
1943-08-20,1.3,0.0368
1943-08-21,1.3,0.0368
1943-08-22,1.2,0.034
1943-08-23,1.3,0.0368
1943-08-24,1.3,0.0368
1943-08-25,1.2,0.034
1943-08-26,1.1,0.0311
1943-08-27,1.2,0.034
1943-08-28,1.2,0.034
1943-08-29,1.2,0.034
1943-08-30,1.2,0.034
1943-08-31,1.2,0.034
1943-09-01,1.2,0.034
1943-09-02,1.4,0.0396
1943-09-03,1.7,0.0481
1943-09-04,1.9,0.0538
1943-09-05,1.8,0.051
1943-09-06,1.4,0.0396
1943-09-07,1.4,0.0396
1943-09-08,1.4,0.0396
1943-09-09,1.6,0.0453
1943-09-10,1.6,0.0453
1943-09-11,1.6,0.0453
1943-09-12,1.5,0.0425
1943-09-13,1.3,0.0368
1943-09-14,1.4,0.0396
1943-09-15,1.4,0.0396
1943-09-16,1.6,0.0453
1943-09-17,1.6,0.0453
1943-09-18,1.7,0.0481
1943-09-19,1.7,0.0481
1943-09-20,1.7,0.0481
1943-09-21,1.8,0.051
1943-09-22,1.9,0.0538
1943-09-23,2.2,0.0623
1943-09-24,3.0,0.085
1943-09-25,5.0,0.1416
1943-09-26,5.4,0.1529
1943-09-27,4.6,0.1303
1943-09-28,4.0,0.1133
1943-09-29,3.4,0.0963
1943-09-30,3.0,0.085
1943-10-01,5.5,0.1557
1943-10-02,3.7,0.1048
1943-10-03,3.6,0.1019
1943-10-04,3.6,0.1019
1943-10-05,3.6,0.1019
1943-10-06,3.4,0.0963
1943-10-07,3.3,0.0934
1943-10-08,3.3,0.0934
1943-10-09,3.3,0.0934
1943-10-10,3.1,0.0878
1943-10-11,3.1,0.0878
1943-10-12,3.3,0.0934
1943-10-13,3.0,0.085
1943-10-14,3.0,0.085
1943-10-15,2.9,0.0821
1943-10-16,3.0,0.085
1943-10-17,3.1,0.0878
1943-10-18,3.3,0.0934
1943-10-19,3.0,0.085
1943-10-20,2.8,0.0793
1943-10-21,2.9,0.0821
1943-10-22,3.0,0.085
1943-10-23,3.1,0.0878
1943-10-24,3.1,0.0878
1943-10-25,3.3,0.0934
1943-10-26,3.4,0.0963
1943-10-27,3.6,0.1019
1943-10-28,3.6,0.1019
1943-10-29,3.6,0.1019
1943-10-30,3.4,0.0963
1943-10-31,3.1,0.0878
1943-11-01,3.3,0.0934
1943-11-02,3.4,0.0963
1943-11-03,3.6,0.1019
1943-11-04,3.8,0.1076
1943-11-05,3.7,0.1048
1943-11-06,3.3,0.0934
1943-11-07,3.3,0.0934
1943-11-08,3.6,0.1019
1943-11-09,4.0,0.1133
1943-11-10,4.2,0.1189
1943-11-11,4.3,0.1218
1943-11-12,4.5,0.1274
1943-11-13,4.5,0.1274
1943-11-14,4.6,0.1303
1943-11-15,4.6,0.1303
1943-11-16,4.5,0.1274
1943-11-17,4.5,0.1274
1943-11-18,4.5,0.1274
1943-11-19,4.5,0.1274
1943-11-20,4.5,0.1274
1943-11-21,4.5,0.1274
1943-11-22,4.6,0.1303
1943-11-23,4.6,0.1303
1943-11-24,4.8,0.1359
1943-11-25,4.8,0.1359
1943-11-26,6.0,0.1699
1943-11-27,6.1,0.1727
1943-11-28,5.8,0.1642
1943-11-29,5.3,0.1501
1943-11-30,5.1,0.1444
1943-12-01,5.0,0.1416
1943-12-02,5.0,0.1416
1943-12-03,4.8,0.1359
1943-12-04,4.8,0.1359
1943-12-05,5.6,0.1586
1943-12-06,5.4,0.1529
1943-12-07,5.3,0.1501
1943-12-08,5.1,0.1444
1943-12-09,5.8,0.1642
1943-12-10,8.0,0.2265
1943-12-11,7.4,0.2095
1943-12-12,6.1,0.1727
1943-12-13,5.4,0.1529
1943-12-14,5.1,0.1444
1943-12-15,5.0,0.1416
1943-12-16,5.0,0.1416
1943-12-17,5.1,0.1444
1943-12-18,5.1,0.1444
1943-12-19,5.1,0.1444
1943-12-20,5.1,0.1444
1943-12-21,5.1,0.1444
1943-12-22,5.1,0.1444
1943-12-23,5.1,0.1444
1943-12-24,5.3,0.1501
1943-12-25,5.3,0.1501
1943-12-26,5.3,0.1501
1943-12-27,5.3,0.1501
1943-12-28,5.1,0.1444
1943-12-29,5.4,0.1529
1943-12-30,5.4,0.1529
1943-12-31,5.4,0.1529
1944-01-01,6.5,0.1841
1944-01-02,6.9,0.1954
1944-01-03,6.3,0.1784
1944-01-04,5.6,0.1586
1944-01-05,5.3,0.1501
1944-01-06,5.3,0.1501
1944-01-07,5.4,0.1529
1944-01-08,4.1,0.1161
1944-01-09,6.6,0.1869
1944-01-10,6.1,0.1727
1944-01-11,5.4,0.1529
1944-01-12,5.8,0.1642
1944-01-13,6.0,0.1699
1944-01-14,5.8,0.1642
1944-01-15,5.4,0.1529
1944-01-16,5.3,0.1501
1944-01-17,5.3,0.1501
1944-01-18,5.1,0.1444
1944-01-19,5.1,0.1444
1944-01-20,5.1,0.1444
1944-01-21,5.1,0.1444
1944-01-22,5.1,0.1444
1944-01-23,5.1,0.1444
1944-01-24,5.1,0.1444
1944-01-25,5.1,0.1444
1944-01-26,5.0,0.1416
1944-01-27,5.1,0.1444
1944-01-28,5.3,0.1501
1944-01-29,5.3,0.1501
1944-01-30,5.1,0.1444
1944-01-31,5.1,0.1444
1944-02-01,5.8,0.1642
1944-02-02,5.6,0.1586
1944-02-03,5.3,0.1501
1944-02-04,5.0,0.1416
1944-02-05,5.1,0.1444
1944-02-06,5.3,0.1501
1944-02-07,5.4,0.1529
1944-02-08,6.1,0.1727
1944-02-09,5.6,0.1586
1944-02-10,4.8,0.1359
1944-02-11,4.6,0.1303
1944-02-12,4.8,0.1359
1944-02-13,5.0,0.1416
1944-02-14,5.1,0.1444
1944-02-15,5.0,0.1416
1944-02-16,5.0,0.1416
1944-02-17,5.0,0.1416
1944-02-18,5.0,0.1416
1944-02-19,5.1,0.1444
1944-02-20,5.4,0.1529
1944-02-21,5.4,0.1529
1944-02-22,5.1,0.1444
1944-02-23,5.0,0.1416
1944-02-24,4.8,0.1359
1944-02-25,5.0,0.1416
1944-02-26,4.8,0.1359
1944-02-27,5.0,0.1416
1944-02-28,5.1,0.1444
1944-02-29,5.1,0.1444
1944-03-01,4.8,0.1359
1944-03-02,4.8,0.1359
1944-03-03,4.6,0.1303
1944-03-04,4.3,0.1218
1944-03-05,4.2,0.1189
1944-03-06,4.0,0.1133
1944-03-07,4.3,0.1218
1944-03-08,4.3,0.1218
1944-03-09,4.5,0.1274
1944-03-10,4.5,0.1274
1944-03-11,4.3,0.1218
1944-03-12,4.2,0.1189
1944-03-13,4.2,0.1189
1944-03-14,4.2,0.1189
1944-03-15,4.0,0.1133
1944-03-16,3.8,0.1076
1944-03-17,4.0,0.1133
1944-03-18,4.0,0.1133
1944-03-19,3.7,0.1048
1944-03-20,3.8,0.1076
1944-03-21,3.7,0.1048
1944-03-22,3.7,0.1048
1944-03-23,3.8,0.1076
1944-03-24,3.8,0.1076
1944-03-25,3.7,0.1048
1944-03-26,3.7,0.1048
1944-03-27,3.6,0.1019
1944-03-28,3.4,0.0963
1944-03-29,3.6,0.1019
1944-03-30,3.8,0.1076
1944-03-31,4.0,0.1133
1944-04-01,3.8,0.1076
1944-04-02,3.6,0.1019
1944-04-03,4.0,0.1133
1944-04-04,4.0,0.1133
1944-04-05,3.8,0.1076
1944-04-06,3.7,0.1048
1944-04-07,3.6,0.1019
1944-04-08,3.4,0.0963
1944-04-09,3.1,0.0878
1944-04-10,3.1,0.0878
1944-04-11,3.3,0.0934
1944-04-12,3.4,0.0963
1944-04-13,3.4,0.0963
1944-04-14,3.0,0.085
1944-04-15,2.9,0.0821
1944-04-16,2.9,0.0821
1944-04-17,2.8,0.0793
1944-04-18,2.8,0.0793
1944-04-19,3.0,0.085
1944-04-20,3.1,0.0878
1944-04-21,3.0,0.085
1944-04-22,2.8,0.0793
1944-04-23,2.8,0.0793
1944-04-24,3.0,0.085
1944-04-25,3.3,0.0934
1944-04-26,3.0,0.085
1944-04-27,3.0,0.085
1944-04-28,3.0,0.085
1944-04-29,3.1,0.0878
1944-04-30,3.1,0.0878
1944-05-01,3.0,0.085
1944-05-02,2.9,0.0821
1944-05-03,2.7,0.0765
1944-05-04,3.0,0.085
1944-05-05,3.1,0.0878
1944-05-06,3.1,0.0878
1944-05-07,2.9,0.0821
1944-05-08,2.6,0.0736
1944-05-09,2.6,0.0736
1944-05-10,2.6,0.0736
1944-05-11,2.8,0.0793
1944-05-12,2.8,0.0793
1944-05-13,2.8,0.0793
1944-05-14,2.6,0.0736
1944-05-15,2.4,0.068
1944-05-16,2.2,0.0623
1944-05-17,2.1,0.0595
1944-05-18,1.9,0.0538
1944-05-19,1.8,0.051
1944-05-20,1.8,0.051
1944-05-21,1.8,0.051
1944-05-22,1.7,0.0481
1944-05-23,1.5,0.0425
1944-05-24,1.5,0.0425
1944-05-25,1.6,0.0453
1944-05-26,1.6,0.0453
1944-05-27,1.9,0.0538
1944-05-28,1.9,0.0538
1944-05-29,2.2,0.0623
1944-05-30,2.2,0.0623
1944-05-31,1.8,0.051
1944-06-01,1.4,0.0396
1944-06-02,1.3,0.0368
1944-06-03,1.1,0.0311
1944-06-04,0.9,0.0255
1944-06-05,1.0,0.0283
1944-06-06,1.1,0.0311
1944-06-07,2.2,0.0623
1944-06-08,3.0,0.085
1944-06-09,2.4,0.068
1944-06-10,13.0,0.3681
1944-06-11,127.0,3.5962
1944-06-12,10.0,0.2832
1944-06-13,5.1,0.1444
1944-06-14,3.4,0.0963
1944-06-15,2.6,0.0736
1944-06-16,2.1,0.0595
1944-06-17,1.7,0.0481
1944-06-18,1.6,0.0453
1944-06-19,31.0,0.8778
1944-06-20,10.0,0.2832
1944-06-21,4.0,0.1133
1944-06-22,2.4,0.068
1944-06-23,2.1,0.0595
1944-06-24,3.5,0.0991
1944-06-25,2.4,0.068
1944-06-26,2.1,0.0595
1944-06-27,1.7,0.0481
1944-06-28,1.4,0.0396
1944-06-29,15.0,0.4248
1944-06-30,7.9,0.2237
1944-07-01,4.3,0.1218
1944-07-02,2.7,0.0765
1944-07-03,2.1,0.0595
1944-07-04,1.6,0.0453
1944-07-05,1.4,0.0396
1944-07-06,1.2,0.034
1944-07-07,1.1,0.0311
1944-07-08,1.0,0.0283
1944-07-09,1.2,0.034
1944-07-10,1.2,0.034
1944-07-11,1.3,0.0368
1944-07-12,1.0,0.0283
1944-07-13,1.1,0.0311
1944-07-14,1.2,0.034
1944-07-15,1.2,0.034
1944-07-16,1.0,0.0283
1944-07-17,0.8,0.0227
1944-07-18,0.7,0.0198
1944-07-19,9.4,0.2662
1944-07-20,2.4,0.068
1944-07-21,1.3,0.0368
1944-07-22,1.2,0.034
1944-07-23,1.7,0.0481
1944-07-24,4.3,0.1218
1944-07-25,15.0,0.4248
1944-07-26,7.7,0.218
1944-07-27,3.4,0.0963
1944-07-28,1.8,0.051
1944-07-29,1.2,0.034
1944-07-30,0.9,0.0255
1944-07-31,0.6,0.017
1944-08-01,0.5,0.0142
1944-08-02,0.5,0.0142
1944-08-03,0.5,0.0142
1944-08-04,0.3,0.0085
1944-08-05,2.1,0.0595
1944-08-06,3.7,0.1048
1944-08-07,2.4,0.068
1944-08-08,21.0,0.5947
1944-08-09,24.0,0.6796
1944-08-10,7.5,0.2124
1944-08-11,5.6,0.1586
1944-08-12,6.8,0.1926
1944-08-13,2.9,0.0821
1944-08-14,1.8,0.051
1944-08-15,15.0,0.4248
1944-08-16,31.0,0.8778
1944-08-17,375.0,10.6188
1944-08-18,95.0,2.6901
1944-08-19,27.0,0.7646
1944-08-20,10.0,0.2832
1944-08-21,7.7,0.218
1944-08-22,7.7,0.218
1944-08-23,4.6,0.1303
1944-08-24,8.6,0.2435
1944-08-25,63.0,1.784
1944-08-26,20.0,0.5663
1944-08-27,8.7,0.2464
1944-08-28,5.9,0.1671
1944-08-29,4.5,0.1274
1944-08-30,3.5,0.0991
1944-08-31,2.9,0.0821
1944-09-01,2.6,0.0736
1944-09-02,2.4,0.068
1944-09-03,21.0,0.5947
1944-09-04,3.1,0.0878
1944-09-05,323.0,9.1463
1944-09-06,218.0,6.1731
1944-09-07,29.0,0.8212
1944-09-08,14.0,0.3964
1944-09-09,8.7,0.2464
1944-09-10,6.7,0.1897
1944-09-11,5.6,0.1586
1944-09-12,5.1,0.1444
1944-09-13,4.6,0.1303
1944-09-14,4.2,0.1189
1944-09-15,3.6,0.1019
1944-09-16,3.6,0.1019
1944-09-17,16.0,0.4531
1944-09-18,26.0,0.7362
1944-09-19,5.2,0.1472
1944-09-20,4.3,0.1218
1944-09-21,3.6,0.1019
1944-09-22,3.2,0.0906
1944-09-23,3.1,0.0878
1944-09-24,4.8,0.1359
1944-09-25,6.7,0.1897
1944-09-26,6.6,0.1869
1944-09-27,29.0,0.8212
1944-09-28,12.0,0.3398
1944-09-29,7.9,0.2237
1944-09-30,5.9,0.1671
1944-10-01,4.9,0.1388
1944-10-02,4.5,0.1274
1944-10-03,4.0,0.1133
1944-10-04,3.9,0.1104
1944-10-05,3.8,0.1076
1944-10-06,3.6,0.1019
1944-10-07,3.6,0.1019
1944-10-08,3.8,0.1076
1944-10-09,3.9,0.1104
1944-10-10,4.0,0.1133
1944-10-11,4.0,0.1133
1944-10-12,4.0,0.1133
1944-10-13,4.0,0.1133
1944-10-14,3.9,0.1104
1944-10-15,3.6,0.1019
1944-10-16,3.4,0.0963
1944-10-17,3.4,0.0963
1944-10-18,3.5,0.0991
1944-10-19,3.5,0.0991
1944-10-20,3.5,0.0991
1944-10-21,3.6,0.1019
1944-10-22,3.6,0.1019
1944-10-23,3.6,0.1019
1944-10-24,3.6,0.1019
1944-10-25,3.6,0.1019
1944-10-26,3.6,0.1019
1944-10-27,3.8,0.1076
1944-10-28,3.8,0.1076
1944-10-29,4.0,0.1133
1944-10-30,4.0,0.1133
1944-10-31,3.8,0.1076
1944-11-01,3.6,0.1019
1944-11-02,3.4,0.0963
1944-11-03,3.4,0.0963
1944-11-04,3.4,0.0963
1944-11-05,3.6,0.1019
1944-11-06,3.6,0.1019
1944-11-07,3.5,0.0991
1944-11-08,3.2,0.0906
1944-11-09,3.5,0.0991
1944-11-10,3.5,0.0991
1944-11-11,3.6,0.1019
1944-11-12,3.6,0.1019
1944-11-13,3.5,0.0991
1944-11-14,3.5,0.0991
1944-11-15,3.6,0.1019
1944-11-16,5.4,0.1529
1944-11-17,7.9,0.2237
1944-11-18,8.5,0.2407
1944-11-19,6.9,0.1954
1944-11-20,5.7,0.1614
1944-11-21,5.2,0.1472
1944-11-22,4.9,0.1388
1944-11-23,4.9,0.1388
1944-11-24,4.9,0.1388
1944-11-25,4.3,0.1218
1944-11-26,4.5,0.1274
1944-11-27,4.5,0.1274
1944-11-28,4.5,0.1274
1944-11-29,4.5,0.1274
1944-11-30,4.5,0.1274
1944-12-01,4.5,0.1274
1944-12-02,4.6,0.1303
1944-12-03,4.9,0.1388
1944-12-04,4.8,0.1359
1944-12-05,4.6,0.1303
1944-12-06,4.6,0.1303
1944-12-07,4.6,0.1303
1944-12-08,4.6,0.1303
1944-12-09,4.6,0.1303
1944-12-10,4.5,0.1274
1944-12-11,4.5,0.1274
1944-12-12,4.6,0.1303
1944-12-13,4.6,0.1303
1944-12-14,4.6,0.1303
1944-12-15,4.6,0.1303
1944-12-16,4.5,0.1274
1944-12-17,4.5,0.1274
1944-12-18,4.5,0.1274
1944-12-19,4.5,0.1274
1944-12-20,4.5,0.1274
1944-12-21,4.5,0.1274
1944-12-22,4.5,0.1274
1944-12-23,4.5,0.1274
1944-12-24,4.5,0.1274
1944-12-25,4.5,0.1274
1944-12-26,4.6,0.1303
1944-12-27,5.1,0.1444
1944-12-28,5.9,0.1671
1944-12-29,5.7,0.1614
1944-12-30,5.4,0.1529
1944-12-31,4.9,0.1388
1945-01-01,4.6,0.1303
1945-01-02,4.5,0.1274
1945-01-03,4.5,0.1274
1945-01-04,4.5,0.1274
1945-01-05,4.5,0.1274
1945-01-06,4.5,0.1274
1945-01-07,4.5,0.1274
1945-01-08,4.3,0.1218
1945-01-09,4.3,0.1218
1945-01-10,4.3,0.1218
1945-01-11,4.3,0.1218
1945-01-12,4.3,0.1218
1945-01-13,4.3,0.1218
1945-01-14,4.3,0.1218
1945-01-15,4.3,0.1218
1945-01-16,4.3,0.1218
1945-01-17,6.1,0.1727
1945-01-18,9.4,0.2662
1945-01-19,5.9,0.1671
1945-01-20,5.1,0.1444
1945-01-21,4.6,0.1303
1945-01-22,4.5,0.1274
1945-01-23,4.5,0.1274
1945-01-24,4.5,0.1274
1945-01-25,4.3,0.1218
1945-01-26,4.3,0.1218
1945-01-27,4.5,0.1274
1945-01-28,4.3,0.1218
1945-01-29,4.5,0.1274
1945-01-30,4.3,0.1218
1945-01-31,4.3,0.1218
1945-02-01,4.5,0.1274
1945-02-02,4.3,0.1218
1945-02-03,4.2,0.1189
1945-02-04,4.0,0.1133
1945-02-05,4.2,0.1189
1945-02-06,4.2,0.1189
1945-02-07,4.0,0.1133
1945-02-08,4.0,0.1133
1945-02-09,4.0,0.1133
1945-02-10,3.9,0.1104
1945-02-11,3.9,0.1104
1945-02-12,3.9,0.1104
1945-02-13,4.0,0.1133
1945-02-14,3.8,0.1076
1945-02-15,3.8,0.1076
1945-02-16,3.8,0.1076
1945-02-17,3.9,0.1104
1945-02-18,4.0,0.1133
1945-02-19,4.0,0.1133
1945-02-20,4.2,0.1189
1945-02-21,3.8,0.1076
1945-02-22,3.9,0.1104
1945-02-23,3.9,0.1104
1945-02-24,4.0,0.1133
1945-02-25,4.0,0.1133
1945-02-26,3.9,0.1104
1945-02-27,3.9,0.1104
1945-02-28,3.9,0.1104
1945-03-01,4.0,0.1133
1945-03-02,4.0,0.1133
1945-03-03,3.8,0.1076
1945-03-04,3.8,0.1076
1945-03-05,3.6,0.1019
1945-03-06,3.5,0.0991
1945-03-07,3.6,0.1019
1945-03-08,3.5,0.0991
1945-03-09,3.6,0.1019
1945-03-10,3.8,0.1076
1945-03-11,3.8,0.1076
1945-03-12,3.6,0.1019
1945-03-13,3.6,0.1019
1945-03-14,3.6,0.1019
1945-03-15,3.4,0.0963
1945-03-16,3.1,0.0878
1945-03-17,3.1,0.0878
1945-03-18,3.1,0.0878
1945-03-19,3.1,0.0878
1945-03-20,3.2,0.0906
1945-03-21,3.2,0.0906
1945-03-22,3.4,0.0963
1945-03-23,3.1,0.0878
1945-03-24,2.9,0.0821
1945-03-25,2.8,0.0793
1945-03-26,2.8,0.0793
1945-03-27,2.8,0.0793
1945-03-28,2.8,0.0793
1945-03-29,2.9,0.0821
1945-03-30,3.0,0.085
1945-03-31,4.5,0.1274
1945-04-01,5.9,0.1671
1945-04-02,4.9,0.1388
1945-04-03,3.9,0.1104
1945-04-04,3.1,0.0878
1945-04-05,3.0,0.085
1945-04-06,3.1,0.0878
1945-04-07,3.1,0.0878
1945-04-08,3.2,0.0906
1945-04-09,3.0,0.085
1945-04-10,2.7,0.0765
1945-04-11,2.6,0.0736
1945-04-12,2.6,0.0736
1945-04-13,2.4,0.068
1945-04-14,2.4,0.068
1945-04-15,2.4,0.068
1945-04-16,2.4,0.068
1945-04-17,2.6,0.0736
1945-04-18,2.7,0.0765
1945-04-19,2.7,0.0765
1945-04-20,2.7,0.0765
1945-04-21,2.7,0.0765
1945-04-22,2.6,0.0736
1945-04-23,2.4,0.068
1945-04-24,2.2,0.0623
1945-04-25,1.8,0.051
1945-04-26,1.8,0.051
1945-04-27,2.0,0.0566
1945-04-28,2.1,0.0595
1945-04-29,2.1,0.0595
1945-04-30,2.4,0.068
1945-05-01,70.0,1.9822
1945-05-02,6.8,0.1926
1945-05-03,3.6,0.1019
1945-05-04,2.9,0.0821
1945-05-05,2.4,0.068
1945-05-06,2.2,0.0623
1945-05-07,1.9,0.0538
1945-05-08,1.8,0.051
1945-05-09,1.7,0.0481
1945-05-10,1.6,0.0453
1945-05-11,1.6,0.0453
1945-05-12,1.5,0.0425
1945-05-13,1.4,0.0396
1945-05-14,1.2,0.034
1945-05-15,1.4,0.0396
1945-05-16,1.5,0.0425
1945-05-17,1.7,0.0481
1945-05-18,1.6,0.0453
1945-05-19,1.4,0.0396
1945-05-20,1.1,0.0311
1945-05-21,0.9,0.0255
1945-05-22,0.9,0.0255
1945-05-23,1.1,0.0311
1945-05-24,1.3,0.0368
1945-05-25,1.6,0.0453
1945-05-26,1.6,0.0453
1945-05-27,1.3,0.0368
1945-05-28,1.1,0.0311
1945-05-29,0.9,0.0255
1945-05-30,0.8,0.0227
1945-05-31,0.6,0.017
1945-06-01,0.5,0.0142
1945-06-02,0.5,0.0142
1945-06-03,0.5,0.0142
1945-06-04,0.5,0.0142
1945-06-05,0.5,0.0142
1945-06-06,0.4,0.0113
1945-06-07,0.4,0.0113
1945-06-08,0.4,0.0113
1945-06-09,0.3,0.0085
1945-06-10,0.3,0.0085
1945-06-11,0.2,0.0057
1945-06-12,0.3,0.0085
1945-06-13,0.4,0.0113
1945-06-14,0.5,0.0142
1945-06-15,0.3,0.0085
1945-06-16,0.2,0.0057
1945-06-17,0.3,0.0085
1945-06-18,0.8,0.0227
1945-06-19,0.9,0.0255
1945-06-20,0.8,0.0227
1945-06-21,0.7,0.0198
1945-06-22,0.8,0.0227
1945-06-23,0.8,0.0227
1945-06-24,0.6,0.017
1945-06-25,0.4,0.0113
1945-06-26,0.2,0.0057
1945-06-27,0.1,0.0028
1945-06-28,0.0,0.0
1945-06-29,0.0,0.0
1945-06-30,0.0,0.0
1945-07-01,0.0,0.0
1945-07-02,0.9,0.0255
1945-07-03,70.0,1.9822
1945-07-04,15.0,0.4248
1945-07-05,5.0,0.1416
1945-07-06,179.0,5.0687
1945-07-07,5.4,0.1529
1945-07-08,3.0,0.085
1945-07-09,2.2,0.0623
1945-07-10,1.9,0.0538
1945-07-11,1.6,0.0453
1945-07-12,1.6,0.0453
1945-07-13,1.7,0.0481
1945-07-14,1.4,0.0396
1945-07-15,7.2,0.2039
1945-07-16,8.8,0.2492
1945-07-17,3.8,0.1076
1945-07-18,2.0,0.0566
1945-07-19,1.3,0.0368
1945-07-20,1.1,0.0311
1945-07-21,0.9,0.0255
1945-07-22,0.8,0.0227
1945-07-23,0.8,0.0227
1945-07-24,0.7,0.0198
1945-07-25,0.6,0.017
1945-07-26,0.5,0.0142
1945-07-27,0.4,0.0113
1945-07-28,0.4,0.0113
1945-07-29,0.4,0.0113
1945-07-30,0.4,0.0113
1945-07-31,0.4,0.0113
1945-08-01,0.2,0.0057
1945-08-02,0.2,0.0057
1945-08-03,0.1,0.0028
1945-08-04,0.1,0.0028
1945-08-05,0.1,0.0028
1945-08-06,0.0,0.0
1945-08-07,0.0,0.0
1945-08-08,0.2,0.0057
1945-08-09,0.7,0.0198
1945-08-10,0.8,0.0227
1945-08-11,0.5,0.0142
1945-08-12,0.5,0.0142
1945-08-13,0.4,0.0113
1945-08-14,0.2,0.0057
1945-08-15,0.2,0.0057
1945-08-16,0.2,0.0057
1945-08-17,0.1,0.0028
1945-08-18,0.1,0.0028
1945-08-19,0.1,0.0028
1945-08-20,0.0,0.0
1945-08-21,194.0,5.4935
1945-08-22,243.0,6.881
1945-08-23,30.0,0.8495
1945-08-24,10.0,0.2832
1945-08-25,5.6,0.1586
1945-08-26,3.5,0.0991
1945-08-27,2.6,0.0736
1945-08-28,2.2,0.0623
1945-08-29,2.0,0.0566
1945-08-30,1.7,0.0481
1945-08-31,1.6,0.0453
1945-09-01,1.5,0.0425
1945-09-02,1.3,0.0368
1945-09-03,1.2,0.034
1945-09-04,1.1,0.0311
1945-09-05,1.0,0.0283
1945-09-06,0.9,0.0255
1945-09-07,0.9,0.0255
1945-09-08,0.9,0.0255
1945-09-09,0.9,0.0255
1945-09-10,20.0,0.5663
1945-09-11,3.5,0.0991
1945-09-12,1.9,0.0538
1945-09-13,2.2,0.0623
1945-09-14,1.6,0.0453
1945-09-15,1.2,0.034
1945-09-16,1.1,0.0311
1945-09-17,0.9,0.0255
1945-09-18,0.9,0.0255
1945-09-19,0.7,0.0198
1945-09-20,0.7,0.0198
1945-09-21,0.8,0.0227
1945-09-22,0.9,0.0255
1945-09-23,0.9,0.0255
1945-09-24,0.8,0.0227
1945-09-25,0.7,0.0198
1945-09-26,0.8,0.0227
1945-09-27,0.9,0.0255
1945-09-28,0.8,0.0227
1945-09-29,1.6,0.0453
1945-09-30,2.2,0.0623
1945-10-01,2.2,0.0623
1945-10-02,2.2,0.0623
1945-10-03,3.8,0.1076
1945-10-04,5.1,0.1444
1945-10-05,3.8,0.1076
1945-10-06,3.0,0.085
1945-10-07,16.0,0.4531
1945-10-08,6.1,0.1727
1945-10-09,7.3,0.2067
1945-10-10,5.7,0.1614
1945-10-11,4.0,0.1133
1945-10-12,3.2,0.0906
1945-10-13,2.8,0.0793
1945-10-14,2.4,0.068
1945-10-15,2.4,0.068
1945-10-16,2.2,0.0623
1945-10-17,2.2,0.0623
1945-10-18,2.1,0.0595
1945-10-19,1.9,0.0538
1945-10-20,1.9,0.0538
1945-10-21,1.8,0.051
1945-10-22,1.8,0.051
1945-10-23,1.9,0.0538
1945-10-24,1.8,0.051
1945-10-25,1.9,0.0538
1945-10-26,2.0,0.0566
1945-10-27,2.1,0.0595
1945-10-28,2.1,0.0595
1945-10-29,2.1,0.0595
1945-10-30,2.1,0.0595
1945-10-31,2.1,0.0595
1945-11-01,1.9,0.0538
1945-11-02,1.8,0.051
1945-11-03,1.8,0.051
1945-11-04,1.9,0.0538
1945-11-05,2.0,0.0566
1945-11-06,1.9,0.0538
1945-11-07,1.9,0.0538
1945-11-08,1.8,0.051
1945-11-09,1.9,0.0538
1945-11-10,2.1,0.0595
1945-11-11,2.2,0.0623
1945-11-12,2.2,0.0623
1945-11-13,2.2,0.0623
1945-11-14,2.2,0.0623
1945-11-15,2.2,0.0623
1945-11-16,2.4,0.068
1945-11-17,2.4,0.068
1945-11-18,2.4,0.068
1945-11-19,2.4,0.068
1945-11-20,2.4,0.068
1945-11-21,2.4,0.068
1945-11-22,2.4,0.068
1945-11-23,2.6,0.0736
1945-11-24,2.7,0.0765
1945-11-25,2.7,0.0765
1945-11-26,2.6,0.0736
1945-11-27,2.6,0.0736
1945-11-28,2.6,0.0736
1945-11-29,2.7,0.0765
1945-11-30,2.7,0.0765
1945-12-01,2.7,0.0765
1945-12-02,2.8,0.0793
1945-12-03,2.7,0.0765
1945-12-04,2.7,0.0765
1945-12-05,2.7,0.0765
1945-12-06,2.7,0.0765
1945-12-07,2.7,0.0765
1945-12-08,2.7,0.0765
1945-12-09,2.6,0.0736
1945-12-10,2.6,0.0736
1945-12-11,2.7,0.0765
1945-12-12,2.8,0.0793
1945-12-13,2.9,0.0821
1945-12-14,2.9,0.0821
1945-12-15,3.0,0.085
1945-12-16,2.9,0.0821
1945-12-17,2.8,0.0793
1945-12-18,2.8,0.0793
1945-12-19,2.8,0.0793
1945-12-20,2.8,0.0793
1945-12-21,2.7,0.0765
1945-12-22,2.6,0.0736
1945-12-23,2.6,0.0736
1945-12-24,2.6,0.0736
1945-12-25,2.6,0.0736
1945-12-26,2.7,0.0765
1945-12-27,2.7,0.0765
1945-12-28,2.6,0.0736
1945-12-29,2.6,0.0736
1945-12-30,2.6,0.0736
1945-12-31,2.6,0.0736
1946-01-01,2.6,0.0736
1946-01-02,2.7,0.0765
1946-01-03,2.7,0.0765
1946-01-04,2.7,0.0765
1946-01-05,2.6,0.0736
1946-01-06,2.7,0.0765
1946-01-07,3.9,0.1104
1946-01-08,3.8,0.1076
1946-01-09,3.1,0.0878
1946-01-10,2.9,0.0821
1946-01-11,2.8,0.0793
1946-01-12,2.8,0.0793
1946-01-13,2.9,0.0821
1946-01-14,3.8,0.1076
1946-01-15,3.9,0.1104
1946-01-16,3.6,0.1019
1946-01-17,3.1,0.0878
1946-01-18,3.2,0.0906
1946-01-19,3.1,0.0878
1946-01-20,2.9,0.0821
1946-01-21,3.9,0.1104
1946-01-22,4.0,0.1133
1946-01-23,3.9,0.1104
1946-01-24,3.4,0.0963
1946-01-25,3.0,0.085
1946-01-26,2.7,0.0765
1946-01-27,2.7,0.0765
1946-01-28,2.7,0.0765
1946-01-29,2.7,0.0765
1946-01-30,2.6,0.0736
1946-01-31,2.6,0.0736
1946-02-01,2.6,0.0736
1946-02-02,2.7,0.0765
1946-02-03,2.7,0.0765
1946-02-04,2.8,0.0793
1946-02-05,2.7,0.0765
1946-02-06,2.6,0.0736
1946-02-07,2.4,0.068
1946-02-08,2.4,0.068
1946-02-09,2.6,0.0736
1946-02-10,2.7,0.0765
1946-02-11,2.7,0.0765
1946-02-12,2.6,0.0736
1946-02-13,2.6,0.0736
1946-02-14,2.6,0.0736
1946-02-15,2.7,0.0765
1946-02-16,2.8,0.0793
1946-02-17,2.7,0.0765
1946-02-18,2.7,0.0765
1946-02-19,2.7,0.0765
1946-02-20,2.7,0.0765
1946-02-21,2.8,0.0793
1946-02-22,2.8,0.0793
1946-02-23,2.6,0.0736
1946-02-24,2.6,0.0736
1946-02-25,2.6,0.0736
1946-02-26,2.4,0.068
1946-02-27,2.4,0.068
1946-02-28,2.4,0.068
1946-03-01,2.4,0.068
1946-03-02,2.2,0.0623
1946-03-03,2.4,0.068
1946-03-04,2.2,0.0623
1946-03-05,2.2,0.0623
1946-03-06,2.2,0.0623
1946-03-07,2.1,0.0595
1946-03-08,2.2,0.0623
1946-03-09,2.2,0.0623
1946-03-10,2.4,0.068
1946-03-11,2.4,0.068
1946-03-12,2.4,0.068
1946-03-13,2.4,0.068
1946-03-14,2.2,0.0623
1946-03-15,2.2,0.0623
1946-03-16,2.2,0.0623
1946-03-17,2.2,0.0623
1946-03-18,2.2,0.0623
1946-03-19,2.2,0.0623
1946-03-20,2.2,0.0623
1946-03-21,2.2,0.0623
1946-03-22,2.2,0.0623
1946-03-23,2.2,0.0623
1946-03-24,2.2,0.0623
1946-03-25,2.2,0.0623
1946-03-26,2.1,0.0595
1946-03-27,2.1,0.0595
1946-03-28,2.2,0.0623
1946-03-29,2.2,0.0623
1946-03-30,2.1,0.0595
1946-03-31,2.0,0.0566
1946-04-01,2.0,0.0566
1946-04-02,2.0,0.0566
1946-04-03,2.0,0.0566
1946-04-04,1.9,0.0538
1946-04-05,1.9,0.0538
1946-04-06,1.8,0.051
1946-04-07,1.7,0.0481
1946-04-08,1.6,0.0453
1946-04-09,1.6,0.0453
1946-04-10,1.5,0.0425
1946-04-11,1.5,0.0425
1946-04-12,1.5,0.0425
1946-04-13,1.5,0.0425
1946-04-14,1.5,0.0425
1946-04-15,1.4,0.0396
1946-04-16,1.4,0.0396
1946-04-17,1.4,0.0396
1946-04-18,1.4,0.0396
1946-04-19,1.3,0.0368
1946-04-20,1.4,0.0396
1946-04-21,1.4,0.0396
1946-04-22,1.4,0.0396
1946-04-23,1.4,0.0396
1946-04-24,1.3,0.0368
1946-04-25,1.2,0.034
1946-04-26,1.2,0.034
1946-04-27,1.2,0.034
1946-04-28,1.1,0.0311
1946-04-29,1.1,0.0311
1946-04-30,1.1,0.0311
1946-05-01,0.8,0.0227
1946-05-02,0.7,0.0198
1946-05-03,0.7,0.0198
1946-05-04,1.2,0.034
1946-05-05,1.6,0.0453
1946-05-06,1.5,0.0425
1946-05-07,1.2,0.034
1946-05-08,1.1,0.0311
1946-05-09,1.2,0.034
1946-05-10,0.8,0.0227
1946-05-11,0.6,0.017
1946-05-12,0.7,0.0198
1946-05-13,0.8,0.0227
1946-05-14,0.8,0.0227
1946-05-15,0.7,0.0198
1946-05-16,0.5,0.0142
1946-05-17,0.4,0.0113
1946-05-18,0.3,0.0085
1946-05-19,0.3,0.0085
1946-05-20,0.4,0.0113
1946-05-21,0.6,0.017
1946-05-22,0.8,0.0227
1946-05-23,0.8,0.0227
1946-05-24,0.6,0.017
1946-05-25,0.5,0.0142
1946-05-26,0.4,0.0113
1946-05-27,0.4,0.0113
1946-05-28,0.4,0.0113
1946-05-29,0.3,0.0085
1946-05-30,0.2,0.0057
1946-05-31,0.2,0.0057
1946-06-01,0.2,0.0057
1946-06-02,0.2,0.0057
1946-06-03,0.3,0.0085
1946-06-04,0.5,0.0142
1946-06-05,0.5,0.0142
1946-06-06,0.3,0.0085
1946-06-07,0.2,0.0057
1946-06-08,0.2,0.0057
1946-06-09,0.1,0.0028
1946-06-10,0.3,0.0085
1946-06-11,3.3,0.0934
1946-06-12,4.4,0.1246
1946-06-13,1.9,0.0538
1946-06-14,0.9,0.0255
1946-06-15,0.4,0.0113
1946-06-16,0.2,0.0057
1946-06-17,0.2,0.0057
1946-06-18,0.2,0.0057
1946-06-19,0.1,0.0028
1946-06-20,0.2,0.0057
1946-06-21,0.4,0.0113
1946-06-22,0.4,0.0113
1946-06-23,0.5,0.0142
1946-06-24,0.5,0.0142
1946-06-25,0.4,0.0113
1946-06-26,0.2,0.0057
1946-06-27,0.1,0.0028
1946-06-28,0.2,0.0057
1946-06-29,0.2,0.0057
1946-06-30,0.2,0.0057
1946-07-01,0.2,0.0057
1946-07-02,101.0,2.86
1946-07-03,33.0,0.9345
1946-07-04,8.1,0.2294
1946-07-05,3.8,0.1076
1946-07-06,2.1,0.0595
1946-07-07,1.5,0.0425
1946-07-08,1.3,0.0368
1946-07-09,2.5,0.0708
1946-07-10,4.6,0.1303
1946-07-11,2.0,0.0566
1946-07-12,1.2,0.034
1946-07-13,0.9,0.0255
1946-07-14,0.6,0.017
1946-07-15,0.4,0.0113
1946-07-16,0.3,0.0085
1946-07-17,0.2,0.0057
1946-07-18,0.1,0.0028
1946-07-19,0.1,0.0028
1946-07-20,3.3,0.0934
1946-07-21,2.1,0.0595
1946-07-22,1.6,0.0453
1946-07-23,0.9,0.0255
1946-07-24,0.5,0.0142
1946-07-25,0.3,0.0085
1946-07-26,0.2,0.0057
1946-07-27,0.1,0.0028
1946-07-28,0.1,0.0028
1946-07-29,0.0,0.0
1946-07-30,0.0,0.0
1946-07-31,0.0,0.0
1946-08-01,0.0,0.0
1946-08-02,0.0,0.0
1946-08-03,0.0,0.0
1946-08-04,0.0,0.0
1946-08-05,0.0,0.0
1946-08-06,0.0,0.0
1946-08-07,0.0,0.0
1946-08-08,0.1,0.0028
1946-08-09,13.0,0.3681
1946-08-10,16.0,0.4531
1946-08-11,13.0,0.3681
1946-08-12,4.4,0.1246
1946-08-13,1.9,0.0538
1946-08-14,0.9,0.0255
1946-08-15,0.5,0.0142
1946-08-16,0.3,0.0085
1946-08-17,0.2,0.0057
1946-08-18,0.1,0.0028
1946-08-19,0.0,0.0
1946-08-20,0.9,0.0255
1946-08-21,0.1,0.0028
1946-08-22,7.0,0.1982
1946-08-23,5.7,0.1614
1946-08-24,2.1,0.0595
1946-08-25,0.8,0.0227
1946-08-26,0.5,0.0142
1946-08-27,2.0,0.0566
1946-08-28,1.4,0.0396
1946-08-29,30.0,0.8495
1946-08-30,9.0,0.2549
1946-08-31,4.3,0.1218
1946-09-01,2.4,0.068
1946-09-02,9.2,0.2605
1946-09-03,10.0,0.2832
1946-09-04,4.0,0.1133
1946-09-05,2.1,0.0595
1946-09-06,1.4,0.0396
1946-09-07,1.2,0.034
1946-09-08,1.0,0.0283
1946-09-09,0.9,0.0255
1946-09-10,0.8,0.0227
1946-09-11,54.0,1.5291
1946-09-12,14.0,0.3964
1946-09-13,5.2,0.1472
1946-09-14,4.8,0.1359
1946-09-15,4.0,0.1133
1946-09-16,51.0,1.4442
1946-09-17,37.0,1.0477
1946-09-18,103.0,2.9166
1946-09-19,85.0,2.4069
1946-09-20,11.0,0.3115
1946-09-21,6.2,0.1756
1946-09-22,4.8,0.1359
1946-09-23,3.1,0.0878
1946-09-24,2.4,0.068
1946-09-25,2.2,0.0623
1946-09-26,2.1,0.0595
1946-09-27,1.9,0.0538
1946-09-28,1.6,0.0453
1946-09-29,543.0,15.376
1946-09-30,49.0,1.3875
1946-10-01,16.0,0.4531
1946-10-02,13.0,0.3681
1946-10-03,6.8,0.1926
1946-10-04,276.0,7.8154
1946-10-05,145.0,4.1059
1946-10-06,46.0,1.3026
1946-10-07,15.0,0.4248
1946-10-08,8.1,0.2294
1946-10-09,5.9,0.1671
1946-10-10,4.8,0.1359
1946-10-11,4.5,0.1274
1946-10-12,3.6,0.1019
1946-10-13,3.5,0.0991
1946-10-14,3.3,0.0934
1946-10-15,3.2,0.0906
1946-10-16,3.2,0.0906
1946-10-17,3.0,0.085
1946-10-18,2.8,0.0793
1946-10-19,2.7,0.0765
1946-10-20,2.8,0.0793
1946-10-21,2.8,0.0793
1946-10-22,3.0,0.085
1946-10-23,2.8,0.0793
1946-10-24,2.6,0.0736
1946-10-25,2.5,0.0708
1946-10-26,2.5,0.0708
1946-10-27,2.7,0.0765
1946-10-28,2.7,0.0765
1946-10-29,2.6,0.0736
1946-10-30,2.6,0.0736
1946-10-31,2.5,0.0708
1946-11-01,2.3,0.0651
1946-11-02,2.2,0.0623
1946-11-03,2.0,0.0566
1946-11-04,2.1,0.0595
1946-11-05,2.5,0.0708
1946-11-06,2.8,0.0793
1946-11-07,2.8,0.0793
1946-11-08,2.7,0.0765
1946-11-09,2.7,0.0765
1946-11-10,2.6,0.0736
1946-11-11,2.7,0.0765
1946-11-12,2.7,0.0765
1946-11-13,2.7,0.0765
1946-11-14,2.7,0.0765
1946-11-15,2.7,0.0765
1946-11-16,2.6,0.0736
1946-11-17,2.6,0.0736
1946-11-18,2.6,0.0736
1946-11-19,2.6,0.0736
1946-11-20,2.6,0.0736
1946-11-21,2.6,0.0736
1946-11-22,2.7,0.0765
1946-11-23,2.7,0.0765
1946-11-24,2.7,0.0765
1946-11-25,2.9,0.0821
1946-11-26,3.0,0.085
1946-11-27,2.9,0.0821
1946-11-28,2.9,0.0821
1946-11-29,2.9,0.0821
1946-11-30,2.9,0.0821
1946-12-01,2.8,0.0793
1946-12-02,2.7,0.0765
1946-12-03,2.8,0.0793
1946-12-04,2.8,0.0793
1946-12-05,2.9,0.0821
1946-12-06,2.9,0.0821
1946-12-07,2.9,0.0821
1946-12-08,2.9,0.0821
1946-12-09,3.0,0.085
1946-12-10,3.0,0.085
1946-12-11,3.7,0.1048
1946-12-12,3.3,0.0934
1946-12-13,3.0,0.085
1946-12-14,2.8,0.0793
1946-12-15,2.8,0.0793
1946-12-16,2.8,0.0793
1946-12-17,2.7,0.0765
1946-12-18,2.6,0.0736
1946-12-19,2.7,0.0765
1946-12-20,2.8,0.0793
1946-12-21,2.8,0.0793
1946-12-22,2.8,0.0793
1946-12-23,2.7,0.0765
1946-12-24,2.8,0.0793
1946-12-25,2.8,0.0793
1946-12-26,2.8,0.0793
1946-12-27,2.8,0.0793
1946-12-28,2.7,0.0765
1946-12-29,2.5,0.0708
1946-12-30,2.7,0.0765
1946-12-31,2.7,0.0765
1947-01-01,2.7,0.0765
1947-01-02,2.7,0.0765
1947-01-03,2.7,0.0765
1947-01-04,2.7,0.0765
1947-01-05,2.7,0.0765
1947-01-06,2.7,0.0765
1947-01-07,2.7,0.0765
1947-01-08,2.7,0.0765
1947-01-09,2.7,0.0765
1947-01-10,3.0,0.085
1947-01-11,3.2,0.0906
1947-01-12,3.0,0.085
1947-01-13,2.8,0.0793
1947-01-14,2.7,0.0765
1947-01-15,2.6,0.0736
1947-01-16,2.6,0.0736
1947-01-17,3.0,0.085
1947-01-18,3.7,0.1048
1947-01-19,3.6,0.1019
1947-01-20,3.1,0.0878
1947-01-21,3.0,0.085
1947-01-22,2.9,0.0821
1947-01-23,2.9,0.0821
1947-01-24,2.8,0.0793
1947-01-25,2.7,0.0765
1947-01-26,2.7,0.0765
1947-01-27,2.6,0.0736
1947-01-28,2.6,0.0736
1947-01-29,2.4,0.068
1947-01-30,2.3,0.0651
1947-01-31,2.4,0.068
1947-02-01,2.4,0.068
1947-02-02,2.5,0.0708
1947-02-03,2.5,0.0708
1947-02-04,2.4,0.068
1947-02-05,2.4,0.068
1947-02-06,2.5,0.0708
1947-02-07,2.5,0.0708
1947-02-08,2.4,0.068
1947-02-09,2.4,0.068
1947-02-10,2.5,0.0708
1947-02-11,2.5,0.0708
1947-02-12,2.5,0.0708
1947-02-13,2.4,0.068
1947-02-14,2.4,0.068
1947-02-15,2.4,0.068
1947-02-16,2.5,0.0708
1947-02-17,2.6,0.0736
1947-02-18,2.4,0.068
1947-02-19,2.5,0.0708
1947-02-20,2.5,0.0708
1947-02-21,2.6,0.0736
1947-02-22,2.6,0.0736
1947-02-23,2.5,0.0708
1947-02-24,2.4,0.068
1947-02-25,2.4,0.068
1947-02-26,2.5,0.0708
1947-02-27,2.5,0.0708
1947-02-28,2.5,0.0708
1947-03-01,2.4,0.068
1947-03-02,2.4,0.068
1947-03-03,2.4,0.068
1947-03-04,2.5,0.0708
1947-03-05,2.4,0.068
1947-03-06,3.0,0.085
1947-03-07,3.6,0.1019
1947-03-08,3.2,0.0906
1947-03-09,2.9,0.0821
1947-03-10,2.8,0.0793
1947-03-11,2.7,0.0765
1947-03-12,2.5,0.0708
1947-03-13,2.4,0.068
1947-03-14,2.4,0.068
1947-03-15,2.4,0.068
1947-03-16,2.4,0.068
1947-03-17,2.5,0.0708
1947-03-18,3.2,0.0906
1947-03-19,3.3,0.0934
1947-03-20,3.0,0.085
1947-03-21,2.7,0.0765
1947-03-22,2.7,0.0765
1947-03-23,2.5,0.0708
1947-03-24,2.1,0.0595
1947-03-25,2.1,0.0595
1947-03-26,2.2,0.0623
1947-03-27,2.2,0.0623
1947-03-28,2.1,0.0595
1947-03-29,2.1,0.0595
1947-03-30,2.2,0.0623
1947-03-31,2.1,0.0595
1947-04-01,2.2,0.0623
1947-04-02,2.1,0.0595
1947-04-03,2.1,0.0595
1947-04-04,2.0,0.0566
1947-04-05,1.8,0.051
1947-04-06,1.9,0.0538
1947-04-07,2.0,0.0566
1947-04-08,2.0,0.0566
1947-04-09,1.9,0.0538
1947-04-10,1.7,0.0481
1947-04-11,1.7,0.0481
1947-04-12,1.6,0.0453
1947-04-13,1.8,0.051
1947-04-14,2.2,0.0623
1947-04-15,2.9,0.0821
1947-04-16,2.8,0.0793
1947-04-17,2.5,0.0708
1947-04-18,2.3,0.0651
1947-04-19,1.9,0.0538
1947-04-20,1.7,0.0481
1947-04-21,1.7,0.0481
1947-04-22,1.7,0.0481
1947-04-23,1.5,0.0425
1947-04-24,1.5,0.0425
1947-04-25,1.5,0.0425
1947-04-26,1.7,0.0481
1947-04-27,1.8,0.051
1947-04-28,1.9,0.0538
1947-04-29,1.7,0.0481
1947-04-30,1.4,0.0396
1947-05-01,1.3,0.0368
1947-05-02,1.3,0.0368
1947-05-03,1.3,0.0368
1947-05-04,1.3,0.0368
1947-05-05,1.2,0.034
1947-05-06,1.1,0.0311
1947-05-07,1.0,0.0283
1947-05-08,1.6,0.0453
1947-05-09,1.8,0.051
1947-05-10,3.4,0.0963
1947-05-11,4.7,0.1331
1947-05-12,6.3,0.1784
1947-05-13,3.0,0.085
1947-05-14,1.7,0.0481
1947-05-15,1.4,0.0396
1947-05-16,1.1,0.0311
1947-05-17,1.0,0.0283
1947-05-18,1.0,0.0283
1947-05-19,1.1,0.0311
1947-05-20,1.2,0.034
1947-05-21,1.0,0.0283
1947-05-22,0.9,0.0255
1947-05-23,5.7,0.1614
1947-05-24,3.2,0.0906
1947-05-25,1.6,0.0453
1947-05-26,1.2,0.034
1947-05-27,0.9,0.0255
1947-05-28,0.7,0.0198
1947-05-29,0.5,0.0142
1947-05-30,0.5,0.0142
1947-05-31,0.6,0.017
1947-06-01,0.6,0.017
1947-06-02,0.4,0.0113
1947-06-03,0.3,0.0085
1947-06-04,0.2,0.0057
1947-06-05,0.2,0.0057
1947-06-06,0.2,0.0057
1947-06-07,0.1,0.0028
1947-06-08,0.1,0.0028
1947-06-09,0.1,0.0028
1947-06-10,0.1,0.0028
1947-06-11,0.0,0.0
1947-06-12,0.0,0.0
1947-06-13,0.0,0.0
1947-06-14,0.0,0.0
1947-06-15,0.0,0.0
1947-06-16,0.2,0.0057
1947-06-17,0.9,0.0255
1947-06-18,0.6,0.017
1947-06-19,0.5,0.0142
1947-06-20,0.4,0.0113
1947-06-21,0.3,0.0085
1947-06-22,0.1,0.0028
1947-06-23,0.1,0.0028
1947-06-24,0.0,0.0
1947-06-25,0.9,0.0255
1947-06-26,0.6,0.017
1947-06-27,0.2,0.0057
1947-06-28,0.1,0.0028
1947-06-29,0.0,0.0
1947-06-30,0.0,0.0
1947-07-01,0.0,0.0
1947-07-02,0.0,0.0
1947-07-03,0.0,0.0
1947-07-04,0.0,0.0
1947-07-05,0.0,0.0
1947-07-06,0.0,0.0
1947-07-07,0.0,0.0
1947-07-08,0.0,0.0
1947-07-09,0.0,0.0
1947-07-10,0.0,0.0
1947-07-11,0.0,0.0
1947-07-12,0.0,0.0
1947-07-13,0.0,0.0
1947-07-14,0.0,0.0
1947-07-15,0.0,0.0
1947-07-16,0.0,0.0
1947-07-17,0.0,0.0
1947-07-18,0.0,0.0
1947-07-19,0.0,0.0
1947-07-20,0.0,0.0
1947-07-21,0.0,0.0
1947-07-22,0.0,0.0
1947-07-23,0.0,0.0
1947-07-24,0.0,0.0
1947-07-25,0.0,0.0
1947-07-26,0.0,0.0
1947-07-27,0.0,0.0
1947-07-28,0.0,0.0
1947-07-29,0.0,0.0
1947-07-30,0.0,0.0
1947-07-31,0.0,0.0
1947-08-01,0.0,0.0
1947-08-02,0.0,0.0
1947-08-03,0.0,0.0
1947-08-04,0.0,0.0
1947-08-05,0.0,0.0
1947-08-06,0.0,0.0
1947-08-07,0.0,0.0
1947-08-08,0.0,0.0
1947-08-09,0.0,0.0
1947-08-10,0.0,0.0
1947-08-11,0.0,0.0
1947-08-12,0.0,0.0
1947-08-13,0.0,0.0
1947-08-14,0.0,0.0
1947-08-15,0.0,0.0
1947-08-16,0.0,0.0
1947-08-17,0.0,0.0
1947-08-18,5.2,0.1472
1947-08-19,4.5,0.1274
1947-08-20,2.3,0.0651
1947-08-21,1.0,0.0283
1947-08-22,0.5,0.0142
1947-08-23,0.3,0.0085
1947-08-24,0.3,0.0085
1947-08-25,0.9,0.0255
1947-08-26,2.5,0.0708
1947-08-27,0.8,0.0227
1947-08-28,0.5,0.0142
1947-08-29,0.4,0.0113
1947-08-30,0.2,0.0057
1947-08-31,0.2,0.0057
1947-09-01,0.1,0.0028
1947-09-02,0.1,0.0028
1947-09-03,0.1,0.0028
1947-09-04,0.0,0.0
1947-09-05,0.0,0.0
1947-09-06,0.0,0.0
1947-09-07,0.0,0.0
1947-09-08,0.0,0.0
1947-09-09,0.0,0.0
1947-09-10,1.1,0.0311
1947-09-11,1.0,0.0283
1947-09-12,0.4,0.0113
1947-09-13,0.3,0.0085
1947-09-14,0.2,0.0057
1947-09-15,0.2,0.0057
1947-09-16,0.2,0.0057
1947-09-17,0.1,0.0028
1947-09-18,0.1,0.0028
1947-09-19,0.1,0.0028
1947-09-20,0.1,0.0028
1947-09-21,0.1,0.0028
1947-09-22,0.1,0.0028
1947-09-23,0.2,0.0057
1947-09-24,0.2,0.0057
1947-09-25,0.2,0.0057
1947-09-26,0.2,0.0057
1947-09-27,0.2,0.0057
1947-09-28,0.3,0.0085
1947-09-29,0.3,0.0085
1947-09-30,0.3,0.0085
1947-10-01,0.3,0.0085
1947-10-02,0.4,0.0113
1947-10-03,0.4,0.0113
1947-10-04,0.4,0.0113
1947-10-05,0.5,0.0142
1947-10-06,0.5,0.0142
1947-10-07,0.6,0.017
1947-10-08,0.6,0.017
1947-10-09,0.5,0.0142
1947-10-10,0.5,0.0142
1947-10-11,0.5,0.0142
1947-10-12,0.5,0.0142
1947-10-13,0.5,0.0142
1947-10-14,0.6,0.017
1947-10-15,0.6,0.017
1947-10-16,0.7,0.0198
1947-10-17,0.6,0.017
1947-10-18,0.6,0.017
1947-10-19,0.6,0.017
1947-10-20,0.7,0.0198
1947-10-21,0.8,0.0227
1947-10-22,0.7,0.0198
1947-10-23,0.6,0.017
1947-10-24,0.7,0.0198
1947-10-25,0.7,0.0198
1947-10-26,0.8,0.0227
1947-10-27,0.9,0.0255
1947-10-28,1.0,0.0283
1947-10-29,1.1,0.0311
1947-10-30,1.0,0.0283
1947-10-31,0.9,0.0255
1947-11-01,0.9,0.0255
1947-11-02,0.9,0.0255
1947-11-03,1.0,0.0283
1947-11-04,1.1,0.0311
1947-11-05,1.1,0.0311
1947-11-06,1.0,0.0283
1947-11-07,1.0,0.0283
1947-11-08,1.2,0.034
1947-11-09,1.4,0.0396
1947-11-10,1.5,0.0425
1947-11-11,1.5,0.0425
1947-11-12,1.6,0.0453
1947-11-13,1.7,0.0481
1947-11-14,2.2,0.0623
1947-11-15,2.3,0.0651
1947-11-16,2.1,0.0595
1947-11-17,2.1,0.0595
1947-11-18,2.3,0.0651
1947-11-19,2.3,0.0651
1947-11-20,2.2,0.0623
1947-11-21,2.1,0.0595
1947-11-22,1.9,0.0538
1947-11-23,2.1,0.0595
1947-11-24,2.1,0.0595
1947-11-25,2.1,0.0595
1947-11-26,1.9,0.0538
1947-11-27,1.9,0.0538
1947-11-28,2.0,0.0566
1947-11-29,2.0,0.0566
1947-11-30,2.0,0.0566
1947-12-01,2.1,0.0595
1947-12-02,2.1,0.0595
1947-12-03,2.3,0.0651
1947-12-04,2.5,0.0708
1947-12-05,2.5,0.0708
1947-12-06,2.4,0.068
1947-12-07,2.2,0.0623
1947-12-08,2.2,0.0623
1947-12-09,2.1,0.0595
1947-12-10,2.1,0.0595
1947-12-11,2.2,0.0623
1947-12-12,2.2,0.0623
1947-12-13,2.3,0.0651
1947-12-14,2.4,0.068
1947-12-15,2.3,0.0651
1947-12-16,2.3,0.0651
1947-12-17,2.2,0.0623
1947-12-18,2.2,0.0623
1947-12-19,2.2,0.0623
1947-12-20,2.2,0.0623
1947-12-21,2.2,0.0623
1947-12-22,2.2,0.0623
1947-12-23,2.2,0.0623
1947-12-24,2.2,0.0623
1947-12-25,2.2,0.0623
1947-12-26,2.2,0.0623
1947-12-27,2.2,0.0623
1947-12-28,2.2,0.0623
1947-12-29,2.2,0.0623
1947-12-30,2.1,0.0595
1947-12-31,2.4,0.068
1948-01-01,2.6,0.0736
1948-01-02,2.5,0.0708
1948-01-03,2.4,0.068
1948-01-04,2.3,0.0651
1948-01-05,2.2,0.0623
1948-01-06,2.2,0.0623
1948-01-07,2.2,0.0623
1948-01-08,2.2,0.0623
1948-01-09,2.2,0.0623
1948-01-10,2.1,0.0595
1948-01-11,2.1,0.0595
1948-01-12,2.0,0.0566
1948-01-13,2.0,0.0566
1948-01-14,2.0,0.0566
1948-01-15,2.0,0.0566
1948-01-16,2.0,0.0566
1948-01-17,2.0,0.0566
1948-01-18,2.1,0.0595
1948-01-19,2.1,0.0595
1948-01-20,2.1,0.0595
1948-01-21,2.2,0.0623
1948-01-22,2.2,0.0623
1948-01-23,2.1,0.0595
1948-01-24,2.2,0.0623
1948-01-25,2.2,0.0623
1948-01-26,2.3,0.0651
1948-01-27,2.3,0.0651
1948-01-28,2.4,0.068
1948-01-29,2.6,0.0736
1948-01-30,2.7,0.0765
1948-01-31,2.7,0.0765
1948-02-01,2.3,0.0651
1948-02-02,2.3,0.0651
1948-02-03,2.2,0.0623
1948-02-04,2.5,0.0708
1948-02-05,3.3,0.0934
1948-02-06,3.1,0.0878
1948-02-07,2.6,0.0736
1948-02-08,2.4,0.068
1948-02-09,2.4,0.068
1948-02-10,2.3,0.0651
1948-02-11,1.9,0.0538
1948-02-12,1.9,0.0538
1948-02-13,2.1,0.0595
1948-02-14,2.1,0.0595
1948-02-15,2.1,0.0595
1948-02-16,2.0,0.0566
1948-02-17,1.9,0.0538
1948-02-18,1.9,0.0538
1948-02-19,1.9,0.0538
1948-02-20,1.9,0.0538
1948-02-21,1.9,0.0538
1948-02-22,1.9,0.0538
1948-02-23,1.9,0.0538
1948-02-24,1.9,0.0538
1948-02-25,1.9,0.0538
1948-02-26,2.0,0.0566
1948-02-27,1.9,0.0538
1948-02-28,1.8,0.051
1948-02-29,1.7,0.0481
1948-03-01,1.7,0.0481
1948-03-02,1.7,0.0481
1948-03-03,1.7,0.0481
1948-03-04,1.7,0.0481
1948-03-05,1.8,0.051
1948-03-06,1.9,0.0538
1948-03-07,1.9,0.0538
1948-03-08,1.9,0.0538
1948-03-09,1.8,0.051
1948-03-10,1.7,0.0481
1948-03-11,1.8,0.051
1948-03-12,1.8,0.051
1948-03-13,1.8,0.051
1948-03-14,1.8,0.051
1948-03-15,1.6,0.0453
1948-03-16,1.5,0.0425
1948-03-17,1.6,0.0453
1948-03-18,1.7,0.0481
1948-03-19,1.7,0.0481
1948-03-20,1.7,0.0481
1948-03-21,1.5,0.0425
1948-03-22,1.5,0.0425
1948-03-23,1.5,0.0425
1948-03-24,1.5,0.0425
1948-03-25,1.5,0.0425
1948-03-26,1.4,0.0396
1948-03-27,1.4,0.0396
1948-03-28,1.4,0.0396
1948-03-29,1.6,0.0453
1948-03-30,1.4,0.0396
1948-03-31,1.3,0.0368
1948-04-01,1.4,0.0396
1948-04-02,1.5,0.0425
1948-04-03,1.5,0.0425
1948-04-04,1.4,0.0396
1948-04-05,1.4,0.0396
1948-04-06,1.3,0.0368
1948-04-07,1.2,0.034
1948-04-08,1.1,0.0311
1948-04-09,1.1,0.0311
1948-04-10,1.2,0.034
1948-04-11,1.1,0.0311
1948-04-12,0.9,0.0255
1948-04-13,0.9,0.0255
1948-04-14,1.1,0.0311
1948-04-15,1.1,0.0311
1948-04-16,1.2,0.034
1948-04-17,1.1,0.0311
1948-04-18,1.0,0.0283
1948-04-19,0.9,0.0255
1948-04-20,0.8,0.0227
1948-04-21,0.8,0.0227
1948-04-22,1.1,0.0311
1948-04-23,1.4,0.0396
1948-04-24,1.3,0.0368
1948-04-25,0.9,0.0255
1948-04-26,0.8,0.0227
1948-04-27,0.7,0.0198
1948-04-28,0.7,0.0198
1948-04-29,0.7,0.0198
1948-04-30,0.7,0.0198
1948-05-01,0.5,0.0142
1948-05-02,0.4,0.0113
1948-05-03,0.3,0.0085
1948-05-04,0.3,0.0085
1948-05-05,0.3,0.0085
1948-05-06,0.2,0.0057
1948-05-07,0.3,0.0085
1948-05-08,0.2,0.0057
1948-05-09,0.1,0.0028
1948-05-10,0.1,0.0028
1948-05-11,0.1,0.0028
1948-05-12,0.1,0.0028
1948-05-13,0.3,0.0085
1948-05-14,0.5,0.0142
1948-05-15,0.4,0.0113
1948-05-16,0.3,0.0085
1948-05-17,0.2,0.0057
1948-05-18,0.1,0.0028
1948-05-19,0.0,0.0
1948-05-20,0.0,0.0
1948-05-21,0.0,0.0
1948-05-22,0.0,0.0
1948-05-23,0.0,0.0
1948-05-24,0.0,0.0
1948-05-25,34.0,0.9628
1948-05-26,63.0,1.784
1948-05-27,15.0,0.4248
1948-05-28,5.4,0.1529
1948-05-29,2.8,0.0793
1948-05-30,1.7,0.0481
1948-05-31,523.0,14.8097
1948-06-01,121.0,3.4263
1948-06-02,120.0,3.398
1948-06-03,24.0,0.6796
1948-06-04,8.5,0.2407
1948-06-05,4.2,0.1189
1948-06-06,2.5,0.0708
1948-06-07,1.8,0.051
1948-06-08,1.4,0.0396
1948-06-09,1.1,0.0311
1948-06-10,0.9,0.0255
1948-06-11,0.8,0.0227
1948-06-12,0.6,0.017
1948-06-13,0.5,0.0142
1948-06-14,0.3,0.0085
1948-06-15,0.2,0.0057
1948-06-16,0.2,0.0057
1948-06-17,0.2,0.0057
1948-06-18,0.1,0.0028
1948-06-19,0.0,0.0
1948-06-20,0.0,0.0
1948-06-21,0.0,0.0
1948-06-22,0.0,0.0
1948-06-23,0.0,0.0
1948-06-24,0.0,0.0
1948-06-25,0.0,0.0
1948-06-26,0.0,0.0
1948-06-27,0.0,0.0
1948-06-28,0.8,0.0227
1948-06-29,0.2,0.0057
1948-06-30,0.1,0.0028
1948-07-01,0.0,0.0
1948-07-02,0.0,0.0
1948-07-03,0.0,0.0
1948-07-04,0.0,0.0
1948-07-05,0.0,0.0
1948-07-06,13.0,0.3681
1948-07-07,1.8,0.051
1948-07-08,1.4,0.0396
1948-07-09,0.4,0.0113
1948-07-10,0.1,0.0028
1948-07-11,0.1,0.0028
1948-07-12,0.0,0.0
1948-07-13,0.0,0.0
1948-07-14,0.0,0.0
1948-07-15,0.0,0.0
1948-07-16,0.0,0.0
1948-07-17,0.0,0.0
1948-07-18,0.0,0.0
1948-07-19,0.0,0.0
1948-07-20,0.0,0.0
1948-07-21,3.9,0.1104
1948-07-22,2.8,0.0793
1948-07-23,0.8,0.0227
1948-07-24,0.1,0.0028
1948-07-25,0.0,0.0
1948-07-26,0.0,0.0
1948-07-27,0.0,0.0
1948-07-28,0.0,0.0
1948-07-29,0.0,0.0
1948-07-30,0.3,0.0085
1948-07-31,1.0,0.0283
1948-08-01,0.2,0.0057
1948-08-02,0.0,0.0
1948-08-03,0.0,0.0
1948-08-04,0.0,0.0
1948-08-05,0.0,0.0
1948-08-06,0.0,0.0
1948-08-07,0.0,0.0
1948-08-08,0.0,0.0
1948-08-09,0.0,0.0
1948-08-10,0.0,0.0
1948-08-11,0.0,0.0
1948-08-12,0.0,0.0
1948-08-13,0.0,0.0
1948-08-14,0.0,0.0
1948-08-15,4.8,0.1359
1948-08-16,43.0,1.2176
1948-08-17,6.4,0.1812
1948-08-18,2.3,0.0651
1948-08-19,0.9,0.0255
1948-08-20,0.4,0.0113
1948-08-21,0.1,0.0028
1948-08-22,0.0,0.0
1948-08-23,0.0,0.0
1948-08-24,0.0,0.0
1948-08-25,0.0,0.0
1948-08-26,0.0,0.0
1948-08-27,0.0,0.0
1948-08-28,0.0,0.0
1948-08-29,81.0,2.2937
1948-08-30,3.2,0.0906
1948-08-31,0.5,0.0142
1948-09-01,0.2,0.0057
1948-09-02,0.1,0.0028
1948-09-03,0.1,0.0028
1948-09-04,0.0,0.0
1948-09-05,0.0,0.0
1948-09-06,0.0,0.0
1948-09-07,0.0,0.0
1948-09-08,0.0,0.0
1948-09-09,0.0,0.0
1948-09-10,0.0,0.0
1948-09-11,0.0,0.0
1948-09-12,0.0,0.0
1948-09-13,0.0,0.0
1948-09-14,0.0,0.0
1948-09-15,0.0,0.0
1948-09-16,0.0,0.0
1948-09-17,0.0,0.0
1948-09-18,0.0,0.0
1948-09-19,0.0,0.0
1948-09-20,0.0,0.0
1948-09-21,0.0,0.0
1948-09-22,0.0,0.0
1948-09-23,0.0,0.0
1948-09-24,0.0,0.0
1948-09-25,0.0,0.0
1948-09-26,0.0,0.0
1948-09-27,0.0,0.0
1948-09-28,0.0,0.0
1948-09-29,0.0,0.0
1948-09-30,0.0,0.0
1948-10-01,0.0,0.0
1948-10-02,0.0,0.0
1948-10-03,0.0,0.0
1948-10-04,0.0,0.0
1948-10-05,0.0,0.0
1948-10-06,0.0,0.0
1948-10-07,0.0,0.0
1948-10-08,0.0,0.0
1948-10-09,0.0,0.0
1948-10-10,0.0,0.0
1948-10-11,0.0,0.0
1948-10-12,0.4,0.0113
1948-10-13,0.4,0.0113
1948-10-14,0.4,0.0113
1948-10-15,0.4,0.0113
1948-10-16,0.4,0.0113
1948-10-17,0.4,0.0113
1948-10-18,0.4,0.0113
1948-10-19,0.4,0.0113
1948-10-20,0.7,0.0198
1948-10-21,0.9,0.0255
1948-10-22,1.1,0.0311
1948-10-23,1.1,0.0311
1948-10-24,1.0,0.0283
1948-10-25,1.0,0.0283
1948-10-26,0.9,0.0255
1948-10-27,0.9,0.0255
1948-10-28,0.9,0.0255
1948-10-29,1.0,0.0283
1948-10-30,1.0,0.0283
1948-10-31,1.0,0.0283
1948-11-01,0.9,0.0255
1948-11-02,0.9,0.0255
1948-11-03,0.9,0.0255
1948-11-04,0.8,0.0227
1948-11-05,0.7,0.0198
1948-11-06,0.7,0.0198
1948-11-07,0.9,0.0255
1948-11-08,0.9,0.0255
1948-11-09,1.0,0.0283
1948-11-10,1.3,0.0368
1948-11-11,1.3,0.0368
1948-11-12,1.4,0.0396
1948-11-13,1.4,0.0396
1948-11-14,1.5,0.0425
1948-11-15,1.5,0.0425
1948-11-16,1.5,0.0425
1948-11-17,1.5,0.0425
1948-11-18,1.4,0.0396
1948-11-19,1.4,0.0396
1948-11-20,1.5,0.0425
1948-11-21,1.5,0.0425
1948-11-22,1.5,0.0425
1948-11-23,1.6,0.0453
1948-11-24,1.7,0.0481
1948-11-25,1.7,0.0481
1948-11-26,1.7,0.0481
1948-11-27,1.6,0.0453
1948-11-28,1.6,0.0453
1948-11-29,1.8,0.051
1948-11-30,1.8,0.051
1948-12-01,1.8,0.051
1948-12-02,1.8,0.051
1948-12-03,1.9,0.0538
1948-12-04,1.9,0.0538
1948-12-05,1.8,0.051
1948-12-06,1.8,0.051
1948-12-07,1.8,0.051
1948-12-08,1.8,0.051
1948-12-09,1.8,0.051
1948-12-10,1.8,0.051
1948-12-11,1.8,0.051
1948-12-12,1.9,0.0538
1948-12-13,1.9,0.0538
1948-12-14,2.1,0.0595
1948-12-15,2.2,0.0623
1948-12-16,2.2,0.0623
1948-12-17,2.1,0.0595
1948-12-18,2.0,0.0566
1948-12-19,1.9,0.0538
1948-12-20,1.9,0.0538
1948-12-21,1.8,0.051
1948-12-22,1.7,0.0481
1948-12-23,1.8,0.051
1948-12-24,1.9,0.0538
1948-12-25,2.0,0.0566
1948-12-26,2.3,0.0651
1948-12-27,2.4,0.068
1948-12-28,2.3,0.0651
1948-12-29,2.2,0.0623
1948-12-30,2.1,0.0595
1948-12-31,2.1,0.0595
1949-01-01,2.2,0.0623
1949-01-02,2.2,0.0623
1949-01-03,2.2,0.0623
1949-01-04,2.2,0.0623
1949-01-05,2.2,0.0623
1949-01-06,2.2,0.0623
1949-01-07,2.3,0.0651
1949-01-08,2.3,0.0651
1949-01-09,2.3,0.0651
1949-01-10,3.3,0.0934
1949-01-11,4.4,0.1246
1949-01-12,4.4,0.1246
1949-01-13,4.0,0.1133
1949-01-14,3.7,0.1048
1949-01-15,3.2,0.0906
1949-01-16,3.2,0.0906
1949-01-17,3.5,0.0991
1949-01-18,3.5,0.0991
1949-01-19,3.4,0.0963
1949-01-20,3.2,0.0906
1949-01-21,3.0,0.085
1949-01-22,3.2,0.0906
1949-01-23,3.9,0.1104
1949-01-24,3.6,0.1019
1949-01-25,3.5,0.0991
1949-01-26,3.2,0.0906
1949-01-27,3.4,0.0963
1949-01-28,3.0,0.085
1949-01-29,2.7,0.0765
1949-01-30,2.8,0.0793
1949-01-31,2.9,0.0821
1949-02-01,2.9,0.0821
1949-02-02,2.7,0.0765
1949-02-03,2.7,0.0765
1949-02-04,2.6,0.0736
1949-02-05,2.4,0.068
1949-02-06,2.2,0.0623
1949-02-07,2.2,0.0623
1949-02-08,2.2,0.0623
1949-02-09,2.2,0.0623
1949-02-10,2.2,0.0623
1949-02-11,2.2,0.0623
1949-02-12,2.2,0.0623
1949-02-13,2.2,0.0623
1949-02-14,2.2,0.0623
1949-02-15,2.0,0.0566
1949-02-16,2.0,0.0566
1949-02-17,2.0,0.0566
1949-02-18,2.0,0.0566
1949-02-19,2.1,0.0595
1949-02-20,2.1,0.0595
1949-02-21,2.0,0.0566
1949-02-22,2.0,0.0566
1949-02-23,2.1,0.0595
1949-02-24,2.2,0.0623
1949-02-25,2.2,0.0623
1949-02-26,2.2,0.0623
1949-02-27,2.1,0.0595
1949-02-28,2.1,0.0595
1949-03-01,2.2,0.0623
1949-03-02,2.2,0.0623
1949-03-03,2.2,0.0623
1949-03-04,2.2,0.0623
1949-03-05,2.2,0.0623
1949-03-06,2.1,0.0595
1949-03-07,2.0,0.0566
1949-03-08,1.9,0.0538
1949-03-09,1.9,0.0538
1949-03-10,1.9,0.0538
1949-03-11,1.9,0.0538
1949-03-12,1.9,0.0538
1949-03-13,1.9,0.0538
1949-03-14,1.9,0.0538
1949-03-15,1.9,0.0538
1949-03-16,1.9,0.0538
1949-03-17,1.8,0.051
1949-03-18,1.8,0.051
1949-03-19,1.8,0.051
1949-03-20,2.1,0.0595
1949-03-21,2.0,0.0566
1949-03-22,1.9,0.0538
1949-03-23,1.8,0.051
1949-03-24,1.5,0.0425
1949-03-25,1.5,0.0425
1949-03-26,1.4,0.0396
1949-03-27,1.5,0.0425
1949-03-28,1.5,0.0425
1949-03-29,1.5,0.0425
1949-03-30,1.4,0.0396
1949-03-31,1.4,0.0396
1949-04-01,1.5,0.0425
1949-04-02,1.5,0.0425
1949-04-03,1.9,0.0538
1949-04-04,2.7,0.0765
1949-04-05,2.6,0.0736
1949-04-06,2.2,0.0623
1949-04-07,1.9,0.0538
1949-04-08,1.7,0.0481
1949-04-09,1.5,0.0425
1949-04-10,1.4,0.0396
1949-04-11,1.4,0.0396
1949-04-12,1.4,0.0396
1949-04-13,1.3,0.0368
1949-04-14,1.2,0.034
1949-04-15,1.0,0.0283
1949-04-16,1.0,0.0283
1949-04-17,1.1,0.0311
1949-04-18,1.1,0.0311
1949-04-19,1.1,0.0311
1949-04-20,1.3,0.0368
1949-04-21,26.0,0.7362
1949-04-22,29.0,0.8212
1949-04-23,8.0,0.2265
1949-04-24,5.1,0.1444
1949-04-25,3.7,0.1048
1949-04-26,2.7,0.0765
1949-04-27,2.2,0.0623
1949-04-28,2.1,0.0595
1949-04-29,1.7,0.0481
1949-04-30,1.5,0.0425
1949-05-01,1.2,0.034
1949-05-02,1.0,0.0283
1949-05-03,0.9,0.0255
1949-05-04,1.0,0.0283
1949-05-05,1.6,0.0453
1949-05-06,417.0,11.8081
1949-05-07,69.0,1.9539
1949-05-08,3.7,0.1048
1949-05-09,2.1,0.0595
1949-05-10,1.5,0.0425
1949-05-11,21.0,0.5947
1949-05-12,9.1,0.2577
1949-05-13,5.1,0.1444
1949-05-14,3.4,0.0963
1949-05-15,2.2,0.0623
1949-05-16,1.5,0.0425
1949-05-17,1.2,0.034
1949-05-18,0.9,0.0255
1949-05-19,0.7,0.0198
1949-05-20,0.5,0.0142
1949-05-21,0.3,0.0085
1949-05-22,0.3,0.0085
1949-05-23,0.2,0.0057
1949-05-24,0.2,0.0057
1949-05-25,0.2,0.0057
1949-05-26,284.0,8.042
1949-05-27,26.0,0.7362
1949-05-28,8.0,0.2265
1949-05-29,4.2,0.1189
1949-05-30,2.5,0.0708
1949-05-31,1.8,0.051
1949-06-01,1.3,0.0368
1949-06-02,0.8,0.0227
1949-06-03,0.7,0.0198
1949-06-04,0.5,0.0142
1949-06-05,0.4,0.0113
1949-06-06,1.8,0.051
1949-06-07,100.0,2.8317
1949-06-08,62.0,1.7556
1949-06-09,20.0,0.5663
1949-06-10,3.8,0.1076
1949-06-11,53.0,1.5008
1949-06-12,33.0,0.9345
1949-06-13,8.5,0.2407
1949-06-14,6.2,0.1756
1949-06-15,3.4,0.0963
1949-06-16,2.1,0.0595
1949-06-17,1.5,0.0425
1949-06-18,1.1,0.0311
1949-06-19,13.0,0.3681
1949-06-20,5.0,0.1416
1949-06-21,2.0,0.0566
1949-06-22,1.1,0.0311
1949-06-23,0.8,0.0227
1949-06-24,0.4,0.0113
1949-06-25,0.3,0.0085
1949-06-26,0.2,0.0057
1949-06-27,0.1,0.0028
1949-06-28,0.0,0.0
1949-06-29,0.0,0.0
1949-06-30,0.0,0.0
1949-07-01,0.0,0.0
1949-07-02,0.0,0.0
1949-07-03,0.0,0.0
1949-07-04,0.0,0.0
1949-07-05,0.0,0.0
1949-07-06,0.0,0.0
1949-07-07,0.0,0.0
1949-07-08,1.8,0.051
1949-07-09,1.5,0.0425
1949-07-10,0.9,0.0255
1949-07-11,0.2,0.0057
1949-07-12,0.1,0.0028
1949-07-13,0.0,0.0
1949-07-14,1.8,0.051
1949-07-15,26.0,0.7362
1949-07-16,13.0,0.3681
1949-07-17,4.8,0.1359
1949-07-18,2.2,0.0623
1949-07-19,0.9,0.0255
1949-07-20,0.5,0.0142
1949-07-21,0.2,0.0057
1949-07-22,0.0,0.0
1949-07-23,0.0,0.0
1949-07-24,11.0,0.3115
1949-07-25,39.0,1.1044
1949-07-26,100.0,2.8317
1949-07-27,17.0,0.4814
1949-07-28,8.2,0.2322
1949-07-29,4.2,0.1189
1949-07-30,2.6,0.0736
1949-07-31,1.6,0.0453
1949-08-01,0.9,0.0255
1949-08-02,0.7,0.0198
1949-08-03,0.4,0.0113
1949-08-04,0.3,0.0085
1949-08-05,0.4,0.0113
1949-08-06,0.4,0.0113
1949-08-07,0.5,0.0142
1949-08-08,5.3,0.1501
1949-08-09,4.7,0.1331
1949-08-10,2.0,0.0566
1949-08-11,2.4,0.068
1949-08-12,1.3,0.0368
1949-08-13,0.6,0.017
1949-08-14,0.3,0.0085
1949-08-15,0.1,0.0028
1949-08-16,0.1,0.0028
1949-08-17,0.0,0.0
1949-08-18,0.0,0.0
1949-08-19,0.0,0.0
1949-08-20,0.0,0.0
1949-08-21,0.0,0.0
1949-08-22,0.0,0.0
1949-08-23,0.0,0.0
1949-08-24,0.0,0.0
1949-08-25,0.0,0.0
1949-08-26,0.0,0.0
1949-08-27,0.0,0.0
1949-08-28,0.0,0.0
1949-08-29,0.0,0.0
1949-08-30,0.0,0.0
1949-08-31,0.0,0.0
1949-09-01,0.0,0.0
1949-09-02,0.0,0.0
1949-09-03,0.0,0.0
1949-09-04,0.0,0.0
1949-09-05,0.3,0.0085
1949-09-06,0.0,0.0
1949-09-07,84.0,2.3786
1949-09-08,14.0,0.3964
1949-09-09,1190.0,33.697
1949-09-10,35.0,0.9911
1949-09-11,9.7,0.2747
1949-09-12,5.2,0.1472
1949-09-13,99.0,2.8034
1949-09-14,5.8,0.1642
1949-09-15,561.0,15.8857
1949-09-16,151.0,4.2758
1949-09-17,21.0,0.5947
1949-09-18,8.8,0.2492
1949-09-19,369.0,10.4489
1949-09-20,106.0,3.0016
1949-09-21,8.8,0.2492
1949-09-22,5.2,0.1472
1949-09-23,3.9,0.1104
1949-09-24,3.4,0.0963
1949-09-25,2.9,0.0821
1949-09-26,2.6,0.0736
1949-09-27,2.3,0.0651
1949-09-28,2.2,0.0623
1949-09-29,2.1,0.0595
1949-09-30,139.0,3.936
1949-10-01,92.0,2.6051
1949-10-02,8.1,0.2294
1949-10-03,4.5,0.1274
1949-10-04,3.4,0.0963
1949-10-05,2.8,0.0793
1949-10-06,2.5,0.0708
1949-10-07,2.1,0.0595
1949-10-08,1.8,0.051
1949-10-09,1.6,0.0453
1949-10-10,1.4,0.0396
1949-10-11,1.3,0.0368
1949-10-12,1.3,0.0368
1949-10-13,1.3,0.0368
1949-10-14,1.4,0.0396
1949-10-15,1.4,0.0396
1949-10-16,1.4,0.0396
1949-10-17,1.8,0.051
1949-10-18,2.2,0.0623
1949-10-19,1.9,0.0538
1949-10-20,1.5,0.0425
1949-10-21,1.3,0.0368
1949-10-22,1.6,0.0453
1949-10-23,2.9,0.0821
1949-10-24,3.2,0.0906
1949-10-25,2.6,0.0736
1949-10-26,2.1,0.0595
1949-10-27,2.0,0.0566
1949-10-28,1.8,0.051
1949-10-29,1.7,0.0481
1949-10-30,1.5,0.0425
1949-10-31,1.5,0.0425
1949-11-01,1.5,0.0425
1949-11-02,1.5,0.0425
1949-11-03,1.5,0.0425
1949-11-04,1.5,0.0425
1949-11-05,1.5,0.0425
1949-11-06,1.5,0.0425
1949-11-07,1.5,0.0425
1949-11-08,1.5,0.0425
1949-11-09,1.5,0.0425
1949-11-10,1.5,0.0425
1949-11-11,1.4,0.0396
1949-11-12,1.3,0.0368
1949-11-13,1.4,0.0396
1949-11-14,1.5,0.0425
1949-11-15,1.6,0.0453
1949-11-16,1.7,0.0481
1949-11-17,1.7,0.0481
1949-11-18,1.9,0.0538
1949-11-19,1.9,0.0538
1949-11-20,1.8,0.051
1949-11-21,1.8,0.051
1949-11-22,1.8,0.051
1949-11-23,1.9,0.0538
1949-11-24,1.9,0.0538
1949-11-25,1.9,0.0538
1949-11-26,1.9,0.0538
1949-11-27,1.8,0.051
1949-11-28,1.7,0.0481
1949-11-29,1.6,0.0453
1949-11-30,1.6,0.0453
1949-12-01,1.7,0.0481
1949-12-02,1.9,0.0538
1949-12-03,1.9,0.0538
1949-12-04,1.9,0.0538
1949-12-05,1.9,0.0538
1949-12-06,1.9,0.0538
1949-12-07,1.9,0.0538
1949-12-08,1.9,0.0538
1949-12-09,1.9,0.0538
1949-12-10,1.9,0.0538
1949-12-11,1.8,0.051
1949-12-12,1.7,0.0481
1949-12-13,1.7,0.0481
1949-12-14,1.7,0.0481
1949-12-15,1.8,0.051
1949-12-16,1.9,0.0538
1949-12-17,1.9,0.0538
1949-12-18,1.9,0.0538
1949-12-19,1.8,0.051
1949-12-20,1.8,0.051
1949-12-21,1.7,0.0481
1949-12-22,1.6,0.0453
1949-12-23,1.6,0.0453
1949-12-24,1.7,0.0481
1949-12-25,1.8,0.051
1949-12-26,1.8,0.051
1949-12-27,1.8,0.051
1949-12-28,1.8,0.051
1949-12-29,1.9,0.0538
1949-12-30,2.0,0.0566
1949-12-31,2.1,0.0595
1950-01-01,2.1,0.0595
1950-01-02,2.0,0.0566
1950-01-03,2.0,0.0566
1950-01-04,1.8,0.051
1950-01-05,1.6,0.0453
1950-01-06,1.6,0.0453
1950-01-07,1.6,0.0453
1950-01-08,1.7,0.0481
1950-01-09,1.8,0.051
1950-01-10,1.8,0.051
1950-01-11,1.8,0.051
1950-01-12,1.8,0.051
1950-01-13,1.9,0.0538
1950-01-14,1.8,0.051
1950-01-15,1.6,0.0453
1950-01-16,1.5,0.0425
1950-01-17,1.6,0.0453
1950-01-18,1.5,0.0425
1950-01-19,1.6,0.0453
1950-01-20,1.6,0.0453
1950-01-21,1.6,0.0453
1950-01-22,1.7,0.0481
1950-01-23,1.7,0.0481
1950-01-24,1.6,0.0453
1950-01-25,1.5,0.0425
1950-01-26,1.4,0.0396
1950-01-27,1.5,0.0425
1950-01-28,1.5,0.0425
1950-01-29,1.5,0.0425
1950-01-30,1.5,0.0425
1950-01-31,1.6,0.0453
1950-02-01,1.6,0.0453
1950-02-02,1.6,0.0453
1950-02-03,1.6,0.0453
1950-02-04,1.6,0.0453
1950-02-05,1.6,0.0453
1950-02-06,1.7,0.0481
1950-02-07,1.6,0.0453
1950-02-08,1.5,0.0425
1950-02-09,1.5,0.0425
1950-02-10,1.5,0.0425
1950-02-11,1.5,0.0425
1950-02-12,1.5,0.0425
1950-02-13,1.6,0.0453
1950-02-14,1.7,0.0481
1950-02-15,1.8,0.051
1950-02-16,1.6,0.0453
1950-02-17,1.6,0.0453
1950-02-18,1.5,0.0425
1950-02-19,1.5,0.0425
1950-02-20,1.7,0.0481
1950-02-21,1.7,0.0481
1950-02-22,1.6,0.0453
1950-02-23,1.6,0.0453
1950-02-24,1.5,0.0425
1950-02-25,1.4,0.0396
1950-02-26,1.5,0.0425
1950-02-27,1.5,0.0425
1950-02-28,1.5,0.0425
1950-03-01,1.5,0.0425
1950-03-02,1.4,0.0396
1950-03-03,1.5,0.0425
1950-03-04,1.5,0.0425
1950-03-05,1.5,0.0425
1950-03-06,1.5,0.0425
1950-03-07,1.3,0.0368
1950-03-08,1.3,0.0368
1950-03-09,1.3,0.0368
1950-03-10,1.3,0.0368
1950-03-11,1.3,0.0368
1950-03-12,1.3,0.0368
1950-03-13,1.3,0.0368
1950-03-14,1.5,0.0425
1950-03-15,1.5,0.0425
1950-03-16,1.5,0.0425
1950-03-17,1.5,0.0425
1950-03-18,1.4,0.0396
1950-03-19,1.3,0.0368
1950-03-20,1.3,0.0368
1950-03-21,1.3,0.0368
1950-03-22,1.3,0.0368
1950-03-23,1.3,0.0368
1950-03-24,1.2,0.034
1950-03-25,1.1,0.0311
1950-03-26,0.9,0.0255
1950-03-27,0.9,0.0255
1950-03-28,0.9,0.0255
1950-03-29,0.9,0.0255
1950-03-30,1.0,0.0283
1950-03-31,1.0,0.0283
1950-04-01,1.0,0.0283
1950-04-02,1.0,0.0283
1950-04-03,0.9,0.0255
1950-04-04,0.7,0.0198
1950-04-05,0.7,0.0198
1950-04-06,0.7,0.0198
1950-04-07,0.8,0.0227
1950-04-08,0.8,0.0227
1950-04-09,0.8,0.0227
1950-04-10,0.7,0.0198
1950-04-11,0.6,0.017
1950-04-12,0.6,0.017
1950-04-13,0.8,0.0227
1950-04-14,1.3,0.0368
1950-04-15,1.4,0.0396
1950-04-16,1.0,0.0283
1950-04-17,0.9,0.0255
1950-04-18,0.7,0.0198
1950-04-19,0.6,0.017
1950-04-20,0.6,0.017
1950-04-21,0.6,0.017
1950-04-22,0.5,0.0142
1950-04-23,0.4,0.0113
1950-04-24,0.3,0.0085
1950-04-25,0.3,0.0085
1950-04-26,0.3,0.0085
1950-04-27,0.3,0.0085
1950-04-28,0.3,0.0085
1950-04-29,0.2,0.0057
1950-04-30,0.1,0.0028
1950-05-01,0.1,0.0028
1950-05-02,0.0,0.0
1950-05-03,0.0,0.0
1950-05-04,0.0,0.0
1950-05-05,0.0,0.0
1950-05-06,0.0,0.0
1950-05-07,0.0,0.0
1950-05-08,0.0,0.0
1950-05-09,0.0,0.0
1950-05-10,0.0,0.0
1950-05-11,0.0,0.0
1950-05-12,0.0,0.0
1950-05-13,0.0,0.0
1950-05-14,0.0,0.0
1950-05-15,0.0,0.0
1950-05-16,0.0,0.0
1950-05-17,0.0,0.0
1950-05-18,0.0,0.0
1950-05-19,0.0,0.0
1950-05-20,0.0,0.0
1950-05-21,0.0,0.0
1950-05-22,0.0,0.0
1950-05-23,0.0,0.0
1950-05-24,0.0,0.0
1950-05-25,0.0,0.0
1950-05-26,0.0,0.0
1950-05-27,0.0,0.0
1950-05-28,0.0,0.0
1950-05-29,0.0,0.0
1950-05-30,0.0,0.0
1950-05-31,0.0,0.0
1950-06-01,0.0,0.0
1950-06-02,0.0,0.0
1950-06-03,0.0,0.0
1950-06-04,0.0,0.0
1950-06-05,0.0,0.0
1950-06-06,0.0,0.0
1950-06-07,0.0,0.0
1950-06-08,0.0,0.0
1950-06-09,0.0,0.0
1950-06-10,0.0,0.0
1950-06-11,0.0,0.0
1950-06-12,0.0,0.0
1950-06-13,0.0,0.0
1950-06-14,0.0,0.0
1950-06-15,0.0,0.0
1950-06-16,0.0,0.0
1950-06-17,0.0,0.0
1950-06-18,0.0,0.0
1950-06-19,0.0,0.0
1950-06-20,0.0,0.0
1950-06-21,0.0,0.0
1950-06-22,0.0,0.0
1950-06-23,0.0,0.0
1950-06-24,0.0,0.0
1950-06-25,0.0,0.0
1950-06-26,0.0,0.0
1950-06-27,0.0,0.0
1950-06-28,0.0,0.0
1950-06-29,0.0,0.0
1950-06-30,0.0,0.0
1950-07-01,0.0,0.0
1950-07-02,0.0,0.0
1950-07-03,0.0,0.0
1950-07-04,0.0,0.0
1950-07-05,0.0,0.0
1950-07-06,0.0,0.0
1950-07-07,0.0,0.0
1950-07-08,57.0,1.6141
1950-07-09,5.1,0.1444
1950-07-10,0.9,0.0255
1950-07-11,57.0,1.6141
1950-07-12,38.0,1.076
1950-07-13,392.0,11.1002
1950-07-14,48.0,1.3592
1950-07-15,15.0,0.4248
1950-07-16,7.3,0.2067
1950-07-17,4.4,0.1246
1950-07-18,3.1,0.0878
1950-07-19,2.4,0.068
1950-07-20,8.1,0.2294
1950-07-21,5.3,0.1501
1950-07-22,4.1,0.1161
1950-07-23,81.0,2.2937
1950-07-24,898.0,25.4285
1950-07-25,127.0,3.5962
1950-07-26,46.0,1.3026
1950-07-27,41.0,1.161
1950-07-28,65.0,1.8406
1950-07-29,24.0,0.6796
1950-07-30,11.0,0.3115
1950-07-31,7.3,0.2067
1950-08-01,5.5,0.1557
1950-08-02,3.8,0.1076
1950-08-03,3.0,0.085
1950-08-04,4.0,0.1133
1950-08-05,2.5,0.0708
1950-08-06,2.0,0.0566
1950-08-07,1.5,0.0425
1950-08-08,1.4,0.0396
1950-08-09,2.4,0.068
1950-08-10,1.2,0.034
1950-08-11,0.8,0.0227
1950-08-12,0.7,0.0198
1950-08-13,0.5,0.0142
1950-08-14,0.6,0.017
1950-08-15,0.5,0.0142
1950-08-16,0.4,0.0113
1950-08-17,7.6,0.2152
1950-08-18,8.1,0.2294
1950-08-19,3.5,0.0991
1950-08-20,1.8,0.051
1950-08-21,1.0,0.0283
1950-08-22,0.7,0.0198
1950-08-23,0.5,0.0142
1950-08-24,0.3,0.0085
1950-08-25,0.1,0.0028
1950-08-26,0.0,0.0
1950-08-27,0.0,0.0
1950-08-28,0.0,0.0
1950-08-29,0.0,0.0
1950-08-30,0.0,0.0
1950-08-31,0.0,0.0
1950-09-01,0.0,0.0
1950-09-02,0.0,0.0
1950-09-03,8.4,0.2379
1950-09-04,40.0,1.1327
1950-09-05,9.6,0.2718
1950-09-06,1240.0,35.1128
1950-09-07,51.0,1.4442
1950-09-08,22.0,0.623
1950-09-09,8.6,0.2435
1950-09-10,5.3,0.1501
1950-09-11,3.7,0.1048
1950-09-12,3.0,0.085
1950-09-13,2.7,0.0765
1950-09-14,2.2,0.0623
1950-09-15,1.9,0.0538
1950-09-16,1.6,0.0453
1950-09-17,1.5,0.0425
1950-09-18,1.5,0.0425
1950-09-19,1.7,0.0481
1950-09-20,1.6,0.0453
1950-09-21,1.5,0.0425
1950-09-22,2.5,0.0708
1950-09-23,2.9,0.0821
1950-09-24,2.4,0.068
1950-09-25,32.0,0.9061
1950-09-26,34.0,0.9628
1950-09-27,6.0,0.1699
1950-09-28,3.4,0.0963
1950-09-29,2.4,0.068
1950-09-30,2.1,0.0595
1950-10-01,986.0,27.9204
1950-10-02,1450.0,41.0594
1950-10-03,305.0,8.6366
1950-10-04,42.0,1.1893
1950-10-05,14.0,0.3964
1950-10-06,8.2,0.2322
1950-10-07,6.1,0.1727
1950-10-08,5.0,0.1416
1950-10-09,4.5,0.1274
1950-10-10,4.2,0.1189
1950-10-11,3.9,0.1104
1950-10-12,3.7,0.1048
1950-10-13,3.5,0.0991
1950-10-14,3.2,0.0906
1950-10-15,3.1,0.0878
1950-10-16,3.0,0.085
1950-10-17,2.8,0.0793
1950-10-18,2.7,0.0765
1950-10-19,2.6,0.0736
1950-10-20,2.6,0.0736
1950-10-21,2.6,0.0736
1950-10-22,2.5,0.0708
1950-10-23,2.5,0.0708
1950-10-24,2.4,0.068
1950-10-25,2.3,0.0651
1950-10-26,2.3,0.0651
1950-10-27,2.2,0.0623
1950-10-28,2.2,0.0623
1950-10-29,2.2,0.0623
1950-10-30,2.2,0.0623
1950-10-31,2.2,0.0623
1950-11-01,2.2,0.0623
1950-11-02,2.2,0.0623
1950-11-03,2.1,0.0595
1950-11-04,2.2,0.0623
1950-11-05,2.3,0.0651
1950-11-06,2.3,0.0651
1950-11-07,2.3,0.0651
1950-11-08,2.3,0.0651
1950-11-09,2.2,0.0623
1950-11-10,2.2,0.0623
1950-11-11,2.4,0.068
1950-11-12,2.5,0.0708
1950-11-13,2.6,0.0736
1950-11-14,2.7,0.0765
1950-11-15,2.6,0.0736
1950-11-16,2.5,0.0708
1950-11-17,2.5,0.0708
1950-11-18,2.5,0.0708
1950-11-19,2.3,0.0651
1950-11-20,2.2,0.0623
1950-11-21,2.2,0.0623
1950-11-22,2.3,0.0651
1950-11-23,2.3,0.0651
1950-11-24,2.3,0.0651
1950-11-25,2.3,0.0651
1950-11-26,2.3,0.0651
1950-11-27,2.3,0.0651
1950-11-28,2.4,0.068
1950-11-29,2.4,0.068
1950-11-30,2.4,0.068
1950-12-01,2.3,0.0651
1950-12-02,2.1,0.0595
1950-12-03,2.1,0.0595
1950-12-04,2.1,0.0595
1950-12-05,2.1,0.0595
1950-12-06,2.1,0.0595
1950-12-07,2.2,0.0623
1950-12-08,2.2,0.0623
1950-12-09,2.2,0.0623
1950-12-10,2.2,0.0623
1950-12-11,2.2,0.0623
1950-12-12,2.2,0.0623
1950-12-13,2.3,0.0651
1950-12-14,2.3,0.0651
1950-12-15,2.3,0.0651
1950-12-16,2.2,0.0623
1950-12-17,2.2,0.0623
1950-12-18,2.2,0.0623
1950-12-19,2.2,0.0623
1950-12-20,2.2,0.0623
1950-12-21,2.2,0.0623
1950-12-22,2.2,0.0623
1950-12-23,2.2,0.0623
1950-12-24,2.2,0.0623
1950-12-25,2.2,0.0623
1950-12-26,2.2,0.0623
1950-12-27,2.2,0.0623
1950-12-28,2.2,0.0623
1950-12-29,2.2,0.0623
1950-12-30,2.2,0.0623
1950-12-31,2.2,0.0623
1951-01-01,2.2,0.0623
1951-01-02,2.2,0.0623
1951-01-03,2.2,0.0623
1951-01-04,2.1,0.0595
1951-01-05,2.1,0.0595
1951-01-06,2.1,0.0595
1951-01-07,2.0,0.0566
1951-01-08,2.1,0.0595
1951-01-09,2.1,0.0595
1951-01-10,2.1,0.0595
1951-01-11,2.1,0.0595
1951-01-12,2.1,0.0595
1951-01-13,2.1,0.0595
1951-01-14,2.0,0.0566
1951-01-15,2.0,0.0566
1951-01-16,2.0,0.0566
1951-01-17,2.1,0.0595
1951-01-18,2.0,0.0566
1951-01-19,2.0,0.0566
1951-01-20,1.8,0.051
1951-01-21,1.8,0.051
1951-01-22,2.0,0.0566
1951-01-23,2.1,0.0595
1951-01-24,2.1,0.0595
1951-01-25,2.1,0.0595
1951-01-26,2.1,0.0595
1951-01-27,2.1,0.0595
1951-01-28,2.0,0.0566
1951-01-29,1.9,0.0538
1951-01-30,1.9,0.0538
1951-01-31,2.1,0.0595
1951-02-01,2.1,0.0595
1951-02-02,2.1,0.0595
1951-02-03,2.2,0.0623
1951-02-04,2.2,0.0623
1951-02-05,2.4,0.068
1951-02-06,2.4,0.068
1951-02-07,2.4,0.068
1951-02-08,2.4,0.068
1951-02-09,2.4,0.068
1951-02-10,2.3,0.0651
1951-02-11,2.2,0.0623
1951-02-12,2.1,0.0595
1951-02-13,2.1,0.0595
1951-02-14,2.4,0.068
1951-02-15,2.5,0.0708
1951-02-16,2.5,0.0708
1951-02-17,2.5,0.0708
1951-02-18,2.5,0.0708
1951-02-19,2.3,0.0651
1951-02-20,2.2,0.0623
1951-02-21,2.2,0.0623
1951-02-22,2.2,0.0623
1951-02-23,2.3,0.0651
1951-02-24,2.3,0.0651
1951-02-25,2.4,0.068
1951-02-26,2.3,0.0651
1951-02-27,2.2,0.0623
1951-02-28,2.0,0.0566
1951-03-01,2.0,0.0566
1951-03-02,1.9,0.0538
1951-03-03,1.8,0.051
1951-03-04,1.7,0.0481
1951-03-05,1.7,0.0481
1951-03-06,1.8,0.051
1951-03-07,1.8,0.051
1951-03-08,1.9,0.0538
1951-03-09,2.1,0.0595
1951-03-10,2.5,0.0708
1951-03-11,2.4,0.068
1951-03-12,2.2,0.0623
1951-03-13,2.1,0.0595
1951-03-14,2.1,0.0595
1951-03-15,2.1,0.0595
1951-03-16,1.9,0.0538
1951-03-17,1.8,0.051
1951-03-18,1.8,0.051
1951-03-19,1.8,0.051
1951-03-20,1.8,0.051
1951-03-21,1.9,0.0538
1951-03-22,1.9,0.0538
1951-03-23,1.7,0.0481
1951-03-24,1.7,0.0481
1951-03-25,1.9,0.0538
1951-03-26,2.3,0.0651
1951-03-27,2.3,0.0651
1951-03-28,2.5,0.0708
1951-03-29,3.5,0.0991
1951-03-30,3.0,0.085
1951-03-31,2.4,0.068
1951-04-01,2.1,0.0595
1951-04-02,2.0,0.0566
1951-04-03,1.9,0.0538
1951-04-04,1.9,0.0538
1951-04-05,1.9,0.0538
1951-04-06,1.9,0.0538
1951-04-07,2.0,0.0566
1951-04-08,2.0,0.0566
1951-04-09,2.0,0.0566
1951-04-10,1.8,0.051
1951-04-11,1.5,0.0425
1951-04-12,1.5,0.0425
1951-04-13,1.6,0.0453
1951-04-14,1.7,0.0481
1951-04-15,1.5,0.0425
1951-04-16,1.5,0.0425
1951-04-17,1.5,0.0425
1951-04-18,1.5,0.0425
1951-04-19,1.4,0.0396
1951-04-20,1.4,0.0396
1951-04-21,1.3,0.0368
1951-04-22,1.3,0.0368
1951-04-23,1.3,0.0368
1951-04-24,1.3,0.0368
1951-04-25,1.3,0.0368
1951-04-26,1.2,0.034
1951-04-27,1.1,0.0311
1951-04-28,1.0,0.0283
1951-04-29,1.0,0.0283
1951-04-30,0.9,0.0255
1951-05-01,0.8,0.0227
1951-05-02,0.8,0.0227
1951-05-03,0.9,0.0255
1951-05-04,0.9,0.0255
1951-05-05,0.9,0.0255
1951-05-06,0.8,0.0227
1951-05-07,0.8,0.0227
1951-05-08,0.8,0.0227
1951-05-09,0.8,0.0227
1951-05-10,0.8,0.0227
1951-05-11,4.1,0.1161
1951-05-12,1.3,0.0368
1951-05-13,3.3,0.0934
1951-05-14,1.6,0.0453
1951-05-15,0.9,0.0255
1951-05-16,0.7,0.0198
1951-05-17,0.5,0.0142
1951-05-18,0.4,0.0113
1951-05-19,0.4,0.0113
1951-05-20,0.3,0.0085
1951-05-21,0.2,0.0057
1951-05-22,0.1,0.0028
1951-05-23,0.2,0.0057
1951-05-24,5.4,0.1529
1951-05-25,1.5,0.0425
1951-05-26,1.0,0.0283
1951-05-27,0.6,0.017
1951-05-28,0.4,0.0113
1951-05-29,0.2,0.0057
1951-05-30,0.1,0.0028
1951-05-31,0.0,0.0
1951-06-01,0.0,0.0
1951-06-02,0.0,0.0
1951-06-03,0.0,0.0
1951-06-04,0.0,0.0
1951-06-05,0.0,0.0
1951-06-06,0.0,0.0
1951-06-07,0.0,0.0
1951-06-08,0.0,0.0
1951-06-09,0.0,0.0
1951-06-10,0.0,0.0
1951-06-11,0.0,0.0
1951-06-12,0.0,0.0
1951-06-13,0.0,0.0
1951-06-14,0.0,0.0
1951-06-15,0.0,0.0
1951-06-16,0.0,0.0
1951-06-17,0.0,0.0
1951-06-18,0.0,0.0
1951-06-19,0.0,0.0
1951-06-20,0.0,0.0
1951-06-21,0.0,0.0
1951-06-22,0.0,0.0
1951-06-23,0.0,0.0
1951-06-24,0.0,0.0
1951-06-25,0.0,0.0
1951-06-26,0.0,0.0
1951-06-27,0.0,0.0
1951-06-28,0.0,0.0
1951-06-29,0.0,0.0
1951-06-30,0.0,0.0
1951-07-01,68.0,1.9255
1951-07-02,292.0,8.2685
1951-07-03,15.0,0.4248
1951-07-04,6.4,0.1812
1951-07-05,3.1,0.0878
1951-07-06,1.5,0.0425
1951-07-07,0.8,0.0227
1951-07-08,0.4,0.0113
1951-07-09,0.2,0.0057
1951-07-10,0.1,0.0028
1951-07-11,0.0,0.0
1951-07-12,0.0,0.0
1951-07-13,0.0,0.0
1951-07-14,0.0,0.0
1951-07-15,0.0,0.0
1951-07-16,0.0,0.0
1951-07-17,0.0,0.0
1951-07-18,0.0,0.0
1951-07-19,0.0,0.0
1951-07-20,0.0,0.0
1951-07-21,0.0,0.0
1951-07-22,0.0,0.0
1951-07-23,3.5,0.0991
1951-07-24,20.0,0.5663
1951-07-25,7.3,0.2067
1951-07-26,2.5,0.0708
1951-07-27,1.1,0.0311
1951-07-28,0.5,0.0142
1951-07-29,0.2,0.0057
1951-07-30,0.1,0.0028
1951-07-31,0.0,0.0
1951-08-01,0.0,0.0
1951-08-02,0.0,0.0
1951-08-03,0.0,0.0
1951-08-04,0.0,0.0
1951-08-05,0.0,0.0
1951-08-06,0.0,0.0
1951-08-07,0.0,0.0
1951-08-08,0.0,0.0
1951-08-09,0.0,0.0
1951-08-10,0.0,0.0
1951-08-11,0.0,0.0
1951-08-12,0.0,0.0
1951-08-13,0.0,0.0
1951-08-14,0.0,0.0
1951-08-15,0.0,0.0
1951-08-16,0.0,0.0
1951-08-17,0.0,0.0
1951-08-18,0.0,0.0
1951-08-19,0.0,0.0
1951-08-20,0.0,0.0
1951-08-21,0.0,0.0
1951-08-22,1.3,0.0368
1951-08-23,0.6,0.017
1951-08-24,0.0,0.0
1951-08-25,0.0,0.0
1951-08-26,0.0,0.0
1951-08-27,0.0,0.0
1951-08-28,0.0,0.0
1951-08-29,0.0,0.0
1951-08-30,0.0,0.0
1951-08-31,0.0,0.0
1951-09-01,0.0,0.0
1951-09-02,0.0,0.0
1951-09-03,0.0,0.0
1951-09-04,0.0,0.0
1951-09-05,0.0,0.0
1951-09-06,0.0,0.0
1951-09-07,0.0,0.0
1951-09-08,0.0,0.0
1951-09-09,0.0,0.0
1951-09-10,0.0,0.0
1951-09-11,0.0,0.0
1951-09-12,0.0,0.0
1951-09-13,0.0,0.0
1951-09-14,0.0,0.0
1951-09-15,13.0,0.3681
1951-09-16,33.0,0.9345
1951-09-17,1.3,0.0368
1951-09-18,0.3,0.0085
1951-09-19,0.1,0.0028
1951-09-20,0.0,0.0
1951-09-21,0.0,0.0
1951-09-22,0.0,0.0
1951-09-23,0.0,0.0
1951-09-24,0.0,0.0
1951-09-25,0.0,0.0
1951-09-26,0.0,0.0
1951-09-27,0.0,0.0
1951-09-28,0.0,0.0
1951-09-29,0.0,0.0
1951-09-30,0.0,0.0
1951-10-01,0.0,0.0
1951-10-02,0.0,0.0
1951-10-03,0.0,0.0
1951-10-04,0.0,0.0
1951-10-05,0.0,0.0
1951-10-06,0.0,0.0
1951-10-07,0.0,0.0
1951-10-08,0.0,0.0
1951-10-09,0.0,0.0
1951-10-10,0.0,0.0
1951-10-11,0.0,0.0
1951-10-12,0.0,0.0
1951-10-13,0.0,0.0
1951-10-14,0.0,0.0
1951-10-15,0.0,0.0
1951-10-16,0.0,0.0
1951-10-17,0.0,0.0
1951-10-18,0.0,0.0
1951-10-19,0.0,0.0
1951-10-20,0.0,0.0
1951-10-21,0.0,0.0
1951-10-22,0.0,0.0
1951-10-23,0.0,0.0
1951-10-24,0.0,0.0
1951-10-25,0.0,0.0
1951-10-26,0.0,0.0
1951-10-27,0.0,0.0
1951-10-28,0.0,0.0
1951-10-29,0.0,0.0
1951-10-30,0.0,0.0
1951-10-31,0.0,0.0
1951-11-01,0.0,0.0
1951-11-02,0.0,0.0
1951-11-03,0.0,0.0
1951-11-04,0.0,0.0
1951-11-05,0.0,0.0
1951-11-06,0.0,0.0
1951-11-07,0.0,0.0
1951-11-08,0.1,0.0028
1951-11-09,0.7,0.0198
1951-11-10,0.7,0.0198
1951-11-11,0.9,0.0255
1951-11-12,1.1,0.0311
1951-11-13,1.1,0.0311
1951-11-14,1.0,0.0283
1951-11-15,1.0,0.0283
1951-11-16,1.0,0.0283
1951-11-17,1.2,0.034
1951-11-18,1.3,0.0368
1951-11-19,1.3,0.0368
1951-11-20,1.3,0.0368
1951-11-21,1.3,0.0368
1951-11-22,1.5,0.0425
1951-11-23,1.5,0.0425
1951-11-24,1.5,0.0425
1951-11-25,1.5,0.0425
1951-11-26,1.5,0.0425
1951-11-27,1.5,0.0425
1951-11-28,1.5,0.0425
1951-11-29,1.5,0.0425
1951-11-30,1.6,0.0453
1951-12-01,1.7,0.0481
1951-12-02,1.7,0.0481
1951-12-03,1.7,0.0481
1951-12-04,1.6,0.0453
1951-12-05,1.5,0.0425
1951-12-06,1.4,0.0396
1951-12-07,1.4,0.0396
1951-12-08,1.5,0.0425
1951-12-09,1.7,0.0481
1951-12-10,1.9,0.0538
1951-12-11,1.9,0.0538
1951-12-12,2.1,0.0595
1951-12-13,2.1,0.0595
1951-12-14,2.0,0.0566
1951-12-15,1.9,0.0538
1951-12-16,1.9,0.0538
1951-12-17,1.9,0.0538
1951-12-18,2.0,0.0566
1951-12-19,2.0,0.0566
1951-12-20,1.7,0.0481
1951-12-21,1.8,0.051
1951-12-22,1.8,0.051
1951-12-23,1.8,0.051
1951-12-24,1.9,0.0538
1951-12-25,1.9,0.0538
1951-12-26,1.9,0.0538
1951-12-27,1.9,0.0538
1951-12-28,2.0,0.0566
1951-12-29,1.8,0.051
1951-12-30,1.8,0.051
1951-12-31,1.8,0.051
1952-01-01,1.7,0.0481
1952-01-02,1.8,0.051
1952-01-03,2.0,0.0566
1952-01-04,2.0,0.0566
1952-01-05,2.0,0.0566
1952-01-06,2.0,0.0566
1952-01-07,2.0,0.0566
1952-01-08,1.9,0.0538
1952-01-09,1.7,0.0481
1952-01-10,1.8,0.051
1952-01-11,1.8,0.051
1952-01-12,1.8,0.051
1952-01-13,1.9,0.0538
1952-01-14,1.8,0.051
1952-01-15,1.8,0.051
1952-01-16,1.7,0.0481
1952-01-17,1.7,0.0481
1952-01-18,1.8,0.051
1952-01-19,1.8,0.051
1952-01-20,1.8,0.051
1952-01-21,1.9,0.0538
1952-01-22,1.7,0.0481
1952-01-23,1.6,0.0453
1952-01-24,1.6,0.0453
1952-01-25,1.5,0.0425
1952-01-26,1.5,0.0425
1952-01-27,1.5,0.0425
1952-01-28,1.5,0.0425
1952-01-29,1.6,0.0453
1952-01-30,1.6,0.0453
1952-01-31,1.6,0.0453
1952-02-01,1.6,0.0453
1952-02-02,1.6,0.0453
1952-02-03,1.4,0.0396
1952-02-04,1.5,0.0425
1952-02-05,1.5,0.0425
1952-02-06,1.5,0.0425
1952-02-07,1.6,0.0453
1952-02-08,1.6,0.0453
1952-02-09,1.6,0.0453
1952-02-10,1.6,0.0453
1952-02-11,1.7,0.0481
1952-02-12,1.6,0.0453
1952-02-13,1.5,0.0425
1952-02-14,1.4,0.0396
1952-02-15,1.6,0.0453
1952-02-16,1.9,0.0538
1952-02-17,1.9,0.0538
1952-02-18,1.8,0.051
1952-02-19,1.6,0.0453
1952-02-20,1.6,0.0453
1952-02-21,1.6,0.0453
1952-02-22,1.5,0.0425
1952-02-23,1.5,0.0425
1952-02-24,1.5,0.0425
1952-02-25,1.5,0.0425
1952-02-26,1.7,0.0481
1952-02-27,1.7,0.0481
1952-02-28,1.5,0.0425
1952-02-29,1.5,0.0425
1952-03-01,1.5,0.0425
1952-03-02,1.5,0.0425
1952-03-03,1.3,0.0368
1952-03-04,1.4,0.0396
1952-03-05,1.4,0.0396
1952-03-06,1.4,0.0396
1952-03-07,1.5,0.0425
1952-03-08,1.5,0.0425
1952-03-09,1.5,0.0425
1952-03-10,1.3,0.0368
1952-03-11,1.3,0.0368
1952-03-12,1.3,0.0368
1952-03-13,1.2,0.034
1952-03-14,1.3,0.0368
1952-03-15,1.3,0.0368
1952-03-16,1.3,0.0368
1952-03-17,1.3,0.0368
1952-03-18,1.2,0.034
1952-03-19,1.2,0.034
1952-03-20,1.1,0.0311
1952-03-21,1.0,0.0283
1952-03-22,1.0,0.0283
1952-03-23,1.1,0.0311
1952-03-24,1.2,0.034
1952-03-25,1.3,0.0368
1952-03-26,1.3,0.0368
1952-03-27,1.2,0.034
1952-03-28,1.3,0.0368
1952-03-29,1.3,0.0368
1952-03-30,1.3,0.0368
1952-03-31,1.2,0.034
1952-04-01,1.2,0.034
1952-04-02,1.1,0.0311
1952-04-03,1.1,0.0311
1952-04-04,1.0,0.0283
1952-04-05,1.0,0.0283
1952-04-06,0.9,0.0255
1952-04-07,0.9,0.0255
1952-04-08,0.9,0.0255
1952-04-09,0.8,0.0227
1952-04-10,0.8,0.0227
1952-04-11,0.9,0.0255
1952-04-12,1.1,0.0311
1952-04-13,1.1,0.0311
1952-04-14,1.1,0.0311
1952-04-15,1.0,0.0283
1952-04-16,0.9,0.0255
1952-04-17,213.0,6.0315
1952-04-18,25.0,0.7079
1952-04-19,10.0,0.2832
1952-04-20,5.9,0.1671
1952-04-21,4.0,0.1133
1952-04-22,5.2,0.1472
1952-04-23,3.4,0.0963
1952-04-24,2.7,0.0765
1952-04-25,2.2,0.0623
1952-04-26,2.0,0.0566
1952-04-27,1.7,0.0481
1952-04-28,1.5,0.0425
1952-04-29,1.3,0.0368
1952-04-30,1.2,0.034
1952-05-01,1.0,0.0283
1952-05-02,1.0,0.0283
1952-05-03,1.0,0.0283
1952-05-04,0.9,0.0255
1952-05-05,0.8,0.0227
1952-05-06,0.7,0.0198
1952-05-07,0.6,0.017
1952-05-08,0.5,0.0142
1952-05-09,0.4,0.0113
1952-05-10,0.3,0.0085
1952-05-11,0.2,0.0057
1952-05-12,0.2,0.0057
1952-05-13,0.2,0.0057
1952-05-14,0.1,0.0028
1952-05-15,0.1,0.0028
1952-05-16,0.1,0.0028
1952-05-17,0.0,0.0
1952-05-18,0.0,0.0
1952-05-19,0.1,0.0028
1952-05-20,0.0,0.0
1952-05-21,0.0,0.0
1952-05-22,0.0,0.0
1952-05-23,0.0,0.0
1952-05-24,0.0,0.0
1952-05-25,0.0,0.0
1952-05-26,0.0,0.0
1952-05-27,0.0,0.0
1952-05-28,0.0,0.0
1952-05-29,0.0,0.0
1952-05-30,0.0,0.0
1952-05-31,0.0,0.0
1952-06-01,0.0,0.0
1952-06-02,0.0,0.0
1952-06-03,0.0,0.0
1952-06-04,0.0,0.0
1952-06-05,0.0,0.0
1952-06-06,0.0,0.0
1952-06-07,0.0,0.0
1952-06-08,0.0,0.0
1952-06-09,0.0,0.0
1952-06-10,0.0,0.0
1952-06-11,0.0,0.0
1952-06-12,0.0,0.0
1952-06-13,0.0,0.0
1952-06-14,0.0,0.0
1952-06-15,0.0,0.0
1952-06-16,0.0,0.0
1952-06-17,0.0,0.0
1952-06-18,0.0,0.0
1952-06-19,0.0,0.0
1952-06-20,0.0,0.0
1952-06-21,0.0,0.0
1952-06-22,0.0,0.0
1952-06-23,0.0,0.0
1952-06-24,0.0,0.0
1952-06-25,0.0,0.0
1952-06-26,8.0,0.2265
1952-06-27,13.0,0.3681
1952-06-28,1.4,0.0396
1952-06-29,0.3,0.0085
1952-06-30,0.0,0.0
1952-07-01,0.0,0.0
1952-07-02,0.0,0.0
1952-07-03,0.0,0.0
1952-07-04,0.0,0.0
1952-07-05,0.0,0.0
1952-07-06,0.0,0.0
1952-07-07,0.0,0.0
1952-07-08,1130.0,31.998
1952-07-09,50.0,1.4158
1952-07-10,11.0,0.3115
1952-07-11,860.0,24.3524
1952-07-12,1540.0,43.6079
1952-07-13,39.0,1.1044
1952-07-14,14.0,0.3964
1952-07-15,997.0,28.2318
1952-07-16,49.0,1.3875
1952-07-17,249.0,7.0509
1952-07-18,122.0,3.4546
1952-07-19,27.0,0.7646
1952-07-20,11.0,0.3115
1952-07-21,6.7,0.1897
1952-07-22,4.7,0.1331
1952-07-23,3.8,0.1076
1952-07-24,4.6,0.1303
1952-07-25,3.2,0.0906
1952-07-26,2.8,0.0793
1952-07-27,2.7,0.0765
1952-07-28,2.4,0.068
1952-07-29,2.2,0.0623
1952-07-30,2.1,0.0595
1952-07-31,1.9,0.0538
1952-08-01,3.9,0.1104
1952-08-02,2.5,0.0708
1952-08-03,2.2,0.0623
1952-08-04,2.0,0.0566
1952-08-05,1.7,0.0481
1952-08-06,1.5,0.0425
1952-08-07,1.2,0.034
1952-08-08,0.9,0.0255
1952-08-09,0.7,0.0198
1952-08-10,3.3,0.0934
1952-08-11,39.0,1.1044
1952-08-12,3.1,0.0878
1952-08-13,1.5,0.0425
1952-08-14,1.3,0.0368
1952-08-15,1.2,0.034
1952-08-16,1.0,0.0283
1952-08-17,4.5,0.1274
1952-08-18,13.0,0.3681
1952-08-19,4.4,0.1246
1952-08-20,2.2,0.0623
1952-08-21,1.3,0.0368
1952-08-22,0.8,0.0227
1952-08-23,0.6,0.017
1952-08-24,0.4,0.0113
1952-08-25,0.3,0.0085
1952-08-26,0.2,0.0057
1952-08-27,0.1,0.0028
1952-08-28,0.0,0.0
1952-08-29,0.0,0.0
1952-08-30,0.0,0.0
1952-08-31,0.0,0.0
1952-09-01,0.0,0.0
1952-09-02,0.0,0.0
1952-09-03,0.0,0.0
1952-09-04,0.0,0.0
1952-09-05,0.0,0.0
1952-09-06,0.0,0.0
1952-09-07,0.0,0.0
1952-09-08,0.0,0.0
1952-09-09,0.0,0.0
1952-09-10,0.0,0.0
1952-09-11,0.0,0.0
1952-09-12,0.0,0.0
1952-09-13,0.0,0.0
1952-09-14,0.0,0.0
1952-09-15,0.0,0.0
1952-09-16,0.0,0.0
1952-09-17,0.0,0.0
1952-09-18,0.0,0.0
1952-09-19,0.0,0.0
1952-09-20,0.0,0.0
1952-09-21,0.0,0.0
1952-09-22,1.3,0.0368
1952-09-23,16.0,0.4531
1952-09-24,0.5,0.0142
1952-09-25,0.9,0.0255
1952-09-26,0.8,0.0227
1952-09-27,0.6,0.017
1952-09-28,0.4,0.0113
1952-09-29,0.3,0.0085
1952-09-30,0.3,0.0085
1952-10-01,0.4,0.0113
1952-10-02,0.3,0.0085
1952-10-03,0.3,0.0085
1952-10-04,0.2,0.0057
1952-10-05,0.2,0.0057
1952-10-06,0.1,0.0028
1952-10-07,0.1,0.0028
1952-10-08,0.0,0.0
1952-10-09,0.0,0.0
1952-10-10,0.0,0.0
1952-10-11,0.1,0.0028
1952-10-12,0.2,0.0057
1952-10-13,0.2,0.0057
1952-10-14,0.2,0.0057
1952-10-15,0.1,0.0028
1952-10-16,0.1,0.0028
1952-10-17,0.1,0.0028
1952-10-18,0.2,0.0057
1952-10-19,0.2,0.0057
1952-10-20,0.4,0.0113
1952-10-21,0.4,0.0113
1952-10-22,0.4,0.0113
1952-10-23,0.5,0.0142
1952-10-24,0.6,0.017
1952-10-25,0.6,0.017
1952-10-26,0.6,0.017
1952-10-27,0.6,0.017
1952-10-28,0.6,0.017
1952-10-29,0.6,0.017
1952-10-30,0.6,0.017
1952-10-31,0.6,0.017
1952-11-01,0.8,0.0227
1952-11-02,0.8,0.0227
1952-11-03,0.7,0.0198
1952-11-04,2.0,0.0566
1952-11-05,2.0,0.0566
1952-11-06,1.7,0.0481
1952-11-07,1.5,0.0425
1952-11-08,1.3,0.0368
1952-11-09,1.3,0.0368
1952-11-10,1.3,0.0368
1952-11-11,1.3,0.0368
1952-11-12,1.3,0.0368
1952-11-13,1.3,0.0368
1952-11-14,1.3,0.0368
1952-11-15,1.2,0.034
1952-11-16,1.1,0.0311
1952-11-17,1.1,0.0311
1952-11-18,1.1,0.0311
1952-11-19,1.3,0.0368
1952-11-20,1.3,0.0368
1952-11-21,1.3,0.0368
1952-11-22,1.4,0.0396
1952-11-23,1.4,0.0396
1952-11-24,1.5,0.0425
1952-11-25,1.6,0.0453
1952-11-26,1.6,0.0453
1952-11-27,1.6,0.0453
1952-11-28,1.7,0.0481
1952-11-29,1.7,0.0481
1952-11-30,1.8,0.051
1952-12-01,1.8,0.051
1952-12-02,1.7,0.0481
1952-12-03,1.7,0.0481
1952-12-04,1.6,0.0453
1952-12-05,1.6,0.0453
1952-12-06,1.6,0.0453
1952-12-07,1.6,0.0453
1952-12-08,1.6,0.0453
1952-12-09,1.5,0.0425
1952-12-10,1.5,0.0425
1952-12-11,1.5,0.0425
1952-12-12,1.5,0.0425
1952-12-13,1.6,0.0453
1952-12-14,1.6,0.0453
1952-12-15,1.7,0.0481
1952-12-16,1.7,0.0481
1952-12-17,1.7,0.0481
1952-12-18,1.7,0.0481
1952-12-19,1.8,0.051
1952-12-20,1.7,0.0481
1952-12-21,1.7,0.0481
1952-12-22,1.6,0.0453
1952-12-23,1.5,0.0425
1952-12-24,1.5,0.0425
1952-12-25,1.6,0.0453
1952-12-26,1.6,0.0453
1952-12-27,1.7,0.0481
1952-12-28,1.7,0.0481
1952-12-29,1.8,0.051
1952-12-30,1.8,0.051
1952-12-31,1.8,0.051
1953-01-01,1.6,0.0453
1953-01-02,1.5,0.0425
1953-01-03,1.5,0.0425
1953-01-04,1.5,0.0425
1953-01-05,1.5,0.0425
1953-01-06,1.5,0.0425
1953-01-07,1.4,0.0396
1953-01-08,1.4,0.0396
1953-01-09,1.5,0.0425
1953-01-10,1.5,0.0425
1953-01-11,1.5,0.0425
1953-01-12,1.5,0.0425
1953-01-13,1.5,0.0425
1953-01-14,1.4,0.0396
1953-01-15,1.3,0.0368
1953-01-16,1.3,0.0368
1953-01-17,1.4,0.0396
1953-01-18,1.4,0.0396
1953-01-19,1.4,0.0396
1953-01-20,1.4,0.0396
1953-01-21,1.4,0.0396
1953-01-22,1.4,0.0396
1953-01-23,1.5,0.0425
1953-01-24,1.5,0.0425
1953-01-25,1.5,0.0425
1953-01-26,1.5,0.0425
1953-01-27,1.5,0.0425
1953-01-28,1.5,0.0425
1953-01-29,1.5,0.0425
1953-01-30,1.5,0.0425
1953-01-31,1.5,0.0425
1953-02-01,1.5,0.0425
1953-02-02,1.5,0.0425
1953-02-03,1.5,0.0425
1953-02-04,1.5,0.0425
1953-02-05,1.6,0.0453
1953-02-06,1.5,0.0425
1953-02-07,1.5,0.0425
1953-02-08,1.5,0.0425
1953-02-09,1.6,0.0453
1953-02-10,1.4,0.0396
1953-02-11,1.5,0.0425
1953-02-12,1.5,0.0425
1953-02-13,1.5,0.0425
1953-02-14,1.7,0.0481
1953-02-15,1.7,0.0481
1953-02-16,1.7,0.0481
1953-02-17,1.6,0.0453
1953-02-18,1.6,0.0453
1953-02-19,1.6,0.0453
1953-02-20,1.5,0.0425
1953-02-21,1.5,0.0425
1953-02-22,1.5,0.0425
1953-02-23,1.6,0.0453
1953-02-24,1.7,0.0481
1953-02-25,1.8,0.051
1953-02-26,1.7,0.0481
1953-02-27,1.6,0.0453
1953-02-28,1.6,0.0453
1953-03-01,1.6,0.0453
1953-03-02,1.5,0.0425
1953-03-03,1.5,0.0425
1953-03-04,1.4,0.0396
1953-03-05,1.4,0.0396
1953-03-06,1.4,0.0396
1953-03-07,1.4,0.0396
1953-03-08,1.4,0.0396
1953-03-09,1.5,0.0425
1953-03-10,1.5,0.0425
1953-03-11,1.5,0.0425
1953-03-12,1.5,0.0425
1953-03-13,1.4,0.0396
1953-03-14,1.3,0.0368
1953-03-15,1.3,0.0368
1953-03-16,1.3,0.0368
1953-03-17,1.3,0.0368
1953-03-18,1.3,0.0368
1953-03-19,1.3,0.0368
1953-03-20,1.2,0.034
1953-03-21,1.0,0.0283
1953-03-22,1.0,0.0283
1953-03-23,1.0,0.0283
1953-03-24,1.0,0.0283
1953-03-25,1.1,0.0311
1953-03-26,1.2,0.034
1953-03-27,1.1,0.0311
1953-03-28,1.1,0.0311
1953-03-29,1.1,0.0311
1953-03-30,1.0,0.0283
1953-03-31,0.9,0.0255
1953-04-01,0.9,0.0255
1953-04-02,0.9,0.0255
1953-04-03,0.9,0.0255
1953-04-04,0.9,0.0255
1953-04-05,0.9,0.0255
1953-04-06,0.9,0.0255
1953-04-07,0.8,0.0227
1953-04-08,0.6,0.017
1953-04-09,0.5,0.0142
1953-04-10,0.5,0.0142
1953-04-11,0.4,0.0113
1953-04-12,0.4,0.0113
1953-04-13,0.4,0.0113
1953-04-14,0.5,0.0142
1953-04-15,0.5,0.0142
1953-04-16,0.5,0.0142
1953-04-17,0.4,0.0113
1953-04-18,0.3,0.0085
1953-04-19,0.3,0.0085
1953-04-20,0.4,0.0113
1953-04-21,0.4,0.0113
1953-04-22,0.4,0.0113
1953-04-23,0.7,0.0198
1953-04-24,0.6,0.017
1953-04-25,0.6,0.017
1953-04-26,0.5,0.0142
1953-04-27,0.4,0.0113
1953-04-28,0.2,0.0057
1953-04-29,0.1,0.0028
1953-04-30,0.0,0.0
1953-05-01,0.0,0.0
1953-05-02,0.0,0.0
1953-05-03,0.0,0.0
1953-05-04,0.0,0.0
1953-05-05,0.0,0.0
1953-05-06,0.0,0.0
1953-05-07,0.0,0.0
1953-05-08,0.0,0.0
1953-05-09,0.0,0.0
1953-05-10,0.0,0.0
1953-05-11,0.0,0.0
1953-05-12,0.0,0.0
1953-05-13,0.0,0.0
1953-05-14,0.0,0.0
1953-05-15,0.0,0.0
1953-05-16,0.0,0.0
1953-05-17,0.0,0.0
1953-05-18,0.0,0.0
1953-05-19,0.0,0.0
1953-05-20,0.0,0.0
1953-05-21,0.0,0.0
1953-05-22,0.0,0.0
1953-05-23,0.0,0.0
1953-05-24,0.0,0.0
1953-05-25,0.0,0.0
1953-05-26,0.0,0.0
1953-05-27,0.0,0.0
1953-05-28,0.0,0.0
1953-05-29,19.0,0.538
1953-05-30,4.0,0.1133
1953-05-31,1.3,0.0368
1953-06-01,0.8,0.0227
1953-06-02,0.3,0.0085
1953-06-03,0.0,0.0
1953-06-04,0.0,0.0
1953-06-05,0.0,0.0
1953-06-06,0.0,0.0
1953-06-07,0.0,0.0
1953-06-08,0.0,0.0
1953-06-09,0.0,0.0
1953-06-10,78.0,2.2087
1953-06-11,26.0,0.7362
1953-06-12,6.4,0.1812
1953-06-13,2.8,0.0793
1953-06-14,1.4,0.0396
1953-06-15,0.7,0.0198
1953-06-16,0.3,0.0085
1953-06-17,14.0,0.3964
1953-06-18,13.0,0.3681
1953-06-19,4.1,0.1161
1953-06-20,1.6,0.0453
1953-06-21,0.7,0.0198
1953-06-22,0.2,0.0057
1953-06-23,0.0,0.0
1953-06-24,0.0,0.0
1953-06-25,0.0,0.0
1953-06-26,0.0,0.0
1953-06-27,0.0,0.0
1953-06-28,0.0,0.0
1953-06-29,0.0,0.0
1953-06-30,0.0,0.0
1953-07-01,0.0,0.0
1953-07-02,0.0,0.0
1953-07-03,0.0,0.0
1953-07-04,0.0,0.0
1953-07-05,0.0,0.0
1953-07-06,0.0,0.0
1953-07-07,0.0,0.0
1953-07-08,0.0,0.0
1953-07-09,0.0,0.0
1953-07-10,0.0,0.0
1953-07-11,0.0,0.0
1953-07-12,0.0,0.0
1953-07-13,23.0,0.6513
1953-07-14,32.0,0.9061
1953-07-15,5.4,0.1529
1953-07-16,2.0,0.0566
1953-07-17,0.8,0.0227
1953-07-18,86.0,2.4352
1953-07-19,45.0,1.2743
1953-07-20,8.7,0.2464
1953-07-21,475.0,13.4505
1953-07-22,21.0,0.5947
1953-07-23,8.0,0.2265
1953-07-24,4.7,0.1331
1953-07-25,3.0,0.085
1953-07-26,5.4,0.1529
1953-07-27,20.0,0.5663
1953-07-28,19.0,0.538
1953-07-29,5.7,0.1614
1953-07-30,2.8,0.0793
1953-07-31,1.7,0.0481
1953-08-01,1.2,0.034
1953-08-02,0.8,0.0227
1953-08-03,0.5,0.0142
1953-08-04,0.3,0.0085
1953-08-05,0.4,0.0113
1953-08-06,0.8,0.0227
1953-08-07,0.7,0.0198
1953-08-08,0.2,0.0057
1953-08-09,0.0,0.0
1953-08-10,0.0,0.0
1953-08-11,0.0,0.0
1953-08-12,0.0,0.0
1953-08-13,0.0,0.0
1953-08-14,0.0,0.0
1953-08-15,13.0,0.3681
1953-08-16,26.0,0.7362
1953-08-17,22.0,0.623
1953-08-18,2.2,0.0623
1953-08-19,1.1,0.0311
1953-08-20,0.7,0.0198
1953-08-21,0.4,0.0113
1953-08-22,0.2,0.0057
1953-08-23,0.2,0.0057
1953-08-24,0.1,0.0028
1953-08-25,0.0,0.0
1953-08-26,0.0,0.0
1953-08-27,0.0,0.0
1953-08-28,0.0,0.0
1953-08-29,0.0,0.0
1953-08-30,0.0,0.0
1953-08-31,0.0,0.0
1953-09-01,0.0,0.0
1953-09-02,0.0,0.0
1953-09-03,0.0,0.0
1953-09-04,0.0,0.0
1953-09-05,0.0,0.0
1953-09-06,0.0,0.0
1953-09-07,0.0,0.0
1953-09-08,0.0,0.0
1953-09-09,0.0,0.0
1953-09-10,0.0,0.0
1953-09-11,0.0,0.0
1953-09-12,0.0,0.0
1953-09-13,0.0,0.0
1953-09-14,0.0,0.0
1953-09-15,0.0,0.0
1953-09-16,0.0,0.0
1953-09-17,0.0,0.0
1953-09-18,0.0,0.0
1953-09-19,0.0,0.0
1953-09-20,0.0,0.0
1953-09-21,0.0,0.0
1953-09-22,0.0,0.0
1953-09-23,0.0,0.0
1953-09-24,0.0,0.0
1953-09-25,0.0,0.0
1953-09-26,0.0,0.0
1953-09-27,0.0,0.0
1953-09-28,0.0,0.0
1953-09-29,0.0,0.0
1953-09-30,0.0,0.0
1953-10-01,0.0,0.0
1953-10-02,0.0,0.0
1953-10-03,617.0,17.4715
1953-10-04,95.0,2.6901
1953-10-05,6.8,0.1926
1953-10-06,2.3,0.0651
1953-10-07,1.5,0.0425
1953-10-08,1.0,0.0283
1953-10-09,0.8,0.0227
1953-10-10,0.6,0.017
1953-10-11,0.4,0.0113
1953-10-12,0.2,0.0057
1953-10-13,0.2,0.0057
1953-10-14,0.1,0.0028
1953-10-15,0.1,0.0028
1953-10-16,0.1,0.0028
1953-10-17,0.0,0.0
1953-10-18,0.0,0.0
1953-10-19,0.0,0.0
1953-10-20,0.0,0.0
1953-10-21,0.2,0.0057
1953-10-22,70.0,1.9822
1953-10-23,475.0,13.4505
1953-10-24,52.0,1.4725
1953-10-25,14.0,0.3964
1953-10-26,5.8,0.1642
1953-10-27,2.9,0.0821
1953-10-28,2.0,0.0566
1953-10-29,1.5,0.0425
1953-10-30,1.3,0.0368
1953-10-31,1.3,0.0368
1953-11-01,1.3,0.0368
1953-11-02,1.3,0.0368
1953-11-03,1.3,0.0368
1953-11-04,1.4,0.0396
1953-11-05,1.5,0.0425
1953-11-06,1.6,0.0453
1953-11-07,1.6,0.0453
1953-11-08,1.6,0.0453
1953-11-09,1.5,0.0425
1953-11-10,1.5,0.0425
1953-11-11,1.5,0.0425
1953-11-12,1.5,0.0425
1953-11-13,1.5,0.0425
1953-11-14,1.5,0.0425
1953-11-15,1.5,0.0425
1953-11-16,1.5,0.0425
1953-11-17,1.5,0.0425
1953-11-18,1.5,0.0425
1953-11-19,1.4,0.0396
1953-11-20,1.3,0.0368
1953-11-21,1.3,0.0368
1953-11-22,1.4,0.0396
1953-11-23,1.5,0.0425
1953-11-24,1.4,0.0396
1953-11-25,1.4,0.0396
1953-11-26,1.5,0.0425
1953-11-27,1.5,0.0425
1953-11-28,1.5,0.0425
1953-11-29,1.5,0.0425
1953-11-30,1.5,0.0425
1953-12-01,1.5,0.0425
1953-12-02,1.5,0.0425
1953-12-03,1.4,0.0396
1953-12-04,1.3,0.0368
1953-12-05,1.3,0.0368
1953-12-06,1.3,0.0368
1953-12-07,1.3,0.0368
1953-12-08,1.3,0.0368
1953-12-09,1.3,0.0368
1953-12-10,1.4,0.0396
1953-12-11,1.4,0.0396
1953-12-12,1.5,0.0425
1953-12-13,1.6,0.0453
1953-12-14,1.5,0.0425
1953-12-15,1.5,0.0425
1953-12-16,1.5,0.0425
1953-12-17,1.5,0.0425
1953-12-18,1.6,0.0453
1953-12-19,1.6,0.0453
1953-12-20,1.6,0.0453
1953-12-21,1.5,0.0425
1953-12-22,1.7,0.0481
1953-12-23,1.8,0.051
1953-12-24,1.8,0.051
1953-12-25,1.8,0.051
1953-12-26,1.8,0.051
1953-12-27,1.8,0.051
1953-12-28,1.8,0.051
1953-12-29,1.8,0.051
1953-12-30,1.7,0.0481
1953-12-31,1.7,0.0481
1954-01-01,1.7,0.0481
1954-01-02,1.7,0.0481
1954-01-03,1.7,0.0481
1954-01-04,1.6,0.0453
1954-01-05,1.6,0.0453
1954-01-06,1.6,0.0453
1954-01-07,1.7,0.0481
1954-01-08,1.7,0.0481
1954-01-09,1.6,0.0453
1954-01-10,1.5,0.0425
1954-01-11,1.5,0.0425
1954-01-12,1.5,0.0425
1954-01-13,1.5,0.0425
1954-01-14,1.7,0.0481
1954-01-15,1.9,0.0538
1954-01-16,1.8,0.051
1954-01-17,1.7,0.0481
1954-01-18,1.5,0.0425
1954-01-19,1.5,0.0425
1954-01-20,1.5,0.0425
1954-01-21,1.5,0.0425
1954-01-22,1.5,0.0425
1954-01-23,1.5,0.0425
1954-01-24,1.5,0.0425
1954-01-25,1.5,0.0425
1954-01-26,1.5,0.0425
1954-01-27,1.5,0.0425
1954-01-28,1.5,0.0425
1954-01-29,1.6,0.0453
1954-01-30,1.6,0.0453
1954-01-31,1.6,0.0453
1954-02-01,1.6,0.0453
1954-02-02,1.6,0.0453
1954-02-03,1.5,0.0425
1954-02-04,1.5,0.0425
1954-02-05,1.5,0.0425
1954-02-06,1.5,0.0425
1954-02-07,1.5,0.0425
1954-02-08,1.5,0.0425
1954-02-09,1.5,0.0425
1954-02-10,1.5,0.0425
1954-02-11,1.4,0.0396
1954-02-12,1.4,0.0396
1954-02-13,1.4,0.0396
1954-02-14,1.3,0.0368
1954-02-15,1.3,0.0368
1954-02-16,1.3,0.0368
1954-02-17,1.3,0.0368
1954-02-18,1.3,0.0368
1954-02-19,1.2,0.034
1954-02-20,1.3,0.0368
1954-02-21,1.3,0.0368
1954-02-22,1.3,0.0368
1954-02-23,1.3,0.0368
1954-02-24,1.3,0.0368
1954-02-25,1.2,0.034
1954-02-26,1.1,0.0311
1954-02-27,1.0,0.0283
1954-02-28,1.0,0.0283
1954-03-01,1.1,0.0311
1954-03-02,1.1,0.0311
1954-03-03,1.2,0.034
1954-03-04,1.3,0.0368
1954-03-05,1.4,0.0396
1954-03-06,1.5,0.0425
1954-03-07,1.4,0.0396
1954-03-08,1.3,0.0368
1954-03-09,1.3,0.0368
1954-03-10,1.2,0.034
1954-03-11,1.0,0.0283
1954-03-12,0.9,0.0255
1954-03-13,0.9,0.0255
1954-03-14,1.0,0.0283
1954-03-15,1.0,0.0283
1954-03-16,1.3,0.0368
1954-03-17,1.3,0.0368
1954-03-18,1.3,0.0368
1954-03-19,1.2,0.034
1954-03-20,1.1,0.0311
1954-03-21,1.0,0.0283
1954-03-22,1.0,0.0283
1954-03-23,1.0,0.0283
1954-03-24,1.0,0.0283
1954-03-25,0.9,0.0255
1954-03-26,0.9,0.0255
1954-03-27,0.9,0.0255
1954-03-28,0.9,0.0255
1954-03-29,0.9,0.0255
1954-03-30,0.8,0.0227
1954-03-31,0.7,0.0198
1954-04-01,0.7,0.0198
1954-04-02,0.7,0.0198
1954-04-03,0.8,0.0227
1954-04-04,0.8,0.0227
1954-04-05,0.7,0.0198
1954-04-06,0.6,0.017
1954-04-07,0.5,0.0142
1954-04-08,0.5,0.0142
1954-04-09,0.5,0.0142
1954-04-10,0.5,0.0142
1954-04-11,3270.0,92.5959
1954-04-12,454.0,12.8558
1954-04-13,44.0,1.2459
1954-04-14,78.0,2.2087
1954-04-15,21.0,0.5947
1954-04-16,11.0,0.3115
1954-04-17,6.8,0.1926
1954-04-18,4.9,0.1388
1954-04-19,3.8,0.1076
1954-04-20,3.3,0.0934
1954-04-21,23.0,0.6513
1954-04-22,26.0,0.7362
1954-04-23,2.9,0.0821
1954-04-24,34.0,0.9628
1954-04-25,40.0,1.1327
1954-04-26,10.0,0.2832
1954-04-27,5.8,0.1642
1954-04-28,3.8,0.1076
1954-04-29,2.9,0.0821
1954-04-30,2.1,0.0595
1954-05-01,1.7,0.0481
1954-05-02,1.5,0.0425
1954-05-03,1.3,0.0368
1954-05-04,1.3,0.0368
1954-05-05,1.2,0.034
1954-05-06,1.2,0.034
1954-05-07,1.2,0.034
1954-05-08,1.1,0.0311
1954-05-09,1.0,0.0283
1954-05-10,1.0,0.0283
1954-05-11,0.8,0.0227
1954-05-12,0.8,0.0227
1954-05-13,0.8,0.0227
1954-05-14,0.7,0.0198
1954-05-15,0.7,0.0198
1954-05-16,161.0,4.559
1954-05-17,37.0,1.0477
1954-05-18,165.0,4.6723
1954-05-19,27.0,0.7646
1954-05-20,8.7,0.2464
1954-05-21,5.1,0.1444
1954-05-22,5.7,0.1614
1954-05-23,3.2,0.0906
1954-05-24,19.0,0.538
1954-05-25,2.0,0.0566
1954-05-26,1.7,0.0481
1954-05-27,1.4,0.0396
1954-05-28,1.1,0.0311
1954-05-29,1.1,0.0311
1954-05-30,1.0,0.0283
1954-05-31,0.8,0.0227
1954-06-01,0.8,0.0227
1954-06-02,0.6,0.017
1954-06-03,0.5,0.0142
1954-06-04,7.4,0.2095
1954-06-05,144.0,4.0776
1954-06-06,26.0,0.7362
1954-06-07,7.2,0.2039
1954-06-08,3.8,0.1076
1954-06-09,2.4,0.068
1954-06-10,1.7,0.0481
1954-06-11,1.3,0.0368
1954-06-12,1.0,0.0283
1954-06-13,20.0,0.5663
1954-06-14,20.0,0.5663
1954-06-15,7.4,0.2095
1954-06-16,2.8,0.0793
1954-06-17,1.4,0.0396
1954-06-18,0.8,0.0227
1954-06-19,0.5,0.0142
1954-06-20,0.3,0.0085
1954-06-21,0.2,0.0057
1954-06-22,0.0,0.0
1954-06-23,0.0,0.0
1954-06-24,0.0,0.0
1954-06-25,0.0,0.0
1954-06-26,179.0,5.0687
1954-06-27,23.0,0.6513
1954-06-28,7.4,0.2095
1954-06-29,11.0,0.3115
1954-06-30,16.0,0.4531
1954-07-01,7.8,0.2209
1954-07-02,3.9,0.1104
1954-07-03,2.1,0.0595
1954-07-04,1.4,0.0396
1954-07-05,0.9,0.0255
1954-07-06,0.6,0.017
1954-07-07,0.4,0.0113
1954-07-08,0.2,0.0057
1954-07-09,0.1,0.0028
1954-07-10,0.0,0.0
1954-07-11,0.0,0.0
1954-07-12,0.0,0.0
1954-07-13,0.0,0.0
1954-07-14,31.0,0.8778
1954-07-15,9.7,0.2747
1954-07-16,0.8,0.0227
1954-07-17,0.7,0.0198
1954-07-18,0.4,0.0113
1954-07-19,0.1,0.0028
1954-07-20,0.0,0.0
1954-07-21,0.0,0.0
1954-07-22,68.0,1.9255
1954-07-23,2.2,0.0623
1954-07-24,0.1,0.0028
1954-07-25,0.6,0.017
1954-07-26,0.9,0.0255
1954-07-27,0.4,0.0113
1954-07-28,0.1,0.0028
1954-07-29,0.0,0.0
1954-07-30,0.0,0.0
1954-07-31,0.0,0.0
1954-08-01,0.0,0.0
1954-08-02,0.0,0.0
1954-08-03,35.0,0.9911
1954-08-04,3.9,0.1104
1954-08-05,0.7,0.0198
1954-08-06,0.1,0.0028
1954-08-07,0.0,0.0
1954-08-08,3.8,0.1076
1954-08-09,1.6,0.0453
1954-08-10,650.0,18.4059
1954-08-11,35.0,0.9911
1954-08-12,9.5,0.269
1954-08-13,4.8,0.1359
1954-08-14,2.8,0.0793
1954-08-15,1.7,0.0481
1954-08-16,1.2,0.034
1954-08-17,0.8,0.0227
1954-08-18,0.6,0.017
1954-08-19,0.4,0.0113
1954-08-20,0.4,0.0113
1954-08-21,0.3,0.0085
1954-08-22,367.0,10.3923
1954-08-23,808.0,22.88
1954-08-24,497.0,14.0734
1954-08-25,854.0,24.1825
1954-08-26,43.0,1.2176
1954-08-27,20.0,0.5663
1954-08-28,27.0,0.7646
1954-08-29,6.7,0.1897
1954-08-30,4.8,0.1359
1954-08-31,3.8,0.1076
1954-09-01,3.2,0.0906
1954-09-02,2.7,0.0765
1954-09-03,2.1,0.0595
1954-09-04,1.8,0.051
1954-09-05,1.6,0.0453
1954-09-06,1.5,0.0425
1954-09-07,1.3,0.0368
1954-09-08,1.2,0.034
1954-09-09,1.1,0.0311
1954-09-10,1.0,0.0283
1954-09-11,0.9,0.0255
1954-09-12,0.8,0.0227
1954-09-13,2.5,0.0708
1954-09-14,1.4,0.0396
1954-09-15,1.0,0.0283
1954-09-16,0.7,0.0198
1954-09-17,0.6,0.017
1954-09-18,0.6,0.017
1954-09-19,0.5,0.0142
1954-09-20,0.4,0.0113
1954-09-21,0.3,0.0085
1954-09-22,0.3,0.0085
1954-09-23,0.2,0.0057
1954-09-24,0.2,0.0057
1954-09-25,0.2,0.0057
1954-09-26,0.3,0.0085
1954-09-27,0.3,0.0085
1954-09-28,0.3,0.0085
1954-09-29,0.2,0.0057
1954-09-30,0.1,0.0028
1954-10-01,0.1,0.0028
1954-10-02,254.0,7.1925
1954-10-03,81.0,2.2937
1954-10-04,13.0,0.3681
1954-10-05,50.0,1.4158
1954-10-06,114.0,3.2281
1954-10-07,2180.0,61.7306
1954-10-08,55.0,1.5574
1954-10-09,16.0,0.4531
1954-10-10,9.8,0.2775
1954-10-11,7.0,0.1982
1954-10-12,5.4,0.1529
1954-10-13,4.3,0.1218
1954-10-14,3.6,0.1019
1954-10-15,3.2,0.0906
1954-10-16,3.0,0.085
1954-10-17,2.8,0.0793
1954-10-18,2.7,0.0765
1954-10-19,2.5,0.0708
1954-10-20,2.3,0.0651
1954-10-21,2.2,0.0623
1954-10-22,2.0,0.0566
1954-10-23,1.9,0.0538
1954-10-24,1.9,0.0538
1954-10-25,1.9,0.0538
1954-10-26,1.7,0.0481
1954-10-27,1.6,0.0453
1954-10-28,1.6,0.0453
1954-10-29,1.6,0.0453
1954-10-30,1.6,0.0453
1954-10-31,1.6,0.0453
1954-11-01,1.6,0.0453
1954-11-02,1.6,0.0453
1954-11-03,1.6,0.0453
1954-11-04,1.6,0.0453
1954-11-05,1.6,0.0453
1954-11-06,1.6,0.0453
1954-11-07,1.7,0.0481
1954-11-08,1.7,0.0481
1954-11-09,1.7,0.0481
1954-11-10,1.6,0.0453
1954-11-11,1.6,0.0453
1954-11-12,1.7,0.0481
1954-11-13,1.6,0.0453
1954-11-14,1.6,0.0453
1954-11-15,1.6,0.0453
1954-11-16,1.6,0.0453
1954-11-17,1.6,0.0453
1954-11-18,1.6,0.0453
1954-11-19,1.6,0.0453
1954-11-20,1.6,0.0453
1954-11-21,1.6,0.0453
1954-11-22,1.6,0.0453
1954-11-23,1.6,0.0453
1954-11-24,1.6,0.0453
1954-11-25,1.6,0.0453
1954-11-26,1.6,0.0453
1954-11-27,1.6,0.0453
1954-11-28,1.6,0.0453
1954-11-29,1.6,0.0453
1954-11-30,1.6,0.0453
1954-12-01,1.6,0.0453
1954-12-02,1.7,0.0481
1954-12-03,1.7,0.0481
1954-12-04,1.7,0.0481
1954-12-05,1.7,0.0481
1954-12-06,1.7,0.0481
1954-12-07,1.7,0.0481
1954-12-08,1.7,0.0481
1954-12-09,1.7,0.0481
1954-12-10,1.8,0.051
1954-12-11,1.8,0.051
1954-12-12,1.8,0.051
1954-12-13,1.8,0.051
1954-12-14,1.8,0.051
1954-12-15,1.8,0.051
1954-12-16,1.8,0.051
1954-12-17,1.8,0.051
1954-12-18,1.8,0.051
1954-12-19,1.8,0.051
1954-12-20,1.9,0.0538
1954-12-21,1.9,0.0538
1954-12-22,1.9,0.0538
1954-12-23,1.9,0.0538
1954-12-24,1.9,0.0538
1954-12-25,1.9,0.0538
1954-12-26,1.9,0.0538
1954-12-27,1.8,0.051
1954-12-28,1.8,0.051
1954-12-29,1.8,0.051
1954-12-30,1.9,0.0538
1954-12-31,1.9,0.0538
1955-01-01,1.9,0.0538
1955-01-02,1.9,0.0538
1955-01-03,1.9,0.0538
1955-01-04,2.0,0.0566
1955-01-05,2.0,0.0566
1955-01-06,1.9,0.0538
1955-01-07,1.8,0.051
1955-01-08,1.9,0.0538
1955-01-09,2.0,0.0566
1955-01-10,2.1,0.0595
1955-01-11,2.1,0.0595
1955-01-12,2.0,0.0566
1955-01-13,1.9,0.0538
1955-01-14,1.8,0.051
1955-01-15,2.6,0.0736
1955-01-16,2.6,0.0736
1955-01-17,2.3,0.0651
1955-01-18,2.0,0.0566
1955-01-19,1.8,0.051
1955-01-20,1.8,0.051
1955-01-21,1.7,0.0481
1955-01-22,1.7,0.0481
1955-01-23,1.7,0.0481
1955-01-24,1.7,0.0481
1955-01-25,1.7,0.0481
1955-01-26,1.8,0.051
1955-01-27,1.8,0.051
1955-01-28,1.8,0.051
1955-01-29,1.8,0.051
1955-01-30,1.8,0.051
1955-01-31,1.8,0.051
1955-02-01,1.7,0.0481
1955-02-02,1.7,0.0481
1955-02-03,1.7,0.0481
1955-02-04,1.7,0.0481
1955-02-05,1.7,0.0481
1955-02-06,1.7,0.0481
1955-02-07,1.7,0.0481
1955-02-08,1.7,0.0481
1955-02-09,1.6,0.0453
1955-02-10,1.5,0.0425
1955-02-11,1.5,0.0425
1955-02-12,1.5,0.0425
1955-02-13,1.6,0.0453
1955-02-14,1.7,0.0481
1955-02-15,1.7,0.0481
1955-02-16,1.7,0.0481
1955-02-17,1.7,0.0481
1955-02-18,1.7,0.0481
1955-02-19,1.6,0.0453
1955-02-20,1.6,0.0453
1955-02-21,1.6,0.0453
1955-02-22,1.6,0.0453
1955-02-23,1.6,0.0453
1955-02-24,1.6,0.0453
1955-02-25,1.6,0.0453
1955-02-26,1.6,0.0453
1955-02-27,1.7,0.0481
1955-02-28,1.6,0.0453
1955-03-01,1.5,0.0425
1955-03-02,1.5,0.0425
1955-03-03,1.5,0.0425
1955-03-04,1.5,0.0425
1955-03-05,1.4,0.0396
1955-03-06,1.4,0.0396
1955-03-07,1.4,0.0396
1955-03-08,1.4,0.0396
1955-03-09,1.5,0.0425
1955-03-10,1.4,0.0396
1955-03-11,1.3,0.0368
1955-03-12,1.2,0.034
1955-03-13,1.3,0.0368
1955-03-14,1.3,0.0368
1955-03-15,1.3,0.0368
1955-03-16,1.2,0.034
1955-03-17,1.3,0.0368
1955-03-18,1.3,0.0368
1955-03-19,1.5,0.0425
1955-03-20,1.3,0.0368
1955-03-21,1.2,0.034
1955-03-22,1.2,0.034
1955-03-23,1.2,0.034
1955-03-24,1.2,0.034
1955-03-25,1.2,0.034
1955-03-26,1.1,0.0311
1955-03-27,1.3,0.0368
1955-03-28,1.4,0.0396
1955-03-29,1.5,0.0425
1955-03-30,1.3,0.0368
1955-03-31,1.1,0.0311
1955-04-01,1.0,0.0283
1955-04-02,1.0,0.0283
1955-04-03,1.0,0.0283
1955-04-04,1.0,0.0283
1955-04-05,0.9,0.0255
1955-04-06,1.0,0.0283
1955-04-07,1.0,0.0283
1955-04-08,1.0,0.0283
1955-04-09,1.0,0.0283
1955-04-10,1.0,0.0283
1955-04-11,1.0,0.0283
1955-04-12,0.8,0.0227
1955-04-13,0.8,0.0227
1955-04-14,0.8,0.0227
1955-04-15,0.8,0.0227
1955-04-16,0.8,0.0227
1955-04-17,0.8,0.0227
1955-04-18,0.8,0.0227
1955-04-19,0.8,0.0227
1955-04-20,0.6,0.017
1955-04-21,0.6,0.017
1955-04-22,0.6,0.017
1955-04-23,0.5,0.0142
1955-04-24,0.5,0.0142
1955-04-25,0.5,0.0142
1955-04-26,0.4,0.0113
1955-04-27,0.4,0.0113
1955-04-28,0.4,0.0113
1955-04-29,0.3,0.0085
1955-04-30,0.4,0.0113
1955-05-01,6.1,0.1727
1955-05-02,20.0,0.5663
1955-05-03,5.8,0.1642
1955-05-04,2.7,0.0765
1955-05-05,2.1,0.0595
1955-05-06,1.3,0.0368
1955-05-07,1.1,0.0311
1955-05-08,1.0,0.0283
1955-05-09,2.1,0.0595
1955-05-10,0.8,0.0227
1955-05-11,1.2,0.034
1955-05-12,1.0,0.0283
1955-05-13,1.1,0.0311
1955-05-14,1.9,0.0538
1955-05-15,133.0,3.7661
1955-05-16,4.2,0.1189
1955-05-17,1.9,0.0538
1955-05-18,1.1,0.0311
1955-05-19,0.6,0.017
1955-05-20,0.4,0.0113
1955-05-21,0.3,0.0085
1955-05-22,0.2,0.0057
1955-05-23,0.1,0.0028
1955-05-24,0.0,0.0
1955-05-25,0.0,0.0
1955-05-26,0.0,0.0
1955-05-27,0.0,0.0
1955-05-28,0.0,0.0
1955-05-29,0.0,0.0
1955-05-30,0.0,0.0
1955-05-31,28.0,0.7929
1955-06-01,3.5,0.0991
1955-06-02,1.5,0.0425
1955-06-03,0.7,0.0198
1955-06-04,0.4,0.0113
1955-06-05,0.2,0.0057
1955-06-06,0.0,0.0
1955-06-07,0.0,0.0
1955-06-08,0.0,0.0
1955-06-09,0.0,0.0
1955-06-10,0.0,0.0
1955-06-11,0.0,0.0
1955-06-12,0.0,0.0
1955-06-13,0.0,0.0
1955-06-14,0.0,0.0
1955-06-15,0.0,0.0
1955-06-16,0.0,0.0
1955-06-17,0.0,0.0
1955-06-18,0.0,0.0
1955-06-19,5.0,0.1416
1955-06-20,1.1,0.0311
1955-06-21,4.0,0.1133
1955-06-22,1.3,0.0368
1955-06-23,0.3,0.0085
1955-06-24,0.0,0.0
1955-06-25,0.0,0.0
1955-06-26,0.0,0.0
1955-06-27,0.0,0.0
1955-06-28,0.0,0.0
1955-06-29,0.0,0.0
1955-06-30,0.0,0.0
1955-07-01,0.0,0.0
1955-07-02,0.0,0.0
1955-07-03,0.0,0.0
1955-07-04,0.0,0.0
1955-07-05,0.0,0.0
1955-07-06,0.0,0.0
1955-07-07,0.0,0.0
1955-07-08,42.0,1.1893
1955-07-09,22.0,0.623
1955-07-10,5.4,0.1529
1955-07-11,7.0,0.1982
1955-07-12,66.0,1.8689
1955-07-13,10.0,0.2832
1955-07-14,3.4,0.0963
1955-07-15,1.5,0.0425
1955-07-16,0.6,0.017
1955-07-17,3.3,0.0934
1955-07-18,12.0,0.3398
1955-07-19,11.0,0.3115
1955-07-20,2.6,0.0736
1955-07-21,80.0,2.2653
1955-07-22,23.0,0.6513
1955-07-23,53.0,1.5008
1955-07-24,16.0,0.4531
1955-07-25,6.3,0.1784
1955-07-26,8.5,0.2407
1955-07-27,4.1,0.1161
1955-07-28,280.0,7.9287
1955-07-29,340.0,9.6277
1955-07-30,23.0,0.6513
1955-07-31,10.0,0.2832
1955-08-01,6.3,0.1784
1955-08-02,32.0,0.9061
1955-08-03,22.0,0.623
1955-08-04,3.3,0.0934
1955-08-05,2.1,0.0595
1955-08-06,1.5,0.0425
1955-08-07,1.1,0.0311
1955-08-08,1.0,0.0283
1955-08-09,0.6,0.017
1955-08-10,0.4,0.0113
1955-08-11,76.0,2.1521
1955-08-12,32.0,0.9061
1955-08-13,16.0,0.4531
1955-08-14,7.6,0.2152
1955-08-15,2.6,0.0736
1955-08-16,1.6,0.0453
1955-08-17,1.0,0.0283
1955-08-18,0.6,0.017
1955-08-19,0.4,0.0113
1955-08-20,0.2,0.0057
1955-08-21,14.0,0.3964
1955-08-22,18.0,0.5097
1955-08-23,6.5,0.1841
1955-08-24,3.5,0.0991
1955-08-25,1.8,0.051
1955-08-26,2.4,0.068
1955-08-27,1.4,0.0396
1955-08-28,0.7,0.0198
1955-08-29,0.3,0.0085
1955-08-30,0.0,0.0
1955-08-31,0.0,0.0
1955-09-01,0.0,0.0
1955-09-02,0.0,0.0
1955-09-03,0.0,0.0
1955-09-04,0.0,0.0
1955-09-05,0.0,0.0
1955-09-06,0.0,0.0
1955-09-07,0.0,0.0
1955-09-08,0.0,0.0
1955-09-09,0.0,0.0
1955-09-10,0.0,0.0
1955-09-11,2.9,0.0821
1955-09-12,1.3,0.0368
1955-09-13,0.1,0.0028
1955-09-14,0.0,0.0
1955-09-15,0.0,0.0
1955-09-16,0.0,0.0
1955-09-17,0.0,0.0
1955-09-18,0.0,0.0
1955-09-19,0.0,0.0
1955-09-20,0.0,0.0
1955-09-21,0.0,0.0
1955-09-22,0.0,0.0
1955-09-23,254.0,7.1925
1955-09-24,57.0,1.6141
1955-09-25,14.0,0.3964
1955-09-26,110.0,3.1148
1955-09-27,15.0,0.4248
1955-09-28,4.7,0.1331
1955-09-29,2.9,0.0821
1955-09-30,1.8,0.051
1955-10-01,30.0,0.8495
1955-10-02,22000.0,622.9696
1955-10-03,343.0,9.7127
1955-10-04,421.0,11.9214
1955-10-05,91.0,2.5768
1955-10-06,61.0,1.7273
1955-10-07,58.0,1.6424
1955-10-08,40.0,1.1327
1955-10-09,20.0,0.5663
1955-10-10,13.0,0.3681
1955-10-11,9.9,0.2803
1955-10-12,8.4,0.2379
1955-10-13,7.6,0.2152
1955-10-14,7.1,0.201
1955-10-15,6.6,0.1869
1955-10-16,6.2,0.1756
1955-10-17,6.0,0.1699
1955-10-18,5.8,0.1642
1955-10-19,5.4,0.1529
1955-10-20,5.0,0.1416
1955-10-21,4.9,0.1388
1955-10-22,4.8,0.1359
1955-10-23,4.4,0.1246
1955-10-24,4.1,0.1161
1955-10-25,4.1,0.1161
1955-10-26,4.5,0.1274
1955-10-27,4.4,0.1246
1955-10-28,3.5,0.0991
1955-10-29,3.5,0.0991
1955-10-30,3.9,0.1104
1955-10-31,3.8,0.1076
1955-11-01,3.5,0.0991
1955-11-02,3.6,0.1019
1955-11-03,3.5,0.0991
1955-11-04,3.4,0.0963
1955-11-05,3.4,0.0963
1955-11-06,3.2,0.0906
1955-11-07,3.3,0.0934
1955-11-08,4.4,0.1246
1955-11-09,4.0,0.1133
1955-11-10,3.5,0.0991
1955-11-11,3.1,0.0878
1955-11-12,2.8,0.0793
1955-11-13,2.8,0.0793
1955-11-14,2.9,0.0821
1955-11-15,2.7,0.0765
1955-11-16,2.5,0.0708
1955-11-17,2.6,0.0736
1955-11-18,2.8,0.0793
1955-11-19,2.9,0.0821
1955-11-20,2.9,0.0821
1955-11-21,2.9,0.0821
1955-11-22,2.8,0.0793
1955-11-23,2.7,0.0765
1955-11-24,2.7,0.0765
1955-11-25,2.7,0.0765
1955-11-26,2.8,0.0793
1955-11-27,2.7,0.0765
1955-11-28,2.6,0.0736
1955-11-29,2.7,0.0765
1955-11-30,2.7,0.0765
1955-12-01,2.8,0.0793
1955-12-02,2.7,0.0765
1955-12-03,2.6,0.0736
1955-12-04,2.5,0.0708
1955-12-05,2.5,0.0708
1955-12-06,2.6,0.0736
1955-12-07,2.6,0.0736
1955-12-08,2.5,0.0708
1955-12-09,2.5,0.0708
1955-12-10,2.5,0.0708
1955-12-11,2.5,0.0708
1955-12-12,2.5,0.0708
1955-12-13,2.5,0.0708
1955-12-14,2.4,0.068
1955-12-15,2.4,0.068
1955-12-16,2.4,0.068
1955-12-17,2.4,0.068
1955-12-18,2.4,0.068
1955-12-19,2.3,0.0651
1955-12-20,2.3,0.0651
1955-12-21,2.4,0.068
1955-12-22,2.4,0.068
1955-12-23,2.4,0.068
1955-12-24,2.2,0.0623
1955-12-25,2.2,0.0623
1955-12-26,2.3,0.0651
1955-12-27,2.3,0.0651
1955-12-28,2.4,0.068
1955-12-29,2.4,0.068
1955-12-30,2.4,0.068
1955-12-31,2.4,0.068
1956-01-01,2.5,0.0708
1956-01-02,2.4,0.068
1956-01-03,2.4,0.068
1956-01-04,2.4,0.068
1956-01-05,2.4,0.068
1956-01-06,2.4,0.068
1956-01-07,2.4,0.068
1956-01-08,2.4,0.068
1956-01-09,2.4,0.068
1956-01-10,2.4,0.068
1956-01-11,2.4,0.068
1956-01-12,2.4,0.068
1956-01-13,2.4,0.068
1956-01-14,2.4,0.068
1956-01-15,2.4,0.068
1956-01-16,2.4,0.068
1956-01-17,2.4,0.068
1956-01-18,2.4,0.068
1956-01-19,2.4,0.068
1956-01-20,2.5,0.0708
1956-01-21,2.5,0.0708
1956-01-22,2.7,0.0765
1956-01-23,2.8,0.0793
1956-01-24,2.6,0.0736
1956-01-25,2.4,0.068
1956-01-26,2.4,0.068
1956-01-27,2.4,0.068
1956-01-28,2.3,0.0651
1956-01-29,2.3,0.0651
1956-01-30,2.3,0.0651
1956-01-31,2.3,0.0651
1956-02-01,2.5,0.0708
1956-02-02,2.6,0.0736
1956-02-03,2.9,0.0821
1956-02-04,2.9,0.0821
1956-02-05,3.1,0.0878
1956-02-06,3.3,0.0934
1956-02-07,3.1,0.0878
1956-02-08,2.9,0.0821
1956-02-09,2.8,0.0793
1956-02-10,2.8,0.0793
1956-02-11,2.7,0.0765
1956-02-12,2.6,0.0736
1956-02-13,2.6,0.0736
1956-02-14,2.4,0.068
1956-02-15,2.3,0.0651
1956-02-16,2.4,0.068
1956-02-17,2.4,0.068
1956-02-18,2.3,0.0651
1956-02-19,2.2,0.0623
1956-02-20,2.2,0.0623
1956-02-21,2.3,0.0651
1956-02-22,2.4,0.068
1956-02-23,2.4,0.068
1956-02-24,2.3,0.0651
1956-02-25,2.0,0.0566
1956-02-26,2.0,0.0566
1956-02-27,2.0,0.0566
1956-02-28,2.0,0.0566
1956-02-29,2.1,0.0595
1956-03-01,2.2,0.0623
1956-03-02,2.1,0.0595
1956-03-03,2.0,0.0566
1956-03-04,2.1,0.0595
1956-03-05,2.0,0.0566
1956-03-06,2.0,0.0566
1956-03-07,1.7,0.0481
1956-03-08,1.9,0.0538
1956-03-09,2.0,0.0566
1956-03-10,2.0,0.0566
1956-03-11,1.9,0.0538
1956-03-12,1.9,0.0538
1956-03-13,1.9,0.0538
1956-03-14,1.9,0.0538
1956-03-15,1.9,0.0538
1956-03-16,1.9,0.0538
1956-03-17,1.9,0.0538
1956-03-18,2.0,0.0566
1956-03-19,2.0,0.0566
1956-03-20,1.9,0.0538
1956-03-21,1.7,0.0481
1956-03-22,1.6,0.0453
1956-03-23,1.6,0.0453
1956-03-24,1.7,0.0481
1956-03-25,1.7,0.0481
1956-03-26,1.7,0.0481
1956-03-27,1.7,0.0481
1956-03-28,1.5,0.0425
1956-03-29,1.5,0.0425
1956-03-30,1.5,0.0425
1956-03-31,1.5,0.0425
1956-04-01,1.5,0.0425
1956-04-02,1.5,0.0425
1956-04-03,1.4,0.0396
1956-04-04,1.4,0.0396
1956-04-05,1.5,0.0425
1956-04-06,1.5,0.0425
1956-04-07,1.4,0.0396
1956-04-08,1.4,0.0396
1956-04-09,1.3,0.0368
1956-04-10,1.3,0.0368
1956-04-11,1.4,0.0396
1956-04-12,1.3,0.0368
1956-04-13,1.3,0.0368
1956-04-14,1.2,0.034
1956-04-15,1.0,0.0283
1956-04-16,1.1,0.0311
1956-04-17,1.1,0.0311
1956-04-18,1.2,0.034
1956-04-19,1.3,0.0368
1956-04-20,1.5,0.0425
1956-04-21,1.6,0.0453
1956-04-22,1.5,0.0425
1956-04-23,1.5,0.0425
1956-04-24,1.3,0.0368
1956-04-25,1.2,0.034
1956-04-26,1.1,0.0311
1956-04-27,1.0,0.0283
1956-04-28,0.8,0.0227
1956-04-29,0.8,0.0227
1956-04-30,0.9,0.0255
1956-05-01,1.0,0.0283
1956-05-02,1.0,0.0283
1956-05-03,1.0,0.0283
1956-05-04,0.8,0.0227
1956-05-05,0.6,0.017
1956-05-06,0.6,0.017
1956-05-07,0.6,0.017
1956-05-08,0.5,0.0142
1956-05-09,0.4,0.0113
1956-05-10,0.3,0.0085
1956-05-11,0.2,0.0057
1956-05-12,0.2,0.0057
1956-05-13,0.1,0.0028
1956-05-14,0.0,0.0
1956-05-15,0.0,0.0
1956-05-16,0.0,0.0
1956-05-17,0.0,0.0
1956-05-18,0.0,0.0
1956-05-19,0.0,0.0
1956-05-20,0.0,0.0
1956-05-21,0.0,0.0
1956-05-22,0.0,0.0
1956-05-23,0.0,0.0
1956-05-24,0.0,0.0
1956-05-25,0.1,0.0028
1956-05-26,0.5,0.0142
1956-05-27,0.6,0.017
1956-05-28,0.4,0.0113
1956-05-29,0.1,0.0028
1956-05-30,131.0,3.7095
1956-05-31,48.0,1.3592
1956-06-01,30.0,0.8495
1956-06-02,17.0,0.4814
1956-06-03,7.0,0.1982
1956-06-04,4.2,0.1189
1956-06-05,2.9,0.0821
1956-06-06,2.4,0.068
1956-06-07,2.0,0.0566
1956-06-08,1.7,0.0481
1956-06-09,1.5,0.0425
1956-06-10,1.5,0.0425
1956-06-11,1.4,0.0396
1956-06-12,1.1,0.0311
1956-06-13,0.9,0.0255
1956-06-14,0.8,0.0227
1956-06-15,2.1,0.0595
1956-06-16,1.9,0.0538
1956-06-17,0.8,0.0227
1956-06-18,0.7,0.0198
1956-06-19,0.8,0.0227
1956-06-20,0.4,0.0113
1956-06-21,0.2,0.0057
1956-06-22,0.2,0.0057
1956-06-23,0.1,0.0028
1956-06-24,0.1,0.0028
1956-06-25,64.0,1.8123
1956-06-26,25.0,0.7079
1956-06-27,7.0,0.1982
1956-06-28,3.1,0.0878
1956-06-29,1.8,0.051
1956-06-30,1.2,0.034
1956-07-01,0.9,0.0255
1956-07-02,0.8,0.0227
1956-07-03,9.9,0.2803
1956-07-04,3.6,0.1019
1956-07-05,1.5,0.0425
1956-07-06,0.8,0.0227
1956-07-07,0.2,0.0057
1956-07-08,0.0,0.0
1956-07-09,0.0,0.0
1956-07-10,0.0,0.0
1956-07-11,0.0,0.0
1956-07-12,0.0,0.0
1956-07-13,0.0,0.0
1956-07-14,0.0,0.0
1956-07-15,0.0,0.0
1956-07-16,0.0,0.0
1956-07-17,0.0,0.0
1956-07-18,0.0,0.0
1956-07-19,0.0,0.0
1956-07-20,0.0,0.0
1956-07-21,0.0,0.0
1956-07-22,0.0,0.0
1956-07-23,0.0,0.0
1956-07-24,0.0,0.0
1956-07-25,0.0,0.0
1956-07-26,0.0,0.0
1956-07-27,0.0,0.0
1956-07-28,0.0,0.0
1956-07-29,62.0,1.7556
1956-07-30,19.0,0.538
1956-07-31,6.1,0.1727
1956-08-01,48.0,1.3592
1956-08-02,16.0,0.4531
1956-08-03,12.0,0.3398
1956-08-04,5.4,0.1529
1956-08-05,2.4,0.068
1956-08-06,1.2,0.034
1956-08-07,0.7,0.0198
1956-08-08,0.4,0.0113
1956-08-09,0.2,0.0057
1956-08-10,0.1,0.0028
1956-08-11,0.0,0.0
1956-08-12,0.0,0.0
1956-08-13,0.0,0.0
1956-08-14,0.0,0.0
1956-08-15,0.0,0.0
1956-08-16,0.0,0.0
1956-08-17,0.0,0.0
1956-08-18,0.0,0.0
1956-08-19,5.0,0.1416
1956-08-20,34.0,0.9628
1956-08-21,1.0,0.0283
1956-08-22,0.2,0.0057
1956-08-23,0.0,0.0
1956-08-24,0.0,0.0
1956-08-25,0.0,0.0
1956-08-26,0.0,0.0
1956-08-27,0.0,0.0
1956-08-28,0.0,0.0
1956-08-29,0.0,0.0
1956-08-30,0.0,0.0
1956-08-31,0.0,0.0
1956-09-01,0.0,0.0
1956-09-02,0.0,0.0
1956-09-03,0.0,0.0
1956-09-04,0.0,0.0
1956-09-05,0.0,0.0
1956-09-06,0.0,0.0
1956-09-07,0.0,0.0
1956-09-08,0.0,0.0
1956-09-09,0.0,0.0
1956-09-10,0.0,0.0
1956-09-11,0.0,0.0
1956-09-12,0.0,0.0
1956-09-13,0.0,0.0
1956-09-14,0.0,0.0
1956-09-15,0.0,0.0
1956-09-16,0.0,0.0
1956-09-17,0.0,0.0
1956-09-18,0.0,0.0
1956-09-19,0.0,0.0
1956-09-20,0.0,0.0
1956-09-21,0.0,0.0
1956-09-22,0.0,0.0
1956-09-23,0.0,0.0
1956-09-24,0.0,0.0
1956-09-25,0.0,0.0
1956-09-26,0.0,0.0
1956-09-27,0.0,0.0
1956-09-28,0.0,0.0
1956-09-29,0.0,0.0
1956-09-30,0.0,0.0
1956-10-01,0.0,0.0
1956-10-02,0.0,0.0
1956-10-03,0.0,0.0
1956-10-04,0.0,0.0
1956-10-05,0.0,0.0
1956-10-06,0.0,0.0
1956-10-07,0.0,0.0
1956-10-08,0.0,0.0
1956-10-09,0.0,0.0
1956-10-10,0.0,0.0
1956-10-11,0.0,0.0
1956-10-12,0.0,0.0
1956-10-13,0.0,0.0
1956-10-14,0.0,0.0
1956-10-15,0.0,0.0
1956-10-16,0.0,0.0
1956-10-17,68.0,1.9255
1956-10-18,29.0,0.8212
1956-10-19,3.3,0.0934
1956-10-20,3.3,0.0934
1956-10-21,1.7,0.0481
1956-10-22,1.7,0.0481
1956-10-23,1.7,0.0481
1956-10-24,1.7,0.0481
1956-10-25,1.7,0.0481
1956-10-26,1.7,0.0481
1956-10-27,1.8,0.051
1956-10-28,1.8,0.051
1956-10-29,1.8,0.051
1956-10-30,1.8,0.051
1956-10-31,1.8,0.051
1956-11-01,1.8,0.051
1956-11-02,1.8,0.051
1956-11-03,1.8,0.051
1956-11-04,1.8,0.051
1956-11-05,1.8,0.051
1956-11-06,1.8,0.051
1956-11-07,1.8,0.051
1956-11-08,1.8,0.051
1956-11-09,1.8,0.051
1956-11-10,1.8,0.051
1956-11-11,1.8,0.051
1956-11-12,1.8,0.051
1956-11-13,1.7,0.0481
1956-11-14,1.7,0.0481
1956-11-15,1.7,0.0481
1956-11-16,1.8,0.051
1956-11-17,1.7,0.0481
1956-11-18,1.7,0.0481
1956-11-19,1.7,0.0481
1956-11-20,1.7,0.0481
1956-11-21,1.7,0.0481
1956-11-22,1.8,0.051
1956-11-23,1.8,0.051
1956-11-24,1.8,0.051
1956-11-25,1.8,0.051
1956-11-26,1.8,0.051
1956-11-27,1.8,0.051
1956-11-28,1.7,0.0481
1956-11-29,1.7,0.0481
1956-11-30,1.7,0.0481
1956-12-01,1.7,0.0481
1956-12-02,1.8,0.051
1956-12-03,1.8,0.051
1956-12-04,1.7,0.0481
1956-12-05,1.7,0.0481
1956-12-06,1.7,0.0481
1956-12-07,1.7,0.0481
1956-12-08,1.7,0.0481
1956-12-09,1.7,0.0481
1956-12-10,1.8,0.051
1956-12-11,1.8,0.051
1956-12-12,1.8,0.051
1956-12-13,1.7,0.0481
1956-12-14,1.8,0.051
1956-12-15,1.8,0.051
1956-12-16,1.8,0.051
1956-12-17,1.8,0.051
1956-12-18,1.8,0.051
1956-12-19,2.1,0.0595
1956-12-20,2.1,0.0595
1956-12-21,2.1,0.0595
1956-12-22,1.9,0.0538
1956-12-23,1.8,0.051
1956-12-24,1.7,0.0481
1956-12-25,1.7,0.0481
1956-12-26,1.7,0.0481
1956-12-27,1.8,0.051
1956-12-28,1.8,0.051
1956-12-29,1.8,0.051
1956-12-30,1.8,0.051
1956-12-31,1.7,0.0481
1957-01-01,1.7,0.0481
1957-01-02,1.8,0.051
1957-01-03,1.9,0.0538
1957-01-04,2.0,0.0566
1957-01-05,1.9,0.0538
1957-01-06,1.8,0.051
1957-01-07,1.7,0.0481
1957-01-08,1.7,0.0481
1957-01-09,1.6,0.0453
1957-01-10,1.5,0.0425
1957-01-11,1.5,0.0425
1957-01-12,1.6,0.0453
1957-01-13,1.6,0.0453
1957-01-14,1.5,0.0425
1957-01-15,1.5,0.0425
1957-01-16,1.5,0.0425
1957-01-17,1.5,0.0425
1957-01-18,1.5,0.0425
1957-01-19,1.5,0.0425
1957-01-20,1.5,0.0425
1957-01-21,1.5,0.0425
1957-01-22,1.7,0.0481
1957-01-23,1.7,0.0481
1957-01-24,1.7,0.0481
1957-01-25,1.7,0.0481
1957-01-26,1.7,0.0481
1957-01-27,1.8,0.051
1957-01-28,2.0,0.0566
1957-01-29,2.0,0.0566
1957-01-30,2.0,0.0566
1957-01-31,2.1,0.0595
1957-02-01,2.2,0.0623
1957-02-02,2.2,0.0623
1957-02-03,2.2,0.0623
1957-02-04,2.1,0.0595
1957-02-05,2.2,0.0623
1957-02-06,2.7,0.0765
1957-02-07,7.4,0.2095
1957-02-08,2.4,0.068
1957-02-09,1.9,0.0538
1957-02-10,1.7,0.0481
1957-02-11,1.7,0.0481
1957-02-12,1.7,0.0481
1957-02-13,1.7,0.0481
1957-02-14,1.8,0.051
1957-02-15,1.7,0.0481
1957-02-16,1.7,0.0481
1957-02-17,2.0,0.0566
1957-02-18,2.1,0.0595
1957-02-19,2.1,0.0595
1957-02-20,2.0,0.0566
1957-02-21,1.9,0.0538
1957-02-22,2.0,0.0566
1957-02-23,2.0,0.0566
1957-02-24,1.8,0.051
1957-02-25,1.7,0.0481
1957-02-26,1.7,0.0481
1957-02-27,1.7,0.0481
1957-02-28,1.7,0.0481
1957-03-01,1.7,0.0481
1957-03-02,1.7,0.0481
1957-03-03,1.7,0.0481
1957-03-04,1.5,0.0425
1957-03-05,1.5,0.0425
1957-03-06,1.6,0.0453
1957-03-07,1.6,0.0453
1957-03-08,1.7,0.0481
1957-03-09,1.7,0.0481
1957-03-10,1.7,0.0481
1957-03-11,1.7,0.0481
1957-03-12,1.6,0.0453
1957-03-13,1.5,0.0425
1957-03-14,1.3,0.0368
1957-03-15,1.3,0.0368
1957-03-16,1.4,0.0396
1957-03-17,1.5,0.0425
1957-03-18,1.4,0.0396
1957-03-19,15.0,0.4248
1957-03-20,23.0,0.6513
1957-03-21,2.6,0.0736
1957-03-22,2.0,0.0566
1957-03-23,1.5,0.0425
1957-03-24,1.4,0.0396
1957-03-25,1.5,0.0425
1957-03-26,1.5,0.0425
1957-03-27,1.4,0.0396
1957-03-28,1.4,0.0396
1957-03-29,1.3,0.0368
1957-03-30,1.4,0.0396
1957-03-31,1.3,0.0368
1957-04-01,1.2,0.034
1957-04-02,1.1,0.0311
1957-04-03,1.0,0.0283
1957-04-04,1.0,0.0283
1957-04-05,1.1,0.0311
1957-04-06,1.1,0.0311
1957-04-07,0.9,0.0255
1957-04-08,0.7,0.0198
1957-04-09,0.8,0.0227
1957-04-10,0.9,0.0255
1957-04-11,0.9,0.0255
1957-04-12,0.8,0.0227
1957-04-13,0.9,0.0255
1957-04-14,1.0,0.0283
1957-04-15,1.2,0.034
1957-04-16,1.2,0.034
1957-04-17,0.8,0.0227
1957-04-18,0.7,0.0198
1957-04-19,0.6,0.017
1957-04-20,0.5,0.0142
1957-04-21,0.4,0.0113
1957-04-22,0.4,0.0113
1957-04-23,0.3,0.0085
1957-04-24,0.2,0.0057
1957-04-25,0.1,0.0028
1957-04-26,0.1,0.0028
1957-04-27,0.0,0.0
1957-04-28,37.0,1.0477
1957-04-29,19.0,0.538
1957-04-30,2.3,0.0651
1957-05-01,1.6,0.0453
1957-05-02,1.2,0.034
1957-05-03,0.9,0.0255
1957-05-04,0.6,0.017
1957-05-05,0.5,0.0142
1957-05-06,0.6,0.017
1957-05-07,0.5,0.0142
1957-05-08,0.6,0.017
1957-05-09,0.5,0.0142
1957-05-10,0.3,0.0085
1957-05-11,0.2,0.0057
1957-05-12,0.2,0.0057
1957-05-13,0.0,0.0
1957-05-14,0.0,0.0
1957-05-15,0.0,0.0
1957-05-16,0.0,0.0
1957-05-17,6.2,0.1756
1957-05-18,59.0,1.6707
1957-05-19,6.3,0.1784
1957-05-20,2.1,0.0595
1957-05-21,1.0,0.0283
1957-05-22,0.5,0.0142
1957-05-23,0.2,0.0057
1957-05-24,0.1,0.0028
1957-05-25,0.0,0.0
1957-05-26,0.0,0.0
1957-05-27,0.0,0.0
1957-05-28,0.0,0.0
1957-05-29,53.0,1.5008
1957-05-30,7.6,0.2152
1957-05-31,14.0,0.3964
1957-06-01,6.7,0.1897
1957-06-02,4.4,0.1246
1957-06-03,1.7,0.0481
1957-06-04,1.0,0.0283
1957-06-05,0.6,0.017
1957-06-06,0.3,0.0085
1957-06-07,0.2,0.0057
1957-06-08,1.3,0.0368
1957-06-09,0.3,0.0085
1957-06-10,0.0,0.0
1957-06-11,0.0,0.0
1957-06-12,0.0,0.0
1957-06-13,0.0,0.0
1957-06-14,0.0,0.0
1957-06-15,0.0,0.0
1957-06-16,0.0,0.0
1957-06-17,0.0,0.0
1957-06-18,10.0,0.2832
1957-06-19,0.7,0.0198
1957-06-20,0.1,0.0028
1957-06-21,0.0,0.0
1957-06-22,0.0,0.0
1957-06-23,0.0,0.0
1957-06-24,0.0,0.0
1957-06-25,0.0,0.0
1957-06-26,0.0,0.0
1957-06-27,0.0,0.0
1957-06-28,0.0,0.0
1957-06-29,0.0,0.0
1957-06-30,0.0,0.0
1957-07-01,70.0,1.9822
1957-07-02,44.0,1.2459
1957-07-03,0.5,0.0142
1957-07-04,0.0,0.0
1957-07-05,0.0,0.0
1957-07-06,0.0,0.0
1957-07-07,0.0,0.0
1957-07-08,0.0,0.0
1957-07-09,0.0,0.0
1957-07-10,0.0,0.0
1957-07-11,0.0,0.0
1957-07-12,0.0,0.0
1957-07-13,0.0,0.0
1957-07-14,0.0,0.0
1957-07-15,0.0,0.0
1957-07-16,0.0,0.0
1957-07-17,0.0,0.0
1957-07-18,0.0,0.0
1957-07-19,0.0,0.0
1957-07-20,0.0,0.0
1957-07-21,2.8,0.0793
1957-07-22,10.0,0.2832
1957-07-23,4.6,0.1303
1957-07-24,0.5,0.0142
1957-07-25,299.0,8.4667
1957-07-26,14.0,0.3964
1957-07-27,5.0,0.1416
1957-07-28,2.9,0.0821
1957-07-29,1.6,0.0453
1957-07-30,0.8,0.0227
1957-07-31,0.4,0.0113
1957-08-01,31.0,0.8778
1957-08-02,15.0,0.4248
1957-08-03,4.5,0.1274
1957-08-04,2.1,0.0595
1957-08-05,1.0,0.0283
1957-08-06,0.4,0.0113
1957-08-07,0.0,0.0
1957-08-08,0.0,0.0
1957-08-09,0.0,0.0
1957-08-10,0.0,0.0
1957-08-11,0.0,0.0
1957-08-12,0.0,0.0
1957-08-13,3.0,0.085
1957-08-14,16.0,0.4531
1957-08-15,2.6,0.0736
1957-08-16,18.0,0.5097
1957-08-17,7.2,0.2039
1957-08-18,3650.0,103.3563
1957-08-19,420.0,11.8931
1957-08-20,49.0,1.3875
1957-08-21,26.0,0.7362
1957-08-22,12.0,0.3398
1957-08-23,7.1,0.201
1957-08-24,5.6,0.1586
1957-08-25,4.8,0.1359
1957-08-26,4.1,0.1161
1957-08-27,7.2,0.2039
1957-08-28,4.0,0.1133
1957-08-29,3.1,0.0878
1957-08-30,2.6,0.0736
1957-08-31,925.0,26.193
1957-09-01,42.0,1.1893
1957-09-02,14.0,0.3964
1957-09-03,8.7,0.2464
1957-09-04,6.0,0.1699
1957-09-05,5.0,0.1416
1957-09-06,4.4,0.1246
1957-09-07,3.9,0.1104
1957-09-08,4.0,0.1133
1957-09-09,3.5,0.0991
1957-09-10,3.9,0.1104
1957-09-11,7.9,0.2237
1957-09-12,3.0,0.085
1957-09-13,2.7,0.0765
1957-09-14,2.6,0.0736
1957-09-15,2.4,0.068
1957-09-16,2.2,0.0623
1957-09-17,2.1,0.0595
1957-09-18,2.0,0.0566
1957-09-19,1.8,0.051
1957-09-20,1.7,0.0481
1957-09-21,1.7,0.0481
1957-09-22,1.6,0.0453
1957-09-23,1.7,0.0481
1957-09-24,1.7,0.0481
1957-09-25,1.8,0.051
1957-09-26,1.8,0.051
1957-09-27,1.7,0.0481
1957-09-28,1.7,0.0481
1957-09-29,1.5,0.0425
1957-09-30,1.5,0.0425
1957-10-01,1.4,0.0396
1957-10-02,1.3,0.0368
1957-10-03,1.2,0.034
1957-10-04,1.2,0.034
1957-10-05,1.2,0.034
1957-10-06,4.8,0.1359
1957-10-07,3.1,0.0878
1957-10-08,2.4,0.068
1957-10-09,1.8,0.051
1957-10-10,1.8,0.051
1957-10-11,1.8,0.051
1957-10-12,9.2,0.2605
1957-10-13,64.0,1.8123
1957-10-14,24.0,0.6796
1957-10-15,7.6,0.2152
1957-10-16,4.8,0.1359
1957-10-17,3.5,0.0991
1957-10-18,3.0,0.085
1957-10-19,45.0,1.2743
1957-10-20,25.0,0.7079
1957-10-21,366.0,10.3639
1957-10-22,39.0,1.1044
1957-10-23,22.0,0.623
1957-10-24,9.3,0.2633
1957-10-25,6.2,0.1756
1957-10-26,5.3,0.1501
1957-10-27,4.5,0.1274
1957-10-28,4.0,0.1133
1957-10-29,3.8,0.1076
1957-10-30,3.6,0.1019
1957-10-31,4.4,0.1246
1957-11-01,149.0,4.2192
1957-11-02,46.0,1.3026
1957-11-03,12.0,0.3398
1957-11-04,7.1,0.201
1957-11-05,5.8,0.1642
1957-11-06,4.8,0.1359
1957-11-07,4.4,0.1246
1957-11-08,3.9,0.1104
1957-11-09,3.6,0.1019
1957-11-10,3.8,0.1076
1957-11-11,3.8,0.1076
1957-11-12,3.8,0.1076
1957-11-13,3.5,0.0991
1957-11-14,3.3,0.0934
1957-11-15,2.9,0.0821
1957-11-16,2.8,0.0793
1957-11-17,2.9,0.0821
1957-11-18,3.1,0.0878
1957-11-19,3.1,0.0878
1957-11-20,3.0,0.085
1957-11-21,2.9,0.0821
1957-11-22,4.0,0.1133
1957-11-23,4.1,0.1161
1957-11-24,3.9,0.1104
1957-11-25,3.6,0.1019
1957-11-26,3.6,0.1019
1957-11-27,3.4,0.0963
1957-11-28,3.2,0.0906
1957-11-29,3.0,0.085
1957-11-30,2.8,0.0793
1957-12-01,2.8,0.0793
1957-12-02,2.9,0.0821
1957-12-03,3.0,0.085
1957-12-04,3.0,0.085
1957-12-05,3.0,0.085
1957-12-06,3.0,0.085
1957-12-07,3.0,0.085
1957-12-08,2.9,0.0821
1957-12-09,2.8,0.0793
1957-12-10,2.6,0.0736
1957-12-11,2.6,0.0736
1957-12-12,2.6,0.0736
1957-12-13,2.6,0.0736
1957-12-14,2.6,0.0736
1957-12-15,2.6,0.0736
1957-12-16,2.7,0.0765
1957-12-17,2.7,0.0765
1957-12-18,2.6,0.0736
1957-12-19,2.4,0.068
1957-12-20,2.4,0.068
1957-12-21,2.4,0.068
1957-12-22,2.4,0.068
1957-12-23,2.4,0.068
1957-12-24,2.4,0.068
1957-12-25,2.6,0.0736
1957-12-26,2.6,0.0736
1957-12-27,2.6,0.0736
1957-12-28,2.5,0.0708
1957-12-29,2.5,0.0708
1957-12-30,2.5,0.0708
1957-12-31,2.4,0.068
1958-01-01,2.3,0.0651
1958-01-02,2.3,0.0651
1958-01-03,2.4,0.068
1958-01-04,2.8,0.0793
1958-01-05,3.8,0.1076
1958-01-06,5.0,0.1416
1958-01-07,4.0,0.1133
1958-01-08,3.3,0.0934
1958-01-09,3.3,0.0934
1958-01-10,3.2,0.0906
1958-01-11,3.1,0.0878
1958-01-12,2.9,0.0821
1958-01-13,2.8,0.0793
1958-01-14,2.7,0.0765
1958-01-15,2.7,0.0765
1958-01-16,2.7,0.0765
1958-01-17,2.7,0.0765
1958-01-18,2.7,0.0765
1958-01-19,3.4,0.0963
1958-01-20,3.5,0.0991
1958-01-21,3.1,0.0878
1958-01-22,2.8,0.0793
1958-01-23,2.6,0.0736
1958-01-24,2.6,0.0736
1958-01-25,2.5,0.0708
1958-01-26,2.4,0.068
1958-01-27,2.4,0.068
1958-01-28,2.4,0.068
1958-01-29,2.4,0.068
1958-01-30,2.4,0.068
1958-01-31,2.2,0.0623
1958-02-01,2.1,0.0595
1958-02-02,2.2,0.0623
1958-02-03,2.4,0.068
1958-02-04,2.4,0.068
1958-02-05,2.4,0.068
1958-02-06,2.3,0.0651
1958-02-07,2.3,0.0651
1958-02-08,2.3,0.0651
1958-02-09,2.3,0.0651
1958-02-10,2.3,0.0651
1958-02-11,2.0,0.0566
1958-02-12,2.6,0.0736
1958-02-13,2.6,0.0736
1958-02-14,2.4,0.068
1958-02-15,2.3,0.0651
1958-02-16,2.3,0.0651
1958-02-17,2.2,0.0623
1958-02-18,2.2,0.0623
1958-02-19,2.3,0.0651
1958-02-20,2.4,0.068
1958-02-21,2.8,0.0793
1958-02-22,4.1,0.1161
1958-02-23,3.8,0.1076
1958-02-24,2.9,0.0821
1958-02-25,2.5,0.0708
1958-02-26,2.3,0.0651
1958-02-27,2.1,0.0595
1958-02-28,2.0,0.0566
1958-03-01,2.1,0.0595
1958-03-02,2.4,0.068
1958-03-03,2.3,0.0651
1958-03-04,2.4,0.068
1958-03-05,2.3,0.0651
1958-03-06,2.6,0.0736
1958-03-07,2.6,0.0736
1958-03-08,2.4,0.068
1958-03-09,2.2,0.0623
1958-03-10,2.0,0.0566
1958-03-11,2.0,0.0566
1958-03-12,2.8,0.0793
1958-03-13,3.0,0.085
1958-03-14,2.8,0.0793
1958-03-15,2.4,0.068
1958-03-16,2.4,0.068
1958-03-17,2.3,0.0651
1958-03-18,2.3,0.0651
1958-03-19,2.3,0.0651
1958-03-20,2.3,0.0651
1958-03-21,2.2,0.0623
1958-03-22,2.3,0.0651
1958-03-23,2.3,0.0651
1958-03-24,2.4,0.068
1958-03-25,2.6,0.0736
1958-03-26,2.6,0.0736
1958-03-27,2.4,0.068
1958-03-28,2.1,0.0595
1958-03-29,2.1,0.0595
1958-03-30,2.0,0.0566
1958-03-31,2.0,0.0566
1958-04-01,1.9,0.0538
1958-04-02,1.9,0.0538
1958-04-03,1.7,0.0481
1958-04-04,1.7,0.0481
1958-04-05,1.4,0.0396
1958-04-06,1.5,0.0425
1958-04-07,1.5,0.0425
1958-04-08,1.6,0.0453
1958-04-09,1.6,0.0453
1958-04-10,1.6,0.0453
1958-04-11,1.6,0.0453
1958-04-12,1.7,0.0481
1958-04-13,2.0,0.0566
1958-04-14,2.0,0.0566
1958-04-15,1.9,0.0538
1958-04-16,1.7,0.0481
1958-04-17,4.7,0.1331
1958-04-18,3.1,0.0878
1958-04-19,2.4,0.068
1958-04-20,1.9,0.0538
1958-04-21,1.7,0.0481
1958-04-22,1.5,0.0425
1958-04-23,1.3,0.0368
1958-04-24,1.1,0.0311
1958-04-25,1.1,0.0311
1958-04-26,1.3,0.0368
1958-04-27,1.3,0.0368
1958-04-28,1.3,0.0368
1958-04-29,1.3,0.0368
1958-04-30,1.3,0.0368
1958-05-01,1.5,0.0425
1958-05-02,1.6,0.0453
1958-05-03,1.5,0.0425
1958-05-04,1.3,0.0368
1958-05-05,1.2,0.034
1958-05-06,1.1,0.0311
1958-05-07,1.0,0.0283
1958-05-08,0.8,0.0227
1958-05-09,0.8,0.0227
1958-05-10,0.8,0.0227
1958-05-11,4.7,0.1331
1958-05-12,550.0,15.5742
1958-05-13,212.0,6.0032
1958-05-14,27.0,0.7646
1958-05-15,12.0,0.3398
1958-05-16,7.4,0.2095
1958-05-17,5.4,0.1529
1958-05-18,4.4,0.1246
1958-05-19,3.8,0.1076
1958-05-20,3.3,0.0934
1958-05-21,2.9,0.0821
1958-05-22,2.5,0.0708
1958-05-23,2.3,0.0651
1958-05-24,2.1,0.0595
1958-05-25,1.9,0.0538
1958-05-26,1.8,0.051
1958-05-27,1.6,0.0453
1958-05-28,1.4,0.0396
1958-05-29,1.3,0.0368
1958-05-30,1.2,0.034
1958-05-31,1.1,0.0311
1958-06-01,1.0,0.0283
1958-06-02,0.7,0.0198
1958-06-03,0.6,0.017
1958-06-04,0.4,0.0113
1958-06-05,0.3,0.0085
1958-06-06,0.3,0.0085
1958-06-07,0.2,0.0057
1958-06-08,0.3,0.0085
1958-06-09,0.2,0.0057
1958-06-10,0.2,0.0057
1958-06-11,0.0,0.0
1958-06-12,0.0,0.0
1958-06-13,1.0,0.0283
1958-06-14,0.6,0.017
1958-06-15,0.5,0.0142
1958-06-16,0.2,0.0057
1958-06-17,0.1,0.0028
1958-06-18,0.0,0.0
1958-06-19,0.0,0.0
1958-06-20,0.0,0.0
1958-06-21,0.0,0.0
1958-06-22,377.0,10.6754
1958-06-23,940.0,26.6178
1958-06-24,36.0,1.0194
1958-06-25,14.0,0.3964
1958-06-26,8.5,0.2407
1958-06-27,6.0,0.1699
1958-06-28,4.6,0.1303
1958-06-29,3.4,0.0963
1958-06-30,2.7,0.0765
1958-07-01,2.5,0.0708
1958-07-02,2.4,0.068
1958-07-03,50.0,1.4158
1958-07-04,6.2,0.1756
1958-07-05,2.2,0.0623
1958-07-06,702.0,19.8784
1958-07-07,104.0,2.9449
1958-07-08,27.0,0.7646
1958-07-09,12.0,0.3398
1958-07-10,7.8,0.2209
1958-07-11,5.6,0.1586
1958-07-12,4.5,0.1274
1958-07-13,3.6,0.1019
1958-07-14,3.0,0.085
1958-07-15,2.4,0.068
1958-07-16,2.2,0.0623
1958-07-17,3.2,0.0906
1958-07-18,2.0,0.0566
1958-07-19,1.8,0.051
1958-07-20,1.7,0.0481
1958-07-21,1.6,0.0453
1958-07-22,1.4,0.0396
1958-07-23,1.3,0.0368
1958-07-24,1.1,0.0311
1958-07-25,1.0,0.0283
1958-07-26,0.8,0.0227
1958-07-27,1.0,0.0283
1958-07-28,1.2,0.034
1958-07-29,1.0,0.0283
1958-07-30,0.8,0.0227
1958-07-31,0.6,0.017
1958-08-01,0.5,0.0142
1958-08-02,170.0,4.8139
1958-08-03,50.0,1.4158
1958-08-04,12.0,0.3398
1958-08-05,5.8,0.1642
1958-08-06,3.3,0.0934
1958-08-07,2.3,0.0651
1958-08-08,1.7,0.0481
1958-08-09,1.4,0.0396
1958-08-10,1.2,0.034
1958-08-11,1.0,0.0283
1958-08-12,1.0,0.0283
1958-08-13,0.8,0.0227
1958-08-14,0.7,0.0198
1958-08-15,0.6,0.017
1958-08-16,0.5,0.0142
1958-08-17,0.4,0.0113
1958-08-18,0.4,0.0113
1958-08-19,0.4,0.0113
1958-08-20,0.4,0.0113
1958-08-21,159.0,4.5024
1958-08-22,1210.0,34.2633
1958-08-23,279.0,7.9004
1958-08-24,556.0,15.7441
1958-08-25,41.0,1.161
1958-08-26,14.0,0.3964
1958-08-27,8.7,0.2464
1958-08-28,6.0,0.1699
1958-08-29,4.8,0.1359
1958-08-30,3.9,0.1104
1958-08-31,3.3,0.0934
1958-09-01,2.9,0.0821
1958-09-02,2.6,0.0736
1958-09-03,2.4,0.068
1958-09-04,2.1,0.0595
1958-09-05,2.0,0.0566
1958-09-06,2.0,0.0566
1958-09-07,2.7,0.0765
1958-09-08,3.5,0.0991
1958-09-09,3.0,0.085
1958-09-10,2.8,0.0793
1958-09-11,21.0,0.5947
1958-09-12,4.5,0.1274
1958-09-13,4.3,0.1218
1958-09-14,2.3,0.0651
1958-09-15,2.0,0.0566
1958-09-16,1.8,0.051
1958-09-17,1.7,0.0481
1958-09-18,1.7,0.0481
1958-09-19,1.7,0.0481
1958-09-20,1.6,0.0453
1958-09-21,1.5,0.0425
1958-09-22,1.8,0.051
1958-09-23,35.0,0.9911
1958-09-24,35.0,0.9911
1958-09-25,233.0,6.5978
1958-09-26,13.0,0.3681
1958-09-27,450.0,12.7426
1958-09-28,88.0,2.4919
1958-09-29,17.0,0.4814
1958-09-30,9.7,0.2747
1958-10-01,6.6,0.1869
1958-10-02,5.3,0.1501
1958-10-03,4.8,0.1359
1958-10-04,4.5,0.1274
1958-10-05,4.0,0.1133
1958-10-06,3.8,0.1076
1958-10-07,3.3,0.0934
1958-10-08,3.1,0.0878
1958-10-09,2.8,0.0793
1958-10-10,2.6,0.0736
1958-10-11,2.8,0.0793
1958-10-12,2.9,0.0821
1958-10-13,20.0,0.5663
1958-10-14,62.0,1.7556
1958-10-15,52.0,1.4725
1958-10-16,14.0,0.3964
1958-10-17,8.0,0.2265
1958-10-18,5.9,0.1671
1958-10-19,4.6,0.1303
1958-10-20,3.9,0.1104
1958-10-21,3.3,0.0934
1958-10-22,3.2,0.0906
1958-10-23,3.1,0.0878
1958-10-24,3.1,0.0878
1958-10-25,3.2,0.0906
1958-10-26,3.3,0.0934
1958-10-27,3.3,0.0934
1958-10-28,3.9,0.1104
1958-10-29,4.2,0.1189
1958-10-30,4.5,0.1274
1958-10-31,4.5,0.1274
1958-11-01,4.4,0.1246
1958-11-02,3.9,0.1104
1958-11-03,3.4,0.0963
1958-11-04,3.2,0.0906
1958-11-05,3.0,0.085
1958-11-06,2.9,0.0821
1958-11-07,2.9,0.0821
1958-11-08,2.8,0.0793
1958-11-09,2.8,0.0793
1958-11-10,2.8,0.0793
1958-11-11,2.9,0.0821
1958-11-12,2.9,0.0821
1958-11-13,3.2,0.0906
1958-11-14,63.0,1.784
1958-11-15,20.0,0.5663
1958-11-16,8.8,0.2492
1958-11-17,6.0,0.1699
1958-11-18,4.6,0.1303
1958-11-19,4.2,0.1189
1958-11-20,4.0,0.1133
1958-11-21,3.9,0.1104
1958-11-22,3.8,0.1076
1958-11-23,3.6,0.1019
1958-11-24,3.6,0.1019
1958-11-25,3.6,0.1019
1958-11-26,3.4,0.0963
1958-11-27,3.3,0.0934
1958-11-28,3.2,0.0906
1958-11-29,3.1,0.0878
1958-11-30,3.1,0.0878
1958-12-01,3.1,0.0878
1958-12-02,3.1,0.0878
1958-12-03,3.1,0.0878
1958-12-04,3.0,0.085
1958-12-05,2.8,0.0793
1958-12-06,2.8,0.0793
1958-12-07,2.9,0.0821
1958-12-08,2.9,0.0821
1958-12-09,2.9,0.0821
1958-12-10,2.9,0.0821
1958-12-11,2.9,0.0821
1958-12-12,3.0,0.085
1958-12-13,3.0,0.085
1958-12-14,3.0,0.085
1958-12-15,3.0,0.085
1958-12-16,3.0,0.085
1958-12-17,3.1,0.0878
1958-12-18,3.1,0.0878
1958-12-19,3.1,0.0878
1958-12-20,3.0,0.085
1958-12-21,3.0,0.085
1958-12-22,3.2,0.0906
1958-12-23,3.2,0.0906
1958-12-24,3.2,0.0906
1958-12-25,3.2,0.0906
1958-12-26,3.2,0.0906
1958-12-27,3.1,0.0878
1958-12-28,3.2,0.0906
1958-12-29,3.4,0.0963
1958-12-30,3.4,0.0963
1958-12-31,3.4,0.0963
1959-01-01,3.4,0.0963
1959-01-02,3.5,0.0991
1959-01-03,3.4,0.0963
1959-01-04,3.3,0.0934
1959-01-05,3.6,0.1019
1959-01-06,3.8,0.1076
1959-01-07,3.6,0.1019
1959-01-08,3.6,0.1019
1959-01-09,3.6,0.1019
1959-01-10,3.5,0.0991
1959-01-11,3.4,0.0963
1959-01-12,3.5,0.0991
1959-01-13,3.6,0.1019
1959-01-14,3.6,0.1019
1959-01-15,3.4,0.0963
1959-01-16,3.4,0.0963
1959-01-17,3.4,0.0963
1959-01-18,3.4,0.0963
1959-01-19,3.4,0.0963
1959-01-20,3.4,0.0963
1959-01-21,3.5,0.0991
1959-01-22,3.4,0.0963
1959-01-23,3.5,0.0991
1959-01-24,3.6,0.1019
1959-01-25,3.6,0.1019
1959-01-26,3.6,0.1019
1959-01-27,3.6,0.1019
1959-01-28,3.6,0.1019
1959-01-29,3.6,0.1019
1959-01-30,3.6,0.1019
1959-01-31,3.6,0.1019
1959-02-01,3.9,0.1104
1959-02-02,4.0,0.1133
1959-02-03,4.1,0.1161
1959-02-04,4.2,0.1189
1959-02-05,3.9,0.1104
1959-02-06,3.6,0.1019
1959-02-07,3.6,0.1019
1959-02-08,3.6,0.1019
1959-02-09,3.6,0.1019
1959-02-10,3.4,0.0963
1959-02-11,3.4,0.0963
1959-02-12,3.3,0.0934
1959-02-13,3.4,0.0963
1959-02-14,3.3,0.0934
1959-02-15,3.2,0.0906
1959-02-16,3.2,0.0906
1959-02-17,3.1,0.0878
1959-02-18,3.1,0.0878
1959-02-19,3.0,0.085
1959-02-20,3.2,0.0906
1959-02-21,3.3,0.0934
1959-02-22,3.5,0.0991
1959-02-23,3.4,0.0963
1959-02-24,3.3,0.0934
1959-02-25,3.2,0.0906
1959-02-26,3.2,0.0906
1959-02-27,3.1,0.0878
1959-02-28,3.2,0.0906
1959-03-01,3.1,0.0878
1959-03-02,3.0,0.085
1959-03-03,2.9,0.0821
1959-03-04,3.0,0.085
1959-03-05,2.8,0.0793
1959-03-06,2.9,0.0821
1959-03-07,2.9,0.0821
1959-03-08,3.0,0.085
1959-03-09,3.0,0.085
1959-03-10,3.0,0.085
1959-03-11,2.7,0.0765
1959-03-12,2.7,0.0765
1959-03-13,2.7,0.0765
1959-03-14,2.6,0.0736
1959-03-15,2.6,0.0736
1959-03-16,2.9,0.0821
1959-03-17,2.9,0.0821
1959-03-18,2.9,0.0821
1959-03-19,2.9,0.0821
1959-03-20,2.7,0.0765
1959-03-21,2.5,0.0708
1959-03-22,2.6,0.0736
1959-03-23,2.7,0.0765
1959-03-24,2.7,0.0765
1959-03-25,2.7,0.0765
1959-03-26,2.5,0.0708
1959-03-27,2.5,0.0708
1959-03-28,2.6,0.0736
1959-03-29,2.6,0.0736
1959-03-30,2.5,0.0708
1959-03-31,2.4,0.068
1959-04-01,2.3,0.0651
1959-04-02,2.3,0.0651
1959-04-03,2.3,0.0651
1959-04-04,2.3,0.0651
1959-04-05,2.4,0.068
1959-04-06,2.4,0.068
1959-04-07,2.5,0.0708
1959-04-08,2.5,0.0708
1959-04-09,2.5,0.0708
1959-04-10,2.7,0.0765
1959-04-11,2.4,0.068
1959-04-12,2.8,0.0793
1959-04-13,3.0,0.085
1959-04-14,2.8,0.0793
1959-04-15,2.9,0.0821
1959-04-16,2.9,0.0821
1959-04-17,2.8,0.0793
1959-04-18,2.6,0.0736
1959-04-19,2.4,0.068
1959-04-20,2.3,0.0651
1959-04-21,2.2,0.0623
1959-04-22,2.3,0.0651
1959-04-23,2.3,0.0651
1959-04-24,2.2,0.0623
1959-04-25,2.1,0.0595
1959-04-26,2.0,0.0566
1959-04-27,1.7,0.0481
1959-04-28,1.6,0.0453
1959-04-29,1.6,0.0453
1959-04-30,1.7,0.0481
1959-05-01,1.7,0.0481
1959-05-02,1.8,0.051
1959-05-03,1.9,0.0538
1959-05-04,2.0,0.0566
1959-05-05,1.5,0.0425
1959-05-06,1.3,0.0368
1959-05-07,2.8,0.0793
1959-05-08,5.1,0.1444
1959-05-09,2.5,0.0708
1959-05-10,1.7,0.0481
1959-05-11,1.5,0.0425
1959-05-12,1.4,0.0396
1959-05-13,2.9,0.0821
1959-05-14,352.0,9.9675
1959-05-15,27.0,0.7646
1959-05-16,21.0,0.5947
1959-05-17,7.1,0.201
1959-05-18,4.5,0.1274
1959-05-19,3.5,0.0991
1959-05-20,2.9,0.0821
1959-05-21,2.5,0.0708
1959-05-22,2.3,0.0651
1959-05-23,2.2,0.0623
1959-05-24,77.0,2.1804
1959-05-25,17.0,0.4814
1959-05-26,6.4,0.1812
1959-05-27,4.1,0.1161
1959-05-28,3.2,0.0906
1959-05-29,2.6,0.0736
1959-05-30,2.3,0.0651
1959-05-31,2.0,0.0566
1959-06-01,1.8,0.051
1959-06-02,1.8,0.051
1959-06-03,2.0,0.0566
1959-06-04,2.1,0.0595
1959-06-05,2.0,0.0566
1959-06-06,1.7,0.0481
1959-06-07,1.6,0.0453
1959-06-08,1.4,0.0396
1959-06-09,1.2,0.034
1959-06-10,1.5,0.0425
1959-06-11,2.0,0.0566
1959-06-12,1.0,0.0283
1959-06-13,0.7,0.0198
1959-06-14,0.6,0.017
1959-06-15,0.6,0.017
1959-06-16,0.4,0.0113
1959-06-17,0.2,0.0057
1959-06-18,0.1,0.0028
1959-06-19,0.1,0.0028
1959-06-20,0.1,0.0028
1959-06-21,0.1,0.0028
1959-06-22,42.0,1.1893
1959-06-23,32.0,0.9061
1959-06-24,3.7,0.1048
1959-06-25,1.8,0.051
1959-06-26,1.0,0.0283
1959-06-27,0.6,0.017
1959-06-28,0.5,0.0142
1959-06-29,12.0,0.3398
1959-06-30,5.1,0.1444
1959-07-01,71.0,2.0105
1959-07-02,20.0,0.5663
1959-07-03,7.2,0.2039
1959-07-04,3.9,0.1104
1959-07-05,21.0,0.5947
1959-07-06,82.0,2.322
1959-07-07,4.0,0.1133
1959-07-08,2.2,0.0623
1959-07-09,3.0,0.085
1959-07-10,9.2,0.2605
1959-07-11,1.8,0.051
1959-07-12,86.0,2.4352
1959-07-13,5.2,0.1472
1959-07-14,2.0,0.0566
1959-07-15,1.3,0.0368
1959-07-16,1.0,0.0283
1959-07-17,0.8,0.0227
1959-07-18,0.6,0.017
1959-07-19,0.5,0.0142
1959-07-20,0.4,0.0113
1959-07-21,0.3,0.0085
1959-07-22,0.2,0.0057
1959-07-23,0.1,0.0028
1959-07-24,0.1,0.0028
1959-07-25,0.1,0.0028
1959-07-26,0.1,0.0028
1959-07-27,0.1,0.0028
1959-07-28,0.0,0.0
1959-07-29,0.6,0.017
1959-07-30,0.1,0.0028
1959-07-31,0.2,0.0057
1959-08-01,0.3,0.0085
1959-08-02,0.1,0.0028
1959-08-03,0.0,0.0
1959-08-04,0.0,0.0
1959-08-05,0.0,0.0
1959-08-06,0.0,0.0
1959-08-07,0.0,0.0
1959-08-08,0.1,0.0028
1959-08-09,3.7,0.1048
1959-08-10,2.7,0.0765
1959-08-11,0.9,0.0255
1959-08-12,0.2,0.0057
1959-08-13,0.1,0.0028
1959-08-14,11.0,0.3115
1959-08-15,53.0,1.5008
1959-08-16,60.0,1.699
1959-08-17,16.0,0.4531
1959-08-18,3.4,0.0963
1959-08-19,1.7,0.0481
1959-08-20,1.7,0.0481
1959-08-21,1.0,0.0283
1959-08-22,0.6,0.017
1959-08-23,0.5,0.0142
1959-08-24,2.7,0.0765
1959-08-25,1.5,0.0425
1959-08-26,1.0,0.0283
1959-08-27,0.6,0.017
1959-08-28,0.5,0.0142
1959-08-29,0.4,0.0113
1959-08-30,0.3,0.0085
1959-08-31,0.2,0.0057
1959-09-01,0.1,0.0028
1959-09-02,0.1,0.0028
1959-09-03,0.0,0.0
1959-09-04,0.0,0.0
1959-09-05,0.0,0.0
1959-09-06,0.0,0.0
1959-09-07,0.0,0.0
1959-09-08,0.0,0.0
1959-09-09,21.0,0.5947
1959-09-10,74.0,2.0954
1959-09-11,6.8,0.1926
1959-09-12,3.3,0.0934
1959-09-13,1.5,0.0425
1959-09-14,1.0,0.0283
1959-09-15,0.6,0.017
1959-09-16,0.4,0.0113
1959-09-17,0.2,0.0057
1959-09-18,0.2,0.0057
1959-09-19,0.1,0.0028
1959-09-20,0.1,0.0028
1959-09-21,0.1,0.0028
1959-09-22,0.1,0.0028
1959-09-23,0.1,0.0028
1959-09-24,0.1,0.0028
1959-09-25,0.1,0.0028
1959-09-26,0.1,0.0028
1959-09-27,0.0,0.0
1959-09-28,0.0,0.0
1959-09-29,0.0,0.0
1959-09-30,15.0,0.4248
1959-10-01,2.2,0.0623
1959-10-02,1.2,0.034
1959-10-03,1.1,0.0311
1959-10-04,1.5,0.0425
1959-10-05,1.4,0.0396
1959-10-06,1.2,0.034
1959-10-07,0.9,0.0255
1959-10-08,0.7,0.0198
1959-10-09,0.7,0.0198
1959-10-10,0.7,0.0198
1959-10-11,0.6,0.017
1959-10-12,0.7,0.0198
1959-10-13,0.7,0.0198
1959-10-14,0.8,0.0227
1959-10-15,0.9,0.0255
1959-10-16,0.8,0.0227
1959-10-17,0.8,0.0227
1959-10-18,0.9,0.0255
1959-10-19,0.9,0.0255
1959-10-20,1.0,0.0283
1959-10-21,1.0,0.0283
1959-10-22,0.9,0.0255
1959-10-23,0.8,0.0227
1959-10-24,0.8,0.0227
1959-10-25,0.8,0.0227
1959-10-26,0.8,0.0227
1959-10-27,0.8,0.0227
1959-10-28,1.0,0.0283
1959-10-29,2.2,0.0623
1959-10-30,2.9,0.0821
1959-10-31,2.0,0.0566
1959-11-01,1.9,0.0538
1959-11-02,2.0,0.0566
1959-11-03,2.7,0.0765
1959-11-04,1.7,0.0481
1959-11-05,1.4,0.0396
1959-11-06,1.4,0.0396
1959-11-07,1.7,0.0481
1959-11-08,2.0,0.0566
1959-11-09,2.1,0.0595
1959-11-10,2.2,0.0623
1959-11-11,2.2,0.0623
1959-11-12,2.2,0.0623
1959-11-13,2.2,0.0623
1959-11-14,2.2,0.0623
1959-11-15,2.3,0.0651
1959-11-16,2.3,0.0651
1959-11-17,2.2,0.0623
1959-11-18,2.3,0.0651
1959-11-19,2.3,0.0651
1959-11-20,2.4,0.068
1959-11-21,2.3,0.0651
1959-11-22,2.3,0.0651
1959-11-23,2.3,0.0651
1959-11-24,2.3,0.0651
1959-11-25,2.3,0.0651
1959-11-26,2.3,0.0651
1959-11-27,2.3,0.0651
1959-11-28,2.3,0.0651
1959-11-29,2.4,0.068
1959-11-30,2.5,0.0708
1959-12-01,2.5,0.0708
1959-12-02,2.5,0.0708
1959-12-03,2.5,0.0708
1959-12-04,2.5,0.0708
1959-12-05,2.4,0.068
1959-12-06,2.4,0.068
1959-12-07,2.4,0.068
1959-12-08,2.5,0.0708
1959-12-09,2.4,0.068
1959-12-10,2.5,0.0708
1959-12-11,2.5,0.0708
1959-12-12,2.5,0.0708
1959-12-13,2.6,0.0736
1959-12-14,2.6,0.0736
1959-12-15,2.8,0.0793
1959-12-16,2.8,0.0793
1959-12-17,2.9,0.0821
1959-12-18,2.6,0.0736
1959-12-19,2.6,0.0736
1959-12-20,2.6,0.0736
1959-12-21,2.6,0.0736
1959-12-22,2.6,0.0736
1959-12-23,2.6,0.0736
1959-12-24,2.6,0.0736
1959-12-25,2.6,0.0736
1959-12-26,2.6,0.0736
1959-12-27,2.6,0.0736
1959-12-28,2.5,0.0708
1959-12-29,2.6,0.0736
1959-12-30,2.6,0.0736
1959-12-31,2.6,0.0736
1960-01-01,2.6,0.0736
1960-01-02,2.6,0.0736
1960-01-03,2.6,0.0736
1960-01-04,2.6,0.0736
1960-01-05,3.2,0.0906
1960-01-06,3.1,0.0878
1960-01-07,2.8,0.0793
1960-01-08,2.6,0.0736
1960-01-09,2.6,0.0736
1960-01-10,2.6,0.0736
1960-01-11,2.8,0.0793
1960-01-12,2.9,0.0821
1960-01-13,2.8,0.0793
1960-01-14,2.6,0.0736
1960-01-15,2.9,0.0821
1960-01-16,2.8,0.0793
1960-01-17,2.6,0.0736
1960-01-18,2.6,0.0736
1960-01-19,2.6,0.0736
1960-01-20,2.6,0.0736
1960-01-21,2.6,0.0736
1960-01-22,2.6,0.0736
1960-01-23,2.6,0.0736
1960-01-24,2.8,0.0793
1960-01-25,2.8,0.0793
1960-01-26,2.8,0.0793
1960-01-27,2.6,0.0736
1960-01-28,2.6,0.0736
1960-01-29,2.5,0.0708
1960-01-30,2.5,0.0708
1960-01-31,2.6,0.0736
1960-02-01,2.6,0.0736
1960-02-02,2.6,0.0736
1960-02-03,2.6,0.0736
1960-02-04,2.6,0.0736
1960-02-05,2.6,0.0736
1960-02-06,2.5,0.0708
1960-02-07,2.5,0.0708
1960-02-08,2.5,0.0708
1960-02-09,2.4,0.068
1960-02-10,2.2,0.0623
1960-02-11,2.3,0.0651
1960-02-12,2.4,0.068
1960-02-13,2.5,0.0708
1960-02-14,2.5,0.0708
1960-02-15,2.4,0.068
1960-02-16,2.4,0.068
1960-02-17,2.5,0.0708
1960-02-18,2.5,0.0708
1960-02-19,2.5,0.0708
1960-02-20,2.5,0.0708
1960-02-21,2.5,0.0708
1960-02-22,2.5,0.0708
1960-02-23,2.3,0.0651
1960-02-24,2.4,0.068
1960-02-25,2.6,0.0736
1960-02-26,2.6,0.0736
1960-02-27,2.6,0.0736
1960-02-28,2.5,0.0708
1960-02-29,2.5,0.0708
1960-03-01,2.6,0.0736
1960-03-02,2.6,0.0736
1960-03-03,2.6,0.0736
1960-03-04,2.5,0.0708
1960-03-05,2.5,0.0708
1960-03-06,2.5,0.0708
1960-03-07,2.5,0.0708
1960-03-08,2.5,0.0708
1960-03-09,2.3,0.0651
1960-03-10,2.2,0.0623
1960-03-11,2.1,0.0595
1960-03-12,2.2,0.0623
1960-03-13,2.2,0.0623
1960-03-14,2.2,0.0623
1960-03-15,2.2,0.0623
1960-03-16,2.1,0.0595
1960-03-17,2.2,0.0623
1960-03-18,2.4,0.068
1960-03-19,2.2,0.0623
1960-03-20,2.2,0.0623
1960-03-21,2.1,0.0595
1960-03-22,2.1,0.0595
1960-03-23,2.2,0.0623
1960-03-24,4.9,0.1388
1960-03-25,3.0,0.085
1960-03-26,2.4,0.068
1960-03-27,2.2,0.0623
1960-03-28,2.1,0.0595
1960-03-29,1.7,0.0481
1960-03-30,1.7,0.0481
1960-03-31,1.7,0.0481
1960-04-01,1.7,0.0481
1960-04-02,1.7,0.0481
1960-04-03,1.9,0.0538
1960-04-04,2.0,0.0566
1960-04-05,1.9,0.0538
1960-04-06,1.8,0.051
1960-04-07,1.7,0.0481
1960-04-08,1.6,0.0453
1960-04-09,1.7,0.0481
1960-04-10,1.7,0.0481
1960-04-11,1.7,0.0481
1960-04-12,1.6,0.0453
1960-04-13,1.4,0.0396
1960-04-14,1.4,0.0396
1960-04-15,1.4,0.0396
1960-04-16,1.2,0.034
1960-04-17,1.1,0.0311
1960-04-18,1.1,0.0311
1960-04-19,1.2,0.034
1960-04-20,1.1,0.0311
1960-04-21,1.1,0.0311
1960-04-22,1.0,0.0283
1960-04-23,0.8,0.0227
1960-04-24,0.7,0.0198
1960-04-25,0.6,0.017
1960-04-26,0.6,0.017
1960-04-27,0.6,0.017
1960-04-28,0.6,0.017
1960-04-29,0.6,0.017
1960-04-30,0.5,0.0142
1960-05-01,0.5,0.0142
1960-05-02,0.5,0.0142
1960-05-03,0.5,0.0142
1960-05-04,0.5,0.0142
1960-05-05,0.4,0.0113
1960-05-06,0.3,0.0085
1960-05-07,0.3,0.0085
1960-05-08,0.2,0.0057
1960-05-09,0.1,0.0028
1960-05-10,0.1,0.0028
1960-05-11,0.1,0.0028
1960-05-12,0.1,0.0028
1960-05-13,0.0,0.0
1960-05-14,0.0,0.0
1960-05-15,0.0,0.0
1960-05-16,0.0,0.0
1960-05-17,0.0,0.0
1960-05-18,0.0,0.0
1960-05-19,0.0,0.0
1960-05-20,0.0,0.0
1960-05-21,0.0,0.0
1960-05-22,0.0,0.0
1960-05-23,0.0,0.0
1960-05-24,0.0,0.0
1960-05-25,0.0,0.0
1960-05-26,0.0,0.0
1960-05-27,0.0,0.0
1960-05-28,0.0,0.0
1960-05-29,0.0,0.0
1960-05-30,36.0,1.0194
1960-05-31,9.6,0.2718
1960-06-01,2.6,0.0736
1960-06-02,0.9,0.0255
1960-06-03,0.2,0.0057
1960-06-04,0.1,0.0028
1960-06-05,0.0,0.0
1960-06-06,0.0,0.0
1960-06-07,0.0,0.0
1960-06-08,0.0,0.0
1960-06-09,0.0,0.0
1960-06-10,0.0,0.0
1960-06-11,30.0,0.8495
1960-06-12,4.2,0.1189
1960-06-13,1.0,0.0283
1960-06-14,1.1,0.0311
1960-06-15,0.2,0.0057
1960-06-16,0.0,0.0
1960-06-17,0.0,0.0
1960-06-18,0.0,0.0
1960-06-19,0.0,0.0
1960-06-20,0.0,0.0
1960-06-21,0.0,0.0
1960-06-22,0.0,0.0
1960-06-23,0.0,0.0
1960-06-24,15.0,0.4248
1960-06-25,0.0,0.0
1960-06-26,0.0,0.0
1960-06-27,0.0,0.0
1960-06-28,0.0,0.0
1960-06-29,0.0,0.0
1960-06-30,0.0,0.0
1960-07-01,0.0,0.0
1960-07-02,0.0,0.0
1960-07-03,0.0,0.0
1960-07-04,0.0,0.0
1960-07-05,13.0,0.3681
1960-07-06,44.0,1.2459
1960-07-07,257.0,7.2774
1960-07-08,145.0,4.1059
1960-07-09,121.0,3.4263
1960-07-10,82.0,2.322
1960-07-11,20.0,0.5663
1960-07-12,8.1,0.2294
1960-07-13,255.0,7.2208
1960-07-14,29.0,0.8212
1960-07-15,11.0,0.3115
1960-07-16,6.8,0.1926
1960-07-17,4.5,0.1274
1960-07-18,4.5,0.1274
1960-07-19,2.5,0.0708
1960-07-20,2.0,0.0566
1960-07-21,1.7,0.0481
1960-07-22,1.5,0.0425
1960-07-23,1.3,0.0368
1960-07-24,1.0,0.0283
1960-07-25,11.0,0.3115
1960-07-26,28.0,0.7929
1960-07-27,6.9,0.1954
1960-07-28,2.8,0.0793
1960-07-29,1.5,0.0425
1960-07-30,0.9,0.0255
1960-07-31,0.7,0.0198
1960-08-01,0.5,0.0142
1960-08-02,0.4,0.0113
1960-08-03,0.3,0.0085
1960-08-04,0.2,0.0057
1960-08-05,0.1,0.0028
1960-08-06,0.1,0.0028
1960-08-07,0.1,0.0028
1960-08-08,0.0,0.0
1960-08-09,0.0,0.0
1960-08-10,2.3,0.0651
1960-08-11,12.0,0.3398
1960-08-12,102.0,2.8883
1960-08-13,9.3,0.2633
1960-08-14,3.4,0.0963
1960-08-15,2.1,0.0595
1960-08-16,1.4,0.0396
1960-08-17,1.1,0.0311
1960-08-18,0.8,0.0227
1960-08-19,13.0,0.3681
1960-08-20,20.0,0.5663
1960-08-21,5.6,0.1586
1960-08-22,2.4,0.068
1960-08-23,1.2,0.034
1960-08-24,0.8,0.0227
1960-08-25,0.5,0.0142
1960-08-26,46.0,1.3026
1960-08-27,28.0,0.7929
1960-08-28,10.0,0.2832
1960-08-29,6.5,0.1841
1960-08-30,3.1,0.0878
1960-08-31,1.7,0.0481
1960-09-01,1.2,0.034
1960-09-02,1.0,0.0283
1960-09-03,0.9,0.0255
1960-09-04,0.6,0.017
1960-09-05,0.4,0.0113
1960-09-06,0.2,0.0057
1960-09-07,0.1,0.0028
1960-09-08,11.0,0.3115
1960-09-09,25.0,0.7079
1960-09-10,6.8,0.1926
1960-09-11,3.1,0.0878
1960-09-12,1.7,0.0481
1960-09-13,1.2,0.034
1960-09-14,0.9,0.0255
1960-09-15,0.6,0.017
1960-09-16,0.4,0.0113
1960-09-17,0.3,0.0085
1960-09-18,0.2,0.0057
1960-09-19,0.2,0.0057
1960-09-20,0.1,0.0028
1960-09-21,0.1,0.0028
1960-09-22,0.1,0.0028
1960-09-23,0.0,0.0
1960-09-24,0.0,0.0
1960-09-25,0.0,0.0
1960-09-26,0.0,0.0
1960-09-27,0.0,0.0
1960-09-28,0.0,0.0
1960-09-29,0.1,0.0028
1960-09-30,0.1,0.0028
1960-10-01,0.1,0.0028
1960-10-02,0.1,0.0028
1960-10-03,0.1,0.0028
1960-10-04,0.2,0.0057
1960-10-05,0.2,0.0057
1960-10-06,0.2,0.0057
1960-10-07,0.1,0.0028
1960-10-08,0.1,0.0028
1960-10-09,0.0,0.0
1960-10-10,0.0,0.0
1960-10-11,0.0,0.0
1960-10-12,0.0,0.0
1960-10-13,0.0,0.0
1960-10-14,0.0,0.0
1960-10-15,0.0,0.0
1960-10-16,11.0,0.3115
1960-10-17,1130.0,31.998
1960-10-18,176.0,4.9838
1960-10-19,26.0,0.7362
1960-10-20,13.0,0.3681
1960-10-21,8.4,0.2379
1960-10-22,6.2,0.1756
1960-10-23,5.0,0.1416
1960-10-24,4.4,0.1246
1960-10-25,3.8,0.1076
1960-10-26,3.3,0.0934
1960-10-27,3.1,0.0878
1960-10-28,2.9,0.0821
1960-10-29,2.6,0.0736
1960-10-30,2.5,0.0708
1960-10-31,2.4,0.068
1960-11-01,2.4,0.068
1960-11-02,2.3,0.0651
1960-11-03,2.3,0.0651
1960-11-04,2.4,0.068
1960-11-05,2.5,0.0708
1960-11-06,2.5,0.0708
1960-11-07,2.6,0.0736
1960-11-08,2.5,0.0708
1960-11-09,2.3,0.0651
1960-11-10,2.2,0.0623
1960-11-11,2.3,0.0651
1960-11-12,2.4,0.068
1960-11-13,2.2,0.0623
1960-11-14,2.2,0.0623
1960-11-15,2.2,0.0623
1960-11-16,2.1,0.0595
1960-11-17,2.1,0.0595
1960-11-18,2.2,0.0623
1960-11-19,2.2,0.0623
1960-11-20,2.2,0.0623
1960-11-21,2.3,0.0651
1960-11-22,2.2,0.0623
1960-11-23,2.2,0.0623
1960-11-24,2.2,0.0623
1960-11-25,2.3,0.0651
1960-11-26,2.3,0.0651
1960-11-27,2.2,0.0623
1960-11-28,2.0,0.0566
1960-11-29,2.0,0.0566
1960-11-30,2.1,0.0595
1960-12-01,2.2,0.0623
1960-12-02,2.3,0.0651
1960-12-03,2.3,0.0651
1960-12-04,2.3,0.0651
1960-12-05,2.2,0.0623
1960-12-06,2.2,0.0623
1960-12-07,2.4,0.068
1960-12-08,2.8,0.0793
1960-12-09,4.0,0.1133
1960-12-10,3.7,0.1048
1960-12-11,3.2,0.0906
1960-12-12,2.9,0.0821
1960-12-13,3.0,0.085
1960-12-14,3.0,0.085
1960-12-15,2.9,0.0821
1960-12-16,2.6,0.0736
1960-12-17,2.6,0.0736
1960-12-18,2.5,0.0708
1960-12-19,2.5,0.0708
1960-12-20,2.5,0.0708
1960-12-21,2.4,0.068
1960-12-22,2.4,0.068
1960-12-23,2.4,0.068
1960-12-24,2.4,0.068
1960-12-25,2.4,0.068
1960-12-26,2.4,0.068
1960-12-27,2.4,0.068
1960-12-28,2.4,0.068
1960-12-29,2.4,0.068
1960-12-30,3.1,0.0878
1960-12-31,3.3,0.0934
1961-01-01,3.0,0.085
1961-01-02,2.6,0.0736
1961-01-03,2.5,0.0708
1961-01-04,2.5,0.0708
1961-01-05,2.5,0.0708
1961-01-06,2.5,0.0708
1961-01-07,2.6,0.0736
1961-01-08,2.6,0.0736
1961-01-09,2.5,0.0708
1961-01-10,2.5,0.0708
1961-01-11,2.4,0.068
1961-01-12,2.4,0.068
1961-01-13,2.4,0.068
1961-01-14,2.4,0.068
1961-01-15,2.4,0.068
1961-01-16,2.4,0.068
1961-01-17,2.4,0.068
1961-01-18,2.4,0.068
1961-01-19,2.3,0.0651
1961-01-20,2.3,0.0651
1961-01-21,2.3,0.0651
1961-01-22,2.4,0.068
1961-01-23,2.4,0.068
1961-01-24,3.3,0.0934
1961-01-25,3.4,0.0963
1961-01-26,2.9,0.0821
1961-01-27,2.6,0.0736
1961-01-28,2.6,0.0736
1961-01-29,2.6,0.0736
1961-01-30,2.6,0.0736
1961-01-31,2.6,0.0736
1961-02-01,2.6,0.0736
1961-02-02,2.5,0.0708
1961-02-03,2.4,0.068
1961-02-04,2.4,0.068
1961-02-05,2.3,0.0651
1961-02-06,2.3,0.0651
1961-02-07,2.4,0.068
1961-02-08,2.4,0.068
1961-02-09,2.3,0.0651
1961-02-10,2.3,0.0651
1961-02-11,2.3,0.0651
1961-02-12,2.3,0.0651
1961-02-13,2.2,0.0623
1961-02-14,2.2,0.0623
1961-02-15,2.2,0.0623
1961-02-16,2.3,0.0651
1961-02-17,2.2,0.0623
1961-02-18,2.1,0.0595
1961-02-19,2.1,0.0595
1961-02-20,2.2,0.0623
1961-02-21,2.2,0.0623
1961-02-22,2.2,0.0623
1961-02-23,2.1,0.0595
1961-02-24,2.0,0.0566
1961-02-25,2.0,0.0566
1961-02-26,2.0,0.0566
1961-02-27,2.0,0.0566
1961-02-28,2.0,0.0566
1961-03-01,2.1,0.0595
1961-03-02,2.1,0.0595
1961-03-03,2.0,0.0566
1961-03-04,1.9,0.0538
1961-03-05,1.9,0.0538
1961-03-06,1.8,0.051
1961-03-07,1.7,0.0481
1961-03-08,1.7,0.0481
1961-03-09,1.7,0.0481
1961-03-10,1.8,0.051
1961-03-11,1.8,0.051
1961-03-12,1.8,0.051
1961-03-13,1.7,0.0481
1961-03-14,1.7,0.0481
1961-03-15,1.8,0.051
1961-03-16,1.8,0.051
1961-03-17,1.9,0.0538
1961-03-18,2.0,0.0566
1961-03-19,2.9,0.0821
1961-03-20,2.6,0.0736
1961-03-21,2.3,0.0651
1961-03-22,2.1,0.0595
1961-03-23,2.1,0.0595
1961-03-24,2.1,0.0595
1961-03-25,2.0,0.0566
1961-03-26,1.8,0.051
1961-03-27,1.7,0.0481
1961-03-28,1.7,0.0481
1961-03-29,1.7,0.0481
1961-03-30,1.8,0.051
1961-03-31,1.8,0.051
1961-04-01,1.8,0.051
1961-04-02,1.7,0.0481
1961-04-03,1.7,0.0481
1961-04-04,1.7,0.0481
1961-04-05,1.7,0.0481
1961-04-06,1.7,0.0481
1961-04-07,1.7,0.0481
1961-04-08,1.7,0.0481
1961-04-09,1.7,0.0481
1961-04-10,1.6,0.0453
1961-04-11,1.5,0.0425
1961-04-12,1.5,0.0425
1961-04-13,1.4,0.0396
1961-04-14,1.3,0.0368
1961-04-15,1.2,0.034
1961-04-16,1.2,0.034
1961-04-17,1.3,0.0368
1961-04-18,1.4,0.0396
1961-04-19,1.4,0.0396
1961-04-20,1.2,0.034
1961-04-21,1.1,0.0311
1961-04-22,0.9,0.0255
1961-04-23,0.8,0.0227
1961-04-24,0.7,0.0198
1961-04-25,0.6,0.017
1961-04-26,0.6,0.017
1961-04-27,0.6,0.017
1961-04-28,0.6,0.017
1961-04-29,0.7,0.0198
1961-04-30,0.7,0.0198
1961-05-01,0.7,0.0198
1961-05-02,0.7,0.0198
1961-05-03,0.6,0.017
1961-05-04,0.5,0.0142
1961-05-05,0.4,0.0113
1961-05-06,0.3,0.0085
1961-05-07,0.2,0.0057
1961-05-08,0.1,0.0028
1961-05-09,0.1,0.0028
1961-05-10,0.1,0.0028
1961-05-11,0.1,0.0028
1961-05-12,0.0,0.0
1961-05-13,0.0,0.0
1961-05-14,0.0,0.0
1961-05-15,0.0,0.0
1961-05-16,0.0,0.0
1961-05-17,0.0,0.0
1961-05-18,0.0,0.0
1961-05-19,0.0,0.0
1961-05-20,0.0,0.0
1961-05-21,0.0,0.0
1961-05-22,0.0,0.0
1961-05-23,0.0,0.0
1961-05-24,0.0,0.0
1961-05-25,0.0,0.0
1961-05-26,0.0,0.0
1961-05-27,0.0,0.0
1961-05-28,0.0,0.0
1961-05-29,0.0,0.0
1961-05-30,92.0,2.6051
1961-05-31,31.0,0.8778
1961-06-01,1.8,0.051
1961-06-02,0.7,0.0198
1961-06-03,0.3,0.0085
1961-06-04,0.1,0.0028
1961-06-05,0.1,0.0028
1961-06-06,0.0,0.0
1961-06-07,0.0,0.0
1961-06-08,0.0,0.0
1961-06-09,0.0,0.0
1961-06-10,0.0,0.0
1961-06-11,0.0,0.0
1961-06-12,0.0,0.0
1961-06-13,0.0,0.0
1961-06-14,0.0,0.0
1961-06-15,0.0,0.0
1961-06-16,0.0,0.0
1961-06-17,0.1,0.0028
1961-06-18,0.7,0.0198
1961-06-19,0.4,0.0113
1961-06-20,0.1,0.0028
1961-06-21,0.1,0.0028
1961-06-22,0.0,0.0
1961-06-23,0.0,0.0
1961-06-24,0.0,0.0
1961-06-25,0.0,0.0
1961-06-26,0.0,0.0
1961-06-27,0.0,0.0
1961-06-28,0.0,0.0
1961-06-29,0.0,0.0
1961-06-30,0.0,0.0
1961-07-01,0.0,0.0
1961-07-02,0.0,0.0
1961-07-03,0.0,0.0
1961-07-04,0.0,0.0
1961-07-05,0.0,0.0
1961-07-06,0.0,0.0
1961-07-07,0.0,0.0
1961-07-08,0.0,0.0
1961-07-09,115.0,3.2564
1961-07-10,27.0,0.7646
1961-07-11,2.7,0.0765
1961-07-12,0.6,0.017
1961-07-13,6.1,0.1727
1961-07-14,52.0,1.4725
1961-07-15,56.0,1.5857
1961-07-16,18.0,0.5097
1961-07-17,5.3,0.1501
1961-07-18,1.5,0.0425
1961-07-19,0.6,0.017
1961-07-20,0.2,0.0057
1961-07-21,0.0,0.0
1961-07-22,0.0,0.0
1961-07-23,0.0,0.0
1961-07-24,0.0,0.0
1961-07-25,0.0,0.0
1961-07-26,0.0,0.0
1961-07-27,0.0,0.0
1961-07-28,0.0,0.0
1961-07-29,0.0,0.0
1961-07-30,0.0,0.0
1961-07-31,0.0,0.0
1961-08-01,0.0,0.0
1961-08-02,0.0,0.0
1961-08-03,0.0,0.0
1961-08-04,0.0,0.0
1961-08-05,0.0,0.0
1961-08-06,0.0,0.0
1961-08-07,0.0,0.0
1961-08-08,0.0,0.0
1961-08-09,0.0,0.0
1961-08-10,0.0,0.0
1961-08-11,0.0,0.0
1961-08-12,0.0,0.0
1961-08-13,0.0,0.0
1961-08-14,0.0,0.0
1961-08-15,0.0,0.0
1961-08-16,0.0,0.0
1961-08-17,0.0,0.0
1961-08-18,0.0,0.0
1961-08-19,0.0,0.0
1961-08-20,0.0,0.0
1961-08-21,0.0,0.0
1961-08-22,0.0,0.0
1961-08-23,0.0,0.0
1961-08-24,0.0,0.0
1961-08-25,23.0,0.6513
1961-08-26,41.0,1.161
1961-08-27,1.6,0.0453
1961-08-28,0.2,0.0057
1961-08-29,0.0,0.0
1961-08-30,0.0,0.0
1961-08-31,0.0,0.0
1961-09-01,0.0,0.0
1961-09-02,0.0,0.0
1961-09-03,0.0,0.0
1961-09-04,0.0,0.0
1961-09-05,0.0,0.0
1961-09-06,0.0,0.0
1961-09-07,0.0,0.0
1961-09-08,0.0,0.0
1961-09-09,0.0,0.0
1961-09-10,0.0,0.0
1961-09-11,0.0,0.0
1961-09-12,0.0,0.0
1961-09-13,0.0,0.0
1961-09-14,0.0,0.0
1961-09-15,0.0,0.0
1961-09-16,0.0,0.0
1961-09-17,0.0,0.0
1961-09-18,0.0,0.0
1961-09-19,0.0,0.0
1961-09-20,0.0,0.0
1961-09-21,0.0,0.0
1961-09-22,0.0,0.0
1961-09-23,0.0,0.0
1961-09-24,0.0,0.0
1961-09-25,0.0,0.0
1961-09-26,0.0,0.0
1961-09-27,0.0,0.0
1961-09-28,0.0,0.0
1961-09-29,0.0,0.0
1961-09-30,0.0,0.0
1961-10-01,0.0,0.0
1961-10-02,0.0,0.0
1961-10-03,0.0,0.0
1961-10-04,0.0,0.0
1961-10-05,0.0,0.0
1961-10-06,0.0,0.0
1961-10-07,0.0,0.0
1961-10-08,0.0,0.0
1961-10-09,0.0,0.0
1961-10-10,0.0,0.0
1961-10-11,0.0,0.0
1961-10-12,0.0,0.0
1961-10-13,0.0,0.0
1961-10-14,0.0,0.0
1961-10-15,3.3,0.0934
1961-10-16,4.0,0.1133
1961-10-17,1.4,0.0396
1961-10-18,0.4,0.0113
1961-10-19,0.1,0.0028
1961-10-20,0.0,0.0
1961-10-21,0.0,0.0
1961-10-22,0.0,0.0
1961-10-23,0.0,0.0
1961-10-24,0.0,0.0
1961-10-25,0.0,0.0
1961-10-26,0.0,0.0
1961-10-27,0.0,0.0
1961-10-28,0.0,0.0
1961-10-29,0.0,0.0
1961-10-30,0.0,0.0
1961-10-31,0.0,0.0
1961-11-01,0.0,0.0
1961-11-02,0.8,0.0227
1961-11-03,0.7,0.0198
1961-11-04,0.7,0.0198
1961-11-05,0.6,0.017
1961-11-06,0.7,0.0198
1961-11-07,0.9,0.0255
1961-11-08,1.1,0.0311
1961-11-09,2.1,0.0595
1961-11-10,1.7,0.0481
1961-11-11,1.4,0.0396
1961-11-12,1.1,0.0311
1961-11-13,1.1,0.0311
1961-11-14,1.3,0.0368
1961-11-15,1.4,0.0396
1961-11-16,1.4,0.0396
1961-11-17,1.4,0.0396
1961-11-18,1.4,0.0396
1961-11-19,1.4,0.0396
1961-11-20,1.4,0.0396
1961-11-21,1.5,0.0425
1961-11-22,1.5,0.0425
1961-11-23,1.4,0.0396
1961-11-24,1.4,0.0396
1961-11-25,1.4,0.0396
1961-11-26,1.4,0.0396
1961-11-27,1.4,0.0396
1961-11-28,1.4,0.0396
1961-11-29,1.4,0.0396
1961-11-30,1.5,0.0425
1961-12-01,1.5,0.0425
1961-12-02,1.5,0.0425
1961-12-03,1.5,0.0425
1961-12-04,1.5,0.0425
1961-12-05,1.4,0.0396
1961-12-06,1.4,0.0396
1961-12-07,1.5,0.0425
1961-12-08,1.6,0.0453
1961-12-09,1.5,0.0425
1961-12-10,1.5,0.0425
1961-12-11,1.6,0.0453
1961-12-12,1.5,0.0425
1961-12-13,1.5,0.0425
1961-12-14,1.5,0.0425
1961-12-15,1.5,0.0425
1961-12-16,1.5,0.0425
1961-12-17,1.5,0.0425
1961-12-18,1.5,0.0425
1961-12-19,1.5,0.0425
1961-12-20,1.5,0.0425
1961-12-21,1.5,0.0425
1961-12-22,1.5,0.0425
1961-12-23,1.6,0.0453
1961-12-24,1.6,0.0453
1961-12-25,1.6,0.0453
1961-12-26,1.6,0.0453
1961-12-27,1.6,0.0453
1961-12-28,1.6,0.0453
1961-12-29,1.7,0.0481
1961-12-30,1.7,0.0481
1961-12-31,1.6,0.0453
1962-01-01,1.6,0.0453
1962-01-02,1.7,0.0481
1962-01-03,1.7,0.0481
1962-01-04,1.7,0.0481
1962-01-05,1.6,0.0453
1962-01-06,1.6,0.0453
1962-01-07,1.6,0.0453
1962-01-08,1.6,0.0453
1962-01-09,1.5,0.0425
1962-01-10,1.5,0.0425
1962-01-11,1.5,0.0425
1962-01-12,1.5,0.0425
1962-01-13,1.5,0.0425
1962-01-14,1.6,0.0453
1962-01-15,1.7,0.0481
1962-01-16,1.9,0.0538
1962-01-17,1.9,0.0538
1962-01-18,2.0,0.0566
1962-01-19,1.9,0.0538
1962-01-20,1.8,0.051
1962-01-21,1.7,0.0481
1962-01-22,1.7,0.0481
1962-01-23,1.7,0.0481
1962-01-24,1.8,0.051
1962-01-25,2.2,0.0623
1962-01-26,2.1,0.0595
1962-01-27,1.9,0.0538
1962-01-28,1.7,0.0481
1962-01-29,1.7,0.0481
1962-01-30,1.7,0.0481
1962-01-31,1.7,0.0481
1962-02-01,1.7,0.0481
1962-02-02,1.7,0.0481
1962-02-03,1.7,0.0481
1962-02-04,1.7,0.0481
1962-02-05,1.7,0.0481
1962-02-06,1.7,0.0481
1962-02-07,1.7,0.0481
1962-02-08,1.7,0.0481
1962-02-09,1.7,0.0481
1962-02-10,1.6,0.0453
1962-02-11,1.6,0.0453
1962-02-12,1.6,0.0453
1962-02-13,1.7,0.0481
1962-02-14,1.7,0.0481
1962-02-15,1.7,0.0481
1962-02-16,1.7,0.0481
1962-02-17,1.6,0.0453
1962-02-18,1.5,0.0425
1962-02-19,1.5,0.0425
1962-02-20,1.5,0.0425
1962-02-21,1.5,0.0425
1962-02-22,1.5,0.0425
1962-02-23,1.6,0.0453
1962-02-24,1.6,0.0453
1962-02-25,1.5,0.0425
1962-02-26,1.5,0.0425
1962-02-27,1.5,0.0425
1962-02-28,1.5,0.0425
1962-03-01,1.5,0.0425
1962-03-02,1.5,0.0425
1962-03-03,1.5,0.0425
1962-03-04,1.5,0.0425
1962-03-05,1.4,0.0396
1962-03-06,1.5,0.0425
1962-03-07,1.5,0.0425
1962-03-08,1.5,0.0425
1962-03-09,1.5,0.0425
1962-03-10,1.5,0.0425
1962-03-11,1.4,0.0396
1962-03-12,1.4,0.0396
1962-03-13,1.4,0.0396
1962-03-14,1.5,0.0425
1962-03-15,1.7,0.0481
1962-03-16,1.7,0.0481
1962-03-17,1.6,0.0453
1962-03-18,1.5,0.0425
1962-03-19,1.5,0.0425
1962-03-20,1.5,0.0425
1962-03-21,1.5,0.0425
1962-03-22,1.4,0.0396
1962-03-23,1.3,0.0368
1962-03-24,1.2,0.034
1962-03-25,1.2,0.034
1962-03-26,1.2,0.034
1962-03-27,1.3,0.0368
1962-03-28,1.3,0.0368
1962-03-29,1.2,0.034
1962-03-30,1.2,0.034
1962-03-31,1.2,0.034
1962-04-01,1.3,0.0368
1962-04-02,1.2,0.034
1962-04-03,1.2,0.034
1962-04-04,1.5,0.0425
1962-04-05,1.6,0.0453
1962-04-06,1.6,0.0453
1962-04-07,1.6,0.0453
1962-04-08,1.5,0.0425
1962-04-09,1.4,0.0396
1962-04-10,1.2,0.034
1962-04-11,1.3,0.0368
1962-04-12,1.3,0.0368
1962-04-13,1.3,0.0368
1962-04-14,1.3,0.0368
1962-04-15,1.2,0.034
1962-04-16,1.2,0.034
1962-04-17,1.2,0.034
1962-04-18,1.2,0.034
1962-04-19,1.4,0.0396
1962-04-20,1.3,0.0368
1962-04-21,1.2,0.034
1962-04-22,1.0,0.0283
1962-04-23,0.9,0.0255
1962-04-24,0.9,0.0255
1962-04-25,1.0,0.0283
1962-04-26,1.0,0.0283
1962-04-27,1.0,0.0283
1962-04-28,0.9,0.0255
1962-04-29,0.8,0.0227
1962-04-30,0.7,0.0198
1962-05-01,0.6,0.017
1962-05-02,0.6,0.017
1962-05-03,0.6,0.017
1962-05-04,0.6,0.017
1962-05-05,0.5,0.0142
1962-05-06,0.4,0.0113
1962-05-07,0.3,0.0085
1962-05-08,0.2,0.0057
1962-05-09,0.2,0.0057
1962-05-10,0.1,0.0028
1962-05-11,0.0,0.0
1962-05-12,0.0,0.0
1962-05-13,0.0,0.0
1962-05-14,0.0,0.0
1962-05-15,0.0,0.0
1962-05-16,0.0,0.0
1962-05-17,0.0,0.0
1962-05-18,0.0,0.0
1962-05-19,0.6,0.017
1962-05-20,0.1,0.0028
1962-05-21,0.0,0.0
1962-05-22,0.0,0.0
1962-05-23,0.0,0.0
1962-05-24,0.0,0.0
1962-05-25,0.0,0.0
1962-05-26,0.0,0.0
1962-05-27,0.0,0.0
1962-05-28,0.0,0.0
1962-05-29,0.0,0.0
1962-05-30,0.0,0.0
1962-05-31,0.0,0.0
1962-06-01,0.0,0.0
1962-06-02,0.0,0.0
1962-06-03,0.0,0.0
1962-06-04,0.0,0.0
1962-06-05,0.0,0.0
1962-06-06,0.0,0.0
1962-06-07,0.0,0.0
1962-06-08,0.0,0.0
1962-06-09,0.0,0.0
1962-06-10,0.0,0.0
1962-06-11,0.0,0.0
1962-06-12,0.0,0.0
1962-06-13,0.0,0.0
1962-06-14,0.0,0.0
1962-06-15,0.0,0.0
1962-06-16,0.0,0.0
1962-06-17,0.0,0.0
1962-06-18,0.0,0.0
1962-06-19,0.0,0.0
1962-06-20,0.0,0.0
1962-06-21,0.0,0.0
1962-06-22,0.0,0.0
1962-06-23,0.0,0.0
1962-06-24,0.0,0.0
1962-06-25,0.0,0.0
1962-06-26,0.0,0.0
1962-06-27,0.0,0.0
1962-06-28,0.0,0.0
1962-06-29,0.0,0.0
1962-06-30,0.0,0.0
1962-07-01,0.0,0.0
1962-07-02,0.0,0.0
1962-07-03,0.0,0.0
1962-07-04,0.0,0.0
1962-07-05,0.0,0.0
1962-07-06,0.0,0.0
1962-07-07,7.3,0.2067
1962-07-08,0.6,0.017
1962-07-09,0.1,0.0028
1962-07-10,0.7,0.0198
1962-07-11,0.1,0.0028
1962-07-12,1.6,0.0453
1962-07-13,38.0,1.076
1962-07-14,2.6,0.0736
1962-07-15,0.5,0.0142
1962-07-16,0.6,0.017
1962-07-17,0.5,0.0142
1962-07-18,0.2,0.0057
1962-07-19,0.0,0.0
1962-07-20,0.0,0.0
1962-07-21,0.0,0.0
1962-07-22,0.0,0.0
1962-07-23,0.0,0.0
1962-07-24,0.0,0.0
1962-07-25,0.0,0.0
1962-07-26,190.0,5.3802
1962-07-27,35.0,0.9911
1962-07-28,11.0,0.3115
1962-07-29,83.0,2.3503
1962-07-30,61.0,1.7273
1962-07-31,21.0,0.5947
1962-08-01,220.0,6.2297
1962-08-02,46.0,1.3026
1962-08-03,7.8,0.2209
1962-08-04,3.8,0.1076
1962-08-05,2.4,0.068
1962-08-06,1.5,0.0425
1962-08-07,1.2,0.034
1962-08-08,0.8,0.0227
1962-08-09,0.5,0.0142
1962-08-10,0.3,0.0085
1962-08-11,0.2,0.0057
1962-08-12,0.1,0.0028
1962-08-13,0.1,0.0028
1962-08-14,0.0,0.0
1962-08-15,0.0,0.0
1962-08-16,0.0,0.0
1962-08-17,0.0,0.0
1962-08-18,0.0,0.0
1962-08-19,0.0,0.0
1962-08-20,0.0,0.0
1962-08-21,0.0,0.0
1962-08-22,0.0,0.0
1962-08-23,0.0,0.0
1962-08-24,0.0,0.0
1962-08-25,0.0,0.0
1962-08-26,0.0,0.0
1962-08-27,0.0,0.0
1962-08-28,0.0,0.0
1962-08-29,0.0,0.0
1962-08-30,0.0,0.0
1962-08-31,0.0,0.0
1962-09-01,0.0,0.0
1962-09-02,0.0,0.0
1962-09-03,0.0,0.0
1962-09-04,0.0,0.0
1962-09-05,2.7,0.0765
1962-09-06,3.2,0.0906
1962-09-07,1.1,0.0311
1962-09-08,0.4,0.0113
1962-09-09,0.1,0.0028
1962-09-10,0.0,0.0
1962-09-11,0.0,0.0
1962-09-12,0.0,0.0
1962-09-13,0.0,0.0
1962-09-14,0.0,0.0
1962-09-15,26.0,0.7362
1962-09-16,14.0,0.3964
1962-09-17,4.8,0.1359
1962-09-18,28.0,0.7929
1962-09-19,5.0,0.1416
1962-09-20,1.7,0.0481
1962-09-21,1.0,0.0283
1962-09-22,0.6,0.017
1962-09-23,0.4,0.0113
1962-09-24,0.3,0.0085
1962-09-25,0.5,0.0142
1962-09-26,0.7,0.0198
1962-09-27,0.9,0.0255
1962-09-28,0.9,0.0255
1962-09-29,0.9,0.0255
1962-09-30,0.7,0.0198
1962-10-01,0.5,0.0142
1962-10-02,0.4,0.0113
1962-10-03,0.3,0.0085
1962-10-04,0.2,0.0057
1962-10-05,0.4,0.0113
1962-10-06,0.4,0.0113
1962-10-07,0.3,0.0085
1962-10-08,0.3,0.0085
1962-10-09,0.2,0.0057
1962-10-10,0.1,0.0028
1962-10-11,0.1,0.0028
1962-10-12,0.1,0.0028
1962-10-13,0.1,0.0028
1962-10-14,0.1,0.0028
1962-10-15,0.0,0.0
1962-10-16,0.0,0.0
1962-10-17,0.0,0.0
1962-10-18,0.2,0.0057
1962-10-19,0.6,0.017
1962-10-20,0.6,0.017
1962-10-21,0.5,0.0142
1962-10-22,0.4,0.0113
1962-10-23,0.3,0.0085
1962-10-24,0.1,0.0028
1962-10-25,0.2,0.0057
1962-10-26,0.5,0.0142
1962-10-27,1.8,0.051
1962-10-28,1.0,0.0283
1962-10-29,0.8,0.0227
1962-10-30,0.7,0.0198
1962-10-31,0.7,0.0198
1962-11-01,0.8,0.0227
1962-11-02,1.0,0.0283
1962-11-03,1.1,0.0311
1962-11-04,1.1,0.0311
1962-11-05,0.7,0.0198
1962-11-06,0.8,0.0227
1962-11-07,0.7,0.0198
1962-11-08,0.7,0.0198
1962-11-09,0.8,0.0227
1962-11-10,0.8,0.0227
1962-11-11,0.9,0.0255
1962-11-12,0.9,0.0255
1962-11-13,0.9,0.0255
1962-11-14,1.0,0.0283
1962-11-15,1.0,0.0283
1962-11-16,1.1,0.0311
1962-11-17,1.1,0.0311
1962-11-18,1.1,0.0311
1962-11-19,1.2,0.034
1962-11-20,1.2,0.034
1962-11-21,1.4,0.0396
1962-11-22,1.4,0.0396
1962-11-23,1.4,0.0396
1962-11-24,1.3,0.0368
1962-11-25,1.4,0.0396
1962-11-26,1.4,0.0396
1962-11-27,1.4,0.0396
1962-11-28,1.4,0.0396
1962-11-29,1.4,0.0396
1962-11-30,1.5,0.0425
1962-12-01,1.7,0.0481
1962-12-02,1.8,0.051
1962-12-03,1.6,0.0453
1962-12-04,1.4,0.0396
1962-12-05,1.4,0.0396
1962-12-06,1.4,0.0396
1962-12-07,1.4,0.0396
1962-12-08,1.4,0.0396
1962-12-09,1.3,0.0368
1962-12-10,1.3,0.0368
1962-12-11,1.4,0.0396
1962-12-12,1.4,0.0396
1962-12-13,1.5,0.0425
1962-12-14,1.4,0.0396
1962-12-15,1.5,0.0425
1962-12-16,1.5,0.0425
1962-12-17,1.4,0.0396
1962-12-18,1.4,0.0396
1962-12-19,1.5,0.0425
1962-12-20,1.5,0.0425
1962-12-21,1.4,0.0396
1962-12-22,1.2,0.034
1962-12-23,1.2,0.034
1962-12-24,1.2,0.034
1962-12-25,1.4,0.0396
1962-12-26,1.5,0.0425
1962-12-27,1.5,0.0425
1962-12-28,1.6,0.0453
1962-12-29,1.5,0.0425
1962-12-30,1.4,0.0396
1962-12-31,1.4,0.0396
1963-01-01,1.4,0.0396
1963-01-02,1.4,0.0396
1963-01-03,1.4,0.0396
1963-01-04,1.4,0.0396
1963-01-05,1.4,0.0396
1963-01-06,1.4,0.0396
1963-01-07,1.4,0.0396
1963-01-08,1.5,0.0425
1963-01-09,1.6,0.0453
1963-01-10,1.5,0.0425
1963-01-11,1.5,0.0425
1963-01-12,1.4,0.0396
1963-01-13,1.5,0.0425
1963-01-14,1.6,0.0453
1963-01-15,1.7,0.0481
1963-01-16,1.7,0.0481
1963-01-17,1.8,0.051
1963-01-18,1.9,0.0538
1963-01-19,1.8,0.051
1963-01-20,1.5,0.0425
1963-01-21,1.6,0.0453
1963-01-22,1.7,0.0481
1963-01-23,1.6,0.0453
1963-01-24,1.6,0.0453
1963-01-25,1.6,0.0453
1963-01-26,1.5,0.0425
1963-01-27,1.6,0.0453
1963-01-28,1.6,0.0453
1963-01-29,1.5,0.0425
1963-01-30,1.6,0.0453
1963-01-31,1.7,0.0481
1963-02-01,1.5,0.0425
1963-02-02,1.4,0.0396
1963-02-03,1.3,0.0368
1963-02-04,1.4,0.0396
1963-02-05,1.3,0.0368
1963-02-06,1.4,0.0396
1963-02-07,1.4,0.0396
1963-02-08,1.4,0.0396
1963-02-09,1.4,0.0396
1963-02-10,1.4,0.0396
1963-02-11,1.7,0.0481
1963-02-12,1.6,0.0453
1963-02-13,1.7,0.0481
1963-02-14,1.7,0.0481
1963-02-15,1.7,0.0481
1963-02-16,1.7,0.0481
1963-02-17,1.7,0.0481
1963-02-18,1.7,0.0481
1963-02-19,1.5,0.0425
1963-02-20,1.4,0.0396
1963-02-21,1.4,0.0396
1963-02-22,1.4,0.0396
1963-02-23,1.2,0.034
1963-02-24,1.2,0.034
1963-02-25,1.1,0.0311
1963-02-26,1.2,0.034
1963-02-27,1.3,0.0368
1963-02-28,1.2,0.034
1963-03-01,1.1,0.0311
1963-03-02,1.2,0.034
1963-03-03,1.1,0.0311
1963-03-04,1.1,0.0311
1963-03-05,1.1,0.0311
1963-03-06,1.3,0.0368
1963-03-07,1.2,0.034
1963-03-08,1.2,0.034
1963-03-09,1.2,0.034
1963-03-10,1.2,0.034
1963-03-11,1.1,0.0311
1963-03-12,0.9,0.0255
1963-03-13,0.9,0.0255
1963-03-14,1.0,0.0283
1963-03-15,1.0,0.0283
1963-03-16,0.9,0.0255
1963-03-17,0.8,0.0227
1963-03-18,0.9,0.0255
1963-03-19,0.9,0.0255
1963-03-20,0.9,0.0255
1963-03-21,1.0,0.0283
1963-03-22,1.0,0.0283
1963-03-23,1.1,0.0311
1963-03-24,1.0,0.0283
1963-03-25,1.0,0.0283
1963-03-26,1.0,0.0283
1963-03-27,1.1,0.0311
1963-03-28,1.0,0.0283
1963-03-29,0.9,0.0255
1963-03-30,0.8,0.0227
1963-03-31,0.9,0.0255
1963-04-01,2.1,0.0595
1963-04-02,2.1,0.0595
1963-04-03,1.7,0.0481
1963-04-04,1.4,0.0396
1963-04-05,1.5,0.0425
1963-04-06,1.4,0.0396
1963-04-07,1.3,0.0368
1963-04-08,1.0,0.0283
1963-04-09,0.9,0.0255
1963-04-10,0.8,0.0227
1963-04-11,0.7,0.0198
1963-04-12,0.6,0.017
1963-04-13,0.4,0.0113
1963-04-14,0.4,0.0113
1963-04-15,0.5,0.0142
1963-04-16,2.2,0.0623
1963-04-17,0.9,0.0255
1963-04-18,0.4,0.0113
1963-04-19,0.2,0.0057
1963-04-20,0.1,0.0028
1963-04-21,0.1,0.0028
1963-04-22,0.1,0.0028
1963-04-23,0.1,0.0028
1963-04-24,0.1,0.0028
1963-04-25,0.0,0.0
1963-04-26,0.0,0.0
1963-04-27,0.0,0.0
1963-04-28,0.0,0.0
1963-04-29,0.0,0.0
1963-04-30,0.0,0.0
1963-05-01,0.0,0.0
1963-05-02,0.0,0.0
1963-05-03,0.0,0.0
1963-05-04,0.0,0.0
1963-05-05,0.0,0.0
1963-05-06,0.0,0.0
1963-05-07,0.0,0.0
1963-05-08,0.0,0.0
1963-05-09,0.0,0.0
1963-05-10,0.0,0.0
1963-05-11,0.0,0.0
1963-05-12,0.0,0.0
1963-05-13,0.0,0.0
1963-05-14,0.0,0.0
1963-05-15,0.0,0.0
1963-05-16,0.0,0.0
1963-05-17,0.0,0.0
1963-05-18,0.0,0.0
1963-05-19,0.0,0.0
1963-05-20,0.0,0.0
1963-05-21,0.0,0.0
1963-05-22,0.4,0.0113
1963-05-23,0.0,0.0
1963-05-24,0.0,0.0
1963-05-25,0.0,0.0
1963-05-26,0.0,0.0
1963-05-27,0.0,0.0
1963-05-28,0.0,0.0
1963-05-29,1.5,0.0425
1963-05-30,241.0,6.8243
1963-05-31,30.0,0.8495
1963-06-01,372.0,10.5338
1963-06-02,1960.0,55.5009
1963-06-03,83.0,2.3503
1963-06-04,60.0,1.699
1963-06-05,50.0,1.4158
1963-06-06,34.0,0.9628
1963-06-07,22.0,0.623
1963-06-08,7.9,0.2237
1963-06-09,5.4,0.1529
1963-06-10,4.5,0.1274
1963-06-11,4.1,0.1161
1963-06-12,3.7,0.1048
1963-06-13,3.4,0.0963
1963-06-14,48.0,1.3592
1963-06-15,20.0,0.5663
1963-06-16,12.0,0.3398
1963-06-17,5.3,0.1501
1963-06-18,4.1,0.1161
1963-06-19,6.6,0.1869
1963-06-20,12.0,0.3398
1963-06-21,56.0,1.5857
1963-06-22,11.0,0.3115
1963-06-23,4.5,0.1274
1963-06-24,3.1,0.0878
1963-06-25,110.0,3.1148
1963-06-26,17.0,0.4814
1963-06-27,6.0,0.1699
1963-06-28,3.5,0.0991
1963-06-29,2.5,0.0708
1963-06-30,2.1,0.0595
1963-07-01,1.7,0.0481
1963-07-02,1.7,0.0481
1963-07-03,1.6,0.0453
1963-07-04,24.0,0.6796
1963-07-05,3.7,0.1048
1963-07-06,2.0,0.0566
1963-07-07,11.0,0.3115
1963-07-08,321.0,9.0897
1963-07-09,28.0,0.7929
1963-07-10,12.0,0.3398
1963-07-11,7.5,0.2124
1963-07-12,5.3,0.1501
1963-07-13,4.4,0.1246
1963-07-14,7.7,0.218
1963-07-15,11.0,0.3115
1963-07-16,4.6,0.1303
1963-07-17,2.2,0.0623
1963-07-18,1.7,0.0481
1963-07-19,1.5,0.0425
1963-07-20,1.3,0.0368
1963-07-21,1.2,0.034
1963-07-22,1.0,0.0283
1963-07-23,0.8,0.0227
1963-07-24,0.7,0.0198
1963-07-25,0.6,0.017
1963-07-26,0.5,0.0142
1963-07-27,0.4,0.0113
1963-07-28,0.5,0.0142
1963-07-29,0.7,0.0198
1963-07-30,0.7,0.0198
1963-07-31,6.7,0.1897
1963-08-01,8.1,0.2294
1963-08-02,9.3,0.2633
1963-08-03,2.4,0.068
1963-08-04,1.9,0.0538
1963-08-05,1.1,0.0311
1963-08-06,1.3,0.0368
1963-08-07,3.0,0.085
1963-08-08,0.9,0.0255
1963-08-09,0.4,0.0113
1963-08-10,0.3,0.0085
1963-08-11,0.2,0.0057
1963-08-12,0.1,0.0028
1963-08-13,39.0,1.1044
1963-08-14,9.2,0.2605
1963-08-15,2.1,0.0595
1963-08-16,1.4,0.0396
1963-08-17,0.8,0.0227
1963-08-18,4.0,0.1133
1963-08-19,44.0,1.2459
1963-08-20,18.0,0.5097
1963-08-21,7.2,0.2039
1963-08-22,3.3,0.0934
1963-08-23,5.2,0.1472
1963-08-24,4.5,0.1274
1963-08-25,1.8,0.051
1963-08-26,1.0,0.0283
1963-08-27,0.6,0.017
1963-08-28,0.4,0.0113
1963-08-29,0.8,0.0227
1963-08-30,243.0,6.881
1963-08-31,85.0,2.4069
1963-09-01,73.0,2.0671
1963-09-02,50.0,1.4158
1963-09-03,253.0,7.1642
1963-09-04,171.0,4.8422
1963-09-05,28.0,0.7929
1963-09-06,12.0,0.3398
1963-09-07,7.5,0.2124
1963-09-08,6.5,0.1841
1963-09-09,5.0,0.1416
1963-09-10,4.7,0.1331
1963-09-11,4.2,0.1189
1963-09-12,2.8,0.0793
1963-09-13,2.8,0.0793
1963-09-14,2.6,0.0736
1963-09-15,2.2,0.0623
1963-09-16,2.1,0.0595
1963-09-17,2.0,0.0566
1963-09-18,1.9,0.0538
1963-09-19,1.8,0.051
1963-09-20,1.7,0.0481
1963-09-21,1.7,0.0481
1963-09-22,1.6,0.0453
1963-09-23,1.5,0.0425
1963-09-24,1.4,0.0396
1963-09-25,1.5,0.0425
1963-09-26,1.4,0.0396
1963-09-27,1.3,0.0368
1963-09-28,1.3,0.0368
1963-09-29,1.2,0.034
1963-09-30,1.1,0.0311
1963-10-01,1.0,0.0283
1963-10-02,1.0,0.0283
1963-10-03,1.0,0.0283
1963-10-04,0.9,0.0255
1963-10-05,0.9,0.0255
1963-10-06,0.9,0.0255
1963-10-07,0.8,0.0227
1963-10-08,0.8,0.0227
1963-10-09,0.8,0.0227
1963-10-10,0.8,0.0227
1963-10-11,0.8,0.0227
1963-10-12,0.8,0.0227
1963-10-13,0.8,0.0227
1963-10-14,0.8,0.0227
1963-10-15,0.8,0.0227
1963-10-16,0.8,0.0227
1963-10-17,33.0,0.9345
1963-10-18,15.0,0.4248
1963-10-19,5.3,0.1501
1963-10-20,2.8,0.0793
1963-10-21,1.9,0.0538
1963-10-22,1.5,0.0425
1963-10-23,5.0,0.1416
1963-10-24,3.1,0.0878
1963-10-25,1.5,0.0425
1963-10-26,1.3,0.0368
1963-10-27,1.2,0.034
1963-10-28,1.2,0.034
1963-10-29,1.2,0.034
1963-10-30,1.2,0.034
1963-10-31,1.2,0.034
1963-11-01,1.0,0.0283
1963-11-02,1.1,0.0311
1963-11-03,1.0,0.0283
1963-11-04,1.1,0.0311
1963-11-05,1.0,0.0283
1963-11-06,0.9,0.0255
1963-11-07,1.0,0.0283
1963-11-08,1.1,0.0311
1963-11-09,1.2,0.034
1963-11-10,1.4,0.0396
1963-11-11,1.4,0.0396
1963-11-12,1.2,0.034
1963-11-13,1.2,0.034
1963-11-14,1.2,0.034
1963-11-15,1.2,0.034
1963-11-16,1.2,0.034
1963-11-17,1.1,0.0311
1963-11-18,1.1,0.0311
1963-11-19,1.3,0.0368
1963-11-20,1.4,0.0396
1963-11-21,1.5,0.0425
1963-11-22,1.4,0.0396
1963-11-23,1.5,0.0425
1963-11-24,1.5,0.0425
1963-11-25,1.6,0.0453
1963-11-26,1.7,0.0481
1963-11-27,1.7,0.0481
1963-11-28,1.7,0.0481
1963-11-29,1.7,0.0481
1963-11-30,1.8,0.051
1963-12-01,1.8,0.051
1963-12-02,1.8,0.051
1963-12-03,1.8,0.051
1963-12-04,1.8,0.051
1963-12-05,1.9,0.0538
1963-12-06,1.9,0.0538
1963-12-07,1.9,0.0538
1963-12-08,1.8,0.051
1963-12-09,1.5,0.0425
1963-12-10,1.9,0.0538
1963-12-11,1.9,0.0538
1963-12-12,1.9,0.0538
1963-12-13,2.0,0.0566
1963-12-14,2.0,0.0566
1963-12-15,2.0,0.0566
1963-12-16,1.9,0.0538
1963-12-17,1.9,0.0538
1963-12-18,1.9,0.0538
1963-12-19,1.9,0.0538
1963-12-20,1.9,0.0538
1963-12-21,1.9,0.0538
1963-12-22,1.9,0.0538
1963-12-23,1.9,0.0538
1963-12-24,1.9,0.0538
1963-12-25,1.9,0.0538
1963-12-26,1.9,0.0538
1963-12-27,1.8,0.051
1963-12-28,1.8,0.051
1963-12-29,1.8,0.051
1963-12-30,1.7,0.0481
1963-12-31,1.7,0.0481
1964-01-01,1.7,0.0481
1964-01-02,1.7,0.0481
1964-01-03,1.8,0.051
1964-01-04,1.8,0.051
1964-01-05,1.8,0.051
1964-01-06,1.8,0.051
1964-01-07,1.8,0.051
1964-01-08,1.8,0.051
1964-01-09,1.7,0.0481
1964-01-10,1.8,0.051
1964-01-11,1.8,0.051
1964-01-12,1.8,0.051
1964-01-13,1.8,0.051
1964-01-14,1.8,0.051
1964-01-15,1.8,0.051
1964-01-16,1.8,0.051
1964-01-17,1.8,0.051
1964-01-18,1.8,0.051
1964-01-19,1.7,0.0481
1964-01-20,1.7,0.0481
1964-01-21,1.7,0.0481
1964-01-22,1.7,0.0481
1964-01-23,1.7,0.0481
1964-01-24,1.7,0.0481
1964-01-25,1.7,0.0481
1964-01-26,1.7,0.0481
1964-01-27,1.7,0.0481
1964-01-28,1.7,0.0481
1964-01-29,1.7,0.0481
1964-01-30,1.7,0.0481
1964-01-31,1.8,0.051
1964-02-01,1.8,0.051
1964-02-02,1.8,0.051
1964-02-03,1.8,0.051
1964-02-04,1.8,0.051
1964-02-05,1.8,0.051
1964-02-06,1.8,0.051
1964-02-07,1.8,0.051
1964-02-08,1.8,0.051
1964-02-09,1.8,0.051
1964-02-10,1.8,0.051
1964-02-11,1.8,0.051
1964-02-12,1.9,0.0538
1964-02-13,1.9,0.0538
1964-02-14,1.9,0.0538
1964-02-15,1.7,0.0481
1964-02-16,1.7,0.0481
1964-02-17,1.8,0.051
1964-02-18,1.8,0.051
1964-02-19,1.8,0.051
1964-02-20,1.8,0.051
1964-02-21,1.9,0.0538
1964-02-22,2.0,0.0566
1964-02-23,2.0,0.0566
1964-02-24,2.0,0.0566
1964-02-25,2.0,0.0566
1964-02-26,1.9,0.0538
1964-02-27,1.9,0.0538
1964-02-28,1.7,0.0481
1964-02-29,1.7,0.0481
1964-03-01,1.7,0.0481
1964-03-02,1.7,0.0481
1964-03-03,1.7,0.0481
1964-03-04,1.6,0.0453
1964-03-05,1.6,0.0453
1964-03-06,1.6,0.0453
1964-03-07,1.5,0.0425
1964-03-08,1.5,0.0425
1964-03-09,1.5,0.0425
1964-03-10,1.5,0.0425
1964-03-11,1.5,0.0425
1964-03-12,1.5,0.0425
1964-03-13,1.5,0.0425
1964-03-14,1.5,0.0425
1964-03-15,1.5,0.0425
1964-03-16,1.5,0.0425
1964-03-17,1.5,0.0425
1964-03-18,2.2,0.0623
1964-03-19,2.4,0.068
1964-03-20,2.0,0.0566
1964-03-21,1.7,0.0481
1964-03-22,1.6,0.0453
1964-03-23,1.5,0.0425
1964-03-24,1.5,0.0425
1964-03-25,1.4,0.0396
1964-03-26,1.4,0.0396
1964-03-27,1.4,0.0396
1964-03-28,1.4,0.0396
1964-03-29,1.4,0.0396
1964-03-30,1.4,0.0396
1964-03-31,1.5,0.0425
1964-04-01,1.5,0.0425
1964-04-02,1.4,0.0396
1964-04-03,1.2,0.034
1964-04-04,1.2,0.034
1964-04-05,1.2,0.034
1964-04-06,1.2,0.034
1964-04-07,1.1,0.0311
1964-04-08,1.2,0.034
1964-04-09,1.2,0.034
1964-04-10,1.2,0.034
1964-04-11,1.2,0.034
1964-04-12,1.0,0.0283
1964-04-13,0.9,0.0255
1964-04-14,0.9,0.0255
1964-04-15,0.8,0.0227
1964-04-16,0.9,0.0255
1964-04-17,0.8,0.0227
1964-04-18,0.8,0.0227
1964-04-19,0.8,0.0227
1964-04-20,0.6,0.017
1964-04-21,0.6,0.017
1964-04-22,0.5,0.0142
1964-04-23,0.5,0.0142
1964-04-24,0.4,0.0113
1964-04-25,0.4,0.0113
1964-04-26,0.3,0.0085
1964-04-27,0.3,0.0085
1964-04-28,0.2,0.0057
1964-04-29,0.2,0.0057
1964-04-30,0.2,0.0057
1964-05-01,0.2,0.0057
1964-05-02,0.1,0.0028
1964-05-03,0.1,0.0028
1964-05-04,0.1,0.0028
1964-05-05,0.1,0.0028
1964-05-06,0.1,0.0028
1964-05-07,0.1,0.0028
1964-05-08,0.0,0.0
1964-05-09,0.0,0.0
1964-05-10,0.0,0.0
1964-05-11,0.0,0.0
1964-05-12,0.0,0.0
1964-05-13,0.0,0.0
1964-05-14,0.0,0.0
1964-05-15,0.4,0.0113
1964-05-16,0.1,0.0028
1964-05-17,0.0,0.0
1964-05-18,0.1,0.0028
1964-05-19,0.0,0.0
1964-05-20,0.2,0.0057
1964-05-21,0.5,0.0142
1964-05-22,25.0,0.7079
1964-05-23,6.6,0.1869
1964-05-24,0.8,0.0227
1964-05-25,0.1,0.0028
1964-05-26,11.0,0.3115
1964-05-27,2.3,0.0651
1964-05-28,0.1,0.0028
1964-05-29,0.3,0.0085
1964-05-30,0.1,0.0028
1964-05-31,0.0,0.0
1964-06-01,0.0,0.0
1964-06-02,0.0,0.0
1964-06-03,0.0,0.0
1964-06-04,0.0,0.0
1964-06-05,0.0,0.0
1964-06-06,0.0,0.0
1964-06-07,0.0,0.0
1964-06-08,0.0,0.0
1964-06-09,0.0,0.0
1964-06-10,0.0,0.0
1964-06-11,20.0,0.5663
1964-06-12,5.6,0.1586
1964-06-13,38.0,1.076
1964-06-14,57.0,1.6141
1964-06-15,17.0,0.4814
1964-06-16,4.7,0.1331
1964-06-17,1.8,0.051
1964-06-18,0.6,0.017
1964-06-19,0.3,0.0085
1964-06-20,0.1,0.0028
1964-06-21,0.0,0.0
1964-06-22,0.0,0.0
1964-06-23,0.0,0.0
1964-06-24,11.0,0.3115
1964-06-25,0.0,0.0
1964-06-26,0.0,0.0
1964-06-27,0.0,0.0
1964-06-28,0.0,0.0
1964-06-29,0.0,0.0
1964-06-30,0.0,0.0
1964-07-01,0.0,0.0
1964-07-02,0.0,0.0
1964-07-03,0.0,0.0
1964-07-04,0.0,0.0
1964-07-05,0.0,0.0
1964-07-06,0.0,0.0
1964-07-07,0.0,0.0
1964-07-08,0.0,0.0
1964-07-09,0.0,0.0
1964-07-10,0.0,0.0
1964-07-11,0.0,0.0
1964-07-12,6.8,0.1926
1964-07-13,0.8,0.0227
1964-07-14,0.0,0.0
1964-07-15,0.0,0.0
1964-07-16,0.0,0.0
1964-07-17,0.0,0.0
1964-07-18,0.0,0.0
1964-07-19,0.0,0.0
1964-07-20,0.0,0.0
1964-07-21,0.0,0.0
1964-07-22,0.0,0.0
1964-07-23,0.0,0.0
1964-07-24,0.0,0.0
1964-07-25,0.0,0.0
1964-07-26,0.0,0.0
1964-07-27,0.0,0.0
1964-07-28,0.0,0.0
1964-07-29,0.0,0.0
1964-07-30,0.0,0.0
1964-07-31,0.0,0.0
1964-08-01,0.0,0.0
1964-08-02,0.0,0.0
1964-08-03,0.0,0.0
1964-08-04,0.0,0.0
1964-08-05,0.0,0.0
1964-08-06,0.0,0.0
1964-08-07,0.0,0.0
1964-08-08,0.0,0.0
1964-08-09,0.0,0.0
1964-08-10,0.0,0.0
1964-08-11,0.0,0.0
1964-08-12,0.0,0.0
1964-08-13,0.0,0.0
1964-08-14,0.0,0.0
1964-08-15,0.0,0.0
1964-08-16,0.0,0.0
1964-08-17,0.0,0.0
1964-08-18,0.0,0.0
1964-08-19,69.0,1.9539
1964-08-20,3.4,0.0963
1964-08-21,0.0,0.0
1964-08-22,0.0,0.0
1964-08-23,0.0,0.0
1964-08-24,0.0,0.0
1964-08-25,0.0,0.0
1964-08-26,0.0,0.0
1964-08-27,0.0,0.0
1964-08-28,0.0,0.0
1964-08-29,0.0,0.0
1964-08-30,0.0,0.0
1964-08-31,0.0,0.0
1964-09-01,0.0,0.0
1964-09-02,0.0,0.0
1964-09-03,0.0,0.0
1964-09-04,0.0,0.0
1964-09-05,0.0,0.0
1964-09-06,0.0,0.0
1964-09-07,0.0,0.0
1964-09-08,0.0,0.0
1964-09-09,0.0,0.0
1964-09-10,0.0,0.0
1964-09-11,0.0,0.0
1964-09-12,0.0,0.0
1964-09-13,0.0,0.0
1964-09-14,23.0,0.6513
1964-09-15,0.6,0.017
1964-09-16,0.0,0.0
1964-09-17,0.0,0.0
1964-09-18,0.0,0.0
1964-09-19,0.0,0.0
1964-09-20,0.0,0.0
1964-09-21,0.0,0.0
1964-09-22,0.0,0.0
1964-09-23,0.0,0.0
1964-09-24,0.0,0.0
1964-09-25,0.0,0.0
1964-09-26,0.0,0.0
1964-09-27,0.0,0.0
1964-09-28,0.0,0.0
1964-09-29,0.0,0.0
1964-09-30,0.0,0.0
1964-10-01,0.0,0.0
1964-10-02,0.0,0.0
1964-10-03,0.0,0.0
1964-10-04,0.0,0.0
1964-10-05,0.0,0.0
1964-10-06,0.0,0.0
1964-10-07,0.0,0.0
1964-10-08,0.0,0.0
1964-10-09,0.0,0.0
1964-10-10,0.0,0.0
1964-10-11,0.0,0.0
1964-10-12,0.0,0.0
1964-10-13,0.0,0.0
1964-10-14,0.0,0.0
1964-10-15,0.0,0.0
1964-10-16,0.0,0.0
1964-10-17,0.0,0.0
1964-10-18,0.0,0.0
1964-10-19,0.0,0.0
1964-10-20,0.0,0.0
1964-10-21,0.0,0.0
1964-10-22,0.0,0.0
1964-10-23,0.0,0.0
1964-10-24,0.0,0.0
1964-10-25,0.0,0.0
1964-10-26,0.0,0.0
1964-10-27,0.0,0.0
1964-10-28,0.0,0.0
1964-10-29,0.0,0.0
1964-10-30,0.0,0.0
1964-10-31,0.0,0.0
1964-11-01,0.0,0.0
1964-11-02,0.0,0.0
1964-11-03,0.0,0.0
1964-11-04,0.0,0.0
1964-11-05,0.0,0.0
1964-11-06,0.0,0.0
1964-11-07,0.0,0.0
1964-11-08,0.0,0.0
1964-11-09,0.0,0.0
1964-11-10,0.0,0.0
1964-11-11,0.0,0.0
1964-11-12,0.0,0.0
1964-11-13,0.0,0.0
1964-11-14,0.0,0.0
1964-11-15,0.0,0.0
1964-11-16,0.0,0.0
1964-11-17,0.0,0.0
1964-11-18,0.0,0.0
1964-11-19,0.0,0.0
1964-11-20,0.0,0.0
1964-11-21,0.0,0.0
1964-11-22,0.0,0.0
1964-11-23,0.0,0.0
1964-11-24,0.0,0.0
1964-11-25,0.0,0.0
1964-11-26,0.0,0.0
1964-11-27,0.0,0.0
1964-11-28,0.0,0.0
1964-11-29,0.4,0.0113
1964-11-30,0.5,0.0142
1964-12-01,0.6,0.017
1964-12-02,0.6,0.017
1964-12-03,0.6,0.017
1964-12-04,0.6,0.017
1964-12-05,0.7,0.0198
1964-12-06,0.7,0.0198
1964-12-07,0.7,0.0198
1964-12-08,0.8,0.0227
1964-12-09,0.9,0.0255
1964-12-10,1.0,0.0283
1964-12-11,0.9,0.0255
1964-12-12,0.9,0.0255
1964-12-13,0.9,0.0255
1964-12-14,0.9,0.0255
1964-12-15,0.9,0.0255
1964-12-16,1.0,0.0283
1964-12-17,0.9,0.0255
1964-12-18,0.9,0.0255
1964-12-19,1.1,0.0311
1964-12-20,1.2,0.034
1964-12-21,1.2,0.034
1964-12-22,1.2,0.034
1964-12-23,1.2,0.034
1964-12-24,1.2,0.034
1964-12-25,1.1,0.0311
1964-12-26,1.0,0.0283
1964-12-27,1.0,0.0283
1964-12-28,1.0,0.0283
1964-12-29,1.0,0.0283
1964-12-30,1.0,0.0283
1964-12-31,1.0,0.0283
1965-01-01,1.0,0.0283
1965-01-02,1.1,0.0311
1965-01-03,1.0,0.0283
1965-01-04,1.2,0.034
1965-01-05,1.2,0.034
1965-01-06,1.3,0.0368
1965-01-07,1.0,0.0283
1965-01-08,0.3,0.0085
1965-01-09,0.1,0.0028
1965-01-10,0.1,0.0028
1965-01-11,0.0,0.0
1965-01-12,0.0,0.0
1965-01-13,0.5,0.0142
1965-01-14,0.7,0.0198
1965-01-15,1.1,0.0311
1965-01-16,0.4,0.0113
1965-01-17,0.1,0.0028
1965-01-18,0.1,0.0028
1965-01-19,0.0,0.0
1965-01-20,0.0,0.0
1965-01-21,0.0,0.0
1965-01-22,0.0,0.0
1965-01-23,0.0,0.0
1965-01-24,0.0,0.0
1965-01-25,0.4,0.0113
1965-01-26,0.8,0.0227
1965-01-27,0.3,0.0085
1965-01-28,0.1,0.0028
1965-01-29,0.0,0.0
1965-01-30,0.0,0.0
1965-01-31,0.0,0.0
1965-02-01,0.0,0.0
1965-02-02,0.0,0.0
1965-02-03,0.0,0.0
1965-02-04,0.0,0.0
1965-02-05,0.0,0.0
1965-02-06,0.0,0.0
1965-02-07,0.0,0.0
1965-02-08,0.0,0.0
1965-02-09,0.0,0.0
1965-02-10,0.0,0.0
1965-02-11,0.0,0.0
1965-02-12,0.0,0.0
1965-02-13,0.0,0.0
1965-02-14,0.0,0.0
1965-02-15,0.0,0.0
1965-02-16,0.0,0.0
1965-02-17,0.0,0.0
1965-02-18,0.0,0.0
1965-02-19,0.0,0.0
1965-02-20,0.0,0.0
1965-02-21,1.0,0.0283
1965-02-22,1.1,0.0311
1965-02-23,1.1,0.0311
1965-02-24,1.1,0.0311
1965-02-25,1.2,0.034
1965-02-26,1.2,0.034
1965-02-27,1.2,0.034
1965-02-28,1.2,0.034
1965-03-01,1.1,0.0311
1965-03-02,1.2,0.034
1965-03-03,1.4,0.0396
1965-03-04,1.4,0.0396
1965-03-05,1.4,0.0396
1965-03-06,1.3,0.0368
1965-03-07,1.3,0.0368
1965-03-08,1.2,0.034
1965-03-09,1.2,0.034
1965-03-10,1.3,0.0368
1965-03-11,1.3,0.0368
1965-03-12,1.3,0.0368
1965-03-13,1.2,0.034
1965-03-14,1.2,0.034
1965-03-15,1.2,0.034
1965-03-16,1.1,0.0311
1965-03-17,1.0,0.0283
1965-03-18,1.0,0.0283
1965-03-19,1.1,0.0311
1965-03-20,1.2,0.034
1965-03-21,1.2,0.034
1965-03-22,1.2,0.034
1965-03-23,1.2,0.034
1965-03-24,1.2,0.034
1965-03-25,0.9,0.0255
1965-03-26,1.2,0.034
1965-03-27,1.2,0.034
1965-03-28,1.2,0.034
1965-03-29,1.1,0.0311
1965-03-30,0.2,0.0057
1965-03-31,1.2,0.034
1965-04-01,1.4,0.0396
1965-04-02,1.4,0.0396
1965-04-03,0.8,0.0227
1965-04-04,0.3,0.0085
1965-04-05,1.0,0.0283
1965-04-06,0.9,0.0255
1965-04-07,0.9,0.0255
1965-04-08,0.9,0.0255
1965-04-09,0.9,0.0255
1965-04-10,0.9,0.0255
1965-04-11,0.8,0.0227
1965-04-12,0.7,0.0198
1965-04-13,0.7,0.0198
1965-04-14,0.7,0.0198
1965-04-15,0.7,0.0198
1965-04-16,0.7,0.0198
1965-04-17,0.6,0.017
1965-04-18,0.6,0.017
1965-04-19,0.5,0.0142
1965-04-20,0.5,0.0142
1965-04-21,0.4,0.0113
1965-04-22,0.4,0.0113
1965-04-23,0.3,0.0085
1965-04-24,0.3,0.0085
1965-04-25,0.2,0.0057
1965-04-26,0.2,0.0057
1965-04-27,0.2,0.0057
1965-04-28,0.3,0.0085
1965-04-29,0.3,0.0085
1965-04-30,0.3,0.0085
1965-05-01,0.3,0.0085
1965-05-02,0.2,0.0057
1965-05-03,0.1,0.0028
1965-05-04,0.1,0.0028
1965-05-05,0.0,0.0
1965-05-06,0.0,0.0
1965-05-07,0.0,0.0
1965-05-08,0.0,0.0
1965-05-09,0.0,0.0
1965-05-10,0.0,0.0
1965-05-11,0.0,0.0
1965-05-12,0.0,0.0
1965-05-13,0.0,0.0
1965-05-14,0.0,0.0
1965-05-15,0.0,0.0
1965-05-16,1.8,0.051
1965-05-17,0.0,0.0
1965-05-18,0.0,0.0
1965-05-19,0.0,0.0
1965-05-20,0.0,0.0
1965-05-21,0.0,0.0
1965-05-22,0.0,0.0
1965-05-23,0.0,0.0
1965-05-24,0.0,0.0
1965-05-25,0.0,0.0
1965-05-26,0.0,0.0
1965-05-27,0.0,0.0
1965-05-28,0.0,0.0
1965-05-29,0.0,0.0
1965-05-30,405.0,11.4683
1965-05-31,77.0,2.1804
1965-06-01,5.6,0.1586
1965-06-02,2.0,0.0566
1965-06-03,0.9,0.0255
1965-06-04,0.4,0.0113
1965-06-05,0.2,0.0057
1965-06-06,0.1,0.0028
1965-06-07,0.0,0.0
1965-06-08,8.3,0.235
1965-06-09,15.0,0.4248
1965-06-10,215.0,6.0881
1965-06-11,537.0,15.2061
1965-06-12,34.0,0.9628
1965-06-13,13.0,0.3681
1965-06-14,7.8,0.2209
1965-06-15,5.2,0.1472
1965-06-16,3.8,0.1076
1965-06-17,3.0,0.085
1965-06-18,2.6,0.0736
1965-06-19,2.5,0.0708
1965-06-20,2.9,0.0821
1965-06-21,2.7,0.0765
1965-06-22,2.5,0.0708
1965-06-23,2.1,0.0595
1965-06-24,2.0,0.0566
1965-06-25,30.0,0.8495
1965-06-26,40.0,1.1327
1965-06-27,7.8,0.2209
1965-06-28,3.5,0.0991
1965-06-29,2.1,0.0595
1965-06-30,1.3,0.0368
1965-07-01,1.1,0.0311
1965-07-02,0.9,0.0255
1965-07-03,0.5,0.0142
1965-07-04,0.3,0.0085
1965-07-05,0.1,0.0028
1965-07-06,0.0,0.0
1965-07-07,0.0,0.0
1965-07-08,0.0,0.0
1965-07-09,0.0,0.0
1965-07-10,0.0,0.0
1965-07-11,1.0,0.0283
1965-07-12,0.6,0.017
1965-07-13,0.2,0.0057
1965-07-14,0.0,0.0
1965-07-15,0.0,0.0
1965-07-16,0.0,0.0
1965-07-17,0.0,0.0
1965-07-18,0.0,0.0
1965-07-19,0.0,0.0
1965-07-20,0.0,0.0
1965-07-21,0.0,0.0
1965-07-22,0.0,0.0
1965-07-23,0.0,0.0
1965-07-24,0.0,0.0
1965-07-25,0.0,0.0
1965-07-26,0.0,0.0
1965-07-27,0.0,0.0
1965-07-28,7.8,0.2209
1965-07-29,1090.0,30.8653
1965-07-30,89.0,2.5202
1965-07-31,16.0,0.4531
1965-08-01,4.6,0.1303
1965-08-02,2.7,0.0765
1965-08-03,1.9,0.0538
1965-08-04,1.3,0.0368
1965-08-05,0.9,0.0255
1965-08-06,0.6,0.017
1965-08-07,0.5,0.0142
1965-08-08,0.3,0.0085
1965-08-09,0.2,0.0057
1965-08-10,0.2,0.0057
1965-08-11,0.2,0.0057
1965-08-12,0.1,0.0028
1965-08-13,0.1,0.0028
1965-08-14,0.1,0.0028
1965-08-15,0.1,0.0028
1965-08-16,5.0,0.1416
1965-08-17,83.0,2.3503
1965-08-18,22.0,0.623
1965-08-19,6.7,0.1897
1965-08-20,3.1,0.0878
1965-08-21,5.7,0.1614
1965-08-22,208.0,5.8899
1965-08-23,27.0,0.7646
1965-08-24,14.0,0.3964
1965-08-25,13.0,0.3681
1965-08-26,6.7,0.1897
1965-08-27,3.5,0.0991
1965-08-28,2.2,0.0623
1965-08-29,1.6,0.0453
1965-08-30,1.2,0.034
1965-08-31,1.0,0.0283
1965-09-01,29.0,0.8212
1965-09-02,7.5,0.2124
1965-09-03,2.4,0.068
1965-09-04,1.4,0.0396
1965-09-05,1.0,0.0283
1965-09-06,1.2,0.034
1965-09-07,0.9,0.0255
1965-09-08,0.6,0.017
1965-09-09,0.5,0.0142
1965-09-10,0.4,0.0113
1965-09-11,0.3,0.0085
1965-09-12,0.2,0.0057
1965-09-13,0.2,0.0057
1965-09-14,0.1,0.0028
1965-09-15,0.1,0.0028
1965-09-16,0.0,0.0
1965-09-17,127.0,3.5962
1965-09-18,32.0,0.9061
1965-09-19,32.0,0.9061
1965-09-20,7.8,0.2209
1965-09-21,3.1,0.0878
1965-09-22,1.9,0.0538
1965-09-23,1.3,0.0368
1965-09-24,956.0,27.0709
1965-09-25,87.0,2.4636
1965-09-26,18.0,0.5097
1965-09-27,9.8,0.2775
1965-09-28,6.0,0.1699
1965-09-29,4.0,0.1133
1965-09-30,3.0,0.085
1965-10-01,2.6,0.0736
1965-10-02,2.2,0.0623
1965-10-03,2.1,0.0595
1965-10-04,2.0,0.0566
1965-10-05,1.7,0.0481
1965-10-06,1.6,0.0453
1965-10-07,1.5,0.0425
1965-10-08,1.2,0.034
1965-10-09,1.2,0.034
1965-10-10,1.0,0.0283
1965-10-11,1.0,0.0283
1965-10-12,0.2,0.0057
1965-10-13,0.0,0.0
1965-10-14,0.0,0.0
1965-10-15,0.0,0.0
1965-10-16,0.0,0.0
1965-10-17,0.0,0.0
1965-10-18,0.0,0.0
1965-10-19,0.0,0.0
1965-10-20,0.0,0.0
1965-10-21,0.0,0.0
1965-10-22,0.0,0.0
1965-10-23,0.0,0.0
1965-10-24,0.0,0.0
1965-10-25,0.0,0.0
1965-10-26,0.0,0.0
1965-10-27,0.0,0.0
1965-10-28,0.0,0.0
1965-10-29,0.0,0.0
1965-10-30,0.0,0.0
1965-10-31,0.0,0.0
1965-11-01,0.0,0.0
1965-11-02,0.0,0.0
1965-11-03,0.0,0.0
1965-11-04,0.0,0.0
1965-11-05,0.0,0.0
1965-11-06,0.0,0.0
1965-11-07,0.0,0.0
1965-11-08,0.0,0.0
1965-11-09,108.0,3.0582
1965-11-10,80.0,2.2653
1965-11-11,13.0,0.3681
1965-11-12,3.7,0.1048
1965-11-13,1.6,0.0453
1965-11-14,1.0,0.0283
1965-11-15,0.7,0.0198
1965-11-16,0.6,0.017
1965-11-17,0.3,0.0085
1965-11-18,0.0,0.0
1965-11-19,1.0,0.0283
1965-11-20,1.5,0.0425
1965-11-21,0.3,0.0085
1965-11-22,0.0,0.0
1965-11-23,0.0,0.0
1965-11-24,0.0,0.0
1965-11-25,0.0,0.0
1965-11-26,0.0,0.0
1965-11-27,0.0,0.0
1965-11-28,0.0,0.0
1965-11-29,0.0,0.0
1965-11-30,0.1,0.0028
1965-12-01,0.4,0.0113
1965-12-02,1.5,0.0425
1965-12-03,0.1,0.0028
1965-12-04,0.0,0.0
1965-12-05,0.1,0.0028
1965-12-06,0.0,0.0
1965-12-07,0.1,0.0028
1965-12-08,0.0,0.0
1965-12-09,0.0,0.0
1965-12-10,0.0,0.0
1965-12-11,0.0,0.0
1965-12-12,0.0,0.0
1965-12-13,0.0,0.0
1965-12-14,0.0,0.0
1965-12-15,0.1,0.0028
1965-12-16,0.1,0.0028
1965-12-17,0.1,0.0028
1965-12-18,0.1,0.0028
1965-12-19,0.1,0.0028
1965-12-20,0.1,0.0028
1965-12-21,0.1,0.0028
1965-12-22,0.1,0.0028
1965-12-23,0.3,0.0085
1965-12-24,0.2,0.0057
1965-12-25,0.1,0.0028
1965-12-26,0.1,0.0028
1965-12-27,0.2,0.0057
1965-12-28,0.3,0.0085
1965-12-29,0.3,0.0085
1965-12-30,0.4,0.0113
1965-12-31,0.4,0.0113
1966-01-01,0.4,0.0113
1966-01-02,0.7,0.0198
1966-01-03,1.1,0.0311
1966-01-04,0.4,0.0113
1966-01-05,0.1,0.0028
1966-01-06,0.1,0.0028
1966-01-07,0.1,0.0028
1966-01-08,0.1,0.0028
1966-01-09,0.2,0.0057
1966-01-10,0.3,0.0085
1966-01-11,0.9,0.0255
1966-01-12,1.9,0.0538
1966-01-13,2.0,0.0566
1966-01-14,2.0,0.0566
1966-01-15,2.0,0.0566
1966-01-16,2.1,0.0595
1966-01-17,2.0,0.0566
1966-01-18,2.0,0.0566
1966-01-19,1.8,0.051
1966-01-20,1.7,0.0481
1966-01-21,1.7,0.0481
1966-01-22,1.7,0.0481
1966-01-23,1.7,0.0481
1966-01-24,0.7,0.0198
1966-01-25,0.1,0.0028
1966-01-26,0.1,0.0028
1966-01-27,0.1,0.0028
1966-01-28,0.1,0.0028
1966-01-29,0.1,0.0028
1966-01-30,0.1,0.0028
1966-01-31,0.1,0.0028
1966-02-01,0.0,0.0
1966-02-02,0.1,0.0028
1966-02-03,0.1,0.0028
1966-02-04,0.1,0.0028
1966-02-05,0.1,0.0028
1966-02-06,0.1,0.0028
1966-02-07,0.1,0.0028
1966-02-08,0.0,0.0
1966-02-09,0.1,0.0028
1966-02-10,0.1,0.0028
1966-02-11,0.1,0.0028
1966-02-12,0.8,0.0227
1966-02-13,0.2,0.0057
1966-02-14,0.1,0.0028
1966-02-15,0.1,0.0028
1966-02-16,0.1,0.0028
1966-02-17,0.1,0.0028
1966-02-18,0.1,0.0028
1966-02-19,0.1,0.0028
1966-02-20,0.1,0.0028
1966-02-21,0.1,0.0028
1966-02-22,0.1,0.0028
1966-02-23,0.1,0.0028
1966-02-24,0.2,0.0057
1966-02-25,0.1,0.0028
1966-02-26,0.1,0.0028
1966-02-27,0.1,0.0028
1966-02-28,0.1,0.0028
1966-03-01,0.1,0.0028
1966-03-02,0.1,0.0028
1966-03-03,0.0,0.0
1966-03-04,0.0,0.0
1966-03-05,0.0,0.0
1966-03-06,0.1,0.0028
1966-03-07,0.1,0.0028
1966-03-08,0.1,0.0028
1966-03-09,0.1,0.0028
1966-03-10,0.1,0.0028
1966-03-11,0.1,0.0028
1966-03-12,0.1,0.0028
1966-03-13,0.0,0.0
1966-03-14,0.0,0.0
1966-03-15,0.0,0.0
1966-03-16,0.0,0.0
1966-03-17,0.0,0.0
1966-03-18,0.1,0.0028
1966-03-19,1.2,0.034
1966-03-20,1.4,0.0396
1966-03-21,1.5,0.0425
1966-03-22,1.4,0.0396
1966-03-23,1.2,0.034
1966-03-24,1.2,0.034
1966-03-25,1.5,0.0425
1966-03-26,1.7,0.0481
1966-03-27,1.7,0.0481
1966-03-28,1.7,0.0481
1966-03-29,1.7,0.0481
1966-03-30,1.6,0.0453
1966-03-31,1.5,0.0425
1966-04-01,1.2,0.034
1966-04-02,1.2,0.034
1966-04-03,1.2,0.034
1966-04-04,1.2,0.034
1966-04-05,1.2,0.034
1966-04-06,1.2,0.034
1966-04-07,1.2,0.034
1966-04-08,1.2,0.034
1966-04-09,1.2,0.034
1966-04-10,1.2,0.034
1966-04-11,1.0,0.0283
1966-04-12,0.9,0.0255
1966-04-13,0.9,0.0255
1966-04-14,0.9,0.0255
1966-04-15,0.9,0.0255
1966-04-16,0.9,0.0255
1966-04-17,0.9,0.0255
1966-04-18,0.9,0.0255
1966-04-19,0.8,0.0227
1966-04-20,0.7,0.0198
1966-04-21,0.5,0.0142
1966-04-22,1.0,0.0283
1966-04-23,1.0,0.0283
1966-04-24,708.0,20.0483
1966-04-25,167.0,4.7289
1966-04-26,26.0,0.7362
1966-04-27,5.9,0.1671
1966-04-28,2.1,0.0595
1966-04-29,1.2,0.034
1966-04-30,0.7,0.0198
1966-05-01,0.8,0.0227
1966-05-02,0.6,0.017
1966-05-03,0.4,0.0113
1966-05-04,0.3,0.0085
1966-05-05,0.3,0.0085
1966-05-06,0.3,0.0085
1966-05-07,0.3,0.0085
1966-05-08,0.2,0.0057
1966-05-09,0.2,0.0057
1966-05-10,0.2,0.0057
1966-05-11,0.1,0.0028
1966-05-12,0.0,0.0
1966-05-13,0.0,0.0
1966-05-14,0.0,0.0
1966-05-15,0.3,0.0085
1966-05-16,0.7,0.0198
1966-05-17,0.6,0.017
1966-05-18,0.6,0.017
1966-05-19,0.6,0.017
1966-05-20,0.6,0.017
1966-05-21,0.5,0.0142
1966-05-22,0.4,0.0113
1966-05-23,0.2,0.0057
1966-05-24,0.1,0.0028
1966-05-25,0.0,0.0
1966-05-26,0.0,0.0
1966-05-27,67.0,1.8972
1966-05-28,12.0,0.3398
1966-05-29,3.0,0.085
1966-05-30,1.6,0.0453
1966-05-31,1.2,0.034
1966-06-01,8.4,0.2379
1966-06-02,5.1,0.1444
1966-06-03,3.8,0.1076
1966-06-04,2.4,0.068
1966-06-05,1.1,0.0311
1966-06-06,0.7,0.0198
1966-06-07,0.5,0.0142
1966-06-08,0.3,0.0085
1966-06-09,192.0,5.4368
1966-06-10,909.0,25.74
1966-06-11,1660.0,47.0059
1966-06-12,56.0,1.5857
1966-06-13,20.0,0.5663
1966-06-14,21.0,0.5947
1966-06-15,19.0,0.538
1966-06-16,11.0,0.3115
1966-06-17,8.7,0.2464
1966-06-18,7.7,0.218
1966-06-19,7.1,0.201
1966-06-20,6.5,0.1841
1966-06-21,6.3,0.1784
1966-06-22,9.7,0.2747
1966-06-23,8.8,0.2492
1966-06-24,5.6,0.1586
1966-06-25,4.7,0.1331
1966-06-26,5.2,0.1472
1966-06-27,9.3,0.2633
1966-06-28,6.3,0.1784
1966-06-29,48.0,1.3592
1966-06-30,15.0,0.4248
1966-07-01,5.6,0.1586
1966-07-02,7.1,0.201
1966-07-03,16.0,0.4531
1966-07-04,2.4,0.068
1966-07-05,1.3,0.0368
1966-07-06,0.8,0.0227
1966-07-07,0.6,0.017
1966-07-08,0.5,0.0142
1966-07-09,0.5,0.0142
1966-07-10,0.5,0.0142
1966-07-11,0.3,0.0085
1966-07-12,0.3,0.0085
1966-07-13,0.3,0.0085
1966-07-14,0.2,0.0057
1966-07-15,0.2,0.0057
1966-07-16,0.1,0.0028
1966-07-17,0.1,0.0028
1966-07-18,0.4,0.0113
1966-07-19,0.1,0.0028
1966-07-20,0.0,0.0
1966-07-21,0.0,0.0
1966-07-22,0.0,0.0
1966-07-23,0.0,0.0
1966-07-24,0.0,0.0
1966-07-25,0.0,0.0
1966-07-26,0.0,0.0
1966-07-27,0.0,0.0
1966-07-28,0.0,0.0
1966-07-29,0.0,0.0
1966-07-30,0.0,0.0
1966-07-31,0.0,0.0
1966-08-01,0.0,0.0
1966-08-02,0.0,0.0
1966-08-03,0.0,0.0
1966-08-04,0.0,0.0
1966-08-05,0.0,0.0
1966-08-06,147.0,4.1626
1966-08-07,21.0,0.5947
1966-08-08,610.0,17.2732
1966-08-09,85.0,2.4069
1966-08-10,20.0,0.5663
1966-08-11,9.6,0.2718
1966-08-12,6.0,0.1699
1966-08-13,67.0,1.8972
1966-08-14,13.0,0.3681
1966-08-15,6.5,0.1841
1966-08-16,4.1,0.1161
1966-08-17,3.2,0.0906
1966-08-18,11.0,0.3115
1966-08-19,5.4,0.1529
1966-08-20,72.0,2.0388
1966-08-21,22.0,0.623
1966-08-22,2500.0,70.792
1966-08-23,5240.0,148.38
1966-08-24,908.0,25.7117
1966-08-25,159.0,4.5024
1966-08-26,66.0,1.8689
1966-08-27,37.0,1.0477
1966-08-28,23.0,0.6513
1966-08-29,18.0,0.5097
1966-08-30,16.0,0.4531
1966-08-31,30.0,0.8495
1966-09-01,24.0,0.6796
1966-09-02,16.0,0.4531
1966-09-03,16.0,0.4531
1966-09-04,11.0,0.3115
1966-09-05,9.7,0.2747
1966-09-06,8.8,0.2492
1966-09-07,8.2,0.2322
1966-09-08,8.5,0.2407
1966-09-09,18.0,0.5097
1966-09-10,11.0,0.3115
1966-09-11,8.8,0.2492
1966-09-12,7.6,0.2152
1966-09-13,6.8,0.1926
1966-09-14,6.6,0.1869
1966-09-15,7.1,0.201
1966-09-16,6.8,0.1926
1966-09-17,6.3,0.1784
1966-09-18,6.1,0.1727
1966-09-19,6.1,0.1727
1966-09-20,5.9,0.1671
1966-09-21,5.6,0.1586
1966-09-22,5.4,0.1529
1966-09-23,5.1,0.1444
1966-09-24,5.1,0.1444
1966-09-25,5.1,0.1444
1966-09-26,4.9,0.1388
1966-09-27,4.6,0.1303
1966-09-28,4.6,0.1303
1966-09-29,4.6,0.1303
1966-09-30,4.4,0.1246
1966-10-01,4.4,0.1246
1966-10-02,4.4,0.1246
1966-10-03,4.4,0.1246
1966-10-04,4.1,0.1161
1966-10-05,4.4,0.1246
1966-10-06,4.6,0.1303
1966-10-07,4.6,0.1303
1966-10-08,4.3,0.1218
1966-10-09,3.9,0.1104
1966-10-10,3.7,0.1048
1966-10-11,3.7,0.1048
1966-10-12,3.7,0.1048
1966-10-13,3.3,0.0934
1966-10-14,3.1,0.0878
1966-10-15,3.1,0.0878
1966-10-16,3.3,0.0934
1966-10-17,3.4,0.0963
1966-10-18,3.3,0.0934
1966-10-19,3.0,0.085
1966-10-20,3.1,0.0878
1966-10-21,3.2,0.0906
1966-10-22,3.1,0.0878
1966-10-23,3.0,0.085
1966-10-24,2.8,0.0793
1966-10-25,2.8,0.0793
1966-10-26,2.8,0.0793
1966-10-27,2.8,0.0793
1966-10-28,2.8,0.0793
1966-10-29,2.7,0.0765
1966-10-30,2.7,0.0765
1966-10-31,2.7,0.0765
1966-11-01,2.6,0.0736
1966-11-02,2.7,0.0765
1966-11-03,2.8,0.0793
1966-11-04,2.8,0.0793
1966-11-05,2.7,0.0765
1966-11-06,2.7,0.0765
1966-11-07,2.7,0.0765
1966-11-08,2.7,0.0765
1966-11-09,2.7,0.0765
1966-11-10,2.7,0.0765
1966-11-11,2.7,0.0765
1966-11-12,2.7,0.0765
1966-11-13,2.7,0.0765
1966-11-14,2.7,0.0765
1966-11-15,2.8,0.0793
1966-11-16,2.8,0.0793
1966-11-17,2.8,0.0793
1966-11-18,2.7,0.0765
1966-11-19,2.7,0.0765
1966-11-20,2.8,0.0793
1966-11-21,2.9,0.0821
1966-11-22,2.9,0.0821
1966-11-23,2.8,0.0793
1966-11-24,2.9,0.0821
1966-11-25,3.0,0.085
1966-11-26,2.9,0.0821
1966-11-27,2.7,0.0765
1966-11-28,2.7,0.0765
1966-11-29,2.8,0.0793
1966-11-30,2.8,0.0793
1966-12-01,2.9,0.0821
1966-12-02,2.8,0.0793
1966-12-03,2.8,0.0793
1966-12-04,2.9,0.0821
1966-12-05,3.0,0.085
1966-12-06,2.9,0.0821
1966-12-07,2.7,0.0765
1966-12-08,1.7,0.0481
1966-12-09,1.4,0.0396
1966-12-10,2.5,0.0708
1966-12-11,2.8,0.0793
1966-12-12,2.9,0.0821
1966-12-13,3.0,0.085
1966-12-14,3.0,0.085
1966-12-15,3.0,0.085
1966-12-16,3.0,0.085
1966-12-17,3.0,0.085
1966-12-18,3.0,0.085
1966-12-19,3.0,0.085
1966-12-20,3.1,0.0878
1966-12-21,3.1,0.0878
1966-12-22,3.0,0.085
1966-12-23,2.9,0.0821
1966-12-24,2.9,0.0821
1966-12-25,3.1,0.0878
1966-12-26,3.2,0.0906
1966-12-27,3.1,0.0878
1966-12-28,3.0,0.085
1966-12-29,2.7,0.0765
1966-12-30,3.0,0.085
1966-12-31,3.1,0.0878
1967-01-01,3.0,0.085
1967-01-02,2.5,0.0708
1967-01-03,2.5,0.0708
1967-01-04,3.0,0.085
1967-01-05,2.3,0.0651
1967-01-06,0.7,0.0198
1967-01-07,1.1,0.0311
1967-01-08,1.0,0.0283
1967-01-09,0.56,0.0159
1967-01-10,0.38,0.0108
1967-01-11,0.56,0.0159
1967-01-12,0.77,0.0218
1967-01-13,0.63,0.0178
1967-01-14,0.5,0.0142
1967-01-15,0.77,0.0218
1967-01-16,2.1,0.0595
1967-01-17,0.56,0.0159
1967-01-18,0.44,0.0125
1967-01-19,0.56,0.0159
1967-01-20,0.5,0.0142
1967-01-21,0.32,0.0091
1967-01-22,0.32,0.0091
1967-01-23,0.32,0.0091
1967-01-24,1.6,0.0453
1967-01-25,0.56,0.0159
1967-01-26,0.32,0.0091
1967-01-27,0.32,0.0091
1967-01-28,0.32,0.0091
1967-01-29,0.26,0.0074
1967-01-30,0.26,0.0074
1967-01-31,0.26,0.0074
1967-02-01,0.26,0.0074
1967-02-02,0.26,0.0074
1967-02-03,0.44,0.0125
1967-02-04,0.7,0.0198
1967-02-05,0.26,0.0074
1967-02-06,0.5,0.0142
1967-02-07,1.7,0.0481
1967-02-08,0.5,0.0142
1967-02-09,0.32,0.0091
1967-02-10,0.32,0.0091
1967-02-11,0.26,0.0074
1967-02-12,0.26,0.0074
1967-02-13,0.26,0.0074
1967-02-14,0.26,0.0074
1967-02-15,0.26,0.0074
1967-02-16,0.26,0.0074
1967-02-17,0.26,0.0074
1967-02-18,0.26,0.0074
1967-02-19,0.26,0.0074
1967-02-20,0.26,0.0074
1967-02-21,0.32,0.0091
1967-02-22,0.38,0.0108
1967-02-23,0.32,0.0091
1967-02-24,0.32,0.0091
1967-02-25,0.32,0.0091
1967-02-26,0.38,0.0108
1967-02-27,0.32,0.0091
1967-02-28,1.6,0.0453
1967-03-01,0.7,0.0198
1967-03-02,0.7,0.0198
1967-03-03,0.5,0.0142
1967-03-04,0.44,0.0125
1967-03-05,0.38,0.0108
1967-03-06,0.38,0.0108
1967-03-07,0.38,0.0108
1967-03-08,0.32,0.0091
1967-03-09,0.32,0.0091
1967-03-10,0.26,0.0074
1967-03-11,0.32,0.0091
1967-03-12,0.63,0.0178
1967-03-13,0.7,0.0198
1967-03-14,0.77,0.0218
1967-03-15,0.85,0.0241
1967-03-16,0.77,0.0218
1967-03-17,0.85,0.0241
1967-03-18,0.93,0.0263
1967-03-19,0.93,0.0263
1967-03-20,0.93,0.0263
1967-03-21,3.6,0.1019
1967-03-22,3.5,0.0991
1967-03-23,1.5,0.0425
1967-03-24,1.1,0.0311
1967-03-25,0.85,0.0241
1967-03-26,0.56,0.0159
1967-03-27,0.32,0.0091
1967-03-28,0.32,0.0091
1967-03-29,0.26,0.0074
1967-03-30,0.26,0.0074
1967-03-31,0.32,0.0091
1967-04-01,0.38,0.0108
1967-04-02,0.38,0.0108
1967-04-03,0.32,0.0091
1967-04-04,0.32,0.0091
1967-04-05,0.32,0.0091
1967-04-06,0.44,0.0125
1967-04-07,0.44,0.0125
1967-04-08,0.5,0.0142
1967-04-09,0.38,0.0108
1967-04-10,0.26,0.0074
1967-04-11,0.26,0.0074
1967-04-12,0.38,0.0108
1967-04-13,0.44,0.0125
1967-04-14,0.5,0.0142
1967-04-15,0.5,0.0142
1967-04-16,0.38,0.0108
1967-04-17,0.63,0.0178
1967-04-18,1.7,0.0481
1967-04-19,1.6,0.0453
1967-04-20,0.7,0.0198
1967-04-21,0.0,0.0
1967-04-22,0.0,0.0
1967-04-23,0.0,0.0
1967-04-24,0.0,0.0
1967-04-25,0.0,0.0
1967-04-26,0.15,0.0042
1967-04-27,0.0,0.0
1967-04-28,0.0,0.0
1967-04-29,0.1,0.0028
1967-04-30,0.0,0.0
1967-05-01,0.0,0.0
1967-05-02,0.1,0.0028
1967-05-03,0.26,0.0074
1967-05-04,0.56,0.0159
1967-05-05,1.3,0.0368
1967-05-06,1.3,0.0368
1967-05-07,1.2,0.034
1967-05-08,1.2,0.034
1967-05-09,1.1,0.0311
1967-05-10,0.93,0.0263
1967-05-11,0.8,0.0227
1967-05-12,0.71,0.0201
1967-05-13,0.66,0.0187
1967-05-14,0.66,0.0187
1967-05-15,0.73,0.0207
1967-05-16,0.85,0.0241
1967-05-17,0.86,0.0244
1967-05-18,0.88,0.0249
1967-05-19,0.86,0.0244
1967-05-20,0.86,0.0244
1967-05-21,0.86,0.0244
1967-05-22,0.92,0.0261
1967-05-23,0.88,0.0249
1967-05-24,0.81,0.0229
1967-05-25,0.73,0.0207
1967-05-26,0.9,0.0255
1967-05-27,0.95,0.0269
1967-05-28,1.1,0.0311
1967-05-29,0.8,0.0227
1967-05-30,0.76,0.0215
1967-05-31,0.63,0.0178
1967-06-01,0.51,0.0144
1967-06-02,0.43,0.0122
1967-06-03,56.0,1.5857
1967-06-04,13.0,0.3681
1967-06-05,3.1,0.0878
1967-06-06,3.6,0.1019
1967-06-07,3.7,0.1048
1967-06-08,2.1,0.0595
1967-06-09,2.0,0.0566
1967-06-10,1.0,0.0283
1967-06-11,0.68,0.0193
1967-06-12,0.51,0.0144
1967-06-13,0.39,0.011
1967-06-14,0.26,0.0074
1967-06-15,0.13,0.0037
1967-06-16,153.0,4.3325
1967-06-17,295.0,8.3535
1967-06-18,30.0,0.8495
1967-06-19,15.0,0.4248
1967-06-20,7.9,0.2237
1967-06-21,40.0,1.1327
1967-06-22,57.0,1.6141
1967-06-23,2.9,0.0821
1967-06-24,2.7,0.0765
1967-06-25,326.0,9.2313
1967-06-26,177.0,5.0121
1967-06-27,32.0,0.9061
1967-06-28,18.0,0.5097
1967-06-29,27.0,0.7646
1967-06-30,208.0,5.8899
1967-07-01,40.0,1.1327
1967-07-02,16.0,0.4531
1967-07-03,30.0,0.8495
1967-07-04,13.0,0.3681
1967-07-05,9.1,0.2577
1967-07-06,7.8,0.2209
1967-07-07,3.7,0.1048
1967-07-08,2.4,0.068
1967-07-09,1.7,0.0481
1967-07-10,1.4,0.0396
1967-07-11,1.1,0.0311
1967-07-12,0.85,0.0241
1967-07-13,2.7,0.0765
1967-07-14,0.93,0.0263
1967-07-15,0.5,0.0142
1967-07-16,0.38,0.0108
1967-07-17,0.38,0.0108
1967-07-18,0.38,0.0108
1967-07-19,0.44,0.0125
1967-07-20,8.4,0.2379
1967-07-21,13.0,0.3681
1967-07-22,3.6,0.1019
1967-07-23,1.1,0.0311
1967-07-24,0.38,0.0108
1967-07-25,0.1,0.0028
1967-07-26,0.05,0.0014
1967-07-27,0.05,0.0014
1967-07-28,0.02,0.0006
1967-07-29,58.0,1.6424
1967-07-30,23.0,0.6513
1967-07-31,7.4,0.2095
1967-08-01,3.4,0.0963
1967-08-02,38.0,1.076
1967-08-03,29.0,0.8212
1967-08-04,6.9,0.1954
1967-08-05,3.7,0.1048
1967-08-06,1.2,0.034
1967-08-07,0.65,0.0184
1967-08-08,0.47,0.0133
1967-08-09,0.33,0.0093
1967-08-10,0.39,0.011
1967-08-11,0.75,0.0212
1967-08-12,0.58,0.0164
1967-08-13,1.1,0.0311
1967-08-14,1.8,0.051
1967-08-15,2.2,0.0623
1967-08-16,2.1,0.0595
1967-08-17,0.48,0.0136
1967-08-18,25.0,0.7079
1967-08-19,18.0,0.5097
1967-08-20,3.8,0.1076
1967-08-21,1.9,0.0538
1967-08-22,2.6,0.0736
1967-08-23,1.1,0.0311
1967-08-24,1.4,0.0396
1967-08-25,0.81,0.0229
1967-08-26,0.07,0.002
1967-08-27,0.04,0.0011
1967-08-28,0.03,0.0008
1967-08-29,0.05,0.0014
1967-08-30,0.05,0.0014
1967-08-31,0.07,0.002
1967-09-01,0.19,0.0054
1967-09-02,0.31,0.0088
1967-09-03,0.29,0.0082
1967-09-04,0.2,0.0057
1967-09-05,0.23,0.0065
1967-09-06,0.32,0.0091
1967-09-07,1.2,0.034
1967-09-08,1.5,0.0425
1967-09-09,1.5,0.0425
1967-09-10,1.5,0.0425
1967-09-11,1.6,0.0453
1967-09-12,1.6,0.0453
1967-09-13,1.6,0.0453
1967-09-14,1.5,0.0425
1967-09-15,1.7,0.0481
1967-09-16,1.8,0.051
1967-09-17,4.4,0.1246
1967-09-18,2.1,0.0595
1967-09-19,2.1,0.0595
1967-09-20,1.8,0.051
1967-09-21,2.5,0.0708
1967-09-22,2.3,0.0651
1967-09-23,2.5,0.0708
1967-09-24,2.1,0.0595
1967-09-25,2.0,0.0566
1967-09-26,23.0,0.6513
1967-09-27,166.0,4.7006
1967-09-28,7.8,0.2209
1967-09-29,4.7,0.1331
1967-09-30,3.7,0.1048
1967-10-01,3.1,0.0878
1967-10-02,2.8,0.0793
1967-10-03,2.6,0.0736
1967-10-04,2.5,0.0708
1967-10-05,2.6,0.0736
1967-10-06,2.6,0.0736
1967-10-07,2.3,0.0651
1967-10-08,2.3,0.0651
1967-10-09,2.3,0.0651
1967-10-10,2.2,0.0623
1967-10-11,2.2,0.0623
1967-10-12,2.2,0.0623
1967-10-13,2.2,0.0623
1967-10-14,2.2,0.0623
1967-10-15,2.2,0.0623
1967-10-16,2.1,0.0595
1967-10-17,2.1,0.0595
1967-10-18,2.2,0.0623
1967-10-19,2.2,0.0623
1967-10-20,2.2,0.0623
1967-10-21,2.2,0.0623
1967-10-22,2.3,0.0651
1967-10-23,2.3,0.0651
1967-10-24,2.2,0.0623
1967-10-25,2.0,0.0566
1967-10-26,2.1,0.0595
1967-10-27,2.1,0.0595
1967-10-28,2.1,0.0595
1967-10-29,2.2,0.0623
1967-10-30,2.2,0.0623
1967-10-31,2.4,0.068
1967-11-01,2.6,0.0736
1967-11-02,2.7,0.0765
1967-11-03,2.5,0.0708
1967-11-04,2.7,0.0765
1967-11-05,2.6,0.0736
1967-11-06,2.8,0.0793
1967-11-07,2.9,0.0821
1967-11-08,3.0,0.085
1967-11-09,3.0,0.085
1967-11-10,3.0,0.085
1967-11-11,2.9,0.0821
1967-11-12,2.8,0.0793
1967-11-13,2.8,0.0793
1967-11-14,2.7,0.0765
1967-11-15,2.7,0.0765
1967-11-16,2.7,0.0765
1967-11-17,2.7,0.0765
1967-11-18,2.7,0.0765
1967-11-19,2.8,0.0793
1967-11-20,2.9,0.0821
1967-11-21,3.0,0.085
1967-11-22,3.0,0.085
1967-11-23,3.0,0.085
1967-11-24,2.8,0.0793
1967-11-25,2.8,0.0793
1967-11-26,2.8,0.0793
1967-11-27,3.3,0.0934
1967-11-28,3.8,0.1076
1967-11-29,3.6,0.1019
1967-11-30,3.2,0.0906
1967-12-01,3.1,0.0878
1967-12-02,3.0,0.085
1967-12-03,2.9,0.0821
1967-12-04,3.2,0.0906
1967-12-05,3.2,0.0906
1967-12-06,3.2,0.0906
1967-12-07,3.2,0.0906
1967-12-08,3.2,0.0906
1967-12-09,3.2,0.0906
1967-12-10,3.2,0.0906
1967-12-11,3.2,0.0906
1967-12-12,3.1,0.0878
1967-12-13,2.9,0.0821
1967-12-14,3.1,0.0878
1967-12-15,3.2,0.0906
1967-12-16,3.2,0.0906
1967-12-17,3.3,0.0934
1967-12-18,3.4,0.0963
1967-12-19,3.2,0.0906
1967-12-20,3.2,0.0906
1967-12-21,3.0,0.085
1967-12-22,3.2,0.0906
1967-12-23,3.1,0.0878
1967-12-24,3.2,0.0906
1967-12-25,3.3,0.0934
1967-12-26,3.5,0.0991
1967-12-27,3.5,0.0991
1967-12-28,3.5,0.0991
1967-12-29,3.5,0.0991
1967-12-30,3.6,0.1019
1967-12-31,3.8,0.1076
1968-01-01,4.0,0.1133
1968-01-02,3.9,0.1104
1968-01-03,3.9,0.1104
1968-01-04,3.7,0.1048
1968-01-05,3.8,0.1076
1968-01-06,3.7,0.1048
1968-01-07,3.7,0.1048
1968-01-08,3.7,0.1048
1968-01-09,3.9,0.1104
1968-01-10,3.9,0.1104
1968-01-11,3.8,0.1076
1968-01-12,3.6,0.1019
1968-01-13,3.6,0.1019
1968-01-14,3.6,0.1019
1968-01-15,3.6,0.1019
1968-01-16,3.7,0.1048
1968-01-17,3.8,0.1076
1968-01-18,3.7,0.1048
1968-01-19,3.8,0.1076
1968-01-20,3.9,0.1104
1968-01-21,5.0,0.1416
1968-01-22,4.9,0.1388
1968-01-23,4.3,0.1218
1968-01-24,4.1,0.1161
1968-01-25,3.9,0.1104
1968-01-26,3.8,0.1076
1968-01-27,3.7,0.1048
1968-01-28,3.7,0.1048
1968-01-29,3.7,0.1048
1968-01-30,3.7,0.1048
1968-01-31,3.6,0.1019
1968-02-01,3.5,0.0991
1968-02-02,3.4,0.0963
1968-02-03,3.4,0.0963
1968-02-04,3.4,0.0963
1968-02-05,3.3,0.0934
1968-02-06,3.3,0.0934
1968-02-07,3.4,0.0963
1968-02-08,3.4,0.0963
1968-02-09,3.4,0.0963
1968-02-10,3.7,0.1048
1968-02-11,3.7,0.1048
1968-02-12,3.9,0.1104
1968-02-13,6.6,0.1869
1968-02-14,4.6,0.1303
1968-02-15,4.3,0.1218
1968-02-16,4.1,0.1161
1968-02-17,4.0,0.1133
1968-02-18,3.8,0.1076
1968-02-19,3.8,0.1076
1968-02-20,3.7,0.1048
1968-02-21,3.6,0.1019
1968-02-22,3.2,0.0906
1968-02-23,3.4,0.0963
1968-02-24,3.4,0.0963
1968-02-25,3.4,0.0963
1968-02-26,3.4,0.0963
1968-02-27,3.4,0.0963
1968-02-28,3.6,0.1019
1968-02-29,3.7,0.1048
1968-03-01,2.7,0.0765
1968-03-02,0.24,0.0068
1968-03-03,2.8,0.0793
1968-03-04,1.4,0.0396
1968-03-05,0.57,0.0161
1968-03-06,0.36,0.0102
1968-03-07,0.29,0.0082
1968-03-08,0.18,0.0051
1968-03-09,0.09,0.0025
1968-03-10,0.15,0.0042
1968-03-11,0.11,0.0031
1968-03-12,0.07,0.002
1968-03-13,0.09,0.0025
1968-03-14,0.09,0.0025
1968-03-15,0.05,0.0014
1968-03-16,0.08,0.0023
1968-03-17,0.13,0.0037
1968-03-18,0.13,0.0037
1968-03-19,0.21,0.0059
1968-03-20,2.5,0.0708
1968-03-21,3.9,0.1104
1968-03-22,4.6,0.1303
1968-03-23,1.7,0.0481
1968-03-24,0.49,0.0139
1968-03-25,0.18,0.0051
1968-03-26,0.15,0.0042
1968-03-27,0.1,0.0028
1968-03-28,0.09,0.0025
1968-03-29,0.15,0.0042
1968-03-30,0.18,0.0051
1968-03-31,0.07,0.002
1968-04-01,0.17,0.0048
1968-04-02,0.38,0.0108
1968-04-03,0.2,0.0057
1968-04-04,0.2,0.0057
1968-04-05,0.2,0.0057
1968-04-06,0.15,0.0042
1968-04-07,0.1,0.0028
1968-04-08,0.1,0.0028
1968-04-09,0.1,0.0028
1968-04-10,0.15,0.0042
1968-04-11,0.15,0.0042
1968-04-12,0.15,0.0042
1968-04-13,0.2,0.0057
1968-04-14,0.2,0.0057
1968-04-15,0.2,0.0057
1968-04-16,0.2,0.0057
1968-04-17,0.15,0.0042
1968-04-18,0.2,0.0057
1968-04-19,0.2,0.0057
1968-04-20,0.15,0.0042
1968-04-21,0.15,0.0042
1968-04-22,0.15,0.0042
1968-04-23,0.15,0.0042
1968-04-24,0.15,0.0042
1968-04-25,0.15,0.0042
1968-04-26,0.15,0.0042
1968-04-27,0.05,0.0014
1968-04-28,0.05,0.0014
1968-04-29,0.89,0.0252
1968-04-30,1.4,0.0396
1968-05-01,1.6,0.0453
1968-05-02,0.43,0.0122
1968-05-03,0.1,0.0028
1968-05-04,15.0,0.4248
1968-05-05,27.0,0.7646
1968-05-06,0.29,0.0082
1968-05-07,0.0,0.0
1968-05-08,0.0,0.0
1968-05-09,0.0,0.0
1968-05-10,0.0,0.0
1968-05-11,0.0,0.0
1968-05-12,1220.0,34.5465
1968-05-13,33.0,0.9345
1968-05-14,13.0,0.3681
1968-05-15,7.8,0.2209
1968-05-16,5.9,0.1671
1968-05-17,4.6,0.1303
1968-05-18,4.3,0.1218
1968-05-19,3.8,0.1076
1968-05-20,3.8,0.1076
1968-05-21,3.5,0.0991
1968-05-22,3.0,0.085
1968-05-23,2.6,0.0736
1968-05-24,2.4,0.068
1968-05-25,2.2,0.0623
1968-05-26,2.2,0.0623
1968-05-27,2.2,0.0623
1968-05-28,2.0,0.0566
1968-05-29,2.0,0.0566
1968-05-30,1.9,0.0538
1968-05-31,0.8,0.0227
1968-06-01,0.25,0.0071
1968-06-02,0.13,0.0037
1968-06-03,0.1,0.0028
1968-06-04,0.07,0.002
1968-06-05,0.07,0.002
1968-06-06,0.03,0.0008
1968-06-07,0.0,0.0
1968-06-08,0.0,0.0
1968-06-09,0.0,0.0
1968-06-10,0.1,0.0028
1968-06-11,0.03,0.0008
1968-06-12,0.01,0.0003
1968-06-13,0.28,0.0079
1968-06-14,7.0,0.1982
1968-06-15,2.8,0.0793
1968-06-16,1.9,0.0538
1968-06-17,1.5,0.0425
1968-06-18,1.3,0.0368
1968-06-19,1.1,0.0311
1968-06-20,0.8,0.0227
1968-06-21,0.57,0.0161
1968-06-22,0.31,0.0088
1968-06-23,0.22,0.0062
1968-06-24,0.16,0.0045
1968-06-25,0.1,0.0028
1968-06-26,0.0,0.0
1968-06-27,0.0,0.0
1968-06-28,0.0,0.0
1968-06-29,0.0,0.0
1968-06-30,0.0,0.0
1968-07-01,0.0,0.0
1968-07-02,0.0,0.0
1968-07-03,0.0,0.0
1968-07-04,14.0,0.3964
1968-07-05,338.0,9.5711
1968-07-06,2050.0,58.0494
1968-07-07,108.0,3.0582
1968-07-08,59.0,1.6707
1968-07-09,50.0,1.4158
1968-07-10,36.0,1.0194
1968-07-11,15.0,0.4248
1968-07-12,11.0,0.3115
1968-07-13,8.7,0.2464
1968-07-14,7.5,0.2124
1968-07-15,5.7,0.1614
1968-07-16,4.2,0.1189
1968-07-17,3.8,0.1076
1968-07-18,4.0,0.1133
1968-07-19,5.2,0.1472
1968-07-20,7.5,0.2124
1968-07-21,1.0,0.0283
1968-07-22,0.7,0.0198
1968-07-23,0.76,0.0215
1968-07-24,6.6,0.1869
1968-07-25,1.1,0.0311
1968-07-26,0.73,0.0207
1968-07-27,0.36,0.0102
1968-07-28,0.22,0.0062
1968-07-29,0.16,0.0045
1968-07-30,0.22,0.0062
1968-07-31,6.3,0.1784
1968-08-01,57.0,1.6141
1968-08-02,12.0,0.3398
1968-08-03,2.0,0.0566
1968-08-04,0.52,0.0147
1968-08-05,0.19,0.0054
1968-08-06,0.13,0.0037
1968-08-07,0.13,0.0037
1968-08-08,0.1,0.0028
1968-08-09,0.07,0.002
1968-08-10,1.3,0.0368
1968-08-11,0.87,0.0246
1968-08-12,1.3,0.0368
1968-08-13,0.43,0.0122
1968-08-14,0.07,0.002
1968-08-15,7.4,0.2095
1968-08-16,3.2,0.0906
1968-08-17,6.6,0.1869
1968-08-18,11.0,0.3115
1968-08-19,3.5,0.0991
1968-08-20,2.8,0.0793
1968-08-21,25.0,0.7079
1968-08-22,13.0,0.3681
1968-08-23,19.0,0.538
1968-08-24,17.0,0.4814
1968-08-25,8.2,0.2322
1968-08-26,4.9,0.1388
1968-08-27,3.5,0.0991
1968-08-28,38.0,1.076
1968-08-29,30.0,0.8495
1968-08-30,145.0,4.1059
1968-08-31,70.0,1.9822
1968-09-01,32.0,0.9061
1968-09-02,23.0,0.6513
1968-09-03,15.0,0.4248
1968-09-04,9.7,0.2747
1968-09-05,7.3,0.2067
1968-09-06,6.2,0.1756
1968-09-07,5.3,0.1501
1968-09-08,4.6,0.1303
1968-09-09,3.8,0.1076
1968-09-10,3.4,0.0963
1968-09-11,3.1,0.0878
1968-09-12,2.9,0.0821
1968-09-13,2.9,0.0821
1968-09-14,3.3,0.0934
1968-09-15,3.2,0.0906
1968-09-16,2.5,0.0708
1968-09-17,2.0,0.0566
1968-09-18,2.0,0.0566
1968-09-19,2.0,0.0566
1968-09-20,1.9,0.0538
1968-09-21,1.7,0.0481
1968-09-22,1.9,0.0538
1968-09-23,17.0,0.4814
1968-09-24,32.0,0.9061
1968-09-25,13.0,0.3681
1968-09-26,6.5,0.1841
1968-09-27,4.0,0.1133
1968-09-28,3.0,0.085
1968-09-29,2.5,0.0708
1968-09-30,2.4,0.068
1968-10-01,2.3,0.0651
1968-10-02,2.2,0.0623
1968-10-03,2.1,0.0595
1968-10-04,2.0,0.0566
1968-10-05,2.3,0.0651
1968-10-06,2.4,0.068
1968-10-07,2.2,0.0623
1968-10-08,2.0,0.0566
1968-10-09,1.9,0.0538
1968-10-10,1.9,0.0538
1968-10-11,2.6,0.0736
1968-10-12,2.9,0.0821
1968-10-13,2.3,0.0651
1968-10-14,2.0,0.0566
1968-10-15,1.9,0.0538
1968-10-16,1.7,0.0481
1968-10-17,1.9,0.0538
1968-10-18,2.0,0.0566
1968-10-19,2.4,0.068
1968-10-20,2.4,0.068
1968-10-21,2.6,0.0736
1968-10-22,2.4,0.068
1968-10-23,2.4,0.068
1968-10-24,2.2,0.0623
1968-10-25,1.7,0.0481
1968-10-26,1.5,0.0425
1968-10-27,1.7,0.0481
1968-10-28,2.2,0.0623
1968-10-29,2.4,0.068
1968-10-30,2.4,0.068
1968-10-31,2.4,0.068
1968-11-01,2.2,0.0623
1968-11-02,2.2,0.0623
1968-11-03,2.2,0.0623
1968-11-04,2.2,0.0623
1968-11-05,2.2,0.0623
1968-11-06,2.2,0.0623
1968-11-07,2.4,0.068
1968-11-08,2.8,0.0793
1968-11-09,3.0,0.085
1968-11-10,2.6,0.0736
1968-11-11,2.6,0.0736
1968-11-12,2.2,0.0623
1968-11-13,0.35,0.0099
1968-11-14,0.62,0.0176
1968-11-15,0.49,0.0139
1968-11-16,1.6,0.0453
1968-11-17,2.8,0.0793
1968-11-18,2.8,0.0793
1968-11-19,3.0,0.085
1968-11-20,3.0,0.085
1968-11-21,3.0,0.085
1968-11-22,3.0,0.085
1968-11-23,3.0,0.085
1968-11-24,3.0,0.085
1968-11-25,3.0,0.085
1968-11-26,4.9,0.1388
1968-11-27,4.9,0.1388
1968-11-28,4.0,0.1133
1968-11-29,3.8,0.1076
1968-11-30,3.5,0.0991
1968-12-01,3.5,0.0991
1968-12-02,3.2,0.0906
1968-12-03,3.2,0.0906
1968-12-04,3.2,0.0906
1968-12-05,3.3,0.0934
1968-12-06,3.3,0.0934
1968-12-07,3.3,0.0934
1968-12-08,3.3,0.0934
1968-12-09,3.4,0.0963
1968-12-10,3.5,0.0991
1968-12-11,3.4,0.0963
1968-12-12,3.4,0.0963
1968-12-13,3.3,0.0934
1968-12-14,3.2,0.0906
1968-12-15,3.2,0.0906
1968-12-16,3.2,0.0906
1968-12-17,3.3,0.0934
1968-12-18,3.2,0.0906
1968-12-19,3.2,0.0906
1968-12-20,3.2,0.0906
1968-12-21,3.3,0.0934
1968-12-22,3.1,0.0878
1968-12-23,3.2,0.0906
1968-12-24,3.5,0.0991
1968-12-25,3.5,0.0991
1968-12-26,3.8,0.1076
1968-12-27,3.8,0.1076
1968-12-28,3.8,0.1076
1968-12-29,3.8,0.1076
1968-12-30,3.8,0.1076
1968-12-31,3.8,0.1076
1969-01-01,3.8,0.1076
1969-01-02,2.2,0.0623
1969-01-03,0.57,0.0161
1969-01-04,0.8,0.0227
1969-01-05,3.8,0.1076
1969-01-06,4.0,0.1133
1969-01-07,4.0,0.1133
1969-01-08,3.9,0.1104
1969-01-09,3.6,0.1019
1969-01-10,3.8,0.1076
1969-01-11,3.7,0.1048
1969-01-12,3.9,0.1104
1969-01-13,4.0,0.1133
1969-01-14,4.2,0.1189
1969-01-15,4.0,0.1133
1969-01-16,4.0,0.1133
1969-01-17,4.0,0.1133
1969-01-18,4.0,0.1133
1969-01-19,4.0,0.1133
1969-01-20,4.0,0.1133
1969-01-21,4.0,0.1133
1969-01-22,4.0,0.1133
1969-01-23,3.9,0.1104
1969-01-24,3.6,0.1019
1969-01-25,3.8,0.1076
1969-01-26,4.6,0.1303
1969-01-27,4.9,0.1388
1969-01-28,4.0,0.1133
1969-01-29,4.0,0.1133
1969-01-30,4.0,0.1133
1969-01-31,4.0,0.1133
1969-02-01,4.0,0.1133
1969-02-02,4.1,0.1161
1969-02-03,4.0,0.1133
1969-02-04,4.1,0.1161
1969-02-05,4.0,0.1133
1969-02-06,4.3,0.1218
1969-02-07,4.3,0.1218
1969-02-08,4.0,0.1133
1969-02-09,4.0,0.1133
1969-02-10,4.0,0.1133
1969-02-11,4.0,0.1133
1969-02-12,4.0,0.1133
1969-02-13,4.3,0.1218
1969-02-14,4.9,0.1388
1969-02-15,4.6,0.1303
1969-02-16,4.3,0.1218
1969-02-17,4.1,0.1161
1969-02-18,4.0,0.1133
1969-02-19,3.1,0.0878
1969-02-20,0.52,0.0147
1969-02-21,0.35,0.0099
1969-02-22,0.31,0.0088
1969-02-23,0.28,0.0079
1969-02-24,0.25,0.0071
1969-02-25,0.25,0.0071
1969-02-26,0.25,0.0071
1969-02-27,2.8,0.0793
1969-02-28,3.0,0.085
1969-03-01,0.47,0.0133
1969-03-02,0.24,0.0068
1969-03-03,0.27,0.0076
1969-03-04,0.26,0.0074
1969-03-05,0.21,0.0059
1969-03-06,0.2,0.0057
1969-03-07,0.18,0.0051
1969-03-08,0.22,0.0062
1969-03-09,0.3,0.0085
1969-03-10,0.21,0.0059
1969-03-11,0.21,0.0059
1969-03-12,0.22,0.0062
1969-03-13,0.23,0.0065
1969-03-14,0.24,0.0068
1969-03-15,0.43,0.0122
1969-03-16,2.0,0.0566
1969-03-17,4.6,0.1303
1969-03-18,4.6,0.1303
1969-03-19,3.5,0.0991
1969-03-20,0.47,0.0133
1969-03-21,0.35,0.0099
1969-03-22,0.31,0.0088
1969-03-23,0.27,0.0076
1969-03-24,0.2,0.0057
1969-03-25,0.21,0.0059
1969-03-26,0.22,0.0062
1969-03-27,0.22,0.0062
1969-03-28,0.21,0.0059
1969-03-29,1.0,0.0283
1969-03-30,3.8,0.1076
1969-03-31,4.0,0.1133
1969-04-01,3.8,0.1076
1969-04-02,3.3,0.0934
1969-04-03,3.4,0.0963
1969-04-04,3.3,0.0934
1969-04-05,3.3,0.0934
1969-04-06,4.1,0.1161
1969-04-07,4.9,0.1388
1969-04-08,4.8,0.1359
1969-04-09,4.8,0.1359
1969-04-10,6.0,0.1699
1969-04-11,10.0,0.2832
1969-04-12,9.7,0.2747
1969-04-13,5.0,0.1416
1969-04-14,4.8,0.1359
1969-04-15,3.5,0.0991
1969-04-16,3.1,0.0878
1969-04-17,2.1,0.0595
1969-04-18,0.42,0.0119
1969-04-19,0.24,0.0068
1969-04-20,0.19,0.0054
1969-04-21,0.17,0.0048
1969-04-22,0.17,0.0048
1969-04-23,0.19,0.0054
1969-04-24,0.16,0.0045
1969-04-25,0.11,0.0031
1969-04-26,0.07,0.002
1969-04-27,0.04,0.0011
1969-04-28,0.32,0.0091
1969-04-29,0.13,0.0037
1969-04-30,0.08,0.0023
1969-05-01,0.08,0.0023
1969-05-02,0.09,0.0025
1969-05-03,0.08,0.0023
1969-05-04,0.07,0.002
1969-05-05,0.98,0.0278
1969-05-06,0.19,0.0054
1969-05-07,0.19,0.0054
1969-05-08,0.39,0.011
1969-05-09,0.43,0.0122
1969-05-10,0.52,0.0147
1969-05-11,2.2,0.0623
1969-05-12,4.0,0.1133
1969-05-13,2.6,0.0736
1969-05-14,2.4,0.068
1969-05-15,1.9,0.0538
1969-05-16,0.74,0.021
1969-05-17,0.46,0.013
1969-05-18,0.45,0.0127
1969-05-19,0.53,0.015
1969-05-20,0.25,0.0071
1969-05-21,0.22,0.0062
1969-05-22,0.19,0.0054
1969-05-23,0.1,0.0028
1969-05-24,0.1,0.0028
1969-05-25,0.1,0.0028
1969-05-26,0.03,0.0008
1969-05-27,0.0,0.0
1969-05-28,0.0,0.0
1969-05-29,0.0,0.0
1969-05-30,0.0,0.0
1969-05-31,0.0,0.0
1969-06-01,0.0,0.0
1969-06-02,0.0,0.0
1969-06-03,0.0,0.0
1969-06-04,0.0,0.0
1969-06-05,0.0,0.0
1969-06-06,0.0,0.0
1969-06-07,0.0,0.0
1969-06-08,0.0,0.0
1969-06-09,0.0,0.0
1969-06-10,0.0,0.0
1969-06-11,0.0,0.0
1969-06-12,0.0,0.0
1969-06-13,9.5,0.269
1969-06-14,4.3,0.1218
1969-06-15,0.35,0.0099
1969-06-16,2.2,0.0623
1969-06-17,46.0,1.3026
1969-06-18,7.8,0.2209
1969-06-19,2.2,0.0623
1969-06-20,1.1,0.0311
1969-06-21,0.62,0.0176
1969-06-22,0.35,0.0099
1969-06-23,0.22,0.0062
1969-06-24,0.1,0.0028
1969-06-25,0.0,0.0
1969-06-26,0.0,0.0
1969-06-27,0.0,0.0
1969-06-28,0.0,0.0
1969-06-29,0.0,0.0
1969-06-30,0.0,0.0
1969-07-01,0.0,0.0
1969-07-02,0.0,0.0
1969-07-03,0.0,0.0
1969-07-04,3.0,0.085
1969-07-05,0.99,0.028
1969-07-06,0.0,0.0
1969-07-07,3.8,0.1076
1969-07-08,19.0,0.538
1969-07-09,5.6,0.1586
1969-07-10,5.6,0.1586
1969-07-11,29.0,0.8212
1969-07-12,16.0,0.4531
1969-07-13,5.6,0.1586
1969-07-14,1.7,0.0481
1969-07-15,0.68,0.0193
1969-07-16,0.31,0.0088
1969-07-17,0.22,0.0062
1969-07-18,0.16,0.0045
1969-07-19,0.19,0.0054
1969-07-20,2.8,0.0793
1969-07-21,0.57,0.0161
1969-07-22,5.6,0.1586
1969-07-23,0.28,0.0079
1969-07-24,1.1,0.0311
1969-07-25,0.35,0.0099
1969-07-26,0.08,0.0023
1969-07-27,0.0,0.0
1969-07-28,0.0,0.0
1969-07-29,0.0,0.0
1969-07-30,0.0,0.0
1969-07-31,0.0,0.0
1969-08-01,0.0,0.0
1969-08-02,0.0,0.0
1969-08-03,0.0,0.0
1969-08-04,0.0,0.0
1969-08-05,0.0,0.0
1969-08-06,0.0,0.0
1969-08-07,0.0,0.0
1969-08-08,0.0,0.0
1969-08-09,0.0,0.0
1969-08-10,0.0,0.0
1969-08-11,0.0,0.0
1969-08-12,0.0,0.0
1969-08-13,0.0,0.0
1969-08-14,0.0,0.0
1969-08-15,0.0,0.0
1969-08-16,0.0,0.0
1969-08-17,0.0,0.0
1969-08-18,0.0,0.0
1969-08-19,0.0,0.0
1969-08-20,2.2,0.0623
1969-08-21,1.2,0.034
1969-08-22,0.07,0.002
1969-08-23,0.0,0.0
1969-08-24,0.0,0.0
1969-08-25,0.0,0.0
1969-08-26,0.0,0.0
1969-08-27,0.0,0.0
1969-08-28,0.0,0.0
1969-08-29,0.0,0.0
1969-08-30,59.0,1.6707
1969-08-31,64.0,1.8123
1969-09-01,15.0,0.4248
1969-09-02,6.3,0.1784
1969-09-03,3.5,0.0991
1969-09-04,2.6,0.0736
1969-09-05,1.7,0.0481
1969-09-06,1.3,0.0368
1969-09-07,0.94,0.0266
1969-09-08,0.8,0.0227
1969-09-09,0.8,0.0227
1969-09-10,0.8,0.0227
1969-09-11,4.0,0.1133
1969-09-12,1.5,0.0425
1969-09-13,4.9,0.1388
1969-09-14,5.0,0.1416
1969-09-15,1.2,0.034
1969-09-16,0.84,0.0238
1969-09-17,0.71,0.0201
1969-09-18,0.76,0.0215
1969-09-19,0.9,0.0255
1969-09-20,0.97,0.0275
1969-09-21,129.0,3.6529
1969-09-22,830.0,23.5029
1969-09-23,64.0,1.8123
1969-09-24,22.0,0.623
1969-09-25,11.0,0.3115
1969-09-26,7.4,0.2095
1969-09-27,5.2,0.1472
1969-09-28,4.6,0.1303
1969-09-29,4.0,0.1133
1969-09-30,3.4,0.0963
1969-10-01,2.9,0.0821
1969-10-02,2.5,0.0708
1969-10-03,2.1,0.0595
1969-10-04,1.9,0.0538
1969-10-05,1.8,0.051
1969-10-06,38.0,1.076
1969-10-07,8.2,0.2322
1969-10-08,3.0,0.085
1969-10-09,2.3,0.0651
1969-10-10,1.8,0.051
1969-10-11,1.4,0.0396
1969-10-12,1.4,0.0396
1969-10-13,1.4,0.0396
1969-10-14,1.5,0.0425
1969-10-15,1.5,0.0425
1969-10-16,1.4,0.0396
1969-10-17,1.4,0.0396
1969-10-18,1.5,0.0425
1969-10-19,1.4,0.0396
1969-10-20,181.0,5.1253
1969-10-21,7850.0,222.2869
1969-10-22,680.0,19.2554
1969-10-23,66.0,1.8689
1969-10-24,34.0,0.9628
1969-10-25,28.0,0.7929
1969-10-26,55.0,1.5574
1969-10-27,383.0,10.8453
1969-10-28,37.0,1.0477
1969-10-29,19.0,0.538
1969-10-30,15.0,0.4248
1969-10-31,13.0,0.3681
1969-11-01,13.0,0.3681
1969-11-02,12.0,0.3398
1969-11-03,11.0,0.3115
1969-11-04,9.4,0.2662
1969-11-05,9.1,0.2577
1969-11-06,8.8,0.2492
1969-11-07,8.5,0.2407
1969-11-08,7.8,0.2209
1969-11-09,7.8,0.2209
1969-11-10,7.8,0.2209
1969-11-11,7.7,0.218
1969-11-12,7.5,0.2124
1969-11-13,7.2,0.2039
1969-11-14,7.0,0.1982
1969-11-15,7.0,0.1982
1969-11-16,7.1,0.201
1969-11-17,7.2,0.2039
1969-11-18,6.4,0.1812
1969-11-19,6.3,0.1784
1969-11-20,6.3,0.1784
1969-11-21,6.4,0.1812
1969-11-22,6.6,0.1869
1969-11-23,6.4,0.1812
1969-11-24,6.3,0.1784
1969-11-25,6.3,0.1784
1969-11-26,6.7,0.1897
1969-11-27,6.4,0.1812
1969-11-28,6.7,0.1897
1969-11-29,6.6,0.1869
1969-11-30,6.3,0.1784
1969-12-01,6.0,0.1699
1969-12-02,5.9,0.1671
1969-12-03,5.9,0.1671
1969-12-04,6.0,0.1699
1969-12-05,6.0,0.1699
1969-12-06,7.0,0.1982
1969-12-07,6.5,0.1841
1969-12-08,6.0,0.1699
1969-12-09,5.9,0.1671
1969-12-10,5.8,0.1642
1969-12-11,5.6,0.1586
1969-12-12,5.6,0.1586
1969-12-13,5.6,0.1586
1969-12-14,5.6,0.1586
1969-12-15,5.6,0.1586
1969-12-16,5.6,0.1586
1969-12-17,5.6,0.1586
1969-12-18,5.6,0.1586
1969-12-19,5.9,0.1671
1969-12-20,6.0,0.1699
1969-12-21,5.9,0.1671
1969-12-22,6.0,0.1699
1969-12-23,5.9,0.1671
1969-12-24,5.9,0.1671
1969-12-25,5.6,0.1586
1969-12-26,5.6,0.1586
1969-12-27,5.6,0.1586
1969-12-28,5.8,0.1642
1969-12-29,6.1,0.1727
1969-12-30,5.9,0.1671
1969-12-31,5.9,0.1671
1970-01-01,5.9,0.1671
1970-01-02,5.9,0.1671
1970-01-03,5.9,0.1671
1970-01-04,5.9,0.1671
1970-01-05,5.9,0.1671
1970-01-06,5.6,0.1586
1970-01-07,5.6,0.1586
1970-01-08,5.6,0.1586
1970-01-09,5.9,0.1671
1970-01-10,5.6,0.1586
1970-01-11,5.6,0.1586
1970-01-12,5.6,0.1586
1970-01-13,5.2,0.1472
1970-01-14,5.2,0.1472
1970-01-15,5.2,0.1472
1970-01-16,5.2,0.1472
1970-01-17,5.2,0.1472
1970-01-18,5.2,0.1472
1970-01-19,5.2,0.1472
1970-01-20,5.1,0.1444
1970-01-21,5.1,0.1444
1970-01-22,5.1,0.1444
1970-01-23,5.3,0.1501
1970-01-24,5.2,0.1472
1970-01-25,5.1,0.1444
1970-01-26,5.2,0.1472
1970-01-27,5.0,0.1416
1970-01-28,5.0,0.1416
1970-01-29,4.9,0.1388
1970-01-30,4.9,0.1388
1970-01-31,5.0,0.1416
1970-02-01,5.2,0.1472
1970-02-02,5.3,0.1501
1970-02-03,5.5,0.1557
1970-02-04,5.5,0.1557
1970-02-05,5.3,0.1501
1970-02-06,5.3,0.1501
1970-02-07,5.2,0.1472
1970-02-08,5.2,0.1472
1970-02-09,5.1,0.1444
1970-02-10,5.1,0.1444
1970-02-11,5.2,0.1472
1970-02-12,5.1,0.1444
1970-02-13,5.2,0.1472
1970-02-14,5.1,0.1444
1970-02-15,5.1,0.1444
1970-02-16,5.0,0.1416
1970-02-17,5.1,0.1444
1970-02-18,5.0,0.1416
1970-02-19,5.0,0.1416
1970-02-20,5.1,0.1444
1970-02-21,5.3,0.1501
1970-02-22,5.7,0.1614
1970-02-23,5.6,0.1586
1970-02-24,6.3,0.1784
1970-02-25,6.1,0.1727
1970-02-26,5.6,0.1586
1970-02-27,5.5,0.1557
1970-02-28,5.5,0.1557
1970-03-01,5.5,0.1557
1970-03-02,5.2,0.1472
1970-03-03,5.0,0.1416
1970-03-04,4.9,0.1388
1970-03-05,4.8,0.1359
1970-03-06,5.1,0.1444
1970-03-07,5.5,0.1557
1970-03-08,5.2,0.1472
1970-03-09,4.8,0.1359
1970-03-10,3.4,0.0963
1970-03-11,0.57,0.0161
1970-03-12,0.42,0.0119
1970-03-13,1.3,0.0368
1970-03-14,4.6,0.1303
1970-03-15,4.6,0.1303
1970-03-16,4.6,0.1303
1970-03-17,4.6,0.1303
1970-03-18,4.5,0.1274
1970-03-19,4.5,0.1274
1970-03-20,4.9,0.1388
1970-03-21,5.1,0.1444
1970-03-22,5.1,0.1444
1970-03-23,4.7,0.1331
1970-03-24,4.6,0.1303
1970-03-25,4.5,0.1274
1970-03-26,4.5,0.1274
1970-03-27,4.4,0.1246
1970-03-28,4.5,0.1274
1970-03-29,4.5,0.1274
1970-03-30,4.5,0.1274
1970-03-31,4.7,0.1331
1970-04-01,4.5,0.1274
1970-04-02,4.5,0.1274
1970-04-03,4.6,0.1303
1970-04-04,4.5,0.1274
1970-04-05,4.5,0.1274
1970-04-06,4.5,0.1274
1970-04-07,4.4,0.1246
1970-04-08,4.4,0.1246
1970-04-09,4.4,0.1246
1970-04-10,4.3,0.1218
1970-04-11,4.3,0.1218
1970-04-12,4.2,0.1189
1970-04-13,4.2,0.1189
1970-04-14,4.2,0.1189
1970-04-15,4.2,0.1189
1970-04-16,4.0,0.1133
1970-04-17,4.1,0.1161
1970-04-18,4.2,0.1189
1970-04-19,4.1,0.1161
1970-04-20,4.0,0.1133
1970-04-21,4.0,0.1133
1970-04-22,4.0,0.1133
1970-04-23,3.9,0.1104
1970-04-24,4.0,0.1133
1970-04-25,4.0,0.1133
1970-04-26,4.0,0.1133
1970-04-27,3.9,0.1104
1970-04-28,3.8,0.1076
1970-04-29,3.6,0.1019
1970-04-30,3.6,0.1019
1970-05-01,3.7,0.1048
1970-05-02,3.8,0.1076
1970-05-03,3.9,0.1104
1970-05-04,4.0,0.1133
1970-05-05,4.1,0.1161
1970-05-06,4.0,0.1133
1970-05-07,4.0,0.1133
1970-05-08,3.9,0.1104
1970-05-09,3.7,0.1048
1970-05-10,3.6,0.1019
1970-05-11,3.5,0.0991
1970-05-12,3.5,0.0991
1970-05-13,3.4,0.0963
1970-05-14,3.3,0.0934
1970-05-15,3.3,0.0934
1970-05-16,3.3,0.0934
1970-05-17,3.3,0.0934
1970-05-18,3.2,0.0906
1970-05-19,3.1,0.0878
1970-05-20,2.7,0.0765
1970-05-21,2.5,0.0708
1970-05-22,2.8,0.0793
1970-05-23,3.2,0.0906
1970-05-24,3.3,0.0934
1970-05-25,2.8,0.0793
1970-05-26,0.48,0.0136
1970-05-27,0.24,0.0068
1970-05-28,0.18,0.0051
1970-05-29,0.13,0.0037
1970-05-30,0.1,0.0028
1970-05-31,0.07,0.002
1970-06-01,0.03,0.0008
1970-06-02,0.01,0.0003
1970-06-03,0.0,0.0
1970-06-04,0.0,0.0
1970-06-05,0.0,0.0
1970-06-06,0.0,0.0
1970-06-07,0.0,0.0
1970-06-08,0.0,0.0
1970-06-09,0.0,0.0
1970-06-10,0.0,0.0
1970-06-11,0.0,0.0
1970-06-12,0.0,0.0
1970-06-13,0.0,0.0
1970-06-14,0.0,0.0
1970-06-15,0.33,0.0093
1970-06-16,0.6,0.017
1970-06-17,0.48,0.0136
1970-06-18,0.4,0.0113
1970-06-19,0.34,0.0096
1970-06-20,0.34,0.0096
1970-06-21,0.42,0.0119
1970-06-22,550.0,15.5742
1970-06-23,15.0,0.4248
1970-06-24,5.0,0.1416
1970-06-25,1.9,0.0538
1970-06-26,1.1,0.0311
1970-06-27,0.8,0.0227
1970-06-28,0.66,0.0187
1970-06-29,0.63,0.0178
1970-06-30,150.0,4.2475
1970-07-01,21.0,0.5947
1970-07-02,7.0,0.1982
1970-07-03,5.0,0.1416
1970-07-04,4.0,0.1133
1970-07-05,3.5,0.0991
1970-07-06,2.5,0.0708
1970-07-07,0.51,0.0144
1970-07-08,0.32,0.0091
1970-07-09,0.28,0.0079
1970-07-10,0.22,0.0062
1970-07-11,0.18,0.0051
1970-07-12,0.16,0.0045
1970-07-13,0.15,0.0042
1970-07-14,0.2,0.0057
1970-07-15,0.15,0.0042
1970-07-16,0.15,0.0042
1970-07-17,0.1,0.0028
1970-07-18,0.1,0.0028
1970-07-19,0.1,0.0028
1970-07-20,0.4,0.0113
1970-07-21,0.8,0.0227
1970-07-22,0.8,0.0227
1970-07-23,0.75,0.0212
1970-07-24,0.75,0.0212
1970-07-25,10.0,0.2832
1970-07-26,7.0,0.1982
1970-07-27,5.0,0.1416
1970-07-28,3.5,0.0991
1970-07-29,3.0,0.085
1970-07-30,2.5,0.0708
1970-07-31,2.0,0.0566
1970-08-01,1.5,0.0425
1970-08-02,1.5,0.0425
1970-08-03,1.4,0.0396
1970-08-04,6.7,0.1897
1970-08-05,55.0,1.5574
1970-08-06,10.0,0.2832
1970-08-07,3.1,0.0878
1970-08-08,3.2,0.0906
1970-08-09,2.6,0.0736
1970-08-10,28.0,0.7929
1970-08-11,5.7,0.1614
1970-08-12,3.4,0.0963
1970-08-13,2.4,0.068
1970-08-14,1.9,0.0538
1970-08-15,1.5,0.0425
1970-08-16,1.2,0.034
1970-08-17,1.2,0.034
1970-08-18,1.2,0.034
1970-08-19,1.0,0.0283
1970-08-20,10.0,0.2832
1970-08-21,3.7,0.1048
1970-08-22,1.9,0.0538
1970-08-23,1.7,0.0481
1970-08-24,1.1,0.0311
1970-08-25,0.88,0.0249
1970-08-26,0.72,0.0204
1970-08-27,0.66,0.0187
1970-08-28,0.63,0.0178
1970-08-29,0.6,0.017
1970-08-30,0.54,0.0153
1970-08-31,0.69,0.0195
1970-09-01,0.96,0.0272
1970-09-02,63.0,1.784
1970-09-03,7.5,0.2124
1970-09-04,2.0,0.0566
1970-09-05,1.4,0.0396
1970-09-06,1.5,0.0425
1970-09-07,0.72,0.0204
1970-09-08,0.69,0.0195
1970-09-09,1.1,0.0311
1970-09-10,0.88,0.0249
1970-09-11,0.76,0.0215
1970-09-12,0.72,0.0204
1970-09-13,0.69,0.0195
1970-09-14,0.72,0.0204
1970-09-15,1.9,0.0538
1970-09-16,6.3,0.1784
1970-09-17,120.0,3.398
1970-09-18,19.0,0.538
1970-09-19,16.0,0.4531
1970-09-20,8.5,0.2407
1970-09-21,5.7,0.1614
1970-09-22,4.6,0.1303
1970-09-23,4.1,0.1161
1970-09-24,3.7,0.1048
1970-09-25,3.4,0.0963
1970-09-26,3.1,0.0878
1970-09-27,3.1,0.0878
1970-09-28,4.2,0.1189
1970-09-29,4.6,0.1303
1970-09-30,4.6,0.1303
1970-10-01,4.4,0.1246
1970-10-02,4.1,0.1161
1970-10-03,4.0,0.1133
1970-10-04,4.0,0.1133
1970-10-05,4.1,0.1161
1970-10-06,3.6,0.1019
1970-10-07,3.1,0.0878
1970-10-08,2.7,0.0765
1970-10-09,2.7,0.0765
1970-10-10,2.9,0.0821
1970-10-11,3.1,0.0878
1970-10-12,3.2,0.0906
1970-10-13,3.2,0.0906
1970-10-14,3.2,0.0906
1970-10-15,3.3,0.0934
1970-10-16,4.6,0.1303
1970-10-17,4.9,0.1388
1970-10-18,4.9,0.1388
1970-10-19,4.6,0.1303
1970-10-20,4.4,0.1246
1970-10-21,4.2,0.1189
1970-10-22,3.9,0.1104
1970-10-23,3.6,0.1019
1970-10-24,3.5,0.0991
1970-10-25,3.4,0.0963
1970-10-26,3.3,0.0934
1970-10-27,3.3,0.0934
1970-10-28,3.3,0.0934
1970-10-29,3.4,0.0963
1970-10-30,3.7,0.1048
1970-10-31,3.8,0.1076
1970-11-01,3.8,0.1076
1970-11-02,3.9,0.1104
1970-11-03,3.9,0.1104
1970-11-04,3.9,0.1104
1970-11-05,3.9,0.1104
1970-11-06,4.0,0.1133
1970-11-07,4.1,0.1161
1970-11-08,4.1,0.1161
1970-11-09,4.0,0.1133
1970-11-10,4.0,0.1133
1970-11-11,3.9,0.1104
1970-11-12,4.0,0.1133
1970-11-13,4.0,0.1133
1970-11-14,4.0,0.1133
1970-11-15,4.0,0.1133
1970-11-16,4.0,0.1133
1970-11-17,4.1,0.1161
1970-11-18,4.1,0.1161
1970-11-19,4.0,0.1133
1970-11-20,4.0,0.1133
1970-11-21,4.0,0.1133
1970-11-22,4.0,0.1133
1970-11-23,4.0,0.1133
1970-11-24,4.0,0.1133
1970-11-25,4.0,0.1133
1970-11-26,4.1,0.1161
1970-11-27,4.0,0.1133
1970-11-28,4.0,0.1133
1970-11-29,4.0,0.1133
1970-11-30,4.0,0.1133
1970-12-01,4.0,0.1133
1970-12-02,3.9,0.1104
1970-12-03,4.0,0.1133
1970-12-04,3.9,0.1104
1970-12-05,3.9,0.1104
1970-12-06,3.9,0.1104
1970-12-07,3.9,0.1104
1970-12-08,3.9,0.1104
1970-12-09,3.9,0.1104
1970-12-10,3.9,0.1104
1970-12-11,4.0,0.1133
1970-12-12,4.0,0.1133
1970-12-13,4.0,0.1133
1970-12-14,4.0,0.1133
1970-12-15,4.1,0.1161
1970-12-16,4.1,0.1161
1970-12-17,4.1,0.1161
1970-12-18,4.1,0.1161
1970-12-19,4.1,0.1161
1970-12-20,4.0,0.1133
1970-12-21,4.0,0.1133
1970-12-22,4.0,0.1133
1970-12-23,4.1,0.1161
1970-12-24,4.1,0.1161
1970-12-25,4.0,0.1133
1970-12-26,4.0,0.1133
1970-12-27,4.0,0.1133
1970-12-28,4.1,0.1161
1970-12-29,4.1,0.1161
1970-12-30,4.1,0.1161
1970-12-31,4.1,0.1161
1971-01-01,4.1,0.1161
1971-01-02,4.1,0.1161
1971-01-03,4.3,0.1218
1971-01-04,4.3,0.1218
1971-01-05,4.3,0.1218
1971-01-06,3.8,0.1076
1971-01-07,3.7,0.1048
1971-01-08,4.1,0.1161
1971-01-09,4.4,0.1246
1971-01-10,4.4,0.1246
1971-01-11,4.4,0.1246
1971-01-12,4.4,0.1246
1971-01-13,4.3,0.1218
1971-01-14,4.3,0.1218
1971-01-15,4.1,0.1161
1971-01-16,4.1,0.1161
1971-01-17,4.1,0.1161
1971-01-18,4.1,0.1161
1971-01-19,4.1,0.1161
1971-01-20,4.1,0.1161
1971-01-21,4.3,0.1218
1971-01-22,4.1,0.1161
1971-01-23,4.1,0.1161
1971-01-24,4.0,0.1133
1971-01-25,4.0,0.1133
1971-01-26,4.0,0.1133
1971-01-27,4.0,0.1133
1971-01-28,4.1,0.1161
1971-01-29,4.1,0.1161
1971-01-30,4.3,0.1218
1971-01-31,4.3,0.1218
1971-02-01,4.1,0.1161
1971-02-02,4.1,0.1161
1971-02-03,4.1,0.1161
1971-02-04,3.9,0.1104
1971-02-05,3.9,0.1104
1971-02-06,3.9,0.1104
1971-02-07,3.9,0.1104
1971-02-08,3.9,0.1104
1971-02-09,4.0,0.1133
1971-02-10,4.1,0.1161
1971-02-11,4.1,0.1161
1971-02-12,4.0,0.1133
1971-02-13,4.0,0.1133
1971-02-14,4.0,0.1133
1971-02-15,4.0,0.1133
1971-02-16,4.0,0.1133
1971-02-17,4.0,0.1133
1971-02-18,4.0,0.1133
1971-02-19,4.0,0.1133
1971-02-20,4.0,0.1133
1971-02-21,4.0,0.1133
1971-02-22,4.0,0.1133
1971-02-23,4.0,0.1133
1971-02-24,4.1,0.1161
1971-02-25,4.2,0.1189
1971-02-26,4.1,0.1161
1971-02-27,4.0,0.1133
1971-02-28,3.9,0.1104
1971-03-01,3.8,0.1076
1971-03-02,3.8,0.1076
1971-03-03,3.9,0.1104
1971-03-04,4.0,0.1133
1971-03-05,3.7,0.1048
1971-03-06,3.6,0.1019
1971-03-07,3.5,0.0991
1971-03-08,3.7,0.1048
1971-03-09,3.7,0.1048
1971-03-10,3.7,0.1048
1971-03-11,3.7,0.1048
1971-03-12,3.6,0.1019
1971-03-13,3.6,0.1019
1971-03-14,3.5,0.0991
1971-03-15,3.4,0.0963
1971-03-16,3.4,0.0963
1971-03-17,3.4,0.0963
1971-03-18,3.4,0.0963
1971-03-19,3.4,0.0963
1971-03-20,3.4,0.0963
1971-03-21,3.4,0.0963
1971-03-22,3.4,0.0963
1971-03-23,3.4,0.0963
1971-03-24,3.3,0.0934
1971-03-25,3.3,0.0934
1971-03-26,3.3,0.0934
1971-03-27,3.3,0.0934
1971-03-28,3.3,0.0934
1971-03-29,3.2,0.0906
1971-03-30,3.2,0.0906
1971-03-31,3.2,0.0906
1971-04-01,3.2,0.0906
1971-04-02,3.2,0.0906
1971-04-03,3.2,0.0906
1971-04-04,3.2,0.0906
1971-04-05,3.3,0.0934
1971-04-06,3.4,0.0963
1971-04-07,3.4,0.0963
1971-04-08,3.4,0.0963
1971-04-09,3.4,0.0963
1971-04-10,3.3,0.0934
1971-04-11,3.1,0.0878
1971-04-12,2.8,0.0793
1971-04-13,2.9,0.0821
1971-04-14,2.8,0.0793
1971-04-15,5.0,0.1416
1971-04-16,3.4,0.0963
1971-04-17,3.2,0.0906
1971-04-18,3.1,0.0878
1971-04-19,2.8,0.0793
1971-04-20,2.8,0.0793
1971-04-21,2.7,0.0765
1971-04-22,2.7,0.0765
1971-04-23,2.7,0.0765
1971-04-24,2.7,0.0765
1971-04-25,2.7,0.0765
1971-04-26,2.5,0.0708
1971-04-27,2.4,0.068
1971-04-28,2.3,0.0651
1971-04-29,2.2,0.0623
1971-04-30,2.0,0.0566
1971-05-01,2.1,0.0595
1971-05-02,2.1,0.0595
1971-05-03,2.1,0.0595
1971-05-04,1.8,0.051
1971-05-05,1.5,0.0425
1971-05-06,1.3,0.0368
1971-05-07,1.2,0.034
1971-05-08,1.3,0.0368
1971-05-09,0.83,0.0235
1971-05-10,0.62,0.0176
1971-05-11,0.83,0.0235
1971-05-12,0.62,0.0176
1971-05-13,0.55,0.0156
1971-05-14,0.74,0.021
1971-05-15,0.62,0.0176
1971-05-16,0.62,0.0176
1971-05-17,0.84,0.0238
1971-05-18,0.55,0.0156
1971-05-19,0.38,0.0108
1971-05-20,0.43,0.0122
1971-05-21,0.58,0.0164
1971-05-22,0.49,0.0139
1971-05-23,0.34,0.0096
1971-05-24,0.36,0.0102
1971-05-25,0.34,0.0096
1971-05-26,0.5,0.0142
1971-05-27,0.8,0.0227
1971-05-28,0.55,0.0156
1971-05-29,0.59,0.0167
1971-05-30,0.6,0.017
1971-05-31,0.58,0.0164
1971-06-01,0.43,0.0122
1971-06-02,0.36,0.0102
1971-06-03,0.32,0.0091
1971-06-04,0.32,0.0091
1971-06-05,0.3,0.0085
1971-06-06,0.26,0.0074
1971-06-07,0.18,0.0051
1971-06-08,0.13,0.0037
1971-06-09,0.09,0.0025
1971-06-10,0.05,0.0014
1971-06-11,0.0,0.0
1971-06-12,0.0,0.0
1971-06-13,0.0,0.0
1971-06-14,0.0,0.0
1971-06-15,0.0,0.0
1971-06-16,0.0,0.0
1971-06-17,0.0,0.0
1971-06-18,0.0,0.0
1971-06-19,0.0,0.0
1971-06-20,0.0,0.0
1971-06-21,0.0,0.0
1971-06-22,0.0,0.0
1971-06-23,0.0,0.0
1971-06-24,0.0,0.0
1971-06-25,0.0,0.0
1971-06-26,0.0,0.0
1971-06-27,0.0,0.0
1971-06-28,0.0,0.0
1971-06-29,0.0,0.0
1971-06-30,0.0,0.0
1971-07-01,0.0,0.0
1971-07-02,0.0,0.0
1971-07-03,0.0,0.0
1971-07-04,0.0,0.0
1971-07-05,0.0,0.0
1971-07-06,0.0,0.0
1971-07-07,0.0,0.0
1971-07-08,0.0,0.0
1971-07-09,0.0,0.0
1971-07-10,0.0,0.0
1971-07-11,0.0,0.0
1971-07-12,0.0,0.0
1971-07-13,0.0,0.0
1971-07-14,0.0,0.0
1971-07-15,0.0,0.0
1971-07-16,0.0,0.0
1971-07-17,0.0,0.0
1971-07-18,0.0,0.0
1971-07-19,0.0,0.0
1971-07-20,0.0,0.0
1971-07-21,0.0,0.0
1971-07-22,1.2,0.034
1971-07-23,0.0,0.0
1971-07-24,0.0,0.0
1971-07-25,0.0,0.0
1971-07-26,0.0,0.0
1971-07-27,0.0,0.0
1971-07-28,0.0,0.0
1971-07-29,0.0,0.0
1971-07-30,5.6,0.1586
1971-07-31,29.0,0.8212
1971-08-01,1320.0,37.3782
1971-08-02,103.0,2.9166
1971-08-03,75.0,2.1238
1971-08-04,60.0,1.699
1971-08-05,52.0,1.4725
1971-08-06,36.0,1.0194
1971-08-07,19.0,0.538
1971-08-08,8.9,0.252
1971-08-09,6.7,0.1897
1971-08-10,5.2,0.1472
1971-08-11,98.0,2.775
1971-08-12,24.0,0.6796
1971-08-13,16.0,0.4531
1971-08-14,9.9,0.2803
1971-08-15,14.0,0.3964
1971-08-16,355.0,10.0525
1971-08-17,82.0,2.322
1971-08-18,49.0,1.3875
1971-08-19,28.0,0.7929
1971-08-20,16.0,0.4531
1971-08-21,8.4,0.2379
1971-08-22,7.1,0.201
1971-08-23,8.4,0.2379
1971-08-24,49.0,1.3875
1971-08-25,20.0,0.5663
1971-08-26,8.4,0.2379
1971-08-27,6.7,0.1897
1971-08-28,5.2,0.1472
1971-08-29,4.5,0.1274
1971-08-30,4.1,0.1161
1971-08-31,3.8,0.1076
1971-09-01,3.3,0.0934
1971-09-02,7.6,0.2152
1971-09-03,14.0,0.3964
1971-09-04,5.9,0.1671
1971-09-05,3.8,0.1076
1971-09-06,3.3,0.0934
1971-09-07,3.0,0.085
1971-09-08,2.2,0.0623
1971-09-09,0.39,0.011
1971-09-10,0.15,0.0042
1971-09-11,0.05,0.0014
1971-09-12,0.0,0.0
1971-09-13,0.08,0.0023
1971-09-14,0.05,0.0014
1971-09-15,0.05,0.0014
1971-09-16,0.05,0.0014
1971-09-17,0.05,0.0014
1971-09-18,1.3,0.0368
1971-09-19,5.9,0.1671
1971-09-20,4.1,0.1161
1971-09-21,3.3,0.0934
1971-09-22,62.0,1.7556
1971-09-23,166.0,4.7006
1971-09-24,146.0,4.1343
1971-09-25,40.0,1.1327
1971-09-26,12.0,0.3398
1971-09-27,7.1,0.201
1971-09-28,5.5,0.1557
1971-09-29,4.8,0.1359
1971-09-30,4.5,0.1274
1971-10-01,4.5,0.1274
1971-10-02,4.1,0.1161
1971-10-03,3.8,0.1076
1971-10-04,4.1,0.1161
1971-10-05,4.1,0.1161
1971-10-06,5.2,0.1472
1971-10-07,4.1,0.1161
1971-10-08,4.1,0.1161
1971-10-09,129.0,3.6529
1971-10-10,3.3,0.0934
1971-10-11,2.9,0.0821
1971-10-12,2.7,0.0765
1971-10-13,3.8,0.1076
1971-10-14,14.0,0.3964
1971-10-15,4.1,0.1161
1971-10-16,3.0,0.085
1971-10-17,2.7,0.0765
1971-10-18,2.4,0.068
1971-10-19,2.4,0.068
1971-10-20,2.4,0.068
1971-10-21,2.4,0.068
1971-10-22,2.4,0.068
1971-10-23,2.4,0.068
1971-10-24,2.4,0.068
1971-10-25,2.7,0.0765
1971-10-26,2.7,0.0765
1971-10-27,2.7,0.0765
1971-10-28,2.4,0.068
1971-10-29,2.4,0.068
1971-10-30,2.4,0.068
1971-10-31,2.4,0.068
1971-11-01,2.5,0.0708
1971-11-02,2.5,0.0708
1971-11-03,2.5,0.0708
1971-11-04,2.5,0.0708
1971-11-05,2.9,0.0821
1971-11-06,2.9,0.0821
1971-11-07,2.9,0.0821
1971-11-08,2.9,0.0821
1971-11-09,2.9,0.0821
1971-11-10,2.9,0.0821
1971-11-11,2.9,0.0821
1971-11-12,2.9,0.0821
1971-11-13,2.9,0.0821
1971-11-14,3.0,0.085
1971-11-15,3.0,0.085
1971-11-16,3.0,0.085
1971-11-17,3.0,0.085
1971-11-18,3.0,0.085
1971-11-19,3.0,0.085
1971-11-20,3.0,0.085
1971-11-21,3.0,0.085
1971-11-22,3.0,0.085
1971-11-23,3.0,0.085
1971-11-24,3.0,0.085
1971-11-25,3.0,0.085
1971-11-26,3.0,0.085
1971-11-27,3.0,0.085
1971-11-28,3.0,0.085
1971-11-29,3.0,0.085
1971-11-30,3.0,0.085
1971-12-01,3.0,0.085
1971-12-02,3.0,0.085
1971-12-03,3.0,0.085
1971-12-04,3.1,0.0878
1971-12-05,3.5,0.0991
1971-12-06,3.5,0.0991
1971-12-07,3.1,0.0878
1971-12-08,3.3,0.0934
1971-12-09,3.3,0.0934
1971-12-10,3.2,0.0906
1971-12-11,3.2,0.0906
1971-12-12,3.2,0.0906
1971-12-13,3.3,0.0934
1971-12-14,3.2,0.0906
1971-12-15,3.2,0.0906
1971-12-16,3.1,0.0878
1971-12-17,3.2,0.0906
1971-12-18,3.3,0.0934
1971-12-19,3.3,0.0934
1971-12-20,3.2,0.0906
1971-12-21,3.3,0.0934
1971-12-22,3.3,0.0934
1971-12-23,3.3,0.0934
1971-12-24,3.0,0.085
1971-12-25,3.0,0.085
1971-12-26,3.0,0.085
1971-12-27,3.0,0.085
1971-12-28,3.0,0.085
1971-12-29,3.0,0.085
1971-12-30,3.0,0.085
1971-12-31,3.0,0.085
1972-01-01,3.0,0.085
1972-01-02,3.0,0.085
1972-01-03,3.0,0.085
1972-01-04,3.0,0.085
1972-01-05,3.0,0.085
1972-01-06,3.0,0.085
1972-01-07,3.0,0.085
1972-01-08,3.3,0.0934
1972-01-09,3.3,0.0934
1972-01-10,3.3,0.0934
1972-01-11,3.3,0.0934
1972-01-12,3.2,0.0906
1972-01-13,3.1,0.0878
1972-01-14,3.0,0.085
1972-01-15,3.0,0.085
1972-01-16,3.0,0.085
1972-01-17,3.4,0.0963
1972-01-18,3.5,0.0991
1972-01-19,3.4,0.0963
1972-01-20,3.3,0.0934
1972-01-21,3.4,0.0963
1972-01-22,3.3,0.0934
1972-01-23,3.3,0.0934
1972-01-24,3.2,0.0906
1972-01-25,3.0,0.085
1972-01-26,3.0,0.085
1972-01-27,3.3,0.0934
1972-01-28,3.3,0.0934
1972-01-29,3.3,0.0934
1972-01-30,3.3,0.0934
1972-01-31,3.3,0.0934
1972-02-01,3.5,0.0991
1972-02-02,3.3,0.0934
1972-02-03,3.3,0.0934
1972-02-04,3.0,0.085
1972-02-05,3.3,0.0934
1972-02-06,3.0,0.085
1972-02-07,3.0,0.085
1972-02-08,3.3,0.0934
1972-02-09,3.3,0.0934
1972-02-10,3.3,0.0934
1972-02-11,3.3,0.0934
1972-02-12,3.3,0.0934
1972-02-13,3.5,0.0991
1972-02-14,3.3,0.0934
1972-02-15,3.3,0.0934
1972-02-16,3.3,0.0934
1972-02-17,3.3,0.0934
1972-02-18,3.3,0.0934
1972-02-19,3.3,0.0934
1972-02-20,3.0,0.085
1972-02-21,3.0,0.085
1972-02-22,3.0,0.085
1972-02-23,3.0,0.085
1972-02-24,3.0,0.085
1972-02-25,3.0,0.085
1972-02-26,3.0,0.085
1972-02-27,3.0,0.085
1972-02-28,3.3,0.0934
1972-02-29,3.3,0.0934
1972-03-01,3.5,0.0991
1972-03-02,3.5,0.0991
1972-03-03,3.3,0.0934
1972-03-04,3.5,0.0991
1972-03-05,3.5,0.0991
1972-03-06,3.3,0.0934
1972-03-07,3.3,0.0934
1972-03-08,3.3,0.0934
1972-03-09,3.3,0.0934
1972-03-10,3.3,0.0934
1972-03-11,2.9,0.0821
1972-03-12,3.0,0.085
1972-03-13,3.0,0.085
1972-03-14,3.0,0.085
1972-03-15,2.9,0.0821
1972-03-16,2.9,0.0821
1972-03-17,2.9,0.0821
1972-03-18,2.9,0.0821
1972-03-19,2.9,0.0821
1972-03-20,2.9,0.0821
1972-03-21,2.9,0.0821
1972-03-22,3.0,0.085
1972-03-23,3.0,0.085
1972-03-24,3.0,0.085
1972-03-25,3.0,0.085
1972-03-26,2.9,0.0821
1972-03-27,2.9,0.0821
1972-03-28,2.7,0.0765
1972-03-29,2.7,0.0765
1972-03-30,2.9,0.0821
1972-03-31,2.9,0.0821
1972-04-01,2.9,0.0821
1972-04-02,2.9,0.0821
1972-04-03,2.9,0.0821
1972-04-04,2.9,0.0821
1972-04-05,2.9,0.0821
1972-04-06,2.8,0.0793
1972-04-07,2.7,0.0765
1972-04-08,2.6,0.0736
1972-04-09,2.5,0.0708
1972-04-10,2.4,0.068
1972-04-11,2.3,0.0651
1972-04-12,2.1,0.0595
1972-04-13,2.1,0.0595
1972-04-14,2.0,0.0566
1972-04-15,2.0,0.0566
1972-04-16,2.0,0.0566
1972-04-17,2.0,0.0566
1972-04-18,1.9,0.0538
1972-04-19,1.8,0.051
1972-04-20,1.7,0.0481
1972-04-21,1.6,0.0453
1972-04-22,1.6,0.0453
1972-04-23,1.5,0.0425
1972-04-24,1.5,0.0425
1972-04-25,1.4,0.0396
1972-04-26,1.3,0.0368
1972-04-27,1.2,0.034
1972-04-28,1.1,0.0311
1972-04-29,1.3,0.0368
1972-04-30,1.3,0.0368
1972-05-01,1.3,0.0368
1972-05-02,1.3,0.0368
1972-05-03,1.3,0.0368
1972-05-04,1.2,0.034
1972-05-05,1.2,0.034
1972-05-06,1.3,0.0368
1972-05-07,1.4,0.0396
1972-05-08,1.7,0.0481
1972-05-09,1.5,0.0425
1972-05-10,1.9,0.0538
1972-05-11,1.8,0.051
1972-05-12,1.5,0.0425
1972-05-13,2.5,0.0708
1972-05-14,3.4,0.0963
1972-05-15,1.4,0.0396
1972-05-16,1.3,0.0368
1972-05-17,1.2,0.034
1972-05-18,1.1,0.0311
1972-05-19,1.1,0.0311
1972-05-20,173.0,4.8988
1972-05-21,7.1,0.201
1972-05-22,1.4,0.0396
1972-05-23,0.99,0.028
1972-05-24,0.76,0.0215
1972-05-25,0.64,0.0181
1972-05-26,0.63,0.0178
1972-05-27,0.58,0.0164
1972-05-28,0.67,0.019
1972-05-29,1.7,0.0481
1972-05-30,1.4,0.0396
1972-05-31,1.1,0.0311
1972-06-01,1.1,0.0311
1972-06-02,0.93,0.0263
1972-06-03,0.69,0.0195
1972-06-04,0.51,0.0144
1972-06-05,0.43,0.0122
1972-06-06,0.37,0.0105
1972-06-07,0.36,0.0102
1972-06-08,0.41,0.0116
1972-06-09,0.53,0.015
1972-06-10,0.49,0.0139
1972-06-11,0.37,0.0105
1972-06-12,0.35,0.0099
1972-06-13,1.3,0.0368
1972-06-14,0.72,0.0204
1972-06-15,0.49,0.0139
1972-06-16,0.31,0.0088
1972-06-17,1.1,0.0311
1972-06-18,0.27,0.0076
1972-06-19,0.28,0.0079
1972-06-20,0.22,0.0062
1972-06-21,0.18,0.0051
1972-06-22,0.14,0.004
1972-06-23,0.08,0.0023
1972-06-24,0.06,0.0017
1972-06-25,0.04,0.0011
1972-06-26,0.02,0.0006
1972-06-27,0.0,0.0
1972-06-28,0.0,0.0
1972-06-29,0.0,0.0
1972-06-30,0.0,0.0
1972-07-01,0.61,0.0173
1972-07-02,0.0,0.0
1972-07-03,0.0,0.0
1972-07-04,0.53,0.015
1972-07-05,0.69,0.0195
1972-07-06,0.15,0.0042
1972-07-07,0.0,0.0
1972-07-08,0.0,0.0
1972-07-09,0.0,0.0
1972-07-10,0.0,0.0
1972-07-11,0.0,0.0
1972-07-12,0.0,0.0
1972-07-13,0.0,0.0
1972-07-14,0.0,0.0
1972-07-15,0.0,0.0
1972-07-16,0.0,0.0
1972-07-17,0.0,0.0
1972-07-18,0.0,0.0
1972-07-19,25.0,0.7079
1972-07-20,5.0,0.1416
1972-07-21,10.0,0.2832
1972-07-22,7.4,0.2095
1972-07-23,1.8,0.051
1972-07-24,0.65,0.0184
1972-07-25,0.15,0.0042
1972-07-26,0.02,0.0006
1972-07-27,0.0,0.0
1972-07-28,0.0,0.0
1972-07-29,0.0,0.0
1972-07-30,0.0,0.0
1972-07-31,0.0,0.0
1972-08-01,0.0,0.0
1972-08-02,0.0,0.0
1972-08-03,0.0,0.0
1972-08-04,8.6,0.2435
1972-08-05,0.47,0.0133
1972-08-06,2.8,0.0793
1972-08-07,13.0,0.3681
1972-08-08,8.9,0.252
1972-08-09,4.1,0.1161
1972-08-10,3.7,0.1048
1972-08-11,3.7,0.1048
1972-08-12,1.2,0.034
1972-08-13,0.7,0.0198
1972-08-14,0.6,0.017
1972-08-15,46.0,1.3026
1972-08-16,23.0,0.6513
1972-08-17,2.0,0.0566
1972-08-18,1.5,0.0425
1972-08-19,31.0,0.8778
1972-08-20,16.0,0.4531
1972-08-21,6.1,0.1727
1972-08-22,3.7,0.1048
1972-08-23,46.0,1.3026
1972-08-24,21.0,0.5947
1972-08-25,8.4,0.2379
1972-08-26,4.1,0.1161
1972-08-27,5.2,0.1472
1972-08-28,4.8,0.1359
1972-08-29,18.0,0.5097
1972-08-30,12.0,0.3398
1972-08-31,5.9,0.1671
1972-09-01,5.5,0.1557
1972-09-02,254.0,7.1925
1972-09-03,422.0,11.9497
1972-09-04,28.0,0.7929
1972-09-05,18.0,0.5097
1972-09-06,14.0,0.3964
1972-09-07,632.0,17.8962
1972-09-08,55.0,1.5574
1972-09-09,46.0,1.3026
1972-09-10,18.0,0.5097
1972-09-11,15.0,0.4248
1972-09-12,49.0,1.3875
1972-09-13,27.0,0.7646
1972-09-14,13.0,0.3681
1972-09-15,10.0,0.2832
1972-09-16,8.7,0.2464
1972-09-17,8.9,0.252
1972-09-18,7.4,0.2095
1972-09-19,5.6,0.1586
1972-09-20,4.8,0.1359
1972-09-21,3.8,0.1076
1972-09-22,3.3,0.0934
1972-09-23,3.2,0.0906
1972-09-24,3.5,0.0991
1972-09-25,3.1,0.0878
1972-09-26,3.0,0.085
1972-09-27,2.9,0.0821
1972-09-28,3.0,0.085
1972-09-29,2.7,0.0765
1972-09-30,2.4,0.068
1972-10-01,2.4,0.068
1972-10-02,2.4,0.068
1972-10-03,2.4,0.068
1972-10-04,2.4,0.068
1972-10-05,2.4,0.068
1972-10-06,2.5,0.0708
1972-10-07,2.5,0.0708
1972-10-08,2.5,0.0708
1972-10-09,2.3,0.0651
1972-10-10,2.1,0.0595
1972-10-11,2.0,0.0566
1972-10-12,2.0,0.0566
1972-10-13,2.2,0.0623
1972-10-14,2.1,0.0595
1972-10-15,2.2,0.0623
1972-10-16,2.4,0.068
1972-10-17,2.4,0.068
1972-10-18,2.2,0.0623
1972-10-19,2.0,0.0566
1972-10-20,3.7,0.1048
1972-10-21,4.4,0.1246
1972-10-22,3.5,0.0991
1972-10-23,3.0,0.085
1972-10-24,2.9,0.0821
1972-10-25,2.9,0.0821
1972-10-26,3.2,0.0906
1972-10-27,3.0,0.085
1972-10-28,2.7,0.0765
1972-10-29,2.5,0.0708
1972-10-30,2.4,0.068
1972-10-31,2.6,0.0736
1972-11-01,2.5,0.0708
1972-11-02,2.5,0.0708
1972-11-03,2.5,0.0708
1972-11-04,2.5,0.0708
1972-11-05,2.5,0.0708
1972-11-06,2.4,0.068
1972-11-07,2.4,0.068
1972-11-08,2.2,0.0623
1972-11-09,2.2,0.0623
1972-11-10,2.2,0.0623
1972-11-11,2.2,0.0623
1972-11-12,2.4,0.068
1972-11-13,2.3,0.0651
1972-11-14,2.3,0.0651
1972-11-15,2.4,0.068
1972-11-16,2.4,0.068
1972-11-17,2.5,0.0708
1972-11-18,2.8,0.0793
1972-11-19,2.8,0.0793
1972-11-20,2.6,0.0736
1972-11-21,2.7,0.0765
1972-11-22,2.7,0.0765
1972-11-23,2.8,0.0793
1972-11-24,3.1,0.0878
1972-11-25,3.0,0.085
1972-11-26,2.6,0.0736
1972-11-27,2.5,0.0708
1972-11-28,2.4,0.068
1972-11-29,2.5,0.0708
1972-11-30,2.6,0.0736
1972-12-01,2.6,0.0736
1972-12-02,2.5,0.0708
1972-12-03,2.5,0.0708
1972-12-04,2.4,0.068
1972-12-05,2.2,0.0623
1972-12-06,2.1,0.0595
1972-12-07,2.1,0.0595
1972-12-08,2.5,0.0708
1972-12-09,2.7,0.0765
1972-12-10,2.7,0.0765
1972-12-11,2.7,0.0765
1972-12-12,2.7,0.0765
1972-12-13,2.7,0.0765
1972-12-14,2.7,0.0765
1972-12-15,2.7,0.0765
1972-12-16,2.7,0.0765
1972-12-17,2.7,0.0765
1972-12-18,2.7,0.0765
1972-12-19,2.8,0.0793
1972-12-20,2.7,0.0765
1972-12-21,2.7,0.0765
1972-12-22,2.7,0.0765
1972-12-23,2.6,0.0736
1972-12-24,2.3,0.0651
1972-12-25,2.3,0.0651
1972-12-26,2.4,0.068
1972-12-27,2.4,0.068
1972-12-28,2.5,0.0708
1972-12-29,2.5,0.0708
1972-12-30,2.4,0.068
1972-12-31,2.3,0.0651
1973-01-01,2.3,0.0651
1973-01-02,2.9,0.0821
1973-01-03,2.9,0.0821
1973-01-04,2.7,0.0765
1973-01-05,2.6,0.0736
1973-01-06,3.5,0.0991
1973-01-07,3.9,0.1104
1973-01-08,3.5,0.0991
1973-01-09,2.9,0.0821
1973-01-10,2.8,0.0793
1973-01-11,2.8,0.0793
1973-01-12,2.9,0.0821
1973-01-13,2.8,0.0793
1973-01-14,2.8,0.0793
1973-01-15,2.9,0.0821
1973-01-16,2.9,0.0821
1973-01-17,2.9,0.0821
1973-01-18,2.8,0.0793
1973-01-19,2.7,0.0765
1973-01-20,3.0,0.085
1973-01-21,3.0,0.085
1973-01-22,2.9,0.0821
1973-01-23,2.9,0.0821
1973-01-24,2.9,0.0821
1973-01-25,2.9,0.0821
1973-01-26,2.9,0.0821
1973-01-27,2.7,0.0765
1973-01-28,2.6,0.0736
1973-01-29,2.6,0.0736
1973-01-30,2.8,0.0793
1973-01-31,2.9,0.0821
1973-02-01,2.9,0.0821
1973-02-02,2.7,0.0765
1973-02-03,2.7,0.0765
1973-02-04,2.7,0.0765
1973-02-05,2.8,0.0793
1973-02-06,2.7,0.0765
1973-02-07,3.0,0.085
1973-02-08,4.1,0.1161
1973-02-09,3.8,0.1076
1973-02-10,3.0,0.085
1973-02-11,2.9,0.0821
1973-02-12,2.8,0.0793
1973-02-13,2.6,0.0736
1973-02-14,2.5,0.0708
1973-02-15,2.5,0.0708
1973-02-16,2.5,0.0708
1973-02-17,2.9,0.0821
1973-02-18,2.8,0.0793
1973-02-19,2.6,0.0736
1973-02-20,2.6,0.0736
1973-02-21,3.5,0.0991
1973-02-22,6.4,0.1812
1973-02-23,5.4,0.1529
1973-02-24,4.3,0.1218
1973-02-25,3.3,0.0934
1973-02-26,2.9,0.0821
1973-02-27,2.9,0.0821
1973-02-28,2.9,0.0821
1973-03-01,2.7,0.0765
1973-03-02,2.6,0.0736
1973-03-03,2.4,0.068
1973-03-04,2.4,0.068
1973-03-05,2.4,0.068
1973-03-06,1.9,0.0538
1973-03-07,2.1,0.0595
1973-03-08,2.1,0.0595
1973-03-09,2.3,0.0651
1973-03-10,2.9,0.0821
1973-03-11,2.5,0.0708
1973-03-12,2.4,0.068
1973-03-13,2.3,0.0651
1973-03-14,2.1,0.0595
1973-03-15,2.1,0.0595
1973-03-16,2.1,0.0595
1973-03-17,2.1,0.0595
1973-03-18,2.1,0.0595
1973-03-19,2.1,0.0595
1973-03-20,2.2,0.0623
1973-03-21,2.3,0.0651
1973-03-22,2.1,0.0595
1973-03-23,2.0,0.0566
1973-03-24,2.0,0.0566
1973-03-25,2.3,0.0651
1973-03-26,2.9,0.0821
1973-03-27,2.8,0.0793
1973-03-28,2.9,0.0821
1973-03-29,2.8,0.0793
1973-03-30,2.5,0.0708
1973-03-31,2.6,0.0736
1973-04-01,2.6,0.0736
1973-04-02,2.6,0.0736
1973-04-03,2.5,0.0708
1973-04-04,2.5,0.0708
1973-04-05,2.7,0.0765
1973-04-06,2.8,0.0793
1973-04-07,2.8,0.0793
1973-04-08,2.6,0.0736
1973-04-09,2.7,0.0765
1973-04-10,2.7,0.0765
1973-04-11,2.8,0.0793
1973-04-12,2.9,0.0821
1973-04-13,5.0,0.1416
1973-04-14,4.2,0.1189
1973-04-15,2.8,0.0793
1973-04-16,2.7,0.0765
1973-04-17,2.7,0.0765
1973-04-18,2.8,0.0793
1973-04-19,2.4,0.068
1973-04-20,2.4,0.068
1973-04-21,2.4,0.068
1973-04-22,2.4,0.068
1973-04-23,2.4,0.068
1973-04-24,2.4,0.068
1973-04-25,2.4,0.068
1973-04-26,2.4,0.068
1973-04-27,2.4,0.068
1973-04-28,2.4,0.068
1973-04-29,2.4,0.068
1973-04-30,2.3,0.0651
1973-05-01,2.0,0.0566
1973-05-02,1.8,0.051
1973-05-03,1.8,0.051
1973-05-04,1.9,0.0538
1973-05-05,2.2,0.0623
1973-05-06,2.1,0.0595
1973-05-07,2.0,0.0566
1973-05-08,1.7,0.0481
1973-05-09,1.6,0.0453
1973-05-10,1.5,0.0425
1973-05-11,1.5,0.0425
1973-05-12,1.4,0.0396
1973-05-13,1.7,0.0481
1973-05-14,2.5,0.0708
1973-05-15,3.2,0.0906
1973-05-16,3.0,0.085
1973-05-17,2.5,0.0708
1973-05-18,2.0,0.0566
1973-05-19,1.6,0.0453
1973-05-20,1.4,0.0396
1973-05-21,1.4,0.0396
1973-05-22,1.6,0.0453
1973-05-23,1.4,0.0396
1973-05-24,1.2,0.034
1973-05-25,0.97,0.0275
1973-05-26,0.74,0.021
1973-05-27,0.62,0.0176
1973-05-28,0.54,0.0153
1973-05-29,0.62,0.0176
1973-05-30,0.65,0.0184
1973-05-31,0.71,0.0201
1973-06-01,0.9,0.0255
1973-06-02,0.87,0.0246
1973-06-03,0.77,0.0218
1973-06-04,0.58,0.0164
1973-06-05,0.44,0.0125
1973-06-06,0.41,0.0116
1973-06-07,0.38,0.0108
1973-06-08,0.39,0.011
1973-06-09,0.33,0.0093
1973-06-10,0.29,0.0082
1973-06-11,0.3,0.0085
1973-06-12,0.31,0.0088
1973-06-13,0.32,0.0091
1973-06-14,0.36,0.0102
1973-06-15,0.25,0.0071
1973-06-16,0.11,0.0031
1973-06-17,0.02,0.0006
1973-06-18,0.0,0.0
1973-06-19,0.0,0.0
1973-06-20,0.0,0.0
1973-06-21,0.0,0.0
1973-06-22,0.0,0.0
1973-06-23,0.0,0.0
1973-06-24,0.0,0.0
1973-06-25,0.0,0.0
1973-06-26,0.0,0.0
1973-06-27,0.0,0.0
1973-06-28,0.0,0.0
1973-06-29,0.0,0.0
1973-06-30,0.0,0.0
1973-07-01,0.0,0.0
1973-07-02,0.0,0.0
1973-07-03,0.0,0.0
1973-07-04,0.0,0.0
1973-07-05,0.0,0.0
1973-07-06,0.0,0.0
1973-07-07,0.0,0.0
1973-07-08,0.0,0.0
1973-07-09,0.0,0.0
1973-07-10,0.0,0.0
1973-07-11,0.0,0.0
1973-07-12,0.0,0.0
1973-07-13,0.0,0.0
1973-07-14,5.5,0.1557
1973-07-15,4.5,0.1274
1973-07-16,1.0,0.0283
1973-07-17,0.22,0.0062
1973-07-18,3.3,0.0934
1973-07-19,12.0,0.3398
1973-07-20,1.2,0.034
1973-07-21,0.45,0.0127
1973-07-22,0.21,0.0059
1973-07-23,0.05,0.0014
1973-07-24,0.0,0.0
1973-07-25,0.0,0.0
1973-07-26,0.12,0.0034
1973-07-27,0.0,0.0
1973-07-28,0.0,0.0
1973-07-29,0.0,0.0
1973-07-30,19.0,0.538
1973-07-31,4.8,0.1359
1973-08-01,0.72,0.0204
1973-08-02,0.31,0.0088
1973-08-03,0.13,0.0037
1973-08-04,0.02,0.0006
1973-08-05,0.0,0.0
1973-08-06,0.0,0.0
1973-08-07,0.39,0.011
1973-08-08,0.06,0.0017
1973-08-09,0.0,0.0
1973-08-10,9.9,0.2803
1973-08-11,2.2,0.0623
1973-08-12,0.42,0.0119
1973-08-13,0.19,0.0054
1973-08-14,0.0,0.0
1973-08-15,0.0,0.0
1973-08-16,0.0,0.0
1973-08-17,0.0,0.0
1973-08-18,0.0,0.0
1973-08-19,0.0,0.0
1973-08-20,0.0,0.0
1973-08-21,0.0,0.0
1973-08-22,0.0,0.0
1973-08-23,0.0,0.0
1973-08-24,0.0,0.0
1973-08-25,0.0,0.0
1973-08-26,0.0,0.0
1973-08-27,0.0,0.0
1973-08-28,0.0,0.0
1973-08-29,0.0,0.0
1973-08-30,0.0,0.0
1973-08-31,100.0,2.8317
1973-09-01,6.7,0.1897
1973-09-02,3.5,0.0991
1973-09-03,0.44,0.0125
1973-09-04,0.43,0.0122
1973-09-05,0.19,0.0054
1973-09-06,0.01,0.0003
1973-09-07,0.0,0.0
1973-09-08,0.0,0.0
1973-09-09,0.62,0.0176
1973-09-10,19.0,0.538
1973-09-11,15.0,0.4248
1973-09-12,3.8,0.1076
1973-09-13,1.4,0.0396
1973-09-14,0.69,0.0195
1973-09-15,54.0,1.5291
1973-09-16,22.0,0.623
1973-09-17,6.6,0.1869
1973-09-18,3.3,0.0934
1973-09-19,1.9,0.0538
1973-09-20,1.2,0.034
1973-09-21,0.99,0.028
1973-09-22,0.9,0.0255
1973-09-23,0.75,0.0212
1973-09-24,0.67,0.019
1973-09-25,0.56,0.0159
1973-09-26,0.45,0.0127
1973-09-27,0.32,0.0091
1973-09-28,0.35,0.0099
1973-09-29,0.41,0.0116
1973-09-30,0.48,0.0136
1973-10-01,0.51,0.0144
1973-10-02,0.49,0.0139
1973-10-03,0.45,0.0127
1973-10-04,0.45,0.0127
1973-10-05,1.3,0.0368
1973-10-06,1.4,0.0396
1973-10-07,1.3,0.0368
1973-10-08,1.1,0.0311
1973-10-09,3.3,0.0934
1973-10-10,1.4,0.0396
1973-10-11,0.79,0.0224
1973-10-12,0.67,0.019
1973-10-13,0.65,0.0184
1973-10-14,0.72,0.0204
1973-10-15,0.77,0.0218
1973-10-16,0.77,0.0218
1973-10-17,0.77,0.0218
1973-10-18,0.77,0.0218
1973-10-19,0.78,0.0221
1973-10-20,0.79,0.0224
1973-10-21,0.73,0.0207
1973-10-22,0.7,0.0198
1973-10-23,0.72,0.0204
1973-10-24,0.76,0.0215
1973-10-25,0.79,0.0224
1973-10-26,0.84,0.0238
1973-10-27,0.87,0.0246
1973-10-28,0.98,0.0278
1973-10-29,1.0,0.0283
1973-10-30,1.1,0.0311
1973-10-31,1.1,0.0311
1973-11-01,1.1,0.0311
1973-11-02,0.96,0.0272
1973-11-03,0.97,0.0275
1973-11-04,1.1,0.0311
1973-11-05,1.2,0.034
1973-11-06,1.4,0.0396
1973-11-07,1.4,0.0396
1973-11-08,1.5,0.0425
1973-11-09,1.4,0.0396
1973-11-10,1.7,0.0481
1973-11-11,1.9,0.0538
1973-11-12,2.1,0.0595
1973-11-13,2.0,0.0566
1973-11-14,1.7,0.0481
1973-11-15,1.1,0.0311
1973-11-16,1.2,0.034
1973-11-17,1.3,0.0368
1973-11-18,1.4,0.0396
1973-11-19,1.4,0.0396
1973-11-20,1.4,0.0396
1973-11-21,1.4,0.0396
1973-11-22,1.5,0.0425
1973-11-23,1.7,0.0481
1973-11-24,1.9,0.0538
1973-11-25,2.0,0.0566
1973-11-26,2.1,0.0595
1973-11-27,2.0,0.0566
1973-11-28,1.9,0.0538
1973-11-29,1.9,0.0538
1973-11-30,2.0,0.0566
1973-12-01,2.1,0.0595
1973-12-02,2.3,0.0651
1973-12-03,2.1,0.0595
1973-12-04,2.1,0.0595
1973-12-05,2.1,0.0595
1973-12-06,2.2,0.0623
1973-12-07,2.2,0.0623
1973-12-08,2.3,0.0651
1973-12-09,2.3,0.0651
1973-12-10,2.4,0.068
1973-12-11,2.3,0.0651
1973-12-12,2.4,0.068
1973-12-13,2.3,0.0651
1973-12-14,2.3,0.0651
1973-12-15,2.3,0.0651
1973-12-16,2.3,0.0651
1973-12-17,2.4,0.068
1973-12-18,2.4,0.068
1973-12-19,2.2,0.0623
1973-12-20,2.1,0.0595
1973-12-21,2.1,0.0595
1973-12-22,2.3,0.0651
1973-12-23,2.3,0.0651
1973-12-24,2.3,0.0651
1973-12-25,2.3,0.0651
1973-12-26,2.3,0.0651
1973-12-27,2.3,0.0651
1973-12-28,2.4,0.068
1973-12-29,2.4,0.068
1973-12-30,2.3,0.0651
1973-12-31,2.2,0.0623
1974-01-01,2.3,0.0651
1974-01-02,2.3,0.0651
1974-01-03,2.3,0.0651
1974-01-04,2.5,0.0708
1974-01-05,2.4,0.068
1974-01-06,2.5,0.0708
1974-01-07,2.6,0.0736
1974-01-08,2.6,0.0736
1974-01-09,2.5,0.0708
1974-01-10,2.5,0.0708
1974-01-11,2.5,0.0708
1974-01-12,2.5,0.0708
1974-01-13,2.5,0.0708
1974-01-14,2.5,0.0708
1974-01-15,2.5,0.0708
1974-01-16,2.5,0.0708
1974-01-17,2.6,0.0736
1974-01-18,2.3,0.0651
1974-01-19,2.3,0.0651
1974-01-20,2.3,0.0651
1974-01-21,2.4,0.068
1974-01-22,2.3,0.0651
1974-01-23,2.7,0.0765
1974-01-24,3.6,0.1019
1974-01-25,3.5,0.0991
1974-01-26,2.9,0.0821
1974-01-27,2.5,0.0708
1974-01-28,2.4,0.068
1974-01-29,2.3,0.0651
1974-01-30,2.3,0.0651
1974-01-31,2.3,0.0651
1974-02-01,2.4,0.068
1974-02-02,2.3,0.0651
1974-02-03,2.3,0.0651
1974-02-04,2.3,0.0651
1974-02-05,2.3,0.0651
1974-02-06,2.3,0.0651
1974-02-07,2.3,0.0651
1974-02-08,2.3,0.0651
1974-02-09,2.3,0.0651
1974-02-10,2.5,0.0708
1974-02-11,2.5,0.0708
1974-02-12,2.5,0.0708
1974-02-13,2.5,0.0708
1974-02-14,2.4,0.068
1974-02-15,2.4,0.068
1974-02-16,2.3,0.0651
1974-02-17,2.4,0.068
1974-02-18,2.3,0.0651
1974-02-19,2.4,0.068
1974-02-20,2.3,0.0651
1974-02-21,2.3,0.0651
1974-02-22,2.3,0.0651
1974-02-23,2.3,0.0651
1974-02-24,2.3,0.0651
1974-02-25,2.3,0.0651
1974-02-26,2.4,0.068
1974-02-27,2.5,0.0708
1974-02-28,2.5,0.0708
1974-03-01,2.4,0.068
1974-03-02,2.3,0.0651
1974-03-03,2.2,0.0623
1974-03-04,2.1,0.0595
1974-03-05,2.1,0.0595
1974-03-06,2.1,0.0595
1974-03-07,2.2,0.0623
1974-03-08,2.3,0.0651
1974-03-09,2.3,0.0651
1974-03-10,2.2,0.0623
1974-03-11,2.1,0.0595
1974-03-12,2.1,0.0595
1974-03-13,2.3,0.0651
1974-03-14,2.3,0.0651
1974-03-15,2.3,0.0651
1974-03-16,2.2,0.0623
1974-03-17,2.2,0.0623
1974-03-18,2.2,0.0623
1974-03-19,2.2,0.0623
1974-03-20,2.1,0.0595
1974-03-21,2.1,0.0595
1974-03-22,2.1,0.0595
1974-03-23,2.0,0.0566
1974-03-24,2.0,0.0566
1974-03-25,2.0,0.0566
1974-03-26,2.0,0.0566
1974-03-27,2.0,0.0566
1974-03-28,1.9,0.0538
1974-03-29,1.9,0.0538
1974-03-30,1.8,0.051
1974-03-31,1.8,0.051
1974-04-01,1.9,0.0538
1974-04-02,1.6,0.0453
1974-04-03,1.4,0.0396
1974-04-04,1.4,0.0396
1974-04-05,1.4,0.0396
1974-04-06,1.4,0.0396
1974-04-07,1.4,0.0396
1974-04-08,1.4,0.0396
1974-04-09,1.3,0.0368
1974-04-10,1.3,0.0368
1974-04-11,1.2,0.034
1974-04-12,1.1,0.0311
1974-04-13,1.1,0.0311
1974-04-14,1.2,0.034
1974-04-15,1.6,0.0453
1974-04-16,1.4,0.0396
1974-04-17,1.6,0.0453
1974-04-18,1.4,0.0396
1974-04-19,1.4,0.0396
1974-04-20,1.2,0.034
1974-04-21,1.1,0.0311
1974-04-22,0.99,0.028
1974-04-23,1.1,0.0311
1974-04-24,1.1,0.0311
1974-04-25,0.99,0.028
1974-04-26,1.2,0.034
1974-04-27,1.1,0.0311
1974-04-28,0.99,0.028
1974-04-29,0.82,0.0232
1974-04-30,6.4,0.1812
1974-05-01,9.4,0.2662
1974-05-02,4.8,0.1359
1974-05-03,1.4,0.0396
1974-05-04,0.82,0.0232
1974-05-05,0.67,0.019
1974-05-06,0.67,0.019
1974-05-07,0.62,0.0176
1974-05-08,0.57,0.0161
1974-05-09,0.49,0.0139
1974-05-10,0.47,0.0133
1974-05-11,0.38,0.0108
1974-05-12,0.29,0.0082
1974-05-13,0.11,0.0031
1974-05-14,0.0,0.0
1974-05-15,0.0,0.0
1974-05-16,0.0,0.0
1974-05-17,0.0,0.0
1974-05-18,0.0,0.0
1974-05-19,0.0,0.0
1974-05-20,0.0,0.0
1974-05-21,0.0,0.0
1974-05-22,0.0,0.0
1974-05-23,0.0,0.0
1974-05-24,0.0,0.0
1974-05-25,0.0,0.0
1974-05-26,0.0,0.0
1974-05-27,0.0,0.0
1974-05-28,0.0,0.0
1974-05-29,0.0,0.0
1974-05-30,0.0,0.0
1974-05-31,0.0,0.0
1974-06-01,0.0,0.0
1974-06-02,0.0,0.0
1974-06-03,0.0,0.0
1974-06-04,0.0,0.0
1974-06-05,0.0,0.0
1974-06-06,0.0,0.0
1974-06-07,0.0,0.0
1974-06-08,0.0,0.0
1974-06-09,0.0,0.0
1974-06-10,0.0,0.0
1974-06-11,0.0,0.0
1974-06-12,0.0,0.0
1974-06-13,0.0,0.0
1974-06-14,0.0,0.0
1974-06-15,0.0,0.0
1974-06-16,0.0,0.0
1974-06-17,0.0,0.0
1974-06-18,0.0,0.0
1974-06-19,0.0,0.0
1974-06-20,0.0,0.0
1974-06-21,0.0,0.0
1974-06-22,0.0,0.0
1974-06-23,0.0,0.0
1974-06-24,0.0,0.0
1974-06-25,0.0,0.0
1974-06-26,0.0,0.0
1974-06-27,0.0,0.0
1974-06-28,0.0,0.0
1974-06-29,0.0,0.0
1974-06-30,0.0,0.0
1974-07-01,0.0,0.0
1974-07-02,0.0,0.0
1974-07-03,0.0,0.0
1974-07-04,0.0,0.0
1974-07-05,0.0,0.0
1974-07-06,0.0,0.0
1974-07-07,7.1,0.201
1974-07-08,0.38,0.0108
1974-07-09,0.82,0.0232
1974-07-10,0.01,0.0003
1974-07-11,0.0,0.0
1974-07-12,0.0,0.0
1974-07-13,0.0,0.0
1974-07-14,0.0,0.0
1974-07-15,0.0,0.0
1974-07-16,0.0,0.0
1974-07-17,0.0,0.0
1974-07-18,0.0,0.0
1974-07-19,0.0,0.0
1974-07-20,0.0,0.0
1974-07-21,0.0,0.0
1974-07-22,0.0,0.0
1974-07-23,0.0,0.0
1974-07-24,0.0,0.0
1974-07-25,0.0,0.0
1974-07-26,0.0,0.0
1974-07-27,0.0,0.0
1974-07-28,0.0,0.0
1974-07-29,0.0,0.0
1974-07-30,0.0,0.0
1974-07-31,0.0,0.0
1974-08-01,0.0,0.0
1974-08-02,0.0,0.0
1974-08-03,0.0,0.0
1974-08-04,0.0,0.0
1974-08-05,0.0,0.0
1974-08-06,0.0,0.0
1974-08-07,0.0,0.0
1974-08-08,0.0,0.0
1974-08-09,0.0,0.0
1974-08-10,0.0,0.0
1974-08-11,8.4,0.2379
1974-08-12,3.3,0.0934
1974-08-13,0.0,0.0
1974-08-14,0.0,0.0
1974-08-15,0.0,0.0
1974-08-16,1.4,0.0396
1974-08-17,0.56,0.0159
1974-08-18,0.15,0.0042
1974-08-19,0.0,0.0
1974-08-20,0.0,0.0
1974-08-21,0.0,0.0
1974-08-22,0.0,0.0
1974-08-23,254.0,7.1925
1974-08-24,152.0,4.3042
1974-08-25,9.4,0.2662
1974-08-26,595.0,16.8485
1974-08-27,92.0,2.6051
1974-08-28,29.0,0.8212
1974-08-29,11.0,0.3115
1974-08-30,8.0,0.2265
1974-08-31,5.9,0.1671
1974-09-01,4.5,0.1274
1974-09-02,3.5,0.0991
1974-09-03,3.3,0.0934
1974-09-04,2.9,0.0821
1974-09-05,2.7,0.0765
1974-09-06,2.2,0.0623
1974-09-07,2.1,0.0595
1974-09-08,1.7,0.0481
1974-09-09,1.6,0.0453
1974-09-10,1.4,0.0396
1974-09-11,1.2,0.034
1974-09-12,1.1,0.0311
1974-09-13,1.1,0.0311
1974-09-14,1.2,0.034
1974-09-15,1.6,0.0453
1974-09-16,2.1,0.0595
1974-09-17,2.2,0.0623
1974-09-18,4.5,0.1274
1974-09-19,4.8,0.1359
1974-09-20,3.3,0.0934
1974-09-21,80.0,2.2653
1974-09-22,73.0,2.0671
1974-09-23,220.0,6.2297
1974-09-24,1160.0,32.8475
1974-09-25,384.0,10.8737
1974-09-26,39.0,1.1044
1974-09-27,24.0,0.6796
1974-09-28,17.0,0.4814
1974-09-29,13.0,0.3681
1974-09-30,9.9,0.2803
1974-10-01,8.6,0.2435
1974-10-02,7.4,0.2095
1974-10-03,6.5,0.1841
1974-10-04,6.3,0.1784
1974-10-05,5.8,0.1642
1974-10-06,5.4,0.1529
1974-10-07,5.0,0.1416
1974-10-08,4.8,0.1359
1974-10-09,4.9,0.1388
1974-10-10,4.5,0.1274
1974-10-11,4.3,0.1218
1974-10-12,4.1,0.1161
1974-10-13,5.3,0.1501
1974-10-14,8.1,0.2294
1974-10-15,4.5,0.1274
1974-10-16,4.0,0.1133
1974-10-17,3.8,0.1076
1974-10-18,3.7,0.1048
1974-10-19,3.5,0.0991
1974-10-20,3.7,0.1048
1974-10-21,3.6,0.1019
1974-10-22,3.6,0.1019
1974-10-23,6.3,0.1784
1974-10-24,16.0,0.4531
1974-10-25,17.0,0.4814
1974-10-26,8.9,0.252
1974-10-27,6.7,0.1897
1974-10-28,14.0,0.3964
1974-10-29,26.0,0.7362
1974-10-30,9.4,0.2662
1974-10-31,7.1,0.201
1974-11-01,5.7,0.1614
1974-11-02,4.9,0.1388
1974-11-03,4.4,0.1246
1974-11-04,4.1,0.1161
1974-11-05,4.1,0.1161
1974-11-06,3.6,0.1019
1974-11-07,4.2,0.1189
1974-11-08,4.3,0.1218
1974-11-09,4.9,0.1388
1974-11-10,4.8,0.1359
1974-11-11,4.2,0.1189
1974-11-12,3.9,0.1104
1974-11-13,4.3,0.1218
1974-11-14,3.8,0.1076
1974-11-15,3.9,0.1104
1974-11-16,3.9,0.1104
1974-11-17,3.6,0.1019
1974-11-18,3.6,0.1019
1974-11-19,3.6,0.1019
1974-11-20,3.5,0.0991
1974-11-21,3.7,0.1048
1974-11-22,3.6,0.1019
1974-11-23,3.5,0.0991
1974-11-24,3.4,0.0963
1974-11-25,3.4,0.0963
1974-11-26,3.4,0.0963
1974-11-27,3.5,0.0991
1974-11-28,3.6,0.1019
1974-11-29,3.4,0.0963
1974-11-30,3.4,0.0963
1974-12-01,3.4,0.0963
1974-12-02,3.6,0.1019
1974-12-03,3.6,0.1019
1974-12-04,3.6,0.1019
1974-12-05,3.6,0.1019
1974-12-06,3.6,0.1019
1974-12-07,3.6,0.1019
1974-12-08,3.8,0.1076
1974-12-09,3.9,0.1104
1974-12-10,3.9,0.1104
1974-12-11,3.7,0.1048
1974-12-12,3.6,0.1019
1974-12-13,3.6,0.1019
1974-12-14,3.6,0.1019
1974-12-15,3.6,0.1019
1974-12-16,3.6,0.1019
1974-12-17,3.6,0.1019
1974-12-18,3.5,0.0991
1974-12-19,3.6,0.1019
1974-12-20,3.4,0.0963
1974-12-21,3.5,0.0991
1974-12-22,3.5,0.0991
1974-12-23,3.4,0.0963
1974-12-24,3.3,0.0934
1974-12-25,3.5,0.0991
1974-12-26,4.1,0.1161
1974-12-27,4.7,0.1331
1974-12-28,4.3,0.1218
1974-12-29,4.1,0.1161
1974-12-30,4.4,0.1246
1974-12-31,4.2,0.1189
1975-01-01,4.1,0.1161
1975-01-02,4.0,0.1133
1975-01-03,3.9,0.1104
1975-01-04,3.9,0.1104
1975-01-05,3.6,0.1019
1975-01-06,3.6,0.1019
1975-01-07,3.5,0.0991
1975-01-08,3.4,0.0963
1975-01-09,3.2,0.0906
1975-01-10,3.1,0.0878
1975-01-11,3.1,0.0878
1975-01-12,3.0,0.085
1975-01-13,2.9,0.0821
1975-01-14,2.9,0.0821
1975-01-15,2.9,0.0821
1975-01-16,2.9,0.0821
1975-01-17,2.9,0.0821
1975-01-18,3.1,0.0878
1975-01-19,3.1,0.0878
1975-01-20,3.1,0.0878
1975-01-21,3.1,0.0878
1975-01-22,2.9,0.0821
1975-01-23,3.0,0.085
1975-01-24,3.4,0.0963
1975-01-25,3.4,0.0963
1975-01-26,3.3,0.0934
1975-01-27,3.3,0.0934
1975-01-28,3.3,0.0934
1975-01-29,3.3,0.0934
1975-01-30,3.6,0.1019
1975-01-31,3.9,0.1104
1975-02-01,4.2,0.1189
1975-02-02,4.4,0.1246
1975-02-03,4.3,0.1218
1975-02-04,4.1,0.1161
1975-02-05,3.9,0.1104
1975-02-06,3.6,0.1019
1975-02-07,3.6,0.1019
1975-02-08,3.7,0.1048
1975-02-09,3.6,0.1019
1975-02-10,3.6,0.1019
1975-02-11,3.6,0.1019
1975-02-12,3.4,0.0963
1975-02-13,3.4,0.0963
1975-02-14,3.4,0.0963
1975-02-15,3.5,0.0991
1975-02-16,3.4,0.0963
1975-02-17,3.3,0.0934
1975-02-18,3.3,0.0934
1975-02-19,3.4,0.0963
1975-02-20,3.4,0.0963
1975-02-21,3.5,0.0991
1975-02-22,3.8,0.1076
1975-02-23,3.6,0.1019
1975-02-24,3.6,0.1019
1975-02-25,3.6,0.1019
1975-02-26,3.8,0.1076
1975-02-27,3.8,0.1076
1975-02-28,3.8,0.1076
1975-03-01,3.8,0.1076
1975-03-02,3.9,0.1104
1975-03-03,3.8,0.1076
1975-03-04,3.8,0.1076
1975-03-05,3.6,0.1019
1975-03-06,3.6,0.1019
1975-03-07,3.6,0.1019
1975-03-08,3.4,0.0963
1975-03-09,3.5,0.0991
1975-03-10,3.5,0.0991
1975-03-11,3.4,0.0963
1975-03-12,3.6,0.1019
1975-03-13,3.9,0.1104
1975-03-14,3.6,0.1019
1975-03-15,3.6,0.1019
1975-03-16,3.5,0.0991
1975-03-17,3.2,0.0906
1975-03-18,3.1,0.0878
1975-03-19,3.2,0.0906
1975-03-20,3.2,0.0906
1975-03-21,3.2,0.0906
1975-03-22,3.2,0.0906
1975-03-23,3.1,0.0878
1975-03-24,3.1,0.0878
1975-03-25,3.1,0.0878
1975-03-26,3.2,0.0906
1975-03-27,3.2,0.0906
1975-03-28,3.3,0.0934
1975-03-29,3.3,0.0934
1975-03-30,3.4,0.0963
1975-03-31,3.6,0.1019
1975-04-01,3.8,0.1076
1975-04-02,3.6,0.1019
1975-04-03,3.6,0.1019
1975-04-04,3.4,0.0963
1975-04-05,3.4,0.0963
1975-04-06,3.3,0.0934
1975-04-07,3.3,0.0934
1975-04-08,3.1,0.0878
1975-04-09,3.1,0.0878
1975-04-10,3.1,0.0878
1975-04-11,3.1,0.0878
1975-04-12,3.4,0.0963
1975-04-13,3.4,0.0963
1975-04-14,3.5,0.0991
1975-04-15,3.5,0.0991
1975-04-16,3.4,0.0963
1975-04-17,3.2,0.0906
1975-04-18,2.8,0.0793
1975-04-19,2.7,0.0765
1975-04-20,2.6,0.0736
1975-04-21,2.6,0.0736
1975-04-22,2.7,0.0765
1975-04-23,2.7,0.0765
1975-04-24,2.6,0.0736
1975-04-25,2.6,0.0736
1975-04-26,2.6,0.0736
1975-04-27,2.6,0.0736
1975-04-28,2.3,0.0651
1975-04-29,2.3,0.0651
1975-04-30,2.3,0.0651
1975-05-01,2.4,0.068
1975-05-02,2.5,0.0708
1975-05-03,2.5,0.0708
1975-05-04,2.4,0.068
1975-05-05,2.2,0.0623
1975-05-06,2.1,0.0595
1975-05-07,2.1,0.0595
1975-05-08,2.1,0.0595
1975-05-09,2.2,0.0623
1975-05-10,3.0,0.085
1975-05-11,6.0,0.1699
1975-05-12,3.6,0.1019
1975-05-13,2.3,0.0651
1975-05-14,2.1,0.0595
1975-05-15,2.0,0.0566
1975-05-16,1.9,0.0538
1975-05-17,21.0,0.5947
1975-05-18,3.3,0.0934
1975-05-19,5.3,0.1501
1975-05-20,2.5,0.0708
1975-05-21,1.6,0.0453
1975-05-22,1.2,0.034
1975-05-23,1.1,0.0311
1975-05-24,1.0,0.0283
1975-05-25,0.98,0.0278
1975-05-26,0.88,0.0249
1975-05-27,0.85,0.0241
1975-05-28,0.88,0.0249
1975-05-29,0.89,0.0252
1975-05-30,0.84,0.0238
1975-05-31,0.88,0.0249
1975-06-01,0.9,0.0255
1975-06-02,0.96,0.0272
1975-06-03,0.85,0.0241
1975-06-04,0.71,0.0201
1975-06-05,0.65,0.0184
1975-06-06,0.56,0.0159
1975-06-07,0.5,0.0142
1975-06-08,0.47,0.0133
1975-06-09,0.41,0.0116
1975-06-10,0.42,0.0119
1975-06-11,0.4,0.0113
1975-06-12,0.45,0.0127
1975-06-13,0.46,0.013
1975-06-14,0.38,0.0108
1975-06-15,0.26,0.0074
1975-06-16,0.13,0.0037
1975-06-17,0.05,0.0014
1975-06-18,0.0,0.0
1975-06-19,0.0,0.0
1975-06-20,0.0,0.0
1975-06-21,0.0,0.0
1975-06-22,20.0,0.5663
1975-06-23,13.0,0.3681
1975-06-24,17.0,0.4814
1975-06-25,0.87,0.0246
1975-06-26,0.57,0.0161
1975-06-27,0.24,0.0068
1975-06-28,0.12,0.0034
1975-06-29,0.08,0.0023
1975-06-30,0.04,0.0011
1975-07-01,0.03,0.0008
1975-07-02,0.03,0.0008
1975-07-03,0.01,0.0003
1975-07-04,52.0,1.4725
1975-07-05,13.0,0.3681
1975-07-06,8.0,0.2265
1975-07-07,4.0,0.1133
1975-07-08,1.4,0.0396
1975-07-09,0.74,0.021
1975-07-10,0.71,0.0201
1975-07-11,0.57,0.0161
1975-07-12,0.57,0.0161
1975-07-13,0.83,0.0235
1975-07-14,0.63,0.0178
1975-07-15,0.42,0.0119
1975-07-16,0.26,0.0074
1975-07-17,0.22,0.0062
1975-07-18,0.28,0.0079
1975-07-19,0.35,0.0099
1975-07-20,0.34,0.0096
1975-07-21,0.63,0.0178
1975-07-22,98.0,2.775
1975-07-23,49.0,1.3875
1975-07-24,323.0,9.1463
1975-07-25,22.0,0.623
1975-07-26,21.0,0.5947
1975-07-27,7.9,0.2237
1975-07-28,21.0,0.5947
1975-07-29,11.0,0.3115
1975-07-30,5.1,0.1444
1975-07-31,3.3,0.0934
1975-08-01,2.6,0.0736
1975-08-02,2.2,0.0623
1975-08-03,8.3,0.235
1975-08-04,4.5,0.1274
1975-08-05,2.3,0.0651
1975-08-06,1.7,0.0481
1975-08-07,1.5,0.0425
1975-08-08,1.3,0.0368
1975-08-09,1.2,0.034
1975-08-10,1.1,0.0311
1975-08-11,1.0,0.0283
1975-08-12,1.0,0.0283
1975-08-13,1.1,0.0311
1975-08-14,1.1,0.0311
1975-08-15,0.99,0.028
1975-08-16,0.96,0.0272
1975-08-17,0.97,0.0275
1975-08-18,0.92,0.0261
1975-08-19,0.77,0.0218
1975-08-20,0.6,0.017
1975-08-21,1.5,0.0425
1975-08-22,0.91,0.0258
1975-08-23,0.61,0.0173
1975-08-24,0.46,0.013
1975-08-25,0.39,0.011
1975-08-26,0.27,0.0076
1975-08-27,13.0,0.3681
1975-08-28,11.0,0.3115
1975-08-29,19.0,0.538
1975-08-30,4.9,0.1388
1975-08-31,1.7,0.0481
1975-09-01,1.1,0.0311
1975-09-02,0.77,0.0218
1975-09-03,0.68,0.0193
1975-09-04,0.7,0.0198
1975-09-05,0.69,0.0195
1975-09-06,0.74,0.021
1975-09-07,0.88,0.0249
1975-09-08,0.74,0.021
1975-09-09,0.67,0.019
1975-09-10,0.6,0.017
1975-09-11,0.6,0.017
1975-09-12,29.0,0.8212
1975-09-13,29.0,0.8212
1975-09-14,13.0,0.3681
1975-09-15,7.1,0.201
1975-09-16,4.2,0.1189
1975-09-17,3.1,0.0878
1975-09-18,2.2,0.0623
1975-09-19,1.7,0.0481
1975-09-20,1.5,0.0425
1975-09-21,1.6,0.0453
1975-09-22,2.0,0.0566
1975-09-23,2.0,0.0566
1975-09-24,1.8,0.051
1975-09-25,1.6,0.0453
1975-09-26,1.4,0.0396
1975-09-27,1.3,0.0368
1975-09-28,1.2,0.034
1975-09-29,1.2,0.034
1975-09-30,1.1,0.0311
1975-10-01,1.1,0.0311
1975-10-02,1.1,0.0311
1975-10-03,1.2,0.034
1975-10-04,1.2,0.034
1975-10-05,1.3,0.0368
1975-10-06,1.3,0.0368
1975-10-07,1.3,0.0368
1975-10-08,1.2,0.034
1975-10-09,1.1,0.0311
1975-10-10,1.1,0.0311
1975-10-11,1.1,0.0311
1975-10-12,1.1,0.0311
1975-10-13,1.1,0.0311
1975-10-14,1.0,0.0283
1975-10-15,0.97,0.0275
1975-10-16,1.0,0.0283
1975-10-17,1.1,0.0311
1975-10-18,1.1,0.0311
1975-10-19,1.2,0.034
1975-10-20,1.3,0.0368
1975-10-21,1.9,0.0538
1975-10-22,2.1,0.0595
1975-10-23,2.0,0.0566
1975-10-24,1.6,0.0453
1975-10-25,1.5,0.0425
1975-10-26,1.7,0.0481
1975-10-27,1.8,0.051
1975-10-28,1.8,0.051
1975-10-29,1.9,0.0538
1975-10-30,1.9,0.0538
1975-10-31,2.0,0.0566
1975-11-01,2.0,0.0566
1975-11-02,2.3,0.0651
1975-11-03,2.1,0.0595
1975-11-04,2.1,0.0595
1975-11-05,2.1,0.0595
1975-11-06,2.1,0.0595
1975-11-07,2.1,0.0595
1975-11-08,2.1,0.0595
1975-11-09,2.1,0.0595
1975-11-10,2.1,0.0595
1975-11-11,2.4,0.068
1975-11-12,2.4,0.068
1975-11-13,2.5,0.0708
1975-11-14,2.7,0.0765
1975-11-15,2.9,0.0821
1975-11-16,3.1,0.0878
1975-11-17,3.2,0.0906
1975-11-18,3.3,0.0934
1975-11-19,3.2,0.0906
1975-11-20,3.2,0.0906
1975-11-21,3.2,0.0906
1975-11-22,3.4,0.0963
1975-11-23,3.7,0.1048
1975-11-24,3.9,0.1104
1975-11-25,3.9,0.1104
1975-11-26,3.8,0.1076
1975-11-27,3.8,0.1076
1975-11-28,3.9,0.1104
1975-11-29,4.1,0.1161
1975-11-30,3.8,0.1076
1975-12-01,3.8,0.1076
1975-12-02,4.0,0.1133
1975-12-03,4.0,0.1133
1975-12-04,4.0,0.1133
1975-12-05,4.0,0.1133
1975-12-06,3.8,0.1076
1975-12-07,3.8,0.1076
1975-12-08,3.8,0.1076
1975-12-09,3.8,0.1076
1975-12-10,3.8,0.1076
1975-12-11,4.0,0.1133
1975-12-12,4.0,0.1133
1975-12-13,4.0,0.1133
1975-12-14,3.8,0.1076
1975-12-15,3.6,0.1019
1975-12-16,3.6,0.1019
1975-12-17,3.6,0.1019
1975-12-18,3.8,0.1076
1975-12-19,3.8,0.1076
1975-12-20,3.8,0.1076
1975-12-21,4.0,0.1133
1975-12-22,4.2,0.1189
1975-12-23,4.4,0.1246
1975-12-24,4.7,0.1331
1975-12-25,4.7,0.1331
1975-12-26,4.4,0.1246
1975-12-27,4.2,0.1189
1975-12-28,4.2,0.1189
1975-12-29,4.2,0.1189
1975-12-30,4.2,0.1189
1975-12-31,4.0,0.1133
1976-01-01,4.0,0.1133
1976-01-02,4.2,0.1189
1976-01-03,4.2,0.1189
1976-01-04,4.2,0.1189
1976-01-05,4.2,0.1189
1976-01-06,4.2,0.1189
1976-01-07,4.1,0.1161
1976-01-08,4.0,0.1133
1976-01-09,4.0,0.1133
1976-01-10,4.3,0.1218
1976-01-11,4.3,0.1218
1976-01-12,4.3,0.1218
1976-01-13,4.2,0.1189
1976-01-14,4.2,0.1189
1976-01-15,4.2,0.1189
1976-01-16,4.2,0.1189
1976-01-17,4.2,0.1189
1976-01-18,4.3,0.1218
1976-01-19,4.3,0.1218
1976-01-20,4.2,0.1189
1976-01-21,4.5,0.1274
1976-01-22,4.5,0.1274
1976-01-23,4.7,0.1331
1976-01-24,4.7,0.1331
1976-01-25,4.6,0.1303
1976-01-26,4.7,0.1331
1976-01-27,4.7,0.1331
1976-01-28,4.7,0.1331
1976-01-29,5.0,0.1416
1976-01-30,5.0,0.1416
1976-01-31,5.0,0.1416
1976-02-01,4.9,0.1388
1976-02-02,4.8,0.1359
1976-02-03,5.0,0.1416
1976-02-04,5.0,0.1416
1976-02-05,5.0,0.1416
1976-02-06,4.8,0.1359
1976-02-07,4.7,0.1331
1976-02-08,4.5,0.1274
1976-02-09,4.5,0.1274
1976-02-10,4.6,0.1303
1976-02-11,4.5,0.1274
1976-02-12,4.3,0.1218
1976-02-13,4.2,0.1189
1976-02-14,4.2,0.1189
1976-02-15,4.2,0.1189
1976-02-16,4.1,0.1161
1976-02-17,4.0,0.1133
1976-02-18,4.0,0.1133
1976-02-19,4.1,0.1161
1976-02-20,4.0,0.1133
1976-02-21,4.0,0.1133
1976-02-22,4.0,0.1133
1976-02-23,4.0,0.1133
1976-02-24,4.2,0.1189
1976-02-25,4.2,0.1189
1976-02-26,4.2,0.1189
1976-02-27,4.2,0.1189
1976-02-28,4.2,0.1189
1976-02-29,4.2,0.1189
1976-03-01,4.1,0.1161
1976-03-02,4.0,0.1133
1976-03-03,4.0,0.1133
1976-03-04,3.7,0.1048
1976-03-05,3.6,0.1019
1976-03-06,3.7,0.1048
1976-03-07,3.9,0.1104
1976-03-08,4.0,0.1133
1976-03-09,4.1,0.1161
1976-03-10,4.1,0.1161
1976-03-11,3.9,0.1104
1976-03-12,3.8,0.1076
1976-03-13,3.6,0.1019
1976-03-14,3.6,0.1019
1976-03-15,3.6,0.1019
1976-03-16,3.6,0.1019
1976-03-17,3.6,0.1019
1976-03-18,3.8,0.1076
1976-03-19,3.7,0.1048
1976-03-20,3.5,0.0991
1976-03-21,3.4,0.0963
1976-03-22,3.4,0.0963
1976-03-23,3.6,0.1019
1976-03-24,3.8,0.1076
1976-03-25,3.8,0.1076
1976-03-26,3.5,0.0991
1976-03-27,3.2,0.0906
1976-03-28,3.3,0.0934
1976-03-29,3.3,0.0934
1976-03-30,3.5,0.0991
1976-03-31,3.5,0.0991
1976-04-01,3.4,0.0963
1976-04-02,3.4,0.0963
1976-04-03,3.4,0.0963
1976-04-04,3.4,0.0963
1976-04-05,3.3,0.0934
1976-04-06,3.3,0.0934
1976-04-07,3.3,0.0934
1976-04-08,3.3,0.0934
1976-04-09,3.2,0.0906
1976-04-10,3.2,0.0906
1976-04-11,3.2,0.0906
1976-04-12,3.4,0.0963
1976-04-13,5.2,0.1472
1976-04-14,4.5,0.1274
1976-04-15,3.3,0.0934
1976-04-16,2.8,0.0793
1976-04-17,2.6,0.0736
1976-04-18,2.5,0.0708
1976-04-19,2.5,0.0708
1976-04-20,2.5,0.0708
1976-04-21,2.5,0.0708
1976-04-22,2.4,0.068
1976-04-23,2.4,0.068
1976-04-24,2.3,0.0651
1976-04-25,2.2,0.0623
1976-04-26,2.1,0.0595
1976-04-27,2.1,0.0595
1976-04-28,1.9,0.0538
1976-04-29,2.0,0.0566
1976-04-30,14.0,0.3964
1976-05-01,8.6,0.2435
1976-05-02,6.0,0.1699
1976-05-03,3.8,0.1076
1976-05-04,6.2,0.1756
1976-05-05,7.0,0.1982
1976-05-06,3.2,0.0906
1976-05-07,9.6,0.2718
1976-05-08,6.9,0.1954
1976-05-09,5.7,0.1614
1976-05-10,4.3,0.1218
1976-05-11,3.7,0.1048
1976-05-12,3.0,0.085
1976-05-13,2.6,0.0736
1976-05-14,2.4,0.068
1976-05-15,2.2,0.0623
1976-05-16,2.0,0.0566
1976-05-17,1.8,0.051
1976-05-18,1.7,0.0481
1976-05-19,1.7,0.0481
1976-05-20,2.2,0.0623
1976-05-21,2.1,0.0595
1976-05-22,1.8,0.051
1976-05-23,1.4,0.0396
1976-05-24,1.1,0.0311
1976-05-25,0.97,0.0275
1976-05-26,0.87,0.0246
1976-05-27,0.78,0.0221
1976-05-28,0.75,0.0212
1976-05-29,0.59,0.0167
1976-05-30,0.48,0.0136
1976-05-31,0.34,0.0096
1976-06-01,0.33,0.0093
1976-06-02,0.28,0.0079
1976-06-03,2.1,0.0595
1976-06-04,2.6,0.0736
1976-06-05,28.0,0.7929
1976-06-06,11.0,0.3115
1976-06-07,4.0,0.1133
1976-06-08,2.4,0.068
1976-06-09,1.8,0.051
1976-06-10,1.7,0.0481
1976-06-11,1.3,0.0368
1976-06-12,0.88,0.0249
1976-06-13,0.67,0.019
1976-06-14,0.51,0.0144
1976-06-15,0.28,0.0079
1976-06-16,0.12,0.0034
1976-06-17,0.0,0.0
1976-06-18,0.0,0.0
1976-06-19,0.0,0.0
1976-06-20,0.0,0.0
1976-06-21,0.0,0.0
1976-06-22,0.0,0.0
1976-06-23,0.0,0.0
1976-06-24,0.0,0.0
1976-06-25,0.0,0.0
1976-06-26,0.0,0.0
1976-06-27,0.0,0.0
1976-06-28,0.0,0.0
1976-06-29,0.0,0.0
1976-06-30,0.0,0.0
1976-07-01,0.0,0.0
1976-07-02,0.0,0.0
1976-07-03,0.0,0.0
1976-07-04,0.0,0.0
1976-07-05,0.0,0.0
1976-07-06,0.0,0.0
1976-07-07,0.0,0.0
1976-07-08,0.0,0.0
1976-07-09,0.0,0.0
1976-07-10,0.0,0.0
1976-07-11,0.0,0.0
1976-07-12,200.0,5.6634
1976-07-13,50.0,1.4158
1976-07-14,30.0,0.8495
1976-07-15,11.0,0.3115
1976-07-16,7.7,0.218
1976-07-17,2.6,0.0736
1976-07-18,1.4,0.0396
1976-07-19,0.95,0.0269
1976-07-20,0.66,0.0187
1976-07-21,0.45,0.0127
1976-07-22,0.39,0.011
1976-07-23,2.5,0.0708
1976-07-24,1.8,0.051
1976-07-25,0.75,0.0212
1976-07-26,0.41,0.0116
1976-07-27,0.27,0.0076
1976-07-28,12.0,0.3398
1976-07-29,57.0,1.6141
1976-07-30,5.8,0.1642
1976-07-31,2.4,0.068
1976-08-01,8.8,0.2492
1976-08-02,25.0,0.7079
1976-08-03,176.0,4.9838
1976-08-04,23.0,0.6513
1976-08-05,7.2,0.2039
1976-08-06,4.8,0.1359
1976-08-07,3.5,0.0991
1976-08-08,2.8,0.0793
1976-08-09,2.1,0.0595
1976-08-10,1.6,0.0453
1976-08-11,1.3,0.0368
1976-08-12,1.1,0.0311
1976-08-13,0.91,0.0258
1976-08-14,0.83,0.0235
1976-08-15,0.73,0.0207
1976-08-16,0.61,0.0173
1976-08-17,0.54,0.0153
1976-08-18,0.57,0.0161
1976-08-19,0.56,0.0159
1976-08-20,0.54,0.0153
1976-08-21,0.5,0.0142
1976-08-22,0.38,0.0108
1976-08-23,0.34,0.0096
1976-08-24,0.33,0.0093
1976-08-25,0.35,0.0099
1976-08-26,0.26,0.0074
1976-08-27,0.25,0.0071
1976-08-28,0.31,0.0088
1976-08-29,0.34,0.0096
1976-08-30,0.3,0.0085
1976-08-31,0.27,0.0076
1976-09-01,0.28,0.0079
1976-09-02,0.33,0.0093
1976-09-03,0.34,0.0096
1976-09-04,0.29,0.0082
1976-09-05,0.36,0.0102
1976-09-06,0.58,0.0164
1976-09-07,0.84,0.0238
1976-09-08,6.0,0.1699
1976-09-09,64.0,1.8123
1976-09-10,49.0,1.3875
1976-09-11,13.0,0.3681
1976-09-12,5.9,0.1671
1976-09-13,4.0,0.1133
1976-09-14,3.0,0.085
1976-09-15,2.0,0.0566
1976-09-16,1.9,0.0538
1976-09-17,1.7,0.0481
1976-09-18,1.6,0.0453
1976-09-19,1.5,0.0425
1976-09-20,8.7,0.2464
1976-09-21,8.2,0.2322
1976-09-22,4.4,0.1246
1976-09-23,2.0,0.0566
1976-09-24,2.6,0.0736
1976-09-25,2.1,0.0595
1976-09-26,1.7,0.0481
1976-09-27,1.4,0.0396
1976-09-28,1.4,0.0396
1976-09-29,1.4,0.0396
1976-09-30,1.5,0.0425
1976-10-01,1.4,0.0396
1976-10-02,1.8,0.051
1976-10-03,1.9,0.0538
1976-10-04,1.7,0.0481
1976-10-05,1.4,0.0396
1976-10-06,1.4,0.0396
1976-10-07,1.3,0.0368
1976-10-08,1.3,0.0368
1976-10-09,1.4,0.0396
1976-10-10,1.5,0.0425
1976-10-11,1.5,0.0425
1976-10-12,1.5,0.0425
1976-10-13,1.5,0.0425
1976-10-14,1.6,0.0453
1976-10-15,1.8,0.051
1976-10-16,1.9,0.0538
1976-10-17,1.7,0.0481
1976-10-18,1.7,0.0481
1976-10-19,1.5,0.0425
1976-10-20,1.5,0.0425
1976-10-21,1.6,0.0453
1976-10-22,1.8,0.051
1976-10-23,1.9,0.0538
1976-10-24,1.8,0.051
1976-10-25,1.8,0.051
1976-10-26,1.8,0.051
1976-10-27,1.8,0.051
1976-10-28,2.9,0.0821
1976-10-29,4.1,0.1161
1976-10-30,3.2,0.0906
1976-10-31,2.5,0.0708
1976-11-01,2.3,0.0651
1976-11-02,2.3,0.0651
1976-11-03,2.3,0.0651
1976-11-04,2.3,0.0651
1976-11-05,2.3,0.0651
1976-11-06,2.3,0.0651
1976-11-07,2.2,0.0623
1976-11-08,2.2,0.0623
1976-11-09,2.2,0.0623
1976-11-10,2.3,0.0651
1976-11-11,2.3,0.0651
1976-11-12,2.6,0.0736
1976-11-13,3.1,0.0878
1976-11-14,3.3,0.0934
1976-11-15,3.7,0.1048
1976-11-16,3.7,0.1048
1976-11-17,3.2,0.0906
1976-11-18,3.0,0.085
1976-11-19,3.0,0.085
1976-11-20,2.9,0.0821
1976-11-21,2.8,0.0793
1976-11-22,2.7,0.0765
1976-11-23,2.7,0.0765
1976-11-24,2.7,0.0765
1976-11-25,2.7,0.0765
1976-11-26,2.6,0.0736
1976-11-27,2.4,0.068
1976-11-28,2.4,0.068
1976-11-29,2.5,0.0708
1976-11-30,2.7,0.0765
1976-12-01,2.9,0.0821
1976-12-02,2.9,0.0821
1976-12-03,3.0,0.085
1976-12-04,3.0,0.085
1976-12-05,3.0,0.085
1976-12-06,2.9,0.0821
1976-12-07,2.9,0.0821
1976-12-08,2.9,0.0821
1976-12-09,3.0,0.085
1976-12-10,3.0,0.085
1976-12-11,3.0,0.085
1976-12-12,3.0,0.085
1976-12-13,3.0,0.085
1976-12-14,3.0,0.085
1976-12-15,3.0,0.085
1976-12-16,3.0,0.085
1976-12-17,3.0,0.085
1976-12-18,3.0,0.085
1976-12-19,3.1,0.0878
1976-12-20,3.0,0.085
1976-12-21,3.0,0.085
1976-12-22,2.9,0.0821
1976-12-23,2.9,0.0821
1976-12-24,2.9,0.0821
1976-12-25,3.0,0.085
1976-12-26,3.2,0.0906
1976-12-27,3.2,0.0906
1976-12-28,3.1,0.0878
1976-12-29,3.1,0.0878
1976-12-30,3.2,0.0906
1976-12-31,3.0,0.085
1977-01-01,3.0,0.085
1977-01-02,3.1,0.0878
1977-01-03,3.2,0.0906
1977-01-04,3.2,0.0906
1977-01-05,3.2,0.0906
1977-01-06,3.1,0.0878
1977-01-07,3.0,0.085
1977-01-08,3.4,0.0963
1977-01-09,3.6,0.1019
1977-01-10,3.5,0.0991
1977-01-11,3.6,0.1019
1977-01-12,3.7,0.1048
1977-01-13,3.6,0.1019
1977-01-14,3.4,0.0963
1977-01-15,3.3,0.0934
1977-01-16,3.2,0.0906
1977-01-17,3.0,0.085
1977-01-18,3.0,0.085
1977-01-19,3.0,0.085
1977-01-20,3.0,0.085
1977-01-21,3.0,0.085
1977-01-22,3.0,0.085
1977-01-23,3.1,0.0878
1977-01-24,3.0,0.085
1977-01-25,3.0,0.085
1977-01-26,3.0,0.085
1977-01-27,3.0,0.085
1977-01-28,2.9,0.0821
1977-01-29,2.8,0.0793
1977-01-30,2.7,0.0765
1977-01-31,2.8,0.0793
1977-02-01,2.9,0.0821
1977-02-02,3.0,0.085
1977-02-03,3.2,0.0906
1977-02-04,3.0,0.085
1977-02-05,3.0,0.085
1977-02-06,3.0,0.085
1977-02-07,2.9,0.0821
1977-02-08,3.0,0.085
1977-02-09,3.2,0.0906
1977-02-10,3.2,0.0906
1977-02-11,3.2,0.0906
1977-02-12,3.2,0.0906
1977-02-13,3.2,0.0906
1977-02-14,3.1,0.0878
1977-02-15,3.1,0.0878
1977-02-16,3.1,0.0878
1977-02-17,3.1,0.0878
1977-02-18,3.1,0.0878
1977-02-19,3.1,0.0878
1977-02-20,3.1,0.0878
1977-02-21,3.0,0.085
1977-02-22,2.9,0.0821
1977-02-23,2.9,0.0821
1977-02-24,3.0,0.085
1977-02-25,3.0,0.085
1977-02-26,2.9,0.0821
1977-02-27,2.9,0.0821
1977-02-28,2.9,0.0821
1977-03-01,2.8,0.0793
1977-03-02,2.9,0.0821
1977-03-03,2.9,0.0821
1977-03-04,2.9,0.0821
1977-03-05,2.9,0.0821
1977-03-06,3.0,0.085
1977-03-07,3.0,0.085
1977-03-08,3.2,0.0906
1977-03-09,3.0,0.085
1977-03-10,2.8,0.0793
1977-03-11,2.7,0.0765
1977-03-12,2.7,0.0765
1977-03-13,2.6,0.0736
1977-03-14,2.5,0.0708
1977-03-15,2.4,0.068
1977-03-16,2.5,0.0708
1977-03-17,2.5,0.0708
1977-03-18,2.5,0.0708
1977-03-19,2.4,0.068
1977-03-20,2.5,0.0708
1977-03-21,2.4,0.068
1977-03-22,2.4,0.068
1977-03-23,2.5,0.0708
1977-03-24,2.6,0.0736
1977-03-25,2.7,0.0765
1977-03-26,2.8,0.0793
1977-03-27,3.1,0.0878
1977-03-28,2.9,0.0821
1977-03-29,2.8,0.0793
1977-03-30,2.7,0.0765
1977-03-31,2.6,0.0736
1977-04-01,2.5,0.0708
1977-04-02,2.4,0.068
1977-04-03,2.3,0.0651
1977-04-04,2.2,0.0623
1977-04-05,2.4,0.068
1977-04-06,2.5,0.0708
1977-04-07,2.5,0.0708
1977-04-08,2.4,0.068
1977-04-09,2.4,0.068
1977-04-10,2.3,0.0651
1977-04-11,2.4,0.068
1977-04-12,2.4,0.068
1977-04-13,2.4,0.068
1977-04-14,16.0,0.4531
1977-04-15,16.0,0.4531
1977-04-16,5.0,0.1416
1977-04-17,4.0,0.1133
1977-04-18,3.3,0.0934
1977-04-19,2.8,0.0793
1977-04-20,2.6,0.0736
1977-04-21,2.4,0.068
1977-04-22,2.3,0.0651
1977-04-23,2.3,0.0651
1977-04-24,2.3,0.0651
1977-04-25,2.2,0.0623
1977-04-26,2.2,0.0623
1977-04-27,2.1,0.0595
1977-04-28,2.0,0.0566
1977-04-29,2.1,0.0595
1977-04-30,2.2,0.0623
1977-05-01,1.9,0.0538
1977-05-02,1.7,0.0481
1977-05-03,1.6,0.0453
1977-05-04,1.5,0.0425
1977-05-05,1.5,0.0425
1977-05-06,1.3,0.0368
1977-05-07,1.3,0.0368
1977-05-08,1.2,0.034
1977-05-09,1.1,0.0311
1977-05-10,3.3,0.0934
1977-05-11,1.6,0.0453
1977-05-12,1.3,0.0368
1977-05-13,18.0,0.5097
1977-05-14,7.1,0.201
1977-05-15,2.1,0.0595
1977-05-16,1.2,0.034
1977-05-17,0.95,0.0269
1977-05-18,0.88,0.0249
1977-05-19,0.74,0.021
1977-05-20,0.67,0.019
1977-05-21,0.6,0.017
1977-05-22,0.56,0.0159
1977-05-23,0.56,0.0159
1977-05-24,22.0,0.623
1977-05-25,8.7,0.2464
1977-05-26,2.5,0.0708
1977-05-27,1.5,0.0425
1977-05-28,1.2,0.034
1977-05-29,0.91,0.0258
1977-05-30,0.68,0.0193
1977-05-31,0.56,0.0159
1977-06-01,0.46,0.013
1977-06-02,0.4,0.0113
1977-06-03,0.28,0.0079
1977-06-04,0.18,0.0051
1977-06-05,0.1,0.0028
1977-06-06,0.06,0.0017
1977-06-07,0.02,0.0006
1977-06-08,0.0,0.0
1977-06-09,0.0,0.0
1977-06-10,0.0,0.0
1977-06-11,0.0,0.0
1977-06-12,0.0,0.0
1977-06-13,0.0,0.0
1977-06-14,0.0,0.0
1977-06-15,0.0,0.0
1977-06-16,0.0,0.0
1977-06-17,0.0,0.0
1977-06-18,0.0,0.0
1977-06-19,0.0,0.0
1977-06-20,0.0,0.0
1977-06-21,0.0,0.0
1977-06-22,16.0,0.4531
1977-06-23,139.0,3.936
1977-06-24,11.0,0.3115
1977-06-25,3.2,0.0906
1977-06-26,1.8,0.051
1977-06-27,1.2,0.034
1977-06-28,0.83,0.0235
1977-06-29,0.5,0.0142
1977-06-30,0.34,0.0096
1977-07-01,0.2,0.0057
1977-07-02,0.09,0.0025
1977-07-03,0.02,0.0006
1977-07-04,0.0,0.0
1977-07-05,0.0,0.0
1977-07-06,0.0,0.0
1977-07-07,0.0,0.0
1977-07-08,12.0,0.3398
1977-07-09,15.0,0.4248
1977-07-10,2.4,0.068
1977-07-11,0.78,0.0221
1977-07-12,0.27,0.0076
1977-07-13,0.05,0.0014
1977-07-14,0.0,0.0
1977-07-15,0.0,0.0
1977-07-16,0.0,0.0
1977-07-17,0.0,0.0
1977-07-18,0.0,0.0
1977-07-19,0.0,0.0
1977-07-20,0.0,0.0
1977-07-21,0.0,0.0
1977-07-22,0.0,0.0
1977-07-23,0.0,0.0
1977-07-24,0.0,0.0
1977-07-25,0.0,0.0
1977-07-26,0.0,0.0
1977-07-27,0.0,0.0
1977-07-28,0.0,0.0
1977-07-29,0.15,0.0042
1977-07-30,0.48,0.0136
1977-07-31,0.04,0.0011
1977-08-01,0.0,0.0
1977-08-02,0.0,0.0
1977-08-03,0.0,0.0
1977-08-04,0.0,0.0
1977-08-05,0.0,0.0
1977-08-06,0.0,0.0
1977-08-07,0.0,0.0
1977-08-08,0.0,0.0
1977-08-09,0.0,0.0
1977-08-10,0.0,0.0
1977-08-11,0.0,0.0
1977-08-12,0.0,0.0
1977-08-13,0.0,0.0
1977-08-14,0.0,0.0
1977-08-15,0.0,0.0
1977-08-16,0.0,0.0
1977-08-17,0.0,0.0
1977-08-18,0.0,0.0
1977-08-19,0.0,0.0
1977-08-20,0.0,0.0
1977-08-21,0.0,0.0
1977-08-22,0.0,0.0
1977-08-23,20.0,0.5663
1977-08-24,7.1,0.201
1977-08-25,2.8,0.0793
1977-08-26,2.1,0.0595
1977-08-27,0.53,0.015
1977-08-28,0.08,0.0023
1977-08-29,0.02,0.0006
1977-08-30,0.0,0.0
1977-08-31,0.0,0.0
1977-09-01,0.0,0.0
1977-09-02,0.0,0.0
1977-09-03,0.0,0.0
1977-09-04,0.0,0.0
1977-09-05,0.0,0.0
1977-09-06,0.0,0.0
1977-09-07,0.0,0.0
1977-09-08,0.0,0.0
1977-09-09,0.0,0.0
1977-09-10,0.0,0.0
1977-09-11,0.0,0.0
1977-09-12,17.0,0.4814
1977-09-13,1.9,0.0538
1977-09-14,0.48,0.0136
1977-09-15,0.12,0.0034
1977-09-16,0.02,0.0006
1977-09-17,0.21,0.0059
1977-09-18,0.1,0.0028
1977-09-19,0.01,0.0003
1977-09-20,0.0,0.0
1977-09-21,0.0,0.0
1977-09-22,0.0,0.0
1977-09-23,0.0,0.0
1977-09-24,0.0,0.0
1977-09-25,0.0,0.0
1977-09-26,0.0,0.0
1977-09-27,0.0,0.0
1977-09-28,0.0,0.0
1977-09-29,0.0,0.0
1977-09-30,0.0,0.0
1977-10-01,0.0,0.0
1977-10-02,0.0,0.0
1977-10-03,0.0,0.0
1977-10-04,0.0,0.0
1977-10-05,0.0,0.0
1977-10-06,0.0,0.0
1977-10-07,0.0,0.0
1977-10-08,0.01,0.0003
1977-10-09,0.45,0.0127
1977-10-10,0.54,0.0153
1977-10-11,0.49,0.0139
1977-10-12,0.48,0.0136
1977-10-13,0.42,0.0119
1977-10-14,0.43,0.0122
1977-10-15,0.44,0.0125
1977-10-16,0.45,0.0127
1977-10-17,0.46,0.013
1977-10-18,0.44,0.0125
1977-10-19,0.47,0.0133
1977-10-20,0.47,0.0133
1977-10-21,0.47,0.0133
1977-10-22,0.52,0.0147
1977-10-23,4.7,0.1331
1977-10-24,1.7,0.0481
1977-10-25,0.84,0.0238
1977-10-26,0.74,0.021
1977-10-27,0.81,0.0229
1977-10-28,1.0,0.0283
1977-10-29,1.0,0.0283
1977-10-30,0.95,0.0269
1977-10-31,0.74,0.021
1977-11-01,0.67,0.019
1977-11-02,0.67,0.019
1977-11-03,0.67,0.019
1977-11-04,0.81,0.0229
1977-11-05,1.0,0.0283
1977-11-06,1.0,0.0283
1977-11-07,1.1,0.0311
1977-11-08,1.1,0.0311
1977-11-09,1.0,0.0283
1977-11-10,1.1,0.0311
1977-11-11,1.2,0.034
1977-11-12,1.4,0.0396
1977-11-13,1.4,0.0396
1977-11-14,1.5,0.0425
1977-11-15,1.5,0.0425
1977-11-16,1.5,0.0425
1977-11-17,1.4,0.0396
1977-11-18,1.5,0.0425
1977-11-19,1.5,0.0425
1977-11-20,1.5,0.0425
1977-11-21,1.4,0.0396
1977-11-22,1.4,0.0396
1977-11-23,1.5,0.0425
1977-11-24,1.5,0.0425
1977-11-25,1.6,0.0453
1977-11-26,1.6,0.0453
1977-11-27,1.5,0.0425
1977-11-28,1.6,0.0453
1977-11-29,1.6,0.0453
1977-11-30,1.7,0.0481
1977-12-01,1.7,0.0481
1977-12-02,1.7,0.0481
1977-12-03,1.7,0.0481
1977-12-04,1.7,0.0481
1977-12-05,1.7,0.0481
1977-12-06,1.6,0.0453
1977-12-07,1.6,0.0453
1977-12-08,1.6,0.0453
1977-12-09,1.6,0.0453
1977-12-10,1.6,0.0453
1977-12-11,1.6,0.0453
1977-12-12,1.7,0.0481
1977-12-13,1.8,0.051
1977-12-14,1.9,0.0538
1977-12-15,1.9,0.0538
1977-12-16,1.7,0.0481
1977-12-17,1.7,0.0481
1977-12-18,1.7,0.0481
1977-12-19,1.7,0.0481
1977-12-20,1.8,0.051
1977-12-21,1.8,0.051
1977-12-22,1.8,0.051
1977-12-23,1.9,0.0538
1977-12-24,1.9,0.0538
1977-12-25,1.9,0.0538
1977-12-26,1.9,0.0538
1977-12-27,1.9,0.0538
1977-12-28,2.0,0.0566
1977-12-29,2.0,0.0566
1977-12-30,2.1,0.0595
1977-12-31,2.1,0.0595
1978-01-01,2.1,0.0595
1978-01-02,2.0,0.0566
1978-01-03,2.0,0.0566
1978-01-04,2.1,0.0595
1978-01-05,2.1,0.0595
1978-01-06,2.1,0.0595
1978-01-07,2.1,0.0595
1978-01-08,2.0,0.0566
1978-01-09,2.0,0.0566
1978-01-10,2.0,0.0566
1978-01-11,2.1,0.0595
1978-01-12,2.1,0.0595
1978-01-13,2.1,0.0595
1978-01-14,2.1,0.0595
1978-01-15,2.1,0.0595
1978-01-16,2.1,0.0595
1978-01-17,2.1,0.0595
1978-01-18,2.1,0.0595
1978-01-19,2.0,0.0566
1978-01-20,2.1,0.0595
1978-01-21,2.1,0.0595
1978-01-22,2.1,0.0595
1978-01-23,2.1,0.0595
1978-01-24,2.1,0.0595
1978-01-25,2.1,0.0595
1978-01-26,2.1,0.0595
1978-01-27,2.1,0.0595
1978-01-28,2.1,0.0595
1978-01-29,2.0,0.0566
1978-01-30,2.0,0.0566
1978-01-31,2.1,0.0595
1978-02-01,2.2,0.0623
1978-02-02,2.1,0.0595
1978-02-03,2.1,0.0595
1978-02-04,2.0,0.0566
1978-02-05,2.0,0.0566
1978-02-06,2.0,0.0566
1978-02-07,2.0,0.0566
1978-02-08,2.0,0.0566
1978-02-09,2.0,0.0566
1978-02-10,1.9,0.0538
1978-02-11,2.0,0.0566
1978-02-12,2.3,0.0651
1978-02-13,2.1,0.0595
1978-02-14,2.1,0.0595
1978-02-15,1.9,0.0538
1978-02-16,1.9,0.0538
1978-02-17,1.9,0.0538
1978-02-18,1.9,0.0538
1978-02-19,1.8,0.051
1978-02-20,1.8,0.051
1978-02-21,1.8,0.051
1978-02-22,1.8,0.051
1978-02-23,1.8,0.051
1978-02-24,1.9,0.0538
1978-02-25,1.8,0.051
1978-02-26,1.8,0.051
1978-02-27,1.9,0.0538
1978-02-28,1.9,0.0538
1978-03-01,1.9,0.0538
1978-03-02,1.9,0.0538
1978-03-03,1.9,0.0538
1978-03-04,1.9,0.0538
1978-03-05,1.9,0.0538
1978-03-06,1.7,0.0481
1978-03-07,1.6,0.0453
1978-03-08,1.6,0.0453
1978-03-09,1.6,0.0453
1978-03-10,1.9,0.0538
1978-03-11,1.8,0.051
1978-03-12,1.7,0.0481
1978-03-13,1.6,0.0453
1978-03-14,1.6,0.0453
1978-03-15,1.6,0.0453
1978-03-16,1.7,0.0481
1978-03-17,1.6,0.0453
1978-03-18,1.7,0.0481
1978-03-19,1.7,0.0481
1978-03-20,1.8,0.051
1978-03-21,1.7,0.0481
1978-03-22,1.8,0.051
1978-03-23,1.7,0.0481
1978-03-24,1.7,0.0481
1978-03-25,1.7,0.0481
1978-03-26,1.7,0.0481
1978-03-27,1.8,0.051
1978-03-28,1.7,0.0481
1978-03-29,1.6,0.0453
1978-03-30,1.6,0.0453
1978-03-31,1.5,0.0425
1978-04-01,1.7,0.0481
1978-04-02,1.6,0.0453
1978-04-03,1.3,0.0368
1978-04-04,1.3,0.0368
1978-04-05,1.2,0.034
1978-04-06,1.2,0.034
1978-04-07,1.2,0.034
1978-04-08,1.3,0.0368
1978-04-09,1.3,0.0368
1978-04-10,1.2,0.034
1978-04-11,1.3,0.0368
1978-04-12,1.3,0.0368
1978-04-13,1.2,0.034
1978-04-14,1.3,0.0368
1978-04-15,1.3,0.0368
1978-04-16,1.2,0.034
1978-04-17,0.85,0.0241
1978-04-18,0.73,0.0207
1978-04-19,0.68,0.0193
1978-04-20,0.69,0.0195
1978-04-21,0.73,0.0207
1978-04-22,0.84,0.0238
1978-04-23,0.85,0.0241
1978-04-24,0.56,0.0159
1978-04-25,0.46,0.013
1978-04-26,0.58,0.0164
1978-04-27,0.52,0.0147
1978-04-28,0.54,0.0153
1978-04-29,0.6,0.017
1978-04-30,0.43,0.0122
1978-05-01,0.15,0.0042
1978-05-02,0.93,0.0263
1978-05-03,0.33,0.0093
1978-05-04,0.68,0.0193
1978-05-05,0.92,0.0261
1978-05-06,0.65,0.0184
1978-05-07,0.4,0.0113
1978-05-08,0.15,0.0042
1978-05-09,0.07,0.002
1978-05-10,0.05,0.0014
1978-05-11,0.06,0.0017
1978-05-12,0.04,0.0011
1978-05-13,0.03,0.0008
1978-05-14,0.03,0.0008
1978-05-15,0.0,0.0
1978-05-16,0.0,0.0
1978-05-17,0.0,0.0
1978-05-18,0.0,0.0
1978-05-19,0.0,0.0
1978-05-20,0.0,0.0
1978-05-21,0.0,0.0
1978-05-22,0.0,0.0
1978-05-23,0.0,0.0
1978-05-24,0.0,0.0
1978-05-25,9.3,0.2633
1978-05-26,11.0,0.3115
1978-05-27,1.1,0.0311
1978-05-28,0.0,0.0
1978-05-29,0.0,0.0
1978-05-30,0.0,0.0
1978-05-31,0.0,0.0
1978-06-01,0.0,0.0
1978-06-02,510.0,14.4416
1978-06-03,450.0,12.7426
1978-06-04,21.0,0.5947
1978-06-05,6.0,0.1699
1978-06-06,3.0,0.085
1978-06-07,2.0,0.0566
1978-06-08,1.0,0.0283
1978-06-09,0.7,0.0198
1978-06-10,0.4,0.0113
1978-06-11,0.2,0.0057
1978-06-12,0.1,0.0028
1978-06-13,0.0,0.0
1978-06-14,0.0,0.0
1978-06-15,0.0,0.0
1978-06-16,0.0,0.0
1978-06-17,0.0,0.0
1978-06-18,0.0,0.0
1978-06-19,0.0,0.0
1978-06-20,0.0,0.0
1978-06-21,0.0,0.0
1978-06-22,0.0,0.0
1978-06-23,0.0,0.0
1978-06-24,0.0,0.0
1978-06-25,0.0,0.0
1978-06-26,0.0,0.0
1978-06-27,0.0,0.0
1978-06-28,0.0,0.0
1978-06-29,0.0,0.0
1978-06-30,0.0,0.0
1978-07-01,0.0,0.0
1978-07-02,0.0,0.0
1978-07-03,5.0,0.1416
1978-07-04,2.0,0.0566
1978-07-05,0.2,0.0057
1978-07-06,0.0,0.0
1978-07-07,17.0,0.4814
1978-07-08,23.0,0.6513
1978-07-09,5.1,0.1444
1978-07-10,1.2,0.034
1978-07-11,0.5,0.0142
1978-07-12,0.28,0.0079
1978-07-13,0.13,0.0037
1978-07-14,0.15,0.0042
1978-07-15,0.02,0.0006
1978-07-16,0.0,0.0
1978-07-17,0.0,0.0
1978-07-18,0.0,0.0
1978-07-19,0.0,0.0
1978-07-20,0.0,0.0
1978-07-21,0.0,0.0
1978-07-22,0.0,0.0
1978-07-23,0.39,0.011
1978-07-24,17.0,0.4814
1978-07-25,6.2,0.1756
1978-07-26,0.91,0.0258
1978-07-27,0.04,0.0011
1978-07-28,0.0,0.0
1978-07-29,0.0,0.0
1978-07-30,0.0,0.0
1978-07-31,0.0,0.0
1978-08-01,0.0,0.0
1978-08-02,0.03,0.0008
1978-08-03,35.0,0.9911
1978-08-04,1.6,0.0453
1978-08-05,0.22,0.0062
1978-08-06,0.0,0.0
1978-08-07,0.0,0.0
1978-08-08,0.0,0.0
1978-08-09,0.0,0.0
1978-08-10,3.3,0.0934
1978-08-11,2.7,0.0765
1978-08-12,0.22,0.0062
1978-08-13,0.0,0.0
1978-08-14,0.0,0.0
1978-08-15,0.0,0.0
1978-08-16,0.0,0.0
1978-08-17,0.0,0.0
1978-08-18,0.0,0.0
1978-08-19,0.0,0.0
1978-08-20,0.0,0.0
1978-08-21,0.0,0.0
1978-08-22,0.0,0.0
1978-08-23,0.0,0.0
1978-08-24,0.0,0.0
1978-08-25,0.0,0.0
1978-08-26,0.0,0.0
1978-08-27,0.0,0.0
1978-08-28,0.0,0.0
1978-08-29,0.0,0.0
1978-08-30,0.0,0.0
1978-08-31,0.0,0.0
1978-09-01,0.0,0.0
1978-09-02,2.0,0.0566
1978-09-03,79.0,2.237
1978-09-04,154.0,4.3608
1978-09-05,18.0,0.5097
1978-09-06,4.0,0.1133
1978-09-07,1.3,0.0368
1978-09-08,0.67,0.019
1978-09-09,0.38,0.0108
1978-09-10,0.15,0.0042
1978-09-11,0.08,0.0023
1978-09-12,0.0,0.0
1978-09-13,0.0,0.0
1978-09-14,0.0,0.0
1978-09-15,0.0,0.0
1978-09-16,0.0,0.0
1978-09-17,0.0,0.0
1978-09-18,0.0,0.0
1978-09-19,0.0,0.0
1978-09-20,0.0,0.0
1978-09-21,9.9,0.2803
1978-09-22,9.1,0.2577
1978-09-23,2.3,0.0651
1978-09-24,81.0,2.2937
1978-09-25,4960.0,140.4513
1978-09-26,3180.0,90.0474
1978-09-27,269.0,7.6172
1978-09-28,135.0,3.8228
1978-09-29,104.0,2.9449
1978-09-30,86.0,2.4352
1978-10-01,75.0,2.1238
1978-10-02,71.0,2.0105
1978-10-03,69.0,1.9539
1978-10-04,65.0,1.8406
1978-10-05,55.0,1.5574
1978-10-06,52.0,1.4725
1978-10-07,49.0,1.3875
1978-10-08,49.0,1.3875
1978-10-09,47.0,1.3309
1978-10-10,47.0,1.3309
1978-10-11,47.0,1.3309
1978-10-12,46.0,1.3026
1978-10-13,46.0,1.3026
1978-10-14,46.0,1.3026
1978-10-15,40.0,1.1327
1978-10-16,45.0,1.2743
1978-10-17,45.0,1.2743
1978-10-18,45.0,1.2743
1978-10-19,45.0,1.2743
1978-10-20,45.0,1.2743
1978-10-21,44.0,1.2459
1978-10-22,44.0,1.2459
1978-10-23,44.0,1.2459
1978-10-24,27.0,0.7646
1978-10-25,11.0,0.3115
1978-10-26,9.4,0.2662
1978-10-27,8.9,0.252
1978-10-28,8.5,0.2407
1978-10-29,8.1,0.2294
1978-10-30,8.0,0.2265
1978-10-31,7.6,0.2152
1978-11-01,7.6,0.2152
1978-11-02,7.6,0.2152
1978-11-03,17.0,0.4814
1978-11-04,201.0,5.6917
1978-11-05,71.0,2.0105
1978-11-06,28.0,0.7929
1978-11-07,19.0,0.538
1978-11-08,14.0,0.3964
1978-11-09,11.0,0.3115
1978-11-10,11.0,0.3115
1978-11-11,9.9,0.2803
1978-11-12,9.8,0.2775
1978-11-13,9.6,0.2718
1978-11-14,9.6,0.2718
1978-11-15,9.3,0.2633
1978-11-16,9.1,0.2577
1978-11-17,8.9,0.252
1978-11-18,8.9,0.252
1978-11-19,8.8,0.2492
1978-11-20,8.7,0.2464
1978-11-21,8.9,0.252
1978-11-22,8.9,0.252
1978-11-23,9.3,0.2633
1978-11-24,8.9,0.252
1978-11-25,8.9,0.252
1978-11-26,8.9,0.252
1978-11-27,8.3,0.235
1978-11-28,8.0,0.2265
1978-11-29,8.0,0.2265
1978-11-30,8.0,0.2265
1978-12-01,8.0,0.2265
1978-12-02,8.0,0.2265
1978-12-03,7.8,0.2209
1978-12-04,7.6,0.2152
1978-12-05,7.7,0.218
1978-12-06,7.6,0.2152
1978-12-07,7.6,0.2152
1978-12-08,7.6,0.2152
1978-12-09,7.6,0.2152
1978-12-10,7.6,0.2152
1978-12-11,7.6,0.2152
1978-12-12,7.2,0.2039
1978-12-13,6.8,0.1926
1978-12-14,6.8,0.1926
1978-12-15,7.2,0.2039
1978-12-16,6.8,0.1926
1978-12-17,6.8,0.1926
1978-12-18,6.8,0.1926
1978-12-19,6.8,0.1926
1978-12-20,6.8,0.1926
1978-12-21,6.4,0.1812
1978-12-22,6.4,0.1812
1978-12-23,6.4,0.1812
1978-12-24,6.4,0.1812
1978-12-25,6.4,0.1812
1978-12-26,6.4,0.1812
1978-12-27,6.4,0.1812
1978-12-28,6.4,0.1812
1978-12-29,6.8,0.1926
1978-12-30,6.8,0.1926
1978-12-31,7.2,0.2039
1979-01-01,7.2,0.2039
1979-01-02,6.8,0.1926
1979-01-03,6.4,0.1812
1979-01-04,6.8,0.1926
1979-01-05,6.4,0.1812
1979-01-06,6.4,0.1812
1979-01-07,6.4,0.1812
1979-01-08,6.4,0.1812
1979-01-09,6.4,0.1812
1979-01-10,6.4,0.1812
1979-01-11,6.4,0.1812
1979-01-12,6.4,0.1812
1979-01-13,6.4,0.1812
1979-01-14,6.4,0.1812
1979-01-15,6.4,0.1812
1979-01-16,6.2,0.1756
1979-01-17,6.2,0.1756
1979-01-18,6.2,0.1756
1979-01-19,6.2,0.1756
1979-01-20,6.2,0.1756
1979-01-21,6.4,0.1812
1979-01-22,6.4,0.1812
1979-01-23,6.4,0.1812
1979-01-24,6.4,0.1812
1979-01-25,6.4,0.1812
1979-01-26,6.4,0.1812
1979-01-27,6.4,0.1812
1979-01-28,6.4,0.1812
1979-01-29,6.2,0.1756
1979-01-30,6.1,0.1727
1979-01-31,6.0,0.1699
1979-02-01,6.2,0.1756
1979-02-02,6.4,0.1812
1979-02-03,6.4,0.1812
1979-02-04,6.3,0.1784
1979-02-05,7.3,0.2067
1979-02-06,7.3,0.2067
1979-02-07,7.2,0.2039
1979-02-08,6.6,0.1869
1979-02-09,6.3,0.1784
1979-02-10,6.2,0.1756
1979-02-11,6.0,0.1699
1979-02-12,5.7,0.1614
1979-02-13,5.7,0.1614
1979-02-14,5.7,0.1614
1979-02-15,5.6,0.1586
1979-02-16,5.5,0.1557
1979-02-17,5.4,0.1529
1979-02-18,5.6,0.1586
1979-02-19,5.6,0.1586
1979-02-20,5.6,0.1586
1979-02-21,5.7,0.1614
1979-02-22,5.6,0.1586
1979-02-23,5.7,0.1614
1979-02-24,5.8,0.1642
1979-02-25,5.7,0.1614
1979-02-26,5.9,0.1671
1979-02-27,5.7,0.1614
1979-02-28,5.7,0.1614
1979-03-01,5.7,0.1614
1979-03-02,5.7,0.1614
1979-03-03,5.6,0.1586
1979-03-04,5.6,0.1586
1979-03-05,5.6,0.1586
1979-03-06,5.7,0.1614
1979-03-07,5.5,0.1557
1979-03-08,5.7,0.1614
1979-03-09,5.6,0.1586
1979-03-10,5.4,0.1529
1979-03-11,5.6,0.1586
1979-03-12,6.0,0.1699
1979-03-13,6.2,0.1756
1979-03-14,6.0,0.1699
1979-03-15,5.6,0.1586
1979-03-16,5.8,0.1642
1979-03-17,6.2,0.1756
1979-03-18,6.1,0.1727
1979-03-19,6.0,0.1699
1979-03-20,6.1,0.1727
1979-03-21,6.5,0.1841
1979-03-22,6.2,0.1756
1979-03-23,5.5,0.1557
1979-03-24,5.4,0.1529
1979-03-25,5.7,0.1614
1979-03-26,5.7,0.1614
1979-03-27,5.7,0.1614
1979-03-28,5.9,0.1671
1979-03-29,5.6,0.1586
1979-03-30,5.3,0.1501
1979-03-31,5.5,0.1557
1979-04-01,5.3,0.1501
1979-04-02,5.5,0.1557
1979-04-03,5.4,0.1529
1979-04-04,5.4,0.1529
1979-04-05,5.3,0.1501
1979-04-06,5.6,0.1586
1979-04-07,6.1,0.1727
1979-04-08,6.0,0.1699
1979-04-09,6.0,0.1699
1979-04-10,5.6,0.1586
1979-04-11,4.8,0.1359
1979-04-12,4.6,0.1303
1979-04-13,5.0,0.1416
1979-04-14,5.3,0.1501
1979-04-15,5.6,0.1586
1979-04-16,5.7,0.1614
1979-04-17,5.7,0.1614
1979-04-18,5.6,0.1586
1979-04-19,5.6,0.1586
1979-04-20,5.5,0.1557
1979-04-21,5.5,0.1557
1979-04-22,5.5,0.1557
1979-04-23,5.5,0.1557
1979-04-24,5.3,0.1501
1979-04-25,5.4,0.1529
1979-04-26,5.3,0.1501
1979-04-27,5.3,0.1501
1979-04-28,5.3,0.1501
1979-04-29,5.4,0.1529
1979-04-30,5.6,0.1586
1979-05-01,6.1,0.1727
1979-05-02,6.0,0.1699
1979-05-03,5.5,0.1557
1979-05-04,5.3,0.1501
1979-05-05,5.5,0.1557
1979-05-06,5.7,0.1614
1979-05-07,5.5,0.1557
1979-05-08,5.2,0.1472
1979-05-09,5.0,0.1416
1979-05-10,4.8,0.1359
1979-05-11,4.9,0.1388
1979-05-12,4.9,0.1388
1979-05-13,5.2,0.1472
1979-05-14,5.2,0.1472
1979-05-15,5.1,0.1444
1979-05-16,5.2,0.1472
1979-05-17,5.4,0.1529
1979-05-18,12.0,0.3398
1979-05-19,6.3,0.1784
1979-05-20,5.1,0.1444
1979-05-21,4.5,0.1274
1979-05-22,4.5,0.1274
1979-05-23,4.5,0.1274
1979-05-24,4.5,0.1274
1979-05-25,4.5,0.1274
1979-05-26,6.4,0.1812
1979-05-27,8.9,0.252
1979-05-28,10.0,0.2832
1979-05-29,17.0,0.4814
1979-05-30,7.1,0.201
1979-05-31,25.0,0.7079
1979-06-01,119.0,3.3697
1979-06-02,393.0,11.1285
1979-06-03,59.0,1.6707
1979-06-04,33.0,0.9345
1979-06-05,26.0,0.7362
1979-06-06,21.0,0.5947
1979-06-07,16.0,0.4531
1979-06-08,14.0,0.3964
1979-06-09,224.0,6.343
1979-06-10,37.0,1.0477
1979-06-11,23.0,0.6513
1979-06-12,18.0,0.5097
1979-06-13,15.0,0.4248
1979-06-14,13.0,0.3681
1979-06-15,10.0,0.2832
1979-06-16,9.0,0.2549
1979-06-17,8.0,0.2265
1979-06-18,7.0,0.1982
1979-06-19,6.0,0.1699
1979-06-20,5.0,0.1416
1979-06-21,4.0,0.1133
1979-06-22,3.0,0.085
1979-06-23,47.0,1.3309
1979-06-24,25.0,0.7079
1979-06-25,10.0,0.2832
1979-06-26,5.5,0.1557
1979-06-27,4.5,0.1274
1979-06-28,3.4,0.0963
1979-06-29,3.0,0.085
1979-06-30,2.7,0.0765
1979-07-01,2.4,0.068
1979-07-02,2.0,0.0566
1979-07-03,2.0,0.0566
1979-07-04,2.4,0.068
1979-07-05,19.0,0.538
1979-07-06,3.7,0.1048
1979-07-07,2.4,0.068
1979-07-08,1.5,0.0425
1979-07-09,1.5,0.0425
1979-07-10,0.91,0.0258
1979-07-11,0.65,0.0184
1979-07-12,0.65,0.0184
1979-07-13,0.65,0.0184
1979-07-14,0.65,0.0184
1979-07-15,0.65,0.0184
1979-07-16,0.65,0.0184
1979-07-17,3.4,0.0963
1979-07-18,1.2,0.034
1979-07-19,22.0,0.623
1979-07-20,16.0,0.4531
1979-07-21,5.6,0.1586
1979-07-22,3.4,0.0963
1979-07-23,7.6,0.2152
1979-07-24,5.8,0.1642
1979-07-25,2.7,0.0765
1979-07-26,4.5,0.1274
1979-07-27,3.6,0.1019
1979-07-28,1.7,0.0481
1979-07-29,1.2,0.034
1979-07-30,1.1,0.0311
1979-07-31,2.9,0.0821
1979-08-01,35.0,0.9911
1979-08-02,8.9,0.252
1979-08-03,16.0,0.4531
1979-08-04,8.5,0.2407
1979-08-05,1.8,0.051
1979-08-06,1.2,0.034
1979-08-07,0.9,0.0255
1979-08-08,0.76,0.0215
1979-08-09,0.86,0.0244
1979-08-10,0.94,0.0266
1979-08-11,0.78,0.0221
1979-08-12,1.0,0.0283
1979-08-13,48.0,1.3592
1979-08-14,25.0,0.7079
1979-08-15,15.0,0.4248
1979-08-16,5.7,0.1614
1979-08-17,28.0,0.7929
1979-08-18,145.0,4.1059
1979-08-19,623.0,17.6414
1979-08-20,39.0,1.1044
1979-08-21,72.0,2.0388
1979-08-22,32.0,0.9061
1979-08-23,11.0,0.3115
1979-08-24,8.0,0.2265
1979-08-25,7.2,0.2039
1979-08-26,6.8,0.1926
1979-08-27,7.2,0.2039
1979-08-28,8.0,0.2265
1979-08-29,8.9,0.252
1979-08-30,8.5,0.2407
1979-08-31,8.0,0.2265
1979-09-01,7.6,0.2152
1979-09-02,7.2,0.2039
1979-09-03,6.0,0.1699
1979-09-04,5.6,0.1586
1979-09-05,5.3,0.1501
1979-09-06,4.9,0.1388
1979-09-07,4.5,0.1274
1979-09-08,4.1,0.1161
1979-09-09,4.5,0.1274
1979-09-10,4.5,0.1274
1979-09-11,4.5,0.1274
1979-09-12,4.1,0.1161
1979-09-13,4.1,0.1161
1979-09-14,4.1,0.1161
1979-09-15,4.9,0.1388
1979-09-16,7.2,0.2039
1979-09-17,12.0,0.3398
1979-09-18,12.0,0.3398
1979-09-19,11.0,0.3115
1979-09-20,10.0,0.2832
1979-09-21,12.0,0.3398
1979-09-22,11.0,0.3115
1979-09-23,11.0,0.3115
1979-09-24,6.0,0.1699
1979-09-25,5.3,0.1501
1979-09-26,4.9,0.1388
1979-09-27,4.5,0.1274
1979-09-28,4.5,0.1274
1979-09-29,4.5,0.1274
1979-09-30,4.1,0.1161
1979-10-01,0.0,0.0
1979-10-02,0.0,0.0
1979-10-03,0.0,0.0
1979-10-04,0.0,0.0
1979-10-05,0.0,0.0
1979-10-06,0.0,0.0
1979-10-07,0.0,0.0
1979-10-08,0.0,0.0
1979-10-09,0.0,0.0
1979-10-10,0.0,0.0
1979-10-11,0.0,0.0
1979-10-12,0.0,0.0
1979-10-13,0.0,0.0
1979-10-14,0.0,0.0
1979-10-15,0.0,0.0
1979-10-16,0.0,0.0
1979-10-17,0.0,0.0
1979-10-18,0.0,0.0
1979-10-19,0.0,0.0
1979-10-20,0.0,0.0
1979-10-21,0.0,0.0
1979-10-22,0.0,0.0
1979-10-23,0.0,0.0
1979-10-24,0.0,0.0
1979-10-25,4.3,0.1218
1979-10-26,4.5,0.1274
1979-10-27,4.1,0.1161
1979-10-28,4.1,0.1161
1979-10-29,4.4,0.1246
1979-10-30,4.3,0.1218
1979-10-31,4.2,0.1189
1979-11-01,4.6,0.1303
1979-11-02,5.2,0.1472
1979-11-03,5.8,0.1642
1979-11-04,6.1,0.1727
1979-11-05,6.4,0.1812
1979-11-06,6.1,0.1727
1979-11-07,6.6,0.1869
1979-11-08,6.7,0.1897
1979-11-09,6.5,0.1841
1979-11-10,6.4,0.1812
1979-11-11,6.3,0.1784
1979-11-12,5.7,0.1614
1979-11-13,5.7,0.1614
1979-11-14,6.1,0.1727
1979-11-15,6.1,0.1727
1979-11-16,6.4,0.1812
1979-11-17,6.9,0.1954
1979-11-18,7.1,0.201
1979-11-19,6.4,0.1812
1979-11-20,6.3,0.1784
1979-11-21,6.2,0.1756
1979-11-22,6.0,0.1699
1979-11-23,5.6,0.1586
1979-11-24,6.0,0.1699
1979-11-25,6.3,0.1784
1979-11-26,6.0,0.1699
1979-11-27,5.4,0.1529
1979-11-28,5.4,0.1529
1979-11-29,4.7,0.1331
1979-11-30,5.1,0.1444
1979-12-01,5.2,0.1472
1979-12-02,5.4,0.1529
1979-12-03,5.6,0.1586
1979-12-04,5.9,0.1671
1979-12-05,6.2,0.1756
1979-12-06,6.1,0.1727
1979-12-07,5.7,0.1614
1979-12-08,5.3,0.1501
1979-12-09,5.2,0.1472
1979-12-10,5.5,0.1557
1979-12-11,6.1,0.1727
1979-12-12,6.7,0.1897
1979-12-13,9.0,0.2549
1979-12-14,10.0,0.2832
1979-12-15,8.9,0.252
1979-12-16,7.1,0.201
1979-12-17,5.9,0.1671
1979-12-18,5.2,0.1472
1979-12-19,5.9,0.1671
1979-12-20,4.4,0.1246
1979-12-21,2.9,0.0821
1979-12-22,2.9,0.0821
1979-12-23,2.6,0.0736
1979-12-24,2.3,0.0651
1979-12-25,2.2,0.0623
1979-12-26,2.5,0.0708
1979-12-27,2.6,0.0736
1979-12-28,2.7,0.0765
1979-12-29,2.6,0.0736
1979-12-30,2.8,0.0793
1979-12-31,3.0,0.085
1980-01-01,5.6,0.1586
1980-01-02,6.0,0.1699
1980-01-03,5.6,0.1586
1980-01-04,5.6,0.1586
1980-01-05,5.6,0.1586
1980-01-06,5.6,0.1586
1980-01-07,5.6,0.1586
1980-01-08,5.3,0.1501
1980-01-09,5.3,0.1501
1980-01-10,5.3,0.1501
1980-01-11,5.3,0.1501
1980-01-12,5.3,0.1501
1980-01-13,5.6,0.1586
1980-01-14,6.0,0.1699
1980-01-15,6.0,0.1699
1980-01-16,5.6,0.1586
1980-01-17,5.3,0.1501
1980-01-18,5.6,0.1586
1980-01-19,5.6,0.1586
1980-01-20,5.6,0.1586
1980-01-21,5.6,0.1586
1980-01-22,8.5,0.2407
1980-01-23,8.5,0.2407
1980-01-24,7.6,0.2152
1980-01-25,6.4,0.1812
1980-01-26,6.4,0.1812
1980-01-27,6.0,0.1699
1980-01-28,5.6,0.1586
1980-01-29,6.0,0.1699
1980-01-30,6.0,0.1699
1980-01-31,6.7,0.1897
1980-02-01,6.4,0.1812
1980-02-02,6.4,0.1812
1980-02-03,6.0,0.1699
1980-02-04,5.8,0.1642
1980-02-05,5.6,0.1586
1980-02-06,5.5,0.1557
1980-02-07,5.8,0.1642
1980-02-08,5.4,0.1529
1980-02-09,5.6,0.1586
1980-02-10,5.8,0.1642
1980-02-11,6.0,0.1699
1980-02-12,6.0,0.1699
1980-02-13,5.8,0.1642
1980-02-14,6.1,0.1727
1980-02-15,6.2,0.1756
1980-02-16,5.6,0.1586
1980-02-17,5.7,0.1614
1980-02-18,6.3,0.1784
1980-02-19,6.7,0.1897
1980-02-20,6.1,0.1727
1980-02-21,5.5,0.1557
1980-02-22,5.4,0.1529
1980-02-23,5.5,0.1557
1980-02-24,5.6,0.1586
1980-02-25,5.6,0.1586
1980-02-26,6.0,0.1699
1980-02-27,6.0,0.1699
1980-02-28,6.4,0.1812
1980-02-29,6.8,0.1926
1980-03-01,5.6,0.1586
1980-03-02,5.3,0.1501
1980-03-03,5.6,0.1586
1980-03-04,6.0,0.1699
1980-03-05,6.0,0.1699
1980-03-06,5.6,0.1586
1980-03-07,5.6,0.1586
1980-03-08,5.6,0.1586
1980-03-09,4.9,0.1388
1980-03-10,5.3,0.1501
1980-03-11,4.5,0.1274
1980-03-12,4.1,0.1161
1980-03-13,3.7,0.1048
1980-03-14,3.7,0.1048
1980-03-15,3.7,0.1048
1980-03-16,4.1,0.1161
1980-03-17,3.7,0.1048
1980-03-18,3.0,0.085
1980-03-19,3.4,0.0963
1980-03-20,4.5,0.1274
1980-03-21,5.3,0.1501
1980-03-22,5.3,0.1501
1980-03-23,5.3,0.1501
1980-03-24,4.9,0.1388
1980-03-25,4.9,0.1388
1980-03-26,5.3,0.1501
1980-03-27,5.6,0.1586
1980-03-28,5.3,0.1501
1980-03-29,4.9,0.1388
1980-03-30,5.3,0.1501
1980-03-31,5.3,0.1501
1980-04-01,5.3,0.1501
1980-04-02,5.3,0.1501
1980-04-03,5.3,0.1501
1980-04-04,5.3,0.1501
1980-04-05,5.6,0.1586
1980-04-06,6.0,0.1699
1980-04-07,6.4,0.1812
1980-04-08,6.0,0.1699
1980-04-09,6.4,0.1812
1980-04-10,6.4,0.1812
1980-04-11,6.8,0.1926
1980-04-12,6.4,0.1812
1980-04-13,6.8,0.1926
1980-04-14,6.0,0.1699
1980-04-15,6.0,0.1699
1980-04-16,5.3,0.1501
1980-04-17,5.3,0.1501
1980-04-18,5.3,0.1501
1980-04-19,5.6,0.1586
1980-04-20,4.9,0.1388
1980-04-21,4.9,0.1388
1980-04-22,4.9,0.1388
1980-04-23,4.9,0.1388
1980-04-24,4.5,0.1274
1980-04-25,4.9,0.1388
1980-04-26,4.9,0.1388
1980-04-27,4.9,0.1388
1980-04-28,4.9,0.1388
1980-04-29,4.9,0.1388
1980-04-30,4.9,0.1388
1980-05-01,4.5,0.1274
1980-05-02,4.5,0.1274
1980-05-03,5.6,0.1586
1980-05-04,7.6,0.2152
1980-05-05,6.4,0.1812
1980-05-06,15.0,0.4248
1980-05-07,12.0,0.3398
1980-05-08,7.2,0.2039
1980-05-09,6.0,0.1699
1980-05-10,5.3,0.1501
1980-05-11,4.9,0.1388
1980-05-12,4.5,0.1274
1980-05-13,4.1,0.1161
1980-05-14,3.7,0.1048
1980-05-15,18.0,0.5097
1980-05-16,13.0,0.3681
1980-05-17,6.4,0.1812
1980-05-18,5.3,0.1501
1980-05-19,4.1,0.1161
1980-05-20,3.7,0.1048
1980-05-21,3.7,0.1048
1980-05-22,3.7,0.1048
1980-05-23,3.4,0.0963
1980-05-24,2.7,0.0765
1980-05-25,2.0,0.0566
1980-05-26,1.8,0.051
1980-05-27,3.0,0.085
1980-05-28,3.5,0.0991
1980-05-29,3.6,0.1019
1980-05-30,2.9,0.0821
1980-05-31,2.5,0.0708
1980-06-01,2.1,0.0595
1980-06-02,2.1,0.0595
1980-06-03,2.0,0.0566
1980-06-04,1.6,0.0453
1980-06-05,1.2,0.034
1980-06-06,1.2,0.034
1980-06-07,0.4,0.0113
1980-06-08,16.0,0.4531
1980-06-09,3.9,0.1104
1980-06-10,4.4,0.1246
1980-06-11,4.6,0.1303
1980-06-12,3.4,0.0963
1980-06-13,2.1,0.0595
1980-06-14,1.2,0.034
1980-06-15,0.65,0.0184
1980-06-16,0.4,0.0113
1980-06-17,0.16,0.0045
1980-06-18,0.4,0.0113
1980-06-19,0.4,0.0113
1980-06-20,7.2,0.2039
1980-06-21,25.0,0.7079
1980-06-22,3.3,0.0934
1980-06-23,1.8,0.051
1980-06-24,1.2,0.034
1980-06-25,0.65,0.0184
1980-06-26,0.69,0.0195
1980-06-27,0.4,0.0113
1980-06-28,0.0,0.0
1980-06-29,0.0,0.0
1980-06-30,0.0,0.0
1980-07-01,0.0,0.0
1980-07-02,0.0,0.0
1980-07-03,0.0,0.0
1980-07-04,0.0,0.0
1980-07-05,0.0,0.0
1980-07-06,0.0,0.0
1980-07-07,0.0,0.0
1980-07-08,0.0,0.0
1980-07-09,3.4,0.0963
1980-07-10,37.0,1.0477
1980-07-11,8.6,0.2435
1980-07-12,2.7,0.0765
1980-07-13,0.91,0.0258
1980-07-14,0.0,0.0
1980-07-15,0.0,0.0
1980-07-16,0.0,0.0
1980-07-17,0.0,0.0
1980-07-18,0.0,0.0
1980-07-19,0.0,0.0
1980-07-20,0.0,0.0
1980-07-21,0.0,0.0
1980-07-22,0.0,0.0
1980-07-23,0.0,0.0
1980-07-24,0.0,0.0
1980-07-25,0.0,0.0
1980-07-26,0.0,0.0
1980-07-27,0.0,0.0
1980-07-28,0.0,0.0
1980-07-29,0.0,0.0
1980-07-30,0.0,0.0
1980-07-31,0.0,0.0
1980-08-01,0.0,0.0
1980-08-02,0.0,0.0
1980-08-03,0.0,0.0
1980-08-04,0.0,0.0
1980-08-05,0.0,0.0
1980-08-06,0.0,0.0
1980-08-07,0.0,0.0
1980-08-08,0.0,0.0
1980-08-09,0.0,0.0
1980-08-10,0.0,0.0
1980-08-11,0.0,0.0
1980-08-12,2.0,0.0566
1980-08-13,1.0,0.0283
1980-08-14,0.5,0.0142
1980-08-15,0.5,0.0142
1980-08-16,0.5,0.0142
1980-08-17,0.5,0.0142
1980-08-18,0.5,0.0142
1980-08-19,5.0,0.1416
1980-08-20,2.0,0.0566
1980-08-21,0.5,0.0142
1980-08-22,0.5,0.0142
1980-08-23,0.5,0.0142
1980-08-24,0.5,0.0142
1980-08-25,0.5,0.0142
1980-08-26,0.4,0.0113
1980-08-27,0.4,0.0113
1980-08-28,0.4,0.0113
1980-08-29,0.4,0.0113
1980-08-30,0.4,0.0113
1980-08-31,0.4,0.0113
1980-09-01,0.4,0.0113
1980-09-02,0.4,0.0113
1980-09-03,0.4,0.0113
1980-09-04,0.4,0.0113
1980-09-05,0.4,0.0113
1980-09-06,0.4,0.0113
1980-09-07,0.4,0.0113
1980-09-08,0.4,0.0113
1980-09-09,10.0,0.2832
1980-09-10,2.0,0.0566
1980-09-11,1.0,0.0283
1980-09-12,1.0,0.0283
1980-09-13,1.0,0.0283
1980-09-14,0.5,0.0142
1980-09-15,0.5,0.0142
1980-09-16,0.5,0.0142
1980-09-17,0.5,0.0142
1980-09-18,0.5,0.0142
1980-09-19,1.0,0.0283
1980-09-20,1.0,0.0283
1980-09-21,1.0,0.0283
1980-09-22,2.0,0.0566
1980-09-23,2.0,0.0566
1980-09-24,2.0,0.0566
1980-09-25,200.0,5.6634
1980-09-26,800.0,22.6534
1980-09-27,1200.0,33.9802
1980-09-28,800.0,22.6534
1980-09-29,200.0,5.6634
1980-09-30,50.0,1.4158
1980-10-01,12.0,0.3398
1980-10-02,10.0,0.2832
1980-10-03,8.9,0.252
1980-10-04,8.5,0.2407
1980-10-05,7.6,0.2152
1980-10-06,6.4,0.1812
1980-10-07,5.6,0.1586
1980-10-08,5.3,0.1501
1980-10-09,5.3,0.1501
1980-10-10,4.9,0.1388
1980-10-11,4.5,0.1274
1980-10-12,4.5,0.1274
1980-10-13,4.5,0.1274
1980-10-14,4.1,0.1161
1980-10-15,3.7,0.1048
1980-10-16,3.4,0.0963
1980-10-17,3.4,0.0963
1980-10-18,3.4,0.0963
1980-10-19,3.4,0.0963
1980-10-20,4.5,0.1274
1980-10-21,4.9,0.1388
1980-10-22,5.3,0.1501
1980-10-23,4.9,0.1388
1980-10-24,4.9,0.1388
1980-10-25,4.9,0.1388
1980-10-26,4.5,0.1274
1980-10-27,4.1,0.1161
1980-10-28,4.5,0.1274
1980-10-29,4.9,0.1388
1980-10-30,4.9,0.1388
1980-10-31,5.2,0.1472
1980-11-01,5.3,0.1501
1980-11-02,5.2,0.1472
1980-11-03,5.0,0.1416
1980-11-04,4.8,0.1359
1980-11-05,4.5,0.1274
1980-11-06,4.7,0.1331
1980-11-07,4.5,0.1274
1980-11-08,4.5,0.1274
1980-11-09,4.2,0.1189
1980-11-10,3.7,0.1048
1980-11-11,4.0,0.1133
1980-11-12,4.1,0.1161
1980-11-13,4.5,0.1274
1980-11-14,4.4,0.1246
1980-11-15,4.3,0.1218
1980-11-16,6.1,0.1727
1980-11-17,6.0,0.1699
1980-11-18,5.7,0.1614
1980-11-19,5.3,0.1501
1980-11-20,5.1,0.1444
1980-11-21,4.9,0.1388
1980-11-22,5.2,0.1472
1980-11-23,5.0,0.1416
1980-11-24,4.9,0.1388
1980-11-25,6.3,0.1784
1980-11-26,6.3,0.1784
1980-11-27,6.0,0.1699
1980-11-28,6.1,0.1727
1980-11-29,5.8,0.1642
1980-11-30,5.7,0.1614
1980-12-01,5.5,0.1557
1980-12-02,4.9,0.1388
1980-12-03,4.9,0.1388
1980-12-04,5.0,0.1416
1980-12-05,5.6,0.1586
1980-12-06,5.6,0.1586
1980-12-07,6.0,0.1699
1980-12-08,5.8,0.1642
1980-12-09,5.4,0.1529
1980-12-10,5.2,0.1472
1980-12-11,5.0,0.1416
1980-12-12,5.3,0.1501
1980-12-13,5.6,0.1586
1980-12-14,5.2,0.1472
1980-12-15,4.9,0.1388
1980-12-16,4.9,0.1388
1980-12-17,4.7,0.1331
1980-12-18,4.6,0.1303
1980-12-19,4.1,0.1161
1980-12-20,4.2,0.1189
1980-12-21,4.2,0.1189
1980-12-22,4.6,0.1303
1980-12-23,4.9,0.1388
1980-12-24,4.7,0.1331
1980-12-25,4.5,0.1274
1980-12-26,4.5,0.1274
1980-12-27,4.9,0.1388
1980-12-28,4.9,0.1388
1980-12-29,4.9,0.1388
1980-12-30,4.8,0.1359
1980-12-31,4.6,0.1303
1981-01-01,4.8,0.1359
1981-01-02,4.7,0.1331
1981-01-03,4.9,0.1388
1981-01-04,4.9,0.1388
1981-01-05,4.9,0.1388
1981-01-06,4.9,0.1388
1981-01-07,4.9,0.1388
1981-01-08,5.2,0.1472
1981-01-09,5.3,0.1501
1981-01-10,5.3,0.1501
1981-01-11,5.1,0.1444
1981-01-12,5.9,0.1671
1981-01-13,6.4,0.1812
1981-01-14,7.6,0.2152
1981-01-15,6.8,0.1926
1981-01-16,5.8,0.1642
1981-01-17,6.0,0.1699
1981-01-18,6.5,0.1841
1981-01-19,6.7,0.1897
1981-01-20,6.4,0.1812
1981-01-21,6.0,0.1699
1981-01-22,5.6,0.1586
1981-01-23,5.3,0.1501
1981-01-24,5.4,0.1529
1981-01-25,5.3,0.1501
1981-01-26,5.2,0.1472
1981-01-27,5.1,0.1444
1981-01-28,4.9,0.1388
1981-01-29,4.8,0.1359
1981-01-30,4.5,0.1274
1981-01-31,4.9,0.1388
1981-02-01,4.9,0.1388
1981-02-02,4.9,0.1388
1981-02-03,4.9,0.1388
1981-02-04,4.9,0.1388
1981-02-05,5.3,0.1501
1981-02-06,5.3,0.1501
1981-02-07,5.6,0.1586
1981-02-08,5.3,0.1501
1981-02-09,5.0,0.1416
1981-02-10,4.5,0.1274
1981-02-11,4.1,0.1161
1981-02-12,4.1,0.1161
1981-02-13,4.3,0.1218
1981-02-14,4.9,0.1388
1981-02-15,5.1,0.1444
1981-02-16,5.3,0.1501
1981-02-17,5.3,0.1501
1981-02-18,5.0,0.1416
1981-02-19,4.9,0.1388
1981-02-20,4.9,0.1388
1981-02-21,5.1,0.1444
1981-02-22,4.9,0.1388
1981-02-23,4.9,0.1388
1981-02-24,5.1,0.1444
1981-02-25,5.3,0.1501
1981-02-26,5.3,0.1501
1981-02-27,5.8,0.1642
1981-02-28,7.3,0.2067
1981-03-01,14.0,0.3964
1981-03-02,10.0,0.2832
1981-03-03,7.4,0.2095
1981-03-04,6.0,0.1699
1981-03-05,5.9,0.1671
1981-03-06,5.8,0.1642
1981-03-07,5.9,0.1671
1981-03-08,5.6,0.1586
1981-03-09,5.8,0.1642
1981-03-10,6.4,0.1812
1981-03-11,7.4,0.2095
1981-03-12,7.5,0.2124
1981-03-13,7.2,0.2039
1981-03-14,6.7,0.1897
1981-03-15,6.3,0.1784
1981-03-16,6.0,0.1699
1981-03-17,6.3,0.1784
1981-03-18,6.0,0.1699
1981-03-19,5.6,0.1586
1981-03-20,5.6,0.1586
1981-03-21,5.3,0.1501
1981-03-22,5.3,0.1501
1981-03-23,5.6,0.1586
1981-03-24,5.5,0.1557
1981-03-25,5.6,0.1586
1981-03-26,5.6,0.1586
1981-03-27,5.6,0.1586
1981-03-28,5.3,0.1501
1981-03-29,5.0,0.1416
1981-03-30,4.8,0.1359
1981-03-31,4.9,0.1388
1981-04-01,4.9,0.1388
1981-04-02,5.0,0.1416
1981-04-03,4.5,0.1274
1981-04-04,4.0,0.1133
1981-04-05,3.7,0.1048
1981-04-06,4.0,0.1133
1981-04-07,4.4,0.1246
1981-04-08,4.5,0.1274
1981-04-09,4.3,0.1218
1981-04-10,4.2,0.1189
1981-04-11,4.0,0.1133
1981-04-12,4.0,0.1133
1981-04-13,3.8,0.1076
1981-04-14,8.0,0.2265
1981-04-15,8.9,0.252
1981-04-16,7.5,0.2124
1981-04-17,6.3,0.1784
1981-04-18,6.0,0.1699
1981-04-19,4.9,0.1388
1981-04-20,4.3,0.1218
1981-04-21,4.2,0.1189
1981-04-22,4.1,0.1161
1981-04-23,4.1,0.1161
1981-04-24,4.5,0.1274
1981-04-25,4.5,0.1274
1981-04-26,4.2,0.1189
1981-04-27,3.8,0.1076
1981-04-28,4.9,0.1388
1981-04-29,4.8,0.1359
1981-04-30,4.9,0.1388
1981-05-01,4.0,0.1133
1981-05-02,5.3,0.1501
1981-05-03,13.0,0.3681
1981-05-04,6.8,0.1926
1981-05-05,5.6,0.1586
1981-05-06,4.8,0.1359
1981-05-07,4.5,0.1274
1981-05-08,4.2,0.1189
1981-05-09,2.9,0.0821
1981-05-10,2.2,0.0623
1981-05-11,2.8,0.0793
1981-05-12,3.3,0.0934
1981-05-13,2.5,0.0708
1981-05-14,3.6,0.1019
1981-05-15,2.9,0.0821
1981-05-16,3.6,0.1019
1981-05-17,3.0,0.085
1981-05-18,2.9,0.0821
1981-05-19,2.7,0.0765
1981-05-20,3.2,0.0906
1981-05-21,3.1,0.0878
1981-05-22,3.0,0.085
1981-05-23,2.4,0.068
1981-05-24,2.4,0.068
1981-05-25,3.0,0.085
1981-05-26,2.7,0.0765
1981-05-27,2.4,0.068
1981-05-28,1.8,0.051
1981-05-29,2.0,0.0566
1981-05-30,4.5,0.1274
1981-05-31,4.9,0.1388
1981-06-01,2.0,0.0566
1981-06-02,1.2,0.034
1981-06-03,17.0,0.4814
1981-06-04,15.0,0.4248
1981-06-05,2.4,0.068
1981-06-06,18.0,0.5097
1981-06-07,16.0,0.4531
1981-06-08,6.8,0.1926
1981-06-09,4.5,0.1274
1981-06-10,4.1,0.1161
1981-06-11,3.7,0.1048
1981-06-12,3.4,0.0963
1981-06-13,3.4,0.0963
1981-06-14,3.4,0.0963
1981-06-15,2.7,0.0765
1981-06-16,2.0,0.0566
1981-06-17,2.0,0.0566
1981-06-18,2.0,0.0566
1981-06-19,2.4,0.068
1981-06-20,2.4,0.068
1981-06-21,2.0,0.0566
1981-06-22,1.5,0.0425
1981-06-23,0.4,0.0113
1981-06-24,0.16,0.0045
1981-06-25,0.0,0.0
1981-06-26,0.0,0.0
1981-06-27,0.0,0.0
1981-06-28,0.16,0.0045
1981-06-29,1.5,0.0425
1981-06-30,35.0,0.9911
1981-07-01,8.0,0.2265
1981-07-02,11.0,0.3115
1981-07-03,6.4,0.1812
1981-07-04,4.5,0.1274
1981-07-05,6.8,0.1926
1981-07-06,3.7,0.1048
1981-07-07,2.7,0.0765
1981-07-08,11.0,0.3115
1981-07-09,166.0,4.7006
1981-07-10,49.0,1.3875
1981-07-11,15.0,0.4248
1981-07-12,11.0,0.3115
1981-07-13,7.6,0.2152
1981-07-14,6.8,0.1926
1981-07-15,7.6,0.2152
1981-07-16,15.0,0.4248
1981-07-17,11.0,0.3115
1981-07-18,6.8,0.1926
1981-07-19,5.3,0.1501
1981-07-20,4.5,0.1274
1981-07-21,4.1,0.1161
1981-07-22,3.3,0.0934
1981-07-23,2.8,0.0793
1981-07-24,2.0,0.0566
1981-07-25,1.3,0.0368
1981-07-26,0.82,0.0232
1981-07-27,0.6,0.017
1981-07-28,74.0,2.0954
1981-07-29,68.0,1.9255
1981-07-30,25.0,0.7079
1981-07-31,8.5,0.2407
1981-08-01,7.2,0.2039
1981-08-02,13.0,0.3681
1981-08-03,12.0,0.3398
1981-08-04,7.2,0.2039
1981-08-05,9.8,0.2775
1981-08-06,4.9,0.1388
1981-08-07,3.4,0.0963
1981-08-08,11.0,0.3115
1981-08-09,26.0,0.7362
1981-08-10,8.9,0.252
1981-08-11,6.8,0.1926
1981-08-12,20.0,0.5663
1981-08-13,8.5,0.2407
1981-08-14,25.0,0.7079
1981-08-15,16.0,0.4531
1981-08-16,43.0,1.2176
1981-08-17,36.0,1.0194
1981-08-18,14.0,0.3964
1981-08-19,63.0,1.784
1981-08-20,24.0,0.6796
1981-08-21,11.0,0.3115
1981-08-22,6.8,0.1926
1981-08-23,4.9,0.1388
1981-08-24,4.1,0.1161
1981-08-25,3.0,0.085
1981-08-26,2.7,0.0765
1981-08-27,2.0,0.0566
1981-08-28,1.8,0.051
1981-08-29,1.5,0.0425
1981-08-30,1.2,0.034
1981-08-31,0.91,0.0258
1981-09-01,0.91,0.0258
1981-09-02,1.5,0.0425
1981-09-03,1.2,0.034
1981-09-04,1.8,0.051
1981-09-05,90.0,2.5485
1981-09-06,74.0,2.0954
1981-09-07,39.0,1.1044
1981-09-08,83.0,2.3503
1981-09-09,97.0,2.7467
1981-09-10,25.0,0.7079
1981-09-11,13.0,0.3681
1981-09-12,9.3,0.2633
1981-09-13,7.6,0.2152
1981-09-14,6.4,0.1812
1981-09-15,5.6,0.1586
1981-09-16,5.1,0.1444
1981-09-17,4.7,0.1331
1981-09-18,4.4,0.1246
1981-09-19,4.3,0.1218
1981-09-20,4.3,0.1218
1981-09-21,4.3,0.1218
1981-09-22,4.3,0.1218
1981-09-23,4.3,0.1218
1981-09-24,4.3,0.1218
1981-09-25,6.0,0.1699
1981-09-26,5.4,0.1529
1981-09-27,3.1,0.0878
1981-09-28,2.7,0.0765
1981-09-29,3.0,0.085
1981-09-30,3.0,0.085
1981-10-01,3.8,0.1076
1981-10-02,3.8,0.1076
1981-10-03,3.9,0.1104
1981-10-04,3.8,0.1076
1981-10-05,3.7,0.1048
1981-10-06,4.1,0.1161
1981-10-07,5.0,0.1416
1981-10-08,5.5,0.1557
1981-10-09,5.2,0.1472
1981-10-10,5.0,0.1416
1981-10-11,4.9,0.1388
1981-10-12,4.9,0.1388
1981-10-13,4.8,0.1359
1981-10-14,4.7,0.1331
1981-10-15,4.7,0.1331
1981-10-16,4.6,0.1303
1981-10-17,4.6,0.1303
1981-10-18,4.5,0.1274
1981-10-19,4.5,0.1274
1981-10-20,4.4,0.1246
1981-10-21,4.4,0.1246
1981-10-22,4.3,0.1218
1981-10-23,4.2,0.1189
1981-10-24,4.2,0.1189
1981-10-25,4.1,0.1161
1981-10-26,4.1,0.1161
1981-10-27,4.1,0.1161
1981-10-28,4.1,0.1161
1981-10-29,4.2,0.1189
1981-10-30,4.2,0.1189
1981-10-31,4.0,0.1133
1981-11-01,4.0,0.1133
1981-11-02,4.0,0.1133
1981-11-03,4.2,0.1189
1981-11-04,4.3,0.1218
1981-11-05,4.3,0.1218
1981-11-06,4.4,0.1246
1981-11-07,4.5,0.1274
1981-11-08,4.5,0.1274
1981-11-09,4.4,0.1246
1981-11-10,4.4,0.1246
1981-11-11,4.5,0.1274
1981-11-12,4.7,0.1331
1981-11-13,4.8,0.1359
1981-11-14,4.8,0.1359
1981-11-15,4.7,0.1331
1981-11-16,4.7,0.1331
1981-11-17,4.7,0.1331
1981-11-18,4.7,0.1331
1981-11-19,4.5,0.1274
1981-11-20,4.5,0.1274
1981-11-21,4.7,0.1331
1981-11-22,4.9,0.1388
1981-11-23,4.9,0.1388
1981-11-24,4.9,0.1388
1981-11-25,4.7,0.1331
1981-11-26,4.5,0.1274
1981-11-27,4.6,0.1303
1981-11-28,4.7,0.1331
1981-11-29,4.9,0.1388
1981-11-30,4.8,0.1359
1981-12-01,4.7,0.1331
1981-12-02,4.7,0.1331
1981-12-03,4.8,0.1359
1981-12-04,4.9,0.1388
1981-12-05,4.9,0.1388
1981-12-06,5.0,0.1416
1981-12-07,5.1,0.1444
1981-12-08,5.1,0.1444
1981-12-09,5.1,0.1444
1981-12-10,5.1,0.1444
1981-12-11,5.1,0.1444
1981-12-12,5.3,0.1501
1981-12-13,5.0,0.1416
1981-12-14,4.9,0.1388
1981-12-15,4.9,0.1388
1981-12-16,4.9,0.1388
1981-12-17,4.9,0.1388
1981-12-18,4.9,0.1388
1981-12-19,5.0,0.1416
1981-12-20,5.0,0.1416
1981-12-21,5.0,0.1416
1981-12-22,5.0,0.1416
1981-12-23,5.1,0.1444
1981-12-24,5.1,0.1444
1981-12-25,5.1,0.1444
1981-12-26,5.2,0.1472
1981-12-27,5.2,0.1472
1981-12-28,5.2,0.1472
1981-12-29,5.3,0.1501
1981-12-30,5.1,0.1444
1981-12-31,5.2,0.1472
1982-01-01,5.3,0.1501
1982-01-02,5.3,0.1501
1982-01-03,5.2,0.1472
1982-01-04,5.2,0.1472
1982-01-05,5.1,0.1444
1982-01-06,5.3,0.1501
1982-01-07,5.3,0.1501
1982-01-08,5.3,0.1501
1982-01-09,5.3,0.1501
1982-01-10,5.4,0.1529
1982-01-11,5.5,0.1557
1982-01-12,5.8,0.1642
1982-01-13,6.3,0.1784
1982-01-14,5.8,0.1642
1982-01-15,5.8,0.1642
1982-01-16,5.6,0.1586
1982-01-17,5.3,0.1501
1982-01-18,5.4,0.1529
1982-01-19,5.4,0.1529
1982-01-20,5.3,0.1501
1982-01-21,5.3,0.1501
1982-01-22,5.2,0.1472
1982-01-23,5.2,0.1472
1982-01-24,5.1,0.1444
1982-01-25,5.2,0.1472
1982-01-26,5.3,0.1501
1982-01-27,5.4,0.1529
1982-01-28,5.5,0.1557
1982-01-29,5.4,0.1529
1982-01-30,5.2,0.1472
1982-01-31,5.2,0.1472
1982-02-01,5.0,0.1416
1982-02-02,5.1,0.1444
1982-02-03,5.1,0.1444
1982-02-04,5.1,0.1444
1982-02-05,5.1,0.1444
1982-02-06,5.1,0.1444
1982-02-07,5.1,0.1444
1982-02-08,5.2,0.1472
1982-02-09,5.1,0.1444
1982-02-10,5.1,0.1444
1982-02-11,5.3,0.1501
1982-02-12,5.3,0.1501
1982-02-13,5.2,0.1472
1982-02-14,5.1,0.1444
1982-02-15,5.1,0.1444
1982-02-16,5.1,0.1444
1982-02-17,5.1,0.1444
1982-02-18,5.1,0.1444
1982-02-19,4.9,0.1388
1982-02-20,4.9,0.1388
1982-02-21,4.9,0.1388
1982-02-22,4.9,0.1388
1982-02-23,4.8,0.1359
1982-02-24,4.7,0.1331
1982-02-25,4.8,0.1359
1982-02-26,4.7,0.1331
1982-02-27,4.6,0.1303
1982-02-28,4.7,0.1331
1982-03-01,4.6,0.1303
1982-03-02,4.5,0.1274
1982-03-03,4.3,0.1218
1982-03-04,4.2,0.1189
1982-03-05,4.1,0.1161
1982-03-06,4.1,0.1161
1982-03-07,4.1,0.1161
1982-03-08,4.1,0.1161
1982-03-09,4.1,0.1161
1982-03-10,4.1,0.1161
1982-03-11,4.1,0.1161
1982-03-12,4.0,0.1133
1982-03-13,4.0,0.1133
1982-03-14,4.0,0.1133
1982-03-15,4.2,0.1189
1982-03-16,3.8,0.1076
1982-03-17,3.8,0.1076
1982-03-18,3.8,0.1076
1982-03-19,3.8,0.1076
1982-03-20,3.6,0.1019
1982-03-21,3.6,0.1019
1982-03-22,3.6,0.1019
1982-03-23,3.7,0.1048
1982-03-24,3.7,0.1048
1982-03-25,3.6,0.1019
1982-03-26,3.6,0.1019
1982-03-27,3.7,0.1048
1982-03-28,3.8,0.1076
1982-03-29,3.7,0.1048
1982-03-30,3.6,0.1019
1982-03-31,3.6,0.1019
1982-04-01,3.6,0.1019
1982-04-02,3.4,0.0963
1982-04-03,3.4,0.0963
1982-04-04,3.3,0.0934
1982-04-05,3.3,0.0934
1982-04-06,3.3,0.0934
1982-04-07,3.2,0.0906
1982-04-08,3.0,0.085
1982-04-09,2.9,0.0821
1982-04-10,2.9,0.0821
1982-04-11,2.8,0.0793
1982-04-12,2.8,0.0793
1982-04-13,2.7,0.0765
1982-04-14,2.6,0.0736
1982-04-15,2.7,0.0765
1982-04-16,2.6,0.0736
1982-04-17,2.6,0.0736
1982-04-18,2.6,0.0736
1982-04-19,2.7,0.0765
1982-04-20,2.7,0.0765
1982-04-21,2.7,0.0765
1982-04-22,3.4,0.0963
1982-04-23,4.0,0.1133
1982-04-24,4.1,0.1161
1982-04-25,4.1,0.1161
1982-04-26,3.7,0.1048
1982-04-27,3.5,0.0991
1982-04-28,3.3,0.0934
1982-04-29,4.2,0.1189
1982-04-30,50.0,1.4158
1982-05-01,6.6,0.1869
1982-05-02,4.8,0.1359
1982-05-03,4.3,0.1218
1982-05-04,4.0,0.1133
1982-05-05,13.0,0.3681
1982-05-06,4.6,0.1303
1982-05-07,3.5,0.0991
1982-05-08,3.1,0.0878
1982-05-09,2.9,0.0821
1982-05-10,2.8,0.0793
1982-05-11,2.7,0.0765
1982-05-12,2.7,0.0765
1982-05-13,2.5,0.0708
1982-05-14,2.4,0.068
1982-05-15,2.3,0.0651
1982-05-16,2.3,0.0651
1982-05-17,2.2,0.0623
1982-05-18,2.3,0.0651
1982-05-19,3.1,0.0878
1982-05-20,2.3,0.0651
1982-05-21,2.0,0.0566
1982-05-22,1.9,0.0538
1982-05-23,2.1,0.0595
1982-05-24,2.1,0.0595
1982-05-25,2.2,0.0623
1982-05-26,2.9,0.0821
1982-05-27,4.3,0.1218
1982-05-28,2.3,0.0651
1982-05-29,1.8,0.051
1982-05-30,1.6,0.0453
1982-05-31,1.5,0.0425
1982-06-01,1.5,0.0425
1982-06-02,1.5,0.0425
1982-06-03,1.4,0.0396
1982-06-04,1.4,0.0396
1982-06-05,1.4,0.0396
1982-06-06,1.3,0.0368
1982-06-07,1.3,0.0368
1982-06-08,1.2,0.034
1982-06-09,1.1,0.0311
1982-06-10,1.1,0.0311
1982-06-11,1.2,0.034
1982-06-12,1.3,0.0368
1982-06-13,18.0,0.5097
1982-06-14,15.0,0.4248
1982-06-15,49.0,1.3875
1982-06-16,8.8,0.2492
1982-06-17,4.2,0.1189
1982-06-18,3.2,0.0906
1982-06-19,2.8,0.0793
1982-06-20,3.0,0.085
1982-06-21,2.9,0.0821
1982-06-22,2.7,0.0765
1982-06-23,3.1,0.0878
1982-06-24,2.4,0.068
1982-06-25,2.1,0.0595
1982-06-26,1.9,0.0538
1982-06-27,1.8,0.051
1982-06-28,1.7,0.0481
1982-06-29,1.5,0.0425
1982-06-30,1.7,0.0481
1982-07-01,146.0,4.1343
1982-07-02,19.0,0.538
1982-07-03,8.6,0.2435
1982-07-04,5.9,0.1671
1982-07-05,3.3,0.0934
1982-07-06,2.5,0.0708
1982-07-07,2.0,0.0566
1982-07-08,15.0,0.4248
1982-07-09,32.0,0.9061
1982-07-10,2.4,0.068
1982-07-11,1.7,0.0481
1982-07-12,24.0,0.6796
1982-07-13,4.0,0.1133
1982-07-14,2.2,0.0623
1982-07-15,1.7,0.0481
1982-07-16,1.4,0.0396
1982-07-17,1.2,0.034
1982-07-18,1.1,0.0311
1982-07-19,0.96,0.0272
1982-07-20,0.94,0.0266
1982-07-21,0.76,0.0215
1982-07-22,0.66,0.0187
1982-07-23,0.56,0.0159
1982-07-24,0.52,0.0147
1982-07-25,0.46,0.013
1982-07-26,0.47,0.0133
1982-07-27,0.43,0.0122
1982-07-28,0.38,0.0108
1982-07-29,0.35,0.0099
1982-07-30,0.31,0.0088
1982-07-31,0.55,0.0156
1982-08-01,0.54,0.0153
1982-08-02,46.0,1.3026
1982-08-03,2.6,0.0736
1982-08-04,2.1,0.0595
1982-08-05,1.5,0.0425
1982-08-06,0.9,0.0255
1982-08-07,0.7,0.0198
1982-08-08,0.82,0.0232
1982-08-09,3.0,0.085
1982-08-10,1.8,0.051
1982-08-11,1.2,0.034
1982-08-12,0.95,0.0269
1982-08-13,0.79,0.0224
1982-08-14,0.69,0.0195
1982-08-15,0.57,0.0161
1982-08-16,1.4,0.0396
1982-08-17,0.78,0.0221
1982-08-18,96.0,2.7184
1982-08-19,2.3,0.0651
1982-08-20,1.1,0.0311
1982-08-21,0.81,0.0229
1982-08-22,0.67,0.019
1982-08-23,0.57,0.0161
1982-08-24,0.52,0.0147
1982-08-25,0.49,0.0139
1982-08-26,0.5,0.0142
1982-08-27,0.55,0.0156
1982-08-28,0.54,0.0153
1982-08-29,0.49,0.0139
1982-08-30,0.46,0.013
1982-08-31,0.48,0.0136
1982-09-01,0.46,0.013
1982-09-02,0.41,0.0116
1982-09-03,0.4,0.0113
1982-09-04,0.39,0.011
1982-09-05,0.38,0.0108
1982-09-06,0.4,0.0113
1982-09-07,0.36,0.0102
1982-09-08,0.36,0.0102
1982-09-09,0.38,0.0108
1982-09-10,24.0,0.6796
1982-09-11,98.0,2.775
1982-09-12,9.6,0.2718
1982-09-13,2.3,0.0651
1982-09-14,1.6,0.0453
1982-09-15,2.9,0.0821
1982-09-16,2.2,0.0623
1982-09-17,1.4,0.0396
1982-09-18,1.3,0.0368
1982-09-19,1.4,0.0396
1982-09-20,1.5,0.0425
1982-09-21,4.4,0.1246
1982-09-22,18.0,0.5097
1982-09-23,3.6,0.1019
1982-09-24,2.0,0.0566
1982-09-25,1.8,0.051
1982-09-26,1.6,0.0453
1982-09-27,1.5,0.0425
1982-09-28,10.0,0.2832
1982-09-29,76.0,2.1521
1982-09-30,3.4,0.0963
1982-10-01,2.4,0.068
1982-10-02,2.2,0.0623
1982-10-03,1.8,0.051
1982-10-04,1.7,0.0481
1982-10-05,1.7,0.0481
1982-10-06,1.6,0.0453
1982-10-07,1.6,0.0453
1982-10-08,1.5,0.0425
1982-10-09,1.3,0.0368
1982-10-10,1.3,0.0368
1982-10-11,1.4,0.0396
1982-10-12,1.6,0.0453
1982-10-13,1.8,0.051
1982-10-14,1.9,0.0538
1982-10-15,1.8,0.051
1982-10-16,1.8,0.051
1982-10-17,1.7,0.0481
1982-10-18,1.7,0.0481
1982-10-19,1.6,0.0453
1982-10-20,1.6,0.0453
1982-10-21,1.6,0.0453
1982-10-22,1.7,0.0481
1982-10-23,1.9,0.0538
1982-10-24,1.8,0.051
1982-10-25,1.8,0.051
1982-10-26,1.8,0.051
1982-10-27,1.8,0.051
1982-10-28,1.7,0.0481
1982-10-29,1.7,0.0481
1982-10-30,1.8,0.051
1982-10-31,1.9,0.0538
1982-11-01,1.9,0.0538
1982-11-02,1.9,0.0538
1982-11-03,2.2,0.0623
1982-11-04,2.3,0.0651
1982-11-05,2.3,0.0651
1982-11-06,2.3,0.0651
1982-11-07,2.4,0.068
1982-11-08,2.4,0.068
1982-11-09,2.4,0.068
1982-11-10,2.5,0.0708
1982-11-11,2.6,0.0736
1982-11-12,2.5,0.0708
1982-11-13,2.3,0.0651
1982-11-14,2.4,0.068
1982-11-15,2.5,0.0708
1982-11-16,2.5,0.0708
1982-11-17,2.7,0.0765
1982-11-18,2.7,0.0765
1982-11-19,2.6,0.0736
1982-11-20,2.6,0.0736
1982-11-21,2.6,0.0736
1982-11-22,2.7,0.0765
1982-11-23,2.7,0.0765
1982-11-24,2.8,0.0793
1982-11-25,2.9,0.0821
1982-11-26,3.1,0.0878
1982-11-27,3.5,0.0991
1982-11-28,3.4,0.0963
1982-11-29,3.1,0.0878
1982-11-30,3.0,0.085
1982-12-01,3.1,0.0878
1982-12-02,3.4,0.0963
1982-12-03,3.3,0.0934
1982-12-04,3.0,0.085
1982-12-05,3.1,0.0878
1982-12-06,3.1,0.0878
1982-12-07,3.1,0.0878
1982-12-08,3.1,0.0878
1982-12-09,3.8,0.1076
1982-12-10,4.0,0.1133
1982-12-11,4.0,0.1133
1982-12-12,3.7,0.1048
1982-12-13,3.4,0.0963
1982-12-14,3.3,0.0934
1982-12-15,3.2,0.0906
1982-12-16,3.3,0.0934
1982-12-17,3.3,0.0934
1982-12-18,3.4,0.0963
1982-12-19,3.4,0.0963
1982-12-20,3.2,0.0906
1982-12-21,3.3,0.0934
1982-12-22,3.4,0.0963
1982-12-23,3.3,0.0934
1982-12-24,3.2,0.0906
1982-12-25,3.1,0.0878
1982-12-26,3.6,0.1019
1982-12-27,3.7,0.1048
1982-12-28,3.7,0.1048
1982-12-29,3.5,0.0991
1982-12-30,3.5,0.0991
1982-12-31,3.8,0.1076
1983-01-01,3.7,0.1048
1983-01-02,3.4,0.0963
1983-01-03,3.2,0.0906
1983-01-04,3.2,0.0906
1983-01-05,3.2,0.0906
1983-01-06,3.4,0.0963
1983-01-07,3.5,0.0991
1983-01-08,3.6,0.1019
1983-01-09,3.5,0.0991
1983-01-10,3.3,0.0934
1983-01-11,3.2,0.0906
1983-01-12,3.2,0.0906
1983-01-13,3.2,0.0906
1983-01-14,3.2,0.0906
1983-01-15,3.2,0.0906
1983-01-16,3.0,0.085
1983-01-17,3.0,0.085
1983-01-18,3.4,0.0963
1983-01-19,3.4,0.0963
1983-01-20,3.5,0.0991
1983-01-21,3.5,0.0991
1983-01-22,3.3,0.0934
1983-01-23,3.2,0.0906
1983-01-24,3.1,0.0878
1983-01-25,3.0,0.085
1983-01-26,3.0,0.085
1983-01-27,3.0,0.085
1983-01-28,3.0,0.085
1983-01-29,3.1,0.0878
1983-01-30,3.1,0.0878
1983-01-31,3.0,0.085
1983-02-01,3.1,0.0878
1983-02-02,3.1,0.0878
1983-02-03,3.0,0.085
1983-02-04,3.1,0.0878
1983-02-05,3.1,0.0878
1983-02-06,3.1,0.0878
1983-02-07,3.1,0.0878
1983-02-08,3.1,0.0878
1983-02-09,3.1,0.0878
1983-02-10,3.2,0.0906
1983-02-11,3.2,0.0906
1983-02-12,3.2,0.0906
1983-02-13,3.2,0.0906
1983-02-14,3.2,0.0906
1983-02-15,3.2,0.0906
1983-02-16,3.2,0.0906
1983-02-17,3.2,0.0906
1983-02-18,3.3,0.0934
1983-02-19,3.2,0.0906
1983-02-20,3.4,0.0963
1983-02-21,3.4,0.0963
1983-02-22,3.4,0.0963
1983-02-23,3.5,0.0991
1983-02-24,3.6,0.1019
1983-02-25,3.5,0.0991
1983-02-26,3.7,0.1048
1983-02-27,3.7,0.1048
1983-02-28,3.6,0.1019
1983-03-01,3.5,0.0991
1983-03-02,3.4,0.0963
1983-03-03,3.3,0.0934
1983-03-04,3.3,0.0934
1983-03-05,3.3,0.0934
1983-03-06,3.2,0.0906
1983-03-07,2.9,0.0821
1983-03-08,3.0,0.085
1983-03-09,3.0,0.085
1983-03-10,3.0,0.085
1983-03-11,2.9,0.0821
1983-03-12,3.0,0.085
1983-03-13,3.0,0.085
1983-03-14,3.0,0.085
1983-03-15,2.8,0.0793
1983-03-16,2.8,0.0793
1983-03-17,2.8,0.0793
1983-03-18,2.9,0.0821
1983-03-19,2.8,0.0793
1983-03-20,2.9,0.0821
1983-03-21,2.9,0.0821
1983-03-22,2.8,0.0793
1983-03-23,2.7,0.0765
1983-03-24,2.7,0.0765
1983-03-25,2.7,0.0765
1983-03-26,2.7,0.0765
1983-03-27,2.6,0.0736
1983-03-28,2.5,0.0708
1983-03-29,2.6,0.0736
1983-03-30,2.6,0.0736
1983-03-31,2.4,0.068
1983-04-01,2.3,0.0651
1983-04-02,2.3,0.0651
1983-04-03,2.4,0.068
1983-04-04,2.4,0.068
1983-04-05,2.5,0.0708
1983-04-06,2.6,0.0736
1983-04-07,3.2,0.0906
1983-04-08,3.3,0.0934
1983-04-09,3.1,0.0878
1983-04-10,2.7,0.0765
1983-04-11,2.6,0.0736
1983-04-12,2.5,0.0708
1983-04-13,2.6,0.0736
1983-04-14,2.5,0.0708
1983-04-15,2.5,0.0708
1983-04-16,2.5,0.0708
1983-04-17,2.5,0.0708
1983-04-18,2.5,0.0708
1983-04-19,2.4,0.068
1983-04-20,2.4,0.068
1983-04-21,2.4,0.068
1983-04-22,2.3,0.0651
1983-04-23,2.4,0.068
1983-04-24,2.4,0.068
1983-04-25,2.4,0.068
1983-04-26,2.4,0.068
1983-04-27,2.3,0.0651
1983-04-28,2.2,0.0623
1983-04-29,2.2,0.0623
1983-04-30,2.3,0.0651
1983-05-01,2.2,0.0623
1983-05-02,2.1,0.0595
1983-05-03,2.0,0.0566
1983-05-04,2.0,0.0566
1983-05-05,2.0,0.0566
1983-05-06,1.9,0.0538
1983-05-07,1.8,0.051
1983-05-08,1.8,0.051
1983-05-09,1.8,0.051
1983-05-10,1.9,0.0538
1983-05-11,1.8,0.051
1983-05-12,1.7,0.0481
1983-05-13,1.7,0.0481
1983-05-14,1.6,0.0453
1983-05-15,1.7,0.0481
1983-05-16,1.7,0.0481
1983-05-17,1.6,0.0453
1983-05-18,1.5,0.0425
1983-05-19,1.4,0.0396
1983-05-20,1.4,0.0396
1983-05-21,1.4,0.0396
1983-05-22,1.4,0.0396
1983-05-23,1.4,0.0396
1983-05-24,1.3,0.0368
1983-05-25,1.4,0.0396
1983-05-26,1.4,0.0396
1983-05-27,1.3,0.0368
1983-05-28,1.3,0.0368
1983-05-29,1.3,0.0368
1983-05-30,1.7,0.0481
1983-05-31,1.4,0.0396
1983-06-01,1.5,0.0425
1983-06-02,1.5,0.0425
1983-06-03,1.3,0.0368
1983-06-04,1.1,0.0311
1983-06-05,0.88,0.0249
1983-06-06,0.84,0.0238
1983-06-07,0.95,0.0269
1983-06-08,1.0,0.0283
1983-06-09,0.95,0.0269
1983-06-10,0.81,0.0229
1983-06-11,0.68,0.0193
1983-06-12,0.55,0.0156
1983-06-13,0.45,0.0127
1983-06-14,0.33,0.0093
1983-06-15,0.73,0.0207
1983-06-16,17.0,0.4814
1983-06-17,1.3,0.0368
1983-06-18,0.92,0.0261
1983-06-19,0.66,0.0187
1983-06-20,0.44,0.0125
1983-06-21,0.3,0.0085
1983-06-22,0.24,0.0068
1983-06-23,5.0,0.1416
1983-06-24,0.77,0.0218
1983-06-25,1.9,0.0538
1983-06-26,0.86,0.0244
1983-06-27,0.54,0.0153
1983-06-28,0.34,0.0096
1983-06-29,0.25,0.0071
1983-06-30,0.15,0.0042
1983-07-01,0.06,0.0017
1983-07-02,0.0,0.0
1983-07-03,0.0,0.0
1983-07-04,0.0,0.0
1983-07-05,0.0,0.0
1983-07-06,0.0,0.0
1983-07-07,0.0,0.0
1983-07-08,0.0,0.0
1983-07-09,0.0,0.0
1983-07-10,0.0,0.0
1983-07-11,0.0,0.0
1983-07-12,0.0,0.0
1983-07-13,0.0,0.0
1983-07-14,0.0,0.0
1983-07-15,0.0,0.0
1983-07-16,0.0,0.0
1983-07-17,0.0,0.0
1983-07-18,0.0,0.0
1983-07-19,0.0,0.0
1983-07-20,0.0,0.0
1983-07-21,0.0,0.0
1983-07-22,0.0,0.0
1983-07-23,0.0,0.0
1983-07-24,0.0,0.0
1983-07-25,0.0,0.0
1983-07-26,0.0,0.0
1983-07-27,0.0,0.0
1983-07-28,0.0,0.0
1983-07-29,0.0,0.0
1983-07-30,0.0,0.0
1983-07-31,0.0,0.0
1983-08-01,0.0,0.0
1983-08-02,0.0,0.0
1983-08-03,0.0,0.0
1983-08-04,0.0,0.0
1983-08-05,0.0,0.0
1983-08-06,0.0,0.0
1983-08-07,0.0,0.0
1983-08-08,0.0,0.0
1983-08-09,0.0,0.0
1983-08-10,0.0,0.0
1983-08-11,0.0,0.0
1983-08-12,0.0,0.0
1983-08-13,0.0,0.0
1983-08-14,0.0,0.0
1983-08-15,0.0,0.0
1983-08-16,0.0,0.0
1983-08-17,0.0,0.0
1983-08-18,0.0,0.0
1983-08-19,0.0,0.0
1983-08-20,0.0,0.0
1983-08-21,0.0,0.0
1983-08-22,0.0,0.0
1983-08-23,0.0,0.0
1983-08-24,0.0,0.0
1983-08-25,0.0,0.0
1983-08-26,0.0,0.0
1983-08-27,0.0,0.0
1983-08-28,0.0,0.0
1983-08-29,0.0,0.0
1983-08-30,0.0,0.0
1983-08-31,0.0,0.0
1983-09-01,0.0,0.0
1983-09-02,0.0,0.0
1983-09-03,0.0,0.0
1983-09-04,0.0,0.0
1983-09-05,0.0,0.0
1983-09-06,0.0,0.0
1983-09-07,0.0,0.0
1983-09-08,0.0,0.0
1983-09-09,0.0,0.0
1983-09-10,0.0,0.0
1983-09-11,0.0,0.0
1983-09-12,0.0,0.0
1983-09-13,0.0,0.0
1983-09-14,0.0,0.0
1983-09-15,0.0,0.0
1983-09-16,0.0,0.0
1983-09-17,0.0,0.0
1983-09-18,0.0,0.0
1983-09-19,0.0,0.0
1983-09-20,0.0,0.0
1983-09-21,0.0,0.0
1983-09-22,0.0,0.0
1983-09-23,0.0,0.0
1983-09-24,0.0,0.0
1983-09-25,0.0,0.0
1983-09-26,0.0,0.0
1983-09-27,0.0,0.0
1983-09-28,93.0,2.6335
1983-09-29,141.0,3.9927
1983-09-30,397.0,11.2418
1983-10-01,541.0,15.3194
1983-10-02,114.0,3.2281
1983-10-03,55.0,1.5574
1983-10-04,16.0,0.4531
1983-10-05,9.0,0.2549
1983-10-06,6.7,0.1897
1983-10-07,5.4,0.1529
1983-10-08,17.0,0.4814
1983-10-09,10.0,0.2832
1983-10-10,9.1,0.2577
1983-10-11,5.9,0.1671
1983-10-12,3.9,0.1104
1983-10-13,3.6,0.1019
1983-10-14,3.4,0.0963
1983-10-15,3.3,0.0934
1983-10-16,3.2,0.0906
1983-10-17,3.1,0.0878
1983-10-18,4.0,0.1133
1983-10-19,3.7,0.1048
1983-10-20,3.6,0.1019
1983-10-21,3.3,0.0934
1983-10-22,3.0,0.085
1983-10-23,2.9,0.0821
1983-10-24,2.8,0.0793
1983-10-25,2.7,0.0765
1983-10-26,2.7,0.0765
1983-10-27,2.8,0.0793
1983-10-28,2.8,0.0793
1983-10-29,2.7,0.0765
1983-10-30,2.7,0.0765
1983-10-31,2.7,0.0765
1983-11-01,2.7,0.0765
1983-11-02,2.7,0.0765
1983-11-03,2.7,0.0765
1983-11-04,3.0,0.085
1983-11-05,48.0,1.3592
1983-11-06,23.0,0.6513
1983-11-07,5.7,0.1614
1983-11-08,3.5,0.0991
1983-11-09,2.9,0.0821
1983-11-10,2.7,0.0765
1983-11-11,2.6,0.0736
1983-11-12,2.6,0.0736
1983-11-13,2.5,0.0708
1983-11-14,2.4,0.068
1983-11-15,2.4,0.068
1983-11-16,2.4,0.068
1983-11-17,2.5,0.0708
1983-11-18,2.4,0.068
1983-11-19,2.3,0.0651
1983-11-20,2.3,0.0651
1983-11-21,2.3,0.0651
1983-11-22,2.4,0.068
1983-11-23,2.4,0.068
1983-11-24,2.4,0.068
1983-11-25,2.5,0.0708
1983-11-26,2.5,0.0708
1983-11-27,2.5,0.0708
1983-11-28,2.5,0.0708
1983-11-29,2.5,0.0708
1983-11-30,2.5,0.0708
1983-12-01,2.5,0.0708
1983-12-02,2.6,0.0736
1983-12-03,2.6,0.0736
1983-12-04,2.5,0.0708
1983-12-05,2.4,0.068
1983-12-06,2.4,0.068
1983-12-07,2.6,0.0736
1983-12-08,2.6,0.0736
1983-12-09,2.7,0.0765
1983-12-10,2.7,0.0765
1983-12-11,2.6,0.0736
1983-12-12,2.6,0.0736
1983-12-13,2.5,0.0708
1983-12-14,2.6,0.0736
1983-12-15,2.5,0.0708
1983-12-16,2.5,0.0708
1983-12-17,2.6,0.0736
1983-12-18,2.6,0.0736
1983-12-19,2.6,0.0736
1983-12-20,2.6,0.0736
1983-12-21,2.8,0.0793
1983-12-22,2.7,0.0765
1983-12-23,2.7,0.0765
1983-12-24,2.7,0.0765
1983-12-25,2.7,0.0765
1983-12-26,2.7,0.0765
1983-12-27,2.8,0.0793
1983-12-28,2.9,0.0821
1983-12-29,2.8,0.0793
1983-12-30,2.8,0.0793
1983-12-31,2.7,0.0765
1984-01-01,2.8,0.0793
1984-01-02,2.8,0.0793
1984-01-03,2.9,0.0821
1984-01-04,2.9,0.0821
1984-01-05,2.8,0.0793
1984-01-06,2.8,0.0793
1984-01-07,2.8,0.0793
1984-01-08,3.0,0.085
1984-01-09,3.0,0.085
1984-01-10,2.9,0.0821
1984-01-11,2.7,0.0765
1984-01-12,2.7,0.0765
1984-01-13,2.7,0.0765
1984-01-14,2.7,0.0765
1984-01-15,2.8,0.0793
1984-01-16,2.8,0.0793
1984-01-17,2.8,0.0793
1984-01-18,2.8,0.0793
1984-01-19,2.8,0.0793
1984-01-20,2.7,0.0765
1984-01-21,2.7,0.0765
1984-01-22,2.7,0.0765
1984-01-23,2.7,0.0765
1984-01-24,2.7,0.0765
1984-01-25,2.7,0.0765
1984-01-26,2.7,0.0765
1984-01-27,2.7,0.0765
1984-01-28,2.7,0.0765
1984-01-29,2.7,0.0765
1984-01-30,2.7,0.0765
1984-01-31,2.7,0.0765
1984-02-01,2.7,0.0765
1984-02-02,2.7,0.0765
1984-02-03,2.7,0.0765
1984-02-04,2.6,0.0736
1984-02-05,2.6,0.0736
1984-02-06,2.6,0.0736
1984-02-07,2.6,0.0736
1984-02-08,2.6,0.0736
1984-02-09,2.6,0.0736
1984-02-10,2.6,0.0736
1984-02-11,2.6,0.0736
1984-02-12,2.4,0.068
1984-02-13,2.4,0.068
1984-02-14,2.4,0.068
1984-02-15,2.4,0.068
1984-02-16,2.4,0.068
1984-02-17,2.4,0.068
1984-02-18,2.4,0.068
1984-02-19,2.4,0.068
1984-02-20,2.4,0.068
1984-02-21,2.4,0.068
1984-02-22,2.4,0.068
1984-02-23,2.5,0.0708
1984-02-24,2.4,0.068
1984-02-25,2.4,0.068
1984-02-26,2.4,0.068
1984-02-27,2.4,0.068
1984-02-28,2.3,0.0651
1984-02-29,2.4,0.068
1984-03-01,2.4,0.068
1984-03-02,2.4,0.068
1984-03-03,2.4,0.068
1984-03-04,2.4,0.068
1984-03-05,2.5,0.0708
1984-03-06,2.5,0.0708
1984-03-07,2.4,0.068
1984-03-08,2.3,0.0651
1984-03-09,2.3,0.0651
1984-03-10,2.3,0.0651
1984-03-11,2.3,0.0651
1984-03-12,2.3,0.0651
1984-03-13,2.3,0.0651
1984-03-14,2.4,0.068
1984-03-15,2.4,0.068
1984-03-16,2.4,0.068
1984-03-17,2.3,0.0651
1984-03-18,2.3,0.0651
1984-03-19,2.3,0.0651
1984-03-20,2.3,0.0651
1984-03-21,2.3,0.0651
1984-03-22,2.2,0.0623
1984-03-23,2.2,0.0623
1984-03-24,2.2,0.0623
1984-03-25,2.2,0.0623
1984-03-26,2.3,0.0651
1984-03-27,2.2,0.0623
1984-03-28,2.2,0.0623
1984-03-29,2.2,0.0623
1984-03-30,2.2,0.0623
1984-03-31,2.2,0.0623
1984-04-01,2.3,0.0651
1984-04-02,2.2,0.0623
1984-04-03,2.1,0.0595
1984-04-04,2.1,0.0595
1984-04-05,2.2,0.0623
1984-04-06,2.1,0.0595
1984-04-07,2.1,0.0595
1984-04-08,2.1,0.0595
1984-04-09,2.1,0.0595
1984-04-10,2.0,0.0566
1984-04-11,2.0,0.0566
1984-04-12,2.0,0.0566
1984-04-13,2.1,0.0595
1984-04-14,2.0,0.0566
1984-04-15,2.1,0.0595
1984-04-16,2.1,0.0595
1984-04-17,2.1,0.0595
1984-04-18,2.1,0.0595
1984-04-19,2.1,0.0595
1984-04-20,2.0,0.0566
1984-04-21,1.9,0.0538
1984-04-22,2.0,0.0566
1984-04-23,2.0,0.0566
1984-04-24,2.0,0.0566
1984-04-25,1.9,0.0538
1984-04-26,1.7,0.0481
1984-04-27,1.7,0.0481
1984-04-28,1.8,0.051
1984-04-29,1.7,0.0481
1984-04-30,1.8,0.051
1984-05-01,1.8,0.051
1984-05-02,1.7,0.0481
1984-05-03,1.6,0.0453
1984-05-04,1.5,0.0425
1984-05-05,1.5,0.0425
1984-05-06,1.4,0.0396
1984-05-07,1.3,0.0368
1984-05-08,1.3,0.0368
1984-05-09,1.3,0.0368
1984-05-10,1.3,0.0368
1984-05-11,1.3,0.0368
1984-05-12,1.2,0.034
1984-05-13,1.1,0.0311
1984-05-14,1.1,0.0311
1984-05-15,1.6,0.0453
1984-05-16,3.1,0.0878
1984-05-17,10.0,0.2832
1984-05-18,5.6,0.1586
1984-05-19,2.3,0.0651
1984-05-20,1.3,0.0368
1984-05-21,0.92,0.0261
1984-05-22,0.79,0.0224
1984-05-23,0.75,0.0212
1984-05-24,0.73,0.0207
1984-05-25,0.77,0.0218
1984-05-26,0.76,0.0215
1984-05-27,0.82,0.0232
1984-05-28,0.73,0.0207
1984-05-29,0.75,0.0212
1984-05-30,0.8,0.0227
1984-05-31,0.79,0.0224
1984-06-01,0.75,0.0212
1984-06-02,0.76,0.0215
1984-06-03,1.3,0.0368
1984-06-04,2.4,0.068
1984-06-05,0.73,0.0207
1984-06-06,0.56,0.0159
1984-06-07,0.51,0.0144
1984-06-08,0.39,0.011
1984-06-09,0.32,0.0091
1984-06-10,0.25,0.0071
1984-06-11,0.28,0.0079
1984-06-12,1.6,0.0453
1984-06-13,0.8,0.0227
1984-06-14,0.51,0.0144
1984-06-15,0.41,0.0116
1984-06-16,96.0,2.7184
1984-06-17,48.0,1.3592
1984-06-18,25.0,0.7079
1984-06-19,132.0,3.7378
1984-06-20,24.0,0.6796
1984-06-21,6.8,0.1926
1984-06-22,8.3,0.235
1984-06-23,4.4,0.1246
1984-06-24,2.8,0.0793
1984-06-25,2.4,0.068
1984-06-26,2.1,0.0595
1984-06-27,2.1,0.0595
1984-06-28,11.0,0.3115
1984-06-29,50.0,1.4158
1984-06-30,7.8,0.2209
1984-07-01,3.2,0.0906
1984-07-02,4.7,0.1331
1984-07-03,2.2,0.0623
1984-07-04,1.8,0.051
1984-07-05,1.5,0.0425
1984-07-06,1.4,0.0396
1984-07-07,1.2,0.034
1984-07-08,1.1,0.0311
1984-07-09,0.94,0.0266
1984-07-10,0.83,0.0235
1984-07-11,0.68,0.0193
1984-07-12,0.62,0.0176
1984-07-13,0.61,0.0173
1984-07-14,0.58,0.0164
1984-07-15,0.48,0.0136
1984-07-16,0.34,0.0096
1984-07-17,0.25,0.0071
1984-07-18,0.18,0.0051
1984-07-19,0.19,0.0054
1984-07-20,0.18,0.0051
1984-07-21,0.17,0.0048
1984-07-22,0.14,0.004
1984-07-23,0.1,0.0028
1984-07-24,0.05,0.0014
1984-07-25,0.07,0.002
1984-07-26,0.09,0.0025
1984-07-27,0.18,0.0051
1984-07-28,0.29,0.0082
1984-07-29,0.21,0.0059
1984-07-30,0.14,0.004
1984-07-31,0.08,0.0023
1984-08-01,0.06,0.0017
1984-08-02,0.04,0.0011
1984-08-03,0.0,0.0
1984-08-04,0.0,0.0
1984-08-05,0.0,0.0
1984-08-06,0.0,0.0
1984-08-07,0.0,0.0
1984-08-08,0.11,0.0031
1984-08-09,374.0,10.5905
1984-08-10,368.0,10.4206
1984-08-11,846.0,23.956
1984-08-12,960.0,27.1841
1984-08-13,56.0,1.5857
1984-08-14,27.0,0.7646
1984-08-15,88.0,2.4919
1984-08-16,21.0,0.5947
1984-08-17,14.0,0.3964
1984-08-18,11.0,0.3115
1984-08-19,9.3,0.2633
1984-08-20,8.1,0.2294
1984-08-21,6.9,0.1954
1984-08-22,6.1,0.1727
1984-08-23,5.5,0.1557
1984-08-24,5.2,0.1472
1984-08-25,5.0,0.1416
1984-08-26,4.7,0.1331
1984-08-27,4.2,0.1189
1984-08-28,4.0,0.1133
1984-08-29,3.8,0.1076
1984-08-30,3.6,0.1019
1984-08-31,3.5,0.0991
1984-09-01,3.7,0.1048
1984-09-02,3.6,0.1019
1984-09-03,13.0,0.3681
1984-09-04,5.5,0.1557
1984-09-05,3.5,0.0991
1984-09-06,3.1,0.0878
1984-09-07,2.9,0.0821
1984-09-08,2.8,0.0793
1984-09-09,2.7,0.0765
1984-09-10,2.6,0.0736
1984-09-11,2.5,0.0708
1984-09-12,2.4,0.068
1984-09-13,2.4,0.068
1984-09-14,2.3,0.0651
1984-09-15,2.3,0.0651
1984-09-16,2.5,0.0708
1984-09-17,2.5,0.0708
1984-09-18,2.4,0.068
1984-09-19,2.3,0.0651
1984-09-20,2.3,0.0651
1984-09-21,2.3,0.0651
1984-09-22,2.3,0.0651
1984-09-23,2.2,0.0623
1984-09-24,2.2,0.0623
1984-09-25,2.2,0.0623
1984-09-26,2.5,0.0708
1984-09-27,2.7,0.0765
1984-09-28,2.7,0.0765
1984-09-29,2.8,0.0793
1984-09-30,2.8,0.0793
1984-10-01,2.7,0.0765
1984-10-02,2.6,0.0736
1984-10-03,2.6,0.0736
1984-10-04,2.7,0.0765
1984-10-05,2.4,0.068
1984-10-06,2.2,0.0623
1984-10-07,2.2,0.0623
1984-10-08,2.2,0.0623
1984-10-09,2.2,0.0623
1984-10-10,2.2,0.0623
1984-10-11,2.3,0.0651
1984-10-12,2.3,0.0651
1984-10-13,2.2,0.0623
1984-10-14,2.4,0.068
1984-10-15,2.3,0.0651
1984-10-16,2.2,0.0623
1984-10-17,2.1,0.0595
1984-10-18,2.1,0.0595
1984-10-19,2.1,0.0595
1984-10-20,2.1,0.0595
1984-10-21,2.5,0.0708
1984-10-22,6.9,0.1954
1984-10-23,6.0,0.1699
1984-10-24,5.8,0.1642
1984-10-25,5.1,0.1444
1984-10-26,4.5,0.1274
1984-10-27,4.1,0.1161
1984-10-28,3.6,0.1019
1984-10-29,3.3,0.0934
1984-10-30,3.3,0.0934
1984-10-31,3.25,0.092
1984-11-01,3.17,0.0898
1984-11-02,3.1,0.0878
1984-11-03,3.11,0.0881
1984-11-04,3.07,0.0869
1984-11-05,3.0,0.085
1984-11-06,3.0,0.085
1984-11-07,3.04,0.0861
1984-11-08,2.93,0.083
1984-11-09,2.8,0.0793
1984-11-10,2.79,0.079
1984-11-11,2.88,0.0816
1984-11-12,2.95,0.0835
1984-11-13,3.08,0.0872
1984-11-14,3.12,0.0883
1984-11-15,3.1,0.0878
1984-11-16,3.11,0.0881
1984-11-17,3.26,0.0923
1984-11-18,3.3,0.0934
1984-11-19,3.27,0.0926
1984-11-20,3.2,0.0906
1984-11-21,3.21,0.0909
1984-11-22,3.28,0.0929
1984-11-23,3.34,0.0946
1984-11-24,4.48,0.1269
1984-11-25,4.4,0.1246
1984-11-26,3.62,0.1025
1984-11-27,3.3,0.0934
1984-11-28,3.36,0.0951
1984-11-29,3.35,0.0949
1984-11-30,3.31,0.0937
1984-12-01,3.27,0.0926
1984-12-02,3.2,0.0906
1984-12-03,3.21,0.0909
1984-12-04,3.26,0.0923
1984-12-05,3.34,0.0946
1984-12-06,3.3,0.0934
1984-12-07,3.21,0.0909
1984-12-08,3.26,0.0923
1984-12-09,3.3,0.0934
1984-12-10,3.3,0.0934
1984-12-11,3.3,0.0934
1984-12-12,3.27,0.0926
1984-12-13,3.29,0.0932
1984-12-14,3.13,0.0886
1984-12-15,3.58,0.1014
1984-12-16,3.7,0.1048
1984-12-17,3.48,0.0985
1984-12-18,3.27,0.0926
1984-12-19,3.3,0.0934
1984-12-20,3.31,0.0937
1984-12-21,3.27,0.0926
1984-12-22,3.19,0.0903
1984-12-23,3.1,0.0878
1984-12-24,3.14,0.0889
1984-12-25,3.1,0.0878
1984-12-26,3.1,0.0878
1984-12-27,3.15,0.0892
1984-12-28,3.32,0.094
1984-12-29,3.43,0.0971
1984-12-30,3.33,0.0943
1984-12-31,3.25,0.092
1985-01-01,3.2,0.0906
1985-01-02,3.18,0.09
1985-01-03,3.11,0.0881
1985-01-04,3.11,0.0881
1985-01-05,3.16,0.0895
1985-01-06,3.2,0.0906
1985-01-07,3.21,0.0909
1985-01-08,3.27,0.0926
1985-01-09,3.2,0.0906
1985-01-10,3.11,0.0881
1985-01-11,3.07,0.0869
1985-01-12,3.08,0.0872
1985-01-13,3.3,0.0934
1985-01-14,3.3,0.0934
1985-01-15,3.37,0.0954
1985-01-16,3.31,0.0937
1985-01-17,3.3,0.0934
1985-01-18,3.3,0.0934
1985-01-19,3.3,0.0934
1985-01-20,3.19,0.0903
1985-01-21,3.1,0.0878
1985-01-22,3.13,0.0886
1985-01-23,3.23,0.0915
1985-01-24,3.3,0.0934
1985-01-25,3.31,0.0937
1985-01-26,3.3,0.0934
1985-01-27,3.3,0.0934
1985-01-28,3.31,0.0937
1985-01-29,3.26,0.0923
1985-01-30,3.21,0.0909
1985-01-31,3.17,0.0898
1985-02-01,3.3,0.0934
1985-02-02,3.17,0.0898
1985-02-03,3.05,0.0864
1985-02-04,3.09,0.0875
1985-02-05,3.09,0.0875
1985-02-06,3.0,0.085
1985-02-07,2.97,0.0841
1985-02-08,2.92,0.0827
1985-02-09,2.92,0.0827
1985-02-10,2.94,0.0833
1985-02-11,2.85,0.0807
1985-02-12,2.89,0.0818
1985-02-13,2.99,0.0847
1985-02-14,3.01,0.0852
1985-02-15,3.01,0.0852
1985-02-16,3.05,0.0864
1985-02-17,3.07,0.0869
1985-02-18,3.04,0.0861
1985-02-19,3.07,0.0869
1985-02-20,3.52,0.0997
1985-02-21,3.4,0.0963
1985-02-22,3.2,0.0906
1985-02-23,3.04,0.0861
1985-02-24,3.1,0.0878
1985-02-25,3.1,0.0878
1985-02-26,3.01,0.0852
1985-02-27,2.97,0.0841
1985-02-28,3.0,0.085
1985-03-01,3.03,0.0858
1985-03-02,3.0,0.085
1985-03-03,2.93,0.083
1985-03-04,2.82,0.0799
1985-03-05,2.8,0.0793
1985-03-06,2.83,0.0801
1985-03-07,2.9,0.0821
1985-03-08,2.97,0.0841
1985-03-09,3.0,0.085
1985-03-10,3.02,0.0855
1985-03-11,3.0,0.085
1985-03-12,3.0,0.085
1985-03-13,2.85,0.0807
1985-03-14,2.81,0.0796
1985-03-15,2.94,0.0833
1985-03-16,3.0,0.085
1985-03-17,2.98,0.0844
1985-03-18,2.88,0.0816
1985-03-19,2.83,0.0801
1985-03-20,2.81,0.0796
1985-03-21,2.79,0.079
1985-03-22,2.72,0.077
1985-03-23,2.7,0.0765
1985-03-24,2.76,0.0782
1985-03-25,2.77,0.0784
1985-03-26,2.81,0.0796
1985-03-27,2.78,0.0787
1985-03-28,2.71,0.0767
1985-03-29,2.68,0.0759
1985-03-30,2.7,0.0765
1985-03-31,2.7,0.0765
1985-04-01,2.7,0.0765
1985-04-02,2.68,0.0759
1985-04-03,2.7,0.0765
1985-04-04,2.67,0.0756
1985-04-05,2.66,0.0753
1985-04-06,2.65,0.075
1985-04-07,2.6,0.0736
1985-04-08,2.61,0.0739
1985-04-09,2.68,0.0759
1985-04-10,2.7,0.0765
1985-04-11,2.7,0.0765
1985-04-12,2.71,0.0767
1985-04-13,2.86,0.081
1985-04-14,2.8,0.0793
1985-04-15,2.78,0.0787
1985-04-16,2.66,0.0753
1985-04-17,2.55,0.0722
1985-04-18,2.43,0.0688
1985-04-19,2.32,0.0657
1985-04-20,2.2,0.0623
1985-04-21,2.1,0.0595
1985-04-22,2.1,0.0595
1985-04-23,2.08,0.0589
1985-04-24,2.06,0.0583
1985-04-25,2.08,0.0589
1985-04-26,2.1,0.0595
1985-04-27,2.44,0.0691
1985-04-28,2.39,0.0677
1985-04-29,2.08,0.0589
1985-04-30,2.06,0.0583
1985-05-01,2.11,0.0597
1985-05-02,2.02,0.0572
1985-05-03,1.97,0.0558
1985-05-04,1.96,0.0555
1985-05-05,1.92,0.0544
1985-05-06,1.84,0.0521
1985-05-07,1.76,0.0498
1985-05-08,1.76,0.0498
1985-05-09,1.8,0.051
1985-05-10,1.8,0.051
1985-05-11,1.58,0.0447
1985-05-12,1.49,0.0422
1985-05-13,1.44,0.0408
1985-05-14,1.45,0.0411
1985-05-15,1.5,0.0425
1985-05-16,1.66,0.047
1985-05-17,58.8,1.665
1985-05-18,41.1,1.1638
1985-05-19,5.3,0.1501
1985-05-20,4.09,0.1158
1985-05-21,2.86,0.081
1985-05-22,2.29,0.0648
1985-05-23,2.12,0.06
1985-05-24,2.05,0.058
1985-05-25,2.16,0.0612
1985-05-26,2.13,0.0603
1985-05-27,1.88,0.0532
1985-05-28,1.5,0.0425
1985-05-29,1.38,0.0391
1985-05-30,1.26,0.0357
1985-05-31,1.27,0.036
1985-06-01,1.44,0.0408
1985-06-02,1.42,0.0402
1985-06-03,1.3,0.0368
1985-06-04,20.1,0.5692
1985-06-05,124.0,3.5113
1985-06-06,7.59,0.2149
1985-06-07,2.79,0.079
1985-06-08,1.89,0.0535
1985-06-09,1.6,0.0453
1985-06-10,1.42,0.0402
1985-06-11,1.39,0.0394
1985-06-12,1.4,0.0396
1985-06-13,1.41,0.0399
1985-06-14,1.4,0.0396
1985-06-15,1.26,0.0357
1985-06-16,1.13,0.032
1985-06-17,0.97,0.0275
1985-06-18,13.8,0.3908
1985-06-19,2.94,0.0833
1985-06-20,1.52,0.043
1985-06-21,1.25,0.0354
1985-06-22,1.14,0.0323
1985-06-23,1.03,0.0292
1985-06-24,0.97,0.0275
1985-06-25,1.02,0.0289
1985-06-26,8.19,0.2319
1985-06-27,3.66,0.1036
1985-06-28,2.04,0.0578
1985-06-29,1.45,0.0411
1985-06-30,1.25,0.0354
1985-07-01,1.17,0.0331
1985-07-02,1.06,0.03
1985-07-03,0.99,0.028
1985-07-04,0.95,0.0269
1985-07-05,0.91,0.0258
1985-07-06,0.81,0.0229
1985-07-07,0.7,0.0198
1985-07-08,0.62,0.0176
1985-07-09,0.54,0.0153
1985-07-10,0.43,0.0122
1985-07-11,0.34,0.0096
1985-07-12,0.27,0.0076
1985-07-13,0.22,0.0062
1985-07-14,0.14,0.004
1985-07-15,0.06,0.0017
1985-07-16,0.0,0.0
1985-07-17,0.0,0.0
1985-07-18,0.0,0.0
1985-07-19,0.0,0.0
1985-07-20,0.0,0.0
1985-07-21,0.0,0.0
1985-07-22,0.0,0.0
1985-07-23,0.0,0.0
1985-07-24,0.36,0.0102
1985-07-25,0.33,0.0093
1985-07-26,101.0,2.86
1985-07-27,27.5,0.7787
1985-07-28,3.37,0.0954
1985-07-29,1.66,0.047
1985-07-30,1.26,0.0357
1985-07-31,0.93,0.0263
1985-08-01,0.79,0.0224
1985-08-02,0.64,0.0181
1985-08-03,0.57,0.0161
1985-08-04,0.52,0.0147
1985-08-05,0.49,0.0139
1985-08-06,0.63,0.0178
1985-08-07,0.57,0.0161
1985-08-08,0.46,0.013
1985-08-09,0.36,0.0102
1985-08-10,0.27,0.0076
1985-08-11,0.32,0.0091
1985-08-12,0.64,0.0181
1985-08-13,2.54,0.0719
1985-08-14,1.37,0.0388
1985-08-15,1.18,0.0334
1985-08-16,1.3,0.0368
1985-08-17,1.44,0.0408
1985-08-18,0.88,0.0249
1985-08-19,0.74,0.021
1985-08-20,0.87,0.0246
1985-08-21,0.93,0.0263
1985-08-22,0.77,0.0218
1985-08-23,0.64,0.0181
1985-08-24,0.54,0.0153
1985-08-25,0.48,0.0136
1985-08-26,0.4,0.0113
1985-08-27,0.3,0.0085
1985-08-28,0.22,0.0062
1985-08-29,0.12,0.0034
1985-08-30,0.07,0.002
1985-08-31,0.03,0.0008
1985-09-01,0.04,0.0011
1985-09-02,0.01,0.0003
1985-09-03,0.54,0.0153
1985-09-04,8.0,0.2265
1985-09-05,3.33,0.0943
1985-09-06,1.44,0.0408
1985-09-07,1.04,0.0294
1985-09-08,0.89,0.0252
1985-09-09,0.78,0.0221
1985-09-10,0.75,0.0212
1985-09-11,1.6,0.0453
1985-09-12,2.98,0.0844
1985-09-13,1.64,0.0464
1985-09-14,1.58,0.0447
1985-09-15,1.77,0.0501
1985-09-16,15.1,0.4276
1985-09-17,23.9,0.6768
1985-09-18,4.85,0.1373
1985-09-19,3.29,0.0932
1985-09-20,7.31,0.207
1985-09-21,560.0,15.8574
1985-09-22,45.3,1.2828
1985-09-23,12.2,0.3455
1985-09-24,6.82,0.1931
1985-09-25,5.2,0.1472
1985-09-26,4.46,0.1263
1985-09-27,4.13,0.1169
1985-09-28,8.94,0.2532
1985-09-29,22.7,0.6428
1985-09-30,4.2,0.1189
1985-10-01,3.74,0.1059
1985-10-02,3.81,0.1079
1985-10-03,3.74,0.1059
1985-10-04,3.41,0.0966
1985-10-05,3.26,0.0923
1985-10-06,3.2,0.0906
1985-10-07,3.17,0.0898
1985-10-08,3.07,0.0869
1985-10-09,3.44,0.0974
1985-10-10,4.02,0.1138
1985-10-11,3.51,0.0994
1985-10-12,3.13,0.0886
1985-10-13,2.99,0.0847
1985-10-14,2.81,0.0796
1985-10-15,2.8,0.0793
1985-10-16,3.13,0.0886
1985-10-17,7.01,0.1985
1985-10-18,4.7,0.1331
1985-10-19,3.4,0.0963
1985-10-20,4.54,0.1286
1985-10-21,3.45,0.0977
1985-10-22,3.21,0.0909
1985-10-23,3.08,0.0872
1985-10-24,2.98,0.0844
1985-10-25,2.92,0.0827
1985-10-26,2.98,0.0844
1985-10-27,2.99,0.0847
1985-10-28,2.98,0.0844
1985-10-29,2.95,0.0835
1985-10-30,2.94,0.0833
1985-10-31,2.94,0.0833
1985-11-01,3.25,0.092
1985-11-02,3.26,0.0923
1985-11-03,3.07,0.0869
1985-11-04,2.99,0.0847
1985-11-05,2.81,0.0796
1985-11-06,2.98,0.0844
1985-11-07,3.0,0.085
1985-11-08,3.01,0.0852
1985-11-09,2.95,0.0835
1985-11-10,2.85,0.0807
1985-11-11,2.9,0.0821
1985-11-12,2.98,0.0844
1985-11-13,3.0,0.085
1985-11-14,3.0,0.085
1985-11-15,2.96,0.0838
1985-11-16,2.91,0.0824
1985-11-17,2.97,0.0841
1985-11-18,3.01,0.0852
1985-11-19,3.04,0.0861
1985-11-20,3.1,0.0878
1985-11-21,3.1,0.0878
1985-11-22,3.16,0.0895
1985-11-23,3.2,0.0906
1985-11-24,3.25,0.092
1985-11-25,3.27,0.0926
1985-11-26,3.29,0.0932
1985-11-27,3.28,0.0929
1985-11-28,3.2,0.0906
1985-11-29,3.19,0.0903
1985-11-30,3.18,0.09
1985-12-01,3.11,0.0881
1985-12-02,3.13,0.0886
1985-12-03,3.2,0.0906
1985-12-04,3.26,0.0923
1985-12-05,3.3,0.0934
1985-12-06,3.34,0.0946
1985-12-07,3.38,0.0957
1985-12-08,3.4,0.0963
1985-12-09,3.36,0.0951
1985-12-10,3.31,0.0937
1985-12-11,3.3,0.0934
1985-12-12,3.3,0.0934
1985-12-13,3.34,0.0946
1985-12-14,3.33,0.0943
1985-12-15,3.24,0.0917
1985-12-16,3.27,0.0926
1985-12-17,3.26,0.0923
1985-12-18,3.3,0.0934
1985-12-19,3.3,0.0934
1985-12-20,3.3,0.0934
1985-12-21,3.3,0.0934
1985-12-22,3.32,0.094
1985-12-23,3.34,0.0946
1985-12-24,3.3,0.0934
1985-12-25,3.3,0.0934
1985-12-26,3.29,0.0932
1985-12-27,3.3,0.0934
1985-12-28,3.35,0.0949
1985-12-29,3.31,0.0937
1985-12-30,3.34,0.0946
1985-12-31,3.3,0.0934
1986-01-01,3.39,0.096
1986-01-02,3.32,0.094
1986-01-03,3.3,0.0934
1986-01-04,3.37,0.0954
1986-01-05,3.4,0.0963
1986-01-06,3.4,0.0963
1986-01-07,3.5,0.0991
1986-01-08,3.52,0.0997
1986-01-09,3.44,0.0974
1986-01-10,3.47,0.0983
1986-01-11,3.65,0.1034
1986-01-12,3.66,0.1036
1986-01-13,3.67,0.1039
1986-01-14,3.72,0.1053
1986-01-15,3.8,0.1076
1986-01-16,3.75,0.1062
1986-01-17,3.7,0.1048
1986-01-18,3.74,0.1059
1986-01-19,3.73,0.1056
1986-01-20,3.73,0.1056
1986-01-21,3.78,0.107
1986-01-22,3.75,0.1062
1986-01-23,3.7,0.1048
1986-01-24,3.7,0.1048
1986-01-25,3.76,0.1065
1986-01-26,3.73,0.1056
1986-01-27,3.75,0.1062
1986-01-28,3.84,0.1087
1986-01-29,3.98,0.1127
1986-01-30,3.98,0.1127
1986-01-31,3.96,0.1121
1986-02-01,4.03,0.1141
1986-02-02,4.26,0.1206
1986-02-03,4.21,0.1192
1986-02-04,4.09,0.1158
1986-02-05,3.99,0.113
1986-02-06,3.87,0.1096
1986-02-07,3.79,0.1073
1986-02-08,3.8,0.1076
1986-02-09,3.84,0.1087
1986-02-10,4.11,0.1164
1986-02-11,4.2,0.1189
1986-02-12,4.19,0.1186
1986-02-13,4.12,0.1167
1986-02-14,4.1,0.1161
1986-02-15,3.95,0.1119
1986-02-16,3.87,0.1096
1986-02-17,3.77,0.1068
1986-02-18,3.68,0.1042
1986-02-19,3.59,0.1017
1986-02-20,3.5,0.0991
1986-02-21,3.4,0.0963
1986-02-22,3.38,0.0957
1986-02-23,3.48,0.0985
1986-02-24,3.5,0.0991
1986-02-25,3.59,0.1017
1986-02-26,3.64,0.1031
1986-02-27,3.54,0.1002
1986-02-28,3.46,0.098
1986-03-01,3.43,0.0971
1986-03-02,3.47,0.0983
1986-03-03,3.5,0.0991
1986-03-04,3.49,0.0988
1986-03-05,3.45,0.0977
1986-03-06,3.44,0.0974
1986-03-07,3.44,0.0974
1986-03-08,3.34,0.0946
1986-03-09,3.37,0.0954
1986-03-10,3.31,0.0937
1986-03-11,3.26,0.0923
1986-03-12,3.21,0.0909
1986-03-13,3.21,0.0909
1986-03-14,3.33,0.0943
1986-03-15,3.36,0.0951
1986-03-16,3.36,0.0951
1986-03-17,3.35,0.0949
1986-03-18,3.3,0.0934
1986-03-19,3.3,0.0934
1986-03-20,3.27,0.0926
1986-03-21,3.21,0.0909
1986-03-22,3.26,0.0923
1986-03-23,3.28,0.0929
1986-03-24,3.3,0.0934
1986-03-25,3.3,0.0934
1986-03-26,3.3,0.0934
1986-03-27,3.3,0.0934
1986-03-28,3.22,0.0912
1986-03-29,3.11,0.0881
1986-03-30,3.11,0.0881
1986-03-31,3.1,0.0878
1986-04-01,2.94,0.0833
1986-04-02,2.89,0.0818
1986-04-03,2.77,0.0784
1986-04-04,2.7,0.0765
1986-04-05,2.7,0.0765
1986-04-06,2.68,0.0759
1986-04-07,2.68,0.0759
1986-04-08,2.44,0.0691
1986-04-09,2.43,0.0688
1986-04-10,2.48,0.0702
1986-04-11,2.42,0.0685
1986-04-12,2.3,0.0651
1986-04-13,2.18,0.0617
1986-04-14,2.06,0.0583
1986-04-15,2.04,0.0578
1986-04-16,2.08,0.0589
1986-04-17,2.13,0.0603
1986-04-18,2.04,0.0578
1986-04-19,1.97,0.0558
1986-04-20,1.95,0.0552
1986-04-21,1.89,0.0535
1986-04-22,1.87,0.053
1986-04-23,1.87,0.053
1986-04-24,1.8,0.051
1986-04-25,1.76,0.0498
1986-04-26,1.66,0.047
1986-04-27,1.57,0.0445
1986-04-28,1.5,0.0425
1986-04-29,1.48,0.0419
1986-04-30,1.4,0.0396
1986-05-01,1.43,0.0405
1986-05-02,1.41,0.0399
1986-05-03,1.37,0.0388
1986-05-04,1.4,0.0396
1986-05-05,1.36,0.0385
1986-05-06,1.26,0.0357
1986-05-07,1.18,0.0334
1986-05-08,1.09,0.0309
1986-05-09,1.04,0.0294
1986-05-10,1.03,0.0292
1986-05-11,1.02,0.0289
1986-05-12,1.0,0.0283
1986-05-13,0.97,0.0275
1986-05-14,0.92,0.0261
1986-05-15,0.77,0.0218
1986-05-16,0.73,0.0207
1986-05-17,0.7,0.0198
1986-05-18,0.81,0.0229
1986-05-19,0.93,0.0263
1986-05-20,0.93,0.0263
1986-05-21,0.82,0.0232
1986-05-22,0.71,0.0201
1986-05-23,0.64,0.0181
1986-05-24,0.64,0.0181
1986-05-25,0.63,0.0178
1986-05-26,0.78,0.0221
1986-05-27,0.95,0.0269
1986-05-28,1.0,0.0283
1986-05-29,0.93,0.0263
1986-05-30,66.8,1.8916
1986-05-31,33.1,0.9373
1986-06-01,5.85,0.1657
1986-06-02,3.0,0.085
1986-06-03,5.83,0.1651
1986-06-04,2.0,0.0566
1986-06-05,1.51,0.0428
1986-06-06,1.34,0.0379
1986-06-07,1.22,0.0345
1986-06-08,1.14,0.0323
1986-06-09,1.19,0.0337
1986-06-10,3.82,0.1082
1986-06-11,1.89,0.0535
1986-06-12,1.24,0.0351
1986-06-13,1.02,0.0289
1986-06-14,0.92,0.0261
1986-06-15,0.86,0.0244
1986-06-16,0.79,0.0224
1986-06-17,0.73,0.0207
1986-06-18,0.72,0.0204
1986-06-19,0.74,0.021
1986-06-20,54.7,1.5489
1986-06-21,86.9,2.4607
1986-06-22,7.29,0.2064
1986-06-23,486.0,13.762
1986-06-24,1450.0,41.0594
1986-06-25,284.0,8.042
1986-06-26,126.0,3.5679
1986-06-27,161.0,4.559
1986-06-28,98.9,2.8005
1986-06-29,26.4,0.7476
1986-06-30,124.0,3.5113
1986-07-01,63.2,1.7896
1986-07-02,72.0,2.0388
1986-07-03,47.4,1.3422
1986-07-04,12.4,0.3511
1986-07-05,8.55,0.2421
1986-07-06,7.06,0.1999
1986-07-07,6.11,0.173
1986-07-08,5.4,0.1529
1986-07-09,4.97,0.1407
1986-07-10,4.93,0.1396
1986-07-11,4.63,0.1311
1986-07-12,4.3,0.1218
1986-07-13,4.01,0.1136
1986-07-14,3.84,0.1087
1986-07-15,3.74,0.1059
1986-07-16,3.68,0.1042
1986-07-17,3.52,0.0997
1986-07-18,3.3,0.0934
1986-07-19,3.19,0.0903
1986-07-20,3.12,0.0883
1986-07-21,3.01,0.0852
1986-07-22,2.94,0.0833
1986-07-23,2.97,0.0841
1986-07-24,2.91,0.0824
1986-07-25,2.81,0.0796
1986-07-26,2.74,0.0776
1986-07-27,3.1,0.0878
1986-07-28,3.88,0.1099
1986-07-29,3.85,0.109
1986-07-30,3.8,0.1076
1986-07-31,3.48,0.0985
1986-08-01,3.26,0.0923
1986-08-02,3.21,0.0909
1986-08-03,3.05,0.0864
1986-08-04,3.04,0.0861
1986-08-05,3.05,0.0864
1986-08-06,2.98,0.0844
1986-08-07,2.86,0.081
1986-08-08,2.79,0.079
1986-08-09,2.76,0.0782
1986-08-10,2.97,0.0841
1986-08-11,3.08,0.0872
1986-08-12,2.9,0.0821
1986-08-13,3.04,0.0861
1986-08-14,2.95,0.0835
1986-08-15,29.6,0.8382
1986-08-16,14.2,0.4021
1986-08-17,2.82,0.0799
1986-08-18,2.43,0.0688
1986-08-19,2.27,0.0643
1986-08-20,2.18,0.0617
1986-08-21,1.99,0.0564
1986-08-22,1.87,0.053
1986-08-23,3.62,0.1025
1986-08-24,2.27,0.0643
1986-08-25,2.12,0.06
1986-08-26,2.07,0.0586
1986-08-27,24.4,0.6909
1986-08-28,140.0,3.9644
1986-08-29,134.0,3.7945
1986-08-30,13.0,0.3681
1986-08-31,3.1,0.0878
1986-09-01,3.17,0.0898
1986-09-02,1.36,0.0385
1986-09-03,1.3,0.0368
1986-09-04,7.18,0.2033
1986-09-05,1.63,0.0462
1986-09-06,1.28,0.0362
1986-09-07,1.15,0.0326
1986-09-08,1.1,0.0311
1986-09-09,1.1,0.0311
1986-09-10,1.08,0.0306
1986-09-11,1.08,0.0306
1986-09-12,0.97,0.0275
1986-09-13,0.97,0.0275
1986-09-14,297.0,8.4101
1986-09-15,368.0,10.4206
1986-09-16,41.2,1.1667
1986-09-17,23.3,0.6598
1986-09-18,2.88,0.0816
1986-09-19,2.17,0.0614
1986-09-20,1.85,0.0524
1986-09-21,1.65,0.0467
1986-09-22,1.55,0.0439
1986-09-23,1.41,0.0399
1986-09-24,1.41,0.0399
1986-09-25,1.25,0.0354
1986-09-26,1.17,0.0331
1986-09-27,1.11,0.0314
1986-09-28,1.07,0.0303
1986-09-29,65.3,1.8491
1986-09-30,1.97,0.0558
1986-10-01,1.13,0.032
1986-10-02,1.08,0.0306
1986-10-03,1.43,0.0405
1986-10-04,1.2,0.034
1986-10-05,1.34,0.0379
1986-10-06,1.35,0.0382
1986-10-07,1.36,0.0385
1986-10-08,1.19,0.0337
1986-10-09,24.9,0.7051
1986-10-10,1460.0,41.3425
1986-10-11,88.5,2.506
1986-10-12,37.9,1.0732
1986-10-13,17.8,0.504
1986-10-14,13.0,0.3681
1986-10-15,11.6,0.3285
1986-10-16,10.7,0.303
1986-10-17,9.99,0.2829
1986-10-18,9.68,0.2741
1986-10-19,9.26,0.2622
1986-10-20,8.7,0.2464
1986-10-21,8.39,0.2376
1986-10-22,11.2,0.3171
1986-10-23,9.1,0.2577
1986-10-24,15.9,0.4502
1986-10-25,10.1,0.286
1986-10-26,7.63,0.2161
1986-10-27,7.69,0.2178
1986-10-28,7.38,0.209
1986-10-29,7.53,0.2132
1986-10-30,7.5,0.2124
1986-10-31,7.47,0.2115
1986-11-01,7.42,0.2101
1986-11-02,7.5,0.2124
1986-11-03,25.7,0.7277
1986-11-04,43.3,1.2261
1986-11-05,15.4,0.4361
1986-11-06,9.0,0.2549
1986-11-07,8.2,0.2322
1986-11-08,7.76,0.2197
1986-11-09,7.34,0.2078
1986-11-10,7.12,0.2016
1986-11-11,7.1,0.201
1986-11-12,7.07,0.2002
1986-11-13,7.25,0.2053
1986-11-14,7.69,0.2178
1986-11-15,7.92,0.2243
1986-11-16,7.71,0.2183
1986-11-17,7.46,0.2112
1986-11-18,7.03,0.1991
1986-11-19,6.95,0.1968
1986-11-20,6.71,0.19
1986-11-21,6.7,0.1897
1986-11-22,6.7,0.1897
1986-11-23,6.67,0.1889
1986-11-24,6.52,0.1846
1986-11-25,6.62,0.1875
1986-11-26,6.69,0.1894
1986-11-27,6.59,0.1866
1986-11-28,6.62,0.1875
1986-11-29,6.69,0.1894
1986-11-30,6.99,0.1979
1986-12-01,6.89,0.1951
1986-12-02,6.73,0.1906
1986-12-03,6.78,0.192
1986-12-04,6.53,0.1849
1986-12-05,6.67,0.1889
1986-12-06,6.7,0.1897
1986-12-07,6.71,0.19
1986-12-08,7.04,0.1994
1986-12-09,6.85,0.194
1986-12-10,7.09,0.2008
1986-12-11,7.22,0.2044
1986-12-12,7.09,0.2008
1986-12-13,6.72,0.1903
1986-12-14,6.54,0.1852
1986-12-15,6.4,0.1812
1986-12-16,6.56,0.1858
1986-12-17,7.36,0.2084
1986-12-18,8.63,0.2444
1986-12-19,7.76,0.2197
1986-12-20,6.77,0.1917
1986-12-21,7.44,0.2107
1986-12-22,12.6,0.3568
1986-12-23,12.4,0.3511
1986-12-24,11.8,0.3341
1986-12-25,9.72,0.2752
1986-12-26,9.37,0.2653
1986-12-27,9.38,0.2656
1986-12-28,9.2,0.2605
1986-12-29,9.1,0.2577
1986-12-30,8.91,0.2523
1986-12-31,8.71,0.2466
1987-01-01,8.7,0.2464
1987-01-02,8.69,0.2461
1987-01-03,8.61,0.2438
1987-01-04,8.45,0.2393
1987-01-05,8.67,0.2455
1987-01-06,8.69,0.2461
1987-01-07,8.68,0.2458
1987-01-08,8.54,0.2418
1987-01-09,8.32,0.2356
1987-01-10,8.3,0.235
1987-01-11,8.3,0.235
1987-01-12,8.3,0.235
1987-01-13,8.32,0.2356
1987-01-14,8.46,0.2396
1987-01-15,8.42,0.2384
1987-01-16,8.38,0.2373
1987-01-17,8.65,0.2449
1987-01-18,8.7,0.2464
1987-01-19,8.7,0.2464
1987-01-20,8.73,0.2472
1987-01-21,8.83,0.25
1987-01-22,8.7,0.2464
1987-01-23,8.72,0.2469
1987-01-24,8.71,0.2466
1987-01-25,8.7,0.2464
1987-01-26,8.7,0.2464
1987-01-27,8.69,0.2461
1987-01-28,8.7,0.2464
1987-01-29,8.52,0.2413
1987-01-30,8.3,0.235
1987-01-31,8.54,0.2418
1987-02-01,8.7,0.2464
1987-02-02,8.59,0.2432
1987-02-03,8.56,0.2424
1987-02-04,8.68,0.2458
1987-02-05,8.45,0.2393
1987-02-06,8.14,0.2305
1987-02-07,8.2,0.2322
1987-02-08,8.31,0.2353
1987-02-09,8.41,0.2381
1987-02-10,8.32,0.2356
1987-02-11,8.28,0.2345
1987-02-12,8.3,0.235
1987-02-13,8.3,0.235
1987-02-14,8.12,0.2299
1987-02-15,7.96,0.2254
1987-02-16,7.94,0.2248
1987-02-17,8.42,0.2384
1987-02-18,8.74,0.2475
1987-02-19,9.43,0.267
1987-02-20,10.3,0.2917
1987-02-21,9.95,0.2818
1987-02-22,9.69,0.2744
1987-02-23,9.56,0.2707
1987-02-24,9.4,0.2662
1987-02-25,9.4,0.2662
1987-02-26,9.38,0.2656
1987-02-27,9.28,0.2628
1987-02-28,9.1,0.2577
1987-03-01,9.08,0.2571
1987-03-02,8.98,0.2543
1987-03-03,9.07,0.2568
1987-03-04,9.05,0.2563
1987-03-05,9.1,0.2577
1987-03-06,9.11,0.258
1987-03-07,8.98,0.2543
1987-03-08,9.08,0.2571
1987-03-09,9.1,0.2577
1987-03-10,9.33,0.2642
1987-03-11,9.94,0.2815
1987-03-12,10.0,0.2832
1987-03-13,9.88,0.2798
1987-03-14,9.7,0.2747
1987-03-15,9.7,0.2747
1987-03-16,9.61,0.2721
1987-03-17,9.48,0.2684
1987-03-18,9.55,0.2704
1987-03-19,9.61,0.2721
1987-03-20,9.7,0.2747
1987-03-21,9.7,0.2747
1987-03-22,9.61,0.2721
1987-03-23,9.18,0.2599
1987-03-24,9.12,0.2582
1987-03-25,9.18,0.2599
1987-03-26,9.64,0.273
1987-03-27,9.83,0.2784
1987-03-28,9.71,0.275
1987-03-29,9.43,0.267
1987-03-30,9.48,0.2684
1987-03-31,9.67,0.2738
1987-04-01,9.7,0.2747
1987-04-02,9.51,0.2693
1987-04-03,9.38,0.2656
1987-04-04,9.18,0.2599
1987-04-05,9.49,0.2687
1987-04-06,9.7,0.2747
1987-04-07,9.7,0.2747
1987-04-08,9.77,0.2767
1987-04-09,9.79,0.2772
1987-04-10,9.85,0.2789
1987-04-11,9.86,0.2792
1987-04-12,9.55,0.2704
1987-04-13,9.47,0.2682
1987-04-14,9.57,0.271
1987-04-15,9.81,0.2778
1987-04-16,10.0,0.2832
1987-04-17,10.0,0.2832
1987-04-18,10.0,0.2832
1987-04-19,9.92,0.2809
1987-04-20,10.0,0.2832
1987-04-21,9.75,0.2761
1987-04-22,9.46,0.2679
1987-04-23,9.79,0.2772
1987-04-24,9.74,0.2758
1987-04-25,9.68,0.2741
1987-04-26,9.39,0.2659
1987-04-27,9.46,0.2679
1987-04-28,9.69,0.2744
1987-04-29,9.4,0.2662
1987-04-30,13.7,0.3879
1987-05-01,9.57,0.271
1987-05-02,9.22,0.2611
1987-05-03,8.71,0.2466
1987-05-04,8.31,0.2353
1987-05-05,8.31,0.2353
1987-05-06,8.72,0.2469
1987-05-07,8.76,0.2481
1987-05-08,8.57,0.2427
1987-05-09,8.28,0.2345
1987-05-10,8.15,0.2308
1987-05-11,7.96,0.2254
1987-05-12,7.9,0.2237
1987-05-13,8.65,0.2449
1987-05-14,10.9,0.3087
1987-05-15,12.0,0.3398
1987-05-16,8.17,0.2313
1987-05-17,8.09,0.2291
1987-05-18,7.74,0.2192
1987-05-19,7.61,0.2155
1987-05-20,7.62,0.2158
1987-05-21,7.37,0.2087
1987-05-22,8.91,0.2523
1987-05-23,40.9,1.1582
1987-05-24,7.07,0.2002
1987-05-25,8.91,0.2523
1987-05-26,8.07,0.2285
1987-05-27,6.77,0.1917
1987-05-28,5.97,0.1691
1987-05-29,6.39,0.1809
1987-05-30,6.75,0.1911
1987-05-31,7.04,0.1994
1987-06-01,6.93,0.1962
1987-06-02,6.43,0.1821
1987-06-03,6.02,0.1705
1987-06-04,9.33,0.2642
1987-06-05,7.24,0.205
1987-06-06,5.94,0.1682
1987-06-07,11.8,0.3341
1987-06-08,39.2,1.11
1987-06-09,76.9,2.1776
1987-06-10,14.3,0.4049
1987-06-11,12.5,0.354
1987-06-12,13.0,0.3681
1987-06-13,11.0,0.3115
1987-06-14,10.2,0.2888
1987-06-15,9.76,0.2764
1987-06-16,9.34,0.2645
1987-06-17,8.99,0.2546
1987-06-18,8.51,0.241
1987-06-19,7.98,0.226
1987-06-20,7.35,0.2081
1987-06-21,7.34,0.2078
1987-06-22,6.95,0.1968
1987-06-23,6.73,0.1906
1987-06-24,6.73,0.1906
1987-06-25,6.59,0.1866
1987-06-26,44.3,1.2544
1987-06-27,11.5,0.3256
1987-06-28,23.5,0.6654
1987-06-29,18.8,0.5324
1987-06-30,9.64,0.273
1987-07-01,8.09,0.2291
1987-07-02,7.35,0.2081
1987-07-03,7.06,0.1999
1987-07-04,6.48,0.1835
1987-07-05,6.03,0.1708
1987-07-06,5.68,0.1608
1987-07-07,5.49,0.1555
1987-07-08,5.22,0.1478
1987-07-09,5.28,0.1495
1987-07-10,5.46,0.1546
1987-07-11,5.54,0.1569
1987-07-12,5.47,0.1549
1987-07-13,5.37,0.1521
1987-07-14,5.5,0.1557
1987-07-15,5.44,0.154
1987-07-16,5.68,0.1608
1987-07-17,5.71,0.1617
1987-07-18,5.58,0.158
1987-07-19,5.34,0.1512
1987-07-20,5.33,0.1509
1987-07-21,5.23,0.1481
1987-07-22,5.16,0.1461
1987-07-23,4.91,0.139
1987-07-24,4.55,0.1288
1987-07-25,4.37,0.1237
1987-07-26,4.37,0.1237
1987-07-27,4.56,0.1291
1987-07-28,4.65,0.1317
1987-07-29,4.64,0.1314
1987-07-30,4.39,0.1243
1987-07-31,4.34,0.1229
1987-08-01,4.11,0.1164
1987-08-02,4.0,0.1133
1987-08-03,3.94,0.1116
1987-08-04,3.81,0.1079
1987-08-05,3.69,0.1045
1987-08-06,3.61,0.1022
1987-08-07,3.59,0.1017
1987-08-08,3.56,0.1008
1987-08-09,4.07,0.1152
1987-08-10,4.59,0.13
1987-08-11,4.49,0.1271
1987-08-12,3.98,0.1127
1987-08-13,3.69,0.1045
1987-08-14,3.56,0.1008
1987-08-15,3.37,0.0954
1987-08-16,3.48,0.0985
1987-08-17,3.43,0.0971
1987-08-18,3.35,0.0949
1987-08-19,3.25,0.092
1987-08-20,3.35,0.0949
1987-08-21,3.28,0.0929
1987-08-22,3.25,0.092
1987-08-23,6.72,0.1903
1987-08-24,26.0,0.7362
1987-08-25,6.95,0.1968
1987-08-26,5.09,0.1441
1987-08-27,9.61,0.2721
1987-08-28,239.0,6.7677
1987-08-29,28.4,0.8042
1987-08-30,12.0,0.3398
1987-08-31,8.92,0.2526
1987-09-01,10.0,0.2832
1987-09-02,8.88,0.2515
1987-09-03,7.65,0.2166
1987-09-04,7.8,0.2209
1987-09-05,8.2,0.2322
1987-09-06,7.8,0.2209
1987-09-07,7.5,0.2124
1987-09-08,7.5,0.2124
1987-09-09,10.0,0.2832
1987-09-10,8.7,0.2464
1987-09-11,8.2,0.2322
1987-09-12,9.4,0.2662
1987-09-13,7.8,0.2209
1987-09-14,11.0,0.3115
1987-09-15,7.5,0.2124
1987-09-16,7.8,0.2209
1987-09-17,7.5,0.2124
1987-09-18,7.5,0.2124
1987-09-19,7.8,0.2209
1987-09-20,7.8,0.2209
1987-09-21,7.5,0.2124
1987-09-22,7.5,0.2124
1987-09-23,7.5,0.2124
1987-09-24,6.4,0.1812
1987-09-25,5.66,0.1603
1987-09-26,5.63,0.1594
1987-09-27,5.5,0.1557
1987-09-28,5.28,0.1495
1987-09-29,5.35,0.1515
1987-09-30,5.43,0.1538
1987-10-01,5.5,0.1557
1987-10-02,5.4,0.1529
1987-10-03,5.4,0.1529
1987-10-04,5.4,0.1529
1987-10-05,5.5,0.1557
1987-10-06,5.5,0.1557
1987-10-07,5.5,0.1557
1987-10-08,5.5,0.1557
1987-10-09,5.5,0.1557
1987-10-10,5.4,0.1529
1987-10-11,5.5,0.1557
1987-10-12,5.5,0.1557
1987-10-13,5.6,0.1586
1987-10-14,5.4,0.1529
1987-10-15,5.4,0.1529
1987-10-16,5.5,0.1557
1987-10-17,5.7,0.1614
1987-10-18,6.0,0.1699
1987-10-19,5.9,0.1671
1987-10-20,5.7,0.1614
1987-10-21,5.6,0.1586
1987-10-22,5.6,0.1586
1987-10-23,5.8,0.1642
1987-10-24,5.9,0.1671
1987-10-25,5.8,0.1642
1987-10-26,5.6,0.1586
1987-10-27,5.6,0.1586
1987-10-28,5.5,0.1557
1987-10-29,5.7,0.1614
1987-10-30,5.7,0.1614
1987-10-31,5.7,0.1614
1987-11-01,5.8,0.1642
1987-11-02,5.9,0.1671
1987-11-03,5.9,0.1671
1987-11-04,5.7,0.1614
1987-11-05,5.6,0.1586
1987-11-06,5.8,0.1642
1987-11-07,5.9,0.1671
1987-11-08,5.8,0.1642
1987-11-09,5.6,0.1586
1987-11-10,5.6,0.1586
1987-11-11,5.7,0.1614
1987-11-12,5.8,0.1642
1987-11-13,6.1,0.1727
1987-11-14,6.1,0.1727
1987-11-15,6.0,0.1699
1987-11-16,5.9,0.1671
1987-11-17,5.9,0.1671
1987-11-18,5.9,0.1671
1987-11-19,5.9,0.1671
1987-11-20,5.9,0.1671
1987-11-21,6.0,0.1699
1987-11-22,6.2,0.1756
1987-11-23,6.2,0.1756
1987-11-24,6.2,0.1756
1987-11-25,6.2,0.1756
1987-11-26,6.2,0.1756
1987-11-27,6.4,0.1812
1987-11-28,6.5,0.1841
1987-11-29,6.6,0.1869
1987-11-30,6.6,0.1869
1987-12-01,6.6,0.1869
1987-12-02,6.7,0.1897
1987-12-03,6.8,0.1926
1987-12-04,6.8,0.1926
1987-12-05,6.9,0.1954
1987-12-06,6.9,0.1954
1987-12-07,6.8,0.1926
1987-12-08,6.7,0.1897
1987-12-09,6.7,0.1897
1987-12-10,6.7,0.1897
1987-12-11,6.8,0.1926
1987-12-12,6.7,0.1897
1987-12-13,6.8,0.1926
1987-12-14,7.3,0.2067
1987-12-15,7.4,0.2095
1987-12-16,7.0,0.1982
1987-12-17,7.0,0.1982
1987-12-18,7.1,0.201
1987-12-19,7.5,0.2124
1987-12-20,7.7,0.218
1987-12-21,7.5,0.2124
1987-12-22,7.3,0.2067
1987-12-23,7.2,0.2039
1987-12-24,7.2,0.2039
1987-12-25,7.1,0.201
1987-12-26,7.0,0.1982
1987-12-27,7.0,0.1982
1987-12-28,7.0,0.1982
1987-12-29,7.0,0.1982
1987-12-30,7.2,0.2039
1987-12-31,7.1,0.201
1988-01-01,7.0,0.1982
1988-01-02,7.0,0.1982
1988-01-03,6.9,0.1954
1988-01-04,6.8,0.1926
1988-01-05,6.8,0.1926
1988-01-06,6.8,0.1926
1988-01-07,6.8,0.1926
1988-01-08,6.7,0.1897
1988-01-09,6.6,0.1869
1988-01-10,6.7,0.1897
1988-01-11,6.8,0.1926
1988-01-12,6.9,0.1954
1988-01-13,6.8,0.1926
1988-01-14,6.7,0.1897
1988-01-15,6.8,0.1926
1988-01-16,6.9,0.1954
1988-01-17,6.9,0.1954
1988-01-18,6.8,0.1926
1988-01-19,6.7,0.1897
1988-01-20,6.7,0.1897
1988-01-21,6.7,0.1897
1988-01-22,6.7,0.1897
1988-01-23,6.9,0.1954
1988-01-24,6.9,0.1954
1988-01-25,6.9,0.1954
1988-01-26,6.9,0.1954
1988-01-27,6.9,0.1954
1988-01-28,7.0,0.1982
1988-01-29,7.0,0.1982
1988-01-30,7.0,0.1982
1988-01-31,7.0,0.1982
1988-02-01,6.9,0.1954
1988-02-02,6.9,0.1954
1988-02-03,6.9,0.1954
1988-02-04,6.9,0.1954
1988-02-05,6.9,0.1954
1988-02-06,7.0,0.1982
1988-02-07,7.0,0.1982
1988-02-08,7.0,0.1982
1988-02-09,7.1,0.201
1988-02-10,7.0,0.1982
1988-02-11,6.9,0.1954
1988-02-12,6.8,0.1926
1988-02-13,6.7,0.1897
1988-02-14,6.7,0.1897
1988-02-15,6.6,0.1869
1988-02-16,6.6,0.1869
1988-02-17,6.6,0.1869
1988-02-18,6.7,0.1897
1988-02-19,6.7,0.1897
1988-02-20,6.8,0.1926
1988-02-21,6.7,0.1897
1988-02-22,6.8,0.1926
1988-02-23,6.7,0.1897
1988-02-24,6.7,0.1897
1988-02-25,6.7,0.1897
1988-02-26,6.9,0.1954
1988-02-27,6.9,0.1954
1988-02-28,6.9,0.1954
1988-02-29,6.8,0.1926
1988-03-01,6.8,0.1926
1988-03-02,6.8,0.1926
1988-03-03,6.7,0.1897
1988-03-04,6.7,0.1897
1988-03-05,6.8,0.1926
1988-03-06,6.8,0.1926
1988-03-07,6.7,0.1897
1988-03-08,6.7,0.1897
1988-03-09,6.7,0.1897
1988-03-10,6.7,0.1897
1988-03-11,6.7,0.1897
1988-03-12,6.6,0.1869
1988-03-13,6.5,0.1841
1988-03-14,6.6,0.1869
1988-03-15,6.6,0.1869
1988-03-16,6.7,0.1897
1988-03-17,6.6,0.1869
1988-03-18,6.5,0.1841
1988-03-19,6.6,0.1869
1988-03-20,6.7,0.1897
1988-03-21,6.6,0.1869
1988-03-22,6.5,0.1841
1988-03-23,6.5,0.1841
1988-03-24,6.5,0.1841
1988-03-25,6.4,0.1812
1988-03-26,6.3,0.1784
1988-03-27,6.4,0.1812
1988-03-28,6.4,0.1812
1988-03-29,6.3,0.1784
1988-03-30,6.2,0.1756
1988-03-31,6.3,0.1784
1988-04-01,6.3,0.1784
1988-04-02,6.2,0.1756
1988-04-03,6.2,0.1756
1988-04-04,6.2,0.1756
1988-04-05,6.2,0.1756
1988-04-06,6.2,0.1756
1988-04-07,6.3,0.1784
1988-04-08,6.5,0.1841
1988-04-09,6.4,0.1812
1988-04-10,6.2,0.1756
1988-04-11,6.2,0.1756
1988-04-12,6.2,0.1756
1988-04-13,6.3,0.1784
1988-04-14,6.3,0.1784
1988-04-15,6.3,0.1784
1988-04-16,6.2,0.1756
1988-04-17,6.1,0.1727
1988-04-18,6.1,0.1727
1988-04-19,6.1,0.1727
1988-04-20,6.0,0.1699
1988-04-21,5.9,0.1671
1988-04-22,5.9,0.1671
1988-04-23,5.9,0.1671
1988-04-24,5.9,0.1671
1988-04-25,5.9,0.1671
1988-04-26,5.8,0.1642
1988-04-27,5.8,0.1642
1988-04-28,5.8,0.1642
1988-04-29,6.1,0.1727
1988-04-30,5.9,0.1671
1988-05-01,5.7,0.1614
1988-05-02,5.4,0.1529
1988-05-03,5.2,0.1472
1988-05-04,5.0,0.1416
1988-05-05,5.1,0.1444
1988-05-06,5.0,0.1416
1988-05-07,4.7,0.1331
1988-05-08,4.5,0.1274
1988-05-09,4.5,0.1274
1988-05-10,4.5,0.1274
1988-05-11,4.4,0.1246
1988-05-12,4.4,0.1246
1988-05-13,4.4,0.1246
1988-05-14,4.4,0.1246
1988-05-15,4.3,0.1218
1988-05-16,4.2,0.1189
1988-05-17,4.2,0.1189
1988-05-18,4.2,0.1189
1988-05-19,4.2,0.1189
1988-05-20,4.4,0.1246
1988-05-21,4.3,0.1218
1988-05-22,4.2,0.1189
1988-05-23,4.2,0.1189
1988-05-24,4.1,0.1161
1988-05-25,4.0,0.1133
1988-05-26,4.0,0.1133
1988-05-27,4.0,0.1133
1988-05-28,4.4,0.1246
1988-05-29,4.4,0.1246
1988-05-30,4.3,0.1218
1988-05-31,4.2,0.1189
1988-06-01,4.2,0.1189
1988-06-02,4.1,0.1161
1988-06-03,4.0,0.1133
1988-06-04,4.1,0.1161
1988-06-05,4.0,0.1133
1988-06-06,4.0,0.1133
1988-06-07,3.9,0.1104
1988-06-08,3.9,0.1104
1988-06-09,3.8,0.1076
1988-06-10,3.8,0.1076
1988-06-11,3.8,0.1076
1988-06-12,3.8,0.1076
1988-06-13,3.8,0.1076
1988-06-14,3.8,0.1076
1988-06-15,3.7,0.1048
1988-06-16,3.7,0.1048
1988-06-17,3.7,0.1048
1988-06-18,3.6,0.1019
1988-06-19,3.5,0.0991
1988-06-20,3.5,0.0991
1988-06-21,3.4,0.0963
1988-06-22,3.4,0.0963
1988-06-23,3.4,0.0963
1988-06-24,3.4,0.0963
1988-06-25,3.4,0.0963
1988-06-26,3.4,0.0963
1988-06-27,4.4,0.1246
1988-06-28,3.4,0.0963
1988-06-29,3.4,0.0963
1988-06-30,3.4,0.0963
1988-07-01,3.1,0.0878
1988-07-02,3.0,0.085
1988-07-03,2.9,0.0821
1988-07-04,2.8,0.0793
1988-07-05,2.7,0.0765
1988-07-06,2.7,0.0765
1988-07-07,2.7,0.0765
1988-07-08,2.9,0.0821
1988-07-09,3.1,0.0878
1988-07-10,3.6,0.1019
1988-07-11,3.6,0.1019
1988-07-12,3.3,0.0934
1988-07-13,3.0,0.085
1988-07-14,2.7,0.0765
1988-07-15,2.6,0.0736
1988-07-16,2.8,0.0793
1988-07-17,2.8,0.0793
1988-07-18,2.7,0.0765
1988-07-19,2.7,0.0765
1988-07-20,2.7,0.0765
1988-07-21,21.0,0.5947
1988-07-22,5.4,0.1529
1988-07-23,2.5,0.0708
1988-07-24,2.0,0.0566
1988-07-25,1.8,0.051
1988-07-26,1.8,0.051
1988-07-27,1.7,0.0481
1988-07-28,1.7,0.0481
1988-07-29,1.5,0.0425
1988-07-30,1.4,0.0396
1988-07-31,1.4,0.0396
1988-08-01,1.4,0.0396
1988-08-02,1.6,0.0453
1988-08-03,1.9,0.0538
1988-08-04,1.5,0.0425
1988-08-05,2.9,0.0821
1988-08-06,15.0,0.4248
1988-08-07,3.2,0.0906
1988-08-08,2.7,0.0765
1988-08-09,2.8,0.0793
1988-08-10,5.2,0.1472
1988-08-11,5.3,0.1501
1988-08-12,5.1,0.1444
1988-08-13,3.2,0.0906
1988-08-14,3.1,0.0878
1988-08-15,2.9,0.0821
1988-08-16,2.8,0.0793
1988-08-17,2.8,0.0793
1988-08-18,2.7,0.0765
1988-08-19,2.7,0.0765
1988-08-20,2.6,0.0736
1988-08-21,2.6,0.0736
1988-08-22,2.7,0.0765
1988-08-23,2.7,0.0765
1988-08-24,2.9,0.0821
1988-08-25,2.7,0.0765
1988-08-26,2.6,0.0736
1988-08-27,2.7,0.0765
1988-08-28,3.0,0.085
1988-08-29,3.0,0.085
1988-08-30,3.2,0.0906
1988-08-31,3.0,0.085
1988-09-01,4.1,0.1161
1988-09-02,4.3,0.1218
1988-09-03,3.2,0.0906
1988-09-04,2.8,0.0793
1988-09-05,2.7,0.0765
1988-09-06,2.6,0.0736
1988-09-07,2.6,0.0736
1988-09-08,2.5,0.0708
1988-09-09,2.5,0.0708
1988-09-10,2.4,0.068
1988-09-11,2.4,0.068
1988-09-12,2.4,0.068
1988-09-13,2.4,0.068
1988-09-14,2.4,0.068
1988-09-15,2.4,0.068
1988-09-16,2.4,0.068
1988-09-17,2.4,0.068
1988-09-18,2.7,0.0765
1988-09-19,2.8,0.0793
1988-09-20,2.6,0.0736
1988-09-21,2.8,0.0793
1988-09-22,2.8,0.0793
1988-09-23,3.1,0.0878
1988-09-24,2.7,0.0765
1988-09-25,2.6,0.0736
1988-09-26,2.5,0.0708
1988-09-27,2.5,0.0708
1988-09-28,2.4,0.068
1988-09-29,2.4,0.068
1988-09-30,2.4,0.068
1988-10-01,2.5,0.0708
1988-10-02,2.5,0.0708
1988-10-03,2.5,0.0708
1988-10-04,2.5,0.0708
1988-10-05,2.5,0.0708
1988-10-06,2.5,0.0708
1988-10-07,2.6,0.0736
1988-10-08,2.6,0.0736
1988-10-09,2.6,0.0736
1988-10-10,2.6,0.0736
1988-10-11,2.7,0.0765
1988-10-12,2.7,0.0765
1988-10-13,2.6,0.0736
1988-10-14,2.6,0.0736
1988-10-15,2.6,0.0736
1988-10-16,2.6,0.0736
1988-10-17,2.6,0.0736
1988-10-18,2.5,0.0708
1988-10-19,2.6,0.0736
1988-10-20,2.6,0.0736
1988-10-21,2.7,0.0765
1988-10-22,2.7,0.0765
1988-10-23,2.7,0.0765
1988-10-24,2.7,0.0765
1988-10-25,2.6,0.0736
1988-10-26,2.6,0.0736
1988-10-27,2.6,0.0736
1988-10-28,2.6,0.0736
1988-10-29,2.7,0.0765
1988-10-30,2.7,0.0765
1988-10-31,2.8,0.0793
1988-11-01,2.8,0.0793
1988-11-02,2.8,0.0793
1988-11-03,2.8,0.0793
1988-11-04,2.8,0.0793
1988-11-05,2.7,0.0765
1988-11-06,2.7,0.0765
1988-11-07,2.8,0.0793
1988-11-08,2.9,0.0821
1988-11-09,2.9,0.0821
1988-11-10,2.9,0.0821
1988-11-11,2.9,0.0821
1988-11-12,2.9,0.0821
1988-11-13,3.0,0.085
1988-11-14,3.1,0.0878
1988-11-15,3.0,0.085
1988-11-16,3.0,0.085
1988-11-17,3.1,0.0878
1988-11-18,3.2,0.0906
1988-11-19,3.2,0.0906
1988-11-20,3.3,0.0934
1988-11-21,3.4,0.0963
1988-11-22,3.4,0.0963
1988-11-23,3.0,0.085
1988-11-24,3.5,0.0991
1988-11-25,3.5,0.0991
1988-11-26,3.5,0.0991
1988-11-27,3.6,0.1019
1988-11-28,3.7,0.1048
1988-11-29,3.7,0.1048
1988-11-30,3.7,0.1048
1988-12-01,3.7,0.1048
1988-12-02,3.7,0.1048
1988-12-03,3.8,0.1076
1988-12-04,3.8,0.1076
1988-12-05,3.8,0.1076
1988-12-06,3.9,0.1104
1988-12-07,3.9,0.1104
1988-12-08,4.1,0.1161
1988-12-09,4.0,0.1133
1988-12-10,4.0,0.1133
1988-12-11,4.0,0.1133
1988-12-12,4.0,0.1133
1988-12-13,4.0,0.1133
1988-12-14,4.0,0.1133
1988-12-15,4.0,0.1133
1988-12-16,3.9,0.1104
1988-12-17,4.0,0.1133
1988-12-18,4.0,0.1133
1988-12-19,4.0,0.1133
1988-12-20,3.9,0.1104
1988-12-21,3.9,0.1104
1988-12-22,3.9,0.1104
1988-12-23,4.0,0.1133
1988-12-24,4.0,0.1133
1988-12-25,4.1,0.1161
1988-12-26,4.1,0.1161
1988-12-27,4.2,0.1189
1988-12-28,4.2,0.1189
1988-12-29,4.2,0.1189
1988-12-30,4.2,0.1189
1988-12-31,4.2,0.1189
1989-01-01,4.2,0.1189
1989-01-02,4.3,0.1218
1989-01-03,4.3,0.1218
1989-01-04,4.3,0.1218
1989-01-05,4.3,0.1218
1989-01-06,4.3,0.1218
1989-01-07,4.3,0.1218
1989-01-08,4.4,0.1246
1989-01-09,4.4,0.1246
1989-01-10,4.3,0.1218
1989-01-11,4.3,0.1218
1989-01-12,4.3,0.1218
1989-01-13,4.3,0.1218
1989-01-14,4.3,0.1218
1989-01-15,4.3,0.1218
1989-01-16,4.3,0.1218
1989-01-17,4.3,0.1218
1989-01-18,4.3,0.1218
1989-01-19,4.3,0.1218
1989-01-20,4.3,0.1218
1989-01-21,4.3,0.1218
1989-01-22,4.3,0.1218
1989-01-23,4.3,0.1218
1989-01-24,4.3,0.1218
1989-01-25,4.3,0.1218
1989-01-26,4.3,0.1218
1989-01-27,4.4,0.1246
1989-01-28,4.4,0.1246
1989-01-29,4.3,0.1218
1989-01-30,4.3,0.1218
1989-01-31,4.3,0.1218
1989-02-01,4.3,0.1218
1989-02-02,4.3,0.1218
1989-02-03,4.2,0.1189
1989-02-04,4.2,0.1189
1989-02-05,4.2,0.1189
1989-02-06,4.2,0.1189
1989-02-07,4.1,0.1161
1989-02-08,4.0,0.1133
1989-02-09,4.0,0.1133
1989-02-10,4.0,0.1133
1989-02-11,4.2,0.1189
1989-02-12,4.2,0.1189
1989-02-13,4.2,0.1189
1989-02-14,4.2,0.1189
1989-02-15,4.2,0.1189
1989-02-16,4.3,0.1218
1989-02-17,4.6,0.1303
1989-02-18,4.5,0.1274
1989-02-19,4.4,0.1246
1989-02-20,4.2,0.1189
1989-02-21,4.1,0.1161
1989-02-22,3.9,0.1104
1989-02-23,3.9,0.1104
1989-02-24,3.9,0.1104
1989-02-25,4.0,0.1133
1989-02-26,3.9,0.1104
1989-02-27,3.9,0.1104
1989-02-28,3.9,0.1104
1989-03-01,3.8,0.1076
1989-03-02,3.9,0.1104
1989-03-03,3.7,0.1048
1989-03-04,3.7,0.1048
1989-03-05,3.7,0.1048
1989-03-06,3.7,0.1048
1989-03-07,3.7,0.1048
1989-03-08,3.8,0.1076
1989-03-09,3.7,0.1048
1989-03-10,3.7,0.1048
1989-03-11,3.7,0.1048
1989-03-12,3.7,0.1048
1989-03-13,3.6,0.1019
1989-03-14,3.6,0.1019
1989-03-15,3.5,0.0991
1989-03-16,3.4,0.0963
1989-03-17,3.5,0.0991
1989-03-18,3.5,0.0991
1989-03-19,3.5,0.0991
1989-03-20,3.4,0.0963
1989-03-21,3.5,0.0991
1989-03-22,3.5,0.0991
1989-03-23,3.5,0.0991
1989-03-24,3.5,0.0991
1989-03-25,3.5,0.0991
1989-03-26,3.4,0.0963
1989-03-27,3.4,0.0963
1989-03-28,3.5,0.0991
1989-03-29,3.5,0.0991
1989-03-30,3.5,0.0991
1989-03-31,3.5,0.0991
1989-04-01,3.4,0.0963
1989-04-02,3.4,0.0963
1989-04-03,3.4,0.0963
1989-04-04,3.2,0.0906
1989-04-05,3.3,0.0934
1989-04-06,3.4,0.0963
1989-04-07,3.7,0.1048
1989-04-08,3.7,0.1048
1989-04-09,3.7,0.1048
1989-04-10,3.5,0.0991
1989-04-11,3.7,0.1048
1989-04-12,3.8,0.1076
1989-04-13,3.9,0.1104
1989-04-14,3.9,0.1104
1989-04-15,3.8,0.1076
1989-04-16,3.8,0.1076
1989-04-17,3.5,0.0991
1989-04-18,3.5,0.0991
1989-04-19,3.5,0.0991
1989-04-20,3.3,0.0934
1989-04-21,3.0,0.085
1989-04-22,2.9,0.0821
1989-04-23,2.6,0.0736
1989-04-24,2.6,0.0736
1989-04-25,2.5,0.0708
1989-04-26,2.3,0.0651
1989-04-27,2.1,0.0595
1989-04-28,2.0,0.0566
1989-04-29,1.9,0.0538
1989-04-30,1.9,0.0538
1989-05-01,1.9,0.0538
1989-05-02,1.9,0.0538
1989-05-03,1.8,0.051
1989-05-04,1.6,0.0453
1989-05-05,1.5,0.0425
1989-05-06,1.4,0.0396
1989-05-07,1.3,0.0368
1989-05-08,1.3,0.0368
1989-05-09,1.1,0.0311
1989-05-10,19.0,0.538
1989-05-11,29.0,0.8212
1989-05-12,9.6,0.2718
1989-05-13,3.5,0.0991
1989-05-14,1.9,0.0538
1989-05-15,1.7,0.0481
1989-05-16,1.6,0.0453
1989-05-17,1.5,0.0425
1989-05-18,1.4,0.0396
1989-05-19,1.4,0.0396
1989-05-20,1.4,0.0396
1989-05-21,1.2,0.034
1989-05-22,0.96,0.0272
1989-05-23,0.92,0.0261
1989-05-24,0.64,0.0181
1989-05-25,0.47,0.0133
1989-05-26,0.38,0.0108
1989-05-27,0.36,0.0102
1989-05-28,0.46,0.013
1989-05-29,0.56,0.0159
1989-05-30,0.34,0.0096
1989-05-31,0.16,0.0045
1989-06-01,0.05,0.0014
1989-06-02,0.3,0.0085
1989-06-03,18.0,0.5097
1989-06-04,4.9,0.1388
1989-06-05,2.9,0.0821
1989-06-06,2.2,0.0623
1989-06-07,1.6,0.0453
1989-06-08,1.2,0.034
1989-06-09,0.8,0.0227
1989-06-10,1.1,0.0311
1989-06-11,1.3,0.0368
1989-06-12,1.1,0.0311
1989-06-13,0.54,0.0153
1989-06-14,0.4,0.0113
1989-06-15,0.47,0.0133
1989-06-16,0.56,0.0159
1989-06-17,0.4,0.0113
1989-06-18,0.15,0.0042
1989-06-19,0.0,0.0
1989-06-20,0.0,0.0
1989-06-21,0.0,0.0
1989-06-22,0.0,0.0
1989-06-23,0.0,0.0
1989-06-24,0.0,0.0
1989-06-25,0.0,0.0
1989-06-26,0.0,0.0
1989-06-27,0.0,0.0
1989-06-28,0.0,0.0
1989-06-29,0.0,0.0
1989-06-30,0.0,0.0
1989-07-01,0.0,0.0
1989-07-02,0.0,0.0
1989-07-03,0.0,0.0
1989-07-04,0.0,0.0
1989-07-05,0.0,0.0
1989-07-06,0.0,0.0
1989-07-07,0.0,0.0
1989-07-08,0.0,0.0
1989-07-09,0.0,0.0
1989-07-10,0.0,0.0
1989-07-11,0.0,0.0
1989-07-12,0.0,0.0
1989-07-13,0.0,0.0
1989-07-14,0.0,0.0
1989-07-15,0.0,0.0
1989-07-16,0.0,0.0
1989-07-17,0.0,0.0
1989-07-18,0.0,0.0
1989-07-19,0.0,0.0
1989-07-20,0.0,0.0
1989-07-21,0.0,0.0
1989-07-22,0.0,0.0
1989-07-23,0.0,0.0
1989-07-24,0.0,0.0
1989-07-25,0.0,0.0
1989-07-26,0.0,0.0
1989-07-27,0.0,0.0
1989-07-28,0.0,0.0
1989-07-29,0.0,0.0
1989-07-30,0.0,0.0
1989-07-31,0.0,0.0
1989-08-01,0.0,0.0
1989-08-02,0.0,0.0
1989-08-03,0.0,0.0
1989-08-04,0.0,0.0
1989-08-05,0.0,0.0
1989-08-06,0.0,0.0
1989-08-07,0.0,0.0
1989-08-08,0.0,0.0
1989-08-09,0.0,0.0
1989-08-10,0.0,0.0
1989-08-11,0.0,0.0
1989-08-12,0.0,0.0
1989-08-13,0.0,0.0
1989-08-14,0.0,0.0
1989-08-15,0.0,0.0
1989-08-16,0.0,0.0
1989-08-17,0.0,0.0
1989-08-18,0.0,0.0
1989-08-19,0.0,0.0
1989-08-20,0.0,0.0
1989-08-21,0.0,0.0
1989-08-22,0.0,0.0
1989-08-23,0.0,0.0
1989-08-24,0.0,0.0
1989-08-25,0.0,0.0
1989-08-26,0.0,0.0
1989-08-27,0.52,0.0147
1989-08-28,11.0,0.3115
1989-08-29,71.0,2.0105
1989-08-30,17.0,0.4814
1989-08-31,6.2,0.1756
1989-09-01,6.8,0.1926
1989-09-02,5.4,0.1529
1989-09-03,4.1,0.1161
1989-09-04,2.8,0.0793
1989-09-05,1.7,0.0481
1989-09-06,1.2,0.034
1989-09-07,1.1,0.0311
1989-09-08,1.2,0.034
1989-09-09,1.0,0.0283
1989-09-10,1.1,0.0311
1989-09-11,1.0,0.0283
1989-09-12,1.7,0.0481
1989-09-13,5.0,0.1416
1989-09-14,6.8,0.1926
1989-09-15,7.0,0.1982
1989-09-16,4.1,0.1161
1989-09-17,2.6,0.0736
1989-09-18,1.9,0.0538
1989-09-19,1.7,0.0481
1989-09-20,1.4,0.0396
1989-09-21,1.3,0.0368
1989-09-22,1.3,0.0368
1989-09-23,1.5,0.0425
1989-09-24,1.3,0.0368
1989-09-25,1.3,0.0368
1989-09-26,1.2,0.034
1989-09-27,1.1,0.0311
1989-09-28,1.0,0.0283
1989-09-29,1.0,0.0283
1989-09-30,1.0,0.0283
1989-10-01,0.93,0.0263
1989-10-02,0.84,0.0238
1989-10-03,0.85,0.0241
1989-10-04,0.86,0.0244
1989-10-05,0.87,0.0246
1989-10-06,0.9,0.0255
1989-10-07,0.92,0.0261
1989-10-08,0.99,0.028
1989-10-09,1.1,0.0311
1989-10-10,1.1,0.0311
1989-10-11,1.0,0.0283
1989-10-12,0.93,0.0263
1989-10-13,0.89,0.0252
1989-10-14,0.89,0.0252
1989-10-15,0.95,0.0269
1989-10-16,1.0,0.0283
1989-10-17,1.1,0.0311
1989-10-18,1.2,0.034
1989-10-19,1.3,0.0368
1989-10-20,1.5,0.0425
1989-10-21,1.6,0.0453
1989-10-22,1.7,0.0481
1989-10-23,1.6,0.0453
1989-10-24,1.6,0.0453
1989-10-25,1.6,0.0453
1989-10-26,1.6,0.0453
1989-10-27,1.7,0.0481
1989-10-28,1.8,0.051
1989-10-29,1.7,0.0481
1989-10-30,1.6,0.0453
1989-10-31,1.7,0.0481
1989-11-01,1.9,0.0538
1989-11-02,2.1,0.0595
1989-11-03,2.2,0.0623
1989-11-04,2.3,0.0651
1989-11-05,2.3,0.0651
1989-11-06,2.3,0.0651
1989-11-07,2.3,0.0651
1989-11-08,2.3,0.0651
1989-11-09,2.4,0.068
1989-11-10,2.4,0.068
1989-11-11,2.5,0.0708
1989-11-12,2.4,0.068
1989-11-13,2.5,0.0708
1989-11-14,2.2,0.0623
1989-11-15,2.3,0.0651
1989-11-16,2.4,0.068
1989-11-17,2.5,0.0708
1989-11-18,2.6,0.0736
1989-11-19,2.5,0.0708
1989-11-20,2.6,0.0736
1989-11-21,2.7,0.0765
1989-11-22,2.6,0.0736
1989-11-23,2.5,0.0708
1989-11-24,2.5,0.0708
1989-11-25,2.7,0.0765
1989-11-26,2.6,0.0736
1989-11-27,2.5,0.0708
1989-11-28,2.3,0.0651
1989-11-29,2.3,0.0651
1989-11-30,2.3,0.0651
1989-12-01,2.5,0.0708
1989-12-02,2.5,0.0708
1989-12-03,2.5,0.0708
1989-12-04,2.4,0.068
1989-12-05,2.5,0.0708
1989-12-06,2.5,0.0708
1989-12-07,2.3,0.0651
1989-12-08,2.3,0.0651
1989-12-09,2.3,0.0651
1989-12-10,2.3,0.0651
1989-12-11,2.1,0.0595
1989-12-12,2.2,0.0623
1989-12-13,2.3,0.0651
1989-12-14,2.4,0.068
1989-12-15,2.4,0.068
1989-12-16,2.5,0.0708
1989-12-17,2.5,0.0708
1989-12-18,2.5,0.0708
1989-12-19,2.6,0.0736
1989-12-20,2.5,0.0708
1989-12-21,2.5,0.0708
1989-12-22,2.4,0.068
1989-12-23,2.1,0.0595
1989-12-24,2.5,0.0708
1989-12-25,2.7,0.0765
1989-12-26,2.7,0.0765
1989-12-27,2.7,0.0765
1989-12-28,2.7,0.0765
1989-12-29,2.7,0.0765
1989-12-30,2.9,0.0821
1989-12-31,2.7,0.0765
1990-01-01,2.5,0.0708
1990-01-02,2.4,0.068
1990-01-03,2.5,0.0708
1990-01-04,2.4,0.068
1990-01-05,2.3,0.0651
1990-01-06,2.3,0.0651
1990-01-07,2.3,0.0651
1990-01-08,2.4,0.068
1990-01-09,2.4,0.068
1990-01-10,2.4,0.068
1990-01-11,2.5,0.0708
1990-01-12,2.3,0.0651
1990-01-13,2.5,0.0708
1990-01-14,2.6,0.0736
1990-01-15,2.7,0.0765
1990-01-16,2.7,0.0765
1990-01-17,2.7,0.0765
1990-01-18,2.7,0.0765
1990-01-19,2.8,0.0793
1990-01-20,2.5,0.0708
1990-01-21,2.5,0.0708
1990-01-22,2.5,0.0708
1990-01-23,2.6,0.0736
1990-01-24,2.7,0.0765
1990-01-25,2.5,0.0708
1990-01-26,2.5,0.0708
1990-01-27,2.5,0.0708
1990-01-28,2.5,0.0708
1990-01-29,2.5,0.0708
1990-01-30,2.5,0.0708
1990-01-31,2.6,0.0736
1990-02-01,2.7,0.0765
1990-02-02,2.7,0.0765
1990-02-03,2.5,0.0708
1990-02-04,2.3,0.0651
1990-02-05,2.4,0.068
1990-02-06,2.5,0.0708
1990-02-07,2.5,0.0708
1990-02-08,2.6,0.0736
1990-02-09,2.7,0.0765
1990-02-10,2.6,0.0736
1990-02-11,2.5,0.0708
1990-02-12,2.4,0.068
1990-02-13,2.4,0.068
1990-02-14,2.4,0.068
1990-02-15,2.2,0.0623
1990-02-16,2.1,0.0595
1990-02-17,2.1,0.0595
1990-02-18,2.2,0.0623
1990-02-19,2.3,0.0651
1990-02-20,2.2,0.0623
1990-02-21,2.2,0.0623
1990-02-22,2.2,0.0623
1990-02-23,2.1,0.0595
1990-02-24,2.0,0.0566
1990-02-25,2.0,0.0566
1990-02-26,2.2,0.0623
1990-02-27,2.7,0.0765
1990-02-28,2.6,0.0736
1990-03-01,2.5,0.0708
1990-03-02,2.5,0.0708
1990-03-03,2.5,0.0708
1990-03-04,2.6,0.0736
1990-03-05,2.7,0.0765
1990-03-06,2.7,0.0765
1990-03-07,2.4,0.068
1990-03-08,2.4,0.068
1990-03-09,2.6,0.0736
1990-03-10,2.7,0.0765
1990-03-11,2.6,0.0736
1990-03-12,2.5,0.0708
1990-03-13,2.5,0.0708
1990-03-14,2.4,0.068
1990-03-15,2.2,0.0623
1990-03-16,2.3,0.0651
1990-03-17,2.5,0.0708
1990-03-18,2.6,0.0736
1990-03-19,2.3,0.0651
1990-03-20,2.3,0.0651
1990-03-21,2.5,0.0708
1990-03-22,2.7,0.0765
1990-03-23,2.5,0.0708
1990-03-24,2.3,0.0651
1990-03-25,2.3,0.0651
1990-03-26,2.3,0.0651
1990-03-27,2.4,0.068
1990-03-28,2.6,0.0736
1990-03-29,2.5,0.0708
1990-03-30,2.4,0.068
1990-03-31,2.6,0.0736
1990-04-01,2.7,0.0765
1990-04-02,2.8,0.0793
1990-04-03,3.0,0.085
1990-04-04,3.1,0.0878
1990-04-05,2.8,0.0793
1990-04-06,2.7,0.0765
1990-04-07,2.8,0.0793
1990-04-08,3.1,0.0878
1990-04-09,3.2,0.0906
1990-04-10,3.1,0.0878
1990-04-11,3.2,0.0906
1990-04-12,3.5,0.0991
1990-04-13,3.4,0.0963
1990-04-14,3.4,0.0963
1990-04-15,3.4,0.0963
1990-04-16,3.2,0.0906
1990-04-17,3.3,0.0934
1990-04-18,3.5,0.0991
1990-04-19,3.5,0.0991
1990-04-20,3.4,0.0963
1990-04-21,3.1,0.0878
1990-04-22,2.8,0.0793
1990-04-23,3.0,0.085
1990-04-24,2.4,0.068
1990-04-25,1.9,0.0538
1990-04-26,1.7,0.0481
1990-04-27,1.7,0.0481
1990-04-28,1.6,0.0453
1990-04-29,1.6,0.0453
1990-04-30,1.5,0.0425
1990-05-01,1.4,0.0396
1990-05-02,1.6,0.0453
1990-05-03,1.8,0.051
1990-05-04,1.9,0.0538
1990-05-05,1.8,0.051
1990-05-06,1.6,0.0453
1990-05-07,1.5,0.0425
1990-05-08,1.5,0.0425
1990-05-09,1.5,0.0425
1990-05-10,1.3,0.0368
1990-05-11,1.3,0.0368
1990-05-12,1.2,0.034
1990-05-13,1.3,0.0368
1990-05-14,1.3,0.0368
1990-05-15,1.1,0.0311
1990-05-16,0.91,0.0258
1990-05-17,0.83,0.0235
1990-05-18,0.98,0.0278
1990-05-19,0.92,0.0261
1990-05-20,0.87,0.0246
1990-05-21,0.68,0.0193
1990-05-22,0.56,0.0159
1990-05-23,0.54,0.0153
1990-05-24,0.47,0.0133
1990-05-25,0.43,0.0122
1990-05-26,0.33,0.0093
1990-05-27,0.24,0.0068
1990-05-28,0.21,0.0059
1990-05-29,0.12,0.0034
1990-05-30,0.03,0.0008
1990-05-31,0.05,0.0014
1990-06-01,0.12,0.0034
1990-06-02,0.03,0.0008
1990-06-03,0.0,0.0
1990-06-04,0.0,0.0
1990-06-05,0.0,0.0
1990-06-06,0.0,0.0
1990-06-07,0.0,0.0
1990-06-08,0.0,0.0
1990-06-09,0.0,0.0
1990-06-10,0.0,0.0
1990-06-11,0.0,0.0
1990-06-12,0.0,0.0
1990-06-13,0.0,0.0
1990-06-14,0.0,0.0
1990-06-15,0.0,0.0
1990-06-16,0.0,0.0
1990-06-17,0.0,0.0
1990-06-18,0.0,0.0
1990-06-19,0.0,0.0
1990-06-20,0.0,0.0
1990-06-21,0.0,0.0
1990-06-22,0.0,0.0
1990-06-23,0.0,0.0
1990-06-24,0.0,0.0
1990-06-25,0.0,0.0
1990-06-26,0.0,0.0
1990-06-27,0.0,0.0
1990-06-28,0.0,0.0
1990-06-29,0.0,0.0
1990-06-30,0.0,0.0
1990-07-01,0.0,0.0
1990-07-02,0.0,0.0
1990-07-03,0.0,0.0
1990-07-04,0.0,0.0
1990-07-05,0.0,0.0
1990-07-06,0.0,0.0
1990-07-07,0.0,0.0
1990-07-08,0.0,0.0
1990-07-09,0.0,0.0
1990-07-10,0.0,0.0
1990-07-11,0.0,0.0
1990-07-12,0.0,0.0
1990-07-13,0.0,0.0
1990-07-14,0.0,0.0
1990-07-15,0.0,0.0
1990-07-16,13.0,0.3681
1990-07-17,7.1,0.201
1990-07-18,2.5,0.0708
1990-07-19,1.4,0.0396
1990-07-20,0.92,0.0261
1990-07-21,1.2,0.034
1990-07-22,80.0,2.2653
1990-07-23,5.9,0.1671
1990-07-24,2.3,0.0651
1990-07-25,1.8,0.051
1990-07-26,1.8,0.051
1990-07-27,2.7,0.0765
1990-07-28,1.8,0.051
1990-07-29,3.3,0.0934
1990-07-30,59.0,1.6707
1990-07-31,3.8,0.1076
1990-08-01,4.8,0.1359
1990-08-02,5.3,0.1501
1990-08-03,2.6,0.0736
1990-08-04,2.8,0.0793
1990-08-05,5.3,0.1501
1990-08-06,176.0,4.9838
1990-08-07,31.0,0.8778
1990-08-08,11.0,0.3115
1990-08-09,4.4,0.1246
1990-08-10,2.4,0.068
1990-08-11,1.8,0.051
1990-08-12,1.5,0.0425
1990-08-13,1.4,0.0396
1990-08-14,1.5,0.0425
1990-08-15,1.4,0.0396
1990-08-16,1.2,0.034
1990-08-17,58.0,1.6424
1990-08-18,12.0,0.3398
1990-08-19,2.9,0.0821
1990-08-20,1.7,0.0481
1990-08-21,1.4,0.0396
1990-08-22,1.3,0.0368
1990-08-23,1.4,0.0396
1990-08-24,3.4,0.0963
1990-08-25,1.5,0.0425
1990-08-26,1.2,0.034
1990-08-27,1.1,0.0311
1990-08-28,1.0,0.0283
1990-08-29,0.96,0.0272
1990-08-30,0.92,0.0261
1990-08-31,0.9,0.0255
1990-09-01,0.84,0.0238
1990-09-02,0.82,0.0232
1990-09-03,0.84,0.0238
1990-09-04,3.2,0.0906
1990-09-05,1.4,0.0396
1990-09-06,1.3,0.0368
1990-09-07,1.1,0.0311
1990-09-08,1.1,0.0311
1990-09-09,1.1,0.0311
1990-09-10,1.0,0.0283
1990-09-11,0.89,0.0252
1990-09-12,0.81,0.0229
1990-09-13,0.81,0.0229
1990-09-14,37.0,1.0477
1990-09-15,8.0,0.2265
1990-09-16,6.2,0.1756
1990-09-17,208.0,5.8899
1990-09-18,9.3,0.2633
1990-09-19,7.8,0.2209
1990-09-20,27.0,0.7646
1990-09-21,38.0,1.076
1990-09-22,124.0,3.5113
1990-09-23,53.0,1.5008
1990-09-24,26.0,0.7362
1990-09-25,13.0,0.3681
1990-09-26,7.8,0.2209
1990-09-27,4.6,0.1303
1990-09-28,3.5,0.0991
1990-09-29,3.3,0.0934
1990-09-30,3.0,0.085
1990-10-01,5.0,0.1416
1990-10-02,297.0,8.4101
1990-10-03,171.0,4.8422
1990-10-04,17.0,0.4814
1990-10-05,9.6,0.2718
1990-10-06,6.4,0.1812
1990-10-07,4.9,0.1388
1990-10-08,3.9,0.1104
1990-10-09,3.2,0.0906
1990-10-10,2.7,0.0765
1990-10-11,2.7,0.0765
1990-10-12,2.6,0.0736
1990-10-13,2.4,0.068
1990-10-14,2.5,0.0708
1990-10-15,2.5,0.0708
1990-10-16,2.4,0.068
1990-10-17,2.3,0.0651
1990-10-18,2.3,0.0651
1990-10-19,2.3,0.0651
1990-10-20,2.3,0.0651
1990-10-21,2.1,0.0595
1990-10-22,2.1,0.0595
1990-10-23,2.2,0.0623
1990-10-24,2.2,0.0623
1990-10-25,2.2,0.0623
1990-10-26,2.1,0.0595
1990-10-27,2.1,0.0595
1990-10-28,2.1,0.0595
1990-10-29,2.1,0.0595
1990-10-30,2.3,0.0651
1990-10-31,2.5,0.0708
1990-11-01,2.5,0.0708
1990-11-02,2.5,0.0708
1990-11-03,3.0,0.085
1990-11-04,3.5,0.0991
1990-11-05,3.3,0.0934
1990-11-06,2.9,0.0821
1990-11-07,2.8,0.0793
1990-11-08,3.1,0.0878
1990-11-09,3.1,0.0878
1990-11-10,3.0,0.085
1990-11-11,2.9,0.0821
1990-11-12,2.9,0.0821
1990-11-13,2.9,0.0821
1990-11-14,2.9,0.0821
1990-11-15,2.9,0.0821
1990-11-16,2.9,0.0821
1990-11-17,2.9,0.0821
1990-11-18,2.9,0.0821
1990-11-19,3.0,0.085
1990-11-20,2.9,0.0821
1990-11-21,2.8,0.0793
1990-11-22,2.7,0.0765
1990-11-23,2.8,0.0793
1990-11-24,2.8,0.0793
1990-11-25,2.8,0.0793
1990-11-26,2.7,0.0765
1990-11-27,2.6,0.0736
1990-11-28,2.5,0.0708
1990-11-29,2.5,0.0708
1990-11-30,2.6,0.0736
1990-12-01,2.9,0.0821
1990-12-02,2.9,0.0821
1990-12-03,2.7,0.0765
1990-12-04,2.7,0.0765
1990-12-05,2.7,0.0765
1990-12-06,2.8,0.0793
1990-12-07,2.6,0.0736
1990-12-08,2.7,0.0765
1990-12-09,2.7,0.0765
1990-12-10,2.7,0.0765
1990-12-11,2.8,0.0793
1990-12-12,2.8,0.0793
1990-12-13,2.7,0.0765
1990-12-14,2.7,0.0765
1990-12-15,2.7,0.0765
1990-12-16,2.9,0.0821
1990-12-17,2.8,0.0793
1990-12-18,2.8,0.0793
1990-12-19,2.7,0.0765
1990-12-20,2.7,0.0765
1990-12-21,2.8,0.0793
1990-12-22,2.9,0.0821
1990-12-23,2.7,0.0765
1990-12-24,2.5,0.0708
1990-12-25,2.4,0.068
1990-12-26,2.4,0.068
1990-12-27,2.5,0.0708
1990-12-28,2.6,0.0736
1990-12-29,2.6,0.0736
1990-12-30,2.5,0.0708
1990-12-31,2.4,0.068
1991-01-01,2.5,0.0708
1991-01-02,2.6,0.0736
1991-01-03,2.6,0.0736
1991-01-04,2.7,0.0765
1991-01-05,2.7,0.0765
1991-01-06,2.7,0.0765
1991-01-07,2.7,0.0765
1991-01-08,2.7,0.0765
1991-01-09,2.8,0.0793
1991-01-10,2.8,0.0793
1991-01-11,2.6,0.0736
1991-01-12,2.6,0.0736
1991-01-13,2.6,0.0736
1991-01-14,2.7,0.0765
1991-01-15,2.7,0.0765
1991-01-16,2.7,0.0765
1991-01-17,2.8,0.0793
1991-01-18,3.2,0.0906
1991-01-19,3.2,0.0906
1991-01-20,3.0,0.085
1991-01-21,3.1,0.0878
1991-01-22,3.0,0.085
1991-01-23,3.0,0.085
1991-01-24,3.0,0.085
1991-01-25,2.9,0.0821
1991-01-26,2.9,0.0821
1991-01-27,2.9,0.0821
1991-01-28,2.9,0.0821
1991-01-29,2.9,0.0821
1991-01-30,2.9,0.0821
1991-01-31,2.9,0.0821
1991-02-01,2.9,0.0821
1991-02-02,2.9,0.0821
1991-02-03,3.0,0.085
1991-02-04,3.0,0.085
1991-02-05,2.7,0.0765
1991-02-06,2.7,0.0765
1991-02-07,2.7,0.0765
1991-02-08,2.6,0.0736
1991-02-09,2.6,0.0736
1991-02-10,2.7,0.0765
1991-02-11,2.7,0.0765
1991-02-12,2.8,0.0793
1991-02-13,2.9,0.0821
1991-02-14,2.6,0.0736
1991-02-15,2.5,0.0708
1991-02-16,2.5,0.0708
1991-02-17,2.5,0.0708
1991-02-18,2.5,0.0708
1991-02-19,2.5,0.0708
1991-02-20,2.5,0.0708
1991-02-21,2.6,0.0736
1991-02-22,2.5,0.0708
1991-02-23,2.6,0.0736
1991-02-24,2.5,0.0708
1991-02-25,2.3,0.0651
1991-02-26,2.4,0.068
1991-02-27,2.5,0.0708
1991-02-28,2.7,0.0765
1991-03-01,2.5,0.0708
1991-03-02,2.4,0.068
1991-03-03,2.2,0.0623
1991-03-04,2.3,0.0651
1991-03-05,2.2,0.0623
1991-03-06,2.1,0.0595
1991-03-07,2.1,0.0595
1991-03-08,2.1,0.0595
1991-03-09,2.0,0.0566
1991-03-10,2.1,0.0595
1991-03-11,2.1,0.0595
1991-03-12,2.1,0.0595
1991-03-13,2.1,0.0595
1991-03-14,2.1,0.0595
1991-03-15,2.1,0.0595
1991-03-16,2.2,0.0623
1991-03-17,1.9,0.0538
1991-03-18,2.0,0.0566
1991-03-19,2.0,0.0566
1991-03-20,2.1,0.0595
1991-03-21,2.2,0.0623
1991-03-22,2.1,0.0595
1991-03-23,2.1,0.0595
1991-03-24,2.2,0.0623
1991-03-25,2.3,0.0651
1991-03-26,2.4,0.068
1991-03-27,2.3,0.0651
1991-03-28,2.4,0.068
1991-03-29,2.1,0.0595
1991-03-30,2.0,0.0566
1991-03-31,2.2,0.0623
1991-04-01,2.4,0.068
1991-04-02,2.6,0.0736
1991-04-03,2.8,0.0793
1991-04-04,2.9,0.0821
1991-04-05,3.1,0.0878
1991-04-06,3.0,0.085
1991-04-07,3.1,0.0878
1991-04-08,3.0,0.085
1991-04-09,2.8,0.0793
1991-04-10,2.9,0.0821
1991-04-11,2.6,0.0736
1991-04-12,2.3,0.0651
1991-04-13,2.2,0.0623
1991-04-14,2.2,0.0623
1991-04-15,2.4,0.068
1991-04-16,2.4,0.068
1991-04-17,2.2,0.0623
1991-04-18,1.9,0.0538
1991-04-19,1.8,0.051
1991-04-20,1.8,0.051
1991-04-21,1.7,0.0481
1991-04-22,1.5,0.0425
1991-04-23,1.7,0.0481
1991-04-24,1.6,0.0453
1991-04-25,1.6,0.0453
1991-04-26,1.5,0.0425
1991-04-27,1.3,0.0368
1991-04-28,1.3,0.0368
1991-04-29,1.2,0.034
1991-04-30,1.3,0.0368
1991-05-01,1.3,0.0368
1991-05-02,1.2,0.034
1991-05-03,1.1,0.0311
1991-05-04,1.1,0.0311
1991-05-05,1.0,0.0283
1991-05-06,1.0,0.0283
1991-05-07,0.99,0.028
1991-05-08,0.96,0.0272
1991-05-09,0.91,0.0258
1991-05-10,0.83,0.0235
1991-05-11,0.81,0.0229
1991-05-12,0.78,0.0221
1991-05-13,0.68,0.0193
1991-05-14,0.58,0.0164
1991-05-15,0.53,0.015
1991-05-16,0.49,0.0139
1991-05-17,0.46,0.013
1991-05-18,0.45,0.0127
1991-05-19,0.44,0.0125
1991-05-20,0.43,0.0122
1991-05-21,0.44,0.0125
1991-05-22,8.3,0.235
1991-05-23,33.0,0.9345
1991-05-24,11.0,0.3115
1991-05-25,3.6,0.1019
1991-05-26,2.0,0.0566
1991-05-27,1.4,0.0396
1991-05-28,1.0,0.0283
1991-05-29,0.89,0.0252
1991-05-30,0.76,0.0215
1991-05-31,0.57,0.0161
1991-06-01,0.47,0.0133
1991-06-02,0.43,0.0122
1991-06-03,0.37,0.0105
1991-06-04,0.3,0.0085
1991-06-05,0.52,0.0147
1991-06-06,12.0,0.3398
1991-06-07,1.2,0.034
1991-06-08,1.2,0.034
1991-06-09,0.84,0.0238
1991-06-10,7.2,0.2039
1991-06-11,14.0,0.3964
1991-06-12,1.5,0.0425
1991-06-13,0.83,0.0235
1991-06-14,0.57,0.0161
1991-06-15,0.39,0.011
1991-06-16,0.32,0.0091
1991-06-17,0.25,0.0071
1991-06-18,0.19,0.0054
1991-06-19,0.07,0.002
1991-06-20,0.0,0.0
1991-06-21,1.5,0.0425
1991-06-22,1.6,0.0453
1991-06-23,0.42,0.0119
1991-06-24,0.07,0.002
1991-06-25,0.02,0.0006
1991-06-26,0.0,0.0
1991-06-27,0.0,0.0
1991-06-28,0.0,0.0
1991-06-29,0.0,0.0
1991-06-30,0.0,0.0
1991-07-01,0.0,0.0
1991-07-02,0.0,0.0
1991-07-03,35.0,0.9911
1991-07-04,31.0,0.8778
1991-07-05,17.0,0.4814
1991-07-06,14.0,0.3964
1991-07-07,12.0,0.3398
1991-07-08,11.0,0.3115
1991-07-09,10.0,0.2832
1991-07-10,10.0,0.2832
1991-07-11,10.0,0.2832
1991-07-12,11.0,0.3115
1991-07-13,94.0,2.6618
1991-07-14,52.0,1.4725
1991-07-15,40.0,1.1327
1991-07-16,20.0,0.5663
1991-07-17,14.0,0.3964
1991-07-18,9.6,0.2718
1991-07-19,8.3,0.235
1991-07-20,7.6,0.2152
1991-07-21,7.2,0.2039
1991-07-22,7.1,0.201
1991-07-23,8.1,0.2294
1991-07-24,7.2,0.2039
1991-07-25,58.0,1.6424
1991-07-26,92.0,2.6051
1991-07-27,20.0,0.5663
1991-07-28,16.0,0.4531
1991-07-29,10.0,0.2832
1991-07-30,4.4,0.1246
1991-07-31,3.1,0.0878
1991-08-01,1.9,0.0538
1991-08-02,0.96,0.0272
1991-08-03,1.8,0.051
1991-08-04,6.9,0.1954
1991-08-05,6.3,0.1784
1991-08-06,4.8,0.1359
1991-08-07,4.6,0.1303
1991-08-08,4.6,0.1303
1991-08-09,8.5,0.2407
1991-08-10,6.7,0.1897
1991-08-11,8.6,0.2435
1991-08-12,21.0,0.5947
1991-08-13,18.0,0.5097
1991-08-14,8.5,0.2407
1991-08-15,26.0,0.7362
1991-08-16,10.0,0.2832
1991-08-17,7.1,0.201
1991-08-18,6.6,0.1869
1991-08-19,6.7,0.1897
1991-08-20,6.7,0.1897
1991-08-21,6.2,0.1756
1991-08-22,5.2,0.1472
1991-08-23,4.5,0.1274
1991-08-24,3.5,0.0991
1991-08-25,3.0,0.085
1991-08-26,2.0,0.0566
1991-08-27,1.7,0.0481
1991-08-28,1.5,0.0425
1991-08-29,1.2,0.034
1991-08-30,0.85,0.0241
1991-08-31,0.96,0.0272
1991-09-01,1.1,0.0311
1991-09-02,1.3,0.0368
1991-09-03,1.1,0.0311
1991-09-04,7.5,0.2124
1991-09-05,20.0,0.5663
1991-09-06,7.0,0.1982
1991-09-07,4.8,0.1359
1991-09-08,5.0,0.1416
1991-09-09,6.4,0.1812
1991-09-10,12.0,0.3398
1991-09-11,63.0,1.784
1991-09-12,8.6,0.2435
1991-09-13,6.4,0.1812
1991-09-14,6.3,0.1784
1991-09-15,5.5,0.1557
1991-09-16,5.0,0.1416
1991-09-17,3.8,0.1076
1991-09-18,6.9,0.1954
1991-09-19,12.0,0.3398
1991-09-20,12.0,0.3398
1991-09-21,7.1,0.201
1991-09-22,5.1,0.1444
1991-09-23,4.4,0.1246
1991-09-24,3.9,0.1104
1991-09-25,3.7,0.1048
1991-09-26,3.3,0.0934
1991-09-27,2.8,0.0793
1991-09-28,3.0,0.085
1991-09-29,2.8,0.0793
1991-09-30,2.7,0.0765
1991-10-01,2.7,0.0765
1991-10-02,2.8,0.0793
1991-10-03,2.7,0.0765
1991-10-04,2.6,0.0736
1991-10-05,2.5,0.0708
1991-10-06,2.5,0.0708
1991-10-07,2.5,0.0708
1991-10-08,2.5,0.0708
1991-10-09,2.5,0.0708
1991-10-10,2.5,0.0708
1991-10-11,2.5,0.0708
1991-10-12,2.5,0.0708
1991-10-13,2.5,0.0708
1991-10-14,2.4,0.068
1991-10-15,2.4,0.068
1991-10-16,2.3,0.0651
1991-10-17,2.3,0.0651
1991-10-18,2.2,0.0623
1991-10-19,2.1,0.0595
1991-10-20,2.2,0.0623
1991-10-21,2.2,0.0623
1991-10-22,2.3,0.0651
1991-10-23,2.3,0.0651
1991-10-24,2.2,0.0623
1991-10-25,2.2,0.0623
1991-10-26,2.2,0.0623
1991-10-27,2.2,0.0623
1991-10-28,2.2,0.0623
1991-10-29,2.2,0.0623
1991-10-30,2.2,0.0623
1991-10-31,2.3,0.0651
1991-11-01,2.4,0.068
1991-11-02,2.5,0.0708
1991-11-03,2.5,0.0708
1991-11-04,2.6,0.0736
1991-11-05,2.7,0.0765
1991-11-06,2.7,0.0765
1991-11-07,2.7,0.0765
1991-11-08,2.7,0.0765
1991-11-09,2.7,0.0765
1991-11-10,2.7,0.0765
1991-11-11,2.7,0.0765
1991-11-12,2.8,0.0793
1991-11-13,2.6,0.0736
1991-11-14,2.7,0.0765
1991-11-15,2.8,0.0793
1991-11-16,2.9,0.0821
1991-11-17,2.8,0.0793
1991-11-18,2.8,0.0793
1991-11-19,2.8,0.0793
1991-11-20,2.8,0.0793
1991-11-21,2.8,0.0793
1991-11-22,2.8,0.0793
1991-11-23,2.8,0.0793
1991-11-24,2.8,0.0793
1991-11-25,2.8,0.0793
1991-11-26,2.9,0.0821
1991-11-27,2.9,0.0821
1991-11-28,2.9,0.0821
1991-11-29,2.9,0.0821
1991-11-30,2.9,0.0821
1991-12-01,2.9,0.0821
1991-12-02,2.9,0.0821
1991-12-03,3.0,0.085
1991-12-04,3.1,0.0878
1991-12-05,3.1,0.0878
1991-12-06,3.1,0.0878
1991-12-07,3.1,0.0878
1991-12-08,3.2,0.0906
1991-12-09,3.2,0.0906
1991-12-10,3.2,0.0906
1991-12-11,3.3,0.0934
1991-12-12,3.7,0.1048
1991-12-13,3.6,0.1019
1991-12-14,3.7,0.1048
1991-12-15,3.5,0.0991
1991-12-16,3.4,0.0963
1991-12-17,3.4,0.0963
1991-12-18,3.7,0.1048
1991-12-19,3.9,0.1104
1991-12-20,3.9,0.1104
1991-12-21,6.1,0.1727
1991-12-22,5.5,0.1557
1991-12-23,4.7,0.1331
1991-12-24,3.9,0.1104
1991-12-25,4.0,0.1133
1991-12-26,4.1,0.1161
1991-12-27,3.9,0.1104
1991-12-28,3.7,0.1048
1991-12-29,3.7,0.1048
1991-12-30,3.7,0.1048
1991-12-31,3.7,0.1048
1992-01-01,3.7,0.1048
1992-01-02,3.5,0.0991
1992-01-03,3.5,0.0991
1992-01-04,3.6,0.1019
1992-01-05,3.7,0.1048
1992-01-06,3.7,0.1048
1992-01-07,3.7,0.1048
1992-01-08,3.7,0.1048
1992-01-09,3.6,0.1019
1992-01-10,3.6,0.1019
1992-01-11,3.8,0.1076
1992-01-12,3.9,0.1104
1992-01-13,3.9,0.1104
1992-01-14,3.9,0.1104
1992-01-15,3.7,0.1048
1992-01-16,3.7,0.1048
1992-01-17,3.7,0.1048
1992-01-18,3.9,0.1104
1992-01-19,3.9,0.1104
1992-01-20,3.9,0.1104
1992-01-21,3.9,0.1104
1992-01-22,3.9,0.1104
1992-01-23,3.9,0.1104
1992-01-24,3.7,0.1048
1992-01-25,3.7,0.1048
1992-01-26,4.0,0.1133
1992-01-27,4.0,0.1133
1992-01-28,4.0,0.1133
1992-01-29,4.0,0.1133
1992-01-30,3.9,0.1104
1992-01-31,3.8,0.1076
1992-02-01,3.8,0.1076
1992-02-02,3.7,0.1048
1992-02-03,3.7,0.1048
1992-02-04,3.9,0.1104
1992-02-05,3.9,0.1104
1992-02-06,3.9,0.1104
1992-02-07,3.7,0.1048
1992-02-08,3.6,0.1019
1992-02-09,3.5,0.0991
1992-02-10,3.5,0.0991
1992-02-11,3.5,0.0991
1992-02-12,3.5,0.0991
1992-02-13,3.5,0.0991
1992-02-14,3.4,0.0963
1992-02-15,3.4,0.0963
1992-02-16,3.4,0.0963
1992-02-17,3.4,0.0963
1992-02-18,3.5,0.0991
1992-02-19,3.4,0.0963
1992-02-20,3.5,0.0991
1992-02-21,3.6,0.1019
1992-02-22,3.8,0.1076
1992-02-23,3.9,0.1104
1992-02-24,3.9,0.1104
1992-02-25,4.0,0.1133
1992-02-26,3.9,0.1104
1992-02-27,3.9,0.1104
1992-02-28,3.9,0.1104
1992-02-29,4.0,0.1133
1992-03-01,4.0,0.1133
1992-03-02,4.1,0.1161
1992-03-03,4.2,0.1189
1992-03-04,4.1,0.1161
1992-03-05,4.0,0.1133
1992-03-06,4.2,0.1189
1992-03-07,4.2,0.1189
1992-03-08,4.2,0.1189
1992-03-09,4.3,0.1218
1992-03-10,4.3,0.1218
1992-03-11,4.4,0.1246
1992-03-12,4.4,0.1246
1992-03-13,4.4,0.1246
1992-03-14,4.4,0.1246
1992-03-15,4.4,0.1246
1992-03-16,4.4,0.1246
1992-03-17,4.4,0.1246
1992-03-18,4.4,0.1246
1992-03-19,4.4,0.1246
1992-03-20,4.4,0.1246
1992-03-21,4.8,0.1359
1992-03-22,4.9,0.1388
1992-03-23,4.7,0.1331
1992-03-24,4.6,0.1303
1992-03-25,4.3,0.1218
1992-03-26,4.2,0.1189
1992-03-27,4.2,0.1189
1992-03-28,4.2,0.1189
1992-03-29,4.2,0.1189
1992-03-30,4.1,0.1161
1992-03-31,4.0,0.1133
1992-04-01,4.0,0.1133
1992-04-02,4.0,0.1133
1992-04-03,4.0,0.1133
1992-04-04,4.0,0.1133
1992-04-05,4.4,0.1246
1992-04-06,5.0,0.1416
1992-04-07,4.2,0.1189
1992-04-08,3.8,0.1076
1992-04-09,3.7,0.1048
1992-04-10,3.7,0.1048
1992-04-11,3.5,0.0991
1992-04-12,3.4,0.0963
1992-04-13,3.4,0.0963
1992-04-14,3.3,0.0934
1992-04-15,3.5,0.0991
1992-04-16,3.4,0.0963
1992-04-17,3.4,0.0963
1992-04-18,3.2,0.0906
1992-04-19,3.1,0.0878
1992-04-20,3.1,0.0878
1992-04-21,3.1,0.0878
1992-04-22,3.1,0.0878
1992-04-23,2.9,0.0821
1992-04-24,2.7,0.0765
1992-04-25,2.5,0.0708
1992-04-26,2.5,0.0708
1992-04-27,2.5,0.0708
1992-04-28,2.5,0.0708
1992-04-29,2.5,0.0708
1992-04-30,2.4,0.068
1992-05-01,2.2,0.0623
1992-05-02,2.2,0.0623
1992-05-03,2.1,0.0595
1992-05-04,2.0,0.0566
1992-05-05,2.0,0.0566
1992-05-06,2.0,0.0566
1992-05-07,2.0,0.0566
1992-05-08,2.2,0.0623
1992-05-09,4.3,0.1218
1992-05-10,2.5,0.0708
1992-05-11,2.1,0.0595
1992-05-12,1.9,0.0538
1992-05-13,1.8,0.051
1992-05-14,1.8,0.051
1992-05-15,1.7,0.0481
1992-05-16,1.7,0.0481
1992-05-17,4.3,0.1218
1992-05-18,2.6,0.0736
1992-05-19,2.2,0.0623
1992-05-20,2.1,0.0595
1992-05-21,3.3,0.0934
1992-05-22,10.0,0.2832
1992-05-23,34.0,0.9628
1992-05-24,96.0,2.7184
1992-05-25,86.0,2.4352
1992-05-26,24.0,0.6796
1992-05-27,8.0,0.2265
1992-05-28,22.0,0.623
1992-05-29,11.0,0.3115
1992-05-30,7.2,0.2039
1992-05-31,6.8,0.1926
1992-06-01,12.0,0.3398
1992-06-02,9.4,0.2662
1992-06-03,6.5,0.1841
1992-06-04,5.6,0.1586
1992-06-05,5.1,0.1444
1992-06-06,4.6,0.1303
1992-06-07,4.4,0.1246
1992-06-08,9.3,0.2633
1992-06-09,154.0,4.3608
1992-06-10,11.0,0.3115
1992-06-11,4.6,0.1303
1992-06-12,2.9,0.0821
1992-06-13,2.7,0.0765
1992-06-14,2.5,0.0708
1992-06-15,2.2,0.0623
1992-06-16,1.9,0.0538
1992-06-17,1.7,0.0481
1992-06-18,1.6,0.0453
1992-06-19,1.5,0.0425
1992-06-20,1.4,0.0396
1992-06-21,1.4,0.0396
1992-06-22,1.5,0.0425
1992-06-23,1.6,0.0453
1992-06-24,1.5,0.0425
1992-06-25,1.3,0.0368
1992-06-26,1.3,0.0368
1992-06-27,143.0,4.0493
1992-06-28,10.0,0.2832
1992-06-29,3.5,0.0991
1992-06-30,3.0,0.085
1992-07-01,3.3,0.0934
1992-07-02,3.1,0.0878
1992-07-03,2.7,0.0765
1992-07-04,2.5,0.0708
1992-07-05,2.4,0.068
1992-07-06,2.5,0.0708
1992-07-07,2.5,0.0708
1992-07-08,2.3,0.0651
1992-07-09,2.2,0.0623
1992-07-10,2.2,0.0623
1992-07-11,2.2,0.0623
1992-07-12,2.1,0.0595
1992-07-13,2.0,0.0566
1992-07-14,1.9,0.0538
1992-07-15,1.9,0.0538
1992-07-16,1.7,0.0481
1992-07-17,1.5,0.0425
1992-07-18,1.7,0.0481
1992-07-19,1.7,0.0481
1992-07-20,1.7,0.0481
1992-07-21,1.7,0.0481
1992-07-22,1.7,0.0481
1992-07-23,1.7,0.0481
1992-07-24,1.7,0.0481
1992-07-25,1.6,0.0453
1992-07-26,2.5,0.0708
1992-07-27,2.9,0.0821
1992-07-28,1.8,0.051
1992-07-29,1.8,0.051
1992-07-30,1.7,0.0481
1992-07-31,1.5,0.0425
1992-08-01,1.4,0.0396
1992-08-02,1.3,0.0368
1992-08-03,1.3,0.0368
1992-08-04,1.3,0.0368
1992-08-05,1.1,0.0311
1992-08-06,1.1,0.0311
1992-08-07,0.98,0.0278
1992-08-08,0.97,0.0275
1992-08-09,0.97,0.0275
1992-08-10,0.96,0.0272
1992-08-11,0.96,0.0272
1992-08-12,0.94,0.0266
1992-08-13,134.0,3.7945
1992-08-14,16.0,0.4531
1992-08-15,6.3,0.1784
1992-08-16,4.7,0.1331
1992-08-17,4.7,0.1331
1992-08-18,4.4,0.1246
1992-08-19,3.6,0.1019
1992-08-20,3.1,0.0878
1992-08-21,2.9,0.0821
1992-08-22,2.8,0.0793
1992-08-23,2.7,0.0765
1992-08-24,2.6,0.0736
1992-08-25,2.8,0.0793
1992-08-26,2.8,0.0793
1992-08-27,3.8,0.1076
1992-08-28,3.0,0.085
1992-08-29,2.6,0.0736
1992-08-30,2.4,0.068
1992-08-31,2.4,0.068
1992-09-01,3.8,0.1076
1992-09-02,2.5,0.0708
1992-09-03,2.3,0.0651
1992-09-04,2.2,0.0623
1992-09-05,2.0,0.0566
1992-09-06,1.9,0.0538
1992-09-07,1.9,0.0538
1992-09-08,1.8,0.051
1992-09-09,1.8,0.051
1992-09-10,1.8,0.051
1992-09-11,2.2,0.0623
1992-09-12,1.9,0.0538
1992-09-13,1.9,0.0538
1992-09-14,1.9,0.0538
1992-09-15,2.0,0.0566
1992-09-16,2.3,0.0651
1992-09-17,2.5,0.0708
1992-09-18,2.2,0.0623
1992-09-19,2.1,0.0595
1992-09-20,2.2,0.0623
1992-09-21,2.0,0.0566
1992-09-22,1.9,0.0538
1992-09-23,1.8,0.051
1992-09-24,1.8,0.051
1992-09-25,1.8,0.051
1992-09-26,1.7,0.0481
1992-09-27,1.6,0.0453
1992-09-28,1.6,0.0453
1992-09-29,1.6,0.0453
1992-09-30,1.6,0.0453
1992-10-01,1.7,0.0481
1992-10-02,1.7,0.0481
1992-10-03,1.7,0.0481
1992-10-04,1.7,0.0481
1992-10-05,1.7,0.0481
1992-10-06,1.7,0.0481
1992-10-07,1.7,0.0481
1992-10-08,1.7,0.0481
1992-10-09,1.8,0.051
1992-10-10,1.9,0.0538
1992-10-11,1.9,0.0538
1992-10-12,2.0,0.0566
1992-10-13,2.0,0.0566
1992-10-14,2.0,0.0566
1992-10-15,1.8,0.051
1992-10-16,1.7,0.0481
1992-10-17,1.8,0.051
1992-10-18,2.0,0.0566
1992-10-19,2.1,0.0595
1992-10-20,2.2,0.0623
1992-10-21,2.2,0.0623
1992-10-22,2.2,0.0623
1992-10-23,2.2,0.0623
1992-10-24,2.3,0.0651
1992-10-25,2.3,0.0651
1992-10-26,2.4,0.068
1992-10-27,2.3,0.0651
1992-10-28,2.4,0.068
1992-10-29,2.5,0.0708
1992-10-30,2.7,0.0765
1992-10-31,2.6,0.0736
1992-11-01,2.5,0.0708
1992-11-02,2.4,0.068
1992-11-03,2.4,0.068
1992-11-04,2.5,0.0708
1992-11-05,2.7,0.0765
1992-11-06,3.1,0.0878
1992-11-07,3.0,0.085
1992-11-08,3.1,0.0878
1992-11-09,3.2,0.0906
1992-11-10,3.1,0.0878
1992-11-11,3.1,0.0878
1992-11-12,3.0,0.085
1992-11-13,2.9,0.0821
1992-11-14,3.0,0.085
1992-11-15,3.1,0.0878
1992-11-16,3.3,0.0934
1992-11-17,3.5,0.0991
1992-11-18,3.5,0.0991
1992-11-19,3.4,0.0963
1992-11-20,3.4,0.0963
1992-11-21,3.5,0.0991
1992-11-22,3.4,0.0963
1992-11-23,3.4,0.0963
1992-11-24,3.3,0.0934
1992-11-25,3.2,0.0906
1992-11-26,3.3,0.0934
1992-11-27,3.4,0.0963
1992-11-28,3.6,0.1019
1992-11-29,3.7,0.1048
1992-11-30,3.8,0.1076
1992-12-01,3.8,0.1076
1992-12-02,3.8,0.1076
1992-12-03,3.7,0.1048
1992-12-04,3.7,0.1048
1992-12-05,3.8,0.1076
1992-12-06,3.7,0.1048
1992-12-07,3.7,0.1048
1992-12-08,3.9,0.1104
1992-12-09,3.8,0.1076
1992-12-10,3.7,0.1048
1992-12-11,3.7,0.1048
1992-12-12,3.8,0.1076
1992-12-13,3.8,0.1076
1992-12-14,3.7,0.1048
1992-12-15,3.7,0.1048
1992-12-16,3.7,0.1048
1992-12-17,3.7,0.1048
1992-12-18,3.8,0.1076
1992-12-19,3.9,0.1104
1992-12-20,3.9,0.1104
1992-12-21,3.9,0.1104
1992-12-22,3.9,0.1104
1992-12-23,3.9,0.1104
1992-12-24,3.6,0.1019
1992-12-25,3.6,0.1019
1992-12-26,3.6,0.1019
1992-12-27,3.6,0.1019
1992-12-28,3.7,0.1048
1992-12-29,3.7,0.1048
1992-12-30,3.7,0.1048
1992-12-31,3.6,0.1019
1993-01-01,3.8,0.1076
1993-01-02,3.7,0.1048
1993-01-03,3.8,0.1076
1993-01-04,3.8,0.1076
1993-01-05,3.7,0.1048
1993-01-06,3.5,0.0991
1993-01-07,3.6,0.1019
1993-01-08,3.5,0.0991
1993-01-09,3.5,0.0991
1993-01-10,3.1,0.0878
1993-01-11,3.0,0.085
1993-01-12,3.1,0.0878
1993-01-13,3.3,0.0934
1993-01-14,3.7,0.1048
1993-01-15,3.8,0.1076
1993-01-16,3.8,0.1076
1993-01-17,3.7,0.1048
1993-01-18,3.6,0.1019
1993-01-19,3.9,0.1104
1993-01-20,3.9,0.1104
1993-01-21,3.7,0.1048
1993-01-22,3.4,0.0963
1993-01-23,3.3,0.0934
1993-01-24,3.2,0.0906
1993-01-25,3.2,0.0906
1993-01-26,3.3,0.0934
1993-01-27,3.4,0.0963
1993-01-28,3.5,0.0991
1993-01-29,3.8,0.1076
1993-01-30,3.7,0.1048
1993-01-31,3.7,0.1048
1993-02-01,3.6,0.1019
1993-02-02,3.5,0.0991
1993-02-03,2.6,0.0736
1993-02-04,2.6,0.0736
1993-02-05,0.67,0.019
1993-02-06,0.65,0.0184
1993-02-07,3.2,0.0906
1993-02-08,3.4,0.0963
1993-02-09,3.5,0.0991
1993-02-10,3.5,0.0991
1993-02-11,3.3,0.0934
1993-02-12,3.1,0.0878
1993-02-13,3.2,0.0906
1993-02-14,3.2,0.0906
1993-02-15,3.4,0.0963
1993-02-16,2.9,0.0821
1993-02-17,0.54,0.0153
1993-02-18,0.34,0.0096
1993-02-19,0.3,0.0085
1993-02-20,0.39,0.011
1993-02-21,0.41,0.0116
1993-02-22,0.36,0.0102
1993-02-23,0.34,0.0096
1993-02-24,0.34,0.0096
1993-02-25,0.36,0.0102
1993-02-26,0.41,0.0116
1993-02-27,0.36,0.0102
1993-02-28,0.28,0.0079
1993-03-01,0.28,0.0079
1993-03-02,0.24,0.0068
1993-03-03,0.26,0.0074
1993-03-04,0.31,0.0088
1993-03-05,0.27,0.0076
1993-03-06,0.21,0.0059
1993-03-07,0.21,0.0059
1993-03-08,0.23,0.0065
1993-03-09,0.24,0.0068
1993-03-10,0.24,0.0068
1993-03-11,0.24,0.0068
1993-03-12,0.24,0.0068
1993-03-13,0.24,0.0068
1993-03-14,0.24,0.0068
1993-03-15,0.27,0.0076
1993-03-16,0.39,0.011
1993-03-17,0.78,0.0221
1993-03-18,2.7,0.0765
1993-03-19,2.5,0.0708
1993-03-20,0.4,0.0113
1993-03-21,0.24,0.0068
1993-03-22,0.19,0.0054
1993-03-23,0.18,0.0051
1993-03-24,0.19,0.0054
1993-03-25,0.27,0.0076
1993-03-26,0.32,0.0091
1993-03-27,0.27,0.0076
1993-03-28,0.24,0.0068
1993-03-29,0.25,0.0071
1993-03-30,0.22,0.0062
1993-03-31,0.22,0.0062
1993-04-01,0.24,0.0068
1993-04-02,0.22,0.0062
1993-04-03,0.2,0.0057
1993-04-04,0.2,0.0057
1993-04-05,0.21,0.0059
1993-04-06,0.2,0.0057
1993-04-07,0.21,0.0059
1993-04-08,0.24,0.0068
1993-04-09,0.25,0.0071
1993-04-10,0.24,0.0068
1993-04-11,0.24,0.0068
1993-04-12,0.23,0.0065
1993-04-13,0.24,0.0068
1993-04-14,0.44,0.0125
1993-04-15,0.46,0.013
1993-04-16,0.34,0.0096
1993-04-17,0.32,0.0091
1993-04-18,0.3,0.0085
1993-04-19,0.25,0.0071
1993-04-20,0.26,0.0074
1993-04-21,0.3,0.0085
1993-04-22,0.28,0.0079
1993-04-23,0.24,0.0068
1993-04-24,0.23,0.0065
1993-04-25,0.19,0.0054
1993-04-26,0.21,0.0059
1993-04-27,0.24,0.0068
1993-04-28,0.26,0.0074
1993-04-29,0.27,0.0076
1993-04-30,0.52,0.0147
1993-05-01,0.34,0.0096
1993-05-02,0.18,0.0051
1993-05-03,0.21,0.0059
1993-05-04,0.22,0.0062
1993-05-05,0.11,0.0031
1993-05-06,0.08,0.0023
1993-05-07,0.06,0.0017
1993-05-08,0.13,0.0037
1993-05-09,0.07,0.002
1993-05-10,0.09,0.0025
1993-05-11,0.13,0.0037
1993-05-12,0.15,0.0042
1993-05-13,0.25,0.0071
1993-05-14,0.87,0.0246
1993-05-15,0.41,0.0116
1993-05-16,0.17,0.0048
1993-05-17,0.14,0.004
1993-05-18,0.13,0.0037
1993-05-19,0.1,0.0028
1993-05-20,0.14,0.004
1993-05-21,0.11,0.0031
1993-05-22,0.32,0.0091
1993-05-23,0.32,0.0091
1993-05-24,0.14,0.004
1993-05-25,0.11,0.0031
1993-05-26,0.14,0.004
1993-05-27,0.2,0.0057
1993-05-28,0.14,0.004
1993-05-29,0.12,0.0034
1993-05-30,0.2,0.0057
1993-05-31,0.12,0.0034
1993-06-01,0.06,0.0017
1993-06-02,0.01,0.0003
1993-06-03,0.0,0.0
1993-06-04,0.0,0.0
1993-06-05,0.04,0.0011
1993-06-06,0.45,0.0127
1993-06-07,0.45,0.0127
1993-06-08,0.38,0.0108
1993-06-09,0.31,0.0088
1993-06-10,0.28,0.0079
1993-06-11,5.6,0.1586
1993-06-12,0.31,0.0088
1993-06-13,0.0,0.0
1993-06-14,0.0,0.0
1993-06-15,0.0,0.0
1993-06-16,0.0,0.0
1993-06-17,0.0,0.0
1993-06-18,0.0,0.0
1993-06-19,0.0,0.0
1993-06-20,0.0,0.0
1993-06-21,0.0,0.0
1993-06-22,0.0,0.0
1993-06-23,0.0,0.0
1993-06-24,0.0,0.0
1993-06-25,0.0,0.0
1993-06-26,0.0,0.0
1993-06-27,0.0,0.0
1993-06-28,0.0,0.0
1993-06-29,0.0,0.0
1993-06-30,0.0,0.0
1993-07-01,10.0,0.2832
1993-07-02,2.7,0.0765
1993-07-03,0.28,0.0079
1993-07-04,0.01,0.0003
1993-07-05,0.0,0.0
1993-07-06,0.0,0.0
1993-07-07,0.0,0.0
1993-07-08,0.0,0.0
1993-07-09,0.55,0.0156
1993-07-10,1.6,0.0453
1993-07-11,0.15,0.0042
1993-07-12,0.47,0.0133
1993-07-13,0.65,0.0184
1993-07-14,0.0,0.0
1993-07-15,0.0,0.0
1993-07-16,0.0,0.0
1993-07-17,0.0,0.0
1993-07-18,0.0,0.0
1993-07-19,0.0,0.0
1993-07-20,0.0,0.0
1993-07-21,0.45,0.0127
1993-07-22,0.0,0.0
1993-07-23,0.06,0.0017
1993-07-24,0.0,0.0
1993-07-25,0.0,0.0
1993-07-26,0.35,0.0099
1993-07-27,0.0,0.0
1993-07-28,0.0,0.0
1993-07-29,0.04,0.0011
1993-07-30,0.0,0.0
1993-07-31,0.0,0.0
1993-08-01,0.0,0.0
1993-08-02,0.0,0.0
1993-08-03,0.0,0.0
1993-08-04,0.0,0.0
1993-08-05,0.0,0.0
1993-08-06,0.0,0.0
1993-08-07,0.0,0.0
1993-08-08,0.0,0.0
1993-08-09,1.1,0.0311
1993-08-10,1.4,0.0396
1993-08-11,0.21,0.0059
1993-08-12,0.01,0.0003
1993-08-13,0.0,0.0
1993-08-14,0.0,0.0
1993-08-15,0.0,0.0
1993-08-16,0.0,0.0
1993-08-17,0.0,0.0
1993-08-18,0.0,0.0
1993-08-19,0.0,0.0
1993-08-20,0.0,0.0
1993-08-21,0.0,0.0
1993-08-22,0.0,0.0
1993-08-23,0.0,0.0
1993-08-24,0.0,0.0
1993-08-25,0.0,0.0
1993-08-26,0.0,0.0
1993-08-27,0.0,0.0
1993-08-28,0.0,0.0
1993-08-29,0.0,0.0
1993-08-30,0.0,0.0
1993-08-31,114.0,3.2281
1993-09-01,13.0,0.3681
1993-09-02,7.4,0.2095
1993-09-03,3.4,0.0963
1993-09-04,1.7,0.0481
1993-09-05,1.4,0.0396
1993-09-06,1.2,0.034
1993-09-07,1.1,0.0311
1993-09-08,1.0,0.0283
1993-09-09,1.0,0.0283
1993-09-10,0.94,0.0266
1993-09-11,0.96,0.0272
1993-09-12,0.98,0.0278
1993-09-13,0.93,0.0263
1993-09-14,1.1,0.0311
1993-09-15,1.1,0.0311
1993-09-16,0.96,0.0272
1993-09-17,0.88,0.0249
1993-09-18,0.79,0.0224
1993-09-19,0.62,0.0176
1993-09-20,0.5,0.0142
1993-09-21,0.43,0.0122
1993-09-22,0.43,0.0122
1993-09-23,0.43,0.0122
1993-09-24,0.4,0.0113
1993-09-25,0.51,0.0144
1993-09-26,0.47,0.0133
1993-09-27,0.41,0.0116
1993-09-28,0.32,0.0091
1993-09-29,0.23,0.0065
1993-09-30,0.18,0.0051
1993-10-01,0.17,0.0048
1993-10-02,0.16,0.0045
1993-10-03,0.15,0.0042
1993-10-04,0.19,0.0054
1993-10-05,0.19,0.0054
1993-10-06,0.21,0.0059
1993-10-07,0.19,0.0054
1993-10-08,0.17,0.0048
1993-10-09,0.2,0.0057
1993-10-10,0.28,0.0079
1993-10-11,0.25,0.0071
1993-10-12,0.28,0.0079
1993-10-13,0.33,0.0093
1993-10-14,0.4,0.0113
1993-10-15,0.36,0.0102
1993-10-16,0.4,0.0113
1993-10-17,0.38,0.0108
1993-10-18,0.33,0.0093
1993-10-19,0.5,0.0142
1993-10-20,0.86,0.0244
1993-10-21,0.94,0.0266
1993-10-22,0.76,0.0215
1993-10-23,0.73,0.0207
1993-10-24,0.79,0.0224
1993-10-25,0.85,0.0241
1993-10-26,0.82,0.0232
1993-10-27,1.1,0.0311
1993-10-28,1.3,0.0368
1993-10-29,1.4,0.0396
1993-10-30,1.3,0.0368
1993-10-31,1.6,0.0453
1993-11-01,1.7,0.0481
1993-11-02,1.6,0.0453
1993-11-03,1.6,0.0453
1993-11-04,1.5,0.0425
1993-11-05,1.6,0.0453
1993-11-06,1.6,0.0453
1993-11-07,1.7,0.0481
1993-11-08,1.8,0.051
1993-11-09,1.8,0.051
1993-11-10,1.9,0.0538
1993-11-11,1.9,0.0538
1993-11-12,1.9,0.0538
1993-11-13,1.9,0.0538
1993-11-14,1.9,0.0538
1993-11-15,1.9,0.0538
1993-11-16,2.1,0.0595
1993-11-17,2.1,0.0595
1993-11-18,2.2,0.0623
1993-11-19,2.1,0.0595
1993-11-20,2.1,0.0595
1993-11-21,2.1,0.0595
1993-11-22,2.1,0.0595
1993-11-23,2.1,0.0595
1993-11-24,2.2,0.0623
1993-11-25,2.1,0.0595
1993-11-26,2.1,0.0595
1993-11-27,2.1,0.0595
1993-11-28,2.2,0.0623
1993-11-29,2.2,0.0623
1993-11-30,2.3,0.0651
1993-12-01,2.3,0.0651
1993-12-02,2.4,0.068
1993-12-03,2.4,0.068
1993-12-04,2.3,0.0651
1993-12-05,2.3,0.0651
1993-12-06,2.3,0.0651
1993-12-07,2.3,0.0651
1993-12-08,2.3,0.0651
1993-12-09,2.5,0.0708
1993-12-10,2.5,0.0708
1993-12-11,2.5,0.0708
1993-12-12,2.4,0.068
1993-12-13,2.2,0.0623
1993-12-14,2.1,0.0595
1993-12-15,2.1,0.0595
1993-12-16,2.2,0.0623
1993-12-17,2.2,0.0623
1993-12-18,2.3,0.0651
1993-12-19,2.3,0.0651
1993-12-20,2.3,0.0651
1993-12-21,2.4,0.068
1993-12-22,2.3,0.0651
1993-12-23,2.3,0.0651
1993-12-24,2.2,0.0623
1993-12-25,2.2,0.0623
1993-12-26,2.3,0.0651
1993-12-27,2.3,0.0651
1993-12-28,2.4,0.068
1993-12-29,2.5,0.0708
1993-12-30,2.4,0.068
1993-12-31,2.4,0.068
1994-01-01,2.4,0.068
1994-01-02,2.3,0.0651
1994-01-03,2.3,0.0651
1994-01-04,2.2,0.0623
1994-01-05,2.1,0.0595
1994-01-06,2.2,0.0623
1994-01-07,2.1,0.0595
1994-01-08,2.1,0.0595
1994-01-09,2.0,0.0566
1994-01-10,2.0,0.0566
1994-01-11,1.8,0.051
1994-01-12,2.0,0.0566
1994-01-13,2.5,0.0708
1994-01-14,2.5,0.0708
1994-01-15,2.4,0.068
1994-01-16,2.4,0.068
1994-01-17,2.3,0.0651
1994-01-18,2.2,0.0623
1994-01-19,2.1,0.0595
1994-01-20,2.0,0.0566
1994-01-21,2.2,0.0623
1994-01-22,2.5,0.0708
1994-01-23,2.4,0.068
1994-01-24,2.5,0.0708
1994-01-25,2.5,0.0708
1994-01-26,2.3,0.0651
1994-01-27,2.3,0.0651
1994-01-28,2.3,0.0651
1994-01-29,2.2,0.0623
1994-01-30,2.3,0.0651
1994-01-31,2.4,0.068
1994-02-01,2.5,0.0708
1994-02-02,2.4,0.068
1994-02-03,2.5,0.0708
1994-02-04,2.6,0.0736
1994-02-05,2.6,0.0736
1994-02-06,2.2,0.0623
1994-02-07,1.8,0.051
1994-02-08,1.9,0.0538
1994-02-09,1.9,0.0538
1994-02-10,1.9,0.0538
1994-02-11,1.8,0.051
1994-02-12,1.8,0.051
1994-02-13,1.8,0.051
1994-02-14,1.8,0.051
1994-02-15,1.8,0.051
1994-02-16,2.0,0.0566
1994-02-17,2.1,0.0595
1994-02-18,2.1,0.0595
1994-02-19,2.0,0.0566
1994-02-20,2.0,0.0566
1994-02-21,2.0,0.0566
1994-02-22,2.1,0.0595
1994-02-23,2.0,0.0566
1994-02-24,2.1,0.0595
1994-02-25,2.0,0.0566
1994-02-26,2.1,0.0595
1994-02-27,2.1,0.0595
1994-02-28,2.2,0.0623
1994-03-01,2.2,0.0623
1994-03-02,2.0,0.0566
1994-03-03,2.1,0.0595
1994-03-04,2.3,0.0651
1994-03-05,2.2,0.0623
1994-03-06,2.2,0.0623
1994-03-07,2.1,0.0595
1994-03-08,2.1,0.0595
1994-03-09,2.1,0.0595
1994-03-10,2.1,0.0595
1994-03-11,2.1,0.0595
1994-03-12,2.2,0.0623
1994-03-13,2.3,0.0651
1994-03-14,2.2,0.0623
1994-03-15,2.1,0.0595
1994-03-16,2.1,0.0595
1994-03-17,2.1,0.0595
1994-03-18,2.1,0.0595
1994-03-19,2.1,0.0595
1994-03-20,2.0,0.0566
1994-03-21,2.0,0.0566
1994-03-22,2.0,0.0566
1994-03-23,2.0,0.0566
1994-03-24,2.0,0.0566
1994-03-25,2.0,0.0566
1994-03-26,2.1,0.0595
1994-03-27,2.1,0.0595
1994-03-28,2.1,0.0595
1994-03-29,2.2,0.0623
1994-03-30,2.3,0.0651
1994-03-31,2.2,0.0623
1994-04-01,2.2,0.0623
1994-04-02,2.1,0.0595
1994-04-03,2.1,0.0595
1994-04-04,2.1,0.0595
1994-04-05,2.1,0.0595
1994-04-06,2.1,0.0595
1994-04-07,2.1,0.0595
1994-04-08,2.3,0.0651
1994-04-09,2.3,0.0651
1994-04-10,2.1,0.0595
1994-04-11,2.1,0.0595
1994-04-12,2.1,0.0595
1994-04-13,2.1,0.0595
1994-04-14,2.1,0.0595
1994-04-15,2.0,0.0566
1994-04-16,1.9,0.0538
1994-04-17,2.0,0.0566
1994-04-18,2.0,0.0566
1994-04-19,2.0,0.0566
1994-04-20,1.9,0.0538
1994-04-21,2.0,0.0566
1994-04-22,1.9,0.0538
1994-04-23,2.0,0.0566
1994-04-24,2.3,0.0651
1994-04-25,1.9,0.0538
1994-04-26,1.5,0.0425
1994-04-27,1.3,0.0368
1994-04-28,1.3,0.0368
1994-04-29,1.3,0.0368
1994-04-30,1.4,0.0396
1994-05-01,1.5,0.0425
1994-05-02,1.4,0.0396
1994-05-03,1.4,0.0396
1994-05-04,1.4,0.0396
1994-05-05,1.3,0.0368
1994-05-06,1.4,0.0396
1994-05-07,1.3,0.0368
1994-05-08,1.2,0.034
1994-05-09,1.1,0.0311
1994-05-10,2.4,0.068
1994-05-11,19.0,0.538
1994-05-12,11.0,0.3115
1994-05-13,22.0,0.623
1994-05-14,8.3,0.235
1994-05-15,3.1,0.0878
1994-05-16,2.3,0.0651
1994-05-17,3.0,0.085
1994-05-18,3.0,0.085
1994-05-19,4.3,0.1218
1994-05-20,2.4,0.068
1994-05-21,19.0,0.538
1994-05-22,61.0,1.7273
1994-05-23,11.0,0.3115
1994-05-24,5.1,0.1444
1994-05-25,3.3,0.0934
1994-05-26,2.5,0.0708
1994-05-27,2.0,0.0566
1994-05-28,1.7,0.0481
1994-05-29,1.5,0.0425
1994-05-30,1.2,0.034
1994-05-31,0.98,0.0278
1994-06-01,0.81,0.0229
1994-06-02,1.5,0.0425
1994-06-03,0.85,0.0241
1994-06-04,1.3,0.0368
1994-06-05,0.66,0.0187
1994-06-06,0.47,0.0133
1994-06-07,0.34,0.0096
1994-06-08,0.25,0.0071
1994-06-09,0.17,0.0048
1994-06-10,2.2,0.0623
1994-06-11,5.2,0.1472
1994-06-12,2.6,0.0736
1994-06-13,12.0,0.3398
1994-06-14,1.1,0.0311
1994-06-15,20.0,0.5663
1994-06-16,4.0,0.1133
1994-06-17,0.71,0.0201
1994-06-18,0.34,0.0096
1994-06-19,0.2,0.0057
1994-06-20,0.12,0.0034
1994-06-21,0.09,0.0025
1994-06-22,0.05,0.0014
1994-06-23,0.01,0.0003
1994-06-24,0.0,0.0
1994-06-25,0.0,0.0
1994-06-26,0.0,0.0
1994-06-27,0.0,0.0
1994-06-28,0.0,0.0
1994-06-29,0.0,0.0
1994-06-30,0.0,0.0
1994-07-01,0.0,0.0
1994-07-02,0.0,0.0
1994-07-03,0.0,0.0
1994-07-04,0.0,0.0
1994-07-05,0.0,0.0
1994-07-06,0.0,0.0
1994-07-07,0.0,0.0
1994-07-08,0.0,0.0
1994-07-09,0.0,0.0
1994-07-10,0.0,0.0
1994-07-11,0.0,0.0
1994-07-12,0.0,0.0
1994-07-13,1.5,0.0425
1994-07-14,0.03,0.0008
1994-07-15,0.0,0.0
1994-07-16,0.0,0.0
1994-07-17,0.0,0.0
1994-07-18,0.0,0.0
1994-07-19,0.0,0.0
1994-07-20,0.0,0.0
1994-07-21,0.0,0.0
1994-07-22,0.0,0.0
1994-07-23,0.0,0.0
1994-07-24,0.0,0.0
1994-07-25,0.0,0.0
1994-07-26,0.0,0.0
1994-07-27,0.0,0.0
1994-07-28,0.0,0.0
1994-07-29,0.0,0.0
1994-07-30,0.0,0.0
1994-07-31,0.0,0.0
1994-08-01,0.0,0.0
1994-08-02,0.0,0.0
1994-08-03,0.0,0.0
1994-08-04,0.0,0.0
1994-08-05,0.0,0.0
1994-08-06,0.0,0.0
1994-08-07,0.0,0.0
1994-08-08,0.0,0.0
1994-08-09,0.0,0.0
1994-08-10,0.0,0.0
1994-08-11,0.0,0.0
1994-08-12,0.0,0.0
1994-08-13,0.0,0.0
1994-08-14,0.0,0.0
1994-08-15,0.0,0.0
1994-08-16,0.0,0.0
1994-08-17,0.0,0.0
1994-08-18,0.0,0.0
1994-08-19,0.0,0.0
1994-08-20,0.0,0.0
1994-08-21,32.0,0.9061
1994-08-22,0.79,0.0224
1994-08-23,0.07,0.002
1994-08-24,0.0,0.0
1994-08-25,0.0,0.0
1994-08-26,0.0,0.0
1994-08-27,0.0,0.0
1994-08-28,0.0,0.0
1994-08-29,0.0,0.0
1994-08-30,0.0,0.0
1994-08-31,0.0,0.0
1994-09-01,0.0,0.0
1994-09-02,0.0,0.0
1994-09-03,0.0,0.0
1994-09-04,0.0,0.0
1994-09-05,0.0,0.0
1994-09-06,0.0,0.0
1994-09-07,0.0,0.0
1994-09-08,0.39,0.011
1994-09-09,0.18,0.0051
1994-09-10,0.01,0.0003
1994-09-11,0.0,0.0
1994-09-12,0.0,0.0
1994-09-13,0.0,0.0
1994-09-14,0.0,0.0
1994-09-15,0.0,0.0
1994-09-16,0.0,0.0
1994-09-17,0.0,0.0
1994-09-18,0.0,0.0
1994-09-19,0.0,0.0
1994-09-20,0.0,0.0
1994-09-21,0.0,0.0
1994-09-22,0.0,0.0
1994-09-23,0.0,0.0
1994-09-24,0.0,0.0
1994-09-25,0.0,0.0
1994-09-26,0.0,0.0
1994-09-27,0.0,0.0
1994-09-28,0.0,0.0
1994-09-29,0.0,0.0
1994-09-30,0.0,0.0
1994-10-01,0.0,0.0
1994-10-02,0.0,0.0
1994-10-03,0.0,0.0
1994-10-04,0.0,0.0
1994-10-05,0.0,0.0
1994-10-06,0.0,0.0
1994-10-07,0.0,0.0
1994-10-08,0.0,0.0
1994-10-09,0.0,0.0
1994-10-10,0.0,0.0
1994-10-11,0.0,0.0
1994-10-12,0.0,0.0
1994-10-13,0.0,0.0
1994-10-14,0.0,0.0
1994-10-15,0.0,0.0
1994-10-16,0.0,0.0
1994-10-17,0.0,0.0
1994-10-18,0.0,0.0
1994-10-19,0.0,0.0
1994-10-20,0.0,0.0
1994-10-21,0.0,0.0
1994-10-22,0.0,0.0
1994-10-23,0.0,0.0
1994-10-24,0.0,0.0
1994-10-25,0.19,0.0054
1994-10-26,0.36,0.0102
1994-10-27,0.55,0.0156
1994-10-28,0.73,0.0207
1994-10-29,0.74,0.021
1994-10-30,0.73,0.0207
1994-10-31,0.71,0.0201
1994-11-01,0.75,0.0212
1994-11-02,0.72,0.0204
1994-11-03,0.66,0.0187
1994-11-04,0.76,0.0215
1994-11-05,0.87,0.0246
1994-11-06,0.83,0.0235
1994-11-07,0.89,0.0252
1994-11-08,0.86,0.0244
1994-11-09,0.76,0.0215
1994-11-10,0.75,0.0212
1994-11-11,0.83,0.0235
1994-11-12,0.86,0.0244
1994-11-13,0.97,0.0275
1994-11-14,0.98,0.0278
1994-11-15,0.98,0.0278
1994-11-16,0.98,0.0278
1994-11-17,1.0,0.0283
1994-11-18,1.1,0.0311
1994-11-19,1.1,0.0311
1994-11-20,1.1,0.0311
1994-11-21,1.1,0.0311
1994-11-22,1.1,0.0311
1994-11-23,1.2,0.034
1994-11-24,1.3,0.0368
1994-11-25,1.3,0.0368
1994-11-26,1.3,0.0368
1994-11-27,1.2,0.034
1994-11-28,1.2,0.034
1994-11-29,1.3,0.0368
1994-11-30,1.3,0.0368
1994-12-01,1.4,0.0396
1994-12-02,1.5,0.0425
1994-12-03,1.5,0.0425
1994-12-04,1.6,0.0453
1994-12-05,1.6,0.0453
1994-12-06,1.6,0.0453
1994-12-07,1.6,0.0453
1994-12-08,1.6,0.0453
1994-12-09,1.6,0.0453
1994-12-10,1.7,0.0481
1994-12-11,1.7,0.0481
1994-12-12,1.7,0.0481
1994-12-13,1.8,0.051
1994-12-14,1.8,0.051
1994-12-15,1.8,0.051
1994-12-16,1.8,0.051
1994-12-17,1.8,0.051
1994-12-18,1.8,0.051
1994-12-19,1.9,0.0538
1994-12-20,1.9,0.0538
1994-12-21,1.9,0.0538
1994-12-22,1.9,0.0538
1994-12-23,1.9,0.0538
1994-12-24,2.1,0.0595
1994-12-25,2.1,0.0595
1994-12-26,2.0,0.0566
1994-12-27,2.0,0.0566
1994-12-28,2.0,0.0566
1994-12-29,2.0,0.0566
1994-12-30,2.0,0.0566
1994-12-31,2.0,0.0566
1995-01-01,2.0,0.0566
1995-01-02,2.0,0.0566
1995-01-03,2.0,0.0566
1995-01-04,2.0,0.0566
1995-01-05,2.1,0.0595
1995-01-06,2.1,0.0595
1995-01-07,1.9,0.0538
1995-01-08,1.9,0.0538
1995-01-09,1.8,0.051
1995-01-10,1.8,0.051
1995-01-11,1.8,0.051
1995-01-12,1.8,0.051
1995-01-13,1.8,0.051
1995-01-14,1.8,0.051
1995-01-15,1.9,0.0538
1995-01-16,2.0,0.0566
1995-01-17,1.9,0.0538
1995-01-18,2.0,0.0566
1995-01-19,1.9,0.0538
1995-01-20,2.0,0.0566
1995-01-21,2.0,0.0566
1995-01-22,2.0,0.0566
1995-01-23,1.9,0.0538
1995-01-24,2.0,0.0566
1995-01-25,2.0,0.0566
1995-01-26,2.2,0.0623
1995-01-27,2.1,0.0595
1995-01-28,2.0,0.0566
1995-01-29,2.0,0.0566
1995-01-30,2.0,0.0566
1995-01-31,2.0,0.0566
1995-02-01,2.0,0.0566
1995-02-02,2.0,0.0566
1995-02-03,2.0,0.0566
1995-02-04,1.9,0.0538
1995-02-05,2.0,0.0566
1995-02-06,2.0,0.0566
1995-02-07,2.0,0.0566
1995-02-08,2.0,0.0566
1995-02-09,2.0,0.0566
1995-02-10,2.0,0.0566
1995-02-11,2.0,0.0566
1995-02-12,2.0,0.0566
1995-02-13,2.0,0.0566
1995-02-14,2.0,0.0566
1995-02-15,2.0,0.0566
1995-02-16,2.2,0.0623
1995-02-17,2.1,0.0595
1995-02-18,2.1,0.0595
1995-02-19,1.9,0.0538
1995-02-20,1.9,0.0538
1995-02-21,1.9,0.0538
1995-02-22,1.9,0.0538
1995-02-23,1.9,0.0538
1995-02-24,1.9,0.0538
1995-02-25,1.9,0.0538
1995-02-26,1.9,0.0538
1995-02-27,1.9,0.0538
1995-02-28,1.8,0.051
1995-03-01,1.9,0.0538
1995-03-02,1.9,0.0538
1995-03-03,2.0,0.0566
1995-03-04,2.0,0.0566
1995-03-05,1.9,0.0538
1995-03-06,1.9,0.0538
1995-03-07,1.8,0.051
1995-03-08,1.8,0.051
1995-03-09,1.8,0.051
1995-03-10,1.8,0.051
1995-03-11,1.8,0.051
1995-03-12,1.9,0.0538
1995-03-13,1.8,0.051
1995-03-14,1.8,0.051
1995-03-15,1.8,0.051
1995-03-16,1.8,0.051
1995-03-17,1.9,0.0538
1995-03-18,1.9,0.0538
1995-03-19,1.9,0.0538
1995-03-20,1.8,0.051
1995-03-21,1.8,0.051
1995-03-22,1.8,0.051
1995-03-23,1.8,0.051
1995-03-24,1.7,0.0481
1995-03-25,1.6,0.0453
1995-03-26,1.6,0.0453
1995-03-27,1.6,0.0453
1995-03-28,1.6,0.0453
1995-03-29,1.7,0.0481
1995-03-30,1.7,0.0481
1995-03-31,1.8,0.051
1995-04-01,2.0,0.0566
1995-04-02,2.0,0.0566
1995-04-03,1.8,0.051
1995-04-04,2.0,0.0566
1995-04-05,2.1,0.0595
1995-04-06,2.0,0.0566
1995-04-07,1.9,0.0538
1995-04-08,1.8,0.051
1995-04-09,1.7,0.0481
1995-04-10,1.5,0.0425
1995-04-11,1.6,0.0453
1995-04-12,1.6,0.0453
1995-04-13,1.7,0.0481
1995-04-14,1.7,0.0481
1995-04-15,1.7,0.0481
1995-04-16,1.7,0.0481
1995-04-17,1.7,0.0481
1995-04-18,1.6,0.0453
1995-04-19,1.6,0.0453
1995-04-20,1.6,0.0453
1995-04-21,1.7,0.0481
1995-04-22,1.6,0.0453
1995-04-23,1.7,0.0481
1995-04-24,1.9,0.0538
1995-04-25,2.1,0.0595
1995-04-26,2.1,0.0595
1995-04-27,2.1,0.0595
1995-04-28,2.1,0.0595
1995-04-29,2.0,0.0566
1995-04-30,1.8,0.051
1995-05-01,1.8,0.051
1995-05-02,1.8,0.051
1995-05-03,1.6,0.0453
1995-05-04,1.5,0.0425
1995-05-05,1.6,0.0453
1995-05-06,4.3,0.1218
1995-05-07,2.8,0.0793
1995-05-08,1.5,0.0425
1995-05-09,1.2,0.034
1995-05-10,1.0,0.0283
1995-05-11,0.95,0.0269
1995-05-12,0.87,0.0246
1995-05-13,0.78,0.0221
1995-05-14,0.69,0.0195
1995-05-15,0.72,0.0204
1995-05-16,0.69,0.0195
1995-05-17,0.74,0.021
1995-05-18,0.66,0.0187
1995-05-19,0.69,0.0195
1995-05-20,0.57,0.0161
1995-05-21,0.39,0.011
1995-05-22,0.16,0.0045
1995-05-23,0.0,0.0
1995-05-24,0.0,0.0
1995-05-25,0.0,0.0
1995-05-26,1.2,0.034
1995-05-27,0.87,0.0246
1995-05-28,0.31,0.0088
1995-05-29,0.21,0.0059
1995-05-30,0.21,0.0059
1995-05-31,0.16,0.0045
1995-06-01,0.17,0.0048
1995-06-02,0.18,0.0051
1995-06-03,0.09,0.0025
1995-06-04,0.02,0.0006
1995-06-05,0.0,0.0
1995-06-06,0.0,0.0
1995-06-07,0.0,0.0
1995-06-08,0.0,0.0
1995-06-09,0.0,0.0
1995-06-10,0.0,0.0
1995-06-11,0.0,0.0
1995-06-12,0.0,0.0
1995-06-13,0.0,0.0
1995-06-14,0.0,0.0
1995-06-15,0.0,0.0
1995-06-16,0.0,0.0
1995-06-17,0.0,0.0
1995-06-18,0.0,0.0
1995-06-19,0.0,0.0
1995-06-20,0.0,0.0
1995-06-21,0.59,0.0167
1995-06-22,1.6,0.0453
1995-06-23,1.0,0.0283
1995-06-24,0.16,0.0045
1995-06-25,9.6,0.2718
1995-06-26,5.8,0.1642
1995-06-27,1.9,0.0538
1995-06-28,0.79,0.0224
1995-06-29,9.7,0.2747
1995-06-30,62.0,1.7556
1995-07-01,22.0,0.623
1995-07-02,7.7,0.218
1995-07-03,2.8,0.0793
1995-07-04,1.4,0.0396
1995-07-05,0.68,0.0193
1995-07-06,0.26,0.0074
1995-07-07,0.05,0.0014
1995-07-08,0.0,0.0
1995-07-09,0.0,0.0
1995-07-10,0.0,0.0
1995-07-11,0.0,0.0
1995-07-12,0.0,0.0
1995-07-13,0.0,0.0
1995-07-14,0.0,0.0
1995-07-15,0.0,0.0
1995-07-16,0.0,0.0
1995-07-17,0.0,0.0
1995-07-18,0.0,0.0
1995-07-19,0.0,0.0
1995-07-20,0.0,0.0
1995-07-21,0.0,0.0
1995-07-22,0.0,0.0
1995-07-23,0.0,0.0
1995-07-24,0.0,0.0
1995-07-25,0.0,0.0
1995-07-26,0.0,0.0
1995-07-27,0.0,0.0
1995-07-28,0.0,0.0
1995-07-29,0.0,0.0
1995-07-30,0.0,0.0
1995-07-31,0.0,0.0
1995-08-01,0.0,0.0
1995-08-02,0.0,0.0
1995-08-03,0.0,0.0
1995-08-04,0.0,0.0
1995-08-05,0.0,0.0
1995-08-06,0.0,0.0
1995-08-07,0.0,0.0
1995-08-08,0.0,0.0
1995-08-09,0.0,0.0
1995-08-10,0.0,0.0
1995-08-11,0.0,0.0
1995-08-12,0.0,0.0
1995-08-13,0.0,0.0
1995-08-14,43.0,1.2176
1995-08-15,17.0,0.4814
1995-08-16,23.0,0.6513
1995-08-17,16.0,0.4531
1995-08-18,12.0,0.3398
1995-08-19,7.4,0.2095
1995-08-20,2.9,0.0821
1995-08-21,1.1,0.0311
1995-08-22,0.37,0.0105
1995-08-23,0.12,0.0034
1995-08-24,0.02,0.0006
1995-08-25,0.0,0.0
1995-08-26,0.0,0.0
1995-08-27,0.0,0.0
1995-08-28,0.0,0.0
1995-08-29,0.0,0.0
1995-08-30,0.0,0.0
1995-08-31,0.0,0.0
1995-09-01,0.0,0.0
1995-09-02,0.0,0.0
1995-09-03,0.0,0.0
1995-09-04,0.0,0.0
1995-09-05,0.0,0.0
1995-09-06,0.0,0.0
1995-09-07,0.0,0.0
1995-09-08,49.0,1.3875
1995-09-09,1.7,0.0481
1995-09-10,0.81,0.0229
1995-09-11,110.0,3.1148
1995-09-12,17.0,0.4814
1995-09-13,9.6,0.2718
1995-09-14,5.2,0.1472
1995-09-15,2.5,0.0708
1995-09-16,8.3,0.235
1995-09-17,6.0,0.1699
1995-09-18,2.2,0.0623
1995-09-19,1.3,0.0368
1995-09-20,13.0,0.3681
1995-09-21,3.0,0.085
1995-09-22,3.1,0.0878
1995-09-23,3.3,0.0934
1995-09-24,1.7,0.0481
1995-09-25,0.85,0.0241
1995-09-26,0.78,0.0221
1995-09-27,0.92,0.0261
1995-09-28,1.1,0.0311
1995-09-29,1.3,0.0368
1995-09-30,1.4,0.0396
1995-10-01,1.4,0.0396
1995-10-02,3.9,0.1104
1995-10-03,21.0,0.5947
1995-10-04,17.0,0.4814
1995-10-05,5.4,0.1529
1995-10-06,2.6,0.0736
1995-10-07,1.7,0.0481
1995-10-08,1.5,0.0425
1995-10-09,1.4,0.0396
1995-10-10,1.4,0.0396
1995-10-11,1.3,0.0368
1995-10-12,1.3,0.0368
1995-10-13,1.2,0.034
1995-10-14,1.2,0.034
1995-10-15,1.2,0.034
1995-10-16,1.2,0.034
1995-10-17,1.1,0.0311
1995-10-18,1.1,0.0311
1995-10-19,1.0,0.0283
1995-10-20,0.89,0.0252
1995-10-21,0.97,0.0275
1995-10-22,0.92,0.0261
1995-10-23,0.83,0.0235
1995-10-24,0.86,0.0244
1995-10-25,0.92,0.0261
1995-10-26,1.0,0.0283
1995-10-27,1.0,0.0283
1995-10-28,0.98,0.0278
1995-10-29,0.98,0.0278
1995-10-30,1.0,0.0283
1995-10-31,1.1,0.0311
1995-11-01,1.1,0.0311
1995-11-02,1.1,0.0311
1995-11-03,1.1,0.0311
1995-11-04,1.2,0.034
1995-11-05,1.3,0.0368
1995-11-06,1.4,0.0396
1995-11-07,1.4,0.0396
1995-11-08,1.4,0.0396
1995-11-09,1.3,0.0368
1995-11-10,1.2,0.034
1995-11-11,1.0,0.0283
1995-11-12,1.0,0.0283
1995-11-13,0.97,0.0275
1995-11-14,1.1,0.0311
1995-11-15,1.3,0.0368
1995-11-16,1.3,0.0368
1995-11-17,1.4,0.0396
1995-11-18,1.5,0.0425
1995-11-19,1.5,0.0425
1995-11-20,1.5,0.0425
1995-11-21,1.5,0.0425
1995-11-22,1.6,0.0453
1995-11-23,1.5,0.0425
1995-11-24,1.6,0.0453
1995-11-25,1.6,0.0453
1995-11-26,1.6,0.0453
1995-11-27,1.6,0.0453
1995-11-28,1.5,0.0425
1995-11-29,1.5,0.0425
1995-11-30,1.6,0.0453
1995-12-01,1.8,0.051
1995-12-02,1.9,0.0538
1995-12-03,2.0,0.0566
1995-12-04,2.1,0.0595
1995-12-05,2.2,0.0623
1995-12-06,2.3,0.0651
1995-12-07,2.3,0.0651
1995-12-08,2.5,0.0708
1995-12-09,2.5,0.0708
1995-12-10,2.6,0.0736
1995-12-11,2.8,0.0793
1995-12-12,3.0,0.085
1995-12-13,3.1,0.0878
1995-12-14,3.2,0.0906
1995-12-15,3.2,0.0906
1995-12-16,3.3,0.0934
1995-12-17,3.5,0.0991
1995-12-18,4.2,0.1189
1995-12-19,4.4,0.1246
1995-12-20,4.6,0.1303
1995-12-21,4.7,0.1331
1995-12-22,5.0,0.1416
1995-12-23,5.3,0.1501
1995-12-24,5.4,0.1529
1995-12-25,5.4,0.1529
1995-12-26,5.6,0.1586
1995-12-27,5.8,0.1642
1995-12-28,6.0,0.1699
1995-12-29,6.3,0.1784
1995-12-30,6.2,0.1756
1995-12-31,6.4,0.1812
1996-01-01,2.7,0.0765
1996-01-02,2.8,0.0793
1996-01-03,2.7,0.0765
1996-01-04,2.5,0.0708
1996-01-05,2.4,0.068
1996-01-06,2.3,0.0651
1996-01-07,2.4,0.068
1996-01-08,2.4,0.068
1996-01-09,2.4,0.068
1996-01-10,2.3,0.0651
1996-01-11,2.3,0.0651
1996-01-12,2.3,0.0651
1996-01-13,2.3,0.0651
1996-01-14,2.2,0.0623
1996-01-15,2.2,0.0623
1996-01-16,2.2,0.0623
1996-01-17,2.1,0.0595
1996-01-18,1.7,0.0481
1996-01-19,1.7,0.0481
1996-01-20,1.7,0.0481
1996-01-21,1.7,0.0481
1996-01-22,1.8,0.051
1996-01-23,1.8,0.051
1996-01-24,1.7,0.0481
1996-01-25,1.7,0.0481
1996-01-26,1.6,0.0453
1996-01-27,1.6,0.0453
1996-01-28,1.7,0.0481
1996-01-29,1.6,0.0453
1996-01-30,1.6,0.0453
1996-01-31,1.6,0.0453
1996-02-01,1.6,0.0453
1996-02-02,1.7,0.0481
1996-02-03,1.7,0.0481
1996-02-04,1.7,0.0481
1996-02-05,1.7,0.0481
1996-02-06,1.8,0.051
1996-02-07,1.9,0.0538
1996-02-08,1.9,0.0538
1996-02-09,1.9,0.0538
1996-02-10,1.8,0.051
1996-02-11,1.7,0.0481
1996-02-12,1.7,0.0481
1996-02-13,1.8,0.051
1996-02-14,1.8,0.051
1996-02-15,1.8,0.051
1996-02-16,1.7,0.0481
1996-02-17,1.7,0.0481
1996-02-18,1.8,0.051
1996-02-19,1.8,0.051
1996-02-20,1.8,0.051
1996-02-21,1.8,0.051
1996-02-22,1.8,0.051
1996-02-23,1.9,0.0538
1996-02-24,1.8,0.051
1996-02-25,1.9,0.0538
1996-02-26,1.9,0.0538
1996-02-27,1.9,0.0538
1996-02-28,1.9,0.0538
1996-02-29,1.9,0.0538
1996-03-01,1.9,0.0538
1996-03-02,1.9,0.0538
1996-03-03,2.1,0.0595
1996-03-04,2.1,0.0595
1996-03-05,2.1,0.0595
1996-03-06,2.1,0.0595
1996-03-07,2.0,0.0566
1996-03-08,2.0,0.0566
1996-03-09,2.0,0.0566
1996-03-10,2.3,0.0651
1996-03-11,2.4,0.068
1996-03-12,2.5,0.0708
1996-03-13,2.5,0.0708
1996-03-14,2.5,0.0708
1996-03-15,2.5,0.0708
1996-03-16,2.4,0.068
1996-03-17,2.5,0.0708
1996-03-18,2.5,0.0708
1996-03-19,2.5,0.0708
1996-03-20,2.5,0.0708
1996-03-21,2.7,0.0765
1996-03-22,2.7,0.0765
1996-03-23,2.7,0.0765
1996-03-24,2.7,0.0765
1996-03-25,2.5,0.0708
1996-03-26,2.5,0.0708
1996-03-27,2.6,0.0736
1996-03-28,2.8,0.0793
1996-03-29,2.8,0.0793
1996-03-30,2.8,0.0793
1996-03-31,2.5,0.0708
1996-04-01,2.5,0.0708
1996-04-02,2.5,0.0708
1996-04-03,2.5,0.0708
1996-04-04,2.4,0.068
1996-04-05,3.7,0.1048
1996-04-06,4.1,0.1161
1996-04-07,3.6,0.1019
1996-04-08,2.7,0.0765
1996-04-09,2.4,0.068
1996-04-10,2.4,0.068
1996-04-11,2.2,0.0623
1996-04-12,2.2,0.0623
1996-04-13,2.1,0.0595
1996-04-14,2.0,0.0566
1996-04-15,2.0,0.0566
1996-04-16,2.0,0.0566
1996-04-17,2.1,0.0595
1996-04-18,2.0,0.0566
1996-04-19,1.9,0.0538
1996-04-20,1.9,0.0538
1996-04-21,1.9,0.0538
1996-04-22,1.8,0.051
1996-04-23,1.9,0.0538
1996-04-24,1.8,0.051
1996-04-25,1.6,0.0453
1996-04-26,1.5,0.0425
1996-04-27,1.5,0.0425
1996-04-28,1.3,0.0368
1996-04-29,1.2,0.034
1996-04-30,1.2,0.034
1996-05-01,1.2,0.034
1996-05-02,1.1,0.0311
1996-05-03,1.0,0.0283
1996-05-04,0.87,0.0246
1996-05-05,0.76,0.0215
1996-05-06,0.68,0.0193
1996-05-07,0.5,0.0142
1996-05-08,0.41,0.0116
1996-05-09,0.33,0.0093
1996-05-10,0.2,0.0057
1996-05-11,0.13,0.0037
1996-05-12,0.11,0.0031
1996-05-13,0.05,0.0014
1996-05-14,0.02,0.0006
1996-05-15,0.0,0.0
1996-05-16,0.0,0.0
1996-05-17,0.0,0.0
1996-05-18,0.0,0.0
1996-05-19,0.0,0.0
1996-05-20,0.0,0.0
1996-05-21,0.0,0.0
1996-05-22,0.0,0.0
1996-05-23,0.0,0.0
1996-05-24,0.0,0.0
1996-05-25,0.0,0.0
1996-05-26,0.0,0.0
1996-05-27,0.0,0.0
1996-05-28,0.0,0.0
1996-05-29,0.0,0.0
1996-05-30,0.0,0.0
1996-05-31,0.0,0.0
1996-06-01,0.0,0.0
1996-06-02,0.0,0.0
1996-06-03,0.0,0.0
1996-06-04,0.0,0.0
1996-06-05,0.0,0.0
1996-06-06,0.0,0.0
1996-06-07,0.0,0.0
1996-06-08,0.0,0.0
1996-06-09,0.0,0.0
1996-06-10,0.0,0.0
1996-06-11,0.0,0.0
1996-06-12,0.0,0.0
1996-06-13,0.0,0.0
1996-06-14,0.0,0.0
1996-06-15,0.0,0.0
1996-06-16,0.0,0.0
1996-06-17,0.0,0.0
1996-06-18,0.0,0.0
1996-06-19,0.0,0.0
1996-06-20,0.0,0.0
1996-06-21,0.0,0.0
1996-06-22,0.0,0.0
1996-06-23,0.0,0.0
1996-06-24,0.0,0.0
1996-06-25,0.0,0.0
1996-06-26,204.0,5.7766
1996-06-27,167.0,4.7289
1996-06-28,15.0,0.4248
1996-06-29,9.2,0.2605
1996-06-30,111.0,3.1432
1996-07-01,55.0,1.5574
1996-07-02,1.6,0.0453
1996-07-03,1.4,0.0396
1996-07-04,1.3,0.0368
1996-07-05,1.2,0.034
1996-07-06,1.3,0.0368
1996-07-07,1.1,0.0311
1996-07-08,0.8,0.0227
1996-07-09,0.48,0.0136
1996-07-10,0.28,0.0079
1996-07-11,0.22,0.0062
1996-07-12,0.2,0.0057
1996-07-13,14.0,0.3964
1996-07-14,7.8,0.2209
1996-07-15,1.9,0.0538
1996-07-16,1.3,0.0368
1996-07-17,18.0,0.5097
1996-07-18,4.3,0.1218
1996-07-19,15.0,0.4248
1996-07-20,31.0,0.8778
1996-07-21,4.4,0.1246
1996-07-22,5.6,0.1586
1996-07-23,1.9,0.0538
1996-07-24,1.3,0.0368
1996-07-25,8.2,0.2322
1996-07-26,2.0,0.0566
1996-07-27,1.1,0.0311
1996-07-28,0.48,0.0136
1996-07-29,0.0,0.0
1996-07-30,0.0,0.0
1996-07-31,0.0,0.0
1996-08-01,0.0,0.0
1996-08-02,19.0,0.538
1996-08-03,3.8,0.1076
1996-08-04,12.0,0.3398
1996-08-05,1.0,0.0283
1996-08-06,0.38,0.0108
1996-08-07,0.23,0.0065
1996-08-08,1.9,0.0538
1996-08-09,3.7,0.1048
1996-08-10,0.91,0.0258
1996-08-11,0.27,0.0076
1996-08-12,0.18,0.0051
1996-08-13,0.18,0.0051
1996-08-14,0.17,0.0048
1996-08-15,0.14,0.004
1996-08-16,0.1,0.0028
1996-08-17,0.1,0.0028
1996-08-18,0.1,0.0028
1996-08-19,0.09,0.0025
1996-08-20,1.7,0.0481
1996-08-21,0.1,0.0028
1996-08-22,0.77,0.0218
1996-08-23,0.42,0.0119
1996-08-24,0.15,0.0042
1996-08-25,0.1,0.0028
1996-08-26,44.0,1.2459
1996-08-27,92.0,2.6051
1996-08-28,441.0,12.4877
1996-08-29,466.0,13.1956
1996-08-30,53.0,1.5008
1996-08-31,91.0,2.5768
1996-09-01,288.0,8.1552
1996-09-02,26.0,0.7362
1996-09-03,15.0,0.4248
1996-09-04,24.0,0.6796
1996-09-05,11.0,0.3115
1996-09-06,8.3,0.235
1996-09-07,20.0,0.5663
1996-09-08,23.0,0.6513
1996-09-09,9.0,0.2549
1996-09-10,7.0,0.1982
1996-09-11,6.0,0.1699
1996-09-12,5.0,0.1416
1996-09-13,4.5,0.1274
1996-09-14,4.0,0.1133
1996-09-15,3.7,0.1048
1996-09-16,3.5,0.0991
1996-09-17,3.3,0.0934
1996-09-18,3.1,0.0878
1996-09-19,3.0,0.085
1996-09-20,2.8,0.0793
1996-09-21,2.7,0.0765
1996-09-22,2.6,0.0736
1996-09-23,2.4,0.068
1996-09-24,2.3,0.0651
1996-09-25,2.2,0.0623
1996-09-26,2.2,0.0623
1996-09-27,2.1,0.0595
1996-09-28,2.1,0.0595
1996-09-29,2.0,0.0566
1996-09-30,2.0,0.0566
1996-10-01,1.9,0.0538
1996-10-02,1.9,0.0538
1996-10-03,1.8,0.051
1996-10-04,1.9,0.0538
1996-10-05,2.0,0.0566
1996-10-06,1.9,0.0538
1996-10-07,1.8,0.051
1996-10-08,1.7,0.0481
1996-10-09,1.7,0.0481
1996-10-10,1.6,0.0453
1996-10-11,1.6,0.0453
1996-10-12,1.4,0.0396
1996-10-13,1.4,0.0396
1996-10-14,1.4,0.0396
1996-10-15,1.4,0.0396
1996-10-16,1.4,0.0396
1996-10-17,1.3,0.0368
1996-10-18,1.3,0.0368
1996-10-19,1.4,0.0396
1996-10-20,1.4,0.0396
1996-10-21,1.4,0.0396
1996-10-22,1.5,0.0425
1996-10-23,1.6,0.0453
1996-10-24,1.6,0.0453
1996-10-25,1.6,0.0453
1996-10-26,1.6,0.0453
1996-10-27,1.6,0.0453
1996-10-28,1.6,0.0453
1996-10-29,1.7,0.0481
1996-10-30,1.7,0.0481
1996-10-31,1.7,0.0481
1996-11-01,1.7,0.0481
1996-11-02,1.7,0.0481
1996-11-03,1.8,0.051
1996-11-04,1.8,0.051
1996-11-05,1.6,0.0453
1996-11-06,1.5,0.0425
1996-11-07,1.4,0.0396
1996-11-08,1.5,0.0425
1996-11-09,1.5,0.0425
1996-11-10,1.5,0.0425
1996-11-11,1.6,0.0453
1996-11-12,1.6,0.0453
1996-11-13,1.6,0.0453
1996-11-14,1.6,0.0453
1996-11-15,1.6,0.0453
1996-11-16,1.7,0.0481
1996-11-17,1.6,0.0453
1996-11-18,1.6,0.0453
1996-11-19,1.6,0.0453
1996-11-20,1.6,0.0453
1996-11-21,1.6,0.0453
1996-11-22,1.6,0.0453
1996-11-23,1.6,0.0453
1996-11-24,1.7,0.0481
1996-11-25,1.6,0.0453
1996-11-26,1.6,0.0453
1996-11-27,1.7,0.0481
1996-11-28,1.9,0.0538
1996-11-29,2.0,0.0566
1996-11-30,1.9,0.0538
1996-12-01,1.9,0.0538
1996-12-02,1.9,0.0538
1996-12-03,1.9,0.0538
1996-12-04,1.9,0.0538
1996-12-05,2.0,0.0566
1996-12-06,2.0,0.0566
1996-12-07,2.0,0.0566
1996-12-08,2.0,0.0566
1996-12-09,2.1,0.0595
1996-12-10,2.3,0.0651
1996-12-11,2.2,0.0623
1996-12-12,2.2,0.0623
1996-12-13,2.3,0.0651
1996-12-14,2.3,0.0651
1996-12-15,2.3,0.0651
1996-12-16,2.3,0.0651
1996-12-17,2.2,0.0623
1996-12-18,2.2,0.0623
1996-12-19,2.2,0.0623
1996-12-20,2.3,0.0651
1996-12-21,2.4,0.068
1996-12-22,2.4,0.068
1996-12-23,2.4,0.068
1996-12-24,2.3,0.0651
1996-12-25,2.3,0.0651
1996-12-26,2.3,0.0651
1996-12-27,2.4,0.068
1996-12-28,2.4,0.068
1996-12-29,2.3,0.0651
1996-12-30,2.2,0.0623
1996-12-31,2.2,0.0623
1997-01-01,2.2,0.0623
1997-01-02,2.2,0.0623
1997-01-03,2.4,0.068
1997-01-04,2.5,0.0708
1997-01-05,2.5,0.0708
1997-01-06,2.5,0.0708
1997-01-07,2.6,0.0736
1997-01-08,2.7,0.0765
1997-01-09,2.7,0.0765
1997-01-10,2.7,0.0765
1997-01-11,2.6,0.0736
1997-01-12,2.6,0.0736
1997-01-13,2.5,0.0708
1997-01-14,2.4,0.068
1997-01-15,2.3,0.0651
1997-01-16,2.3,0.0651
1997-01-17,2.2,0.0623
1997-01-18,2.3,0.0651
1997-01-19,2.4,0.068
1997-01-20,2.5,0.0708
1997-01-21,2.4,0.068
1997-01-22,2.2,0.0623
1997-01-23,2.2,0.0623
1997-01-24,2.2,0.0623
1997-01-25,2.1,0.0595
1997-01-26,2.1,0.0595
1997-01-27,2.1,0.0595
1997-01-28,2.0,0.0566
1997-01-29,2.1,0.0595
1997-01-30,2.0,0.0566
1997-01-31,2.0,0.0566
1997-02-01,1.8,0.051
1997-02-02,1.8,0.051
1997-02-03,1.9,0.0538
1997-02-04,1.9,0.0538
1997-02-05,1.9,0.0538
1997-02-06,1.9,0.0538
1997-02-07,1.8,0.051
1997-02-08,1.8,0.051
1997-02-09,1.8,0.051
1997-02-10,1.8,0.051
1997-02-11,1.8,0.051
1997-02-12,2.0,0.0566
1997-02-13,2.0,0.0566
1997-02-14,1.9,0.0538
1997-02-15,1.8,0.051
1997-02-16,1.8,0.051
1997-02-17,1.7,0.0481
1997-02-18,1.7,0.0481
1997-02-19,1.8,0.051
1997-02-20,1.9,0.0538
1997-02-21,1.8,0.051
1997-02-22,1.8,0.051
1997-02-23,1.7,0.0481
1997-02-24,1.8,0.051
1997-02-25,1.9,0.0538
1997-02-26,1.9,0.0538
1997-02-27,1.9,0.0538
1997-02-28,1.9,0.0538
1997-03-01,1.9,0.0538
1997-03-02,1.9,0.0538
1997-03-03,1.8,0.051
1997-03-04,1.8,0.051
1997-03-05,1.7,0.0481
1997-03-06,1.7,0.0481
1997-03-07,1.7,0.0481
1997-03-08,1.7,0.0481
1997-03-09,1.7,0.0481
1997-03-10,1.7,0.0481
1997-03-11,1.7,0.0481
1997-03-12,1.7,0.0481
1997-03-13,1.8,0.051
1997-03-14,1.6,0.0453
1997-03-15,1.6,0.0453
1997-03-16,1.6,0.0453
1997-03-17,1.6,0.0453
1997-03-18,1.6,0.0453
1997-03-19,1.6,0.0453
1997-03-20,1.6,0.0453
1997-03-21,1.6,0.0453
1997-03-22,1.7,0.0481
1997-03-23,1.7,0.0481
1997-03-24,1.7,0.0481
1997-03-25,1.7,0.0481
1997-03-26,1.7,0.0481
1997-03-27,1.7,0.0481
1997-03-28,1.7,0.0481
1997-03-29,1.7,0.0481
1997-03-30,1.6,0.0453
1997-03-31,1.6,0.0453
1997-04-01,1.6,0.0453
1997-04-02,1.8,0.051
1997-04-03,7.3,0.2067
1997-04-04,7.2,0.2039
1997-04-05,1.9,0.0538
1997-04-06,1.8,0.051
1997-04-07,1.8,0.051
1997-04-08,1.7,0.0481
1997-04-09,1.6,0.0453
1997-04-10,1.7,0.0481
1997-04-11,1.5,0.0425
1997-04-12,1.5,0.0425
1997-04-13,1.6,0.0453
1997-04-14,1.7,0.0481
1997-04-15,1.8,0.051
1997-04-16,1.8,0.051
1997-04-17,1.7,0.0481
1997-04-18,1.7,0.0481
1997-04-19,1.7,0.0481
1997-04-20,1.5,0.0425
1997-04-21,1.4,0.0396
1997-04-22,1.7,0.0481
1997-04-23,1.7,0.0481
1997-04-24,1.5,0.0425
1997-04-25,1.7,0.0481
1997-04-26,1.9,0.0538
1997-04-27,1.8,0.051
1997-04-28,1.6,0.0453
1997-04-29,1.6,0.0453
1997-04-30,1.3,0.0368
1997-05-01,1.1,0.0311
1997-05-02,1.1,0.0311
1997-05-03,0.99,0.028
1997-05-04,0.88,0.0249
1997-05-05,0.91,0.0258
1997-05-06,0.88,0.0249
1997-05-07,0.82,0.0232
1997-05-08,0.72,0.0204
1997-05-09,0.83,0.0235
1997-05-10,0.79,0.0224
1997-05-11,0.74,0.021
1997-05-12,0.82,0.0232
1997-05-13,0.88,0.0249
1997-05-14,0.74,0.021
1997-05-15,0.67,0.019
1997-05-16,0.57,0.0161
1997-05-17,0.5,0.0142
1997-05-18,0.48,0.0136
1997-05-19,0.45,0.0127
1997-05-20,0.48,0.0136
1997-05-21,19.0,0.538
1997-05-22,20.0,0.5663
1997-05-23,3.8,0.1076
1997-05-24,1.7,0.0481
1997-05-25,1.2,0.034
1997-05-26,0.93,0.0263
1997-05-27,0.73,0.0207
1997-05-28,0.66,0.0187
1997-05-29,0.61,0.0173
1997-05-30,0.71,0.0201
1997-05-31,1.4,0.0396
1997-06-01,0.67,0.019
1997-06-02,0.47,0.0133
1997-06-03,0.38,0.0108
1997-06-04,1.0,0.0283
1997-06-05,8.0,0.2265
1997-06-06,1.6,0.0453
1997-06-07,0.59,0.0167
1997-06-08,160.0,4.5307
1997-06-09,135.0,3.8228
1997-06-10,19.0,0.538
1997-06-11,6.9,0.1954
1997-06-12,3.3,0.0934
1997-06-13,2.2,0.0623
1997-06-14,1.5,0.0425
1997-06-15,1.3,0.0368
1997-06-16,1.0,0.0283
1997-06-17,0.84,0.0238
1997-06-18,0.69,0.0195
1997-06-19,0.54,0.0153
1997-06-20,0.5,0.0142
1997-06-21,0.4,0.0113
1997-06-22,0.33,0.0093
1997-06-23,0.28,0.0079
1997-06-24,0.21,0.0059
1997-06-25,0.19,0.0054
1997-06-26,0.19,0.0054
1997-06-27,11.0,0.3115
1997-06-28,2.2,0.0623
1997-06-29,0.48,0.0136
1997-06-30,0.25,0.0071
1997-07-01,0.18,0.0051
1997-07-02,0.16,0.0045
1997-07-03,91.0,2.5768
1997-07-04,118.0,3.3414
1997-07-05,107.0,3.0299
1997-07-06,7.5,0.2124
1997-07-07,3.3,0.0934
1997-07-08,2.5,0.0708
1997-07-09,2.2,0.0623
1997-07-10,2.1,0.0595
1997-07-11,2.1,0.0595
1997-07-12,2.0,0.0566
1997-07-13,2.0,0.0566
1997-07-14,1.9,0.0538
1997-07-15,1.8,0.051
1997-07-16,1.6,0.0453
1997-07-17,1.5,0.0425
1997-07-18,1.5,0.0425
1997-07-19,1.4,0.0396
1997-07-20,1.4,0.0396
1997-07-21,1.3,0.0368
1997-07-22,0.12,0.0034
1997-07-23,0.01,0.0003
1997-07-24,0.01,0.0003
1997-07-25,0.01,0.0003
1997-07-26,0.0,0.0
1997-07-27,0.0,0.0
1997-07-28,0.0,0.0
1997-07-29,0.0,0.0
1997-07-30,0.0,0.0
1997-07-31,0.0,0.0
1997-08-01,0.0,0.0
1997-08-02,0.0,0.0
1997-08-03,0.0,0.0
1997-08-04,0.0,0.0
1997-08-05,0.0,0.0
1997-08-06,0.0,0.0
1997-08-07,0.0,0.0
1997-08-08,0.0,0.0
1997-08-09,0.0,0.0
1997-08-10,0.0,0.0
1997-08-11,0.0,0.0
1997-08-12,0.0,0.0
1997-08-13,6.5,0.1841
1997-08-14,1.7,0.0481
1997-08-15,1.4,0.0396
1997-08-16,1.3,0.0368
1997-08-17,1.3,0.0368
1997-08-18,1.2,0.034
1997-08-19,7.0,0.1982
1997-08-20,5.2,0.1472
1997-08-21,1.7,0.0481
1997-08-22,1.4,0.0396
1997-08-23,1.3,0.0368
1997-08-24,1.0,0.0283
1997-08-25,0.0,0.0
1997-08-26,0.0,0.0
1997-08-27,0.0,0.0
1997-08-28,0.0,0.0
1997-08-29,0.0,0.0
1997-08-30,0.0,0.0
1997-08-31,0.0,0.0
1997-09-01,0.0,0.0
1997-09-02,0.0,0.0
1997-09-03,0.0,0.0
1997-09-04,0.0,0.0
1997-09-05,0.0,0.0
1997-09-06,0.0,0.0
1997-09-07,0.0,0.0
1997-09-08,0.0,0.0
1997-09-09,0.0,0.0
1997-09-10,0.0,0.0
1997-09-11,0.0,0.0
1997-09-12,0.0,0.0
1997-09-13,0.0,0.0
1997-09-14,0.0,0.0
1997-09-15,0.0,0.0
1997-09-16,0.0,0.0
1997-09-17,0.0,0.0
1997-09-18,0.0,0.0
1997-09-19,0.0,0.0
1997-09-20,0.0,0.0
1997-09-21,0.0,0.0
1997-09-22,0.06,0.0017
1997-09-23,0.0,0.0
1997-09-24,0.0,0.0
1997-09-25,0.0,0.0
1997-09-26,0.0,0.0
1997-09-27,0.0,0.0
1997-09-28,0.0,0.0
1997-09-29,0.0,0.0
1997-09-30,0.0,0.0
1997-10-01,0.0,0.0
1997-10-02,0.0,0.0
1997-10-03,0.0,0.0
1997-10-04,0.0,0.0
1997-10-05,0.0,0.0
1997-10-06,0.0,0.0
1997-10-07,0.65,0.0184
1997-10-08,10.0,0.2832
1997-10-09,3.0,0.085
1997-10-10,0.42,0.0119
1997-10-11,1.3,0.0368
1997-10-12,120.0,3.398
1997-10-13,8.9,0.252
1997-10-14,1.5,0.0425
1997-10-15,0.7,0.0198
1997-10-16,0.54,0.0153
1997-10-17,0.5,0.0142
1997-10-18,0.5,0.0142
1997-10-19,0.52,0.0147
1997-10-20,0.54,0.0153
1997-10-21,0.57,0.0161
1997-10-22,0.68,0.0193
1997-10-23,0.78,0.0221
1997-10-24,0.75,0.0212
1997-10-25,0.71,0.0201
1997-10-26,0.69,0.0195
1997-10-27,0.64,0.0181
1997-10-28,0.65,0.0184
1997-10-29,0.71,0.0201
1997-10-30,0.78,0.0221
1997-10-31,0.83,0.0235
1997-11-01,0.84,0.0238
1997-11-02,0.83,0.0235
1997-11-03,0.83,0.0235
1997-11-04,0.86,0.0244
1997-11-05,0.83,0.0235
1997-11-06,0.83,0.0235
1997-11-07,0.87,0.0246
1997-11-08,0.84,0.0238
1997-11-09,0.83,0.0235
1997-11-10,0.89,0.0252
1997-11-11,0.86,0.0244
1997-11-12,0.92,0.0261
1997-11-13,1.1,0.0311
1997-11-14,1.0,0.0283
1997-11-15,0.95,0.0269
1997-11-16,0.98,0.0278
1997-11-17,0.94,0.0266
1997-11-18,1.0,0.0283
1997-11-19,1.1,0.0311
1997-11-20,1.1,0.0311
1997-11-21,1.1,0.0311
1997-11-22,1.1,0.0311
1997-11-23,1.2,0.034
1997-11-24,1.2,0.034
1997-11-25,1.3,0.0368
1997-11-26,1.3,0.0368
1997-11-27,1.3,0.0368
1997-11-28,1.3,0.0368
1997-11-29,1.3,0.0368
1997-11-30,1.3,0.0368
1997-12-01,1.4,0.0396
1997-12-02,1.4,0.0396
1997-12-03,1.3,0.0368
1997-12-04,1.4,0.0396
1997-12-05,1.4,0.0396
1997-12-06,1.4,0.0396
1997-12-07,1.5,0.0425
1997-12-08,1.4,0.0396
1997-12-09,1.3,0.0368
1997-12-10,1.2,0.034
1997-12-11,1.1,0.0311
1997-12-12,1.2,0.034
1997-12-13,1.2,0.034
1997-12-14,1.3,0.0368
1997-12-15,1.3,0.0368
1997-12-16,1.5,0.0425
1997-12-17,1.4,0.0396
1997-12-18,1.4,0.0396
1997-12-19,1.4,0.0396
1997-12-20,1.8,0.051
1997-12-21,1.9,0.0538
1997-12-22,2.1,0.0595
1997-12-23,2.5,0.0708
1997-12-24,2.3,0.0651
1997-12-25,2.0,0.0566
1997-12-26,1.7,0.0481
1997-12-27,1.7,0.0481
1997-12-28,1.7,0.0481
1997-12-29,1.6,0.0453
1997-12-30,1.5,0.0425
1997-12-31,1.5,0.0425
1998-01-01,1.5,0.0425
1998-01-02,1.5,0.0425
1998-01-03,1.5,0.0425
1998-01-04,1.6,0.0453
1998-01-05,1.6,0.0453
1998-01-06,1.5,0.0425
1998-01-07,1.5,0.0425
1998-01-08,1.5,0.0425
1998-01-09,1.5,0.0425
1998-01-10,1.5,0.0425
1998-01-11,1.5,0.0425
1998-01-12,1.6,0.0453
1998-01-13,1.6,0.0453
1998-01-14,1.6,0.0453
1998-01-15,1.4,0.0396
1998-01-16,1.5,0.0425
1998-01-17,1.4,0.0396
1998-01-18,1.4,0.0396
1998-01-19,1.4,0.0396
1998-01-20,1.4,0.0396
1998-01-21,1.4,0.0396
1998-01-22,1.4,0.0396
1998-01-23,1.5,0.0425
1998-01-24,1.5,0.0425
1998-01-25,1.5,0.0425
1998-01-26,1.5,0.0425
1998-01-27,1.6,0.0453
1998-01-28,1.6,0.0453
1998-01-29,1.6,0.0453
1998-01-30,1.5,0.0425
1998-01-31,1.5,0.0425
1998-02-01,1.5,0.0425
1998-02-02,1.5,0.0425
1998-02-03,1.5,0.0425
1998-02-04,1.5,0.0425
1998-02-05,1.5,0.0425
1998-02-06,1.5,0.0425
1998-02-07,1.6,0.0453
1998-02-08,1.6,0.0453
1998-02-09,1.6,0.0453
1998-02-10,1.6,0.0453
1998-02-11,1.6,0.0453
1998-02-12,1.5,0.0425
1998-02-13,1.5,0.0425
1998-02-14,1.5,0.0425
1998-02-15,1.5,0.0425
1998-02-16,1.5,0.0425
1998-02-17,1.5,0.0425
1998-02-18,1.4,0.0396
1998-02-19,1.4,0.0396
1998-02-20,1.4,0.0396
1998-02-21,1.4,0.0396
1998-02-22,1.4,0.0396
1998-02-23,1.5,0.0425
1998-02-24,1.5,0.0425
1998-02-25,1.5,0.0425
1998-02-26,1.5,0.0425
1998-02-27,1.5,0.0425
1998-02-28,1.5,0.0425
1998-03-01,1.5,0.0425
1998-03-02,1.5,0.0425
1998-03-03,1.5,0.0425
1998-03-04,1.5,0.0425
1998-03-05,1.5,0.0425
1998-03-06,1.5,0.0425
1998-03-07,1.5,0.0425
1998-03-08,1.5,0.0425
1998-03-09,1.5,0.0425
1998-03-10,1.5,0.0425
1998-03-11,1.5,0.0425
1998-03-12,1.5,0.0425
1998-03-13,1.6,0.0453
1998-03-14,1.7,0.0481
1998-03-15,1.7,0.0481
1998-03-16,1.7,0.0481
1998-03-17,1.8,0.051
1998-03-18,1.7,0.0481
1998-03-19,1.7,0.0481
1998-03-20,1.7,0.0481
1998-03-21,1.6,0.0453
1998-03-22,1.6,0.0453
1998-03-23,1.7,0.0481
1998-03-24,1.6,0.0453
1998-03-25,1.6,0.0453
1998-03-26,1.6,0.0453
1998-03-27,1.5,0.0425
1998-03-28,1.5,0.0425
1998-03-29,1.5,0.0425
1998-03-30,1.4,0.0396
1998-03-31,1.4,0.0396
1998-04-01,1.5,0.0425
1998-04-02,1.4,0.0396
1998-04-03,1.4,0.0396
1998-04-04,1.6,0.0453
1998-04-05,1.7,0.0481
1998-04-06,1.5,0.0425
1998-04-07,1.5,0.0425
1998-04-08,1.4,0.0396
1998-04-09,1.4,0.0396
1998-04-10,1.4,0.0396
1998-04-11,1.3,0.0368
1998-04-12,1.2,0.034
1998-04-13,1.2,0.034
1998-04-14,1.1,0.0311
1998-04-15,1.1,0.0311
1998-04-16,1.1,0.0311
1998-04-17,1.0,0.0283
1998-04-18,1.1,0.0311
1998-04-19,1.1,0.0311
1998-04-20,1.1,0.0311
1998-04-21,0.99,0.028
1998-04-22,1.0,0.0283
1998-04-23,0.99,0.028
1998-04-24,0.95,0.0269
1998-04-25,0.82,0.0232
1998-04-26,0.75,0.0212
1998-04-27,0.69,0.0195
1998-04-28,0.7,0.0198
1998-04-29,0.73,0.0207
1998-04-30,0.74,0.021
1998-05-01,0.72,0.0204
1998-05-02,0.66,0.0187
1998-05-03,0.57,0.0161
1998-05-04,0.46,0.013
1998-05-05,0.38,0.0108
1998-05-06,0.33,0.0093
1998-05-07,0.31,0.0088
1998-05-08,0.27,0.0076
1998-05-09,0.22,0.0062
1998-05-10,0.21,0.0059
1998-05-11,0.17,0.0048
1998-05-12,0.1,0.0028
1998-05-13,0.08,0.0023
1998-05-14,0.06,0.0017
1998-05-15,0.02,0.0006
1998-05-16,0.01,0.0003
1998-05-17,0.0,0.0
1998-05-18,0.0,0.0
1998-05-19,0.0,0.0
1998-05-20,0.0,0.0
1998-05-21,0.0,0.0
1998-05-22,0.0,0.0
1998-05-23,0.0,0.0
1998-05-24,0.0,0.0
1998-05-25,0.0,0.0
1998-05-26,0.0,0.0
1998-05-27,0.0,0.0
1998-05-28,0.0,0.0
1998-05-29,0.0,0.0
1998-05-30,0.0,0.0
1998-05-31,0.0,0.0
1998-06-01,0.0,0.0
1998-06-02,0.0,0.0
1998-06-03,0.0,0.0
1998-06-04,0.0,0.0
1998-06-05,0.0,0.0
1998-06-06,0.0,0.0
1998-06-07,0.0,0.0
1998-06-08,0.0,0.0
1998-06-09,0.0,0.0
1998-06-10,0.0,0.0
1998-06-11,0.0,0.0
1998-06-12,0.0,0.0
1998-06-13,0.0,0.0
1998-06-14,0.0,0.0
1998-06-15,0.0,0.0
1998-06-16,0.0,0.0
1998-06-17,0.0,0.0
1998-06-18,0.0,0.0
1998-06-19,0.0,0.0
1998-06-20,0.0,0.0
1998-06-21,0.0,0.0
1998-06-22,0.0,0.0
1998-06-23,0.0,0.0
1998-06-24,0.0,0.0
1998-06-25,0.0,0.0
1998-06-26,0.0,0.0
1998-06-27,0.0,0.0
1998-06-28,0.0,0.0
1998-06-29,0.0,0.0
1998-06-30,0.0,0.0
1998-07-01,0.0,0.0
1998-07-02,0.0,0.0
1998-07-03,0.0,0.0
1998-07-04,0.0,0.0
1998-07-05,0.0,0.0
1998-07-06,0.0,0.0
1998-07-07,0.0,0.0
1998-07-08,0.0,0.0
1998-07-09,0.0,0.0
1998-07-10,0.0,0.0
1998-07-11,0.0,0.0
1998-07-12,0.0,0.0
1998-07-13,0.0,0.0
1998-07-14,0.0,0.0
1998-07-15,0.0,0.0
1998-07-16,0.0,0.0
1998-07-17,0.0,0.0
1998-07-18,0.0,0.0
1998-07-19,0.0,0.0
1998-07-20,0.0,0.0
1998-07-21,0.0,0.0
1998-07-22,0.0,0.0
1998-07-23,0.0,0.0
1998-07-24,0.0,0.0
1998-07-25,0.0,0.0
1998-07-26,0.0,0.0
1998-07-27,0.0,0.0
1998-07-28,0.0,0.0
1998-07-29,0.0,0.0
1998-07-30,0.0,0.0
1998-07-31,0.0,0.0
1998-08-01,0.0,0.0
1998-08-02,0.0,0.0
1998-08-03,0.0,0.0
1998-08-04,0.0,0.0
1998-08-05,0.01,0.0003
1998-08-06,0.0,0.0
1998-08-07,0.0,0.0
1998-08-08,0.0,0.0
1998-08-09,0.0,0.0
1998-08-10,0.0,0.0
1998-08-11,0.0,0.0
1998-08-12,0.0,0.0
1998-08-13,0.0,0.0
1998-08-14,0.0,0.0
1998-08-15,0.0,0.0
1998-08-16,0.0,0.0
1998-08-17,0.0,0.0
1998-08-18,0.0,0.0
1998-08-19,0.0,0.0
1998-08-20,0.0,0.0
1998-08-21,0.0,0.0
1998-08-22,0.0,0.0
1998-08-23,0.0,0.0
1998-08-24,0.0,0.0
1998-08-25,0.0,0.0
1998-08-26,0.0,0.0
1998-08-27,0.0,0.0
1998-08-28,0.0,0.0
1998-08-29,43.0,1.2176
1998-08-30,93.0,2.6335
1998-08-31,23.0,0.6513
1998-09-01,3.8,0.1076
1998-09-02,0.89,0.0252
1998-09-03,0.17,0.0048
1998-09-04,0.0,0.0
1998-09-05,0.0,0.0
1998-09-06,0.0,0.0
1998-09-07,0.0,0.0
1998-09-08,0.0,0.0
1998-09-09,0.0,0.0
1998-09-10,0.0,0.0
1998-09-11,0.0,0.0
1998-09-12,0.0,0.0
1998-09-13,0.0,0.0
1998-09-14,0.0,0.0
1998-09-15,0.0,0.0
1998-09-16,0.0,0.0
1998-09-17,0.0,0.0
1998-09-18,0.0,0.0
1998-09-19,0.0,0.0
1998-09-20,0.0,0.0
1998-09-21,0.0,0.0
1998-09-22,0.0,0.0
1998-09-23,0.0,0.0
1998-09-24,0.0,0.0
1998-09-25,0.0,0.0
1998-09-26,0.0,0.0
1998-09-27,0.0,0.0
1998-09-28,0.0,0.0
1998-09-29,0.0,0.0
1998-09-30,0.0,0.0
1998-10-01,0.0,0.0
1998-10-02,0.0,0.0
1998-10-03,0.0,0.0
1998-10-04,0.0,0.0
1998-10-05,0.0,0.0
1998-10-06,0.0,0.0
1998-10-07,0.0,0.0
1998-10-08,0.0,0.0
1998-10-09,0.0,0.0
1998-10-10,0.0,0.0
1998-10-11,0.0,0.0
1998-10-12,0.0,0.0
1998-10-13,0.0,0.0
1998-10-14,0.0,0.0
1998-10-15,0.0,0.0
1998-10-16,0.0,0.0
1998-10-17,0.0,0.0
1998-10-18,0.0,0.0
1998-10-19,0.0,0.0
1998-10-20,0.0,0.0
1998-10-21,0.0,0.0
1998-10-22,0.0,0.0
1998-10-23,0.0,0.0
1998-10-24,0.0,0.0
1998-10-25,0.0,0.0
1998-10-26,0.0,0.0
1998-10-27,0.0,0.0
1998-10-28,0.4,0.0113
1998-10-29,21.0,0.5947
1998-10-30,3.9,0.1104
1998-10-31,11.0,0.3115
1998-11-01,12.0,0.3398
1998-11-02,7.1,0.201
1998-11-03,1.6,0.0453
1998-11-04,0.83,0.0235
1998-11-05,0.63,0.0178
1998-11-06,0.61,0.0173
1998-11-07,0.58,0.0164
1998-11-08,0.51,0.0144
1998-11-09,0.47,0.0133
1998-11-10,0.43,0.0122
1998-11-11,0.38,0.0108
1998-11-12,0.36,0.0102
1998-11-13,0.38,0.0108
1998-11-14,0.43,0.0122
1998-11-15,0.44,0.0125
1998-11-16,0.41,0.0116
1998-11-17,0.38,0.0108
1998-11-18,0.39,0.011
1998-11-19,0.44,0.0125
1998-11-20,0.44,0.0125
1998-11-21,0.44,0.0125
1998-11-22,0.43,0.0122
1998-11-23,0.45,0.0127
1998-11-24,0.46,0.013
1998-11-25,0.48,0.0136
1998-11-26,0.51,0.0144
1998-11-27,0.51,0.0144
1998-11-28,0.56,0.0159
1998-11-29,0.54,0.0153
1998-11-30,0.5,0.0142
1998-12-01,0.48,0.0136
1998-12-02,0.59,0.0167
1998-12-03,0.87,0.0246
1998-12-04,0.9,0.0255
1998-12-05,0.9,0.0255
1998-12-06,0.84,0.0238
1998-12-07,0.81,0.0229
1998-12-08,0.77,0.0218
1998-12-09,0.83,0.0235
1998-12-10,0.89,0.0252
1998-12-11,1.2,0.034
1998-12-12,1.3,0.0368
1998-12-13,1.3,0.0368
1998-12-14,1.2,0.034
1998-12-15,1.1,0.0311
1998-12-16,1.1,0.0311
1998-12-17,1.1,0.0311
1998-12-18,1.2,0.034
1998-12-19,1.0,0.0283
1998-12-20,1.1,0.0311
1998-12-21,1.0,0.0283
1998-12-22,0.98,0.0278
1998-12-23,0.99,0.028
1998-12-24,0.98,0.0278
1998-12-25,0.99,0.028
1998-12-26,1.1,0.0311
1998-12-27,1.1,0.0311
1998-12-28,1.2,0.034
1998-12-29,1.1,0.0311
1998-12-30,1.1,0.0311
1998-12-31,1.1,0.0311
1999-01-01,3.4,0.0963
1999-01-02,3.2,0.0906
1999-01-03,3.2,0.0906
1999-01-04,3.3,0.0934
1999-01-05,3.6,0.1019
1999-01-06,3.7,0.1048
1999-01-07,1.1,0.0311
1999-01-08,1.0,0.0283
1999-01-09,1.0,0.0283
1999-01-10,0.96,0.0272
1999-01-11,0.97,0.0275
1999-01-12,1.0,0.0283
1999-01-13,0.95,0.0269
1999-01-14,0.89,0.0252
1999-01-15,0.9,0.0255
1999-01-16,0.95,0.0269
1999-01-17,0.96,0.0272
1999-01-18,0.91,0.0258
1999-01-19,0.91,0.0258
1999-01-20,0.89,0.0252
1999-01-21,0.89,0.0252
1999-01-22,0.84,0.0238
1999-01-23,0.81,0.0229
1999-01-24,0.8,0.0227
1999-01-25,0.82,0.0232
1999-01-26,0.84,0.0238
1999-01-27,0.83,0.0235
1999-01-28,0.81,0.0229
1999-01-29,1.1,0.0311
1999-01-30,1.0,0.0283
1999-01-31,0.94,0.0266
1999-02-01,1.0,0.0283
1999-02-02,1.2,0.034
1999-02-03,1.2,0.034
1999-02-04,1.2,0.034
1999-02-05,1.2,0.034
1999-02-06,1.2,0.034
1999-02-07,1.3,0.0368
1999-02-08,1.3,0.0368
1999-02-09,1.3,0.0368
1999-02-10,1.3,0.0368
1999-02-11,1.2,0.034
1999-02-12,1.2,0.034
1999-02-13,1.2,0.034
1999-02-14,1.2,0.034
1999-02-15,1.3,0.0368
1999-02-16,1.3,0.0368
1999-02-17,1.3,0.0368
1999-02-18,1.3,0.0368
1999-02-19,1.3,0.0368
1999-02-20,1.3,0.0368
1999-02-21,1.3,0.0368
1999-02-22,1.3,0.0368
1999-02-23,1.3,0.0368
1999-02-24,1.3,0.0368
1999-02-25,1.3,0.0368
1999-02-26,1.3,0.0368
1999-02-27,1.2,0.034
1999-02-28,1.2,0.034
1999-03-01,1.2,0.034
1999-03-02,1.1,0.0311
1999-03-03,1.1,0.0311
1999-03-04,1.2,0.034
1999-03-05,1.1,0.0311
1999-03-06,1.1,0.0311
1999-03-07,1.2,0.034
1999-03-08,1.2,0.034
1999-03-09,1.1,0.0311
1999-03-10,1.1,0.0311
1999-03-11,1.1,0.0311
1999-03-12,1.1,0.0311
1999-03-13,1.1,0.0311
1999-03-14,1.1,0.0311
1999-03-15,1.2,0.034
1999-03-16,1.2,0.034
1999-03-17,1.2,0.034
1999-03-18,1.2,0.034
1999-03-19,1.2,0.034
1999-03-20,1.2,0.034
1999-03-21,1.2,0.034
1999-03-22,1.2,0.034
1999-03-23,1.1,0.0311
1999-03-24,1.1,0.0311
1999-03-25,1.0,0.0283
1999-03-26,1.1,0.0311
1999-03-27,1.1,0.0311
1999-03-28,1.1,0.0311
1999-03-29,1.1,0.0311
1999-03-30,1.1,0.0311
1999-03-31,1.1,0.0311
1999-04-01,1.0,0.0283
1999-04-02,0.99,0.028
1999-04-03,0.93,0.0263
1999-04-04,0.91,0.0258
1999-04-05,0.89,0.0252
1999-04-06,0.86,0.0244
1999-04-07,0.82,0.0232
1999-04-08,0.75,0.0212
1999-04-09,0.68,0.0193
1999-04-10,0.62,0.0176
1999-04-11,0.58,0.0164
1999-04-12,0.56,0.0159
1999-04-13,4.9,0.1388
1999-04-14,3.8,0.1076
1999-04-15,0.81,0.0229
1999-04-16,0.41,0.0116
1999-04-17,0.33,0.0093
1999-04-18,0.31,0.0088
1999-04-19,0.3,0.0085
1999-04-20,0.26,0.0074
1999-04-21,0.23,0.0065
1999-04-22,0.22,0.0062
1999-04-23,0.2,0.0057
1999-04-24,0.2,0.0057
1999-04-25,0.2,0.0057
1999-04-26,0.19,0.0054
1999-04-27,0.19,0.0054
1999-04-28,0.18,0.0051
1999-04-29,0.17,0.0048
1999-04-30,0.2,0.0057
1999-05-01,1.6,0.0453
1999-05-02,0.23,0.0065
1999-05-03,0.15,0.0042
1999-05-04,0.11,0.0031
1999-05-05,0.06,0.0017
1999-05-06,0.06,0.0017
1999-05-07,0.05,0.0014
1999-05-08,0.0,0.0
1999-05-09,0.0,0.0
1999-05-10,0.0,0.0
1999-05-11,0.0,0.0
1999-05-12,0.0,0.0
1999-05-13,0.0,0.0
1999-05-14,0.0,0.0
1999-05-15,0.01,0.0003
1999-05-16,0.0,0.0
1999-05-17,0.01,0.0003
1999-05-18,0.01,0.0003
1999-05-19,0.01,0.0003
1999-05-20,0.01,0.0003
1999-05-21,0.01,0.0003
1999-05-22,0.03,0.0008
1999-05-23,13.0,0.3681
1999-05-24,2.4,0.068
1999-05-25,0.99,0.028
1999-05-26,0.17,0.0048
1999-05-27,0.13,0.0037
1999-05-28,0.19,0.0054
1999-05-29,0.2,0.0057
1999-05-30,0.53,0.015
1999-05-31,0.19,0.0054
1999-06-01,0.13,0.0037
1999-06-02,0.1,0.0028
1999-06-03,0.09,0.0025
1999-06-04,0.09,0.0025
1999-06-05,0.08,0.0023
1999-06-06,0.08,0.0023
1999-06-07,0.07,0.002
1999-06-08,0.07,0.002
1999-06-09,0.07,0.002
1999-06-10,0.07,0.002
1999-06-11,0.06,0.0017
1999-06-12,0.06,0.0017
1999-06-13,0.11,0.0031
1999-06-14,0.06,0.0017
1999-06-15,0.05,0.0014
1999-06-16,0.05,0.0014
1999-06-17,0.04,0.0011
1999-06-18,0.04,0.0011
1999-06-19,0.04,0.0011
1999-06-20,0.04,0.0011
1999-06-21,2160.0,61.1643
1999-06-22,544.0,15.4043
1999-06-23,54.0,1.5291
1999-06-24,13.0,0.3681
1999-06-25,12.0,0.3398
1999-06-26,11.0,0.3115
1999-06-27,9.8,0.2775
1999-06-28,8.8,0.2492
1999-06-29,7.3,0.2067
1999-06-30,6.2,0.1756
1999-07-01,5.2,0.1472
1999-07-02,3.9,0.1104
1999-07-03,3.5,0.0991
1999-07-04,3.2,0.0906
1999-07-05,3.1,0.0878
1999-07-06,3.0,0.085
1999-07-07,2.8,0.0793
1999-07-08,2.7,0.0765
1999-07-09,2.6,0.0736
1999-07-10,3.6,0.1019
1999-07-11,4.0,0.1133
1999-07-12,3.6,0.1019
1999-07-13,2.9,0.0821
1999-07-14,2.6,0.0736
1999-07-15,2.6,0.0736
1999-07-16,2.2,0.0623
1999-07-17,2.0,0.0566
1999-07-18,1.9,0.0538
1999-07-19,1.8,0.051
1999-07-20,1.7,0.0481
1999-07-21,1.6,0.0453
1999-07-22,1.9,0.0538
1999-07-23,2.1,0.0595
1999-07-24,2.0,0.0566
1999-07-25,1.6,0.0453
1999-07-26,1.4,0.0396
1999-07-27,1.2,0.034
1999-07-28,1.1,0.0311
1999-07-29,1.0,0.0283
1999-07-30,0.97,0.0275
1999-07-31,1.0,0.0283
1999-08-01,0.94,0.0266
1999-08-02,0.84,0.0238
1999-08-03,0.76,0.0215
1999-08-04,0.74,0.021
1999-08-05,2.5,0.0708
1999-08-06,1.3,0.0368
1999-08-07,0.91,0.0258
1999-08-08,0.81,0.0229
1999-08-09,0.97,0.0275
1999-08-10,0.81,0.0229
1999-08-11,0.89,0.0252
1999-08-12,0.81,0.0229
1999-08-13,0.77,0.0218
1999-08-14,0.71,0.0201
1999-08-15,0.66,0.0187
1999-08-16,0.63,0.0178
1999-08-17,0.61,0.0173
1999-08-18,0.62,0.0176
1999-08-19,0.61,0.0173
1999-08-20,0.59,0.0167
1999-08-21,0.6,0.017
1999-08-22,0.6,0.017
1999-08-23,0.6,0.017
1999-08-24,0.81,0.0229
1999-08-25,0.61,0.0173
1999-08-26,0.6,0.017
1999-08-27,0.55,0.0156
1999-08-28,0.59,0.0167
1999-08-29,0.67,0.019
1999-08-30,0.65,0.0184
1999-08-31,0.58,0.0164
1999-09-01,0.51,0.0144
1999-09-02,0.46,0.013
1999-09-03,0.46,0.013
1999-09-04,1.2,0.034
1999-09-05,1.6,0.0453
1999-09-06,1.7,0.0481
1999-09-07,3.0,0.085
1999-09-08,3.1,0.0878
1999-09-09,3.3,0.0934
1999-09-10,3.7,0.1048
1999-09-11,3.9,0.1104
1999-09-12,4.2,0.1189
1999-09-13,4.5,0.1274
1999-09-14,5.4,0.1529
1999-09-15,7.6,0.2152
1999-09-16,8.0,0.2265
1999-09-17,32.0,0.9061
1999-09-18,24.0,0.6796
1999-09-19,11.0,0.3115
1999-09-20,8.1,0.2294
1999-09-21,6.6,0.1869
1999-09-22,5.6,0.1586
1999-09-23,4.7,0.1331
1999-09-24,4.0,0.1133
1999-09-25,3.2,0.0906
1999-09-26,2.7,0.0765
1999-09-27,2.2,0.0623
1999-09-28,1.8,0.051
1999-09-29,1.4,0.0396
1999-09-30,1.1,0.0311
1999-10-01,0.93,0.0263
1999-10-02,0.71,0.0201
1999-10-03,0.54,0.0153
1999-10-04,0.4,0.0113
1999-10-05,0.4,0.0113
1999-10-06,0.4,0.0113
1999-10-07,0.4,0.0113
1999-10-08,0.4,0.0113
1999-10-09,0.38,0.0108
1999-10-10,0.39,0.011
1999-10-11,0.41,0.0116
1999-10-12,0.42,0.0119
1999-10-13,0.47,0.0133
1999-10-14,0.49,0.0139
1999-10-15,0.5,0.0142
1999-10-16,0.47,0.0133
1999-10-17,0.48,0.0136
1999-10-18,0.58,0.0164
1999-10-19,0.69,0.0195
1999-10-20,0.77,0.0218
1999-10-21,0.81,0.0229
1999-10-22,0.83,0.0235
1999-10-23,0.86,0.0244
1999-10-24,0.88,0.0249
1999-10-25,0.9,0.0255
1999-10-26,0.92,0.0261
1999-10-27,0.97,0.0275
1999-10-28,0.97,0.0275
1999-10-29,1.0,0.0283
1999-10-30,1.0,0.0283
1999-10-31,1.1,0.0311
1999-11-01,1.1,0.0311
1999-11-02,1.1,0.0311
1999-11-03,1.1,0.0311
1999-11-04,1.2,0.034
1999-11-05,1.2,0.034
1999-11-06,1.2,0.034
1999-11-07,1.2,0.034
1999-11-08,1.2,0.034
1999-11-09,1.1,0.0311
1999-11-10,1.1,0.0311
1999-11-11,1.1,0.0311
1999-11-12,1.1,0.0311
1999-11-13,1.1,0.0311
1999-11-14,1.0,0.0283
1999-11-15,1.0,0.0283
1999-11-16,1.0,0.0283
1999-11-17,1.0,0.0283
1999-11-18,1.0,0.0283
1999-11-19,0.95,0.0269
1999-11-20,0.91,0.0258
1999-11-21,0.95,0.0269
1999-11-22,0.9,0.0255
1999-11-23,0.86,0.0244
1999-11-24,0.86,0.0244
1999-11-25,0.86,0.0244
1999-11-26,0.86,0.0244
1999-11-27,0.88,0.0249
1999-11-28,0.84,0.0238
1999-11-29,0.83,0.0235
1999-11-30,0.83,0.0235
1999-12-01,0.85,0.0241
1999-12-02,0.87,0.0246
1999-12-03,0.89,0.0252
1999-12-04,0.86,0.0244
1999-12-05,0.89,0.0252
1999-12-06,0.9,0.0255
1999-12-07,0.91,0.0258
1999-12-08,0.93,0.0263
1999-12-09,0.95,0.0269
1999-12-10,0.95,0.0269
1999-12-11,0.96,0.0272
1999-12-12,0.99,0.028
1999-12-13,1.0,0.0283
1999-12-14,1.0,0.0283
1999-12-15,1.0,0.0283
1999-12-16,1.1,0.0311
1999-12-17,1.1,0.0311
1999-12-18,1.0,0.0283
1999-12-19,1.1,0.0311
1999-12-20,1.1,0.0311
1999-12-21,1.1,0.0311
1999-12-22,1.1,0.0311
1999-12-23,1.1,0.0311
1999-12-24,1.2,0.034
1999-12-25,1.2,0.034
1999-12-26,1.2,0.034
1999-12-27,1.2,0.034
1999-12-28,1.3,0.0368
1999-12-29,1.3,0.0368
1999-12-30,1.2,0.034
1999-12-31,1.3,0.0368
2000-01-01,1.3,0.0368
2000-01-02,1.3,0.0368
2000-01-03,1.3,0.0368
2000-01-04,1.3,0.0368
2000-01-05,1.4,0.0396
2000-01-06,1.5,0.0425
2000-01-07,1.6,0.0453
2000-01-08,1.6,0.0453
2000-01-09,1.6,0.0453
2000-01-10,1.7,0.0481
2000-01-11,1.7,0.0481
2000-01-12,1.7,0.0481
2000-01-13,1.7,0.0481
2000-01-14,1.8,0.051
2000-01-15,1.8,0.051
2000-01-16,1.8,0.051
2000-01-17,1.9,0.0538
2000-01-18,1.9,0.0538
2000-01-19,1.9,0.0538
2000-01-20,1.9,0.0538
2000-01-21,2.0,0.0566
2000-01-22,2.0,0.0566
2000-01-23,2.0,0.0566
2000-01-24,2.0,0.0566
2000-01-25,2.0,0.0566
2000-01-26,2.0,0.0566
2000-01-27,2.1,0.0595
2000-01-28,2.1,0.0595
2000-01-29,2.1,0.0595
2000-01-30,2.2,0.0623
2000-01-31,2.2,0.0623
2000-02-01,2.4,0.068
2000-02-02,2.6,0.0736
2000-02-03,2.6,0.0736
2000-02-04,2.3,0.0651
2000-02-05,2.0,0.0566
2000-02-06,2.0,0.0566
2000-02-07,2.0,0.0566
2000-02-08,2.0,0.0566
2000-02-09,2.0,0.0566
2000-02-10,2.0,0.0566
2000-02-11,1.9,0.0538
2000-02-12,1.8,0.051
2000-02-13,1.8,0.051
2000-02-14,1.8,0.051
2000-02-15,1.8,0.051
2000-02-16,1.8,0.051
2000-02-17,1.8,0.051
2000-02-18,1.7,0.0481
2000-02-19,1.7,0.0481
2000-02-20,1.7,0.0481
2000-02-21,1.8,0.051
2000-02-22,1.9,0.0538
2000-02-23,1.8,0.051
2000-02-24,1.7,0.0481
2000-02-25,1.7,0.0481
2000-02-26,1.7,0.0481
2000-02-27,1.7,0.0481
2000-02-28,1.6,0.0453
2000-02-29,1.6,0.0453
2000-03-01,1.7,0.0481
2000-03-02,1.7,0.0481
2000-03-03,1.6,0.0453
2000-03-04,1.6,0.0453
2000-03-05,1.6,0.0453
2000-03-06,1.6,0.0453
2000-03-07,1.6,0.0453
2000-03-08,1.5,0.0425
2000-03-09,1.5,0.0425
2000-03-10,1.4,0.0396
2000-03-11,1.4,0.0396
2000-03-12,1.5,0.0425
2000-03-13,1.5,0.0425
2000-03-14,1.5,0.0425
2000-03-15,1.4,0.0396
2000-03-16,1.4,0.0396
2000-03-17,1.4,0.0396
2000-03-18,1.5,0.0425
2000-03-19,1.5,0.0425
2000-03-20,1.5,0.0425
2000-03-21,1.4,0.0396
2000-03-22,1.5,0.0425
2000-03-23,1.5,0.0425
2000-03-24,1.4,0.0396
2000-03-25,1.4,0.0396
2000-03-26,1.4,0.0396
2000-03-27,1.3,0.0368
2000-03-28,1.3,0.0368
2000-03-29,1.3,0.0368
2000-03-30,1.3,0.0368
2000-03-31,1.2,0.034
2000-04-01,1.2,0.034
2000-04-02,1.3,0.0368
2000-04-03,1.3,0.0368
2000-04-04,1.2,0.034
2000-04-05,1.0,0.0283
2000-04-06,0.87,0.0246
2000-04-07,0.74,0.021
2000-04-08,0.61,0.0173
2000-04-09,0.56,0.0159
2000-04-10,0.52,0.0147
2000-04-11,0.46,0.013
2000-04-12,0.41,0.0116
2000-04-13,0.37,0.0105
2000-04-14,0.31,0.0088
2000-04-15,0.26,0.0074
2000-04-16,0.23,0.0065
2000-04-17,0.22,0.0062
2000-04-18,0.21,0.0059
2000-04-19,0.2,0.0057
2000-04-20,0.18,0.0051
2000-04-21,0.17,0.0048
2000-04-22,0.16,0.0045
2000-04-23,0.14,0.004
2000-04-24,0.13,0.0037
2000-04-25,0.12,0.0034
2000-04-26,0.11,0.0031
2000-04-27,0.1,0.0028
2000-04-28,0.08,0.0023
2000-04-29,0.07,0.002
2000-04-30,0.06,0.0017
2000-05-01,0.03,0.0008
2000-05-02,0.01,0.0003
2000-05-03,0.0,0.0
2000-05-04,0.0,0.0
2000-05-05,0.0,0.0
2000-05-06,0.0,0.0
2000-05-07,0.0,0.0
2000-05-08,0.0,0.0
2000-05-09,0.0,0.0
2000-05-10,0.0,0.0
2000-05-11,0.0,0.0
2000-05-12,0.0,0.0
2000-05-13,0.0,0.0
2000-05-14,0.0,0.0
2000-05-15,0.0,0.0
2000-05-16,0.0,0.0
2000-05-17,0.0,0.0
2000-05-18,0.0,0.0
2000-05-19,0.0,0.0
2000-05-20,0.0,0.0
2000-05-21,0.0,0.0
2000-05-22,0.0,0.0
2000-05-23,0.0,0.0
2000-05-24,0.0,0.0
2000-05-25,0.0,0.0
2000-05-26,0.0,0.0
2000-05-27,0.0,0.0
2000-05-28,0.0,0.0
2000-05-29,0.0,0.0
2000-05-30,0.0,0.0
2000-05-31,0.0,0.0
2000-06-01,0.0,0.0
2000-06-02,0.0,0.0
2000-06-03,0.0,0.0
2000-06-04,0.0,0.0
2000-06-05,0.0,0.0
2000-06-06,0.0,0.0
2000-06-07,0.0,0.0
2000-06-08,0.0,0.0
2000-06-09,0.0,0.0
2000-06-10,0.0,0.0
2000-06-11,0.0,0.0
2000-06-12,0.0,0.0
2000-06-13,0.0,0.0
2000-06-14,2.1,0.0595
2000-06-15,0.59,0.0167
2000-06-16,0.14,0.004
2000-06-17,0.06,0.0017
2000-06-18,3.1,0.0878
2000-06-19,0.16,0.0045
2000-06-20,0.07,0.002
2000-06-21,0.01,0.0003
2000-06-22,0.0,0.0
2000-06-23,0.0,0.0
2000-06-24,0.0,0.0
2000-06-25,0.0,0.0
2000-06-26,0.0,0.0
2000-06-27,0.0,0.0
2000-06-28,0.0,0.0
2000-06-29,0.0,0.0
2000-06-30,0.0,0.0
2000-07-01,0.0,0.0
2000-07-02,0.0,0.0
2000-07-03,7.4,0.2095
2000-07-04,0.01,0.0003
2000-07-05,0.0,0.0
2000-07-06,0.0,0.0
2000-07-07,0.0,0.0
2000-07-08,0.0,0.0
2000-07-09,1.7,0.0481
2000-07-10,0.07,0.002
2000-07-11,0.0,0.0
2000-07-12,0.0,0.0
2000-07-13,0.0,0.0
2000-07-14,0.0,0.0
2000-07-15,0.0,0.0
2000-07-16,0.0,0.0
2000-07-17,0.0,0.0
2000-07-18,0.0,0.0
2000-07-19,0.0,0.0
2000-07-20,0.0,0.0
2000-07-21,0.0,0.0
2000-07-22,0.0,0.0
2000-07-23,0.0,0.0
2000-07-24,0.0,0.0
2000-07-25,0.0,0.0
2000-07-26,0.0,0.0
2000-07-27,0.0,0.0
2000-07-28,0.0,0.0
2000-07-29,0.0,0.0
2000-07-30,0.0,0.0
2000-07-31,0.0,0.0
2000-08-01,0.0,0.0
2000-08-02,0.0,0.0
2000-08-03,0.0,0.0
2000-08-04,0.0,0.0
2000-08-05,0.0,0.0
2000-08-06,0.0,0.0
2000-08-07,0.0,0.0
2000-08-08,0.0,0.0
2000-08-09,0.0,0.0
2000-08-10,0.0,0.0
2000-08-11,0.0,0.0
2000-08-12,0.0,0.0
2000-08-13,0.0,0.0
2000-08-14,0.0,0.0
2000-08-15,0.0,0.0
2000-08-16,0.0,0.0
2000-08-17,0.0,0.0
2000-08-18,0.0,0.0
2000-08-19,0.0,0.0
2000-08-20,0.0,0.0
2000-08-21,0.0,0.0
2000-08-22,0.0,0.0
2000-08-23,0.0,0.0
2000-08-24,0.0,0.0
2000-08-25,0.0,0.0
2000-08-26,0.0,0.0
2000-08-27,0.0,0.0
2000-08-28,0.0,0.0
2000-08-29,0.0,0.0
2000-08-30,0.0,0.0
2000-08-31,150.0,4.2475
2000-09-01,63.0,1.784
2000-09-02,2.0,0.0566
2000-09-03,0.32,0.0091
2000-09-04,0.1,0.0028
2000-09-05,0.02,0.0006
2000-09-06,0.0,0.0
2000-09-07,0.0,0.0
2000-09-08,0.0,0.0
2000-09-09,0.0,0.0
2000-09-10,0.0,0.0
2000-09-11,0.0,0.0
2000-09-12,0.0,0.0
2000-09-13,0.0,0.0
2000-09-14,0.0,0.0
2000-09-15,0.0,0.0
2000-09-16,0.0,0.0
2000-09-17,0.0,0.0
2000-09-18,0.0,0.0
2000-09-19,0.0,0.0
2000-09-20,0.0,0.0
2000-09-21,0.0,0.0
2000-09-22,0.0,0.0
2000-09-23,0.0,0.0
2000-09-24,0.0,0.0
2000-09-25,0.0,0.0
2000-09-26,0.0,0.0
2000-09-27,0.0,0.0
2000-09-28,0.0,0.0
2000-09-29,0.0,0.0
2000-09-30,0.0,0.0
2000-10-01,0.0,0.0
2000-10-02,0.0,0.0
2000-10-03,0.0,0.0
2000-10-04,0.0,0.0
2000-10-05,0.0,0.0
2000-10-06,0.0,0.0
2000-10-07,0.0,0.0
2000-10-08,0.0,0.0
2000-10-09,0.0,0.0
2000-10-10,0.0,0.0
2000-10-11,0.0,0.0
2000-10-12,0.0,0.0
2000-10-13,0.0,0.0
2000-10-14,0.0,0.0
2000-10-15,0.0,0.0
2000-10-16,10.0,0.2832
2000-10-17,20.0,0.5663
2000-10-18,12.0,0.3398
2000-10-19,0.63,0.0178
2000-10-20,0.43,0.0122
2000-10-21,0.34,0.0096
2000-10-22,0.4,0.0113
2000-10-23,3.0,0.085
2000-10-24,0.97,0.0275
2000-10-25,0.32,0.0091
2000-10-26,0.2,0.0057
2000-10-27,0.18,0.0051
2000-10-28,0.18,0.0051
2000-10-29,0.17,0.0048
2000-10-30,0.16,0.0045
2000-10-31,0.2,0.0057
2000-11-01,0.19,0.0054
2000-11-02,0.18,0.0051
2000-11-03,0.17,0.0048
2000-11-04,0.19,0.0054
2000-11-05,0.25,0.0071
2000-11-06,0.25,0.0071
2000-11-07,4.6,0.1303
2000-11-08,1.2,0.034
2000-11-09,0.49,0.0139
2000-11-10,0.42,0.0119
2000-11-11,0.36,0.0102
2000-11-12,0.34,0.0096
2000-11-13,0.33,0.0093
2000-11-14,0.32,0.0091
2000-11-15,0.37,0.0105
2000-11-16,0.37,0.0105
2000-11-17,0.42,0.0119
2000-11-18,0.43,0.0122
2000-11-19,0.48,0.0136
2000-11-20,0.5,0.0142
2000-11-21,0.53,0.015
2000-11-22,0.55,0.0156
2000-11-23,0.59,0.0167
2000-11-24,0.57,0.0161
2000-11-25,0.58,0.0164
2000-11-26,0.59,0.0167
2000-11-27,0.63,0.0178
2000-11-28,0.67,0.019
2000-11-29,0.68,0.0193
2000-11-30,0.74,0.021
2000-12-01,0.78,0.0221
2000-12-02,0.78,0.0221
2000-12-03,0.78,0.0221
2000-12-04,0.78,0.0221
2000-12-05,0.8,0.0227
2000-12-06,0.8,0.0227
2000-12-07,0.82,0.0232
2000-12-08,0.82,0.0232
2000-12-09,0.82,0.0232
2000-12-10,0.82,0.0232
2000-12-11,0.81,0.0229
2000-12-12,0.78,0.0221
2000-12-13,0.8,0.0227
2000-12-14,0.78,0.0221
2000-12-15,0.8,0.0227
2000-12-16,0.78,0.0221
2000-12-17,0.78,0.0221
2000-12-18,0.75,0.0212
2000-12-19,0.73,0.0207
2000-12-20,0.77,0.0218
2000-12-21,0.76,0.0215
2000-12-22,0.76,0.0215
2000-12-23,0.9,0.0255
2000-12-24,1.1,0.0311
2000-12-25,1.2,0.034
2000-12-26,1.3,0.0368
2000-12-27,1.2,0.034
2000-12-28,1.2,0.034
2000-12-29,1.2,0.034
2000-12-30,1.2,0.034
2000-12-31,1.2,0.034
2001-01-01,1.2,0.034
2001-01-02,1.2,0.034
2001-01-03,1.2,0.034
2001-01-04,1.1,0.0311
2001-01-05,1.1,0.0311
2001-01-06,1.2,0.034
2001-01-07,1.2,0.034
2001-01-08,1.2,0.034
2001-01-09,1.1,0.0311
2001-01-10,1.2,0.034
2001-01-11,1.2,0.034
2001-01-12,1.2,0.034
2001-01-13,1.2,0.034
2001-01-14,1.2,0.034
2001-01-15,1.1,0.0311
2001-01-16,1.1,0.0311
2001-01-17,1.1,0.0311
2001-01-18,1.2,0.034
2001-01-19,1.2,0.034
2001-01-20,1.1,0.0311
2001-01-21,1.1,0.0311
2001-01-22,1.1,0.0311
2001-01-23,1.2,0.034
2001-01-24,1.1,0.0311
2001-01-25,1.2,0.034
2001-01-26,1.1,0.0311
2001-01-27,1.2,0.034
2001-01-28,1.4,0.0396
2001-01-29,1.3,0.0368
2001-01-30,1.3,0.0368
2001-01-31,1.1,0.0311
2001-02-01,1.0,0.0283
2001-02-02,0.99,0.028
2001-02-03,1.1,0.0311
2001-02-04,1.1,0.0311
2001-02-05,1.1,0.0311
2001-02-06,1.2,0.034
2001-02-07,1.2,0.034
2001-02-08,1.2,0.034
2001-02-09,1.1,0.0311
2001-02-10,1.0,0.0283
2001-02-11,1.1,0.0311
2001-02-12,1.2,0.034
2001-02-13,1.2,0.034
2001-02-14,1.3,0.0368
2001-02-15,1.3,0.0368
2001-02-16,1.3,0.0368
2001-02-17,1.3,0.0368
2001-02-18,1.3,0.0368
2001-02-19,1.3,0.0368
2001-02-20,1.3,0.0368
2001-02-21,1.3,0.0368
2001-02-22,1.3,0.0368
2001-02-23,1.4,0.0396
2001-02-24,1.3,0.0368
2001-02-25,1.3,0.0368
2001-02-26,1.3,0.0368
2001-02-27,1.5,0.0425
2001-02-28,1.6,0.0453
2001-03-01,1.6,0.0453
2001-03-02,1.6,0.0453
2001-03-03,1.5,0.0425
2001-03-04,1.4,0.0396
2001-03-05,1.4,0.0396
2001-03-06,1.4,0.0396
2001-03-07,2.4,0.068
2001-03-08,3.5,0.0991
2001-03-09,1.6,0.0453
2001-03-10,1.3,0.0368
2001-03-11,1.3,0.0368
2001-03-12,1.3,0.0368
2001-03-13,1.2,0.034
2001-03-14,1.3,0.0368
2001-03-15,1.2,0.034
2001-03-16,1.1,0.0311
2001-03-17,1.2,0.034
2001-03-18,1.3,0.0368
2001-03-19,1.3,0.0368
2001-03-20,1.2,0.034
2001-03-21,1.2,0.034
2001-03-22,1.1,0.0311
2001-03-23,1.1,0.0311
2001-03-24,1.1,0.0311
2001-03-25,1.1,0.0311
2001-03-26,1.1,0.0311
2001-03-27,1.2,0.034
2001-03-28,1.2,0.034
2001-03-29,1.3,0.0368
2001-03-30,1.2,0.034
2001-03-31,1.1,0.0311
2001-04-01,1.1,0.0311
2001-04-02,1.0,0.0283
2001-04-03,0.84,0.0238
2001-04-04,0.77,0.0218
2001-04-05,0.76,0.0215
2001-04-06,0.74,0.021
2001-04-07,0.68,0.0193
2001-04-08,0.61,0.0173
2001-04-09,0.51,0.0144
2001-04-10,0.52,0.0147
2001-04-11,0.51,0.0144
2001-04-12,0.48,0.0136
2001-04-13,0.47,0.0133
2001-04-14,0.47,0.0133
2001-04-15,0.45,0.0127
2001-04-16,0.42,0.0119
2001-04-17,0.41,0.0116
2001-04-18,0.61,0.0173
2001-04-19,0.77,0.0218
2001-04-20,0.7,0.0198
2001-04-21,0.56,0.0159
2001-04-22,0.42,0.0119
2001-04-23,0.33,0.0093
2001-04-24,0.28,0.0079
2001-04-25,0.24,0.0068
2001-04-26,0.22,0.0062
2001-04-27,0.19,0.0054
2001-04-28,0.06,0.0017
2001-04-29,0.0,0.0
2001-04-30,0.0,0.0
2001-05-01,0.0,0.0
2001-05-02,0.0,0.0
2001-05-03,0.0,0.0
2001-05-04,0.0,0.0
2001-05-05,0.0,0.0
2001-05-06,0.0,0.0
2001-05-07,0.0,0.0
2001-05-08,0.0,0.0
2001-05-09,0.0,0.0
2001-05-10,0.0,0.0
2001-05-11,0.0,0.0
2001-05-12,0.0,0.0
2001-05-13,0.0,0.0
2001-05-14,0.0,0.0
2001-05-15,0.0,0.0
2001-05-16,0.0,0.0
2001-05-17,0.0,0.0
2001-05-18,0.0,0.0
2001-05-19,0.0,0.0
2001-05-20,0.0,0.0
2001-05-21,0.0,0.0
2001-05-22,0.0,0.0
2001-05-23,0.0,0.0
2001-05-24,0.0,0.0
2001-05-25,0.0,0.0
2001-05-26,0.0,0.0
2001-05-27,0.0,0.0
2001-05-28,0.0,0.0
2001-05-29,0.0,0.0
2001-05-30,0.0,0.0
2001-05-31,0.0,0.0
2001-06-01,0.0,0.0
2001-06-02,0.0,0.0
2001-06-03,0.0,0.0
2001-06-04,0.0,0.0
2001-06-05,0.0,0.0
2001-06-06,0.0,0.0
2001-06-07,0.0,0.0
2001-06-08,0.0,0.0
2001-06-09,0.0,0.0
2001-06-10,0.0,0.0
2001-06-11,0.0,0.0
2001-06-12,0.0,0.0
2001-06-13,0.0,0.0
2001-06-14,0.0,0.0
2001-06-15,0.0,0.0
2001-06-16,0.0,0.0
2001-06-17,0.0,0.0
2001-06-18,0.0,0.0
2001-06-19,0.0,0.0
2001-06-20,0.0,0.0
2001-06-21,0.0,0.0
2001-06-22,0.0,0.0
2001-06-23,0.0,0.0
2001-06-24,0.0,0.0
2001-06-25,0.0,0.0
2001-06-26,0.0,0.0
2001-06-27,0.0,0.0
2001-06-28,0.0,0.0
2001-06-29,0.0,0.0
2001-06-30,0.0,0.0
2001-07-01,0.0,0.0
2001-07-02,0.0,0.0
2001-07-03,0.0,0.0
2001-07-04,0.0,0.0
2001-07-05,0.0,0.0
2001-07-06,0.0,0.0
2001-07-07,0.0,0.0
2001-07-08,0.0,0.0
2001-07-09,0.0,0.0
2001-07-10,0.0,0.0
2001-07-11,0.0,0.0
2001-07-12,0.0,0.0
2001-07-13,0.0,0.0
2001-07-14,0.0,0.0
2001-07-15,0.0,0.0
2001-07-16,0.0,0.0
2001-07-17,0.0,0.0
2001-07-18,0.0,0.0
2001-07-19,0.0,0.0
2001-07-20,0.0,0.0
2001-07-21,0.0,0.0
2001-07-22,0.0,0.0
2001-07-23,0.0,0.0
2001-07-24,0.0,0.0
2001-07-25,0.0,0.0
2001-07-26,0.0,0.0
2001-07-27,0.0,0.0
2001-07-28,0.0,0.0
2001-07-29,0.0,0.0
2001-07-30,0.0,0.0
2001-07-31,0.0,0.0
2001-08-01,0.0,0.0
2001-08-02,0.0,0.0
2001-08-03,0.0,0.0
2001-08-04,0.0,0.0
2001-08-05,0.0,0.0
2001-08-06,0.0,0.0
2001-08-07,0.0,0.0
2001-08-08,0.0,0.0
2001-08-09,0.0,0.0
2001-08-10,0.0,0.0
2001-08-11,0.0,0.0
2001-08-12,0.0,0.0
2001-08-13,0.0,0.0
2001-08-14,0.0,0.0
2001-08-15,0.0,0.0
2001-08-16,0.0,0.0
2001-08-17,0.0,0.0
2001-08-18,0.0,0.0
2001-08-19,0.03,0.0008
2001-08-20,0.96,0.0272
2001-08-21,0.22,0.0062
2001-08-22,0.04,0.0011
2001-08-23,0.0,0.0
2001-08-24,0.0,0.0
2001-08-25,0.0,0.0
2001-08-26,23.0,0.6513
2001-08-27,5.5,0.1557
2001-08-28,0.91,0.0258
2001-08-29,0.31,0.0088
2001-08-30,1.5,0.0425
2001-08-31,0.55,0.0156
2001-09-01,0.18,0.0051
2001-09-02,0.1,0.0028
2001-09-03,0.02,0.0006
2001-09-04,0.0,0.0
2001-09-05,0.0,0.0
2001-09-06,0.0,0.0
2001-09-07,0.0,0.0
2001-09-08,0.0,0.0
2001-09-09,0.0,0.0
2001-09-10,0.0,0.0
2001-09-11,0.0,0.0
2001-09-12,0.0,0.0
2001-09-13,0.0,0.0
2001-09-14,0.0,0.0
2001-09-15,0.0,0.0
2001-09-16,0.0,0.0
2001-09-17,0.0,0.0
2001-09-18,0.0,0.0
2001-09-19,0.0,0.0
2001-09-20,0.0,0.0
2001-09-21,0.0,0.0
2001-09-22,0.0,0.0
2001-09-23,0.89,0.0252
2001-09-24,0.23,0.0065
2001-09-25,0.17,0.0048
2001-09-26,0.1,0.0028
2001-09-27,0.02,0.0006
2001-09-28,0.0,0.0
2001-09-29,0.0,0.0
2001-09-30,0.0,0.0
2001-10-01,0.0,0.0
2001-10-02,0.0,0.0
2001-10-03,0.0,0.0
2001-10-04,0.0,0.0
2001-10-05,0.0,0.0
2001-10-06,0.0,0.0
2001-10-07,0.0,0.0
2001-10-08,0.0,0.0
2001-10-09,0.0,0.0
2001-10-10,0.0,0.0
2001-10-11,0.0,0.0
2001-10-12,0.0,0.0
2001-10-13,0.0,0.0
2001-10-14,0.0,0.0
2001-10-15,0.0,0.0
2001-10-16,0.0,0.0
2001-10-17,0.0,0.0
2001-10-18,0.0,0.0
2001-10-19,0.0,0.0
2001-10-20,0.0,0.0
2001-10-21,0.0,0.0
2001-10-22,0.0,0.0
2001-10-23,0.0,0.0
2001-10-24,0.0,0.0
2001-10-25,0.0,0.0
2001-10-26,0.0,0.0
2001-10-27,0.0,0.0
2001-10-28,0.0,0.0
2001-10-29,0.0,0.0
2001-10-30,0.0,0.0
2001-10-31,0.0,0.0
2001-11-01,0.0,0.0
2001-11-02,0.0,0.0
2001-11-03,0.0,0.0
2001-11-04,0.0,0.0
2001-11-05,0.0,0.0
2001-11-06,0.0,0.0
2001-11-07,0.0,0.0
2001-11-08,0.0,0.0
2001-11-09,0.0,0.0
2001-11-10,0.0,0.0
2001-11-11,0.0,0.0
2001-11-12,0.0,0.0
2001-11-13,0.0,0.0
2001-11-14,0.0,0.0
2001-11-15,0.0,0.0
2001-11-16,0.0,0.0
2001-11-17,0.0,0.0
2001-11-18,0.0,0.0
2001-11-19,0.0,0.0
2001-11-20,0.0,0.0
2001-11-21,0.0,0.0
2001-11-22,0.0,0.0
2001-11-23,0.0,0.0
2001-11-24,0.0,0.0
2001-11-25,0.0,0.0
2001-11-26,0.0,0.0
2001-11-27,0.0,0.0
2001-11-28,0.0,0.0
2001-11-29,0.0,0.0
2001-11-30,0.0,0.0
2001-12-01,0.0,0.0
2001-12-02,0.0,0.0
2001-12-03,0.0,0.0
2001-12-04,0.0,0.0
2001-12-05,0.0,0.0
2001-12-06,0.0,0.0
2001-12-07,0.0,0.0
2001-12-08,0.0,0.0
2001-12-09,0.0,0.0
2001-12-10,0.0,0.0
2001-12-11,0.0,0.0
2001-12-12,0.0,0.0
2001-12-13,0.0,0.0
2001-12-14,0.0,0.0
2001-12-15,0.0,0.0
2001-12-16,0.0,0.0
2001-12-17,0.0,0.0
2001-12-18,0.0,0.0
2001-12-19,0.0,0.0
2001-12-20,0.0,0.0
2001-12-21,0.0,0.0
2001-12-22,0.0,0.0
2001-12-23,0.0,0.0
2001-12-24,0.0,0.0
2001-12-25,0.0,0.0
2001-12-26,0.0,0.0
2001-12-27,0.0,0.0
2001-12-28,0.0,0.0
2001-12-29,0.0,0.0
2001-12-30,0.0,0.0
2001-12-31,0.0,0.0
2002-01-01,0.0,0.0
2002-01-02,0.0,0.0
2002-01-03,0.0,0.0
2002-01-04,0.0,0.0
2002-01-05,0.0,0.0
2002-01-06,0.0,0.0
2002-01-07,0.0,0.0
2002-01-08,0.0,0.0
2002-01-09,0.0,0.0
2002-01-10,0.0,0.0
2002-01-11,0.0,0.0
2002-01-12,0.0,0.0
2002-01-13,0.0,0.0
2002-01-14,0.0,0.0
2002-01-15,0.0,0.0
2002-01-16,0.0,0.0
2002-01-17,0.0,0.0
2002-01-18,0.0,0.0
2002-01-19,0.0,0.0
2002-01-20,0.0,0.0
2002-01-21,0.0,0.0
2002-01-22,0.0,0.0
2002-01-23,0.0,0.0
2002-01-24,0.0,0.0
2002-01-25,0.0,0.0
2002-01-26,0.0,0.0
2002-01-27,0.0,0.0
2002-01-28,0.0,0.0
2002-01-29,0.0,0.0
2002-01-30,0.0,0.0
2002-01-31,0.0,0.0
2002-02-01,0.0,0.0
2002-02-02,0.0,0.0
2002-02-03,0.0,0.0
2002-02-04,0.0,0.0
2002-02-05,0.0,0.0
2002-02-06,0.0,0.0
2002-02-07,0.0,0.0
2002-02-08,0.0,0.0
2002-02-09,0.0,0.0
2002-02-10,0.0,0.0
2002-02-11,0.0,0.0
2002-02-12,0.0,0.0
2002-02-13,0.0,0.0
2002-02-14,0.01,0.0003
2002-02-15,0.66,0.0187
2002-02-16,0.84,0.0238
2002-02-17,0.77,0.0218
2002-02-18,0.94,0.0266
2002-02-19,0.93,0.0263
2002-02-20,0.6,0.017
2002-02-21,0.6,0.017
2002-02-22,0.6,0.017
2002-02-23,0.62,0.0176
2002-02-24,0.66,0.0187
2002-02-25,0.69,0.0195
2002-02-26,0.62,0.0176
2002-02-27,0.61,0.0173
2002-02-28,0.61,0.0173
2002-03-01,0.6,0.017
2002-03-02,0.62,0.0176
2002-03-03,0.62,0.0176
2002-03-04,0.62,0.0176
2002-03-05,0.63,0.0178
2002-03-06,0.67,0.019
2002-03-07,0.72,0.0204
2002-03-08,0.72,0.0204
2002-03-09,0.64,0.0181
2002-03-10,0.66,0.0187
2002-03-11,0.68,0.0193
2002-03-12,0.67,0.019
2002-03-13,0.72,0.0204
2002-03-14,0.74,0.021
2002-03-15,0.72,0.0204
2002-03-16,0.72,0.0204
2002-03-17,0.72,0.0204
2002-03-18,0.72,0.0204
2002-03-19,1.5,0.0425
2002-03-20,1.2,0.034
2002-03-21,0.77,0.0218
2002-03-22,0.7,0.0198
2002-03-23,0.76,0.0215
2002-03-24,0.72,0.0204
2002-03-25,0.7,0.0198
2002-03-26,0.7,0.0198
2002-03-27,0.69,0.0195
2002-03-28,0.7,0.0198
2002-03-29,0.72,0.0204
2002-03-30,0.98,0.0278
2002-03-31,0.73,0.0207
2002-04-01,0.71,0.0201
2002-04-02,0.66,0.0187
2002-04-03,0.62,0.0176
2002-04-04,0.61,0.0173
2002-04-05,0.57,0.0161
2002-04-06,0.58,0.0164
2002-04-07,0.56,0.0159
2002-04-08,0.5,0.0142
2002-04-09,0.48,0.0136
2002-04-10,0.44,0.0125
2002-04-11,0.38,0.0108
2002-04-12,0.35,0.0099
2002-04-13,0.35,0.0099
2002-04-14,0.32,0.0091
2002-04-15,0.28,0.0079
2002-04-16,0.24,0.0068
2002-04-17,0.23,0.0065
2002-04-18,0.22,0.0062
2002-04-19,0.21,0.0059
2002-04-20,0.21,0.0059
2002-04-21,0.19,0.0054
2002-04-22,0.18,0.0051
2002-04-23,0.16,0.0045
2002-04-24,0.14,0.004
2002-04-25,0.11,0.0031
2002-04-26,0.1,0.0028
2002-04-27,0.08,0.0023
2002-04-28,0.06,0.0017
2002-04-29,0.03,0.0008
2002-04-30,0.01,0.0003
2002-05-01,0.0,0.0
2002-05-02,0.0,0.0
2002-05-03,0.0,0.0
2002-05-04,0.0,0.0
2002-05-05,0.0,0.0
2002-05-06,0.0,0.0
2002-05-07,0.0,0.0
2002-05-08,0.0,0.0
2002-05-09,0.0,0.0
2002-05-10,0.0,0.0
2002-05-11,0.0,0.0
2002-05-12,0.0,0.0
2002-05-13,0.0,0.0
2002-05-14,0.0,0.0
2002-05-15,0.0,0.0
2002-05-16,0.0,0.0
2002-05-17,0.0,0.0
2002-05-18,0.0,0.0
2002-05-19,0.0,0.0
2002-05-20,0.0,0.0
2002-05-21,0.0,0.0
2002-05-22,0.0,0.0
2002-05-23,0.0,0.0
2002-05-24,0.0,0.0
2002-05-25,0.0,0.0
2002-05-26,0.0,0.0
2002-05-27,0.0,0.0
2002-05-28,0.0,0.0
2002-05-29,0.0,0.0
2002-05-30,0.0,0.0
2002-05-31,0.0,0.0
2002-06-01,0.0,0.0
2002-06-02,0.0,0.0
2002-06-03,0.0,0.0
2002-06-04,0.0,0.0
2002-06-05,0.0,0.0
2002-06-06,0.0,0.0
2002-06-07,0.0,0.0
2002-06-08,0.0,0.0
2002-06-09,0.0,0.0
2002-06-10,0.0,0.0
2002-06-11,0.0,0.0
2002-06-12,0.0,0.0
2002-06-13,0.0,0.0
2002-06-14,94.0,2.6618
2002-06-15,32.0,0.9061
2002-06-16,5.1,0.1444
2002-06-17,4.1,0.1161
2002-06-18,3.5,0.0991
2002-06-19,2.7,0.0765
2002-06-20,1.2,0.034
2002-06-21,0.17,0.0048
2002-06-22,0.05,0.0014
2002-06-23,0.0,0.0
2002-06-24,0.0,0.0
2002-06-25,0.0,0.0
2002-06-26,0.0,0.0
2002-06-27,0.0,0.0
2002-06-28,0.0,0.0
2002-06-29,0.0,0.0
2002-06-30,0.0,0.0
2002-07-01,0.0,0.0
2002-07-02,0.0,0.0
2002-07-03,0.03,0.0008
2002-07-04,11.0,0.3115
2002-07-05,4.1,0.1161
2002-07-06,6.4,0.1812
2002-07-07,18.0,0.5097
2002-07-08,79.0,2.237
2002-07-09,10.0,0.2832
2002-07-10,4.8,0.1359
2002-07-11,1.8,0.051
2002-07-12,0.98,0.0278
2002-07-13,0.61,0.0173
2002-07-14,0.44,0.0125
2002-07-15,0.28,0.0079
2002-07-16,0.19,0.0054
2002-07-17,0.04,0.0011
2002-07-18,0.0,0.0
2002-07-19,17.0,0.4814
2002-07-20,1.6,0.0453
2002-07-21,0.17,0.0048
2002-07-22,0.14,0.004
2002-07-23,0.09,0.0025
2002-07-24,0.03,0.0008
2002-07-25,0.0,0.0
2002-07-26,0.0,0.0
2002-07-27,0.0,0.0
2002-07-28,0.0,0.0
2002-07-29,0.0,0.0
2002-07-30,0.0,0.0
2002-07-31,0.0,0.0
2002-08-01,0.0,0.0
2002-08-02,0.0,0.0
2002-08-03,0.0,0.0
2002-08-04,0.0,0.0
2002-08-05,0.0,0.0
2002-08-06,0.0,0.0
2002-08-07,0.0,0.0
2002-08-08,0.0,0.0
2002-08-09,0.0,0.0
2002-08-10,0.0,0.0
2002-08-11,0.0,0.0
2002-08-12,0.0,0.0
2002-08-13,0.0,0.0
2002-08-14,0.0,0.0
2002-08-15,0.0,0.0
2002-08-16,0.0,0.0
2002-08-17,0.0,0.0
2002-08-18,0.0,0.0
2002-08-19,0.13,0.0037
2002-08-20,0.03,0.0008
2002-08-21,0.0,0.0
2002-08-22,0.05,0.0014
2002-08-23,0.02,0.0006
2002-08-24,0.0,0.0
2002-08-25,0.0,0.0
2002-08-26,0.0,0.0
2002-08-27,0.0,0.0
2002-08-28,0.0,0.0
2002-08-29,0.0,0.0
2002-08-30,33.0,0.9345
2002-08-31,2.1,0.0595
2002-09-01,0.24,0.0068
2002-09-02,0.11,0.0031
2002-09-03,0.03,0.0008
2002-09-04,0.0,0.0
2002-09-05,0.0,0.0
2002-09-06,0.0,0.0
2002-09-07,0.0,0.0
2002-09-08,0.0,0.0
2002-09-09,0.0,0.0
2002-09-10,0.0,0.0
2002-09-11,0.0,0.0
2002-09-12,0.0,0.0
2002-09-13,0.0,0.0
2002-09-14,0.0,0.0
2002-09-15,0.0,0.0
2002-09-16,467.0,13.2239
2002-09-17,28.0,0.7929
2002-09-18,7.3,0.2067
2002-09-19,3.5,0.0991
2002-09-20,2.4,0.068
2002-09-21,1.8,0.051
2002-09-22,1.3,0.0368
2002-09-23,1.1,0.0311
2002-09-24,0.97,0.0275
2002-09-25,0.85,0.0241
2002-09-26,0.77,0.0218
2002-09-27,0.67,0.019
2002-09-28,0.59,0.0167
2002-09-29,0.56,0.0159
2002-09-30,0.52,0.0147
2002-10-01,0.59,0.0167
2002-10-02,0.54,0.0153
2002-10-03,0.5,0.0142
2002-10-04,0.41,0.0116
2002-10-05,0.35,0.0099
2002-10-06,8.48,0.2401
2002-10-07,41.8,1.1836
2002-10-08,9.72,0.2752
2002-10-09,8.1,0.2294
2002-10-10,2.83,0.0801
2002-10-11,1.22,0.0345
2002-10-12,0.64,0.0181
2002-10-13,0.49,0.0139
2002-10-14,0.54,0.0153
2002-10-15,0.53,0.015
2002-10-16,0.52,0.0147
2002-10-17,0.48,0.0136
2002-10-18,0.47,0.0133
2002-10-19,58.2,1.648
2002-10-20,9.53,0.2699
2002-10-21,3.57,0.1011
2002-10-22,3.15,0.0892
2002-10-23,7.38,0.209
2002-10-24,4.6,0.1303
2002-10-25,1.3,0.0368
2002-10-26,5.37,0.1521
2002-10-27,24.6,0.6966
2002-10-28,34.0,0.9628
2002-10-29,17.1,0.4842
2002-10-30,13.6,0.3851
2002-10-31,8.7,0.2464
2002-11-01,4.84,0.1371
2002-11-02,3.01,0.0852
2002-11-03,2.3,0.0651
2002-11-04,1.97,0.0558
2002-11-05,1.83,0.0518
2002-11-06,1.43,0.0405
2002-11-07,1.26,0.0357
2002-11-08,1.2,0.034
2002-11-09,1.19,0.0337
2002-11-10,1.01,0.0286
2002-11-11,0.81,0.0229
2002-11-12,0.74,0.021
2002-11-13,0.77,0.0218
2002-11-14,0.9,0.0255
2002-11-15,1.02,0.0289
2002-11-16,1.27,0.036
2002-11-17,1.41,0.0399
2002-11-18,1.31,0.0371
2002-11-19,1.15,0.0326
2002-11-20,1.14,0.0323
2002-11-21,1.15,0.0326
2002-11-22,1.27,0.036
2002-11-23,1.49,0.0422
2002-11-24,1.54,0.0436
2002-11-25,1.43,0.0405
2002-11-26,1.44,0.0408
2002-11-27,1.49,0.0422
2002-11-28,1.49,0.0422
2002-11-29,1.55,0.0439
2002-11-30,1.72,0.0487
2002-12-01,1.75,0.0496
2002-12-02,1.78,0.0504
2002-12-03,2.81,0.0796
2002-12-04,2.35,0.0665
2002-12-05,2.29,0.0648
2002-12-06,2.13,0.0603
2002-12-07,1.97,0.0558
2002-12-08,1.92,0.0544
2002-12-09,1.75,0.0496
2002-12-10,1.75,0.0496
2002-12-11,1.75,0.0496
2002-12-12,1.75,0.0496
2002-12-13,1.75,0.0496
2002-12-14,1.75,0.0496
2002-12-15,1.75,0.0496
2002-12-16,1.75,0.0496
2002-12-17,1.56,0.0442
2002-12-18,1.37,0.0388
2002-12-19,1.3,0.0368
2002-12-20,1.25,0.0354
2002-12-21,1.36,0.0385
2002-12-22,1.35,0.0382
2002-12-23,1.31,0.0371
2002-12-24,1.31,0.0371
2002-12-25,1.31,0.0371
2002-12-26,1.31,0.0371
2002-12-27,1.31,0.0371
2002-12-28,1.31,0.0371
2002-12-29,1.26,0.0357
2002-12-30,1.25,0.0354
2002-12-31,1.25,0.0354
2003-01-01,1.25,0.0354
2003-01-02,1.25,0.0354
2003-01-03,1.25,0.0354
2003-01-04,1.22,0.0345
2003-01-05,1.2,0.034
2003-01-06,1.2,0.034
2003-01-07,1.2,0.034
2003-01-08,1.2,0.034
2003-01-09,1.21,0.0343
2003-01-10,1.2,0.034
2003-01-11,1.2,0.034
2003-01-12,1.2,0.034
2003-01-13,1.17,0.0331
2003-01-14,1.32,0.0374
2003-01-15,1.37,0.0388
2003-01-16,1.21,0.0343
2003-01-17,1.2,0.034
2003-01-18,1.2,0.034
2003-01-19,1.21,0.0343
2003-01-20,1.26,0.0357
2003-01-21,1.31,0.0371
2003-01-22,1.28,0.0362
2003-01-23,1.2,0.034
2003-01-24,1.2,0.034
2003-01-25,1.2,0.034
2003-01-26,1.22,0.0345
2003-01-27,1.33,0.0377
2003-01-28,1.49,0.0422
2003-01-29,1.36,0.0385
2003-01-30,1.36,0.0385
2003-01-31,1.28,0.0362
2003-02-01,1.31,0.0371
2003-02-02,1.35,0.0382
2003-02-03,1.27,0.036
2003-02-04,1.31,0.0371
2003-02-05,1.33,0.0377
2003-02-06,1.29,0.0365
2003-02-07,1.25,0.0354
2003-02-08,1.41,0.0399
2003-02-09,1.58,0.0447
2003-02-10,1.36,0.0385
2003-02-11,1.44,0.0408
2003-02-12,1.43,0.0405
2003-02-13,1.44,0.0408
2003-02-14,1.56,0.0442
2003-02-15,1.43,0.0405
2003-02-16,1.43,0.0405
2003-02-17,1.43,0.0405
2003-02-18,1.44,0.0408
2003-02-19,1.43,0.0405
2003-02-20,1.93,0.0547
2003-02-21,3.0,0.085
2003-02-22,2.74,0.0776
2003-02-23,2.37,0.0671
2003-02-24,1.75,0.0496
2003-02-25,1.56,0.0442
2003-02-26,1.6,0.0453
2003-02-27,1.7,0.0481
2003-02-28,1.6,0.0453
2003-03-01,1.57,0.0445
2003-03-02,1.43,0.0405
2003-03-03,1.64,0.0464
2003-03-04,1.53,0.0433
2003-03-05,1.44,0.0408
2003-03-06,1.31,0.0371
2003-03-07,1.25,0.0354
2003-03-08,1.29,0.0365
2003-03-09,1.33,0.0377
2003-03-10,1.36,0.0385
2003-03-11,1.47,0.0416
2003-03-12,1.46,0.0413
2003-03-13,1.42,0.0402
2003-03-14,1.35,0.0382
2003-03-15,1.54,0.0436
2003-03-16,1.53,0.0433
2003-03-17,1.53,0.0433
2003-03-18,1.4,0.0396
2003-03-19,1.23,0.0348
2003-03-20,1.25,0.0354
2003-03-21,1.25,0.0354
2003-03-22,1.53,0.0433
2003-03-23,1.51,0.0428
2003-03-24,1.39,0.0394
2003-03-25,1.25,0.0354
2003-03-26,1.25,0.0354
2003-03-27,1.19,0.0337
2003-03-28,1.18,0.0334
2003-03-29,1.16,0.0328
2003-03-30,1.15,0.0326
2003-03-31,1.18,0.0334
2003-04-01,1.16,0.0328
2003-04-02,1.15,0.0326
2003-04-03,1.0,0.0283
2003-04-04,0.93,0.0263
2003-04-05,0.84,0.0238
2003-04-06,0.78,0.0221
2003-04-07,0.68,0.0193
2003-04-08,0.66,0.0187
2003-04-09,0.68,0.0193
2003-04-10,0.68,0.0193
2003-04-11,0.66,0.0187
2003-04-12,0.65,0.0184
2003-04-13,0.63,0.0178
2003-04-14,0.6,0.017
2003-04-15,0.53,0.015
2003-04-16,0.46,0.013
2003-04-17,0.45,0.0127
2003-04-18,0.43,0.0122
2003-04-19,0.39,0.011
2003-04-20,0.36,0.0102
2003-04-21,0.35,0.0099
2003-04-22,0.36,0.0102
2003-04-23,0.37,0.0105
2003-04-24,0.32,0.0091
2003-04-25,0.26,0.0074
2003-04-26,0.2,0.0057
2003-04-27,0.11,0.0031
2003-04-28,0.07,0.002
2003-04-29,0.0,0.0
2003-04-30,0.0,0.0
2003-05-01,0.0,0.0
2003-05-02,0.0,0.0
2003-05-03,0.0,0.0
2003-05-04,0.0,0.0
2003-05-05,0.0,0.0
2003-05-06,0.0,0.0
2003-05-07,0.0,0.0
2003-05-08,0.0,0.0
2003-05-09,0.0,0.0
2003-05-10,0.0,0.0
2003-05-11,0.0,0.0
2003-05-12,0.0,0.0
2003-05-13,0.0,0.0
2003-05-14,0.0,0.0
2003-05-15,0.0,0.0
2003-05-16,0.0,0.0
2003-05-17,0.0,0.0
2003-05-18,0.0,0.0
2003-05-19,0.0,0.0
2003-05-20,0.0,0.0
2003-05-21,0.0,0.0
2003-05-22,0.0,0.0
2003-05-23,0.0,0.0
2003-05-24,0.0,0.0
2003-05-25,36.5,1.0336
2003-05-26,171.0,4.8422
2003-05-27,4.11,0.1164
2003-05-28,0.18,0.0051
2003-05-29,0.12,0.0034
2003-05-30,0.05,0.0014
2003-05-31,0.0,0.0
2003-06-01,0.0,0.0
2003-06-02,0.0,0.0
2003-06-03,0.0,0.0
2003-06-04,0.0,0.0
2003-06-05,0.0,0.0
2003-06-06,0.0,0.0
2003-06-07,0.0,0.0
2003-06-08,0.0,0.0
2003-06-09,0.0,0.0
2003-06-10,0.0,0.0
2003-06-11,0.0,0.0
2003-06-12,0.0,0.0
2003-06-13,0.0,0.0
2003-06-14,0.0,0.0
2003-06-15,0.0,0.0
2003-06-16,0.0,0.0
2003-06-17,0.0,0.0
2003-06-18,0.0,0.0
2003-06-19,0.0,0.0
2003-06-20,0.0,0.0
2003-06-21,0.0,0.0
2003-06-22,0.0,0.0
2003-06-23,0.0,0.0
2003-06-24,0.0,0.0
2003-06-25,0.0,0.0
2003-06-26,0.0,0.0
2003-06-27,0.0,0.0
2003-06-28,0.0,0.0
2003-06-29,11.3,0.32
2003-06-30,66.7,1.8887
2003-07-01,6.38,0.1807
2003-07-02,0.09,0.0025
2003-07-03,0.0,0.0
2003-07-04,0.0,0.0
2003-07-05,0.0,0.0
2003-07-06,0.0,0.0
2003-07-07,0.0,0.0
2003-07-08,0.0,0.0
2003-07-09,0.0,0.0
2003-07-10,0.0,0.0
2003-07-11,0.0,0.0
2003-07-12,0.0,0.0
2003-07-13,0.0,0.0
2003-07-14,0.0,0.0
2003-07-15,0.0,0.0
2003-07-16,0.0,0.0
2003-07-17,0.0,0.0
2003-07-18,0.0,0.0
2003-07-19,0.0,0.0
2003-07-20,0.0,0.0
2003-07-21,0.0,0.0
2003-07-22,0.0,0.0
2003-07-23,0.0,0.0
2003-07-24,0.0,0.0
2003-07-25,0.0,0.0
2003-07-26,0.0,0.0
2003-07-27,0.0,0.0
2003-07-28,0.0,0.0
2003-07-29,0.0,0.0
2003-07-30,0.0,0.0
2003-07-31,0.0,0.0
2003-08-01,0.0,0.0
2003-08-02,0.0,0.0
2003-08-03,0.0,0.0
2003-08-04,0.0,0.0
2003-08-05,0.0,0.0
2003-08-06,0.0,0.0
2003-08-07,0.0,0.0
2003-08-08,0.0,0.0
2003-08-09,0.0,0.0
2003-08-10,1.54,0.0436
2003-08-11,0.0,0.0
2003-08-12,0.0,0.0
2003-08-13,0.0,0.0
2003-08-14,0.0,0.0
2003-08-15,0.0,0.0
2003-08-16,0.0,0.0
2003-08-17,0.0,0.0
2003-08-18,0.0,0.0
2003-08-19,0.0,0.0
2003-08-20,0.0,0.0
2003-08-21,0.0,0.0
2003-08-22,0.0,0.0
2003-08-23,0.0,0.0
2003-08-24,0.0,0.0
2003-08-25,0.0,0.0
2003-08-26,0.0,0.0
2003-08-27,0.0,0.0
2003-08-28,0.0,0.0
2003-08-29,0.0,0.0
2003-08-30,0.0,0.0
2003-08-31,0.0,0.0
2003-09-01,0.0,0.0
2003-09-02,0.0,0.0
2003-09-03,0.0,0.0
2003-09-04,0.0,0.0
2003-09-05,0.0,0.0
2003-09-06,0.0,0.0
2003-09-07,0.0,0.0
2003-09-08,0.0,0.0
2003-09-09,0.0,0.0
2003-09-10,0.0,0.0
2003-09-11,0.0,0.0
2003-09-12,0.0,0.0
2003-09-13,0.0,0.0
2003-09-14,0.0,0.0
2003-09-15,0.0,0.0
2003-09-16,0.0,0.0
2003-09-17,0.0,0.0
2003-09-18,0.0,0.0
2003-09-19,0.0,0.0
2003-09-20,0.0,0.0
2003-09-21,0.0,0.0
2003-09-22,0.0,0.0
2003-09-23,0.0,0.0
2003-09-24,0.0,0.0
2003-09-25,0.0,0.0
2003-09-26,0.0,0.0
2003-09-27,0.0,0.0
2003-09-28,0.0,0.0
2003-09-29,0.0,0.0
2003-09-30,0.0,0.0
2003-10-01,0.0,0.0
2003-10-02,0.0,0.0
2003-10-03,0.0,0.0
2003-10-04,0.0,0.0
2003-10-05,0.0,0.0
2003-10-06,0.0,0.0
2003-10-07,0.0,0.0
2003-10-08,50.0,1.4158
2003-10-09,100.0,2.8317
2003-10-10,25.0,0.7079
2003-10-11,10.0,0.2832
2003-10-12,0.0,0.0
2003-10-13,0.0,0.0
2003-10-14,0.0,0.0
2003-10-15,0.0,0.0
2003-10-16,0.0,0.0
2003-10-17,0.0,0.0
2003-10-18,0.0,0.0
2003-10-19,0.0,0.0
2003-10-20,0.0,0.0
2003-10-21,0.0,0.0
2003-10-22,0.0,0.0
2003-10-23,0.0,0.0
2003-10-24,0.0,0.0
2003-10-25,0.0,0.0
2003-10-26,0.0,0.0
2003-10-27,0.0,0.0
2003-10-28,0.0,0.0
2003-10-29,0.0,0.0
2003-10-30,0.0,0.0
2003-10-31,0.0,0.0
2003-11-01,0.0,0.0
2003-11-02,0.0,0.0
2003-11-03,0.0,0.0
2003-11-04,0.0,0.0
2003-11-05,0.0,0.0
2003-11-06,0.0,0.0
2003-11-07,0.0,0.0
2003-11-08,0.0,0.0
2003-11-09,0.0,0.0
2003-11-10,0.1,0.0028
2003-11-11,0.2,0.0057
2003-11-12,0.5,0.0142
2003-11-13,0.7,0.0198
2003-11-14,0.6,0.017
2003-11-15,0.55,0.0156
2003-11-16,0.6,0.017
2003-11-17,0.7,0.0198
2003-11-18,0.5,0.0142
2003-11-19,0.45,0.0127
2003-11-20,0.47,0.0133
2003-11-21,0.44,0.0125
2003-11-22,0.24,0.0068
2003-11-23,0.25,0.0071
2003-11-24,0.25,0.0071
2003-11-25,0.3,0.0085
2003-11-26,0.32,0.0091
2003-11-27,0.35,0.0099
2003-11-28,0.38,0.0108
2003-11-29,0.42,0.0119
2003-11-30,0.42,0.0119
2003-12-01,0.5,0.0142
2003-12-02,0.6,0.017
2003-12-03,0.6,0.017
2003-12-04,0.6,0.017
2003-12-05,0.63,0.0178
2003-12-06,0.62,0.0176
2003-12-07,0.62,0.0176
2003-12-08,0.62,0.0176
2003-12-09,0.62,0.0176
2003-12-10,0.62,0.0176
2003-12-11,0.62,0.0176
2003-12-12,0.61,0.0173
2003-12-13,0.61,0.0173
2003-12-14,0.61,0.0173
2003-12-15,0.61,0.0173
2003-12-16,0.61,0.0173
2003-12-17,0.62,0.0176
2003-12-18,0.62,0.0176
2003-12-19,0.6,0.017
2003-12-20,0.6,0.017
2003-12-21,0.65,0.0184
2003-12-22,0.65,0.0184
2003-12-23,0.65,0.0184
2003-12-24,0.65,0.0184
2003-12-25,0.65,0.0184
2003-12-26,0.65,0.0184
2003-12-27,0.65,0.0184
2003-12-28,0.65,0.0184
2003-12-29,0.65,0.0184
2003-12-30,0.65,0.0184
2003-12-31,0.65,0.0184
2004-01-01,0.67,0.019
2004-01-02,0.67,0.019
2004-01-03,0.67,0.019
2004-01-04,0.67,0.019
2004-01-05,0.67,0.019
2004-01-06,0.67,0.019
2004-01-07,0.67,0.019
2004-01-08,0.67,0.019
2004-01-09,0.67,0.019
2004-01-10,0.67,0.019
2004-01-11,0.66,0.0187
2004-01-12,0.68,0.0193
2004-01-13,0.74,0.021
2004-01-14,0.76,0.0215
2004-01-15,0.82,0.0232
2004-01-16,0.89,0.0252
2004-01-17,0.82,0.0232
2004-01-18,0.78,0.0221
2004-01-19,0.74,0.021
2004-01-20,0.74,0.021
2004-01-21,0.71,0.0201
2004-01-22,0.74,0.021
2004-01-23,0.74,0.021
2004-01-24,0.76,0.0215
2004-01-25,0.73,0.0207
2004-01-26,0.69,0.0195
2004-01-27,0.66,0.0187
2004-01-28,0.66,0.0187
2004-01-29,0.68,0.0193
2004-01-30,0.7,0.0198
2004-01-31,0.71,0.0201
2004-02-01,0.7,0.0198
2004-02-02,0.66,0.0187
2004-02-03,0.68,0.0193
2004-02-04,0.7,0.0198
2004-02-05,0.7,0.0198
2004-02-06,0.7,0.0198
2004-02-07,0.7,0.0198
2004-02-08,0.7,0.0198
2004-02-09,0.7,0.0198
2004-02-10,0.7,0.0198
2004-02-11,0.72,0.0204
2004-02-12,0.77,0.0218
2004-02-13,0.78,0.0221
2004-02-14,0.79,0.0224
2004-02-15,0.82,0.0232
2004-02-16,0.8,0.0227
2004-02-17,0.78,0.0221
2004-02-18,0.78,0.0221
2004-02-19,0.77,0.0218
2004-02-20,0.74,0.021
2004-02-21,0.73,0.0207
2004-02-22,0.73,0.0207
2004-02-23,0.75,0.0212
2004-02-24,0.9,0.0255
2004-02-25,0.88,0.0249
2004-02-26,0.86,0.0244
2004-02-27,0.82,0.0232
2004-02-28,0.85,0.0241
2004-02-29,0.82,0.0232
2004-03-01,0.82,0.0232
2004-03-02,0.85,0.0241
2004-03-03,0.87,0.0246
2004-03-04,0.96,0.0272
2004-03-05,0.9,0.0255
2004-03-06,0.86,0.0244
2004-03-07,0.82,0.0232
2004-03-08,0.82,0.0232
2004-03-09,0.83,0.0235
2004-03-10,0.84,0.0238
2004-03-11,0.82,0.0232
2004-03-12,0.9,0.0255
2004-03-13,0.98,0.0278
2004-03-14,0.84,0.0238
2004-03-15,0.76,0.0215
2004-03-16,0.65,0.0184
2004-03-17,0.57,0.0161
2004-03-18,0.52,0.0147
2004-03-19,0.49,0.0139
2004-03-20,0.43,0.0122
2004-03-21,0.39,0.011
2004-03-22,3.46,0.098
2004-03-23,2.51,0.0711
2004-03-24,0.8,0.0227
2004-03-25,0.49,0.0139
2004-03-26,0.38,0.0108
2004-03-27,0.33,0.0093
2004-03-28,0.35,0.0099
2004-03-29,0.3,0.0085
2004-03-30,0.26,0.0074
2004-03-31,0.24,0.0068
2004-04-01,0.24,0.0068
2004-04-02,3.54,0.1002
2004-04-03,1.83,0.0518
2004-04-04,671.0,19.0006
2004-04-05,542.0,15.3477
2004-04-06,72.5,2.053
2004-04-07,24.2,0.6853
2004-04-08,15.2,0.4304
2004-04-09,13.5,0.3823
2004-04-10,10.1,0.286
2004-04-11,8.74,0.2475
2004-04-12,4.85,0.1373
2004-04-13,2.02,0.0572
2004-04-14,1.7,0.0481
2004-04-15,1.52,0.043
2004-04-16,1.38,0.0391
2004-04-17,1.27,0.036
2004-04-18,1.18,0.0334
2004-04-19,1.15,0.0326
2004-04-20,1.11,0.0314
2004-04-21,0.83,0.0235
2004-04-22,0.85,0.0241
2004-04-23,0.89,0.0252
2004-04-24,0.84,0.0238
2004-04-25,0.92,0.0261
2004-04-26,0.9,0.0255
2004-04-27,0.87,0.0246
2004-04-28,0.88,0.0249
2004-04-29,0.91,0.0258
2004-04-30,0.91,0.0258
2004-05-01,0.91,0.0258
2004-05-02,0.89,0.0252
2004-05-03,0.91,0.0258
2004-05-04,0.93,0.0263
2004-05-05,0.92,0.0261
2004-05-06,0.9,0.0255
2004-05-07,0.88,0.0249
2004-05-08,0.94,0.0266
2004-05-09,0.92,0.0261
2004-05-10,0.94,0.0266
2004-05-11,0.96,0.0272
2004-05-12,0.89,0.0252
2004-05-13,0.82,0.0232
2004-05-14,0.8,0.0227
2004-05-15,0.9,0.0255
2004-05-16,0.5,0.0142
2004-05-17,3.26,0.0923
2004-05-18,1.27,0.036
2004-05-19,0.6,0.017
2004-05-20,0.59,0.0167
2004-05-21,1.62,0.0459
2004-05-22,0.41,0.0116
2004-05-23,0.35,0.0099
2004-05-24,0.28,0.0079
2004-05-25,0.25,0.0071
2004-05-26,0.24,0.0068
2004-05-27,0.24,0.0068
2004-05-28,0.25,0.0071
2004-05-29,0.24,0.0068
2004-05-30,0.22,0.0062
2004-05-31,0.19,0.0054
2004-06-01,0.12,0.0034
2004-06-02,0.11,0.0031
2004-06-03,0.11,0.0031
2004-06-04,0.11,0.0031
2004-06-05,0.11,0.0031
2004-06-06,0.1,0.0028
2004-06-07,0.1,0.0028
2004-06-08,0.1,0.0028
2004-06-09,0.1,0.0028
2004-06-10,0.1,0.0028
2004-06-11,0.1,0.0028
2004-06-12,0.1,0.0028
2004-06-13,0.1,0.0028
2004-06-14,0.1,0.0028
2004-06-15,0.1,0.0028
2004-06-16,5.56,0.1574
2004-06-17,6.79,0.1923
2004-06-18,2.59,0.0733
2004-06-19,0.3,0.0085
2004-06-20,0.18,0.0051
2004-06-21,0.13,0.0037
2004-06-22,0.11,0.0031
2004-06-23,0.1,0.0028
2004-06-24,1.02,0.0289
2004-06-25,0.14,0.004
2004-06-26,0.12,0.0034
2004-06-27,1.58,0.0447
2004-06-28,0.12,0.0034
2004-06-29,0.12,0.0034
2004-06-30,211.0,5.9748
2004-07-01,10.3,0.2917
2004-07-02,3.33,0.0943
2004-07-03,1.96,0.0555
2004-07-04,1.4,0.0396
2004-07-05,1.08,0.0306
2004-07-06,0.89,0.0252
2004-07-07,0.72,0.0204
2004-07-08,2.98,0.0844
2004-07-09,1.68,0.0476
2004-07-10,0.83,0.0235
2004-07-11,87.7,2.4834
2004-07-12,73.8,2.0898
2004-07-13,4.87,0.1379
2004-07-14,2.63,0.0745
2004-07-15,1.78,0.0504
2004-07-16,1.41,0.0399
2004-07-17,1.2,0.034
2004-07-18,1.04,0.0294
2004-07-19,0.96,0.0272
2004-07-20,0.95,0.0269
2004-07-21,0.91,0.0258
2004-07-22,0.95,0.0269
2004-07-23,0.91,0.0258
2004-07-24,27.7,0.7844
2004-07-25,15.2,0.4304
2004-07-26,200.0,5.6634
2004-07-27,17.0,0.4814
2004-07-28,5.96,0.1688
2004-07-29,5.8,0.1642
2004-07-30,3.3,0.0934
2004-07-31,4.65,0.1317
2004-08-01,3.12,0.0883
2004-08-02,2.21,0.0626
2004-08-03,2.05,0.058
2004-08-04,2.83,0.0801
2004-08-05,2.7,0.0765
2004-08-06,2.4,0.068
2004-08-07,2.49,0.0705
2004-08-08,2.57,0.0728
2004-08-09,2.72,0.077
2004-08-10,2.74,0.0776
2004-08-11,2.83,0.0801
2004-08-12,10.3,0.2917
2004-08-13,210.0,5.9465
2004-08-14,246.0,6.9659
2004-08-15,12.8,0.3625
2004-08-16,193.0,5.4651
2004-08-17,73.9,2.0926
2004-08-18,44.9,1.2714
2004-08-19,72.7,2.0586
2004-08-20,11.8,0.3341
2004-08-21,9.17,0.2597
2004-08-22,11.3,0.32
2004-08-23,20.5,0.5805
2004-08-24,9.32,0.2639
2004-08-25,8.89,0.2517
2004-08-26,8.87,0.2512
2004-08-27,8.99,0.2546
2004-08-28,9.37,0.2653
2004-08-29,9.66,0.2735
2004-08-30,52.3,1.481
2004-08-31,486.0,13.762
2004-09-01,98.4,2.7864
2004-09-02,22.2,0.6286
2004-09-03,14.8,0.4191
2004-09-04,14.8,0.4191
2004-09-05,17.9,0.5069
2004-09-06,12.2,0.3455
2004-09-07,10.5,0.2973
2004-09-08,9.98,0.2826
2004-09-09,9.71,0.275
2004-09-10,9.43,0.267
2004-09-11,9.15,0.2591
2004-09-12,8.84,0.2503
2004-09-13,8.58,0.243
2004-09-14,8.26,0.2339
2004-09-15,7.98,0.226
2004-09-16,7.68,0.2175
2004-09-17,7.42,0.2101
2004-09-18,7.2,0.2039
2004-09-19,7.79,0.2206
2004-09-20,5.27,0.1492
2004-09-21,221.0,6.258
2004-09-22,234.0,6.6261
2004-09-23,25.0,0.7079
2004-09-24,8.26,0.2339
2004-09-25,648.0,18.3493
2004-09-26,709.0,20.0766
2004-09-27,260.0,7.3624
2004-09-28,389.0,11.0152
2004-09-29,23.1,0.6541
2004-09-30,299.0,8.4667
2004-10-01,330.0,9.3445
2004-10-02,26.5,0.7504
2004-10-03,10.1,0.286
2004-10-04,6.83,0.1934
2004-10-05,370.0,10.4772
2004-10-06,1620.0,45.8732
2004-10-07,42.6,1.2063
2004-10-08,119.0,3.3697
2004-10-09,15.0,0.4248
2004-10-10,15.0,0.4248
2004-10-11,11.0,0.3115
2004-10-12,7.65,0.2166
2004-10-13,7.22,0.2044
2004-10-14,6.57,0.186
2004-10-15,5.99,0.1696
2004-10-16,5.57,0.1577
2004-10-17,5.29,0.1498
2004-10-18,5.07,0.1436
2004-10-19,4.68,0.1325
2004-10-20,4.36,0.1235
2004-10-21,4.13,0.1169
2004-10-22,4.06,0.115
2004-10-23,3.89,0.1102
2004-10-24,3.71,0.1051
2004-10-25,3.7,0.1048
2004-10-26,3.7,0.1048
2004-10-27,3.6,0.1019
2004-10-28,3.5,0.0991
2004-10-29,3.4,0.0963
2004-10-30,3.36,0.0951
2004-10-31,3.36,0.0951
2004-11-01,3.36,0.0951
2004-11-02,3.28,0.0929
2004-11-03,3.27,0.0926
2004-11-04,3.29,0.0932
2004-11-05,3.28,0.0929
2004-11-06,3.29,0.0932
2004-11-07,3.29,0.0932
2004-11-08,3.29,0.0932
2004-11-09,3.3,0.0934
2004-11-10,3.25,0.092
2004-11-11,3.25,0.092
2004-11-12,3.09,0.0875
2004-11-13,3.04,0.0861
2004-11-14,3.68,0.1042
2004-11-15,21.2,0.6003
2004-11-16,40.1,1.1355
2004-11-17,11.3,0.32
2004-11-18,5.93,0.1679
2004-11-19,4.49,0.1271
2004-11-20,3.87,0.1096
2004-11-21,3.6,0.1019
2004-11-22,6.66,0.1886
2004-11-23,38.4,1.0874
2004-11-24,19.7,0.5578
2004-11-25,6.84,0.1937
2004-11-26,4.48,0.1269
2004-11-27,3.94,0.1116
2004-11-28,3.94,0.1116
2004-11-29,4.09,0.1158
2004-11-30,4.16,0.1178
2004-12-01,4.19,0.1186
2004-12-02,4.14,0.1172
2004-12-03,4.08,0.1155
2004-12-04,4.08,0.1155
2004-12-05,4.07,0.1152
2004-12-06,3.95,0.1119
2004-12-07,3.95,0.1119
2004-12-08,3.95,0.1119
2004-12-09,3.95,0.1119
2004-12-10,3.95,0.1119
2004-12-11,3.95,0.1119
2004-12-12,3.95,0.1119
2004-12-13,3.84,0.1087
2004-12-14,3.79,0.1073
2004-12-15,3.77,0.1068
2004-12-16,3.78,0.107
2004-12-17,3.76,0.1065
2004-12-18,3.76,0.1065
2004-12-19,3.78,0.107
2004-12-20,3.73,0.1056
2004-12-21,3.68,0.1042
2004-12-22,3.6,0.1019
2004-12-23,3.59,0.1017
2004-12-24,3.59,0.1017
2004-12-25,3.59,0.1017
2004-12-26,3.61,0.1022
2004-12-27,3.54,0.1002
2004-12-28,3.49,0.0988
2004-12-29,3.5,0.0991
2004-12-30,3.52,0.0997
2004-12-31,3.5,0.0991
2005-01-01,3.5,0.0991
2005-01-02,3.48,0.0985
2005-01-03,3.43,0.0971
2005-01-04,3.32,0.094
2005-01-05,3.25,0.092
2005-01-06,3.25,0.092
2005-01-07,3.25,0.092
2005-01-08,3.25,0.092
2005-01-09,3.25,0.092
2005-01-10,3.23,0.0915
2005-01-11,3.15,0.0892
2005-01-12,3.15,0.0892
2005-01-13,3.15,0.0892
2005-01-14,3.1,0.0878
2005-01-15,3.04,0.0861
2005-01-16,3.11,0.0881
2005-01-17,3.15,0.0892
2005-01-18,3.15,0.0892
2005-01-19,3.09,0.0875
2005-01-20,3.12,0.0883
2005-01-21,3.15,0.0892
2005-01-22,3.15,0.0892
2005-01-23,3.15,0.0892
2005-01-24,3.2,0.0906
2005-01-25,3.2,0.0906
2005-01-26,3.15,0.0892
2005-01-27,3.15,0.0892
2005-01-28,3.21,0.0909
2005-01-29,3.25,0.092
2005-01-30,3.22,0.0912
2005-01-31,3.15,0.0892
2005-02-01,3.21,0.0909
2005-02-02,3.25,0.092
2005-02-03,3.25,0.092
2005-02-04,3.25,0.092
2005-02-05,3.28,0.0929
2005-02-06,3.32,0.094
2005-02-07,3.25,0.092
2005-02-08,3.25,0.092
2005-02-09,3.25,0.092
2005-02-10,3.25,0.092
2005-02-11,3.25,0.092
2005-02-12,3.25,0.092
2005-02-13,3.44,0.0974
2005-02-14,3.48,0.0985
2005-02-15,3.48,0.0985
2005-02-16,3.48,0.0985
2005-02-17,3.48,0.0985
2005-02-18,3.48,0.0985
2005-02-19,3.48,0.0985
2005-02-20,3.48,0.0985
2005-02-21,3.48,0.0985
2005-02-22,3.41,0.0966
2005-02-23,3.33,0.0943
2005-02-24,3.33,0.0943
2005-02-25,3.68,0.1042
2005-02-26,3.68,0.1042
2005-02-27,3.59,0.1017
2005-02-28,3.59,0.1017
2005-03-01,3.54,0.1002
2005-03-02,3.34,0.0946
2005-03-03,3.32,0.094
2005-03-04,3.36,0.0951
2005-03-05,3.36,0.0951
2005-03-06,3.36,0.0951
2005-03-07,3.58,0.1014
2005-03-08,3.43,0.0971
2005-03-09,3.14,0.0889
2005-03-10,3.09,0.0875
2005-03-11,3.04,0.0861
2005-03-12,3.04,0.0861
2005-03-13,3.07,0.0869
2005-03-14,3.15,0.0892
2005-03-15,3.15,0.0892
2005-03-16,3.15,0.0892
2005-03-17,3.15,0.0892
2005-03-18,3.2,0.0906
2005-03-19,3.25,0.092
2005-03-20,3.25,0.092
2005-03-21,3.25,0.092
2005-03-22,3.25,0.092
2005-03-23,3.33,0.0943
2005-03-24,3.36,0.0951
2005-03-25,3.36,0.0951
2005-03-26,3.36,0.0951
2005-03-27,3.36,0.0951
2005-03-28,3.34,0.0946
2005-03-29,3.32,0.094
2005-03-30,3.19,0.0903
2005-03-31,3.18,0.09
2005-04-01,3.15,0.0892
2005-04-02,3.15,0.0892
2005-04-03,3.15,0.0892
2005-04-04,3.15,0.0892
2005-04-05,3.15,0.0892
2005-04-06,3.08,0.0872
2005-04-07,3.02,0.0855
2005-04-08,3.01,0.0852
2005-04-09,3.01,0.0852
2005-04-10,2.94,0.0833
2005-04-11,2.94,0.0833
2005-04-12,2.94,0.0833
2005-04-13,2.94,0.0833
2005-04-14,2.94,0.0833
2005-04-15,2.94,0.0833
2005-04-16,2.94,0.0833
2005-04-17,2.96,0.0838
2005-04-18,4.81,0.1362
2005-04-19,2.65,0.075
2005-04-20,2.63,0.0745
2005-04-21,2.56,0.0725
2005-04-22,2.53,0.0716
2005-04-23,2.46,0.0697
2005-04-24,2.48,0.0702
2005-04-25,2.53,0.0716
2005-04-26,2.5,0.0708
2005-04-27,2.54,0.0719
2005-04-28,2.54,0.0719
2005-04-29,2.46,0.0697
2005-04-30,2.46,0.0697
2005-05-01,2.46,0.0697
2005-05-02,2.46,0.0697
2005-05-03,2.46,0.0697
2005-05-04,2.46,0.0697
2005-05-05,2.48,0.0702
2005-05-06,2.51,0.0711
2005-05-07,2.52,0.0714
2005-05-08,2.46,0.0697
2005-05-09,2.46,0.0697
2005-05-10,2.47,0.0699
2005-05-11,2.46,0.0697
2005-05-12,2.46,0.0697
2005-05-13,2.46,0.0697
2005-05-14,2.46,0.0697
2005-05-15,137.0,3.8794
2005-05-16,14.5,0.4106
2005-05-17,7.09,0.2008
2005-05-18,5.23,0.1481
2005-05-19,4.16,0.1178
2005-05-20,3.92,0.111
2005-05-21,3.66,0.1036
2005-05-22,3.58,0.1014
2005-05-23,3.21,0.0909
2005-05-24,3.17,0.0898
2005-05-25,3.17,0.0898
2005-05-26,36.2,1.0251
2005-05-27,10.9,0.3087
2005-05-28,34.2,0.9684
2005-05-29,9.56,0.2707
2005-05-30,8.87,0.2512
2005-05-31,4.92,0.1393
2005-06-01,3.49,0.0988
2005-06-02,3.33,0.0943
2005-06-03,8.2,0.2322
2005-06-04,3.78,0.107
2005-06-05,3.13,0.0886
2005-06-06,5.44,0.154
2005-06-07,2.87,0.0813
2005-06-08,2.45,0.0694
2005-06-09,2.61,0.0739
2005-06-10,2.6,0.0736
2005-06-11,2.55,0.0722
2005-06-12,2.48,0.0702
2005-06-13,2.5,0.0708
2005-06-14,2.38,0.0674
2005-06-15,2.47,0.0699
2005-06-16,2.45,0.0694
2005-06-17,2.4,0.068
2005-06-18,2.46,0.0697
2005-06-19,2.5,0.0708
2005-06-20,2.37,0.0671
2005-06-21,2.26,0.064
2005-06-22,2.31,0.0654
2005-06-23,2.21,0.0626
2005-06-24,2.18,0.0617
2005-06-25,2.13,0.0603
2005-06-26,2.07,0.0586
2005-06-27,2.04,0.0578
2005-06-28,1.94,0.0549
2005-06-29,1.88,0.0532
2005-06-30,1.83,0.0518
2005-07-01,1.76,0.0498
2005-07-02,6.95,0.1968
2005-07-03,5.03,0.1424
2005-07-04,1.39,0.0394
2005-07-05,1.16,0.0328
2005-07-06,0.99,0.028
2005-07-07,0.93,0.0263
2005-07-08,0.91,0.0258
2005-07-09,0.91,0.0258
2005-07-10,0.95,0.0269
2005-07-11,0.99,0.028
2005-07-12,4.86,0.1376
2005-07-13,1.35,0.0382
2005-07-14,1.01,0.0286
2005-07-15,1.03,0.0292
2005-07-16,1.05,0.0297
2005-07-17,1.06,0.03
2005-07-18,0.99,0.028
2005-07-19,1.03,0.0292
2005-07-20,1.01,0.0286
2005-07-21,1.05,0.0297
2005-07-22,1.04,0.0294
2005-07-23,1.07,0.0303
2005-07-24,1.06,0.03
2005-07-25,1.09,0.0309
2005-07-26,1.08,0.0306
2005-07-27,1.04,0.0294
2005-07-28,1.1,0.0311
2005-07-29,1.1,0.0311
2005-07-30,1.08,0.0306
2005-07-31,1.01,0.0286
2005-08-01,0.99,0.028
2005-08-02,0.93,0.0263
2005-08-03,0.91,0.0258
2005-08-04,0.91,0.0258
2005-08-05,1.12,0.0317
2005-08-06,1.25,0.0354
2005-08-07,1.31,0.0371
2005-08-08,1.31,0.0371
2005-08-09,1.3,0.0368
2005-08-10,1.22,0.0345
2005-08-11,1.25,0.0354
2005-08-12,1.25,0.0354
2005-08-13,1.3,0.0368
2005-08-14,3.12,0.0883
2005-08-15,23.1,0.6541
2005-08-16,5.78,0.1637
2005-08-17,3.06,0.0866
2005-08-18,2.43,0.0688
2005-08-19,2.13,0.0603
2005-08-20,2.08,0.0589
2005-08-21,35.5,1.0052
2005-08-22,4.79,0.1356
2005-08-23,3.48,0.0985
2005-08-24,3.33,0.0943
2005-08-25,3.35,0.0949
2005-08-26,4.64,0.1314
2005-08-27,8.02,0.2271
2005-08-28,4.64,0.1314
2005-08-29,76.0,2.1521
2005-08-30,17.6,0.4984
2005-08-31,6.19,0.1753
2005-09-01,4.63,0.1311
2005-09-02,4.14,0.1172
2005-09-03,4.01,0.1136
2005-09-04,3.77,0.1068
2005-09-05,60.0,1.699
2005-09-06,10.3,0.2917
2005-09-07,6.43,0.1821
2005-09-08,5.68,0.1608
2005-09-09,4.87,0.1379
2005-09-10,4.51,0.1277
2005-09-11,8.78,0.2486
2005-09-12,4.08,0.1155
2005-09-13,3.56,0.1008
2005-09-14,3.47,0.0983
2005-09-15,3.24,0.0917
2005-09-16,3.07,0.0869
2005-09-17,3.08,0.0872
2005-09-18,3.21,0.0909
2005-09-19,3.37,0.0954
2005-09-20,3.24,0.0917
2005-09-21,2.87,0.0813
2005-09-22,2.57,0.0728
2005-09-23,2.44,0.0691
2005-09-24,2.42,0.0685
2005-09-25,2.2,0.0623
2005-09-26,2.02,0.0572
2005-09-27,1.87,0.053
2005-09-28,1.69,0.0479
2005-09-29,1.57,0.0445
2005-09-30,1.51,0.0428
2005-10-01,1.61,0.0456
2005-10-02,1.6,0.0453
2005-10-03,1.68,0.0476
2005-10-04,1.66,0.047
2005-10-05,1.78,0.0504
2005-10-06,2.77,0.0784
2005-10-07,2.38,0.0674
2005-10-08,2.05,0.058
2005-10-09,3.39,0.096
2005-10-10,5.99,0.1696
2005-10-11,2.32,0.0657
2005-10-12,2.03,0.0575
2005-10-13,1.93,0.0547
2005-10-14,1.94,0.0549
2005-10-15,2.1,0.0595
2005-10-16,2.2,0.0623
2005-10-17,1.95,0.0552
2005-10-18,1.96,0.0555
2005-10-19,1.86,0.0527
2005-10-20,1.73,0.049
2005-10-21,1.69,0.0479
2005-10-22,1.62,0.0459
2005-10-23,1.62,0.0459
2005-10-24,1.63,0.0462
2005-10-25,1.72,0.0487
2005-10-26,1.7,0.0481
2005-10-27,1.73,0.049
2005-10-28,1.82,0.0515
2005-10-29,1.81,0.0513
2005-10-30,1.7,0.0481
2005-10-31,1.63,0.0462
2005-11-01,1.62,0.0459
2005-11-02,1.47,0.0416
2005-11-03,1.4,0.0396
2005-11-04,1.38,0.0391
2005-11-05,1.34,0.0379
2005-11-06,1.33,0.0377
2005-11-07,1.32,0.0374
2005-11-08,1.35,0.0382
2005-11-09,1.33,0.0377
2005-11-10,1.37,0.0388
2005-11-11,1.45,0.0411
2005-11-12,1.41,0.0399
2005-11-13,1.45,0.0411
2005-11-14,1.49,0.0422
2005-11-15,1.44,0.0408
2005-11-16,1.37,0.0388
2005-11-17,1.4,0.0396
2005-11-18,1.43,0.0405
2005-11-19,1.48,0.0419
2005-11-20,1.52,0.043
2005-11-21,1.49,0.0422
2005-11-22,1.52,0.043
2005-11-23,1.52,0.043
2005-11-24,1.5,0.0425
2005-11-25,1.51,0.0428
2005-11-26,1.52,0.043
2005-11-27,1.56,0.0442
2005-11-28,1.49,0.0422
2005-11-29,1.5,0.0425
2005-11-30,1.59,0.045
2005-12-01,1.67,0.0473
2005-12-02,1.75,0.0496
2005-12-03,1.75,0.0496
2005-12-04,1.75,0.0496
2005-12-05,1.75,0.0496
2005-12-06,1.75,0.0496
2005-12-07,1.75,0.0496
2005-12-08,1.74,0.0493
2005-12-09,1.76,0.0498
2005-12-10,1.81,0.0513
2005-12-11,1.84,0.0521
2005-12-12,1.93,0.0547
2005-12-13,1.95,0.0552
2005-12-14,1.89,0.0535
2005-12-15,1.77,0.0501
2005-12-16,1.79,0.0507
2005-12-17,1.82,0.0515
2005-12-18,1.81,0.0513
2005-12-19,1.82,0.0515
2005-12-20,1.82,0.0515
2005-12-21,1.82,0.0515
2005-12-22,1.86,0.0527
2005-12-23,1.89,0.0535
2005-12-24,1.9,0.0538
2005-12-25,1.9,0.0538
2005-12-26,1.9,0.0538
2005-12-27,1.9,0.0538
2005-12-28,1.9,0.0538
2005-12-29,1.9,0.0538
2005-12-30,1.9,0.0538
2005-12-31,1.9,0.0538
2006-01-01,1.89,0.0535
2006-01-02,1.83,0.0518
2006-01-03,1.82,0.0515
2006-01-04,1.75,0.0496
2006-01-05,1.74,0.0493
2006-01-06,1.75,0.0496
2006-01-07,1.77,0.0501
2006-01-08,1.75,0.0496
2006-01-09,1.75,0.0496
2006-01-10,1.75,0.0496
2006-01-11,1.75,0.0496
2006-01-12,1.8,0.051
2006-01-13,1.79,0.0507
2006-01-14,1.87,0.053
2006-01-15,1.84,0.0521
2006-01-16,1.79,0.0507
2006-01-17,1.82,0.0515
2006-01-18,1.84,0.0521
2006-01-19,1.86,0.0527
2006-01-20,1.91,0.0541
2006-01-21,1.92,0.0544
2006-01-22,1.97,0.0558
2006-01-23,1.98,0.0561
2006-01-24,2.0,0.0566
2006-01-25,2.05,0.058
2006-01-26,2.05,0.058
2006-01-27,2.12,0.06
2006-01-28,2.13,0.0603
2006-01-29,2.13,0.0603
2006-01-30,2.13,0.0603
2006-01-31,2.13,0.0603
2006-02-01,2.13,0.0603
2006-02-02,2.18,0.0617
2006-02-03,2.21,0.0626
2006-02-04,2.2,0.0623
2006-02-05,2.26,0.064
2006-02-06,2.21,0.0626
2006-02-07,2.13,0.0603
2006-02-08,1.94,0.0549
2006-02-09,1.86,0.0527
2006-02-10,1.89,0.0535
2006-02-11,1.75,0.0496
2006-02-12,1.82,0.0515
2006-02-13,1.85,0.0524
2006-02-14,1.91,0.0541
2006-02-15,1.98,0.0561
2006-02-16,1.95,0.0552
2006-02-17,1.81,0.0513
2006-02-18,1.84,0.0521
2006-02-19,1.82,0.0515
2006-02-20,1.68,0.0476
2006-02-21,1.72,0.0487
2006-02-22,1.71,0.0484
2006-02-23,1.75,0.0496
2006-02-24,1.79,0.0507
2006-02-25,1.81,0.0513
2006-02-26,1.76,0.0498
2006-02-27,1.81,0.0513
2006-02-28,1.8,0.051
2006-03-01,1.77,0.0501
2006-03-02,1.75,0.0496
2006-03-03,1.75,0.0496
2006-03-04,1.84,0.0521
2006-03-05,1.88,0.0532
2006-03-06,1.82,0.0515
2006-03-07,1.79,0.0507
2006-03-08,1.75,0.0496
2006-03-09,1.71,0.0484
2006-03-10,1.7,0.0481
2006-03-11,1.67,0.0473
2006-03-12,1.67,0.0473
2006-03-13,1.6,0.0453
2006-03-14,1.63,0.0462
2006-03-15,1.68,0.0476
2006-03-16,1.7,0.0481
2006-03-17,1.72,0.0487
2006-03-18,1.75,0.0496
2006-03-19,3.55,0.1005
2006-03-20,5.87,0.1662
2006-03-21,5.41,0.1532
2006-03-22,4.9,0.1388
2006-03-23,4.81,0.1362
2006-03-24,4.76,0.1348
2006-03-25,4.78,0.1354
2006-03-26,4.78,0.1354
2006-03-27,4.76,0.1348
2006-03-28,8.53,0.2415
2006-03-29,6.25,0.177
2006-03-30,5.43,0.1538
2006-03-31,4.81,0.1362
2006-04-01,4.4,0.1246
2006-04-02,4.16,0.1178
2006-04-03,3.92,0.111
2006-04-04,4.01,0.1136
2006-04-05,4.05,0.1147
2006-04-06,4.4,0.1246
2006-04-07,4.2,0.1189
2006-04-08,3.9,0.1104
2006-04-09,3.82,0.1082
2006-04-10,3.82,0.1082
2006-04-11,3.76,0.1065
2006-04-12,3.65,0.1034
2006-04-13,3.65,0.1034
2006-04-14,3.48,0.0985
2006-04-15,3.28,0.0929
2006-04-16,3.15,0.0892
2006-04-17,2.97,0.0841
2006-04-18,2.79,0.079
2006-04-19,2.66,0.0753
2006-04-20,2.55,0.0722
2006-04-21,2.43,0.0688
2006-04-22,2.38,0.0674
2006-04-23,2.25,0.0637
2006-04-24,2.04,0.0578
2006-04-25,1.85,0.0524
2006-04-26,1.67,0.0473
2006-04-27,1.6,0.0453
2006-04-28,1.57,0.0445
2006-04-29,1.5,0.0425
2006-04-30,1.44,0.0408
2006-05-01,1.3,0.0368
2006-05-02,1.23,0.0348
2006-05-03,1.09,0.0309
2006-05-04,1.11,0.0314
2006-05-05,1.04,0.0294
2006-05-06,0.97,0.0275
2006-05-07,0.92,0.0261
2006-05-08,0.81,0.0229
2006-05-09,0.72,0.0204
2006-05-10,0.67,0.019
2006-05-11,0.67,0.019
2006-05-12,0.74,0.021
2006-05-13,0.82,0.0232
2006-05-14,0.74,0.021
2006-05-15,0.74,0.021
2006-05-16,0.76,0.0215
2006-05-17,0.81,0.0229
2006-05-18,0.8,0.0227
2006-05-19,0.77,0.0218
2006-05-20,0.75,0.0212
2006-05-21,0.72,0.0204
2006-05-22,0.68,0.0193
2006-05-23,0.64,0.0181
2006-05-24,0.65,0.0184
2006-05-25,0.63,0.0178
2006-05-26,0.56,0.0159
2006-05-27,0.56,0.0159
2006-05-28,0.61,0.0173
2006-05-29,0.58,0.0164
2006-05-30,0.59,0.0167
2006-05-31,1.38,0.0391
2006-06-01,1.29,0.0365
2006-06-02,1.04,0.0294
2006-06-03,0.93,0.0263
2006-06-04,0.8,0.0227
2006-06-05,0.65,0.0184
2006-06-06,0.57,0.0161
2006-06-07,0.48,0.0136
2006-06-08,0.41,0.0116
2006-06-09,0.4,0.0113
2006-06-10,0.35,0.0099
2006-06-11,0.34,0.0096
2006-06-12,0.32,0.0091
2006-06-13,0.24,0.0068
2006-06-14,0.2,0.0057
2006-06-15,0.19,0.0054
2006-06-16,0.19,0.0054
2006-06-17,0.18,0.0051
2006-06-18,0.18,0.0051
2006-06-19,0.17,0.0048
2006-06-20,0.17,0.0048
2006-06-21,0.17,0.0048
2006-06-22,0.17,0.0048
2006-06-23,0.17,0.0048
2006-06-24,14.0,0.3964
2006-06-25,3.02,0.0855
2006-06-26,1.28,0.0362
2006-06-27,0.89,0.0252
2006-06-28,0.68,0.0193
2006-06-29,0.56,0.0159
2006-06-30,0.52,0.0147
2006-07-01,0.46,0.013
2006-07-02,0.41,0.0116
2006-07-03,0.36,0.0102
2006-07-04,0.31,0.0088
2006-07-05,0.29,0.0082
2006-07-06,0.31,0.0088
2006-07-07,0.3,0.0085
2006-07-08,1.7,0.0481
2006-07-09,1.44,0.0408
2006-07-10,0.77,0.0218
2006-07-11,0.51,0.0144
2006-07-12,0.55,0.0156
2006-07-13,0.84,0.0238
2006-07-14,0.38,0.0108
2006-07-15,0.27,0.0076
2006-07-16,0.23,0.0065
2006-07-17,0.21,0.0059
2006-07-18,0.2,0.0057
2006-07-19,0.2,0.0057
2006-07-20,0.19,0.0054
2006-07-21,0.19,0.0054
2006-07-22,0.19,0.0054
2006-07-23,0.19,0.0054
2006-07-24,0.19,0.0054
2006-07-25,0.19,0.0054
2006-07-26,0.19,0.0054
2006-07-27,0.18,0.0051
2006-07-28,0.18,0.0051
2006-07-29,0.18,0.0051
2006-07-30,21.5,0.6088
2006-07-31,8.19,0.2319
2006-08-01,2.21,0.0626
2006-08-02,1.16,0.0328
2006-08-03,0.8,0.0227
2006-08-04,0.69,0.0195
2006-08-05,0.64,0.0181
2006-08-06,8.04,0.2277
2006-08-07,2.66,0.0753
2006-08-08,2.21,0.0626
2006-08-09,2.82,0.0799
2006-08-10,2.22,0.0629
2006-08-11,1.18,0.0334
2006-08-12,0.8,0.0227
2006-08-13,0.72,0.0204
2006-08-14,0.84,0.0238
2006-08-15,1.18,0.0334
2006-08-16,80.0,2.2653
2006-08-17,21.3,0.6031
2006-08-18,101.0,2.86
2006-08-19,1.08,0.0306
2006-08-20,0.46,0.013
2006-08-21,0.35,0.0099
2006-08-22,4.95,0.1402
2006-08-23,0.66,0.0187
2006-08-24,0.26,0.0074
2006-08-25,0.26,0.0074
2006-08-26,0.64,0.0181
2006-08-27,0.21,0.0059
2006-08-28,0.28,0.0079
2006-08-29,157.0,4.4457
2006-08-30,26.6,0.7532
2006-08-31,9.74,0.2758
2006-09-01,7.25,0.2053
2006-09-02,6.05,0.1713
2006-09-03,9.36,0.265
2006-09-04,7.7,0.218
2006-09-05,6.01,0.1702
2006-09-06,5.08,0.1438
2006-09-07,4.27,0.1209
2006-09-08,3.81,0.1079
2006-09-09,3.58,0.1014
2006-09-10,3.34,0.0946
2006-09-11,3.27,0.0926
2006-09-12,3.26,0.0923
2006-09-13,3.15,0.0892
2006-09-14,3.15,0.0892
2006-09-15,3.15,0.0892
2006-09-16,2.81,0.0796
2006-09-17,2.63,0.0745
2006-09-18,2.48,0.0702
2006-09-19,2.47,0.0699
2006-09-20,2.46,0.0697
2006-09-21,2.45,0.0694
2006-09-22,2.37,0.0671
2006-09-23,2.22,0.0629
2006-09-24,2.28,0.0646
2006-09-25,2.26,0.064
2006-09-26,2.21,0.0626
2006-09-27,2.09,0.0592
2006-09-28,2.01,0.0569
2006-09-29,2.0,0.0566
2006-09-30,1.94,0.0549
2006-10-01,1.32,0.0374
2006-10-02,1.42,0.0402
2006-10-03,1.64,0.0464
2006-10-04,1.79,0.0507
2006-10-05,1.82,0.0515
2006-10-06,1.82,0.0515
2006-10-07,1.78,0.0504
2006-10-08,1.84,0.0521
2006-10-09,1.94,0.0549
2006-10-10,2.8,0.0793
2006-10-11,2.26,0.064
2006-10-12,1.89,0.0535
2006-10-13,1.83,0.0518
2006-10-14,2.92,0.0827
2006-10-15,3.11,0.0881
2006-10-16,3.4,0.0963
2006-10-17,3.48,0.0985
2006-10-18,1.96,0.0555
2006-10-19,1.53,0.0433
2006-10-20,1.54,0.0436
2006-10-21,1.57,0.0445
2006-10-22,1.47,0.0416
2006-10-23,1.47,0.0416
2006-10-24,1.56,0.0442
2006-10-25,1.69,0.0479
2006-10-26,1.6,0.0453
2006-10-27,1.52,0.043
2006-10-28,1.45,0.0411
2006-10-29,1.51,0.0428
2006-10-30,1.54,0.0436
2006-10-31,1.53,0.0433
2006-11-01,1.54,0.0436
2006-11-02,1.59,0.045
2006-11-03,1.69,0.0479
2006-11-04,1.75,0.0496
2006-11-05,1.83,0.0518
2006-11-06,1.89,0.0535
2006-11-07,1.87,0.053
2006-11-08,1.96,0.0555
2006-11-09,2.01,0.0569
2006-11-10,1.89,0.0535
2006-11-11,1.81,0.0513
2006-11-12,1.86,0.0527
2006-11-13,1.93,0.0547
2006-11-14,1.98,0.0561
2006-11-15,1.93,0.0547
2006-11-16,1.9,0.0538
2006-11-17,2.0,0.0566
2006-11-18,2.07,0.0586
2006-11-19,1.99,0.0564
2006-11-20,2.05,0.058
2006-11-21,2.1,0.0595
2006-11-22,2.1,0.0595
2006-11-23,2.11,0.0597
2006-11-24,2.1,0.0595
2006-11-25,2.08,0.0589
2006-11-26,2.09,0.0592
2006-11-27,2.11,0.0597
2006-11-28,2.11,0.0597
2006-11-29,2.07,0.0586
2006-11-30,1.94,0.0549
2006-12-01,1.92,0.0544
2006-12-02,1.85,0.0524
2006-12-03,1.9,0.0538
2006-12-04,1.9,0.0538
2006-12-05,1.9,0.0538
2006-12-06,1.99,0.0564
2006-12-07,1.91,0.0541
2006-12-08,1.89,0.0535
2006-12-09,1.94,0.0549
2006-12-10,2.0,0.0566
2006-12-11,2.03,0.0575
2006-12-12,1.95,0.0552
2006-12-13,1.93,0.0547
2006-12-14,1.98,0.0561
2006-12-15,1.95,0.0552
2006-12-16,1.9,0.0538
2006-12-17,1.85,0.0524
2006-12-18,1.82,0.0515
2006-12-19,1.89,0.0535
2006-12-20,2.07,0.0586
2006-12-21,1.91,0.0541
2006-12-22,1.88,0.0532
2006-12-23,1.87,0.053
2006-12-24,1.9,0.0538
2006-12-25,1.87,0.053
2006-12-26,1.84,0.0521
2006-12-27,1.82,0.0515
2006-12-28,1.83,0.0518
2006-12-29,1.86,0.0527
2006-12-30,1.82,0.0515
2006-12-31,1.82,0.0515
2007-01-01,1.82,0.0515
2007-01-02,1.82,0.0515
2007-01-03,1.86,0.0527
2007-01-04,1.92,0.0544
2007-01-05,1.95,0.0552
2007-01-06,1.9,0.0538
2007-01-07,1.9,0.0538
2007-01-08,1.91,0.0541
2007-01-09,1.97,0.0558
2007-01-10,2.0,0.0566
2007-01-11,2.04,0.0578
2007-01-12,2.11,0.0597
2007-01-13,2.09,0.0592
2007-01-14,2.05,0.058
2007-01-15,2.15,0.0609
2007-01-16,2.34,0.0663
2007-01-17,2.34,0.0663
2007-01-18,2.29,0.0648
2007-01-19,2.41,0.0682
2007-01-20,2.81,0.0796
2007-01-21,2.96,0.0838
2007-01-22,2.72,0.077
2007-01-23,2.69,0.0762
2007-01-24,2.69,0.0762
2007-01-25,2.57,0.0728
2007-01-26,2.51,0.0711
2007-01-27,2.42,0.0685
2007-01-28,2.38,0.0674
2007-01-29,2.35,0.0665
2007-01-30,2.29,0.0648
2007-01-31,2.35,0.0665
2007-02-01,2.28,0.0646
2007-02-02,2.25,0.0637
2007-02-03,2.05,0.058
2007-02-04,2.01,0.0569
2007-02-05,1.94,0.0549
2007-02-06,1.94,0.0549
2007-02-07,1.92,0.0544
2007-02-08,1.87,0.053
2007-02-09,1.8,0.051
2007-02-10,1.8,0.051
2007-02-11,1.7,0.0481
2007-02-12,1.7,0.0481
2007-02-13,1.7,0.0481
2007-02-14,1.7,0.0481
2007-02-15,1.7,0.0481
2007-02-16,1.7,0.0481
2007-02-17,1.7,0.0481
2007-02-18,1.67,0.0473
2007-02-19,1.62,0.0459
2007-02-20,1.62,0.0459
2007-02-21,1.65,0.0467
2007-02-22,1.66,0.047
2007-02-23,1.7,0.0481
2007-02-24,1.61,0.0456
2007-02-25,1.6,0.0453
2007-02-26,1.45,0.0411
2007-02-27,1.45,0.0411
2007-02-28,1.47,0.0416
2007-03-01,1.46,0.0413
2007-03-02,1.48,0.0419
2007-03-03,1.44,0.0408
2007-03-04,1.46,0.0413
2007-03-05,1.42,0.0402
2007-03-06,1.43,0.0405
2007-03-07,1.46,0.0413
2007-03-08,1.5,0.0425
2007-03-09,1.5,0.0425
2007-03-10,1.44,0.0408
2007-03-11,1.45,0.0411
2007-03-12,1.4,0.0396
2007-03-13,1.48,0.0419
2007-03-14,1.47,0.0416
2007-03-15,1.43,0.0405
2007-03-16,1.38,0.0391
2007-03-17,1.38,0.0391
2007-03-18,1.42,0.0402
2007-03-19,1.46,0.0413
2007-03-20,1.49,0.0422
2007-03-21,1.5,0.0425
2007-03-22,1.59,0.045
2007-03-23,55.4,1.5688
2007-03-24,79.6,2.254
2007-03-25,3.0,0.085
2007-03-26,1.99,0.0564
2007-03-27,1.56,0.0442
2007-03-28,1.71,0.0484
2007-03-29,1.93,0.0547
2007-03-30,1.82,0.0515
2007-03-31,1.86,0.0527
2007-04-01,1.9,0.0538
2007-04-02,1.96,0.0555
2007-04-03,1.94,0.0549
2007-04-04,2.02,0.0572
2007-04-05,2.03,0.0575
2007-04-06,1.97,0.0558
2007-04-07,2.1,0.0595
2007-04-08,2.2,0.0623
2007-04-09,2.0,0.0566
2007-04-10,1.89,0.0535
2007-04-11,1.74,0.0493
2007-04-12,1.69,0.0479
2007-04-13,1.61,0.0456
2007-04-14,1.6,0.0453
2007-04-15,1.59,0.045
2007-04-16,1.59,0.045
2007-04-17,1.6,0.0453
2007-04-18,1.58,0.0447
2007-04-19,1.58,0.0447
2007-04-20,1.6,0.0453
2007-04-21,1.58,0.0447
2007-04-22,1.51,0.0428
2007-04-23,1.49,0.0422
2007-04-24,1.45,0.0411
2007-04-25,1.41,0.0399
2007-04-26,1.37,0.0388
2007-04-27,1.37,0.0388
2007-04-28,1.37,0.0388
2007-04-29,2.02,0.0572
2007-04-30,2.19,0.062
2007-05-01,3.03,0.0858
2007-05-02,3.42,0.0968
2007-05-03,2.58,0.0731
2007-05-04,2.36,0.0668
2007-05-05,2.21,0.0626
2007-05-06,2.19,0.062
2007-05-07,2.14,0.0606
2007-05-08,2.44,0.0691
2007-05-09,3.26,0.0923
2007-05-10,3.61,0.1022
2007-05-11,2.71,0.0767
2007-05-12,2.32,0.0657
2007-05-13,2.09,0.0592
2007-05-14,1.81,0.0513
2007-05-15,1.6,0.0453
2007-05-16,2.32,0.0657
2007-05-17,2.25,0.0637
2007-05-18,2.08,0.0589
2007-05-19,1.77,0.0501
2007-05-20,1.68,0.0476
2007-05-21,1.53,0.0433
2007-05-22,1.36,0.0385
2007-05-23,1.27,0.036
2007-05-24,1.18,0.0334
2007-05-25,1.21,0.0343
2007-05-26,1.23,0.0348
2007-05-27,1.25,0.0354
2007-05-28,1.3,0.0368
2007-05-29,1.34,0.0379
2007-05-30,1.23,0.0348
2007-05-31,1.18,0.0334
2007-06-01,1.15,0.0326
2007-06-02,1.27,0.036
2007-06-03,1.37,0.0388
2007-06-04,1.47,0.0416
2007-06-05,5.62,0.1591
2007-06-06,2.14,0.0606
2007-06-07,3.0,0.085
2007-06-08,1.94,0.0549
2007-06-09,1.88,0.0532
2007-06-10,2.25,0.0637
2007-06-11,3.01,0.0852
2007-06-12,2.55,0.0722
2007-06-13,2.31,0.0654
2007-06-14,2.24,0.0634
2007-06-15,2.24,0.0634
2007-06-16,2.47,0.0699
2007-06-17,2.9,0.0821
2007-06-18,4.08,0.1155
2007-06-19,3.09,0.0875
2007-06-20,3.16,0.0895
2007-06-21,3.3,0.0934
2007-06-22,3.45,0.0977
2007-06-23,3.65,0.1034
2007-06-24,3.82,0.1082
2007-06-25,3.89,0.1102
2007-06-26,4.58,0.1297
2007-06-27,6.74,0.1909
2007-06-28,10.1,0.286
2007-06-29,14.6,0.4134
2007-06-30,8.64,0.2447
2007-07-01,7.75,0.2195
2007-07-02,7.57,0.2144
2007-07-03,7.53,0.2132
2007-07-04,7.99,0.2263
2007-07-05,8.0,0.2265
2007-07-06,160.0,4.5307
2007-07-07,20.9,0.5918
2007-07-08,13.4,0.3794
2007-07-09,12.3,0.3483
2007-07-10,12.0,0.3398
2007-07-11,12.4,0.3511
2007-07-12,17.6,0.4984
2007-07-13,15.0,0.4248
2007-07-14,13.1,0.371
2007-07-15,66.3,1.8774
2007-07-16,22.8,0.6456
2007-07-17,12.3,0.3483
2007-07-18,9.11,0.258
2007-07-19,7.19,0.2036
2007-07-20,6.15,0.1741
2007-07-21,6.86,0.1943
2007-07-22,76.9,2.1776
2007-07-23,49.2,1.3932
2007-07-24,10.6,0.3002
2007-07-25,6.43,0.1821
2007-07-26,4.45,0.126
2007-07-27,3.77,0.1068
2007-07-28,3.5,0.0991
2007-07-29,3.1,0.0878
2007-07-30,2.7,0.0765
2007-07-31,2.34,0.0663
2007-08-01,2.16,0.0612
2007-08-02,2.2,0.0623
2007-08-03,2.2,0.0623
2007-08-04,2.2,0.0623
2007-08-05,2.2,0.0623
2007-08-06,2.2,0.0623
2007-08-07,2.2,0.0623
2007-08-08,2.2,0.0623
2007-08-09,2.1,0.0595
2007-08-10,2.0,0.0566
2007-08-11,2.0,0.0566
2007-08-12,1.9,0.0538
2007-08-13,3.0,0.085
2007-08-14,3.17,0.0898
2007-08-15,2.99,0.0847
2007-08-16,2.82,0.0799
2007-08-17,2.77,0.0784
2007-08-18,2.69,0.0762
2007-08-19,3.3,0.0934
2007-08-20,3.5,0.0991
2007-08-21,3.0,0.085
2007-08-22,2.12,0.06
2007-08-23,2.5,0.0708
2007-08-24,2.5,0.0708
2007-08-25,2.13,0.0603
2007-08-26,1.9,0.0538
2007-08-27,1.78,0.0504
2007-08-28,1.69,0.0479
2007-08-29,1.69,0.0479
2007-08-30,1.64,0.0464
2007-08-31,1.65,0.0467
2007-09-01,1.59,0.045
2007-09-02,1.45,0.0411
2007-09-03,1.42,0.0402
2007-09-04,1.39,0.0394
2007-09-05,1.45,0.0411
2007-09-06,1.51,0.0428
2007-09-07,1.52,0.043
2007-09-08,1.77,0.0501
2007-09-09,1.73,0.049
2007-09-10,6.05,0.1713
2007-09-11,401.0,11.355
2007-09-12,10.0,0.2832
2007-09-13,4.14,0.1172
2007-09-14,2.36,0.0668
2007-09-15,1.93,0.0547
2007-09-16,1.74,0.0493
2007-09-17,2.57,0.0728
2007-09-18,4.29,0.1215
2007-09-19,1.97,0.0558
2007-09-20,2.05,0.058
2007-09-21,98.6,2.792
2007-09-22,18.8,0.5324
2007-09-23,5.27,0.1492
2007-09-24,3.52,0.0997
2007-09-25,2.89,0.0818
2007-09-26,2.67,0.0756
2007-09-27,2.62,0.0742
2007-09-28,2.63,0.0745
2007-09-29,3.48,0.0985
2007-09-30,3.47,0.0983
2007-10-01,2.89,0.0818
2007-10-02,2.86,0.081
2007-10-03,2.9,0.0821
2007-10-04,2.84,0.0804
2007-10-05,2.8,0.0793
2007-10-06,2.74,0.0776
2007-10-07,2.64,0.0748
2007-10-08,2.55,0.0722
2007-10-09,2.62,0.0742
2007-10-10,2.65,0.075
2007-10-11,2.67,0.0756
2007-10-12,2.67,0.0756
2007-10-13,2.95,0.0835
2007-10-14,2.7,0.0765
2007-10-15,2.6,0.0736
2007-10-16,2.5,0.0708
2007-10-17,2.4,0.068
2007-10-18,2.4,0.068
2007-10-19,2.3,0.0651
2007-10-20,2.3,0.0651
2007-10-21,2.1,0.0595
2007-10-22,2.1,0.0595
2007-10-23,2.0,0.0566
2007-10-24,2.0,0.0566
2007-10-25,2.0,0.0566
2007-10-26,2.0,0.0566
2007-10-27,2.04,0.0578
2007-10-28,2.01,0.0569
2007-10-29,2.01,0.0569
2007-10-30,2.06,0.0583
2007-10-31,2.1,0.0595
2007-11-01,2.09,0.0592
2007-11-02,2.12,0.06
2007-11-03,2.11,0.0597
2007-11-04,2.11,0.0597
2007-11-05,2.12,0.06
2007-11-06,2.1,0.0595
2007-11-07,2.09,0.0592
2007-11-08,2.09,0.0592
2007-11-09,2.11,0.0597
2007-11-10,2.18,0.0617
2007-11-11,2.23,0.0631
2007-11-12,2.23,0.0631
2007-11-13,2.21,0.0626
2007-11-14,2.2,0.0623
2007-11-15,2.13,0.0603
2007-11-16,2.16,0.0612
2007-11-17,2.26,0.064
2007-11-18,2.37,0.0671
2007-11-19,2.36,0.0668
2007-11-20,2.33,0.066
2007-11-21,2.3,0.0651
2007-11-22,2.39,0.0677
2007-11-23,2.39,0.0677
2007-11-24,2.47,0.0699
2007-11-25,2.78,0.0787
2007-11-26,2.85,0.0807
2007-11-27,2.77,0.0784
2007-11-28,2.63,0.0745
2007-11-29,2.56,0.0725
2007-11-30,2.62,0.0742
2007-12-01,2.74,0.0776
2007-12-02,2.69,0.0762
2007-12-03,2.6,0.0736
2007-12-04,2.61,0.0739
2007-12-05,2.74,0.0776
2007-12-06,2.75,0.0779
2007-12-07,2.71,0.0767
2007-12-08,2.68,0.0759
2007-12-09,2.72,0.077
2007-12-10,2.88,0.0816
2007-12-11,3.25,0.092
2007-12-12,3.22,0.0912
2007-12-13,2.87,0.0813
2007-12-14,2.74,0.0776
2007-12-15,2.7,0.0765
2007-12-16,2.65,0.075
2007-12-17,2.56,0.0725
2007-12-18,2.61,0.0739
2007-12-19,2.65,0.075
2007-12-20,2.59,0.0733
2007-12-21,2.52,0.0714
2007-12-22,2.47,0.0699
2007-12-23,2.47,0.0699
2007-12-24,2.4,0.068
2007-12-25,2.38,0.0674
2007-12-26,2.36,0.0668
2007-12-27,2.35,0.0665
2007-12-28,2.23,0.0631
2007-12-29,2.24,0.0634
2007-12-30,2.23,0.0631
2007-12-31,2.24,0.0634
2008-01-01,2.13,0.0603
2008-01-02,2.1,0.0595
2008-01-03,2.11,0.0597
2008-01-04,2.14,0.0606
2008-01-05,2.14,0.0606
2008-01-06,2.1,0.0595
2008-01-07,2.05,0.058
2008-01-08,2.0,0.0566
2008-01-09,1.96,0.0555
2008-01-10,1.93,0.0547
2008-01-11,1.9,0.0538
2008-01-12,1.94,0.0549
2008-01-13,1.99,0.0564
2008-01-14,1.96,0.0555
2008-01-15,1.97,0.0558
2008-01-16,2.03,0.0575
2008-01-17,2.07,0.0586
2008-01-18,2.03,0.0575
2008-01-19,2.0,0.0566
2008-01-20,2.04,0.0578
2008-01-21,2.14,0.0606
2008-01-22,2.14,0.0606
2008-01-23,2.18,0.0617
2008-01-24,2.22,0.0629
2008-01-25,2.06,0.0583
2008-01-26,1.9,0.0538
2008-01-27,1.9,0.0538
2008-01-28,1.91,0.0541
2008-01-29,1.96,0.0555
2008-01-30,1.91,0.0541
2008-01-31,1.85,0.0524
2008-02-01,1.87,0.053
2008-02-02,1.95,0.0552
2008-02-03,1.99,0.0564
2008-02-04,1.98,0.0561
2008-02-05,1.95,0.0552
2008-02-06,1.97,0.0558
2008-02-07,1.96,0.0555
2008-02-08,2.05,0.058
2008-02-09,2.05,0.058
2008-02-10,2.08,0.0589
2008-02-11,2.12,0.06
2008-02-12,2.15,0.0609
2008-02-13,2.16,0.0612
2008-02-14,2.17,0.0614
2008-02-15,2.07,0.0586
2008-02-16,2.1,0.0595
2008-02-17,2.05,0.058
2008-02-18,2.05,0.058
2008-02-19,2.06,0.0583
2008-02-20,2.06,0.0583
2008-02-21,1.99,0.0564
2008-02-22,2.0,0.0566
2008-02-23,2.0,0.0566
2008-02-24,2.01,0.0569
2008-02-25,2.01,0.0569
2008-02-26,1.97,0.0558
2008-02-27,1.97,0.0558
2008-02-28,1.93,0.0547
2008-02-29,1.91,0.0541
2008-03-01,1.99,0.0564
2008-03-02,1.99,0.0564
2008-03-03,1.93,0.0547
2008-03-04,1.97,0.0558
2008-03-05,1.97,0.0558
2008-03-06,1.96,0.0555
2008-03-07,1.97,0.0558
2008-03-08,1.96,0.0555
2008-03-09,1.92,0.0544
2008-03-10,1.94,0.0549
2008-03-11,1.99,0.0564
2008-03-12,2.01,0.0569
2008-03-13,2.06,0.0583
2008-03-14,2.0,0.0566
2008-03-15,1.89,0.0535
2008-03-16,1.9,0.0538
2008-03-17,1.83,0.0518
2008-03-18,1.85,0.0524
2008-03-19,1.91,0.0541
2008-03-20,1.92,0.0544
2008-03-21,1.92,0.0544
2008-03-22,1.98,0.0561
2008-03-23,1.92,0.0544
2008-03-24,1.89,0.0535
2008-03-25,1.89,0.0535
2008-03-26,1.89,0.0535
2008-03-27,1.88,0.0532
2008-03-28,1.86,0.0527
2008-03-29,1.87,0.053
2008-03-30,1.83,0.0518
2008-03-31,1.67,0.0473
2008-04-01,1.62,0.0459
2008-04-02,1.67,0.0473
2008-04-03,1.7,0.0481
2008-04-04,1.7,0.0481
2008-04-05,1.73,0.049
2008-04-06,1.71,0.0484
2008-04-07,1.72,0.0487
2008-04-08,1.69,0.0479
2008-04-09,1.69,0.0479
2008-04-10,1.58,0.0447
2008-04-11,1.54,0.0436
2008-04-12,1.53,0.0433
2008-04-13,1.56,0.0442
2008-04-14,1.6,0.0453
2008-04-15,1.61,0.0456
2008-04-16,1.59,0.045
2008-04-17,1.52,0.043
2008-04-18,1.43,0.0405
2008-04-19,1.43,0.0405
2008-04-20,1.43,0.0405
2008-04-21,1.4,0.0396
2008-04-22,1.38,0.0391
2008-04-23,1.36,0.0385
2008-04-24,1.33,0.0377
2008-04-25,1.31,0.0371
2008-04-26,1.31,0.0371
2008-04-27,1.27,0.036
2008-04-28,1.31,0.0371
2008-04-29,1.31,0.0371
2008-04-30,1.33,0.0377
2008-05-01,1.27,0.036
2008-05-02,1.21,0.0343
2008-05-03,1.2,0.034
2008-05-04,1.24,0.0351
2008-05-05,1.34,0.0379
2008-05-06,2.96,0.0838
2008-05-07,1.36,0.0385
2008-05-08,1.14,0.0323
2008-05-09,1.08,0.0306
2008-05-10,1.03,0.0292
2008-05-11,1.02,0.0289
2008-05-12,1.04,0.0294
2008-05-13,0.98,0.0278
2008-05-14,0.95,0.0269
2008-05-15,0.96,0.0272
2008-05-16,1.02,0.0289
2008-05-17,1.08,0.0306
2008-05-18,1.07,0.0303
2008-05-19,1.01,0.0286
2008-05-20,0.97,0.0275
2008-05-21,0.91,0.0258
2008-05-22,0.84,0.0238
2008-05-23,0.81,0.0229
2008-05-24,0.75,0.0212
2008-05-25,0.75,0.0212
2008-05-26,0.71,0.0201
2008-05-27,0.66,0.0187
2008-05-28,0.66,0.0187
2008-05-29,0.65,0.0184
2008-05-30,0.63,0.0178
2008-05-31,0.63,0.0178
2008-06-01,0.6,0.017
2008-06-02,0.59,0.0167
2008-06-03,0.56,0.0159
2008-06-04,0.54,0.0153
2008-06-05,0.53,0.015
2008-06-06,0.53,0.015
2008-06-07,0.53,0.015
2008-06-08,0.52,0.0147
2008-06-09,0.53,0.015
2008-06-10,0.54,0.0153
2008-06-11,0.46,0.013
2008-06-12,0.39,0.011
2008-06-13,0.34,0.0096
2008-06-14,0.36,0.0102
2008-06-15,0.33,0.0093
2008-06-16,0.37,0.0105
2008-06-17,0.34,0.0096
2008-06-18,0.32,0.0091
2008-06-19,0.28,0.0079
2008-06-20,0.25,0.0071
2008-06-21,0.41,0.0116
2008-06-22,0.51,0.0144
2008-06-23,0.31,0.0088
2008-06-24,0.28,0.0079
2008-06-25,0.28,0.0079
2008-06-26,0.27,0.0076
2008-06-27,0.26,0.0074
2008-06-28,0.24,0.0068
2008-06-29,0.26,0.0074
2008-06-30,1.39,0.0394
2008-07-01,1.02,0.0289
2008-07-02,0.79,0.0224
2008-07-03,0.46,0.013
2008-07-04,0.53,0.015
2008-07-05,0.54,0.0153
2008-07-06,0.55,0.0156
2008-07-07,0.52,0.0147
2008-07-08,0.48,0.0136
2008-07-09,0.52,0.0147
2008-07-10,12.3,0.3483
2008-07-11,7.31,0.207
2008-07-12,5.65,0.16
2008-07-13,4.46,0.1263
2008-07-14,5.57,0.1577
2008-07-15,6.03,0.1708
2008-07-16,3.67,0.1039
2008-07-17,2.94,0.0833
2008-07-18,2.63,0.0745
2008-07-19,2.38,0.0674
2008-07-20,2.23,0.0631
2008-07-21,2.09,0.0592
2008-07-22,2.02,0.0572
2008-07-23,1.92,0.0544
2008-07-24,1.81,0.0513
2008-07-25,1.82,0.0515
2008-07-26,9.88,0.2798
2008-07-27,4.9,0.1388
2008-07-28,4.83,0.1368
2008-07-29,3.74,0.1059
2008-07-30,1.86,0.0527
2008-07-31,1.43,0.0405
2008-08-01,9.3,0.2633
2008-08-02,2.69,0.0762
2008-08-03,1.45,0.0411
2008-08-04,1.14,0.0323
2008-08-05,0.94,0.0266
2008-08-06,0.83,0.0235
2008-08-07,0.77,0.0218
2008-08-08,0.73,0.0207
2008-08-09,0.74,0.021
2008-08-10,1.15,0.0326
2008-08-11,2.24,0.0634
2008-08-12,1.14,0.0323
2008-08-13,1.64,0.0464
2008-08-14,2.28,0.0646
2008-08-15,1.09,0.0309
2008-08-16,0.88,0.0249
2008-08-17,1.03,0.0292
2008-08-18,1.16,0.0328
2008-08-19,0.98,0.0278
2008-08-20,0.86,0.0244
2008-08-21,0.82,0.0232
2008-08-22,0.76,0.0215
2008-08-23,0.78,0.0221
2008-08-24,0.78,0.0221
2008-08-25,0.78,0.0221
2008-08-26,0.76,0.0215
2008-08-27,0.76,0.0215
2008-08-28,0.82,0.0232
2008-08-29,0.92,0.0261
2008-08-30,1.13,0.032
2008-08-31,1.23,0.0348
2008-09-01,1.56,0.0442
2008-09-02,1.6,0.0453
2008-09-03,1.68,0.0476
2008-09-04,1.59,0.045
2008-09-05,1.43,0.0405
2008-09-06,1.44,0.0408
2008-09-07,1.43,0.0405
2008-09-08,42.9,1.2148
2008-09-09,34.8,0.9854
2008-09-10,12.7,0.3596
2008-09-11,10.8,0.3058
2008-09-12,10.8,0.3058
2008-09-13,10.8,0.3058
2008-09-14,17.4,0.4927
2008-09-15,20.7,0.5862
2008-09-16,11.9,0.337
2008-09-17,8.33,0.2359
2008-09-18,6.71,0.19
2008-09-19,5.5,0.1557
2008-09-20,5.18,0.1467
2008-09-21,4.9,0.1388
2008-09-22,4.65,0.1317
2008-09-23,2.5,0.0708
2008-09-24,1.41,0.0399
2008-09-25,1.39,0.0394
2008-09-26,1.37,0.0388
2008-09-27,1.36,0.0385
2008-09-28,1.39,0.0394
2008-09-29,1.37,0.0388
2008-09-30,1.34,0.0379
2008-10-01,1.33,0.0377
2008-10-02,1.32,0.0374
2008-10-03,1.32,0.0374
2008-10-04,1.32,0.0374
2008-10-05,3.19,0.0903
2008-10-06,3.08,0.0872
2008-10-07,2.37,0.0671
2008-10-08,1.49,0.0422
2008-10-09,1.37,0.0388
2008-10-10,1.32,0.0374
2008-10-11,1.31,0.0371
2008-10-12,1.33,0.0377
2008-10-13,1.4,0.0396
2008-10-14,10.9,0.3087
2008-10-15,2.74,0.0776
2008-10-16,1.74,0.0493
2008-10-17,1.54,0.0436
2008-10-18,1.49,0.0422
2008-10-19,1.5,0.0425
2008-10-20,1.48,0.0419
2008-10-21,1.49,0.0422
2008-10-22,1.46,0.0413
2008-10-23,1.4,0.0396
2008-10-24,1.4,0.0396
2008-10-25,1.41,0.0399
2008-10-26,1.39,0.0394
2008-10-27,1.31,0.0371
2008-10-28,1.33,0.0377
2008-10-29,1.32,0.0374
2008-10-30,1.35,0.0382
2008-10-31,1.37,0.0388
2008-11-01,1.38,0.0391
2008-11-02,1.4,0.0396
2008-11-03,1.43,0.0405
2008-11-04,1.44,0.0408
2008-11-05,1.4,0.0396
2008-11-06,1.31,0.0371
2008-11-07,1.28,0.0362
2008-11-08,1.28,0.0362
2008-11-09,1.34,0.0379
2008-11-10,1.39,0.0394
2008-11-11,1.43,0.0405
2008-11-12,1.43,0.0405
2008-11-13,1.42,0.0402
2008-11-14,1.43,0.0405
2008-11-15,1.43,0.0405
2008-11-16,1.38,0.0391
2008-11-17,1.37,0.0388
2008-11-18,1.4,0.0396
2008-11-19,1.41,0.0399
2008-11-20,1.43,0.0405
2008-11-21,1.4,0.0396
2008-11-22,1.37,0.0388
2008-11-23,1.37,0.0388
2008-11-24,1.37,0.0388
2008-11-25,1.37,0.0388
2008-11-26,1.41,0.0399
2008-11-27,1.37,0.0388
2008-11-28,1.37,0.0388
2008-11-29,1.35,0.0382
2008-11-30,1.32,0.0374
2008-12-01,1.31,0.0371
2008-12-02,1.58,0.0447
2008-12-03,1.87,0.053
2008-12-04,1.89,0.0535
2008-12-05,1.9,0.0538
2008-12-06,1.94,0.0549
2008-12-07,1.99,0.0564
2008-12-08,2.02,0.0572
2008-12-09,1.98,0.0561
2008-12-10,1.94,0.0549
2008-12-11,1.97,0.0558
2008-12-12,1.98,0.0561
2008-12-13,2.01,0.0569
2008-12-14,2.01,0.0569
2008-12-15,1.92,0.0544
2008-12-16,1.9,0.0538
2008-12-17,1.91,0.0541
2008-12-18,1.99,0.0564
2008-12-19,1.98,0.0561
2008-12-20,1.93,0.0547
2008-12-21,1.8,0.051
2008-12-22,1.63,0.0462
2008-12-23,1.63,0.0462
2008-12-24,1.6,0.0453
2008-12-25,1.69,0.0479
2008-12-26,1.68,0.0476
2008-12-27,1.63,0.0462
2008-12-28,1.62,0.0459
2008-12-29,1.57,0.0445
2008-12-30,1.59,0.045
2008-12-31,1.66,0.047
2009-01-01,1.7,0.0481
2009-01-02,1.64,0.0464
2009-01-03,1.53,0.0433
2009-01-04,1.48,0.0419
2009-01-05,1.55,0.0439
2009-01-06,1.82,0.0515
2009-01-07,1.92,0.0544
2009-01-08,1.82,0.0515
2009-01-09,1.83,0.0518
2009-01-10,1.76,0.0498
2009-01-11,1.74,0.0493
2009-01-12,1.77,0.0501
2009-01-13,1.87,0.053
2009-01-14,1.9,0.0538
2009-01-15,1.9,0.0538
2009-01-16,1.96,0.0555
2009-01-17,1.9,0.0538
2009-01-18,1.89,0.0535
2009-01-19,1.92,0.0544
2009-01-20,1.89,0.0535
2009-01-21,1.97,0.0558
2009-01-22,2.0,0.0566
2009-01-23,1.99,0.0564
2009-01-24,1.83,0.0518
2009-01-25,1.87,0.053
2009-01-26,1.81,0.0513
2009-01-27,1.82,0.0515
2009-01-28,1.8,0.051
2009-01-29,1.72,0.0487
2009-01-30,1.79,0.0507
2009-01-31,1.82,0.0515
2009-02-01,1.78,0.0504
2009-02-02,1.75,0.0496
2009-02-03,1.75,0.0496
2009-02-04,1.65,0.0467
2009-02-05,1.66,0.047
2009-02-06,1.71,0.0484
2009-02-07,1.77,0.0501
2009-02-08,1.77,0.0501
2009-02-09,1.76,0.0498
2009-02-10,1.68,0.0476
2009-02-11,1.6,0.0453
2009-02-12,1.62,0.0459
2009-02-13,1.64,0.0464
2009-02-14,1.55,0.0439
2009-02-15,1.55,0.0439
2009-02-16,1.55,0.0439
2009-02-17,1.55,0.0439
2009-02-18,1.52,0.043
2009-02-19,1.56,0.0442
2009-02-20,1.6,0.0453
2009-02-21,1.62,0.0459
2009-02-22,1.62,0.0459
2009-02-23,1.59,0.045
2009-02-24,1.65,0.0467
2009-02-25,1.61,0.0456
2009-02-26,1.51,0.0428
2009-02-27,1.51,0.0428
2009-02-28,1.44,0.0408
2009-03-01,1.42,0.0402
2009-03-02,1.43,0.0405
2009-03-03,1.48,0.0419
2009-03-04,1.45,0.0411
2009-03-05,1.38,0.0391
2009-03-06,1.4,0.0396
2009-03-07,1.52,0.043
2009-03-08,1.51,0.0428
2009-03-09,1.55,0.0439
2009-03-10,1.63,0.0462
2009-03-11,1.68,0.0476
2009-03-12,1.71,0.0484
2009-03-13,1.8,0.051
2009-03-14,1.9,0.0538
2009-03-15,1.89,0.0535
2009-03-16,1.93,0.0547
2009-03-17,1.93,0.0547
2009-03-18,1.88,0.0532
2009-03-19,1.93,0.0547
2009-03-20,2.07,0.0586
2009-03-21,2.09,0.0592
2009-03-22,2.03,0.0575
2009-03-23,2.02,0.0572
2009-03-24,1.95,0.0552
2009-03-25,1.84,0.0521
2009-03-26,1.85,0.0524
2009-03-27,1.83,0.0518
2009-03-28,1.98,0.0561
2009-03-29,1.95,0.0552
2009-03-30,1.91,0.0541
2009-03-31,1.86,0.0527
2009-04-01,1.78,0.0504
2009-04-02,1.7,0.0481
2009-04-03,1.6,0.0453
2009-04-04,1.22,0.0345
2009-04-05,1.24,0.0351
2009-04-06,1.27,0.036
2009-04-07,1.29,0.0365
2009-04-08,1.37,0.0388
2009-04-09,1.39,0.0394
2009-04-10,1.37,0.0388
2009-04-11,1.39,0.0394
2009-04-12,1.44,0.0408
2009-04-13,1.43,0.0405
2009-04-14,1.44,0.0408
2009-04-15,1.47,0.0416
2009-04-16,1.46,0.0413
2009-04-17,1.43,0.0405
2009-04-18,1.4,0.0396
2009-04-19,1.39,0.0394
2009-04-20,1.43,0.0405
2009-04-21,1.35,0.0382
2009-04-22,1.31,0.0371
2009-04-23,1.3,0.0368
2009-04-24,1.31,0.0371
2009-04-25,1.26,0.0357
2009-04-26,1.24,0.0351
2009-04-27,1.2,0.034
2009-04-28,1.24,0.0351
2009-04-29,1.27,0.036
2009-04-30,1.21,0.0343
2009-05-01,1.11,0.0314
2009-05-02,1.1,0.0311
2009-05-03,1.1,0.0311
2009-05-04,1.1,0.0311
2009-05-05,1.08,0.0306
2009-05-06,1.02,0.0289
2009-05-07,0.96,0.0272
2009-05-08,0.92,0.0261
2009-05-09,0.89,0.0252
2009-05-10,0.85,0.0241
2009-05-11,0.83,0.0235
2009-05-12,0.87,0.0246
2009-05-13,0.83,0.0235
2009-05-14,0.78,0.0221
2009-05-15,0.76,0.0215
2009-05-16,1.72,0.0487
2009-05-17,0.95,0.0269
2009-05-18,0.77,0.0218
2009-05-19,0.73,0.0207
2009-05-20,0.7,0.0198
2009-05-21,0.65,0.0184
2009-05-22,0.75,0.0212
2009-05-23,16.4,0.4644
2009-05-24,11.4,0.3228
2009-05-25,29.4,0.8325
2009-05-26,4.59,0.13
2009-05-27,1.79,0.0507
2009-05-28,1.21,0.0343
2009-05-29,1.02,0.0289
2009-05-30,0.92,0.0261
2009-05-31,0.84,0.0238
2009-06-01,0.74,0.021
2009-06-02,0.7,0.0198
2009-06-03,0.66,0.0187
2009-06-04,0.6,0.017
2009-06-05,0.59,0.0167
2009-06-06,0.57,0.0161
2009-06-07,0.55,0.0156
2009-06-08,0.53,0.015
2009-06-09,0.51,0.0144
2009-06-10,0.51,0.0144
2009-06-11,0.48,0.0136
2009-06-12,0.45,0.0127
2009-06-13,0.44,0.0125
2009-06-14,0.44,0.0125
2009-06-15,0.42,0.0119
2009-06-16,0.42,0.0119
2009-06-17,0.44,0.0125
2009-06-18,0.41,0.0116
2009-06-19,0.53,0.015
2009-06-20,0.69,0.0195
2009-06-21,0.72,0.0204
2009-06-22,0.66,0.0187
2009-06-23,0.6,0.017
2009-06-24,0.57,0.0161
2009-06-25,0.57,0.0161
2009-06-26,0.58,0.0164
2009-06-27,0.56,0.0159
2009-06-28,0.6,0.017
2009-06-29,0.66,0.0187
2009-06-30,209.0,5.9182
2009-07-01,19.8,0.5607
2009-07-02,6.43,0.1821
2009-07-03,3.83,0.1085
2009-07-04,2.93,0.083
2009-07-05,2.8,0.0793
2009-07-06,3.52,0.0997
2009-07-07,2.9,0.0821
2009-07-08,9.41,0.2665
2009-07-09,5.32,0.1506
2009-07-10,3.25,0.092
2009-07-11,2.57,0.0728
2009-07-12,2.41,0.0682
2009-07-13,2.42,0.0685
2009-07-14,2.41,0.0682
2009-07-15,2.35,0.0665
2009-07-16,2.27,0.0643
2009-07-17,1.73,0.049
2009-07-18,1.62,0.0459
2009-07-19,1.52,0.043
2009-07-20,1.44,0.0408
2009-07-21,1.4,0.0396
2009-07-22,21.6,0.6116
2009-07-23,5.47,0.1549
2009-07-24,2.47,0.0699
2009-07-25,1.87,0.053
2009-07-26,1.64,0.0464
2009-07-27,1.48,0.0419
2009-07-28,1.42,0.0402
2009-07-29,1.36,0.0385
2009-07-30,55.1,1.5603
2009-07-31,307.0,8.6933
2009-08-01,61.1,1.7302
2009-08-02,10.2,0.2888
2009-08-03,5.7,0.1614
2009-08-04,3.92,0.111
2009-08-05,3.5,0.0991
2009-08-06,3.22,0.0912
2009-08-07,3.08,0.0872
2009-08-08,2.88,0.0816
2009-08-09,2.84,0.0804
2009-08-10,2.78,0.0787
2009-08-11,3.57,0.1011
2009-08-12,2.66,0.0753
2009-08-13,2.39,0.0677
2009-08-14,2.12,0.06
2009-08-15,1.85,0.0524
2009-08-16,1.72,0.0487
2009-08-17,1.62,0.0459
2009-08-18,1.49,0.0422
2009-08-19,1.45,0.0411
2009-08-20,1.45,0.0411
2009-08-21,1.46,0.0413
2009-08-22,1.49,0.0422
2009-08-23,1.45,0.0411
2009-08-24,1.42,0.0402
2009-08-25,1.32,0.0374
2009-08-26,1.24,0.0351
2009-08-27,1.25,0.0354
2009-08-28,1.43,0.0405
2009-08-29,1.34,0.0379
2009-08-30,1.49,0.0422
2009-08-31,1.37,0.0388
2009-09-01,1.3,0.0368
2009-09-02,1.28,0.0362
2009-09-03,1.29,0.0365
2009-09-04,1.33,0.0377
2009-09-05,1.39,0.0394
2009-09-06,1.37,0.0388
2009-09-07,1.36,0.0385
2009-09-08,1.41,0.0399
2009-09-09,1.41,0.0399
2009-09-10,1.44,0.0408
2009-09-11,11.3,0.32
2009-09-12,8.94,0.2532
2009-09-13,4.83,0.1368
2009-09-14,1.96,0.0555
2009-09-15,1.62,0.0459
2009-09-16,1.6,0.0453
2009-09-17,1.66,0.047
2009-09-18,1.63,0.0462
2009-09-19,1.63,0.0462
2009-09-20,1.63,0.0462
2009-09-21,1.38,0.0391
2009-09-22,1.2,0.034
2009-09-23,1.2,0.034
2009-09-24,1.23,0.0348
2009-09-25,1.28,0.0362
2009-09-26,1.33,0.0377
2009-09-27,1.3,0.0368
2009-09-28,1.26,0.0357
2009-09-29,1.27,0.036
2009-09-30,1.25,0.0354
2009-10-01,1.23,0.0348
2009-10-02,1.2,0.034
2009-10-03,1.21,0.0343
2009-10-04,1.34,0.0379
2009-10-05,1.39,0.0394
2009-10-06,1.35,0.0382
2009-10-07,1.32,0.0374
2009-10-08,1.35,0.0382
2009-10-09,1.31,0.0371
2009-10-10,1.31,0.0371
2009-10-11,1.34,0.0379
2009-10-12,1.4,0.0396
2009-10-13,1.46,0.0413
2009-10-14,1.45,0.0411
2009-10-15,1.38,0.0391
2009-10-16,1.37,0.0388
2009-10-17,1.36,0.0385
2009-10-18,1.37,0.0388
2009-10-19,1.4,0.0396
2009-10-20,1.44,0.0408
2009-10-21,1.65,0.0467
2009-10-22,1.61,0.0456
2009-10-23,1.54,0.0436
2009-10-24,1.49,0.0422
2009-10-25,1.49,0.0422
2009-10-26,1.54,0.0436
2009-10-27,1.55,0.0439
2009-10-28,1.55,0.0439
2009-10-29,1.6,0.0453
2009-10-30,1.62,0.0459
2009-10-31,1.62,0.0459
2009-11-01,1.65,0.0467
2009-11-02,1.67,0.0473
2009-11-03,1.67,0.0473
2009-11-04,1.68,0.0476
2009-11-05,1.68,0.0476
2009-11-06,1.69,0.0479
2009-11-07,1.72,0.0487
2009-11-08,1.74,0.0493
2009-11-09,1.75,0.0496
2009-11-10,1.78,0.0504
2009-11-11,1.81,0.0513
2009-11-12,1.86,0.0527
2009-11-13,1.9,0.0538
2009-11-14,1.92,0.0544
2009-11-15,1.88,0.0532
2009-11-16,1.82,0.0515
2009-11-17,1.83,0.0518
2009-11-18,1.95,0.0552
2009-11-19,2.09,0.0592
2009-11-20,2.13,0.0603
2009-11-21,2.09,0.0592
2009-11-22,2.14,0.0606
2009-11-23,2.32,0.0657
2009-11-24,2.37,0.0671
2009-11-25,2.33,0.066
2009-11-26,2.33,0.066
2009-11-27,2.42,0.0685
2009-11-28,2.46,0.0697
2009-11-29,2.55,0.0722
2009-11-30,2.63,0.0745
2009-12-01,2.8,0.0793
2009-12-02,3.2,0.0906
2009-12-03,2.97,0.0841
2009-12-04,2.67,0.0756
2009-12-05,2.57,0.0728
2009-12-06,2.66,0.0753
2009-12-07,2.73,0.0773
2009-12-08,2.65,0.075
2009-12-09,2.57,0.0728
2009-12-10,2.52,0.0714
2009-12-11,2.5,0.0708
2009-12-12,2.55,0.0722
2009-12-13,2.62,0.0742
2009-12-14,2.74,0.0776
2009-12-15,2.7,0.0765
2009-12-16,2.7,0.0765
2009-12-17,2.65,0.075
2009-12-18,2.69,0.0762
2009-12-19,2.74,0.0776
2009-12-20,2.74,0.0776
2009-12-21,2.84,0.0804
2009-12-22,2.84,0.0804
2009-12-23,2.88,0.0816
2009-12-24,2.78,0.0787
2009-12-25,2.54,0.0719
2009-12-26,2.45,0.0694
2009-12-27,2.44,0.0691
2009-12-28,2.51,0.0711
2009-12-29,2.67,0.0756
2009-12-30,2.74,0.0776
2009-12-31,2.71,0.0767
2010-01-01,2.61,0.0739
2010-01-02,2.55,0.0722
2010-01-03,2.57,0.0728
2010-01-04,2.65,0.075
2010-01-05,2.65,0.075
2010-01-06,2.65,0.075
2010-01-07,2.7,0.0765
2010-01-08,2.69,0.0762
2010-01-09,2.65,0.075
2010-01-10,2.61,0.0739
2010-01-11,2.63,0.0745
2010-01-12,2.63,0.0745
2010-01-13,2.65,0.075
2010-01-14,2.58,0.0731
2010-01-15,2.47,0.0699
2010-01-16,2.4,0.068
2010-01-17,2.41,0.0682
2010-01-18,2.43,0.0688
2010-01-19,2.42,0.0685
2010-01-20,2.41,0.0682
2010-01-21,2.33,0.066
2010-01-22,2.33,0.066
2010-01-23,2.38,0.0674
2010-01-24,2.36,0.0668
2010-01-25,2.29,0.0648
2010-01-26,2.25,0.0637
2010-01-27,2.17,0.0614
2010-01-28,2.77,0.0784
2010-01-29,2.85,0.0807
2010-01-30,2.58,0.0731
2010-01-31,2.34,0.0663
2010-02-01,2.29,0.0648
2010-02-02,2.21,0.0626
2010-02-03,2.91,0.0824
2010-02-04,3.26,0.0923
2010-02-05,2.96,0.0838
2010-02-06,2.5,0.0708
2010-02-07,2.3,0.0651
2010-02-08,2.22,0.0629
2010-02-09,2.21,0.0626
2010-02-10,2.21,0.0626
2010-02-11,2.61,0.0739
2010-02-12,2.62,0.0742
2010-02-13,2.47,0.0699
2010-02-14,2.19,0.062
2010-02-15,2.13,0.0603
2010-02-16,2.09,0.0592
2010-02-17,2.07,0.0586
2010-02-18,2.07,0.0586
2010-02-19,2.08,0.0589
2010-02-20,2.12,0.06
2010-02-21,2.08,0.0589
2010-02-22,2.08,0.0589
2010-02-23,2.13,0.0603
2010-02-24,2.13,0.0603
2010-02-25,2.06,0.0583
2010-02-26,1.99,0.0564
2010-02-27,1.97,0.0558
2010-02-28,1.97,0.0558
2010-03-01,1.99,0.0564
2010-03-02,1.97,0.0558
2010-03-03,1.97,0.0558
2010-03-04,1.9,0.0538
2010-03-05,1.86,0.0527
2010-03-06,1.91,0.0541
2010-03-07,1.99,0.0564
2010-03-08,1.98,0.0561
2010-03-09,1.9,0.0538
2010-03-10,1.87,0.053
2010-03-11,1.92,0.0544
2010-03-12,2.03,0.0575
2010-03-13,2.05,0.058
2010-03-14,2.05,0.058
2010-03-15,2.2,0.0623
2010-03-16,2.34,0.0663
2010-03-17,2.37,0.0671
2010-03-18,2.33,0.066
2010-03-19,2.33,0.066
2010-03-20,2.25,0.0637
2010-03-21,2.39,0.0677
2010-03-22,2.44,0.0691
2010-03-23,2.46,0.0697
2010-03-24,2.46,0.0697
2010-03-25,2.55,0.0722
2010-03-26,2.64,0.0748
2010-03-27,2.56,0.0725
2010-03-28,2.63,0.0745
2010-03-29,2.68,0.0759
2010-03-30,2.8,0.0793
2010-03-31,2.85,0.0807
2010-04-01,2.73,0.0773
2010-04-02,2.72,0.077
2010-04-03,2.73,0.0773
2010-04-04,2.76,0.0782
2010-04-05,2.76,0.0782
2010-04-06,2.71,0.0767
2010-04-07,2.58,0.0731
2010-04-08,2.6,0.0736
2010-04-09,2.69,0.0762
2010-04-10,2.62,0.0742
2010-04-11,2.72,0.077
2010-04-12,2.65,0.075
2010-04-13,2.66,0.0753
2010-04-14,2.83,0.0801
2010-04-15,2.92,0.0827
2010-04-16,2.84,0.0804
2010-04-17,2.69,0.0762
2010-04-18,2.66,0.0753
2010-04-19,2.64,0.0748
2010-04-20,2.63,0.0745
2010-04-21,2.55,0.0722
2010-04-22,2.32,0.0657
2010-04-23,2.28,0.0646
2010-04-24,2.2,0.0623
2010-04-25,2.14,0.0606
2010-04-26,2.05,0.058
2010-04-27,2.05,0.058
2010-04-28,2.05,0.058
2010-04-29,1.95,0.0552
2010-04-30,1.85,0.0524
2010-05-01,1.88,0.0532
2010-05-02,1.87,0.053
2010-05-03,1.79,0.0507
2010-05-04,1.76,0.0498
2010-05-05,1.72,0.0487
2010-05-06,1.69,0.0479
2010-05-07,1.57,0.0445
2010-05-08,1.54,0.0436
2010-05-09,1.59,0.045
2010-05-10,1.55,0.0439
2010-05-11,1.46,0.0413
2010-05-12,1.4,0.0396
2010-05-13,1.34,0.0379
2010-05-14,1.3,0.0368
2010-05-15,1.3,0.0368
2010-05-16,1.4,0.0396
2010-05-17,1.41,0.0399
2010-05-18,1.4,0.0396
2010-05-19,1.34,0.0379
2010-05-20,1.29,0.0365
2010-05-21,1.22,0.0345
2010-05-22,1.12,0.0317
2010-05-23,1.09,0.0309
2010-05-24,1.05,0.0297
2010-05-25,1.04,0.0294
2010-05-26,1.04,0.0294
2010-05-27,1.01,0.0286
2010-05-28,0.97,0.0275
2010-05-29,0.93,0.0263
2010-05-30,0.9,0.0255
2010-05-31,0.89,0.0252
2010-06-01,0.91,0.0258
2010-06-02,0.88,0.0249
2010-06-03,0.89,0.0252
2010-06-04,0.8,0.0227
2010-06-05,0.73,0.0207
2010-06-06,0.65,0.0184
2010-06-07,0.63,0.0178
2010-06-08,0.64,0.0181
2010-06-09,0.62,0.0176
2010-06-10,0.56,0.0159
2010-06-11,0.49,0.0139
2010-06-12,0.46,0.013
2010-06-13,0.43,0.0122
2010-06-14,0.39,0.011
2010-06-15,0.37,0.0105
2010-06-16,0.39,0.011
2010-06-17,0.37,0.0105
2010-06-18,0.38,0.0108
2010-06-19,0.41,0.0116
2010-06-20,0.41,0.0116
2010-06-21,0.36,0.0102
2010-06-22,5.04,0.1427
2010-06-23,1.16,0.0328
2010-06-24,0.65,0.0184
2010-06-25,0.51,0.0144
2010-06-26,0.4,0.0113
2010-06-27,0.45,0.0127
2010-06-28,0.55,0.0156
2010-06-29,707.0,20.02
2010-06-30,52.3,1.481
2010-07-01,14.4,0.4078
2010-07-02,10.5,0.2973
2010-07-03,10.0,0.2832
2010-07-04,7.18,0.2033
2010-07-05,5.36,0.1518
2010-07-06,4.17,0.1181
2010-07-07,3.83,0.1085
2010-07-08,12.6,0.3568
2010-07-09,10.4,0.2945
2010-07-10,16.0,0.4531
2010-07-11,8.31,0.2353
2010-07-12,205.0,5.8049
2010-07-13,25.7,0.7277
2010-07-14,9.03,0.2557
2010-07-15,6.22,0.1761
2010-07-16,5.12,0.145
2010-07-17,4.36,0.1235
2010-07-18,4.05,0.1147
2010-07-19,3.95,0.1119
2010-07-20,3.96,0.1121
2010-07-21,3.78,0.107
2010-07-22,3.63,0.1028
2010-07-23,3.67,0.1039
2010-07-24,4.13,0.1169
2010-07-25,73.6,2.0841
2010-07-26,15.8,0.4474
2010-07-27,7.1,0.201
2010-07-28,5.07,0.1436
2010-07-29,5.63,0.1594
2010-07-30,24.0,0.6796
2010-07-31,19.5,0.5522
2010-08-01,6.91,0.1957
2010-08-02,4.68,0.1325
2010-08-03,3.87,0.1096
2010-08-04,3.43,0.0971
2010-08-05,3.11,0.0881
2010-08-06,2.88,0.0816
2010-08-07,2.8,0.0793
2010-08-08,2.72,0.077
2010-08-09,3.15,0.0892
2010-08-10,2.72,0.077
2010-08-11,2.5,0.0708
2010-08-12,2.43,0.0688
2010-08-13,2.37,0.0671
2010-08-14,2.28,0.0646
2010-08-15,2.23,0.0631
2010-08-16,2.25,0.0637
2010-08-17,2.27,0.0643
2010-08-18,2.26,0.064
2010-08-19,2.25,0.0637
2010-08-20,2.36,0.0668
2010-08-21,3.67,0.1039
2010-08-22,4.3,0.1218
2010-08-23,2.77,0.0784
2010-08-24,2.36,0.0668
2010-08-25,2.37,0.0671
2010-08-26,2.32,0.0657
2010-08-27,2.05,0.058
2010-08-28,1.95,0.0552
2010-08-29,2.01,0.0569
2010-08-30,9.47,0.2682
2010-08-31,10.1,0.286
2010-09-01,4.37,0.1237
2010-09-02,2.64,0.0748
2010-09-03,27.2,0.7702
2010-09-04,34.6,0.9798
2010-09-05,8.19,0.2319
2010-09-06,5.06,0.1433
2010-09-07,4.12,0.1167
2010-09-08,3.8,0.1076
2010-09-09,3.78,0.107
2010-09-10,3.73,0.1056
2010-09-11,3.61,0.1022
2010-09-12,3.59,0.1017
2010-09-13,3.62,0.1025
2010-09-14,3.65,0.1034
2010-09-15,3.68,0.1042
2010-09-16,419.0,11.8647
2010-09-17,11.6,0.3285
2010-09-18,14.2,0.4021
2010-09-19,9.83,0.2784
2010-09-20,5.84,0.1654
2010-09-21,4.84,0.1371
2010-09-22,4.18,0.1184
2010-09-23,161.0,4.559
2010-09-24,36.0,1.0194
2010-09-25,11.5,0.3256
2010-09-26,7.6,0.2152
2010-09-27,5.66,0.1603
2010-09-28,4.93,0.1396
2010-09-29,4.6,0.1303
2010-09-30,4.11,0.1164
2010-10-01,3.84,0.1087
2010-10-02,3.65,0.1034
2010-10-03,3.55,0.1005
2010-10-04,3.4,0.0963
2010-10-05,3.34,0.0946
2010-10-06,2.92,0.0827
2010-10-07,2.68,0.0759
2010-10-08,2.7,0.0765
2010-10-09,2.73,0.0773
2010-10-10,2.62,0.0742
2010-10-11,2.53,0.0716
2010-10-12,2.3,0.0651
2010-10-13,2.3,0.0651
2010-10-14,2.27,0.0643
2010-10-15,2.23,0.0631
2010-10-16,2.26,0.064
2010-10-17,2.28,0.0646
2010-10-18,2.27,0.0643
2010-10-19,2.33,0.066
2010-10-20,2.37,0.0671
2010-10-21,2.38,0.0674
2010-10-22,2.39,0.0677
2010-10-23,2.42,0.0685
2010-10-24,2.39,0.0677
2010-10-25,2.35,0.0665
2010-10-26,2.26,0.064
2010-10-27,2.31,0.0654
2010-10-28,2.33,0.066
2010-10-29,2.39,0.0677
2010-10-30,2.42,0.0685
2010-10-31,2.49,0.0705
2010-11-01,2.46,0.0697
2010-11-02,2.42,0.0685
2010-11-03,2.38,0.0674
2010-11-04,2.44,0.0691
2010-11-05,2.51,0.0711
2010-11-06,2.53,0.0716
2010-11-07,2.56,0.0725
2010-11-08,2.55,0.0722
2010-11-09,2.56,0.0725
2010-11-10,2.53,0.0716
2010-11-11,2.51,0.0711
2010-11-12,2.57,0.0728
2010-11-13,2.62,0.0742
2010-11-14,2.65,0.075
2010-11-15,2.71,0.0767
2010-11-16,2.65,0.075
2010-11-17,2.54,0.0719
2010-11-18,2.47,0.0699
2010-11-19,2.54,0.0719
2010-11-20,2.65,0.075
2010-11-21,2.71,0.0767
2010-11-22,2.7,0.0765
2010-11-23,2.63,0.0745
2010-11-24,2.66,0.0753
2010-11-25,2.64,0.0748
2010-11-26,2.64,0.0748
2010-11-27,2.77,0.0784
2010-11-28,2.81,0.0796
2010-11-29,2.84,0.0804
2010-11-30,2.79,0.079
2010-12-01,2.79,0.079
2010-12-02,2.81,0.0796
2010-12-03,2.89,0.0818
2010-12-04,2.94,0.0833
2010-12-05,2.94,0.0833
2010-12-06,2.94,0.0833
2010-12-07,2.96,0.0838
2010-12-08,2.95,0.0835
2010-12-09,2.99,0.0847
2010-12-10,3.03,0.0858
2010-12-11,3.04,0.0861
2010-12-12,3.04,0.0861
2010-12-13,3.09,0.0875
2010-12-14,3.12,0.0883
2010-12-15,3.18,0.09
2010-12-16,3.11,0.0881
2010-12-17,3.08,0.0872
2010-12-18,3.18,0.09
2010-12-19,3.26,0.0923
2010-12-20,3.35,0.0949
2010-12-21,3.34,0.0946
2010-12-22,3.26,0.0923
2010-12-23,3.26,0.0923
2010-12-24,3.26,0.0923
2010-12-25,3.28,0.0929
2010-12-26,3.35,0.0949
2010-12-27,3.43,0.0971
2010-12-28,3.47,0.0983
2010-12-29,3.48,0.0985
2010-12-30,3.48,0.0985
2010-12-31,3.48,0.0985
2011-01-01,3.43,0.0971
2011-01-02,3.46,0.098
2011-01-03,3.44,0.0974
2011-01-04,3.4,0.0963
2011-01-05,3.4,0.0963
2011-01-06,3.37,0.0954
2011-01-07,3.41,0.0966
2011-01-08,3.36,0.0951
2011-01-09,3.37,0.0954
2011-01-10,3.36,0.0951
2011-01-11,3.25,0.092
2011-01-12,3.25,0.092
2011-01-13,3.24,0.0917
2011-01-14,3.26,0.0923
2011-01-15,3.31,0.0937
2011-01-16,3.35,0.0949
2011-01-17,3.28,0.0929
2011-01-18,3.25,0.092
2011-01-19,3.28,0.0929
2011-01-20,3.16,0.0895
2011-01-21,3.15,0.0892
2011-01-22,3.16,0.0895
2011-01-23,3.15,0.0892
2011-01-24,3.17,0.0898
2011-01-25,3.15,0.0892
2011-01-26,3.15,0.0892
2011-01-27,3.13,0.0886
2011-01-28,3.09,0.0875
2011-01-29,3.11,0.0881
2011-01-30,3.08,0.0872
2011-01-31,3.16,0.0895
2011-02-01,3.08,0.0872
2011-02-02,3.07,0.0869
2011-02-03,3.03,0.0858
2011-02-04,2.96,0.0838
2011-02-05,3.21,0.0909
2011-02-06,3.26,0.0923
2011-02-07,3.13,0.0886
2011-02-08,3.01,0.0852
2011-02-09,2.86,0.081
2011-02-10,2.84,0.0804
2011-02-11,2.9,0.0821
2011-02-12,2.94,0.0833
2011-02-13,2.92,0.0827
2011-02-14,2.9,0.0821
2011-02-15,2.91,0.0824
2011-02-16,2.91,0.0824
2011-02-17,2.78,0.0787
2011-02-18,2.62,0.0742
2011-02-19,2.59,0.0733
2011-02-20,2.56,0.0725
2011-02-21,2.48,0.0702
2011-02-22,2.48,0.0702
2011-02-23,2.35,0.0665
2011-02-24,2.29,0.0648
2011-02-25,2.26,0.064
2011-02-26,2.25,0.0637
2011-02-27,2.24,0.0634
2011-02-28,2.14,0.0606
2011-03-01,2.16,0.0612
2011-03-02,2.18,0.0617
2011-03-03,2.2,0.0623
2011-03-04,2.19,0.062
2011-03-05,2.04,0.0578
2011-03-06,2.05,0.058
2011-03-07,2.05,0.058
2011-03-08,2.01,0.0569
2011-03-09,2.05,0.058
2011-03-10,2.06,0.0583
2011-03-11,2.07,0.0586
2011-03-12,2.17,0.0614
2011-03-13,2.23,0.0631
2011-03-14,2.36,0.0668
2011-03-15,2.32,0.0657
2011-03-16,2.38,0.0674
2011-03-17,2.35,0.0665
2011-03-18,2.44,0.0691
2011-03-19,2.5,0.0708
2011-03-20,2.55,0.0722
2011-03-21,2.62,0.0742
2011-03-22,2.67,0.0756
2011-03-23,2.66,0.0753
2011-03-24,2.67,0.0756
2011-03-25,2.51,0.0711
2011-03-26,1.78,0.0504
2011-03-27,2.56,0.0725
2011-03-28,2.68,0.0759
2011-03-29,2.4,0.068
2011-03-30,2.4,0.068
2011-03-31,2.47,0.0699
2011-04-01,2.52,0.0714
2011-04-02,2.55,0.0722
2011-04-03,2.47,0.0699
2011-04-04,2.22,0.0629
2011-04-05,2.22,0.0629
2011-04-06,2.31,0.0654
2011-04-07,2.15,0.0609
2011-04-08,2.07,0.0586
2011-04-09,1.93,0.0547
2011-04-10,1.86,0.0527
2011-04-11,1.85,0.0524
2011-04-12,1.9,0.0538
2011-04-13,1.98,0.0561
2011-04-14,1.83,0.0518
2011-04-15,1.77,0.0501
2011-04-16,1.84,0.0521
2011-04-17,1.86,0.0527
2011-04-18,1.78,0.0504
2011-04-19,1.7,0.0481
2011-04-20,1.62,0.0459
2011-04-21,1.57,0.0445
2011-04-22,1.51,0.0428
2011-04-23,1.46,0.0413
2011-04-24,1.4,0.0396
2011-04-25,1.47,0.0416
2011-04-26,1.43,0.0405
2011-04-27,1.35,0.0382
2011-04-28,1.33,0.0377
2011-04-29,1.33,0.0377
2011-04-30,1.28,0.0362
2011-05-01,1.24,0.0351
2011-05-02,1.17,0.0331
2011-05-03,1.22,0.0345
2011-05-04,1.24,0.0351
2011-05-05,1.24,0.0351
2011-05-06,1.27,0.036
2011-05-07,1.21,0.0343
2011-05-08,1.17,0.0331
2011-05-09,1.1,0.0311
2011-05-10,1.05,0.0297
2011-05-11,0.96,0.0272
2011-05-12,0.94,0.0266
2011-05-13,0.95,0.0269
2011-05-14,0.95,0.0269
2011-05-15,0.93,0.0263
2011-05-16,0.93,0.0263
2011-05-17,0.92,0.0261
2011-05-18,0.87,0.0246
2011-05-19,0.82,0.0232
2011-05-20,0.83,0.0235
2011-05-21,0.79,0.0224
2011-05-22,0.77,0.0218
2011-05-23,0.74,0.021
2011-05-24,0.71,0.0201
2011-05-25,0.67,0.019
2011-05-26,0.58,0.0164
2011-05-27,0.53,0.015
2011-05-28,0.52,0.0147
2011-05-29,0.48,0.0136
2011-05-30,0.46,0.013
2011-05-31,0.45,0.0127
2011-06-01,0.48,0.0136
2011-06-02,0.48,0.0136
2011-06-03,0.5,0.0142
2011-06-04,0.5,0.0142
2011-06-05,0.44,0.0125
2011-06-06,0.42,0.0119
2011-06-07,0.42,0.0119
2011-06-08,0.41,0.0116
2011-06-09,0.39,0.011
2011-06-10,0.35,0.0099
2011-06-11,0.31,0.0088
2011-06-12,0.3,0.0085
2011-06-13,0.3,0.0085
2011-06-14,0.3,0.0085
2011-06-15,0.28,0.0079
2011-06-16,0.24,0.0068
2011-06-17,0.22,0.0062
2011-06-18,0.2,0.0057
2011-06-19,0.2,0.0057
2011-06-20,0.18,0.0051
2011-06-21,0.16,0.0045
2011-06-22,0.16,0.0045
2011-06-23,0.16,0.0045
2011-06-24,0.15,0.0042
2011-06-25,0.07,0.002
2011-06-26,0.02,0.0006
2011-06-27,0.01,0.0003
2011-06-28,0.01,0.0003
2011-06-29,0.01,0.0003
2011-06-30,0.01,0.0003
2011-07-01,0.0,0.0
2011-07-02,0.0,0.0
2011-07-03,0.0,0.0
2011-07-04,0.0,0.0
2011-07-05,0.0,0.0
2011-07-06,0.0,0.0
2011-07-07,0.0,0.0
2011-07-08,0.0,0.0
2011-07-09,0.0,0.0
2011-07-10,0.0,0.0
2011-07-11,0.0,0.0
2011-07-12,0.0,0.0
2011-07-13,0.0,0.0
2011-07-14,0.0,0.0
2011-07-15,0.0,0.0
2011-07-16,0.0,0.0
2011-07-17,0.0,0.0
2011-07-18,0.0,0.0
2011-07-19,0.0,0.0
2011-07-20,0.0,0.0
2011-07-21,0.0,0.0
2011-07-22,0.0,0.0
2011-07-23,0.0,0.0
2011-07-24,0.0,0.0
2011-07-25,0.0,0.0
2011-07-26,0.0,0.0
2011-07-27,0.0,0.0
2011-07-28,0.0,0.0
2011-07-29,0.0,0.0
2011-07-30,0.0,0.0
2011-07-31,0.0,0.0
2011-08-01,0.0,0.0
2011-08-02,0.0,0.0
2011-08-03,0.0,0.0
2011-08-04,0.0,0.0
2011-08-05,0.0,0.0
2011-08-06,0.0,0.0
2011-08-07,0.0,0.0
2011-08-08,0.0,0.0
2011-08-09,0.0,0.0
2011-08-10,0.0,0.0
2011-08-11,0.0,0.0
2011-08-12,0.01,0.0003
2011-08-13,0.0,0.0
2011-08-14,0.0,0.0
2011-08-15,0.0,0.0
2011-08-16,0.0,0.0
2011-08-17,0.0,0.0
2011-08-18,0.0,0.0
2011-08-19,0.0,0.0
2011-08-20,0.0,0.0
2011-08-21,0.0,0.0
2011-08-22,0.0,0.0
2011-08-23,0.0,0.0
2011-08-24,0.0,0.0
2011-08-25,0.0,0.0
2011-08-26,0.0,0.0
2011-08-27,0.0,0.0
2011-08-28,0.0,0.0
2011-08-29,0.0,0.0
2011-08-30,0.0,0.0
2011-08-31,0.0,0.0
2011-09-01,0.0,0.0
2011-09-02,0.0,0.0
2011-09-03,0.0,0.0
2011-09-04,0.0,0.0
2011-09-05,0.0,0.0
2011-09-06,0.0,0.0
2011-09-07,0.0,0.0
2011-09-08,0.0,0.0
2011-09-09,0.0,0.0
2011-09-10,0.0,0.0
2011-09-11,0.0,0.0
2011-09-12,0.0,0.0
2011-09-13,0.0,0.0
2011-09-14,0.0,0.0
2011-09-15,1.09,0.0309
2011-09-16,32.2,0.9118
2011-09-17,12.9,0.3653
2011-09-18,5.29,0.1498
2011-09-19,1.21,0.0343
2011-09-20,0.71,0.0201
2011-09-21,0.48,0.0136
2011-09-22,0.4,0.0113
2011-09-23,0.36,0.0102
2011-09-24,0.35,0.0099
2011-09-25,0.33,0.0093
2011-09-26,0.31,0.0088
2011-09-27,0.29,0.0082
2011-09-28,0.29,0.0082
2011-09-29,0.28,0.0079
2011-09-30,0.27,0.0076
2011-10-01,0.29,0.0082
2011-10-02,0.28,0.0079
2011-10-03,0.22,0.0062
2011-10-04,0.21,0.0059
2011-10-05,0.25,0.0071
2011-10-06,0.28,0.0079
2011-10-07,0.29,0.0082
2011-10-08,0.3,0.0085
2011-10-09,0.3,0.0085
2011-10-10,0.31,0.0088
2011-10-11,0.35,0.0099
2011-10-12,0.34,0.0096
2011-10-13,0.36,0.0102
2011-10-14,0.37,0.0105
2011-10-15,0.37,0.0105
2011-10-16,0.39,0.011
2011-10-17,0.39,0.011
2011-10-18,0.38,0.0108
2011-10-19,0.4,0.0113
2011-10-20,0.43,0.0122
2011-10-21,0.44,0.0125
2011-10-22,0.48,0.0136
2011-10-23,0.52,0.0147
2011-10-24,0.51,0.0144
2011-10-25,0.53,0.015
2011-10-26,0.54,0.0153
2011-10-27,0.56,0.0159
2011-10-28,0.63,0.0178
2011-10-29,0.68,0.0193
2011-10-30,0.71,0.0201
2011-10-31,0.74,0.021
2011-11-01,0.74,0.021
2011-11-02,0.79,0.0224
2011-11-03,0.78,0.0221
2011-11-04,0.83,0.0235
2011-11-05,0.88,0.0249
2011-11-06,0.89,0.0252
2011-11-07,0.94,0.0266
2011-11-08,0.95,0.0269
2011-11-09,0.98,0.0278
2011-11-10,1.06,0.03
2011-11-11,1.13,0.032
2011-11-12,1.17,0.0331
2011-11-13,1.24,0.0351
2011-11-14,1.25,0.0354
2011-11-15,1.29,0.0365
2011-11-16,1.31,0.0371
2011-11-17,1.33,0.0377
2011-11-18,1.39,0.0394
2011-11-19,1.43,0.0405
2011-11-20,1.54,0.0436
2011-11-21,1.58,0.0447
2011-11-22,1.62,0.0459
2011-11-23,1.66,0.047
2011-11-24,1.73,0.049
2011-11-25,1.79,0.0507
2011-11-26,1.85,0.0524
2011-11-27,1.83,0.0518
2011-11-28,1.87,0.053
2011-11-29,1.82,0.0515
2011-11-30,1.74,0.0493
2011-12-01,1.67,0.0473
2011-12-02,1.67,0.0473
2011-12-03,1.77,0.0501
2011-12-04,1.74,0.0493
2011-12-05,1.76,0.0498
2011-12-06,1.75,0.0496
2011-12-07,1.75,0.0496
2011-12-08,1.71,0.0484
2011-12-09,1.68,0.0476
2011-12-10,1.69,0.0479
2011-12-11,1.8,0.051
2011-12-12,1.69,0.0479
2011-12-13,1.72,0.0487
2011-12-14,1.72,0.0487
2011-12-15,1.66,0.047
2011-12-16,1.61,0.0456
2011-12-17,1.55,0.0439
2011-12-18,1.6,0.0453
2011-12-19,1.73,0.049
2011-12-20,1.63,0.0462
2011-12-21,1.61,0.0456
2011-12-22,1.53,0.0433
2011-12-23,1.56,0.0442
2011-12-24,1.67,0.0473
2011-12-25,1.68,0.0476
2011-12-26,1.62,0.0459
2011-12-27,1.55,0.0439
2011-12-28,1.53,0.0433
2011-12-29,1.49,0.0422
2011-12-30,1.49,0.0422
2011-12-31,1.49,0.0422
2012-01-01,1.43,0.0405
2012-01-02,1.4,0.0396
2012-01-03,1.38,0.0391
2012-01-04,1.38,0.0391
2012-01-05,1.38,0.0391
2012-01-06,1.39,0.0394
2012-01-07,1.4,0.0396
2012-01-08,1.45,0.0411
2012-01-09,1.52,0.043
2012-01-10,1.55,0.0439
2012-01-11,1.55,0.0439
2012-01-12,1.5,0.0425
2012-01-13,1.49,0.0422
2012-01-14,1.5,0.0425
2012-01-15,1.57,0.0445
2012-01-16,1.58,0.0447
2012-01-17,1.55,0.0439
2012-01-18,1.57,0.0445
2012-01-19,1.57,0.0445
2012-01-20,1.55,0.0439
2012-01-21,1.58,0.0447
2012-01-22,1.6,0.0453
2012-01-23,1.55,0.0439
2012-01-24,1.6,0.0453
2012-01-25,1.7,0.0481
2012-01-26,1.73,0.049
2012-01-27,1.75,0.0496
2012-01-28,1.71,0.0484
2012-01-29,1.76,0.0498
2012-01-30,1.76,0.0498
2012-01-31,1.77,0.0501
2012-02-01,1.81,0.0513
2012-02-02,1.86,0.0527
2012-02-03,1.84,0.0521
2012-02-04,1.85,0.0524
2012-02-05,1.93,0.0547
2012-02-06,1.94,0.0549
2012-02-07,1.96,0.0555
2012-02-08,1.97,0.0558
2012-02-09,1.99,0.0564
2012-02-10,2.05,0.058
2012-02-11,2.05,0.058
2012-02-12,2.1,0.0595
2012-02-13,2.18,0.0617
2012-02-14,2.17,0.0614
2012-02-15,2.12,0.06
2012-02-16,2.04,0.0578
2012-02-17,2.05,0.058
2012-02-18,2.11,0.0597
2012-02-19,2.1,0.0595
2012-02-20,1.98,0.0561
2012-02-21,1.92,0.0544
2012-02-22,1.92,0.0544
2012-02-23,1.89,0.0535
2012-02-24,1.82,0.0515
2012-02-25,1.78,0.0504
2012-02-26,1.81,0.0513
2012-02-27,1.82,0.0515
2012-02-28,1.79,0.0507
2012-02-29,1.75,0.0496
2012-03-01,1.73,0.049
2012-03-02,1.68,0.0476
2012-03-03,1.64,0.0464
2012-03-04,1.62,0.0459
2012-03-05,1.65,0.0467
2012-03-06,1.67,0.0473
2012-03-07,1.59,0.045
2012-03-08,1.5,0.0425
2012-03-09,1.49,0.0422
2012-03-10,1.57,0.0445
2012-03-11,1.55,0.0439
2012-03-12,1.55,0.0439
2012-03-13,1.53,0.0433
2012-03-14,1.51,0.0428
2012-03-15,1.43,0.0405
2012-03-16,1.43,0.0405
2012-03-17,1.42,0.0402
2012-03-18,1.4,0.0396
2012-03-19,1.33,0.0377
2012-03-20,1.31,0.0371
2012-03-21,1.34,0.0379
2012-03-22,1.33,0.0377
2012-03-23,1.28,0.0362
2012-03-24,1.27,0.036
2012-03-25,1.27,0.036
2012-03-26,1.26,0.0357
2012-03-27,1.24,0.0351
2012-03-28,1.22,0.0345
2012-03-29,1.22,0.0345
2012-03-30,1.18,0.0334
2012-03-31,1.12,0.0317
2012-04-01,1.1,0.0311
2012-04-02,1.04,0.0294
2012-04-03,1.03,0.0292
2012-04-04,1.02,0.0289
2012-04-05,1.0,0.0283
2012-04-06,1.0,0.0283
2012-04-07,1.0,0.0283
2012-04-08,1.0,0.0283
2012-04-09,1.16,0.0328
2012-04-10,2.33,0.066
2012-04-11,1.7,0.0481
2012-04-12,1.14,0.0323
2012-04-13,1.01,0.0286
2012-04-14,0.99,0.028
2012-04-15,0.94,0.0266
2012-04-16,0.91,0.0258
2012-04-17,0.94,0.0266
2012-04-18,0.92,0.0261
2012-04-19,0.91,0.0258
2012-04-20,0.87,0.0246
2012-04-21,0.88,0.0249
2012-04-22,0.88,0.0249
2012-04-23,0.86,0.0244
2012-04-24,0.86,0.0244
2012-04-25,0.84,0.0238
2012-04-26,0.8,0.0227
2012-04-27,0.77,0.0218
2012-04-28,0.71,0.0201
2012-04-29,0.7,0.0198
2012-04-30,0.68,0.0193
2012-05-01,0.64,0.0181
2012-05-02,0.61,0.0173
2012-05-03,0.58,0.0164
2012-05-04,0.57,0.0161
2012-05-05,0.52,0.0147
2012-05-06,0.48,0.0136
2012-05-07,0.54,0.0153
2012-05-08,12.0,0.3398
2012-05-09,5.0,0.1416
2012-05-10,2.1,0.0595
2012-05-11,1.6,0.0453
2012-05-12,1.4,0.0396
2012-05-13,41.0,1.161
2012-05-14,32.0,0.9061
2012-05-15,2.9,0.0821
2012-05-16,1.6,0.0453
2012-05-17,1.2,0.034
2012-05-18,0.98,0.0278
2012-05-19,0.87,0.0246
2012-05-20,0.86,0.0244
2012-05-21,0.85,0.0241
2012-05-22,0.86,0.0244
2012-05-23,0.84,0.0238
2012-05-24,0.75,0.0212
2012-05-25,0.66,0.0187
2012-05-26,0.63,0.0178
2012-05-27,16.0,0.4531
2012-05-28,4.1,0.1161
2012-05-29,1.5,0.0425
2012-05-30,0.88,0.0249
2012-05-31,0.7,0.0198
2012-06-01,0.66,0.0187
2012-06-02,1.19,0.0337
2012-06-03,0.73,0.0207
2012-06-04,0.57,0.0161
2012-06-05,0.5,0.0142
2012-06-06,0.47,0.0133
2012-06-07,0.41,0.0116
2012-06-08,0.39,0.011
2012-06-09,0.35,0.0099
2012-06-10,0.28,0.0079
2012-06-11,0.24,0.0068
2012-06-12,0.22,0.0062
2012-06-13,0.22,0.0062
2012-06-14,0.21,0.0059
2012-06-15,0.45,0.0127
2012-06-16,0.26,0.0074
2012-06-17,0.23,0.0065
2012-06-18,0.23,0.0065
2012-06-19,0.28,0.0079
2012-06-20,0.32,0.0091
2012-06-21,0.21,0.0059
2012-06-22,0.2,0.0057
2012-06-23,0.2,0.0057
2012-06-24,0.19,0.0054
2012-06-25,0.19,0.0054
2012-06-26,0.19,0.0054
2012-06-27,0.19,0.0054
2012-06-28,0.19,0.0054
2012-06-29,0.18,0.0051
2012-06-30,0.18,0.0051
2012-07-01,0.18,0.0051
2012-07-02,0.18,0.0051
2012-07-03,0.18,0.0051
2012-07-04,0.18,0.0051
2012-07-05,2.76,0.0782
2012-07-06,3.4,0.0963
2012-07-07,14.5,0.4106
2012-07-08,6.28,0.1778
2012-07-09,1.65,0.0467
2012-07-10,357.0,10.1091
2012-07-11,26.3,0.7447
2012-07-12,14.9,0.4219
2012-07-13,4.01,0.1136
2012-07-14,1.97,0.0558
2012-07-15,1.21,0.0343
2012-07-16,0.79,0.0224
2012-07-17,0.65,0.0184
2012-07-18,0.56,0.0159
2012-07-19,0.5,0.0142
2012-07-20,0.46,0.013
2012-07-21,0.42,0.0119
2012-07-22,0.42,0.0119
2012-07-23,0.41,0.0116
2012-07-24,0.41,0.0116
2012-07-25,0.42,0.0119
2012-07-26,0.41,0.0116
2012-07-27,0.39,0.011
2012-07-28,0.39,0.011
2012-07-29,0.58,0.0164
2012-07-30,0.42,0.0119
2012-07-31,0.36,0.0102
2012-08-01,0.32,0.0091
2012-08-02,0.29,0.0082
2012-08-03,0.25,0.0071
2012-08-04,0.23,0.0065
2012-08-05,0.22,0.0062
2012-08-06,0.21,0.0059
2012-08-07,0.21,0.0059
2012-08-08,0.2,0.0057
2012-08-09,0.19,0.0054
2012-08-10,0.18,0.0051
2012-08-11,0.16,0.0045
2012-08-12,0.15,0.0042
2012-08-13,0.0,0.0
2012-08-14,0.0,0.0
2012-08-15,0.0,0.0
2012-08-16,0.0,0.0
2012-08-17,0.0,0.0
2012-08-18,0.0,0.0
2012-08-19,0.0,0.0
2012-08-20,0.0,0.0
2012-08-21,0.0,0.0
2012-08-22,0.0,0.0
2012-08-23,0.0,0.0
2012-08-24,0.29,0.0082
2012-08-25,0.23,0.0065
2012-08-26,0.2,0.0057
2012-08-27,0.17,0.0048
2012-08-28,0.17,0.0048
2012-08-29,0.19,0.0054
2012-08-30,0.0,0.0
2012-08-31,0.0,0.0
2012-09-01,0.0,0.0
2012-09-02,0.0,0.0
2012-09-03,0.0,0.0
2012-09-04,0.0,0.0
2012-09-05,0.0,0.0
2012-09-06,0.0,0.0
2012-09-07,0.0,0.0
2012-09-08,0.0,0.0
2012-09-09,0.0,0.0
2012-09-10,0.0,0.0
2012-09-11,0.0,0.0
2012-09-12,0.0,0.0
2012-09-13,0.0,0.0
2012-09-14,0.0,0.0
2012-09-15,0.0,0.0
2012-09-16,0.0,0.0
2012-09-17,0.0,0.0
2012-09-18,0.0,0.0
2012-09-19,0.0,0.0
2012-09-20,0.0,0.0
2012-09-21,0.0,0.0
2012-09-22,0.0,0.0
2012-09-23,0.0,0.0
2012-09-24,0.0,0.0
2012-09-25,0.0,0.0
2012-09-26,0.0,0.0
2012-09-27,0.0,0.0
2012-09-28,0.0,0.0
2012-09-29,1.77,0.0501
2012-09-30,1.08,0.0306
2012-10-01,0.85,0.0241
2012-10-02,0.71,0.0201
2012-10-03,0.57,0.0161
2012-10-04,0.5,0.0142
2012-10-05,0.49,0.0139
2012-10-06,0.49,0.0139
2012-10-07,0.5,0.0142
2012-10-08,0.52,0.0147
2012-10-09,0.58,0.0164
2012-10-10,0.59,0.0167
2012-10-11,0.61,0.0173
2012-10-12,0.61,0.0173
2012-10-13,0.59,0.0167
2012-10-14,0.55,0.0156
2012-10-15,0.54,0.0153
2012-10-16,0.55,0.0156
2012-10-17,0.53,0.015
2012-10-18,0.5,0.0142
2012-10-19,0.49,0.0139
2012-10-20,0.5,0.0142
2012-10-21,0.5,0.0142
2012-10-22,0.49,0.0139
2012-10-23,0.49,0.0139
2012-10-24,0.48,0.0136
2012-10-25,0.41,0.0116
2012-10-26,0.41,0.0116
2012-10-27,0.42,0.0119
2012-10-28,0.44,0.0125
2012-10-29,0.49,0.0139
2012-10-30,0.55,0.0156
2012-10-31,0.57,0.0161
2012-11-01,0.63,0.0178
2012-11-02,0.66,0.0187
2012-11-03,0.63,0.0178
2012-11-04,0.58,0.0164
2012-11-05,0.65,0.0184
2012-11-06,0.71,0.0201
2012-11-07,0.72,0.0204
2012-11-08,0.72,0.0204
2012-11-09,0.7,0.0198
2012-11-10,0.76,0.0215
2012-11-11,0.78,0.0221
2012-11-12,0.73,0.0207
2012-11-13,0.76,0.0215
2012-11-14,0.8,0.0227
2012-11-15,0.85,0.0241
2012-11-16,0.91,0.0258
2012-11-17,0.93,0.0263
2012-11-18,1.0,0.0283
2012-11-19,1.01,0.0286
2012-11-20,1.0,0.0283
2012-11-21,1.03,0.0292
2012-11-22,1.02,0.0289
2012-11-23,1.0,0.0283
2012-11-24,0.99,0.028
2012-11-25,0.94,0.0266
2012-11-26,0.95,0.0269
2012-11-27,0.94,0.0266
2012-11-28,0.92,0.0261
2012-11-29,0.94,0.0266
2012-11-30,0.95,0.0269
2012-12-01,0.92,0.0261
2012-12-02,0.91,0.0258
2012-12-03,0.93,0.0263
2012-12-04,0.91,0.0258
2012-12-05,0.94,0.0266
2012-12-06,0.97,0.0275
2012-12-07,1.0,0.0283
2012-12-08,1.03,0.0292
2012-12-09,1.04,0.0294
2012-12-10,1.0,0.0283
2012-12-11,1.04,0.0294
2012-12-12,1.05,0.0297
2012-12-13,1.1,0.0311
2012-12-14,1.2,0.034
2012-12-15,1.21,0.0343
2012-12-16,1.23,0.0348
2012-12-17,1.25,0.0354
2012-12-18,1.25,0.0354
2012-12-19,1.3,0.0368
2012-12-20,1.29,0.0365
2012-12-21,1.26,0.0357
2012-12-22,1.29,0.0365
2012-12-23,1.34,0.0379
2012-12-24,1.37,0.0388
2012-12-25,1.46,0.0413
2012-12-26,1.46,0.0413
2012-12-27,1.44,0.0408
2012-12-28,1.49,0.0422
2012-12-29,1.51,0.0428
2012-12-30,1.59,0.045
2012-12-31,1.82,0.0515
2013-01-01,1.82,0.0515
2013-01-02,1.82,0.0515
2013-01-03,1.85,0.0524
2013-01-04,1.97,0.0558
2013-01-05,2.02,0.0572
2013-01-06,2.05,0.058
2013-01-07,2.05,0.058
2013-01-08,2.1,0.0595
2013-01-09,2.4,0.068
2013-01-10,3.46,0.098
2013-01-11,3.11,0.0881
2013-01-12,2.45,0.0694
2013-01-13,2.18,0.0617
2013-01-14,2.11,0.0597
2013-01-15,1.99,0.0564
2013-01-16,2.03,0.0575
2013-01-17,2.05,0.058
2013-01-18,2.0,0.0566
2013-01-19,1.97,0.0558
2013-01-20,1.97,0.0558
2013-01-21,1.97,0.0558
2013-01-22,1.92,0.0544
2013-01-23,1.91,0.0541
2013-01-24,1.9,0.0538
2013-01-25,1.86,0.0527
2013-01-26,1.91,0.0541
2013-01-27,1.91,0.0541
2013-01-28,1.9,0.0538
2013-01-29,1.82,0.0515
2013-01-30,1.78,0.0504
2013-01-31,1.75,0.0496
2013-02-01,1.68,0.0476
2013-02-02,1.55,0.0439
2013-02-03,1.58,0.0447
2013-02-04,1.8,0.051
2013-02-05,1.8,0.051
2013-02-06,1.79,0.0507
2013-02-07,1.81,0.0513
2013-02-08,1.77,0.0501
2013-02-09,1.72,0.0487
2013-02-10,1.71,0.0484
2013-02-11,1.72,0.0487
2013-02-12,1.72,0.0487
2013-02-13,1.67,0.0473
2013-02-14,1.68,0.0476
2013-02-15,1.68,0.0476
2013-02-16,1.63,0.0462
2013-02-17,1.62,0.0459
2013-02-18,1.59,0.045
2013-02-19,1.63,0.0462
2013-02-20,1.73,0.049
2013-02-21,1.8,0.051
2013-02-22,1.73,0.049
2013-02-23,1.61,0.0456
2013-02-24,1.55,0.0439
2013-02-25,1.54,0.0436
2013-02-26,1.55,0.0439
2013-02-27,1.55,0.0439
2013-02-28,1.55,0.0439
2013-03-01,1.55,0.0439
2013-03-02,1.57,0.0445
2013-03-03,1.61,0.0456
2013-03-04,1.62,0.0459
2013-03-05,1.59,0.045
2013-03-06,1.58,0.0447
2013-03-07,1.61,0.0456
2013-03-08,1.62,0.0459
2013-03-09,1.57,0.0445
2013-03-10,1.51,0.0428
2013-03-11,1.51,0.0428
2013-03-12,1.49,0.0422
2013-03-13,1.49,0.0422
2013-03-14,1.49,0.0422
2013-03-15,1.45,0.0411
2013-03-16,1.42,0.0402
2013-03-17,1.38,0.0391
2013-03-18,1.36,0.0385
2013-03-19,1.31,0.0371
2013-03-20,1.31,0.0371
2013-03-21,1.32,0.0374
2013-03-22,1.31,0.0371
2013-03-23,1.29,0.0365
2013-03-24,1.2,0.034
2013-03-25,1.23,0.0348
2013-03-26,1.24,0.0351
2013-03-27,1.28,0.0362
2013-03-28,1.29,0.0365
2013-03-29,1.27,0.036
2013-03-30,1.22,0.0345
2013-03-31,1.18,0.0334
2013-04-01,1.19,0.0337
2013-04-02,1.15,0.0326
2013-04-03,1.13,0.032
2013-04-04,1.13,0.032
2013-04-05,1.15,0.0326
2013-04-06,1.14,0.0323
2013-04-07,1.1,0.0311
2013-04-08,1.06,0.03
2013-04-09,1.0,0.0283
2013-04-10,1.0,0.0283
2013-04-11,1.02,0.0289
2013-04-12,1.02,0.0289
2013-04-13,1.03,0.0292
2013-04-14,1.0,0.0283
2013-04-15,0.98,0.0278
2013-04-16,0.94,0.0266
2013-04-17,0.91,0.0258
2013-04-18,0.85,0.0241
2013-04-19,0.88,0.0249
2013-04-20,0.89,0.0252
2013-04-21,0.91,0.0258
2013-04-22,0.92,0.0261
2013-04-23,0.91,0.0258
2013-04-24,0.89,0.0252
2013-04-25,0.89,0.0252
2013-04-26,0.89,0.0252
2013-04-27,0.88,0.0249
2013-04-28,0.87,0.0246
2013-04-29,0.85,0.0241
2013-04-30,0.81,0.0229
2013-05-01,0.78,0.0221
2013-05-02,0.7,0.0198
2013-05-03,0.71,0.0201
2013-05-04,0.72,0.0204
2013-05-05,0.74,0.021
2013-05-06,0.77,0.0218
2013-05-07,0.76,0.0215
2013-05-08,0.72,0.0204
2013-05-09,0.68,0.0193
2013-05-10,0.65,0.0184
2013-05-11,0.66,0.0187
2013-05-12,0.66,0.0187
2013-05-13,0.68,0.0193
2013-05-14,0.66,0.0187
2013-05-15,0.65,0.0184
2013-05-16,0.61,0.0173
2013-05-17,0.57,0.0161
2013-05-18,0.53,0.015
2013-05-19,0.47,0.0133
2013-05-20,0.43,0.0122
2013-05-21,0.39,0.011
2013-05-22,0.36,0.0102
2013-05-23,0.31,0.0088
2013-05-24,0.06,0.0017
2013-05-25,0.07,0.002
2013-05-26,0.06,0.0017
2013-05-27,0.05,0.0014
2013-05-28,0.04,0.0011
2013-05-29,0.03,0.0008
2013-05-30,0.01,0.0003
2013-05-31,0.0,0.0
2013-06-01,0.0,0.0
2013-06-02,0.0,0.0
2013-06-03,0.0,0.0
2013-06-04,0.0,0.0
2013-06-05,0.0,0.0
2013-06-06,0.0,0.0
2013-06-07,0.0,0.0
2013-06-08,0.0,0.0
2013-06-09,0.0,0.0
2013-06-10,0.0,0.0
2013-06-11,0.0,0.0
2013-06-12,0.0,0.0
2013-06-13,0.0,0.0
2013-06-14,0.0,0.0
2013-06-15,0.0,0.0
2013-06-16,0.0,0.0
2013-06-17,0.0,0.0
2013-06-18,0.0,0.0
2013-06-19,0.0,0.0
2013-06-20,0.0,0.0
2013-06-21,0.0,0.0
2013-06-22,0.0,0.0
2013-06-23,0.0,0.0
2013-06-24,0.0,0.0
2013-06-25,0.0,0.0
2013-06-26,0.0,0.0
2013-06-27,0.0,0.0
2013-06-28,0.0,0.0
2013-06-29,0.0,0.0
2013-06-30,0.0,0.0
2013-07-01,0.0,0.0
2013-07-02,0.0,0.0
2013-07-03,0.0,0.0
2013-07-04,0.0,0.0
2013-07-05,0.0,0.0
2013-07-06,0.0,0.0
2013-07-07,0.0,0.0
2013-07-08,0.0,0.0
2013-07-09,0.0,0.0
2013-07-10,0.0,0.0
2013-07-11,0.0,0.0
2013-07-12,0.0,0.0
2013-07-13,0.0,0.0
2013-07-14,0.0,0.0
2013-07-15,0.0,0.0
2013-07-16,0.0,0.0
2013-07-17,889.0,25.1736
2013-07-18,828.0,23.4463
2013-07-19,66.4,1.8802
2013-07-20,52.7,1.4923
2013-07-21,49.2,1.3932
2013-07-22,37.0,1.0477
2013-07-23,24.2,0.6853
2013-07-24,15.2,0.4304
2013-07-25,22.0,0.623
2013-07-26,20.7,0.5862
2013-07-27,11.1,0.3143
2013-07-28,9.89,0.2801
2013-07-29,8.53,0.2415
2013-07-30,9.43,0.267
2013-07-31,9.8,0.2775
2013-08-01,6.65,0.1883
2013-08-02,5.83,0.1651
2013-08-03,5.7,0.1614
2013-08-04,5.43,0.1538
2013-08-05,5.28,0.1495
2013-08-06,5.05,0.143
2013-08-07,5.38,0.1523
2013-08-08,4.46,0.1263
2013-08-09,4.16,0.1178
2013-08-10,4.02,0.1138
2013-08-11,3.89,0.1102
2013-08-12,3.78,0.107
2013-08-13,3.55,0.1005
2013-08-14,3.45,0.0977
2013-08-15,3.31,0.0937
2013-08-16,3.84,0.1087
2013-08-17,3.32,0.094
2013-08-18,2.82,0.0799
2013-08-19,2.61,0.0739
2013-08-20,2.47,0.0699
2013-08-21,2.29,0.0648
2013-08-22,2.15,0.0609
2013-08-23,2.08,0.0589
2013-08-24,2.06,0.0583
2013-08-25,1.93,0.0547
2013-08-26,1.82,0.0515
2013-08-27,1.72,0.0487
2013-08-28,1.67,0.0473
2013-08-29,1.58,0.0447
2013-08-30,1.57,0.0445
2013-08-31,1.52,0.043
2013-09-01,1.48,0.0419
2013-09-02,1.48,0.0419
2013-09-03,1.55,0.0439
2013-09-04,1.53,0.0433
2013-09-05,1.49,0.0422
2013-09-06,1.46,0.0413
2013-09-07,1.45,0.0411
2013-09-08,1.45,0.0411
2013-09-09,1.45,0.0411
2013-09-10,1.5,0.0425
2013-09-11,1.56,0.0442
2013-09-12,2170.0,61.4475
2013-09-13,1020.0,28.8831
2013-09-14,33.1,0.9373
2013-09-15,20.2,0.572
2013-09-16,16.7,0.4729
2013-09-17,15.7,0.4446
2013-09-18,12.8,0.3625
2013-09-19,11.6,0.3285
2013-09-20,11.1,0.3143
2013-09-21,10.3,0.2917
2013-09-22,10.0,0.2832
2013-09-23,9.18,0.2599
2013-09-24,8.69,0.2461
2013-09-25,7.92,0.2243
2013-09-26,6.46,0.1829
2013-09-27,6.31,0.1787
2013-09-28,6.25,0.177
2013-09-29,5.85,0.1657
2013-09-30,5.8,0.1642
2013-10-01,5.69,0.1611
2013-10-02,5.59,0.1583
2013-10-03,5.46,0.1546
2013-10-04,5.3,0.1501
2013-10-05,5.07,0.1436
2013-10-06,5.05,0.143
2013-10-07,5.05,0.143
2013-10-08,5.05,0.143
2013-10-09,5.04,0.1427
2013-10-10,4.98,0.141
2013-10-11,4.83,0.1368
2013-10-12,4.74,0.1342
2013-10-13,4.83,0.1368
2013-10-14,4.98,0.141
2013-10-15,4.91,0.139
2013-10-16,4.76,0.1348
2013-10-17,4.83,0.1368
2013-10-18,4.81,0.1362
2013-10-19,4.62,0.1308
2013-10-20,4.58,0.1297
2013-10-21,4.48,0.1269
2013-10-22,4.48,0.1269
2013-10-23,4.48,0.1269
2013-10-24,4.48,0.1269
2013-10-25,4.55,0.1288
2013-10-26,4.61,0.1305
2013-10-27,4.55,0.1288
2013-10-28,4.42,0.1252
2013-10-29,4.36,0.1235
2013-10-30,4.41,0.1249
2013-10-31,4.58,0.1297
2013-11-01,4.37,0.1237
2013-11-02,4.21,0.1192
2013-11-03,4.21,0.1192
2013-11-04,4.32,0.1223
2013-11-05,4.44,0.1257
2013-11-06,4.23,0.1198
2013-11-07,4.08,0.1155
2013-11-08,4.16,0.1178
2013-11-09,4.21,0.1192
2013-11-10,4.21,0.1192
2013-11-11,4.21,0.1192
2013-11-12,4.17,0.1181
2013-11-13,4.2,0.1189
2013-11-14,4.21,0.1192
2013-11-15,4.3,0.1218
2013-11-16,4.31,0.122
2013-11-17,4.27,0.1209
2013-11-18,4.21,0.1192
2013-11-19,4.21,0.1192
2013-11-20,4.27,0.1209
2013-11-21,4.31,0.122
2013-11-22,4.11,0.1164
2013-11-23,4.38,0.124
2013-11-24,4.98,0.141
2013-11-25,4.96,0.1405
2013-11-26,4.62,0.1308
2013-11-27,4.48,0.1269
2013-11-28,4.39,0.1243
2013-11-29,4.36,0.1235
2013-11-30,4.38,0.124
2013-12-01,4.45,0.126
2013-12-02,4.48,0.1269
2013-12-03,4.36,0.1235
2013-12-04,4.29,0.1215
2013-12-05,4.36,0.1235
2013-12-06,4.48,0.1269
2013-12-07,4.37,0.1237
2013-12-08,4.34,0.1229
2013-12-09,4.3,0.1218
2013-12-10,4.25,0.1203
2013-12-11,4.21,0.1192
2013-12-12,4.22,0.1195
2013-12-13,4.34,0.1229
2013-12-14,4.29,0.1215
2013-12-15,4.21,0.1192
2013-12-16,4.2,0.1189
2013-12-17,4.2,0.1189
2013-12-18,4.21,0.1192
2013-12-19,4.22,0.1195
2013-12-20,4.59,0.13
2013-12-21,4.98,0.141
2013-12-22,3.16,0.0895
2013-12-23,2.44,0.0691
2013-12-24,2.38,0.0674
2013-12-25,2.4,0.068
2013-12-26,2.38,0.0674
2013-12-27,2.41,0.0682
2013-12-28,2.47,0.0699
2013-12-29,2.43,0.0688
2013-12-30,2.4,0.068
2013-12-31,2.39,0.0677
2014-01-01,2.41,0.0682
2014-01-02,2.38,0.0674
2014-01-03,2.4,0.068
2014-01-04,2.42,0.0685
2014-01-05,2.37,0.0671
2014-01-06,2.29,0.0648
2014-01-07,2.26,0.064
2014-01-08,2.37,0.0671
2014-01-09,2.41,0.0682
2014-01-10,2.44,0.0691
2014-01-11,2.38,0.0674
2014-01-12,2.35,0.0665
2014-01-13,2.29,0.0648
2014-01-14,2.29,0.0648
2014-01-15,2.27,0.0643
2014-01-16,2.29,0.0648
2014-01-17,2.29,0.0648
2014-01-18,2.3,0.0651
2014-01-19,2.3,0.0651
2014-01-20,2.33,0.066
2014-01-21,2.29,0.0648
2014-01-22,2.29,0.0648
2014-01-23,2.27,0.0643
2014-01-24,2.25,0.0637
2014-01-25,2.29,0.0648
2014-01-26,2.35,0.0665
2014-01-27,2.32,0.0657
2014-01-28,2.29,0.0648
2014-01-29,2.23,0.0631
2014-01-30,2.29,0.0648
2014-01-31,2.3,0.0651
2014-02-01,2.31,0.0654
2014-02-02,2.46,0.0697
2014-02-03,2.46,0.0697
2014-02-04,2.41,0.0682
2014-02-05,2.29,0.0648
2014-02-06,2.22,0.0629
2014-02-07,2.24,0.0634
2014-02-08,2.28,0.0646
2014-02-09,2.29,0.0648
2014-02-10,2.21,0.0626
2014-02-11,2.17,0.0614
2014-02-12,2.2,0.0623
2014-02-13,2.27,0.0643
2014-02-14,2.57,0.0728
2014-02-15,2.6,0.0736
2014-02-16,1.81,0.0513
2014-02-17,1.36,0.0385
2014-02-18,1.35,0.0382
2014-02-19,1.39,0.0394
2014-02-20,1.37,0.0388
2014-02-21,1.37,0.0388
2014-02-22,1.36,0.0385
2014-02-23,1.35,0.0382
2014-02-24,1.37,0.0388
2014-02-25,1.37,0.0388
2014-02-26,1.36,0.0385
2014-02-27,1.37,0.0388
2014-02-28,1.41,0.0399
2014-03-01,1.36,0.0385
2014-03-02,1.31,0.0371
2014-03-03,1.28,0.0362
2014-03-04,1.34,0.0379
2014-03-05,1.34,0.0379
2014-03-06,1.35,0.0382
2014-03-07,1.39,0.0394
2014-03-08,1.33,0.0377
2014-03-09,1.32,0.0374
2014-03-10,1.36,0.0385
2014-03-11,1.34,0.0379
2014-03-12,1.26,0.0357
2014-03-13,1.28,0.0362
2014-03-14,1.32,0.0374
2014-03-15,1.37,0.0388
2014-03-16,1.4,0.0396
2014-03-17,1.49,0.0422
2014-03-18,1.52,0.043
2014-03-19,1.43,0.0405
2014-03-20,1.46,0.0413
2014-03-21,1.49,0.0422
2014-03-22,1.49,0.0422
2014-03-23,1.48,0.0419
2014-03-24,1.5,0.0425
2014-03-25,1.46,0.0413
2014-03-26,1.51,0.0428
2014-03-27,1.46,0.0413
2014-03-28,1.43,0.0405
2014-03-29,1.37,0.0388
2014-03-30,1.4,0.0396
2014-03-31,1.4,0.0396
2014-04-01,1.37,0.0388
2014-04-02,1.36,0.0385
2014-04-03,1.3,0.0368
2014-04-04,1.29,0.0365
2014-04-05,1.34,0.0379
2014-04-06,1.37,0.0388
2014-04-07,1.35,0.0382
2014-04-08,1.2,0.034
2014-04-09,1.23,0.0348
2014-04-10,1.27,0.036
2014-04-11,1.2,0.034
2014-04-12,1.15,0.0326
2014-04-13,1.06,0.03
2014-04-14,0.92,0.0261
2014-04-15,0.91,0.0258
2014-04-16,0.95,0.0269
2014-04-17,0.95,0.0269
2014-04-18,0.99,0.028
2014-04-19,1.14,0.0323
2014-04-20,1.3,0.0368
2014-04-21,1.35,0.0382
2014-04-22,1.16,0.0328
2014-04-23,1.03,0.0292
2014-04-24,0.95,0.0269
2014-04-25,0.92,0.0261
2014-04-26,0.89,0.0252
2014-04-27,0.81,0.0229
2014-04-28,0.78,0.0221
2014-04-29,0.75,0.0212
2014-04-30,0.77,0.0218
2014-05-01,0.82,0.0232
2014-05-02,0.89,0.0252
2014-05-03,0.92,0.0261
2014-05-04,0.87,0.0246
2014-05-05,0.81,0.0229
2014-05-06,0.75,0.0212
2014-05-07,0.71,0.0201
2014-05-08,0.66,0.0187
2014-05-09,0.65,0.0184
2014-05-10,0.64,0.0181
2014-05-11,0.62,0.0176
2014-05-12,0.58,0.0164
2014-05-13,0.55,0.0156
2014-05-14,0.58,0.0164
2014-05-15,0.62,0.0176
2014-05-16,0.65,0.0184
2014-05-17,0.64,0.0181
2014-05-18,0.63,0.0178
2014-05-19,0.6,0.017
2014-05-20,0.58,0.0164
2014-05-21,0.55,0.0156
2014-05-22,0.79,0.0224
2014-05-23,1.84,0.0521
2014-05-24,0.91,0.0258
2014-05-25,0.88,0.0249
2014-05-26,0.78,0.0221
2014-05-27,0.59,0.0167
2014-05-28,0.53,0.015
2014-05-29,0.48,0.0136
2014-05-30,0.45,0.0127
2014-05-31,0.43,0.0122
2014-06-01,0.39,0.011
2014-06-02,0.35,0.0099
2014-06-03,0.32,0.0091
2014-06-04,0.27,0.0076
2014-06-05,0.22,0.0062
2014-06-06,0.22,0.0062
2014-06-07,0.2,0.0057
2014-06-08,0.19,0.0054
2014-06-09,0.2,0.0057
2014-06-10,0.24,0.0068
2014-06-11,0.23,0.0065
2014-06-12,0.21,0.0059
2014-06-13,0.19,0.0054
2014-06-14,0.14,0.004
2014-06-15,0.0,0.0
2014-06-16,0.0,0.0
2014-06-17,0.0,0.0
2014-06-18,0.0,0.0
2014-06-19,0.0,0.0
2014-06-20,0.0,0.0
2014-06-21,0.0,0.0
2014-06-22,0.0,0.0
2014-06-23,0.0,0.0
2014-06-24,0.0,0.0
2014-06-25,0.0,0.0
2014-06-26,0.03,0.0008
2014-06-27,0.0,0.0
2014-06-28,0.0,0.0
2014-06-29,0.0,0.0
2014-06-30,0.0,0.0
2014-07-01,0.0,0.0
2014-07-02,0.0,0.0
2014-07-03,0.0,0.0
2014-07-04,0.0,0.0
2014-07-05,0.0,0.0
2014-07-06,0.0,0.0
2014-07-07,0.0,0.0
2014-07-08,0.0,0.0
2014-07-09,0.0,0.0
2014-07-10,0.0,0.0
2014-07-11,0.0,0.0
2014-07-12,0.0,0.0
2014-07-13,0.0,0.0
2014-07-14,0.0,0.0
2014-07-15,0.14,0.004
2014-07-16,0.0,0.0
2014-07-17,43.1,1.2205
2014-07-18,5.18,0.1467
2014-07-19,12.9,0.3653
2014-07-20,3.68,0.1042
2014-07-21,7.1,0.201
2014-07-22,1.77,0.0501
2014-07-23,1.06,0.03
2014-07-24,0.86,0.0244
2014-07-25,0.72,0.0204
2014-07-26,0.56,0.0159
2014-07-27,0.42,0.0119
2014-07-28,0.3,0.0085
2014-07-29,0.24,0.0068
2014-07-30,0.2,0.0057
2014-07-31,0.15,0.0042
2014-08-01,0.14,0.004
2014-08-02,6.17,0.1747
2014-08-03,1.65,0.0467
2014-08-04,0.93,0.0263
2014-08-05,0.64,0.0181
2014-08-06,0.45,0.0127
2014-08-07,0.35,0.0099
2014-08-08,0.27,0.0076
2014-08-09,0.24,0.0068
2014-08-10,0.23,0.0065
2014-08-11,0.19,0.0054
2014-08-12,0.99,0.028
2014-08-13,0.89,0.0252
2014-08-14,0.5,0.0142
2014-08-15,0.34,0.0096
2014-08-16,0.72,0.0204
2014-08-17,1.47,0.0416
2014-08-18,0.68,0.0193
2014-08-19,0.54,0.0153
2014-08-20,0.35,0.0099
2014-08-21,0.22,0.0062
2014-08-22,0.37,0.0105
2014-08-23,0.27,0.0076
2014-08-24,0.64,0.0181
2014-08-25,0.6,0.017
2014-08-26,1.01,0.0286
2014-08-27,0.67,0.019
2014-08-28,0.35,0.0099
2014-08-29,0.25,0.0071
2014-08-30,0.22,0.0062
2014-08-31,0.21,0.0059
2014-09-01,0.19,0.0054
2014-09-02,0.17,0.0048
2014-09-03,0.15,0.0042
2014-09-04,0.15,0.0042
2014-09-05,0.15,0.0042
2014-09-06,0.15,0.0042
2014-09-07,3.12,0.0883
2014-09-08,1.29,0.0365
2014-09-09,0.61,0.0173
2014-09-10,0.34,0.0096
2014-09-11,0.25,0.0071
2014-09-12,448.0,12.6859
2014-09-13,2260.0,63.996
2014-09-14,950.0,26.901
2014-09-15,5.8,0.1642
2014-09-16,4.44,0.1257
2014-09-17,3.4,0.0963
2014-09-18,1360.0,38.5108
2014-09-19,7350.0,208.1285
2014-09-20,444.0,12.5727
2014-09-21,730.0,20.6713
2014-09-22,6350.0,179.8117
2014-09-23,2680.0,75.889
2014-09-24,357.0,10.1091
2014-09-25,472.0,13.3655
2014-09-26,32.1,0.909
2014-09-27,26.1,0.7391
2014-09-28,21.8,0.6173
2014-09-29,18.0,0.5097
2014-09-30,14.9,0.4219
2014-10-01,12.4,0.3511
2014-10-02,11.1,0.3143
2014-10-03,10.0,0.2832
2014-10-04,9.45,0.2676
2014-10-05,9.0,0.2549
2014-10-06,8.29,0.2347
2014-10-07,7.99,0.2263
2014-10-08,7.64,0.2163
2014-10-09,7.2,0.2039
2014-10-10,6.96,0.1971
2014-10-11,6.64,0.188
2014-10-12,6.31,0.1787
2014-10-13,6.01,0.1702
2014-10-14,5.91,0.1674
2014-10-15,5.7,0.1614
2014-10-16,5.77,0.1634
2014-10-17,5.83,0.1651
2014-10-18,5.67,0.1606
2014-10-19,5.52,0.1563
2014-10-20,5.6,0.1586
2014-10-21,5.73,0.1623
2014-10-22,5.74,0.1625
2014-10-23,5.62,0.1591
2014-10-24,5.41,0.1532
2014-10-25,5.22,0.1478
2014-10-26,5.17,0.1464
2014-10-27,5.08,0.1438
2014-10-28,4.88,0.1382
2014-10-29,4.76,0.1348
2014-10-30,4.77,0.1351
2014-10-31,4.76,0.1348
2014-11-01,4.75,0.1345
2014-11-02,4.83,0.1368
2014-11-03,5.1,0.1444
2014-11-04,5.64,0.1597
2014-11-05,5.75,0.1628
2014-11-06,5.51,0.156
2014-11-07,5.33,0.1509
2014-11-08,5.13,0.1453
2014-11-09,4.93,0.1396
2014-11-10,4.8,0.1359
2014-11-11,4.61,0.1305
2014-11-12,4.48,0.1269
2014-11-13,4.49,0.1271
2014-11-14,4.68,0.1325
2014-11-15,4.94,0.1399
2014-11-16,4.93,0.1396
2014-11-17,4.71,0.1334
2014-11-18,4.74,0.1342
2014-11-19,4.89,0.1385
2014-11-20,4.9,0.1388
2014-11-21,4.83,0.1368
2014-11-22,4.76,0.1348
2014-11-23,4.69,0.1328
2014-11-24,4.5,0.1274
2014-11-25,4.46,0.1263
2014-11-26,4.56,0.1291
2014-11-27,4.56,0.1291
2014-11-28,4.62,0.1308
2014-11-29,4.68,0.1325
2014-11-30,4.62,0.1308
2014-12-01,4.41,0.1249
2014-12-02,4.43,0.1254
2014-12-03,4.59,0.13
2014-12-04,4.88,0.1382
2014-12-05,4.72,0.1337
2014-12-06,4.55,0.1288
2014-12-07,4.47,0.1266
2014-12-08,4.4,0.1246
2014-12-09,4.47,0.1266
2014-12-10,4.56,0.1291
2014-12-11,4.62,0.1308
2014-12-12,4.61,0.1305
2014-12-13,4.56,0.1291
2014-12-14,4.44,0.1257
2014-12-15,4.26,0.1206
2014-12-16,4.2,0.1189
2014-12-17,4.29,0.1215
2014-12-18,4.36,0.1235
2014-12-19,4.34,0.1229
2014-12-20,4.34,0.1229
2014-12-21,4.36,0.1235
2014-12-22,4.35,0.1232
2014-12-23,4.32,0.1223
2014-12-24,4.3,0.1218
2014-12-25,4.35,0.1232
2014-12-26,4.36,0.1235
2014-12-27,4.67,0.1322
2014-12-28,4.79,0.1356
2014-12-29,4.71,0.1334
2014-12-30,4.48,0.1269
2014-12-31,4.52,0.128
2015-01-01,4.49,0.1271
2015-01-02,4.64,0.1314
2015-01-03,5.16,0.1461
2015-01-04,5.08,0.1438
2015-01-05,5.2,0.1472
2015-01-06,4.92,0.1393
2015-01-07,4.8,0.1359
2015-01-08,4.72,0.1337
2015-01-09,4.79,0.1356
2015-01-10,4.84,0.1371
2015-01-11,4.85,0.1373
2015-01-12,4.84,0.1371
2015-01-13,4.8,0.1359
2015-01-14,4.88,0.1382
2015-01-15,4.99,0.1413
2015-01-16,5.05,0.143
2015-01-17,5.01,0.1419
2015-01-18,4.89,0.1385
2015-01-19,4.89,0.1385
2015-01-20,4.86,0.1376
2015-01-21,4.78,0.1354
2015-01-22,5.07,0.1436
2015-01-23,5.35,0.1515
2015-01-24,5.26,0.1489
2015-01-25,5.09,0.1441
2015-01-26,5.04,0.1427
2015-01-27,5.01,0.1419
2015-01-28,5.05,0.143
2015-01-29,4.91,0.139
2015-01-30,4.99,0.1413
2015-01-31,6.09,0.1724
2015-02-01,6.36,0.1801
2015-02-02,5.65,0.16
2015-02-03,5.32,0.1506
2015-02-04,5.21,0.1475
2015-02-05,5.05,0.143
2015-02-06,4.96,0.1405
2015-02-07,5.15,0.1458
2015-02-08,5.06,0.1433
2015-02-09,5.1,0.1444
2015-02-10,5.56,0.1574
2015-02-11,5.58,0.158
2015-02-12,5.57,0.1577
2015-02-13,5.66,0.1603
2015-02-14,5.84,0.1654
2015-02-15,5.94,0.1682
2015-02-16,5.72,0.162
2015-02-17,5.6,0.1586
2015-02-18,5.76,0.1631
2015-02-19,5.9,0.1671
2015-02-20,5.89,0.1668
2015-02-21,5.71,0.1617
2015-02-22,5.62,0.1591
2015-02-23,5.79,0.164
2015-02-24,6.06,0.1716
2015-02-25,6.57,0.186
2015-02-26,6.08,0.1722
2015-02-27,5.7,0.1614
2015-02-28,5.79,0.164
2015-03-01,6.0,0.1699
2015-03-02,5.88,0.1665
2015-03-03,5.74,0.1625
2015-03-04,6.05,0.1713
2015-03-05,5.96,0.1688
2015-03-06,5.63,0.1594
2015-03-07,5.73,0.1623
2015-03-08,5.79,0.164
2015-03-09,5.85,0.1657
2015-03-10,6.07,0.1719
2015-03-11,5.55,0.1572
2015-03-12,5.15,0.1458
2015-03-13,5.13,0.1453
2015-03-14,5.12,0.145
2015-03-15,5.09,0.1441
2015-03-16,5.08,0.1438
2015-03-17,5.57,0.1577
2015-03-18,6.4,0.1812
2015-03-19,6.5,0.1841
2015-03-20,5.79,0.164
2015-03-21,6.06,0.1716
2015-03-22,6.69,0.1894
2015-03-23,6.85,0.194
2015-03-24,5.73,0.1623
2015-03-25,5.39,0.1526
2015-03-26,5.16,0.1461
2015-03-27,5.14,0.1455
2015-03-28,5.37,0.1521
2015-03-29,5.35,0.1515
2015-03-30,5.25,0.1487
2015-03-31,5.38,0.1523
2015-04-01,5.52,0.1563
2015-04-02,5.35,0.1515
2015-04-03,5.17,0.1464
2015-04-04,5.03,0.1424
2015-04-05,5.23,0.1481
2015-04-06,5.47,0.1549
2015-04-07,5.35,0.1515
2015-04-08,5.22,0.1478
2015-04-09,5.23,0.1481
2015-04-10,5.26,0.1489
2015-04-11,5.24,0.1484
2015-04-12,5.35,0.1515
2015-04-13,5.69,0.1611
2015-04-14,6.57,0.186
2015-04-15,6.07,0.1719
2015-04-16,5.57,0.1577
2015-04-17,5.18,0.1467
2015-04-18,5.05,0.143
2015-04-19,4.98,0.141
2015-04-20,5.11,0.1447
2015-04-21,5.26,0.1489
2015-04-22,5.31,0.1504
2015-04-23,5.26,0.1489
2015-04-24,5.19,0.147
2015-04-25,5.15,0.1458
2015-04-26,5.07,0.1436
2015-04-27,5.04,0.1427
2015-04-28,5.06,0.1433
2015-04-29,5.18,0.1467
2015-04-30,5.27,0.1492
2015-05-01,5.3,0.1501
2015-05-02,5.13,0.1453
2015-05-03,5.06,0.1433
2015-05-04,5.23,0.1481
2015-05-05,21.9,0.6201
2015-05-06,5.67,0.1606
2015-05-07,4.34,0.1229
2015-05-08,3.99,0.113
2015-05-09,3.77,0.1068
2015-05-10,3.59,0.1017
2015-05-11,3.54,0.1002
2015-05-12,3.68,0.1042
2015-05-13,6.28,0.1778
2015-05-14,6.1,0.1727
2015-05-15,4.66,0.132
2015-05-16,4.78,0.1354
2015-05-17,4.41,0.1249
2015-05-18,3.99,0.113
2015-05-19,3.99,0.113
2015-05-20,3.97,0.1124
2015-05-21,3.94,0.1116
2015-05-22,4.24,0.1201
2015-05-23,4.57,0.1294
2015-05-24,4.26,0.1206
2015-05-25,3.91,0.1107
2015-05-26,3.66,0.1036
2015-05-27,3.71,0.1051
2015-05-28,3.75,0.1062
2015-05-29,3.76,0.1065
2015-05-30,3.92,0.111
2015-05-31,3.8,0.1076
2015-06-01,3.65,0.1034
2015-06-02,6.72,0.1903
2015-06-03,3.94,0.1116
2015-06-04,3.54,0.1002
2015-06-05,3.43,0.0971
2015-06-06,3.68,0.1042
2015-06-07,3.59,0.1017
2015-06-08,3.75,0.1062
2015-06-09,3.68,0.1042
2015-06-10,3.6,0.1019
2015-06-11,3.64,0.1031
2015-06-12,3.42,0.0968
2015-06-13,3.37,0.0954
2015-06-14,3.95,0.1119
2015-06-15,5.73,0.1623
2015-06-16,3.84,0.1087
2015-06-17,3.27,0.0926
2015-06-18,3.01,0.0852
2015-06-19,2.82,0.0799
2015-06-20,2.68,0.0759
2015-06-21,2.6,0.0736
2015-06-22,2.55,0.0722
2015-06-23,2.46,0.0697
2015-06-24,2.46,0.0697
2015-06-25,2.45,0.0694
2015-06-26,2.55,0.0722
2015-06-27,2.71,0.0767
2015-06-28,2.35,0.0665
2015-06-29,2.15,0.0609
2015-06-30,2.17,0.0614
2015-07-01,2.07,0.0586
2015-07-02,2.03,0.0575
2015-07-03,2.05,0.058
2015-07-04,2.08,0.0589
2015-07-05,2.03,0.0575
2015-07-06,2.06,0.0583
2015-07-07,2.24,0.0634
2015-07-08,2.66,0.0753
2015-07-09,2.97,0.0841
2015-07-10,2.31,0.0654
2015-07-11,2.18,0.0617
2015-07-12,2.11,0.0597
2015-07-13,2.14,0.0606
2015-07-14,1.98,0.0561
2015-07-15,1.89,0.0535
2015-07-16,1.91,0.0541
2015-07-17,2.33,0.066
2015-07-18,2.08,0.0589
2015-07-19,1.84,0.0521
2015-07-20,1.85,0.0524
2015-07-21,1.94,0.0549
2015-07-22,2.27,0.0643
2015-07-23,18.2,0.5154
2015-07-24,7.28,0.2061
2015-07-25,5.37,0.1521
2015-07-26,4.61,0.1305
2015-07-27,4.2,0.1189
2015-07-28,3.98,0.1127
2015-07-29,4.7,0.1331
2015-07-30,5.7,0.1614
2015-07-31,4.35,0.1232
2015-08-01,4.01,0.1136
2015-08-02,4.19,0.1186
2015-08-03,4.23,0.1198
2015-08-04,4.84,0.1371
2015-08-05,3.71,0.1051
2015-08-06,3.29,0.0932
2015-08-07,3.01,0.0852
2015-08-08,2.86,0.081
2015-08-09,2.85,0.0807
2015-08-10,2.97,0.0841
2015-08-11,2.8,0.0793
2015-08-12,2.52,0.0714
2015-08-13,2.42,0.0685
2015-08-14,2.4,0.068
2015-08-15,2.35,0.0665
2015-08-16,2.94,0.0833
2015-08-17,2.66,0.0753
2015-08-18,2.72,0.077
2015-08-19,2.54,0.0719
2015-08-20,2.36,0.0668
2015-08-21,2.43,0.0688
2015-08-22,2.53,0.0716
2015-08-23,2.41,0.0682
2015-08-24,2.53,0.0716
2015-08-25,2.41,0.0682
2015-08-26,2.32,0.0657
2015-08-27,2.31,0.0654
2015-08-28,2.25,0.0637
2015-08-29,2.21,0.0626
2015-08-30,2.25,0.0637
2015-08-31,2.31,0.0654
2015-09-01,2.27,0.0643
2015-09-02,2.21,0.0626
2015-09-03,2.21,0.0626
2015-09-04,2.2,0.0623
2015-09-05,2.21,0.0626
2015-09-06,2.21,0.0626
2015-09-07,2.27,0.0643
2015-09-08,2.3,0.0651
2015-09-09,5.51,0.156
2015-09-10,16.9,0.4786
2015-09-11,4.33,0.1226
2015-09-12,3.2,0.0906
2015-09-13,2.91,0.0824
2015-09-14,2.78,0.0787
2015-09-15,2.63,0.0745
2015-09-16,2.58,0.0731
2015-09-17,2.55,0.0722
2015-09-18,2.67,0.0756
2015-09-19,2.84,0.0804
2015-09-20,2.94,0.0833
2015-09-21,3.33,0.0943
2015-09-22,28.2,0.7985
2015-09-23,328.0,9.2879
2015-09-24,23.8,0.6739
2015-09-25,13.8,0.3908
2015-09-26,14.1,0.3993
2015-09-27,10.8,0.3058
2015-09-28,10.1,0.286
2015-09-29,9.62,0.2724
2015-09-30,9.28,0.2628
2015-10-01,9.09,0.2574
2015-10-02,8.92,0.2526
2015-10-03,12.0,0.3398
2015-10-04,266.0,7.5323
2015-10-05,35.5,1.0052
2015-10-06,17.3,0.4899
2015-10-07,16.6,0.4701
2015-10-08,32.6,0.9231
2015-10-09,16.2,0.4587
2015-10-10,12.5,0.354
2015-10-11,11.6,0.3285
2015-10-12,10.8,0.3058
2015-10-13,10.3,0.2917
2015-10-14,10.1,0.286
2015-10-15,10.1,0.286
2015-10-16,9.77,0.2767
2015-10-17,9.48,0.2684
2015-10-18,9.6,0.2718
2015-10-19,9.64,0.273
2015-10-20,9.8,0.2775
2015-10-21,24.8,0.7023
2015-10-22,73.2,2.0728
2015-10-23,10.9,0.3087
2015-10-24,8.0,0.2265
2015-10-25,7.33,0.2076
2015-10-26,7.12,0.2016
2015-10-27,7.06,0.1999
2015-10-28,6.91,0.1957
2015-10-29,6.88,0.1948
2015-10-30,7.01,0.1985
2015-10-31,6.92,0.196
2015-11-01,6.75,0.1911
2015-11-02,6.7,0.1897
2015-11-03,6.7,0.1897
2015-11-04,6.6,0.1869
2015-11-05,6.47,0.1832
2015-11-06,6.37,0.1804
2015-11-07,6.34,0.1795
2015-11-08,6.52,0.1846
2015-11-09,6.61,0.1872
2015-11-10,6.7,0.1897
2015-11-11,6.58,0.1863
2015-11-12,6.41,0.1815
2015-11-13,6.37,0.1804
2015-11-14,6.54,0.1852
2015-11-15,6.89,0.1951
2015-11-16,7.15,0.2025
2015-11-17,6.76,0.1914
2015-11-18,6.46,0.1829
2015-11-19,6.39,0.1809
2015-11-20,6.51,0.1843
2015-11-21,6.5,0.1841
2015-11-22,6.52,0.1846
2015-11-23,6.57,0.186
2015-11-24,6.7,0.1897
2015-11-25,6.69,0.1894
2015-11-26,6.56,0.1858
2015-11-27,6.69,0.1894
2015-11-28,6.57,0.186
2015-11-29,6.62,0.1875
2015-11-30,6.86,0.1943
2015-12-01,6.74,0.1909
2015-12-02,6.67,0.1889
2015-12-03,6.6,0.1869
2015-12-04,6.7,0.1897
2015-12-05,6.7,0.1897
2015-12-06,6.67,0.1889
2015-12-07,6.69,0.1894
2015-12-08,6.7,0.1897
2015-12-09,6.77,0.1917
2015-12-10,6.7,0.1897
2015-12-11,6.64,0.188
2015-12-12,6.55,0.1855
2015-12-13,6.57,0.186
2015-12-14,6.51,0.1843
2015-12-15,6.51,0.1843
2015-12-16,6.37,0.1804
2015-12-17,6.34,0.1795
2015-12-18,6.39,0.1809
2015-12-19,6.44,0.1824
2015-12-20,6.53,0.1849
2015-12-21,6.52,0.1846
2015-12-22,6.5,0.1841
2015-12-23,6.46,0.1829
2015-12-24,6.42,0.1818
2015-12-25,6.34,0.1795
2015-12-26,6.42,0.1818
2015-12-27,6.97,0.1974
2015-12-28,7.14,0.2022
2015-12-29,7.19,0.2036
2015-12-30,6.91,0.1957
2015-12-31,6.7,0.1897
2016-01-01,6.76,0.1914
2016-01-02,6.76,0.1914
2016-01-03,6.76,0.1914
2016-01-04,6.64,0.188
2016-01-05,6.52,0.1846
2016-01-06,6.7,0.1897
2016-01-07,6.86,0.1943
2016-01-08,6.59,0.1866
2016-01-09,6.27,0.1775
2016-01-10,6.01,0.1702
2016-01-11,6.01,0.1702
2016-01-12,6.01,0.1702
2016-01-13,5.83,0.1651
2016-01-14,5.9,0.1671
2016-01-15,5.87,0.1662
2016-01-16,5.77,0.1634
2016-01-17,5.68,0.1608
2016-01-18,5.67,0.1606
2016-01-19,5.69,0.1611
2016-01-20,5.7,0.1614
2016-01-21,5.66,0.1603
2016-01-22,5.63,0.1594
2016-01-23,5.65,0.16
2016-01-24,5.72,0.162
2016-01-25,5.67,0.1606
2016-01-26,5.57,0.1577
2016-01-27,5.45,0.1543
2016-01-28,5.51,0.156
2016-01-29,5.39,0.1526
2016-01-30,5.33,0.1509
2016-01-31,5.19,0.147
2016-02-01,5.2,0.1472
2016-02-02,5.15,0.1458
2016-02-03,5.0,0.1416
2016-02-04,4.97,0.1407
2016-02-05,5.02,0.1422
2016-02-06,5.14,0.1455
2016-02-07,5.2,0.1472
2016-02-08,5.12,0.145
2016-02-09,5.02,0.1422
2016-02-10,5.01,0.1419
2016-02-11,5.05,0.143
2016-02-12,5.01,0.1419
2016-02-13,4.92,0.1393
2016-02-14,4.83,0.1368
2016-02-15,4.82,0.1365
2016-02-16,4.77,0.1351
2016-02-17,4.74,0.1342
2016-02-18,4.69,0.1328
2016-02-19,4.58,0.1297
2016-02-20,4.57,0.1294
2016-02-21,4.5,0.1274
2016-02-22,4.54,0.1286
2016-02-23,4.55,0.1288
2016-02-24,4.49,0.1271
2016-02-25,4.35,0.1232
2016-02-26,4.46,0.1263
2016-02-27,4.53,0.1283
2016-02-28,4.57,0.1294
2016-02-29,4.49,0.1271
2016-03-01,4.42,0.1252
2016-03-02,4.45,0.126
2016-03-03,4.48,0.1269
2016-03-04,4.5,0.1274
2016-03-05,4.4,0.1246
2016-03-06,4.52,0.128
2016-03-07,4.66,0.132
2016-03-08,4.67,0.1322
2016-03-09,4.62,0.1308
2016-03-10,4.62,0.1308
2016-03-11,4.55,0.1288
2016-03-12,4.49,0.1271
2016-03-13,4.46,0.1263
2016-03-14,4.46,0.1263
2016-03-15,4.42,0.1252
2016-03-16,4.38,0.124
2016-03-17,4.48,0.1269
2016-03-18,4.53,0.1283
2016-03-19,4.53,0.1283
2016-03-20,4.56,0.1291
2016-03-21,4.48,0.1269
2016-03-22,4.51,0.1277
2016-03-23,4.45,0.126
2016-03-24,4.21,0.1192
2016-03-25,4.21,0.1192
2016-03-26,4.43,0.1254
2016-03-27,4.34,0.1229
2016-03-28,4.47,0.1266
2016-03-29,4.58,0.1297
2016-03-30,4.61,0.1305
2016-03-31,4.53,0.1283
2016-04-01,4.25,0.1203
2016-04-02,4.25,0.1203
2016-04-03,4.32,0.1223
2016-04-04,4.36,0.1235
2016-04-05,4.26,0.1206
2016-04-06,4.12,0.1167
2016-04-07,4.07,0.1152
2016-04-08,4.04,0.1144
2016-04-09,4.31,0.122
2016-04-10,4.41,0.1249
2016-04-11,4.19,0.1186
2016-04-12,3.93,0.1113
2016-04-13,4.01,0.1136
2016-04-14,4.02,0.1138
2016-04-15,4.05,0.1147
2016-04-16,3.86,0.1093
2016-04-17,3.62,0.1025
2016-04-18,3.65,0.1034
2016-04-19,3.68,0.1042
2016-04-20,3.65,0.1034
2016-04-21,3.56,0.1008
2016-04-22,3.44,0.0974
2016-04-23,3.28,0.0929
2016-04-24,3.24,0.0917
2016-04-25,3.14,0.0889
2016-04-26,3.1,0.0878
2016-04-27,3.0,0.085
2016-04-28,2.88,0.0816
2016-04-29,2.87,0.0813
2016-04-30,2.87,0.0813
2016-05-01,2.84,0.0804
2016-05-02,2.91,0.0824
2016-05-03,2.89,0.0818
2016-05-04,2.95,0.0835
2016-05-05,2.97,0.0841
2016-05-06,3.0,0.085
2016-05-07,2.86,0.081
2016-05-08,2.73,0.0773
2016-05-09,2.64,0.0748
2016-05-10,2.54,0.0719
2016-05-11,2.52,0.0714
2016-05-12,2.53,0.0716
2016-05-13,2.61,0.0739
2016-05-14,2.67,0.0756
2016-05-15,2.73,0.0773
2016-05-16,2.74,0.0776
2016-05-17,2.6,0.0736
2016-05-18,2.72,0.077
2016-05-19,2.91,0.0824
2016-05-20,2.96,0.0838
2016-05-21,2.96,0.0838
2016-05-22,2.75,0.0779
2016-05-23,2.54,0.0719
2016-05-24,2.33,0.066
2016-05-25,2.24,0.0634
2016-05-26,2.11,0.0597
2016-05-27,1.99,0.0564
2016-05-28,1.97,0.0558
2016-05-29,2.04,0.0578
2016-05-30,2.17,0.0614
2016-05-31,2.36,0.0668
2016-06-01,2.35,0.0665
2016-06-02,2.4,0.068
2016-06-03,2.32,0.0657
2016-06-04,2.23,0.0631
2016-06-05,2.17,0.0614
2016-06-06,2.05,0.058
2016-06-07,2.01,0.0569
2016-06-08,1.96,0.0555
2016-06-09,1.85,0.0524
2016-06-10,1.92,0.0544
2016-06-11,1.86,0.0527
2016-06-12,2.32,0.0657
2016-06-13,1.41,0.0399
2016-06-14,1.02,0.0289
2016-06-15,0.97,0.0275
2016-06-16,0.93,0.0263
2016-06-17,0.91,0.0258
2016-06-18,0.94,0.0266
2016-06-19,0.98,0.0278
2016-06-20,0.91,0.0258
2016-06-21,0.91,0.0258
2016-06-22,0.88,0.0249
2016-06-23,0.84,0.0238
2016-06-24,0.78,0.0221
2016-06-25,0.72,0.0204
2016-06-26,0.71,0.0201
2016-06-27,0.76,0.0215
2016-06-28,0.97,0.0275
2016-06-29,1.42,0.0402
2016-06-30,1.24,0.0351
2016-07-01,1.21,0.0343
2016-07-02,1.13,0.032
2016-07-03,1.0,0.0283
2016-07-04,0.89,0.0252
2016-07-05,0.84,0.0238
2016-07-06,0.75,0.0212
2016-07-07,0.71,0.0201
2016-07-08,0.66,0.0187
2016-07-09,0.96,0.0272
2016-07-10,0.19,0.0054
2016-07-11,0.17,0.0048
2016-07-12,0.16,0.0045
2016-07-13,0.15,0.0042
2016-07-14,0.14,0.004
2016-07-15,0.13,0.0037
2016-07-16,0.13,0.0037
2016-07-17,0.12,0.0034
2016-07-18,0.09,0.0025
2016-07-19,0.06,0.0017
2016-07-20,0.04,0.0011
2016-07-21,0.0,0.0
2016-07-22,0.0,0.0
2016-07-23,0.0,0.0
2016-07-24,0.0,0.0
2016-07-25,0.0,0.0
2016-07-26,0.19,0.0054
2016-07-27,0.14,0.004
2016-07-28,0.14,0.004
2016-07-29,0.16,0.0045
2016-07-30,0.15,0.0042
2016-07-31,0.14,0.004
2016-08-01,0.14,0.004
2016-08-02,0.14,0.004
2016-08-03,0.15,0.0042
2016-08-04,0.17,0.0048
2016-08-05,0.18,0.0051
2016-08-06,0.16,0.0045
2016-08-07,0.15,0.0042
2016-08-08,0.14,0.004
2016-08-09,0.14,0.004
2016-08-10,0.25,0.0071
2016-08-11,0.19,0.0054
2016-08-12,0.21,0.0059
2016-08-13,0.36,0.0102
2016-08-14,0.27,0.0076
2016-08-15,0.22,0.0062
2016-08-16,0.23,0.0065
2016-08-17,0.25,0.0071
2016-08-18,0.25,0.0071
2016-08-19,0.22,0.0062
2016-08-20,0.22,0.0062
2016-08-21,60.6,1.716
2016-08-22,3.05,0.0864
2016-08-23,15.7,0.4446
2016-08-24,1500.0,42.4752
2016-08-25,64.9,1.8378
2016-08-26,16.0,0.4531
2016-08-27,13.0,0.3681
2016-08-28,10.0,0.2832
2016-08-29,8.13,0.2302
2016-08-30,24.7,0.6994
2016-08-31,22.3,0.6315
2016-09-01,42.7,1.2091
2016-09-02,110.0,3.1148
2016-09-03,21.0,0.5947
2016-09-04,11.5,0.3256
2016-09-05,10.2,0.2888
2016-09-06,8.91,0.2523
2016-09-07,8.71,0.2466
2016-09-08,7.65,0.2166
2016-09-09,7.32,0.2073
2016-09-10,6.8,0.1926
2016-09-11,6.53,0.1849
2016-09-12,6.44,0.1824
2016-09-13,6.33,0.1792
2016-09-14,6.11,0.173
2016-09-15,6.07,0.1719
2016-09-16,6.21,0.1758
2016-09-17,10.3,0.2917
2016-09-18,12.3,0.3483
2016-09-19,3.82,0.1082
2016-09-20,3.57,0.1011
2016-09-21,3.45,0.0977
2016-09-22,3.33,0.0943
2016-09-23,3.26,0.0923
2016-09-24,3.33,0.0943
2016-09-25,4.1,0.1161
2016-09-26,4.66,0.132
2016-09-27,4.01,0.1136
2016-09-28,3.83,0.1085
2016-09-29,3.67,0.1039
2016-09-30,3.48,0.0985
2016-10-01,3.48,0.0985
2016-10-02,3.48,0.0985
2016-10-03,4.08,0.1155
2016-10-04,3.46,0.098
2016-10-05,3.22,0.0912
2016-10-06,3.15,0.0892
2016-10-07,3.05,0.0864
2016-10-08,3.27,0.0926
2016-10-09,3.63,0.1028
2016-10-10,3.56,0.1008
2016-10-11,3.43,0.0971
2016-10-12,3.24,0.0917
2016-10-13,3.09,0.0875
2016-10-14,3.04,0.0861
2016-10-15,3.04,0.0861
2016-10-16,3.0,0.085
2016-10-17,2.91,0.0824
2016-10-18,2.86,0.081
2016-10-19,2.91,0.0824
2016-10-20,2.85,0.0807
2016-10-21,2.84,0.0804
2016-10-22,2.92,0.0827
2016-10-23,2.98,0.0844
2016-10-24,3.03,0.0858
2016-10-25,3.04,0.0861
2016-10-26,3.72,0.1053
2016-10-27,3.51,0.0994
2016-10-28,3.11,0.0881
2016-10-29,3.04,0.0861
2016-10-30,2.99,0.0847
2016-10-31,2.94,0.0833
2016-11-01,2.93,0.083
2016-11-02,2.86,0.081
2016-11-03,2.87,0.0813
2016-11-04,3.25,0.092
2016-11-05,3.33,0.0943
2016-11-06,27.7,0.7844
2016-11-07,7.66,0.2169
2016-11-08,4.52,0.128
2016-11-09,3.94,0.1116
2016-11-10,3.81,0.1079
2016-11-11,3.71,0.1051
2016-11-12,3.7,0.1048
2016-11-13,3.67,0.1039
2016-11-14,3.6,0.1019
2016-11-15,3.59,0.1017
2016-11-16,3.61,0.1022
2016-11-17,3.6,0.1019
2016-11-18,3.48,0.0985
2016-11-19,3.37,0.0954
2016-11-20,3.45,0.0977
2016-11-21,3.57,0.1011
2016-11-22,3.71,0.1051
2016-11-23,3.69,0.1045
2016-11-24,3.64,0.1031
2016-11-25,3.62,0.1025
2016-11-26,3.71,0.1051
2016-11-27,3.81,0.1079
2016-11-28,3.76,0.1065
2016-11-29,3.71,0.1051
2016-11-30,3.7,0.1048
2016-12-01,3.7,0.1048
2016-12-02,3.74,0.1059
2016-12-03,4.31,0.122
2016-12-04,4.41,0.1249
2016-12-05,4.29,0.1215
2016-12-06,4.21,0.1192
2016-12-07,4.04,0.1144
2016-12-08,4.06,0.115
2016-12-09,4.05,0.1147
2016-12-10,4.08,0.1155
2016-12-11,4.14,0.1172
2016-12-12,4.08,0.1155
2016-12-13,3.99,0.113
2016-12-14,3.76,0.1065
2016-12-15,3.53,0.1
2016-12-16,3.49,0.0988
2016-12-17,3.42,0.0968
2016-12-18,3.25,0.092
2016-12-19,3.25,0.092
2016-12-20,3.32,0.094
2016-12-21,3.43,0.0971
2016-12-22,3.56,0.1008
2016-12-23,3.59,0.1017
2016-12-24,3.59,0.1017
2016-12-25,3.57,0.1011
2016-12-26,3.48,0.0985
2016-12-27,3.43,0.0971
2016-12-28,3.48,0.0985
2016-12-29,3.43,0.0971
2016-12-30,3.41,0.0966
2016-12-31,3.49,0.0988
2017-01-01,3.5,0.0991
2017-01-02,3.61,0.1022
2017-01-03,3.55,0.1005
2017-01-04,3.41,0.0966
2017-01-05,3.43,0.0971
2017-01-06,3.27,0.0926
2017-01-07,3.24,0.0917
2017-01-08,3.26,0.0923
2017-01-09,3.39,0.096
2017-01-10,3.49,0.0988
2017-01-11,3.45,0.0977
2017-01-12,3.36,0.0951
2017-01-13,3.28,0.0929
2017-01-14,3.27,0.0926
2017-01-15,3.45,0.0977
2017-01-16,3.5,0.0991
2017-01-17,3.44,0.0974
2017-01-18,3.56,0.1008
2017-01-19,3.44,0.0974
2017-01-20,3.3,0.0934
2017-01-21,3.23,0.0915
2017-01-22,3.08,0.0872
2017-01-23,3.08,0.0872
2017-01-24,3.09,0.0875
2017-01-25,3.05,0.0864
2017-01-26,3.04,0.0861
2017-01-27,3.03,0.0858
2017-01-28,3.04,0.0861
2017-01-29,3.1,0.0878
2017-01-30,3.15,0.0892
2017-01-31,3.16,0.0895
2017-02-01,3.15,0.0892
2017-02-02,3.15,0.0892
2017-02-03,3.1,0.0878
2017-02-04,3.1,0.0878
2017-02-05,3.11,0.0881
2017-02-06,3.04,0.0861
2017-02-07,3.04,0.0861
2017-02-08,3.01,0.0852
2017-02-09,2.94,0.0833
2017-02-10,2.94,0.0833
2017-02-11,2.94,0.0833
2017-02-12,2.86,0.081
2017-02-13,3.09,0.0875
2017-02-14,3.06,0.0866
2017-02-15,3.04,0.0861
2017-02-16,3.06,0.0866
2017-02-17,3.1,0.0878
2017-02-18,3.08,0.0872
2017-02-19,3.06,0.0866
2017-02-20,3.0,0.085
2017-02-21,2.91,0.0824
2017-02-22,2.83,0.0801
2017-02-23,2.79,0.079
2017-02-24,2.68,0.0759
2017-02-25,2.59,0.0733
2017-02-26,2.64,0.0748
2017-02-27,2.67,0.0756
2017-02-28,2.66,0.0753
2017-03-01,2.65,0.075
2017-03-02,2.58,0.0731
2017-03-03,2.57,0.0728
2017-03-04,2.6,0.0736
2017-03-05,2.65,0.075
2017-03-06,2.68,0.0759
2017-03-07,2.59,0.0733
2017-03-08,2.52,0.0714
2017-03-09,2.51,0.0711
2017-03-10,2.48,0.0702
2017-03-11,2.51,0.0711
2017-03-12,2.49,0.0705
2017-03-13,2.48,0.0702
2017-03-14,2.46,0.0697
2017-03-15,2.4,0.068
2017-03-16,2.41,0.0682
2017-03-17,2.36,0.0668
2017-03-18,2.34,0.0663
2017-03-19,2.31,0.0654
2017-03-20,2.29,0.0648
2017-03-21,2.24,0.0634
2017-03-22,2.2,0.0623
2017-03-23,2.2,0.0623
2017-03-24,2.09,0.0592
2017-03-25,2.05,0.058
2017-03-26,2.08,0.0589
2017-03-27,2.12,0.06
2017-03-28,2.13,0.0603
2017-03-29,2.07,0.0586
2017-03-30,2.08,0.0589
2017-03-31,2.04,0.0578
2017-04-01,1.95,0.0552
2017-04-02,2.04,0.0578
2017-04-03,2.08,0.0589
2017-04-04,1.93,0.0547
2017-04-05,1.77,0.0501
2017-04-06,1.82,0.0515
2017-04-07,1.8,0.051
2017-04-08,1.76,0.0498
2017-04-09,1.68,0.0476
2017-04-10,1.61,0.0456
2017-04-11,1.6,0.0453
2017-04-12,2.46,0.0697
2017-04-13,2.16,0.0612
2017-04-14,1.65,0.0467
2017-04-15,1.6,0.0453
2017-04-16,1.57,0.0445
2017-04-17,1.49,0.0422
2017-04-18,1.37,0.0388
2017-04-19,1.29,0.0365
2017-04-20,1.21,0.0343
2017-04-21,1.16,0.0328
2017-04-22,1.1,0.0311
2017-04-23,1.1,0.0311
2017-04-24,1.08,0.0306
2017-04-25,1.04,0.0294
2017-04-26,0.94,0.0266
2017-04-27,0.9,0.0255
2017-04-28,0.88,0.0249
2017-04-29,0.92,0.0261
2017-04-30,1.01,0.0286
2017-05-01,1.1,0.0311
2017-05-02,1.08,0.0306
2017-05-03,0.94,0.0266
2017-05-04,0.91,0.0258
2017-05-05,0.86,0.0244
2017-05-06,0.81,0.0229
2017-05-07,0.76,0.0215
2017-05-08,0.71,0.0201
2017-05-09,0.69,0.0195
2017-05-10,0.68,0.0193
2017-05-11,0.69,0.0195
2017-05-12,0.61,0.0173
2017-05-13,0.58,0.0164
2017-05-14,0.59,0.0167
2017-05-15,0.57,0.0161
2017-05-16,0.53,0.015
2017-05-17,0.45,0.0127
2017-05-18,0.4,0.0113
2017-05-19,0.36,0.0102
2017-05-20,0.34,0.0096
2017-05-21,0.4,0.0113
2017-05-22,0.49,0.0139
2017-05-23,0.79,0.0224
2017-05-24,0.7,0.0198
2017-05-25,0.63,0.0178
2017-05-26,0.53,0.015
2017-05-27,0.44,0.0125
2017-05-28,0.34,0.0096
2017-05-29,0.29,0.0082
2017-05-30,0.3,0.0085
2017-05-31,0.37,0.0105
2017-06-01,0.49,0.0139
2017-06-02,0.61,0.0173
2017-06-03,0.62,0.0176
2017-06-04,0.59,0.0167
2017-06-05,0.53,0.015
2017-06-06,0.48,0.0136
2017-06-07,0.46,0.013
2017-06-08,0.42,0.0119
2017-06-09,0.34,0.0096
2017-06-10,0.28,0.0079
2017-06-11,0.23,0.0065
2017-06-12,0.2,0.0057
2017-06-13,0.16,0.0045
2017-06-14,0.12,0.0034
2017-06-15,0.01,0.0003
2017-06-16,0.0,0.0
2017-06-17,0.0,0.0
2017-06-18,0.0,0.0
2017-06-19,0.0,0.0
2017-06-20,0.0,0.0
2017-06-21,0.0,0.0
2017-06-22,0.0,0.0
2017-06-23,0.0,0.0
2017-06-24,0.0,0.0
2017-06-25,0.0,0.0
2017-06-26,0.0,0.0
2017-06-27,0.0,0.0
2017-06-28,0.0,0.0
2017-06-29,0.0,0.0
2017-06-30,0.02,0.0006
2017-07-01,0.25,0.0071
2017-07-02,0.19,0.0054
2017-07-03,0.13,0.0037
2017-07-04,0.07,0.002
2017-07-05,0.0,0.0
2017-07-06,0.0,0.0
2017-07-07,0.0,0.0
2017-07-08,0.0,0.0
2017-07-09,0.0,0.0
2017-07-10,0.0,0.0
2017-07-11,0.0,0.0
2017-07-12,0.0,0.0
2017-07-13,0.0,0.0
2017-07-14,0.0,0.0
2017-07-15,0.0,0.0
2017-07-16,3.36,0.0951
2017-07-17,2.41,0.0682
2017-07-18,4.42,0.1252
2017-07-19,2.19,0.062
2017-07-20,1.31,0.0371
2017-07-21,0.84,0.0238
2017-07-22,0.65,0.0184
2017-07-23,1.1,0.0311
2017-07-24,1.41,0.0399
2017-07-25,0.94,0.0266
2017-07-26,0.71,0.0201
2017-07-27,0.57,0.0161
2017-07-28,0.46,0.013
2017-07-29,0.37,0.0105
2017-07-30,0.27,0.0076
2017-07-31,1.25,0.0354
2017-08-01,5.51,0.156
2017-08-02,44.3,1.2544
2017-08-03,9.18,0.2599
2017-08-04,4.53,0.1283
2017-08-05,2.86,0.081
2017-08-06,2.05,0.058
2017-08-07,1.61,0.0456
2017-08-08,10.6,0.3002
2017-08-09,13.9,0.3936
2017-08-10,4.97,0.1407
2017-08-11,4.15,0.1175
2017-08-12,2.85,0.0807
2017-08-13,2.1,0.0595
2017-08-14,2.65,0.075
2017-08-15,1.9,0.0538
2017-08-16,1.6,0.0453
2017-08-17,2.52,0.0714
2017-08-18,1.4,0.0396
2017-08-19,1.25,0.0354
2017-08-20,12.3,0.3483
2017-08-21,6.34,0.1795
2017-08-22,4.96,0.1405
2017-08-23,3.08,0.0872
2017-08-24,2.42,0.0685
2017-08-25,12.4,0.3511
2017-08-26,29.2,0.8269
2017-08-27,7.31,0.207
2017-08-28,4.24,0.1201
2017-08-29,3.07,0.0869
2017-08-30,2.49,0.0705
2017-08-31,2.13,0.0603
2017-09-01,1.91,0.0541
2017-09-02,1.76,0.0498
2017-09-03,1.65,0.0467
2017-09-04,1.6,0.0453
2017-09-05,1.52,0.043
2017-09-06,1.46,0.0413
2017-09-07,1.41,0.0399
2017-09-08,1.35,0.0382
2017-09-09,1.34,0.0379
2017-09-10,1.33,0.0377
2017-09-11,1.32,0.0374
2017-09-12,1.3,0.0368
2017-09-13,1.29,0.0365
2017-09-14,1.25,0.0354
2017-09-15,1.24,0.0351
2017-09-16,1.91,0.0541
2017-09-17,1.59,0.045
2017-09-18,1.52,0.043
2017-09-19,1.59,0.045
2017-09-20,1.4,0.0396
2017-09-21,1.27,0.036
2017-09-22,1.21,0.0343
2017-09-23,262.0,7.419
2017-09-24,528.0,14.9513
2017-09-25,25.9,0.7334
2017-09-26,11.6,0.3285
2017-09-27,8.86,0.2509
2017-09-28,5.54,0.1569
2017-09-29,6.07,0.1719
2017-09-30,4.73,0.1339
2017-10-01,4.67,0.1322
2017-10-02,4.08,0.1155
2017-10-03,3.61,0.1022
2017-10-04,3.22,0.0912
2017-10-05,2.95,0.0835
2017-10-06,2.81,0.0796
2017-10-07,2.63,0.0745
2017-10-08,2.52,0.0714
2017-10-09,2.41,0.0682
2017-10-10,2.27,0.0643
2017-10-11,2.26,0.064
2017-10-12,2.29,0.0648
2017-10-13,2.33,0.066
2017-10-14,2.32,0.0657
2017-10-15,2.19,0.062
2017-10-16,2.13,0.0603
2017-10-17,2.13,0.0603
2017-10-18,2.18,0.0617
2017-10-19,2.27,0.0643
2017-10-20,2.58,0.0731
2017-10-21,2.64,0.0748
2017-10-22,2.4,0.068
2017-10-23,2.25,0.0637
2017-10-24,2.13,0.0603
2017-10-25,2.18,0.0617
2017-10-26,2.22,0.0629
2017-10-27,2.13,0.0603
2017-10-28,2.16,0.0612
2017-10-29,2.18,0.0617
2017-10-30,2.23,0.0631
2017-10-31,2.28,0.0646
2017-11-01,2.27,0.0643
2017-11-02,2.23,0.0631
2017-11-03,2.23,0.0631
2017-11-04,2.21,0.0626
2017-11-05,2.21,0.0626
2017-11-06,2.15,0.0609
2017-11-07,2.14,0.0606
2017-11-08,2.31,0.0654
2017-11-09,2.44,0.0691
2017-11-10,2.48,0.0702
2017-11-11,2.49,0.0705
2017-11-12,2.46,0.0697
2017-11-13,2.46,0.0697
2017-11-14,2.46,0.0697
2017-11-15,2.41,0.0682
2017-11-16,2.38,0.0674
2017-11-17,2.35,0.0665
2017-11-18,2.25,0.0637
2017-11-19,2.21,0.0626
2017-11-20,2.23,0.0631
2017-11-21,2.29,0.0648
2017-11-22,2.29,0.0648
2017-11-23,2.29,0.0648
2017-11-24,2.32,0.0657
2017-11-25,2.34,0.0663
2017-11-26,2.33,0.066
2017-11-27,2.35,0.0665
2017-11-28,2.34,0.0663
2017-11-29,2.3,0.0651
2017-11-30,2.3,0.0651
2017-12-01,2.33,0.066
2017-12-02,2.41,0.0682
2017-12-03,2.43,0.0688
2017-12-04,2.42,0.0685
2017-12-05,2.38,0.0674
2017-12-06,2.46,0.0697
2017-12-07,2.7,0.0765
2017-12-08,2.75,0.0779
2017-12-09,2.75,0.0779
2017-12-10,2.72,0.077
2017-12-11,2.78,0.0787
2017-12-12,2.77,0.0784
2017-12-13,2.77,0.0784
2017-12-14,2.79,0.079
2017-12-15,2.77,0.0784
2017-12-16,2.82,0.0799
2017-12-17,2.85,0.0807
2017-12-18,2.86,0.081
2017-12-19,2.87,0.0813
2017-12-20,2.88,0.0816
2017-12-21,2.84,0.0804
2017-12-22,2.74,0.0776
2017-12-23,2.77,0.0784
2017-12-24,2.73,0.0773
2017-12-25,2.74,0.0776
2017-12-26,2.8,0.0793
2017-12-27,2.82,0.0799
2017-12-28,2.87,0.0813
2017-12-29,2.9,0.0821
2017-12-30,2.97,0.0841
2017-12-31,2.91,0.0824
2018-01-01,2.94,0.0833
2018-01-02,2.95,0.0835
2018-01-03,2.98,0.0844
2018-01-04,3.06,0.0866
2018-01-05,2.97,0.0841
2018-01-06,2.96,0.0838
2018-01-07,3.02,0.0855
2018-01-08,3.0,0.085
2018-01-09,2.97,0.0841
2018-01-10,2.94,0.0833
2018-01-11,2.92,0.0827
2018-01-12,2.84,0.0804
2018-01-13,2.79,0.079
2018-01-14,2.74,0.0776
2018-01-15,2.78,0.0787
2018-01-16,2.74,0.0776
2018-01-17,2.75,0.0779
2018-01-18,2.8,0.0793
2018-01-19,2.89,0.0818
2018-01-20,2.94,0.0833
2018-01-21,2.96,0.0838
2018-01-22,2.94,0.0833
2018-01-23,2.91,0.0824
2018-01-24,2.84,0.0804
2018-01-25,2.86,0.081
2018-01-26,2.93,0.083
2018-01-27,2.94,0.0833
2018-01-28,2.94,0.0833
2018-01-29,2.94,0.0833
2018-01-30,2.94,0.0833
2018-01-31,2.94,0.0833
2018-02-01,2.94,0.0833
2018-02-02,2.93,0.083
2018-02-03,2.95,0.0835
2018-02-04,2.93,0.083
2018-02-05,2.9,0.0821
2018-02-06,2.94,0.0833
2018-02-07,2.91,0.0824
2018-02-08,2.85,0.0807
2018-02-09,2.86,0.081
2018-02-10,2.84,0.0804
2018-02-11,2.84,0.0804
2018-02-12,2.84,0.0804
2018-02-13,2.84,0.0804
2018-02-14,2.85,0.0807
2018-02-15,2.89,0.0818
2018-02-16,2.85,0.0807
2018-02-17,2.88,0.0816
2018-02-18,2.85,0.0807
2018-02-19,2.84,0.0804
2018-02-20,2.75,0.0779
2018-02-21,2.65,0.075
2018-02-22,2.65,0.075
2018-02-23,2.64,0.0748
2018-02-24,2.62,0.0742
2018-02-25,2.56,0.0725
2018-02-26,2.55,0.0722
2018-02-27,2.61,0.0739
2018-02-28,2.66,0.0753
2018-03-01,2.65,0.075
2018-03-02,2.65,0.075
2018-03-03,2.65,0.075
2018-03-04,2.64,0.0748
2018-03-05,2.55,0.0722
2018-03-06,2.51,0.0711
2018-03-07,2.48,0.0702
2018-03-08,2.55,0.0722
2018-03-09,2.55,0.0722
2018-03-10,2.55,0.0722
2018-03-11,2.54,0.0719
2018-03-12,2.5,0.0708
2018-03-13,2.5,0.0708
2018-03-14,2.48,0.0702
2018-03-15,2.48,0.0702
2018-03-16,2.31,0.0654
2018-03-17,2.18,0.0617
2018-03-18,2.15,0.0609
2018-03-19,2.08,0.0589
2018-03-20,2.1,0.0595
2018-03-21,2.09,0.0592
2018-03-22,2.14,0.0606
2018-03-23,2.16,0.0612
2018-03-24,2.11,0.0597
2018-03-25,2.12,0.06
2018-03-26,2.07,0.0586
2018-03-27,2.07,0.0586
2018-03-28,2.04,0.0578
2018-03-29,2.0,0.0566
2018-03-30,1.97,0.0558
2018-03-31,1.94,0.0549
2018-04-01,1.92,0.0544
2018-04-02,1.92,0.0544
2018-04-03,1.88,0.0532
2018-04-04,1.83,0.0518
2018-04-05,1.84,0.0521
2018-04-06,1.85,0.0524
2018-04-07,1.85,0.0524
2018-04-08,1.86,0.0527
2018-04-09,1.82,0.0515
2018-04-10,1.79,0.0507
2018-04-11,1.78,0.0504
2018-04-12,1.73,0.049
2018-04-13,1.58,0.0447
2018-04-14,1.51,0.0428
2018-04-15,1.54,0.0436
2018-04-16,1.56,0.0442
2018-04-17,1.56,0.0442
2018-04-18,1.51,0.0428
2018-04-19,1.46,0.0413
2018-04-20,1.4,0.0396
2018-04-21,1.4,0.0396
2018-04-22,1.43,0.0405
2018-04-23,1.46,0.0413
2018-04-24,1.41,0.0399
2018-04-25,1.34,0.0379
2018-04-26,1.35,0.0382
2018-04-27,1.32,0.0374
2018-04-28,1.31,0.0371
2018-04-29,1.28,0.0362
2018-04-30,1.22,0.0345
2018-05-01,1.18,0.0334
2018-05-02,1.14,0.0323
2018-05-03,1.07,0.0303
2018-05-04,1.06,0.03
2018-05-05,1.05,0.0297
2018-05-06,1.0,0.0283
2018-05-07,0.96,0.0272
2018-05-08,0.91,0.0258
2018-05-09,0.86,0.0244
2018-05-10,0.79,0.0224
2018-05-11,0.71,0.0201
2018-05-12,0.71,0.0201
2018-05-13,0.6,0.017
2018-05-14,0.55,0.0156
2018-05-15,0.53,0.015
2018-05-16,0.54,0.0153
2018-05-17,0.54,0.0153
2018-05-18,0.49,0.0139
2018-05-19,0.45,0.0127
2018-05-20,0.45,0.0127
2018-05-21,0.44,0.0125
2018-05-22,0.46,0.013
2018-05-23,0.53,0.015
2018-05-24,0.6,0.017
2018-05-25,2.12,0.06
2018-05-26,1.39,0.0394
2018-05-27,0.78,0.0221
2018-05-28,0.56,0.0159
2018-05-29,0.4,0.0113
2018-05-30,0.31,0.0088
2018-05-31,0.24,0.0068
2018-06-01,0.22,0.0062
2018-06-02,0.19,0.0054
2018-06-03,0.22,0.0062
2018-06-04,0.23,0.0065
2018-06-05,0.29,0.0082
2018-06-06,0.27,0.0076
2018-06-07,0.26,0.0074
2018-06-08,0.24,0.0068
2018-06-09,0.24,0.0068
2018-06-10,0.21,0.0059
2018-06-11,0.17,0.0048
2018-06-12,0.12,0.0034
2018-06-13,0.09,0.0025
2018-06-14,0.08,0.0023
2018-06-15,0.07,0.002
2018-06-16,0.05,0.0014
2018-06-17,0.0,0.0
2018-06-18,0.0,0.0
2018-06-19,0.0,0.0
2018-06-20,0.0,0.0
2018-06-21,0.0,0.0
2018-06-22,0.0,0.0
2018-06-23,0.0,0.0
2018-06-24,0.0,0.0
2018-06-25,0.0,0.0
2018-06-26,0.0,0.0
2018-06-27,0.0,0.0
2018-06-28,0.0,0.0
2018-06-29,0.0,0.0
2018-06-30,0.0,0.0
2018-07-01,0.0,0.0
2018-07-02,0.87,0.0246
2018-07-03,0.14,0.004
2018-07-04,4.19,0.1186
2018-07-05,1.17,0.0331
2018-07-06,0.36,0.0102
2018-07-07,0.23,0.0065
2018-07-08,0.19,0.0054
2018-07-09,0.28,0.0079
2018-07-10,0.18,0.0051
2018-07-11,0.13,0.0037
2018-07-12,0.09,0.0025
2018-07-13,0.03,0.0008
2018-07-14,0.0,0.0
2018-07-15,0.0,0.0
2018-07-16,0.0,0.0
2018-07-17,0.0,0.0
2018-07-18,0.05,0.0014
2018-07-19,0.1,0.0028
2018-07-20,0.03,0.0008
2018-07-21,0.0,0.0
2018-07-22,0.0,0.0
2018-07-23,0.0,0.0
2018-07-24,0.0,0.0
2018-07-25,0.0,0.0
2018-07-26,0.0,0.0
2018-07-27,0.0,0.0
2018-07-28,0.0,0.0
2018-07-29,0.0,0.0
2018-07-30,0.0,0.0
2018-07-31,0.0,0.0
2018-08-01,0.0,0.0
2018-08-02,0.0,0.0
2018-08-03,0.0,0.0
2018-08-04,0.0,0.0
2018-08-05,0.0,0.0
2018-08-06,0.0,0.0
2018-08-07,0.0,0.0
2018-08-08,0.0,0.0
2018-08-09,0.0,0.0
2018-08-10,17.6,0.4984
2018-08-11,0.13,0.0037
2018-08-12,0.07,0.002
2018-08-13,0.03,0.0008
2018-08-14,0.01,0.0003
2018-08-15,0.0,0.0
2018-08-16,0.0,0.0
2018-08-17,0.0,0.0
2018-08-18,0.0,0.0
2018-08-19,0.0,0.0
2018-08-20,0.0,0.0
2018-08-21,0.0,0.0
2018-08-22,0.0,0.0
2018-08-23,0.0,0.0
2018-08-24,0.0,0.0
2018-08-25,0.0,0.0
2018-08-26,0.0,0.0
2018-08-27,0.0,0.0
2018-08-28,0.0,0.0
2018-08-29,0.0,0.0
2018-08-30,0.22,0.0062
2018-08-31,0.1,0.0028
2018-09-01,0.04,0.0011
2018-09-02,0.01,0.0003
2018-09-03,0.0,0.0
2018-09-04,103.0,2.9166
2018-09-05,18.3,0.5182
2018-09-06,6.63,0.1877
2018-09-07,0.56,0.0159
2018-09-08,0.34,0.0096
2018-09-09,0.27,0.0076
2018-09-10,0.24,0.0068
2018-09-11,0.23,0.0065
2018-09-12,0.22,0.0062
2018-09-13,0.21,0.0059
2018-09-14,0.2,0.0057
2018-09-15,0.2,0.0057
2018-09-16,0.2,0.0057
2018-09-17,0.2,0.0057
2018-09-18,0.21,0.0059
2018-09-19,0.22,0.0062
2018-09-20,0.23,0.0065
2018-09-21,0.27,0.0076
2018-09-22,0.3,0.0085
2018-09-23,0.46,0.013
2018-09-24,0.83,0.0235
2018-09-25,0.56,0.0159
2018-09-26,0.46,0.013
2018-09-27,0.47,0.0133
2018-09-28,0.5,0.0142
2018-09-29,0.5,0.0142
2018-09-30,0.52,0.0147
2018-10-01,0.53,0.015
2018-10-02,0.54,0.0153
2018-10-03,0.58,0.0164
2018-10-04,1.29,0.0365
2018-10-05,1.64,0.0464
2018-10-06,3.41,0.0966
2018-10-07,138.0,3.9077
2018-10-08,10.3,0.2917
2018-10-09,4.57,0.1294
2018-10-10,2.95,0.0835
2018-10-11,2.38,0.0674
2018-10-12,3.13,0.0886
2018-10-13,6.39,0.1809
2018-10-14,2.89,0.0818
2018-10-15,2.08,0.0589
2018-10-16,1.84,0.0521
2018-10-17,1.9,0.0538
2018-10-18,2.98,0.0844
2018-10-19,2.56,0.0725
2018-10-20,2.21,0.0626
2018-10-21,2.09,0.0592
2018-10-22,1.93,0.0547
2018-10-23,3.3,0.0934
2018-10-24,53.8,1.5234
2018-10-25,9.7,0.2747
2018-10-26,4.74,0.1342
2018-10-27,3.18,0.09
2018-10-28,2.64,0.0748
2018-10-29,2.4,0.068
2018-10-30,2.23,0.0631
2018-10-31,2.33,0.066
2018-11-01,3.21,0.0909
2018-11-02,2.81,0.0796
2018-11-03,2.48,0.0702
2018-11-04,2.21,0.0626
2018-11-05,2.08,0.0589
2018-11-06,2.02,0.0572
2018-11-07,1.95,0.0552
2018-11-08,1.94,0.0549
2018-11-09,1.94,0.0549
2018-11-10,1.95,0.0552
2018-11-11,1.97,0.0558
2018-11-12,1.89,0.0535
2018-11-13,1.88,0.0532
2018-11-14,1.91,0.0541
2018-11-15,1.94,0.0549
2018-11-16,1.95,0.0552
2018-11-17,1.98,0.0561
2018-11-18,1.96,0.0555
2018-11-19,1.96,0.0555
2018-11-20,1.96,0.0555
2018-11-21,2.0,0.0566
2018-11-22,2.03,0.0575
2018-11-23,2.04,0.0578
2018-11-24,2.02,0.0572
2018-11-25,1.95,0.0552
2018-11-26,1.92,0.0544
2018-11-27,1.95,0.0552
2018-11-28,1.97,0.0558
2018-11-29,1.98,0.0561
2018-11-30,1.96,0.0555
2018-12-01,1.98,0.0561
2018-12-02,1.99,0.0564
2018-12-03,1.99,0.0564
2018-12-04,1.95,0.0552
2018-12-05,1.99,0.0564
2018-12-06,2.0,0.0566
2018-12-07,2.05,0.058
2018-12-08,2.33,0.066
2018-12-09,2.26,0.064
2018-12-10,2.25,0.0637
2018-12-11,2.26,0.064
2018-12-12,2.18,0.0617
2018-12-13,2.17,0.0614
2018-12-14,2.12,0.06
2018-12-15,2.11,0.0597
2018-12-16,2.09,0.0592
2018-12-17,2.12,0.06
2018-12-18,2.17,0.0614
2018-12-19,2.13,0.0603
2018-12-20,2.13,0.0603
2018-12-21,2.1,0.0595
2018-12-22,2.06,0.0583
2018-12-23,2.06,0.0583
2018-12-24,2.08,0.0589
2018-12-25,2.1,0.0595
2018-12-26,2.15,0.0609
2018-12-27,2.13,0.0603
2018-12-28,2.1,0.0595
2018-12-29,2.08,0.0589
2018-12-30,2.1,0.0595
2018-12-31,2.1,0.0595
2019-01-01,2.1,0.0595
2019-01-02,2.13,0.0603
2019-01-03,2.17,0.0614
2019-01-04,2.13,0.0603
2019-01-05,2.15,0.0609
2019-01-06,2.2,0.0623
2019-01-07,2.18,0.0617
2019-01-08,2.13,0.0603
2019-01-09,2.12,0.06
2019-01-10,2.17,0.0614
2019-01-11,2.2,0.0623
2019-01-12,2.18,0.0617
2019-01-13,2.22,0.0629
2019-01-14,2.18,0.0617
2019-01-15,2.23,0.0631
2019-01-16,2.24,0.0634
2019-01-17,2.25,0.0637
2019-01-18,2.23,0.0631
2019-01-19,2.16,0.0612
2019-01-20,2.17,0.0614
2019-01-21,2.2,0.0623
2019-01-22,2.18,0.0617
2019-01-23,2.18,0.0617
2019-01-24,2.18,0.0617
2019-01-25,2.18,0.0617
2019-01-26,2.19,0.062
2019-01-27,2.2,0.0623
2019-01-28,2.21,0.0626
2019-01-29,2.2,0.0623
2019-01-30,2.26,0.064
2019-01-31,2.23,0.0631
2019-02-01,2.03,0.0575
2019-02-02,2.03,0.0575
2019-02-03,2.04,0.0578
2019-02-04,2.02,0.0572
2019-02-05,2.0,0.0566
2019-02-06,1.97,0.0558
2019-02-07,1.88,0.0532
2019-02-08,1.77,0.0501
2019-02-09,1.77,0.0501
2019-02-10,1.82,0.0515
2019-02-11,1.92,0.0544
2019-02-12,1.86,0.0527
2019-02-13,1.93,0.0547
2019-02-14,1.95,0.0552
2019-02-15,1.88,0.0532
2019-02-16,1.86,0.0527
2019-02-17,1.76,0.0498
2019-02-18,1.73,0.049
2019-02-19,1.77,0.0501
2019-02-20,1.83,0.0518
2019-02-21,1.85,0.0524
2019-02-22,1.89,0.0535
2019-02-23,1.77,0.0501
2019-02-24,1.72,0.0487
2019-02-25,1.75,0.0496
2019-02-26,1.74,0.0493
2019-02-27,1.78,0.0504
2019-02-28,1.83,0.0518
2019-03-01,1.82,0.0515
2019-03-02,1.86,0.0527
2019-03-03,1.8,0.051
2019-03-04,1.79,0.0507
2019-03-05,1.79,0.0507
2019-03-06,1.82,0.0515
2019-03-07,1.91,0.0541
2019-03-08,1.92,0.0544
2019-03-09,2.0,0.0566
2019-03-10,1.98,0.0561
2019-03-11,1.94,0.0549
2019-03-12,26.0,0.7362
2019-03-13,17.7,0.5012
2019-03-14,2.38,0.0674
2019-03-15,1.76,0.0498
2019-03-16,1.49,0.0422
2019-03-17,1.34,0.0379
2019-03-18,1.29,0.0365
2019-03-19,1.29,0.0365
2019-03-20,1.29,0.0365
2019-03-21,1.36,0.0385
2019-03-22,1.4,0.0396
2019-03-23,1.33,0.0377
2019-03-24,1.28,0.0362
2019-03-25,1.22,0.0345
2019-03-26,1.21,0.0343
2019-03-27,1.21,0.0343
2019-03-28,1.21,0.0343
2019-03-29,1.21,0.0343
2019-03-30,1.13,0.032
2019-03-31,1.07,0.0303
2019-04-01,1.07,0.0303
2019-04-02,1.1,0.0311
2019-04-03,1.11,0.0314
2019-04-04,1.08,0.0306
2019-04-05,1.11,0.0314
2019-04-06,1.11,0.0314
2019-04-07,1.08,0.0306
2019-04-08,1.07,0.0303
2019-04-09,1.06,0.03
2019-04-10,0.98,0.0278
2019-04-11,0.85,0.0241
2019-04-12,0.87,0.0246
2019-04-13,0.92,0.0261
2019-04-14,0.97,0.0275
2019-04-15,1.03,0.0292
2019-04-16,1.05,0.0297
2019-04-17,1.02,0.0289
2019-04-18,0.95,0.0269
2019-04-19,0.96,0.0272
2019-04-20,0.95,0.0269
2019-04-21,1.02,0.0289
2019-04-22,13.7,0.3879
2019-04-23,3.59,0.1017
2019-04-24,1.68,0.0476
2019-04-25,1.76,0.0498
2019-04-26,1.46,0.0413
2019-04-27,1.4,0.0396
2019-04-28,1.54,0.0436
2019-04-29,1.26,0.0357
2019-04-30,1.15,0.0326
2019-05-01,1.02,0.0289
2019-05-02,0.97,0.0275
2019-05-03,0.97,0.0275
2019-05-04,0.98,0.0278
2019-05-05,0.99,0.028
2019-05-06,0.95,0.0269
2019-05-07,0.93,0.0263
2019-05-08,0.92,0.0261
2019-05-09,0.9,0.0255
2019-05-10,0.85,0.0241
2019-05-11,0.96,0.0272
2019-05-12,1.08,0.0306
2019-05-13,1.31,0.0371
2019-05-14,1.4,0.0396
2019-05-15,1.44,0.0408
2019-05-16,1.34,0.0379
2019-05-17,1.2,0.034
2019-05-18,0.98,0.0278
2019-05-19,0.81,0.0229
2019-05-20,0.74,0.021
2019-05-21,0.69,0.0195
2019-05-22,0.65,0.0184
2019-05-23,0.51,0.0144
2019-05-24,0.26,0.0074
2019-05-25,0.23,0.0065
2019-05-26,0.21,0.0059
2019-05-27,0.19,0.0054
2019-05-28,0.12,0.0034
2019-05-29,0.05,0.0014
2019-05-30,0.0,0.0
2019-05-31,0.0,0.0
2019-06-01,20.8,0.589
2019-06-02,33.8,0.9571
2019-06-03,6.21,0.1758
2019-06-04,16.6,0.4701
2019-06-05,0.44,0.0125
2019-06-06,0.2,0.0057
2019-06-07,0.13,0.0037
2019-06-08,0.1,0.0028
2019-06-09,0.04,0.0011
2019-06-10,0.0,0.0
2019-06-11,0.0,0.0
2019-06-12,0.0,0.0
2019-06-13,0.0,0.0
2019-06-14,0.0,0.0
2019-06-15,0.0,0.0
2019-06-16,0.0,0.0
2019-06-17,0.0,0.0
2019-06-18,0.0,0.0
2019-06-19,0.0,0.0
2019-06-20,0.0,0.0
2019-06-21,0.0,0.0
2019-06-22,0.0,0.0
2019-06-23,0.0,0.0
2019-06-24,0.0,0.0
2019-06-25,0.0,0.0
2019-06-26,0.0,0.0
2019-06-27,0.0,0.0
2019-06-28,0.0,0.0
2019-06-29,0.0,0.0
2019-06-30,0.0,0.0
2019-07-01,0.0,0.0
2019-07-02,0.0,0.0
2019-07-03,0.0,0.0
2019-07-04,0.0,0.0
2019-07-05,0.0,0.0
2019-07-06,0.0,0.0
2019-07-07,0.0,0.0
2019-07-08,15.6,0.4417
2019-07-09,20.6,0.5833
2019-07-10,1.1,0.0311
2019-07-11,0.32,0.0091
2019-07-12,0.06,0.0017
2019-07-13,0.0,0.0
2019-07-14,0.0,0.0
2019-07-15,0.0,0.0
2019-07-16,0.0,0.0
2019-07-17,0.0,0.0
2019-07-18,0.0,0.0
2019-07-19,0.0,0.0
2019-07-20,0.0,0.0
2019-07-21,0.0,0.0
2019-07-22,0.0,0.0
2019-07-23,0.0,0.0
2019-07-24,0.0,0.0
2019-07-25,0.0,0.0
2019-07-26,0.0,0.0
2019-07-27,0.0,0.0
2019-07-28,0.0,0.0
2019-07-29,0.0,0.0
2019-07-30,0.0,0.0
2019-07-31,0.0,0.0
2019-08-01,0.0,0.0
2019-08-02,0.0,0.0
2019-08-03,0.0,0.0
2019-08-04,0.0,0.0
2019-08-05,0.0,0.0
2019-08-06,0.0,0.0
2019-08-07,0.0,0.0
2019-08-08,0.0,0.0
2019-08-09,0.0,0.0
2019-08-10,0.0,0.0
2019-08-11,0.0,0.0
2019-08-12,0.0,0.0
2019-08-13,0.0,0.0
2019-08-14,0.0,0.0
2019-08-15,0.0,0.0
2019-08-16,0.0,0.0
2019-08-17,0.0,0.0
2019-08-18,0.0,0.0
2019-08-19,0.0,0.0
2019-08-20,0.0,0.0
2019-08-21,0.0,0.0
2019-08-22,0.0,0.0
2019-08-23,0.0,0.0
2019-08-24,0.0,0.0
2019-08-25,0.0,0.0
2019-08-26,0.0,0.0
2019-08-27,0.0,0.0
2019-08-28,0.0,0.0
2019-08-29,0.0,0.0
2019-08-30,0.0,0.0
2019-08-31,0.0,0.0
2019-09-01,0.0,0.0
2019-09-02,0.0,0.0
2019-09-03,0.0,0.0
2019-09-04,0.0,0.0
2019-09-05,0.0,0.0
2019-09-06,0.0,0.0
2019-09-07,0.0,0.0
2019-09-08,0.0,0.0
2019-09-09,0.0,0.0
2019-09-10,0.0,0.0
2019-09-11,0.0,0.0
2019-09-12,0.0,0.0
2019-09-13,0.0,0.0
2019-09-14,0.0,0.0
2019-09-15,0.0,0.0
2019-09-16,0.0,0.0
2019-09-17,0.0,0.0
2019-09-18,0.0,0.0
2019-09-19,0.0,0.0
2019-09-20,0.0,0.0
2019-09-21,0.0,0.0
2019-09-22,0.0,0.0
2019-09-23,0.0,0.0
2019-09-24,2.01,0.0569
2019-09-25,0.0,0.0
2019-09-26,0.0,0.0
2019-09-27,0.0,0.0
2019-09-28,0.0,0.0
2019-09-29,0.0,0.0
2019-09-30,0.0,0.0
2019-10-01,0.64,0.0181
2019-10-02,0.0,0.0
2019-10-03,0.0,0.0
2019-10-04,0.14,0.004
2019-10-05,0.27,0.0076
2019-10-06,0.16,0.0045
2019-10-07,0.12,0.0034
2019-10-08,0.09,0.0025
2019-10-09,0.13,0.0037
2019-10-10,0.18,0.0051
2019-10-11,0.0,0.0
2019-10-12,0.0,0.0
2019-10-13,0.0,0.0
2019-10-14,0.0,0.0
2019-10-15,0.0,0.0
2019-10-16,0.0,0.0
2019-10-17,0.0,0.0
2019-10-18,0.0,0.0
2019-10-19,0.0,0.0
2019-10-20,0.0,0.0
2019-10-21,0.0,0.0
2019-10-22,0.0,0.0
2019-10-23,0.0,0.0
2019-10-24,0.0,0.0
2019-10-25,0.0,0.0
2019-10-26,0.0,0.0
2019-10-27,0.0,0.0
2019-10-28,0.0,0.0
2019-10-29,0.0,0.0
2019-10-30,0.0,0.0
2019-10-31,0.0,0.0
2019-11-01,0.0,0.0
2019-11-02,0.0,0.0
2019-11-03,0.0,0.0
2019-11-04,0.0,0.0
2019-11-05,0.0,0.0
2019-11-06,0.0,0.0
2019-11-07,3.37,0.0954
2019-11-08,0.84,0.0238
2019-11-09,1.0,0.0283
2019-11-10,0.93,0.0263
2019-11-11,0.83,0.0235
2019-11-12,0.78,0.0221
2019-11-13,0.78,0.0221
2019-11-14,0.79,0.0224
2019-11-15,0.81,0.0229
2019-11-16,0.83,0.0235
2019-11-17,0.87,0.0246
2019-11-18,0.88,0.0249
2019-11-19,0.94,0.0266
2019-11-20,1.14,0.0323
2019-11-21,1.22,0.0345
2019-11-22,1.19,0.0337
2019-11-23,1.19,0.0337
2019-11-24,1.23,0.0348
2019-11-25,1.23,0.0348
2019-11-26,1.19,0.0337
2019-11-27,1.11,0.0314
2019-11-28,1.42,0.0402
2019-11-29,1.35,0.0382
2019-11-30,1.31,0.0371
2019-12-01,1.32,0.0374
2019-12-02,1.27,0.036
2019-12-03,1.24,0.0351
2019-12-04,1.23,0.0348
2019-12-05,1.23,0.0348
2019-12-06,1.23,0.0348
2019-12-07,1.26,0.0357
2019-12-08,1.28,0.0362
2019-12-09,1.27,0.036
2019-12-10,1.32,0.0374
2019-12-11,1.35,0.0382
2019-12-12,1.38,0.0391
2019-12-13,1.39,0.0394
2019-12-14,1.35,0.0382
2019-12-15,1.31,0.0371
2019-12-16,1.18,0.0334
2019-12-17,1.06,0.03
2019-12-18,1.11,0.0314
2019-12-19,1.17,0.0331
2019-12-20,1.19,0.0337
2019-12-21,1.22,0.0345
2019-12-22,1.3,0.0368
2019-12-23,1.36,0.0385
2019-12-24,1.4,0.0396
2019-12-25,1.38,0.0391
2019-12-26,1.37,0.0388
2019-12-27,1.42,0.0402
2019-12-28,1.42,0.0402
2019-12-29,1.39,0.0394
2019-12-30,1.32,0.0374
2019-12-31,1.35,0.0382
2020-01-01,1.38,0.0391
2020-01-02,1.39,0.0394
2020-01-03,1.4,0.0396
2020-01-04,1.4,0.0396
2020-01-05,1.39,0.0394
2020-01-06,1.35,0.0382
2020-01-07,1.29,0.0365
2020-01-08,1.2,0.034
2020-01-09,1.1,0.0311
2020-01-10,1.06,0.03
2020-01-11,1.03,0.0292
2020-01-12,1.07,0.0303
2020-01-13,1.07,0.0303
2020-01-14,1.04,0.0294
2020-01-15,1.04,0.0294
2020-01-16,1.01,0.0286
2020-01-17,1.06,0.03
2020-01-18,1.07,0.0303
2020-01-19,1.02,0.0289
2020-01-20,1.03,0.0292
2020-01-21,1.07,0.0303
2020-01-22,1.12,0.0317
2020-01-23,1.08,0.0306
2020-01-24,1.13,0.032
2020-01-25,1.14,0.0323
2020-01-26,1.13,0.032
2020-01-27,1.09,0.0309
2020-01-28,1.07,0.0303
2020-01-29,1.07,0.0303
2020-01-30,1.07,0.0303
2020-01-31,1.1,0.0311
2020-02-01,1.08,0.0306
2020-02-02,1.09,0.0309
2020-02-03,1.11,0.0314
2020-02-04,1.1,0.0311
2020-02-05,1.23,0.0348
2020-02-06,1.32,0.0374
2020-02-07,1.37,0.0388
2020-02-08,1.3,0.0368
2020-02-09,1.29,0.0365
2020-02-10,1.23,0.0348
2020-02-11,1.23,0.0348
2020-02-12,1.31,0.0371
2020-02-13,1.29,0.0365
2020-02-14,1.29,0.0365
2020-02-15,1.29,0.0365
2020-02-16,1.21,0.0343
2020-02-17,1.2,0.034
2020-02-18,1.14,0.0323
2020-02-19,1.14,0.0323
2020-02-20,1.16,0.0328
2020-02-21,1.14,0.0323
2020-02-22,1.19,0.0337
2020-02-23,1.21,0.0343
2020-02-24,1.17,0.0331
2020-02-25,1.14,0.0323
2020-02-26,1.07,0.0303
2020-02-27,1.07,0.0303
2020-02-28,1.07,0.0303
2020-02-29,1.08,0.0306
2020-03-01,1.12,0.0317
2020-03-02,1.14,0.0323
2020-03-03,1.33,0.0377
2020-03-04,3.33,0.0943
2020-03-05,3.15,0.0892
2020-03-06,3.09,0.0875
2020-03-07,2.57,0.0728
2020-03-08,2.0,0.0566
2020-03-09,1.84,0.0521
2020-03-10,1.65,0.0467
2020-03-11,1.63,0.0462
2020-03-12,1.59,0.045
2020-03-13,1.61,0.0456
2020-03-14,1.56,0.0442
2020-03-15,1.59,0.045
2020-03-16,1.62,0.0459
2020-03-17,1.58,0.0447
2020-03-18,1.52,0.043
2020-03-19,1.42,0.0402
2020-03-20,1.32,0.0374
2020-03-21,1.26,0.0357
2020-03-22,1.27,0.036
2020-03-23,1.23,0.0348
2020-03-24,1.17,0.0331
2020-03-25,1.14,0.0323
2020-03-26,1.08,0.0306
2020-03-27,1.02,0.0289
2020-03-28,0.95,0.0269
2020-03-29,0.91,0.0258
2020-03-30,0.91,0.0258
2020-03-31,0.86,0.0244
2020-04-01,0.85,0.0241
2020-04-02,0.84,0.0238
2020-04-03,0.81,0.0229
2020-04-04,0.79,0.0224
2020-04-05,0.8,0.0227
2020-04-06,0.78,0.0221
2020-04-07,0.76,0.0215
2020-04-08,0.72,0.0204
2020-04-09,0.71,0.0201
2020-04-10,0.7,0.0198
2020-04-11,0.71,0.0201
2020-04-12,0.64,0.0181
2020-04-13,0.6,0.017
2020-04-14,0.6,0.017
2020-04-15,0.59,0.0167
2020-04-16,0.59,0.0167
2020-04-17,0.58,0.0164
2020-04-18,0.61,0.0173
2020-04-19,0.6,0.017
2020-04-20,0.59,0.0167
2020-04-21,0.59,0.0167
2020-04-22,0.58,0.0164
2020-04-23,0.56,0.0159
2020-04-24,0.54,0.0153
2020-04-25,0.53,0.015
2020-04-26,0.53,0.015
2020-04-27,0.53,0.015
2020-04-28,0.51,0.0144
2020-04-29,0.4,0.0113
2020-04-30,0.31,0.0088
2020-05-01,0.23,0.0065
2020-05-02,0.16,0.0045
2020-05-03,0.1,0.0028
2020-05-04,0.02,0.0006
2020-05-05,0.0,0.0
2020-05-06,0.0,0.0
2020-05-07,0.0,0.0
2020-05-08,0.0,0.0
2020-05-09,0.0,0.0
2020-05-10,0.0,0.0
2020-05-11,0.0,0.0
2020-05-12,0.0,0.0
2020-05-13,0.0,0.0
2020-05-14,0.0,0.0
2020-05-15,0.0,0.0
2020-05-16,0.0,0.0
2020-05-17,0.0,0.0
2020-05-18,0.0,0.0
2020-05-19,0.0,0.0
2020-05-20,0.0,0.0
2020-05-21,0.0,0.0
2020-05-22,0.0,0.0
2020-05-23,0.0,0.0
2020-05-24,0.0,0.0
2020-05-25,0.0,0.0
2020-05-26,0.0,0.0
2020-05-27,0.0,0.0
2020-05-28,0.0,0.0
2020-05-29,0.0,0.0
2020-05-30,0.0,0.0
2020-05-31,0.0,0.0
2020-06-01,0.0,0.0
2020-06-02,0.0,0.0
2020-06-03,0.0,0.0
2020-06-04,0.0,0.0
2020-06-05,0.0,0.0
2020-06-06,0.0,0.0
2020-06-07,0.0,0.0
2020-06-08,0.0,0.0
2020-06-09,0.0,0.0
2020-06-10,0.0,0.0
2020-06-11,0.0,0.0
2020-06-12,0.0,0.0
2020-06-13,0.0,0.0
2020-06-14,0.0,0.0
2020-06-15,0.0,0.0
2020-06-16,0.0,0.0
2020-06-17,0.0,0.0
2020-06-18,0.0,0.0
2020-06-19,0.0,0.0
2020-06-20,0.0,0.0
2020-06-21,0.0,0.0
2020-06-22,0.0,0.0
2020-06-23,0.0,0.0
2020-06-24,0.0,0.0
2020-06-25,0.0,0.0
2020-06-26,0.0,0.0
2020-06-27,0.0,0.0
2020-06-28,0.0,0.0
2020-06-29,0.0,0.0
2020-06-30,0.0,0.0
2020-07-01,0.0,0.0
2020-07-02,0.0,0.0
2020-07-03,0.0,0.0
2020-07-04,0.0,0.0
2020-07-05,0.0,0.0
2020-07-06,0.0,0.0
2020-07-07,0.0,0.0
2020-07-08,0.0,0.0
2020-07-09,0.0,0.0
2020-07-10,0.0,0.0
2020-07-11,0.0,0.0
2020-07-12,0.0,0.0
2020-07-13,0.0,0.0
2020-07-14,0.0,0.0
2020-07-15,0.0,0.0
2020-07-16,0.0,0.0
2020-07-17,0.0,0.0
2020-07-18,0.0,0.0
2020-07-19,0.0,0.0
2020-07-20,0.0,0.0
2020-07-21,0.0,0.0
2020-07-22,0.0,0.0
2020-07-23,0.0,0.0
2020-07-24,0.0,0.0
2020-07-25,0.0,0.0
2020-07-26,0.0,0.0
2020-07-27,0.0,0.0
2020-07-28,0.0,0.0
2020-07-29,0.0,0.0
2020-07-30,0.0,0.0
2020-07-31,0.0,0.0
2020-08-01,0.0,0.0
2020-08-02,0.0,0.0
2020-08-03,0.0,0.0
2020-08-04,0.0,0.0
2020-08-05,0.0,0.0
2020-08-06,0.0,0.0
2020-08-07,0.0,0.0
2020-08-08,0.0,0.0
2020-08-09,0.0,0.0
2020-08-10,0.0,0.0
2020-08-11,0.0,0.0
2020-08-12,0.0,0.0
2020-08-13,0.0,0.0
2020-08-14,0.0,0.0
2020-08-15,0.0,0.0
2020-08-16,0.0,0.0
2020-08-17,0.0,0.0
2020-08-18,0.0,0.0
2020-08-19,0.0,0.0
2020-08-20,0.0,0.0
2020-08-21,0.0,0.0
2020-08-22,0.0,0.0
2020-08-23,0.0,0.0
2020-08-24,0.0,0.0
2020-08-25,0.0,0.0
2020-08-26,0.0,0.0
2020-08-27,0.0,0.0
2020-08-28,0.0,0.0
2020-08-29,0.0,0.0
2020-08-30,0.0,0.0
2020-08-31,0.0,0.0
2020-09-01,0.0,0.0
2020-09-02,0.0,0.0
2020-09-03,0.0,0.0
2020-09-04,0.0,0.0
2020-09-05,0.0,0.0
2020-09-06,0.0,0.0
2020-09-07,0.0,0.0
2020-09-08,0.0,0.0
2020-09-09,0.0,0.0
2020-09-10,0.0,0.0
2020-09-11,0.0,0.0
2020-09-12,0.0,0.0
2020-09-13,0.0,0.0
2020-09-14,0.0,0.0
2020-09-15,0.0,0.0
2020-09-16,0.0,0.0
2020-09-17,0.0,0.0
2020-09-18,0.0,0.0
2020-09-19,0.0,0.0
2020-09-20,0.0,0.0
2020-09-21,0.0,0.0
2020-09-22,0.0,0.0
2020-09-23,0.0,0.0
2020-09-24,0.0,0.0
2020-09-25,0.0,0.0
2020-09-26,0.0,0.0
2020-09-27,0.0,0.0
2020-09-28,0.0,0.0
2020-09-29,0.0,0.0
2020-09-30,0.0,0.0
2020-10-01,0.0,0.0
2020-10-02,0.0,0.0
2020-10-03,0.0,0.0
2020-10-04,0.0,0.0
2020-10-05,0.0,0.0
2020-10-06,0.0,0.0
2020-10-07,0.0,0.0
2020-10-08,0.0,0.0
2020-10-09,0.0,0.0
2020-10-10,0.0,0.0
2020-10-11,0.0,0.0
2020-10-12,0.0,0.0
2020-10-13,0.0,0.0
2020-10-14,0.0,0.0
2020-10-15,0.0,0.0
2020-10-16,0.0,0.0
2020-10-17,0.0,0.0
2020-10-18,0.0,0.0
2020-10-19,0.0,0.0
2020-10-20,0.0,0.0
2020-10-21,0.0,0.0
2020-10-22,0.0,0.0
2020-10-23,0.0,0.0
2020-10-24,0.0,0.0
2020-10-25,0.0,0.0
2020-10-26,0.0,0.0
2020-10-27,0.0,0.0
2020-10-28,0.0,0.0
2020-10-29,0.0,0.0
2020-10-30,0.0,0.0
2020-10-31,0.0,0.0
2020-11-01,0.0,0.0
2020-11-02,0.0,0.0
2020-11-03,0.0,0.0
2020-11-04,0.0,0.0
2020-11-05,0.0,0.0
2020-11-06,0.0,0.0
2020-11-07,0.0,0.0
2020-11-08,0.0,0.0
2020-11-09,0.0,0.0
2020-11-10,0.0,0.0
2020-11-11,0.0,0.0
2020-11-12,0.0,0.0
2020-11-13,0.0,0.0
2020-11-14,0.0,0.0
2020-11-15,0.0,0.0
2020-11-16,0.0,0.0
2020-11-17,0.0,0.0
2020-11-18,0.0,0.0
2020-11-19,0.0,0.0
2020-11-20,0.0,0.0
2020-11-21,0.0,0.0
2020-11-22,0.0,0.0
2020-11-23,0.0,0.0
2020-11-24,0.0,0.0
2020-11-25,0.0,0.0
2020-11-26,0.0,0.0
2020-11-27,0.0,0.0
2020-11-28,0.0,0.0
2020-11-29,0.0,0.0
2020-11-30,0.0,0.0
2020-12-01,0.0,0.0
2020-12-02,0.0,0.0
2020-12-03,0.0,0.0
2020-12-04,0.0,0.0
2020-12-05,0.0,0.0
2020-12-06,0.0,0.0
2020-12-07,0.0,0.0
2020-12-08,0.0,0.0
2020-12-09,0.0,0.0
2020-12-10,0.0,0.0
2020-12-11,0.0,0.0
2020-12-12,0.0,0.0
2020-12-13,0.0,0.0
2020-12-14,0.0,0.0
2020-12-15,0.0,0.0
2020-12-16,0.0,0.0
2020-12-17,0.0,0.0
2020-12-18,0.0,0.0
2020-12-19,0.0,0.0
2020-12-20,0.0,0.0
2020-12-21,0.0,0.0
2020-12-22,0.0,0.0
2020-12-23,0.0,0.0
2020-12-24,0.0,0.0
2020-12-25,0.0,0.0
2020-12-26,0.0,0.0
2020-12-27,0.0,0.0
2020-12-28,0.0,0.0
2020-12-29,0.0,0.0
2020-12-30,0.0,0.0
2020-12-31,0.0,0.0
2021-01-01,0.0,0.0
2021-01-02,0.0,0.0
2021-01-03,0.0,0.0
2021-01-04,0.0,0.0
2021-01-05,0.0,0.0
2021-01-06,0.0,0.0
2021-01-07,0.0,0.0
2021-01-08,0.0,0.0
2021-01-09,0.0,0.0
2021-01-10,0.0,0.0
2021-01-11,0.0,0.0
2021-01-12,0.0,0.0
2021-01-13,0.0,0.0
2021-01-14,0.0,0.0
2021-01-15,0.0,0.0
2021-01-16,0.0,0.0
2021-01-17,0.0,0.0
2021-01-18,0.0,0.0
2021-01-19,0.0,0.0
2021-01-20,0.0,0.0
2021-01-21,0.0,0.0
2021-01-22,0.0,0.0
2021-01-23,0.0,0.0
2021-01-24,0.0,0.0
2021-01-25,0.0,0.0
2021-01-26,0.0,0.0
2021-01-27,0.0,0.0
2021-01-28,0.0,0.0
2021-01-29,0.0,0.0
2021-01-30,0.0,0.0
2021-01-31,0.0,0.0
2021-02-01,0.0,0.0
2021-02-02,0.0,0.0
2021-02-03,0.0,0.0
2021-02-04,0.0,0.0
2021-02-05,0.0,0.0
2021-02-06,0.0,0.0
2021-02-07,0.0,0.0
2021-02-08,0.0,0.0
2021-02-09,0.0,0.0
2021-02-10,0.0,0.0
2021-02-11,0.0,0.0
2021-02-12,0.0,0.0
2021-02-13,0.0,0.0
2021-02-14,0.0,0.0
2021-02-15,0.0,0.0
2021-02-16,0.0,0.0
2021-02-17,0.0,0.0
2021-02-18,0.0,0.0
2021-02-19,0.0,0.0
2021-02-20,0.09,0.0025
2021-02-21,0.21,0.0059
2021-02-22,0.38,0.0108
2021-02-23,0.04,0.0011
2021-02-24,0.03,0.0008
2021-02-25,3.15,0.0892
2021-02-26,1.1,0.0311
2021-02-27,0.55,0.0156
2021-02-28,0.51,0.0144
2021-03-01,0.5,0.0142
2021-03-02,0.61,0.0173
2021-03-03,0.35,0.0099
2021-03-04,0.25,0.0071
2021-03-05,0.52,0.0147
2021-03-06,0.5,0.0142
2021-03-07,0.5,0.0142
2021-03-08,0.51,0.0144
2021-03-09,0.51,0.0144
2021-03-10,0.51,0.0144
2021-03-11,0.5,0.0142
2021-03-12,0.5,0.0142
2021-03-13,0.48,0.0136
2021-03-14,0.43,0.0122
2021-03-15,0.45,0.0127
2021-03-16,0.41,0.0116
2021-03-17,0.39,0.011
2021-03-18,0.38,0.0108
2021-03-19,0.36,0.0102
2021-03-20,0.37,0.0105
2021-03-21,0.39,0.011
2021-03-22,0.4,0.0113
2021-03-23,0.39,0.011
2021-03-24,0.42,0.0119
2021-03-25,0.42,0.0119
2021-03-26,0.42,0.0119
2021-03-27,0.38,0.0108
2021-03-28,0.35,0.0099
2021-03-29,0.35,0.0099
2021-03-30,0.35,0.0099
2021-03-31,0.33,0.0093
2021-04-01,0.3,0.0085
2021-04-02,0.3,0.0085
2021-04-03,0.32,0.0091
2021-04-04,0.33,0.0093
2021-04-05,0.35,0.0099
2021-04-06,0.36,0.0102
2021-04-07,0.3,0.0085
2021-04-08,0.28,0.0079
2021-04-09,0.25,0.0071
2021-04-10,0.22,0.0062
2021-04-11,0.21,0.0059
2021-04-12,0.07,0.002
2021-04-13,0.01,0.0003
2021-04-14,0.01,0.0003
2021-04-15,0.07,0.002
2021-04-16,0.2,0.0057
2021-04-17,0.2,0.0057
2021-04-18,0.24,0.0068
2021-04-19,0.3,0.0085
2021-04-20,0.33,0.0093
2021-04-21,0.34,0.0096
2021-04-22,0.34,0.0096
2021-04-23,0.35,0.0099
2021-04-24,0.32,0.0091
2021-04-25,0.28,0.0079
2021-04-26,0.22,0.0062
2021-04-27,0.16,0.0045
2021-04-28,0.06,0.0017
2021-04-29,0.0,0.0
2021-04-30,0.04,0.0011
2021-05-01,0.07,0.002
2021-05-02,0.08,0.0023
2021-05-03,0.0,0.0
2021-05-04,0.0,0.0
2021-05-05,0.0,0.0
2021-05-06,0.0,0.0
2021-05-07,0.0,0.0
2021-05-08,0.0,0.0
2021-05-09,0.0,0.0
2021-05-10,0.0,0.0
2021-05-11,0.0,0.0
2021-05-12,0.0,0.0
2021-05-13,0.0,0.0
2021-05-14,0.0,0.0
2021-05-15,0.0,0.0
2021-05-16,0.0,0.0
2021-05-17,0.0,0.0
2021-05-18,0.0,0.0
2021-05-19,0.0,0.0
2021-05-20,0.0,0.0
2021-05-21,0.0,0.0
2021-05-22,0.0,0.0
2021-05-23,0.0,0.0
2021-05-24,0.0,0.0
2021-05-25,0.0,0.0
2021-05-26,0.0,0.0
2021-05-27,0.0,0.0
2021-05-28,37.0,1.0477
2021-05-29,499.0,14.1301
2021-05-30,0.25,0.0071
2021-05-31,0.06,0.0017
2021-06-01,0.0,0.0
2021-06-02,0.0,0.0
2021-06-03,0.0,0.0
2021-06-04,0.0,0.0
2021-06-05,0.0,0.0
2021-06-06,0.0,0.0
2021-06-07,0.0,0.0
2021-06-08,0.0,0.0
2021-06-09,0.0,0.0
2021-06-10,0.0,0.0
2021-06-11,0.0,0.0
2021-06-12,0.0,0.0
2021-06-13,0.0,0.0
2021-06-14,0.0,0.0
2021-06-15,0.0,0.0
2021-06-16,0.0,0.0
2021-06-17,0.0,0.0
2021-06-18,0.0,0.0
2021-06-19,0.0,0.0
2021-06-20,0.0,0.0
2021-06-21,0.0,0.0
2021-06-22,0.0,0.0
2021-06-23,0.0,0.0
2021-06-24,0.0,0.0
2021-06-25,0.0,0.0
2021-06-26,0.0,0.0
2021-06-27,0.0,0.0
2021-06-28,1340.0,37.9445
2021-06-29,53.8,1.5234
2021-06-30,45.8,1.2969
2021-07-01,37.0,1.0477
2021-07-02,158.0,4.4741
2021-07-03,40.4,1.144
2021-07-04,0.17,0.0048
2021-07-05,0.17,0.0048
2021-07-06,0.17,0.0048
2021-07-07,0.17,0.0048
2021-07-08,2.13,0.0603
2021-07-09,1.79,0.0507
2021-07-10,1.02,0.0289
2021-07-11,0.73,0.0207
2021-07-12,0.6,0.017
2021-07-13,0.51,0.0144
2021-07-14,0.44,0.0125
2021-07-15,0.4,0.0113
2021-07-16,0.36,0.0102
2021-07-17,0.34,0.0096
2021-07-18,0.31,0.0088
2021-07-19,0.3,0.0085
2021-07-20,34.2,0.9684
2021-07-21,25.3,0.7164
2021-07-22,4.25,0.1203
2021-07-23,28.4,0.8042
2021-07-24,1.63,0.0462
2021-07-25,9.39,0.2659
2021-07-26,1.56,0.0442
2021-07-27,0.46,0.013
2021-07-28,2.12,0.06
2021-07-29,0.65,0.0184
2021-07-30,0.38,0.0108
2021-07-31,0.29,0.0082
2021-08-01,40.5,1.1468
2021-08-02,132.0,3.7378
2021-08-03,40.5,1.1468
2021-08-04,2.1,0.0595
2021-08-05,0.64,0.0181
2021-08-06,0.42,0.0119
2021-08-07,0.34,0.0096
2021-08-08,0.29,0.0082
2021-08-09,0.26,0.0074
2021-08-10,0.23,0.0065
2021-08-11,0.2,0.0057
2021-08-12,0.18,0.0051
2021-08-13,0.18,0.0051
2021-08-14,1600.0,45.3069
2021-08-15,745.0,21.096
2021-08-16,173.0,4.8988
2021-08-17,15.8,0.4474
2021-08-18,107.0,3.0299
2021-08-19,13.7,0.3879
2021-08-20,4.83,0.1368
2021-08-21,2.43,0.0688
2021-08-22,16.5,0.4672
2021-08-23,7.47,0.2115
2021-08-24,1.6,0.0453
2021-08-25,0.86,0.0244
2021-08-26,0.92,0.0261
2021-08-27,0.99,0.028
2021-08-28,1.06,0.03
2021-08-29,1.12,0.0317
2021-08-30,1.19,0.0337
2021-08-31,1.26,0.0357
2021-09-01,1.32,0.0374
2021-09-02,1.39,0.0394
2021-09-03,1.46,0.0413
2021-09-04,1.52,0.043
2021-09-05,1.59,0.045
2021-09-06,1.66,0.047
2021-09-07,1.72,0.0487
2021-09-08,1.79,0.0507
2021-09-09,1.86,0.0527
2021-09-10,1.92,0.0544
2021-09-11,1.99,0.0564
2021-09-12,2.06,0.0583
2021-09-13,2.12,0.06
2021-09-14,2.19,0.062
2021-09-15,2.26,0.064
2021-09-16,2.32,0.0657
2021-09-17,2.38,0.0674
2021-09-18,2.38,0.0674
2021-09-19,2.38,0.0674
2021-09-20,2.38,0.0674
2021-09-21,2.38,0.0674
2021-09-22,2.38,0.0674
2021-09-23,2.38,0.0674
2021-09-24,2.38,0.0674
2021-09-25,2.38,0.0674
2021-09-26,2.38,0.0674
2021-09-27,2.38,0.0674
2021-09-28,2.38,0.0674
2021-09-29,2.38,0.0674
2021-09-30,2.5,0.0708
2021-10-01,2.13,0.0603
2021-10-02,1.45,0.0411
2021-10-03,1.42,0.0402
2021-10-04,1.39,0.0394
2021-10-05,1.36,0.0385
2021-10-06,1.33,0.0377
2021-10-07,1.3,0.0368
2021-10-08,1.27,0.036
2021-10-09,1.24,0.0351
2021-10-10,1.21,0.0343
2021-10-11,1.18,0.0334
2021-10-12,1.15,0.0326
2021-10-13,1.12,0.0317
2021-10-14,1.09,0.0309
2021-10-15,1.06,0.03
2021-10-16,1.03,0.0292
2021-10-17,1.0,0.0283
2021-10-18,0.97,0.0275
2021-10-19,0.94,0.0266
2021-10-20,0.91,0.0258
2021-10-21,0.88,0.0249
2021-10-22,0.85,0.0241
2021-10-23,0.82,0.0232
2021-10-24,0.79,0.0224
2021-10-25,0.76,0.0215
2021-10-26,0.73,0.0207
2021-10-27,0.76,0.0215
2021-10-28,0.78,0.0221
2021-10-29,0.79,0.0224
2021-10-30,0.81,0.0229
2021-10-31,0.83,0.0235
2021-11-01,0.84,0.0238
2021-11-02,0.86,0.0244
2021-11-03,0.88,0.0249
2021-11-04,0.89,0.0252
2021-11-05,0.91,0.0258
2021-11-06,0.92,0.0261
2021-11-07,0.94,0.0266
2021-11-08,0.96,0.0272
2021-11-09,0.97,0.0275
2021-11-10,0.99,0.028
2021-11-11,1.01,0.0286
2021-11-12,1.02,0.0289
2021-11-13,1.04,0.0294
2021-11-14,1.05,0.0297
2021-11-15,1.07,0.0303
2021-11-16,1.09,0.0309
2021-11-17,1.1,0.0311
2021-11-18,1.12,0.0317
2021-11-19,1.14,0.0323
2021-11-20,1.15,0.0326
2021-11-21,1.17,0.0331
2021-11-22,1.18,0.0334
2021-11-23,1.2,0.034
2021-11-24,1.22,0.0345
2021-11-25,1.23,0.0348
2021-11-26,1.25,0.0354
2021-11-27,1.27,0.036
2021-11-28,1.28,0.0362
2021-11-29,1.3,0.0368
2021-11-30,1.31,0.0371
2021-12-01,1.33,0.0377
2021-12-02,1.35,0.0382
2021-12-03,1.36,0.0385
2021-12-04,1.38,0.0391
2021-12-05,1.4,0.0396
2021-12-06,1.41,0.0399
2021-12-07,1.4,0.0396
2021-12-08,1.39,0.0394
2021-12-09,1.38,0.0391
2021-12-10,1.38,0.0391
2021-12-11,1.37,0.0388
2021-12-12,1.36,0.0385
2021-12-13,1.35,0.0382
2021-12-14,1.34,0.0379
2021-12-15,1.34,0.0379
2021-12-16,1.33,0.0377
2021-12-17,1.32,0.0374
2021-12-18,1.31,0.0371
2021-12-19,1.3,0.0368
2021-12-20,1.29,0.0365
2021-12-21,1.29,0.0365
2021-12-22,1.28,0.0362
2021-12-23,1.27,0.036
2021-12-24,1.26,0.0357
2021-12-25,1.25,0.0354
2021-12-26,1.24,0.0351
2021-12-27,1.24,0.0351
2021-12-28,1.23,0.0348
2021-12-29,1.22,0.0345
2021-12-30,1.21,0.0343
2021-12-31,1.2,0.034
2022-01-01,1.2,0.034
2022-01-02,1.19,0.0337
2022-01-03,1.18,0.0334
2022-01-04,1.17,0.0331
2022-01-05,1.15,0.0326
2022-01-06,1.14,0.0323
2022-01-07,1.13,0.032
2022-01-08,1.12,0.0317
2022-01-09,1.11,0.0314
2022-01-10,1.09,0.0309
2022-01-11,1.08,0.0306
2022-01-12,1.07,0.0303
2022-01-13,1.06,0.03
2022-01-14,1.05,0.0297
2022-01-15,1.03,0.0292
2022-01-16,1.02,0.0289
2022-01-17,1.01,0.0286
2022-01-18,1.0,0.0283
2022-01-19,0.99,0.028
2022-01-20,0.97,0.0275
2022-01-21,0.96,0.0272
2022-01-22,0.95,0.0269
2022-01-23,0.94,0.0266
2022-01-24,0.93,0.0263
2022-01-25,0.91,0.0258
2022-01-26,0.9,0.0255
2022-01-27,0.89,0.0252
2022-01-28,0.88,0.0249
2022-01-29,0.87,0.0246
2022-01-30,0.86,0.0244
2022-01-31,0.84,0.0238
2022-02-01,0.83,0.0235
2022-02-02,0.82,0.0232
2022-02-03,0.81,0.0229
2022-02-04,0.8,0.0227
2022-02-05,0.78,0.0221
2022-02-06,0.77,0.0218
2022-02-07,0.76,0.0215
2022-02-08,0.76,0.0215
2022-02-09,0.76,0.0215
2022-02-10,0.75,0.0212
2022-02-11,0.75,0.0212
2022-02-12,0.75,0.0212
2022-02-13,0.74,0.021
2022-02-14,0.74,0.021
2022-02-15,0.74,0.021
2022-02-16,0.74,0.021
2022-02-17,0.73,0.0207
2022-02-18,0.73,0.0207
2022-02-19,0.73,0.0207
2022-02-20,0.72,0.0204
2022-02-21,0.72,0.0204
2022-02-22,0.72,0.0204
2022-02-23,0.71,0.0201
2022-02-24,0.71,0.0201
2022-02-25,0.71,0.0201
2022-02-26,0.71,0.0201
2022-02-27,0.7,0.0198
2022-02-28,0.7,0.0198
2022-03-01,0.7,0.0198
2022-03-02,0.69,0.0195
2022-03-03,0.69,0.0195
2022-03-04,0.69,0.0195
2022-03-05,0.69,0.0195
2022-03-06,0.68,0.0193
2022-03-07,0.68,0.0193
2022-03-08,0.68,0.0193
2022-03-09,0.67,0.019
2022-03-10,0.67,0.019
2022-03-11,0.67,0.019
2022-03-12,0.67,0.019
2022-03-13,0.66,0.0187
2022-03-14,0.66,0.0187
2022-03-15,0.66,0.0187
2022-03-16,0.65,0.0184
2022-03-17,0.65,0.0184
2022-03-18,0.65,0.0184
2022-03-19,0.65,0.0184
2022-03-20,0.64,0.0181
2022-03-21,0.64,0.0181
2022-03-22,0.64,0.0181
2022-03-23,0.63,0.0178
2022-03-24,0.63,0.0178
2022-03-25,0.63,0.0178
2022-03-26,0.63,0.0178
2022-03-27,0.62,0.0176
2022-03-28,0.62,0.0176
2022-03-29,0.62,0.0176
2022-03-30,0.61,0.0173
2022-03-31,0.61,0.0173
2022-04-01,0.61,0.0173
2022-04-02,0.61,0.0173
2022-04-03,0.6,0.017
2022-04-04,0.6,0.017
2022-04-05,0.6,0.017
2022-04-06,0.59,0.0167
2022-04-07,0.59,0.0167
2022-04-08,0.59,0.0167
2022-04-09,0.59,0.0167
2022-04-10,0.58,0.0164
2022-04-11,0.58,0.0164
2022-04-12,0.57,0.0161
2022-04-13,0.54,0.0153
2022-04-14,0.51,0.0144
2022-04-15,0.48,0.0136
2022-04-16,0.45,0.0127
2022-04-17,0.42,0.0119
2022-04-18,0.39,0.011
2022-04-19,0.36,0.0102
2022-04-20,0.32,0.0091
2022-04-21,0.29,0.0082
2022-04-22,0.26,0.0074
2022-04-23,0.23,0.0065
2022-04-24,0.2,0.0057
2022-04-25,0.17,0.0048
2022-04-26,0.14,0.004
2022-04-27,0.11,0.0031
2022-04-28,0.08,0.0023
2022-04-29,0.05,0.0014
2022-04-30,0.02,0.0006
2022-05-01,0.0,0.0
2022-05-02,0.0,0.0
2022-05-03,0.0,0.0
2022-05-04,0.0,0.0
2022-05-05,0.0,0.0
2022-05-06,0.0,0.0
2022-05-07,0.0,0.0
2022-05-08,0.0,0.0
2022-05-09,0.0,0.0
2022-05-10,0.0,0.0
2022-05-11,0.0,0.0
2022-05-12,0.0,0.0
2022-05-13,0.0,0.0
2022-05-14,0.0,0.0
2022-05-15,0.0,0.0
2022-05-16,0.0,0.0
2022-05-17,0.0,0.0
2022-05-18,0.0,0.0
2022-05-19,0.0,0.0
2022-05-20,0.0,0.0
2022-05-21,0.0,0.0
2022-05-22,0.0,0.0
2022-05-23,0.0,0.0
2022-05-24,0.0,0.0
2022-05-25,0.0,0.0
2022-05-26,0.0,0.0
2022-05-27,0.0,0.0
2022-05-28,0.0,0.0
2022-05-29,0.0,0.0
2022-05-30,0.0,0.0
2022-05-31,0.0,0.0
2022-06-01,0.0,0.0
2022-06-02,0.0,0.0
2022-06-03,0.0,0.0
2022-06-04,11.5,0.3256
2022-06-05,4.23,0.1198
2022-06-06,4.09,0.1158
2022-06-07,3.95,0.1119
2022-06-08,3.8,0.1076
2022-06-09,3.66,0.1036
2022-06-10,3.52,0.0997
2022-06-11,3.38,0.0957
2022-06-12,3.24,0.0917
2022-06-13,3.09,0.0875
2022-06-14,2.95,0.0835
2022-06-15,2.81,0.0796
2022-06-16,2.67,0.0756
2022-06-17,2.53,0.0716
2022-06-18,2.38,0.0674
2022-06-19,2.24,0.0634
2022-06-20,2.1,0.0595
2022-06-21,1.96,0.0555
2022-06-22,1.82,0.0515
2022-06-23,1.67,0.0473
2022-06-24,1.53,0.0433
2022-06-25,1.39,0.0394
2022-06-26,1.25,0.0354
2022-06-27,1.11,0.0314
2022-06-28,0.96,0.0272
2022-06-29,0.82,0.0232
2022-06-30,0.68,0.0193
2022-07-01,0.54,0.0153
2022-07-02,0.4,0.0113
2022-07-03,0.25,0.0071
2022-07-04,0.11,0.0031
2022-07-05,0.56,0.0159
2022-07-06,29.3,0.8297
2022-07-07,5.09,0.1441
2022-07-08,4.47,0.1266
2022-07-09,4.06,0.115
2022-07-10,3.96,0.1121
2022-07-11,3.85,0.109
2022-07-12,3.74,0.1059
2022-07-13,3.63,0.1028
2022-07-14,3.53,0.1
2022-07-15,3.42,0.0968
2022-07-16,3.31,0.0937
2022-07-17,3.2,0.0906
2022-07-18,3.09,0.0875
2022-07-19,2.99,0.0847
2022-07-20,2.88,0.0816
2022-07-21,2.77,0.0784
2022-07-22,2.66,0.0753
2022-07-23,2.55,0.0722
2022-07-24,2.45,0.0694
2022-07-25,2.34,0.0663
2022-07-26,2.23,0.0631
2022-07-27,2.12,0.06
2022-07-28,2.01,0.0569
2022-07-29,1.91,0.0541
2022-07-30,1.8,0.051
2022-07-31,1.69,0.0479
2022-08-01,1.58,0.0447
2022-08-02,1.47,0.0416
2022-08-03,1.37,0.0388
2022-08-04,1.26,0.0357
2022-08-05,1.15,0.0326
2022-08-06,1.04,0.0294
2022-08-07,0.93,0.0263
2022-08-08,0.83,0.0235
2022-08-09,0.72,0.0204
2022-08-10,0.61,0.0173
2022-08-11,0.5,0.0142
2022-08-12,0.39,0.011
2022-08-13,0.29,0.0082
2022-08-14,0.18,0.0051
2022-08-15,0.07,0.002
2022-08-16,0.32,0.0091
2022-08-17,2.17,0.0614
2022-08-18,139.0,3.936
2022-08-19,19.1,0.5409
2022-08-20,3.38,0.0957
2022-08-21,32.9,0.9316
2022-08-22,8.27,0.2342
2022-08-23,9.95,0.2818
2022-08-24,5.07,0.1436
2022-08-25,3.28,0.0929
2022-08-26,3.25,0.092
2022-08-27,3.25,0.092
2022-08-28,3.25,0.092
2022-08-29,3.25,0.092
2022-08-30,7.12,0.2016
2022-08-31,3.25,0.092
2022-09-01,3.29,0.0932
2022-09-02,63.3,1.7925
2022-09-03,14.4,0.4078
2022-09-04,3.25,0.092
2022-09-05,2.55,0.0722
2022-09-06,2.55,0.0722
2022-09-07,2.55,0.0722
2022-09-08,2.55,0.0722
2022-09-09,2.54,0.0719
2022-09-10,2.53,0.0716
2022-09-11,2.53,0.0716
2022-09-12,2.52,0.0714
2022-09-13,2.51,0.0711
2022-09-14,2.51,0.0711
2022-09-15,2.5,0.0708
2022-09-16,2.49,0.0705
2022-09-17,2.49,0.0705
2022-09-18,2.48,0.0702
2022-09-19,2.47,0.0699
2022-09-20,13.6,0.3851
2022-09-21,8.17,0.2313
2022-09-22,2.75,0.0779
2022-09-23,2.54,0.0719
2022-09-24,2.53,0.0716
2022-09-25,2.52,0.0714
2022-09-26,2.51,0.0711
2022-09-27,2.49,0.0705
2022-09-28,2.48,0.0702
2022-09-29,2.47,0.0699
2022-09-30,2.45,0.0694
2022-10-01,2.44,0.0691
2022-10-02,2.43,0.0688
2022-10-03,2.42,0.0685
2022-10-04,2.4,0.068
2022-10-05,2.39,0.0677
2022-10-06,3.65,0.1034
2022-10-07,3.05,0.0864
2022-10-08,2.51,0.0711
2022-10-09,1.84,0.0521
2022-10-10,1.29,0.0365
2022-10-11,0.82,0.0232
2022-10-12,0.77,0.0218
2022-10-13,0.79,0.0224
2022-10-14,0.81,0.0229
2022-10-15,0.83,0.0235
2022-10-16,0.85,0.0241
2022-10-17,0.87,0.0246
2022-10-18,0.89,0.0252
2022-10-19,0.91,0.0258
2022-10-20,0.92,0.0261
2022-10-21,0.88,0.0249
2022-10-22,0.83,0.0235
2022-10-23,0.78,0.0221
2022-10-24,0.73,0.0207
2022-10-25,0.69,0.0195
2022-10-26,0.64,0.0181
2022-10-27,0.59,0.0167
2022-10-28,0.54,0.0153
2022-10-29,0.49,0.0139
2022-10-30,0.44,0.0125
2022-10-31,0.39,0.011
2022-11-01,0.34,0.0096
2022-11-02,0.29,0.0082
2022-11-03,0.24,0.0068
2022-11-04,0.19,0.0054
2022-11-05,0.15,0.0042
2022-11-06,0.1,0.0028
2022-11-07,0.05,0.0014
2022-11-08,0.01,0.0003
2022-11-09,0.06,0.0017
2022-11-10,0.12,0.0034
2022-11-11,0.18,0.0051
2022-11-12,0.24,0.0068
2022-11-13,0.31,0.0088
2022-11-14,0.37,0.0105
2022-11-15,0.43,0.0122
2022-11-16,0.49,0.0139
2022-11-17,0.55,0.0156
2022-11-18,0.61,0.0173
2022-11-19,0.67,0.019
2022-11-20,0.73,0.0207
2022-11-21,0.79,0.0224
2022-11-22,0.85,0.0241
2022-11-23,0.91,0.0258
2022-11-24,0.97,0.0275
2022-11-25,1.03,0.0292
2022-11-26,1.09,0.0309
2022-11-27,1.15,0.0326
2022-11-28,1.21,0.0343
2022-11-29,1.27,0.036
2022-11-30,1.27,0.036
2022-12-01,1.26,0.0357
2022-12-02,1.25,0.0354
2022-12-03,1.24,0.0351
2022-12-04,1.23,0.0348
2022-12-05,1.22,0.0345
2022-12-06,1.21,0.0343
2022-12-07,1.2,0.034
2022-12-08,1.19,0.0337
2022-12-09,1.18,0.0334
2022-12-10,1.17,0.0331
2022-12-11,1.16,0.0328
2022-12-12,1.15,0.0326
2022-12-13,1.14,0.0323
2022-12-14,1.13,0.032
2022-12-15,1.12,0.0317
2022-12-16,1.11,0.0314
2022-12-17,1.1,0.0311
2022-12-18,1.09,0.0309
2022-12-19,1.08,0.0306
2022-12-20,1.06,0.03
2022-12-21,1.05,0.0297
2022-12-22,1.04,0.0294
2022-12-23,1.02,0.0289
2022-12-24,1.01,0.0286
2022-12-25,1.0,0.0283
2022-12-26,0.98,0.0278
2022-12-27,0.97,0.0275
2022-12-28,0.96,0.0272
2022-12-29,0.94,0.0266
2022-12-30,0.93,0.0263
2022-12-31,0.92,0.0261
2023-01-01,0.9,0.0255
2023-01-02,0.89,0.0252
2023-01-03,0.89,0.0252
2023-01-04,0.94,0.0266
2023-01-05,1.0,0.0283
2023-01-06,1.06,0.03
2023-01-07,1.12,0.0317
2023-01-08,1.18,0.0334
2023-01-09,1.24,0.0351
2023-01-10,1.3,0.0368
2023-01-11,1.36,0.0385
2023-01-12,1.42,0.0402
2023-01-13,1.48,0.0419
2023-01-14,1.54,0.0436
2023-01-15,1.6,0.0453
2023-01-16,1.66,0.047
2023-01-17,1.72,0.0487
2023-01-18,1.78,0.0504
2023-01-19,1.84,0.0521
2023-01-20,1.9,0.0538
2023-01-21,1.96,0.0555
2023-01-22,2.02,0.0572
2023-01-23,2.08,0.0589
2023-01-24,2.13,0.0603
2023-01-25,2.19,0.062
2023-01-26,2.17,0.0614
2023-01-27,2.14,0.0606
2023-01-28,2.11,0.0597
2023-01-29,2.07,0.0586
2023-01-30,2.04,0.0578
2023-01-31,2.01,0.0569
2023-02-01,1.98,0.0561
2023-02-02,1.94,0.0549
2023-02-03,1.91,0.0541
2023-02-04,1.88,0.0532
2023-02-05,1.85,0.0524
2023-02-06,1.81,0.0513
2023-02-07,1.78,0.0504
2023-02-08,1.75,0.0496
2023-02-09,1.72,0.0487
2023-02-10,1.69,0.0479
2023-02-11,1.65,0.0467
2023-02-12,1.62,0.0459
2023-02-13,1.59,0.045
2023-02-14,1.56,0.0442
2023-02-15,1.52,0.043
2023-02-16,1.49,0.0422
2023-02-17,1.46,0.0413
2023-02-18,1.43,0.0405
2023-02-19,1.4,0.0396
2023-02-20,1.36,0.0385
2023-02-21,1.33,0.0377
2023-02-22,1.3,0.0368
2023-02-23,1.27,0.036
2023-02-24,1.23,0.0348
2023-02-25,1.2,0.034
2023-02-26,1.17,0.0331
2023-02-27,1.14,0.0323
2023-02-28,1.11,0.0314
2023-03-01,1.09,0.0309
2023-03-02,1.07,0.0303
2023-03-03,1.05,0.0297
2023-03-04,1.04,0.0294
2023-03-05,1.02,0.0289
2023-03-06,1.0,0.0283
2023-03-07,0.98,0.0278
2023-03-08,0.96,0.0272
2023-03-09,0.95,0.0269
2023-03-10,0.93,0.0263
2023-03-11,0.91,0.0258
2023-03-12,0.89,0.0252
2023-03-13,0.87,0.0246
2023-03-14,0.86,0.0244
2023-03-15,0.84,0.0238
2023-03-16,0.82,0.0232
2023-03-17,0.8,0.0227
2023-03-18,0.78,0.0221
2023-03-19,0.77,0.0218
2023-03-20,0.75,0.0212
2023-03-21,0.73,0.0207
2023-03-22,0.71,0.0201
2023-03-23,0.7,0.0198
2023-03-24,0.68,0.0193
2023-03-25,0.66,0.0187
2023-03-26,0.64,0.0181
2023-03-27,0.62,0.0176
2023-03-28,0.61,0.0173
2023-03-29,0.59,0.0167
2023-03-30,0.57,0.0161
2023-03-31,0.55,0.0156
2023-04-01,0.53,0.015
2023-04-02,0.52,0.0147
2023-04-03,0.5,0.0142
2023-04-04,0.48,0.0136
2023-04-05,0.46,0.013
2023-04-06,0.44,0.0125
2023-04-07,0.41,0.0116
2023-04-08,0.39,0.011
2023-04-09,0.37,0.0105
2023-04-10,0.35,0.0099
2023-04-11,0.33,0.0093
2023-04-12,0.3,0.0085
2023-04-13,0.28,0.0079
2023-04-14,0.26,0.0074
2023-04-15,0.24,0.0068
2023-04-16,0.22,0.0062
2023-04-17,0.2,0.0057
2023-04-18,0.17,0.0048
2023-04-19,0.15,0.0042
2023-04-20,0.13,0.0037
2023-04-21,0.11,0.0031
2023-04-22,0.09,0.0025
2023-04-23,0.06,0.0017
2023-04-24,0.04,0.0011
2023-04-25,0.02,0.0006
2023-04-26,0.0,0.0
2023-04-27,0.0,0.0
2023-04-28,0.0,0.0
2023-04-29,0.0,0.0
2023-04-30,0.0,0.0
2023-05-01,0.0,0.0
2023-05-02,0.0,0.0
2023-05-03,0.0,0.0
2023-05-04,0.0,0.0
2023-05-05,0.0,0.0
2023-05-06,0.0,0.0
2023-05-07,0.0,0.0
2023-05-08,0.01,0.0003
2023-05-09,0.07,0.002
2023-05-10,0.14,0.004
2023-05-11,0.2,0.0057
2023-05-12,0.26,0.0074
2023-05-13,0.32,0.0091
2023-05-14,0.38,0.0108
2023-05-15,0.45,0.0127
2023-05-16,0.51,0.0144
2023-05-17,0.57,0.0161
2023-05-18,0.63,0.0178
2023-05-19,0.69,0.0195
2023-05-20,0.76,0.0215
2023-05-21,0.82,0.0232
2023-05-22,0.88,0.0249
2023-05-23,0.92,0.0261
2023-05-24,0.88,0.0249
2023-05-25,0.84,0.0238
2023-05-26,0.79,0.0224
2023-05-27,0.75,0.0212
2023-05-28,0.71,0.0201
2023-05-29,0.66,0.0187
2023-05-30,0.62,0.0176
2023-05-31,0.57,0.0161
2023-06-01,0.53,0.015
2023-06-02,0.48,0.0136
2023-06-03,0.44,0.0125
2023-06-04,0.39,0.011
2023-06-05,0.35,0.0099
2023-06-06,0.31,0.0088
2023-06-07,0.26,0.0074
2023-06-08,0.22,0.0062
2023-06-09,0.17,0.0048
2023-06-10,0.13,0.0037
2023-06-11,0.08,0.0023
2023-06-12,0.04,0.0011
2023-06-13,0.0,0.0
2023-06-14,0.0,0.0
2023-06-15,0.0,0.0
2023-06-16,0.0,0.0
2023-06-17,0.0,0.0
2023-06-18,0.0,0.0
2023-06-19,0.0,0.0
2023-06-20,0.0,0.0
2023-06-21,0.0,0.0
2023-06-22,0.0,0.0
2023-06-23,0.0,0.0
2023-06-24,0.0,0.0
2023-06-25,0.0,0.0
2023-06-26,0.0,0.0
2023-06-27,0.0,0.0
2023-06-28,0.0,0.0
2023-06-29,0.0,0.0
2023-06-30,0.0,0.0
2023-07-01,0.0,0.0
2023-07-02,0.0,0.0
2023-07-03,0.0,0.0
2023-07-04,0.0,0.0
2023-07-05,0.0,0.0
2023-07-06,0.0,0.0
2023-07-07,0.0,0.0
2023-07-08,0.0,0.0
2023-07-09,0.0,0.0
2023-07-10,0.0,0.0
2023-07-11,0.0,0.0
2023-07-12,0.0,0.0
2023-07-13,0.0,0.0
2023-07-14,0.0,0.0
2023-07-15,0.0,0.0
2023-07-16,0.0,0.0
2023-07-17,0.0,0.0
2023-07-18,0.0,0.0
2023-07-19,0.0,0.0
2023-07-20,0.0,0.0
2023-07-21,0.0,0.0
2023-07-22,0.0,0.0
2023-07-23,0.0,0.0
2023-07-24,0.0,0.0
2023-07-25,0.0,0.0
2023-07-26,0.0,0.0
2023-07-27,0.0,0.0
2023-07-28,0.0,0.0
2023-07-29,0.0,0.0
2023-07-30,0.0,0.0
2023-07-31,0.0,0.0
2023-08-01,0.0,0.0
2023-08-02,0.0,0.0
2023-08-03,0.0,0.0
2023-08-04,0.0,0.0
2023-08-05,0.0,0.0
2023-08-06,0.0,0.0
2023-08-07,0.0,0.0
2023-08-08,0.0,0.0
2023-08-09,0.0,0.0
2023-08-10,0.0,0.0
2023-08-11,0.0,0.0
2023-08-12,0.0,0.0
2023-08-13,0.0,0.0
2023-08-14,0.43,0.0122
2023-08-15,342.0,9.6843
2023-08-16,84.5,2.3928
2023-08-17,20.2,0.572
2023-08-18,13.5,0.3823
2023-08-19,9.0,0.2549
2023-08-20,5.65,0.16
2023-08-21,3.24,0.0917
2023-08-22,1.79,0.0507
2023-08-23,0.98,0.0278
2023-08-24,0.59,0.0167
2023-08-25,0.34,0.0096
2023-08-26,0.19,0.0054
2023-08-27,0.13,0.0037
2023-08-28,0.08,0.0023
2023-08-29,0.04,0.0011
2023-08-30,0.02,0.0006
2023-08-31,0.0,0.0
2023-09-01,0.0,0.0
2023-09-02,0.0,0.0
2023-09-03,0.0,0.0
2023-09-04,0.0,0.0
2023-09-05,0.0,0.0
2023-09-06,0.0,0.0
2023-09-07,0.0,0.0
2023-09-08,0.0,0.0
2023-09-09,0.0,0.0
2023-09-10,0.0,0.0
2023-09-11,0.0,0.0
2023-09-12,0.0,0.0
2023-09-13,0.0,0.0
2023-09-14,0.0,0.0
2023-09-15,0.0,0.0
2023-09-16,0.0,0.0
2023-09-17,0.0,0.0
2023-09-18,0.0,0.0
2023-09-19,0.0,0.0
2023-09-20,0.0,0.0
2023-09-21,0.0,0.0
2023-09-22,0.0,0.0
2023-09-23,0.0,0.0
2023-09-24,0.0,0.0
2023-09-25,0.0,0.0
2023-09-26,0.0,0.0
2023-09-27,0.0,0.0
2023-09-28,0.0,0.0
2023-09-29,0.0,0.0
2023-09-30,0.0,0.0
2023-10-01,0.0,0.0
2023-10-02,0.0,0.0
2023-10-03,0.0,0.0
2023-10-04,0.0,0.0
2023-10-05,0.0,0.0
2023-10-06,0.0,0.0
2023-10-07,0.0,0.0
2023-10-08,0.0,0.0
2023-10-09,0.0,0.0
2023-10-10,0.0,0.0
2023-10-11,0.0,0.0
2023-10-12,0.0,0.0
2023-10-13,0.0,0.0
2023-10-14,0.0,0.0
2023-10-15,0.0,0.0
2023-10-16,0.0,0.0
2023-10-17,0.0,0.0
2023-10-18,0.0,0.0
2023-10-19,0.0,0.0
2023-10-20,0.0,0.0
2023-10-21,0.0,0.0
2023-10-22,0.0,0.0
2023-10-23,0.0,0.0
2023-10-24,0.0,0.0
2023-10-25,0.0,0.0
2023-10-26,0.0,0.0
2023-10-27,0.0,0.0
2023-10-28,0.0,0.0
2023-10-29,0.0,0.0
2023-10-30,0.0,0.0
2023-10-31,0.0,0.0
2023-11-01,0.0,0.0
2023-11-02,0.0,0.0
2023-11-03,0.0,0.0
2023-11-04,0.0,0.0
2023-11-05,0.0,0.0
2023-11-06,0.0,0.0
2023-11-07,0.0,0.0
2023-11-08,0.0,0.0
2023-11-09,0.0,0.0
2023-11-10,0.0,0.0
2023-11-11,0.0,0.0
2023-11-12,0.0,0.0
2023-11-13,0.0,0.0
2023-11-14,0.0,0.0
2023-11-15,0.0,0.0
2023-11-16,0.0,0.0
2023-11-17,0.0,0.0
2023-11-18,0.0,0.0
2023-11-19,0.0,0.0
2023-11-20,0.0,0.0
2023-11-21,0.0,0.0
2023-11-22,0.0,0.0
2023-11-23,0.0,0.0
2023-11-24,0.0,0.0
2023-11-25,0.0,0.0
2023-11-26,0.0,0.0
2023-11-27,0.0,0.0
2023-11-28,0.0,0.0
2023-11-29,0.0,0.0
2023-11-30,0.0,0.0
2023-12-01,0.0,0.0
2023-12-02,0.0,0.0
2023-12-03,0.0,0.0
2023-12-04,0.0,0.0
2023-12-05,0.0,0.0
2023-12-06,0.0,0.0
2023-12-07,0.0,0.0
2023-12-08,0.0,0.0
2023-12-09,0.0,0.0
2023-12-10,0.0,0.0
2023-12-11,0.0,0.0
2023-12-12,0.0,0.0
2023-12-13,0.0,0.0
2023-12-14,0.0,0.0
2023-12-15,0.0,0.0
2023-12-16,0.0,0.0
2023-12-17,0.0,0.0
2023-12-18,0.0,0.0
2023-12-19,0.0,0.0
2023-12-20,0.0,0.0
2023-12-21,0.0,0.0
2023-12-22,0.0,0.0
2023-12-23,0.0,0.0
2023-12-24,0.0,0.0
2023-12-25,0.0,0.0
2023-12-26,0.0,0.0
2023-12-27,0.0,0.0
2023-12-28,0.0,0.0
2023-12-29,0.0,0.0
2023-12-30,0.0,0.0
2023-12-31,0.0,0.0
2024-01-01,0.0,0.0
2024-01-02,0.0,0.0
2024-01-03,0.0,0.0
2024-01-04,0.0,0.0
2024-01-05,0.0,0.0
2024-01-06,0.0,0.0
2024-01-07,0.0,0.0
2024-01-08,0.0,0.0
2024-01-09,0.0,0.0
2024-01-10,0.0,0.0
2024-01-11,0.0,0.0
2024-01-12,0.0,0.0
2024-01-13,0.0,0.0
2024-01-14,0.0,0.0
2024-01-15,0.0,0.0
2024-01-16,0.0,0.0
2024-01-17,0.0,0.0
2024-01-18,0.0,0.0
2024-01-19,0.0,0.0
2024-01-20,0.0,0.0
2024-01-21,0.0,0.0
2024-01-22,0.0,0.0
2024-01-23,0.0,0.0
2024-01-24,0.0,0.0
2024-01-25,0.0,0.0
2024-01-26,0.0,0.0
2024-01-27,0.0,0.0
2024-01-28,0.0,0.0
2024-01-29,0.0,0.0
2024-01-30,0.0,0.0
2024-01-31,0.0,0.0
2024-02-01,0.0,0.0
2024-02-02,0.0,0.0
2024-02-03,0.0,0.0
2024-02-04,0.0,0.0
2024-02-05,0.0,0.0
2024-02-06,0.0,0.0
2024-02-07,0.02,0.0006
2024-02-08,0.2,0.0057
2024-02-09,0.21,0.0059
2024-02-10,0.22,0.0062
2024-02-11,0.19,0.0054
2024-02-12,0.19,0.0054
2024-02-13,0.17,0.0048
2024-02-14,0.2,0.0057
2024-02-15,0.21,0.0059
2024-02-16,0.21,0.0059
2024-02-17,0.21,0.0059
2024-02-18,0.22,0.0062
2024-02-19,0.23,0.0065
2024-02-20,0.28,0.0079
2024-02-21,0.26,0.0074
2024-02-22,0.23,0.0065
2024-02-23,0.24,0.0068
2024-02-24,0.25,0.0071
2024-02-25,0.25,0.0071
2024-02-26,0.25,0.0071
2024-02-27,0.25,0.0071
2024-02-28,0.27,0.0076
2024-02-29,0.28,0.0079
2024-03-01,0.34,0.0096
2024-03-02,0.32,0.0091
2024-03-03,0.3,0.0085
2024-03-04,0.3,0.0085
2024-03-05,0.27,0.0076
2024-03-06,0.28,0.0079
2024-03-07,0.27,0.0076
2024-03-08,0.29,0.0082
2024-03-09,0.28,0.0079
2024-03-10,0.29,0.0082
2024-03-11,0.28,0.0079
2024-03-12,0.29,0.0082
2024-03-13,0.3,0.0085
2024-03-14,0.27,0.0076
2024-03-15,0.28,0.0079
2024-03-16,0.31,0.0088
2024-03-17,0.38,0.0108
2024-03-18,0.35,0.0099
2024-03-19,0.34,0.0096
2024-03-20,0.33,0.0093
2024-03-21,0.38,0.0108
2024-03-22,0.34,0.0096
2024-03-23,0.31,0.0088
2024-03-24,0.31,0.0088
2024-03-25,0.31,0.0088
2024-03-26,0.32,0.0091
2024-03-27,0.35,0.0099
2024-03-28,0.35,0.0099
2024-03-29,0.32,0.0091
2024-03-30,0.31,0.0088
2024-03-31,0.34,0.0096
2024-04-01,0.3,0.0085
2024-04-02,0.32,0.0091
2024-04-03,0.33,0.0093
2024-04-04,0.3,0.0085
2024-04-05,0.3,0.0085
2024-04-06,0.26,0.0074
2024-04-07,0.26,0.0074
2024-04-08,0.24,0.0068
2024-04-09,0.24,0.0068
2024-04-10,0.23,0.0065
2024-04-11,0.23,0.0065
2024-04-12,0.24,0.0068
2024-04-13,0.24,0.0068
2024-04-14,0.23,0.0065
2024-04-15,0.24,0.0068
2024-04-16,0.14,0.004
2024-04-17,0.0,0.0
2024-04-18,0.0,0.0
2024-04-19,0.0,0.0
2024-04-20,0.0,0.0
2024-04-21,0.0,0.0
2024-04-22,0.0,0.0
2024-04-23,0.0,0.0
2024-04-24,0.0,0.0
2024-04-25,0.0,0.0
2024-04-26,0.0,0.0
2024-04-27,0.0,0.0
2024-04-28,0.0,0.0
2024-04-29,0.0,0.0
2024-04-30,0.0,0.0
2024-05-01,0.0,0.0
2024-05-02,0.0,0.0
2024-05-03,0.0,0.0
2024-05-04,0.0,0.0
2024-05-05,0.0,0.0
2024-05-06,0.0,0.0
2024-05-07,0.0,0.0
2024-05-08,0.0,0.0
2024-05-09,0.0,0.0
2024-05-10,0.0,0.0
2024-05-11,0.0,0.0
2024-05-12,0.0,0.0
2024-05-13,0.0,0.0
2024-05-14,0.0,0.0
2024-05-15,0.0,0.0
2024-05-16,0.0,0.0
2024-05-17,0.0,0.0
2024-05-18,0.0,0.0
2024-05-19,0.0,0.0
2024-05-20,0.0,0.0
2024-05-21,0.0,0.0
2024-05-22,0.0,0.0
2024-05-23,0.0,0.0
2024-05-24,0.0,0.0
2024-05-25,0.0,0.0
2024-05-26,0.0,0.0
2024-05-27,0.0,0.0
2024-05-28,0.0,0.0
2024-05-29,0.0,0.0
2024-05-30,0.0,0.0
2024-05-31,0.0,0.0
2024-06-01,0.0,0.0
2024-06-02,0.0,0.0
2024-06-03,0.0,0.0
2024-06-04,0.0,0.0
2024-06-05,0.0,0.0
2024-06-06,0.0,0.0
2024-06-07,0.0,0.0
2024-06-08,0.0,0.0
2024-06-09,0.0,0.0
2024-06-10,0.0,0.0
2024-06-11,0.0,0.0
2024-06-12,0.0,0.0
2024-06-13,0.0,0.0
2024-06-14,0.0,0.0
2024-06-15,0.0,0.0
2024-06-16,0.0,0.0
2024-06-17,0.0,0.0
2024-06-18,0.0,0.0
2024-06-19,0.0,0.0
2024-06-20,0.0,0.0
2024-06-21,0.0,0.0
2024-06-22,0.0,0.0
2024-06-23,0.0,0.0
2024-06-24,0.0,0.0
2024-06-25,0.0,0.0
2024-06-26,0.0,0.0
2024-06-27,0.0,0.0
2024-06-28,0.0,0.0
2024-06-29,0.0,0.0
2024-06-30,0.0,0.0
2024-07-01,0.0,0.0
2024-07-02,0.0,0.0
2024-07-03,0.0,0.0
2024-07-04,0.0,0.0
2024-07-05,0.0,0.0
2024-07-06,0.0,0.0
2024-07-07,0.0,0.0
2024-07-08,0.0,0.0
2024-07-09,0.0,0.0
2024-07-10,0.0,0.0
2024-07-11,0.0,0.0
2024-07-12,0.0,0.0
2024-07-13,0.0,0.0
2024-07-14,0.0,0.0
2024-07-15,0.0,0.0
2024-07-16,0.0,0.0
2024-07-17,0.0,0.0
2024-07-18,0.0,0.0
2024-07-19,0.0,0.0
2024-07-20,0.0,0.0
2024-07-21,0.0,0.0
2024-07-22,0.0,0.0
2024-07-23,0.0,0.0
2024-07-24,0.0,0.0
2024-07-25,0.0,0.0
2024-07-26,0.0,0.0
2024-07-27,0.0,0.0
2024-07-28,0.0,0.0
2024-07-29,0.0,0.0
2024-07-30,0.0,0.0
2024-07-31,0.0,0.0
2024-08-01,0.0,0.0
2024-08-02,0.0,0.0
2024-08-03,0.0,0.0
2024-08-04,0.0,0.0
2024-08-05,0.0,0.0
2024-08-06,0.0,0.0
2024-08-07,0.0,0.0
2024-08-08,0.0,0.0
2024-08-09,0.0,0.0
2024-08-10,0.0,0.0
2024-08-11,0.0,0.0
2024-08-12,0.0,0.0
2024-08-13,0.0,0.0
2024-08-14,0.0,0.0
2024-08-15,0.0,0.0
2024-08-16,0.0,0.0
2024-08-17,0.0,0.0
2024-08-18,0.0,0.0
2024-08-19,0.0,0.0
2024-08-20,0.0,0.0
2024-08-21,0.0,0.0
2024-08-22,0.0,0.0
2024-08-23,0.0,0.0
2024-08-24,0.0,0.0
2024-08-25,0.0,0.0
2024-08-26,0.0,0.0
2024-08-27,0.0,0.0
2024-08-28,0.0,0.0
2024-08-29,0.0,0.0
2024-08-30,0.0,0.0
2024-08-31,69.7,1.9737
2024-09-01,57.8,1.6367
2024-09-02,3.66,0.1036
2024-09-03,1.81,0.0513
2024-09-04,0.91,0.0258
2024-09-05,0.43,0.0122
2024-09-06,0.27,0.0076
2024-09-07,0.19,0.0054
2024-09-08,0.14,0.004
2024-09-09,0.1,0.0028
2024-09-10,0.05,0.0014
2024-09-11,0.01,0.0003
2024-09-12,0.0,0.0
2024-09-13,0.0,0.0
2024-09-14,0.0,0.0
2024-09-15,0.0,0.0
2024-09-16,0.0,0.0
2024-09-17,0.0,0.0
2024-09-18,0.0,0.0
2024-09-19,0.0,0.0
2024-09-20,0.0,0.0
2024-09-21,0.01,0.0003
2024-09-22,0.0,0.0
2024-09-23,0.0,0.0
2024-09-24,0.0,0.0
2024-09-25,0.0,0.0
2024-09-26,0.0,0.0
2024-09-27,0.0,0.0
2024-09-28,0.0,0.0
2024-09-29,0.0,0.0
2024-09-30,0.0,0.0
2024-10-01,0.0,0.0
2024-10-02,0.0,0.0
2024-10-03,0.0,0.0
2024-10-04,0.0,0.0
2024-10-05,0.0,0.0
2024-10-06,0.0,0.0
2024-10-07,0.0,0.0
2024-10-08,0.0,0.0
2024-10-09,0.0,0.0
2024-10-10,0.0,0.0
2024-10-11,0.0,0.0
2024-10-12,0.0,0.0
2024-10-13,0.0,0.0
2024-10-14,0.0,0.0
2024-10-15,0.0,0.0
2024-10-16,0.0,0.0
2024-10-17,0.0,0.0
2024-10-18,0.0,0.0
2024-10-19,0.0,0.0
2024-10-20,0.0,0.0
2024-10-21,0.0,0.0
2024-10-22,0.0,0.0
2024-10-23,0.0,0.0
2024-10-24,0.0,0.0
2024-10-25,0.0,0.0
2024-10-26,0.0,0.0
2024-10-27,0.0,0.0
2024-10-28,0.0,0.0
2024-10-29,0.0,0.0
2024-10-30,0.0,0.0
2024-10-31,0.0,0.0
2024-11-01,0.0,0.0
2024-11-02,0.0,0.0
2024-11-03,0.0,0.0
2024-11-04,0.0,0.0
2024-11-05,0.0,0.0
2024-11-06,0.0,0.0
2024-11-07,0.0,0.0
2024-11-08,0.0,0.0
2024-11-09,0.0,0.0
2024-11-10,0.0,0.0
2024-11-11,0.0,0.0
2024-11-12,0.0,0.0
2024-11-13,0.0,0.0
2024-11-14,0.0,0.0
2024-11-15,0.0,0.0
2024-11-16,0.0,0.0
2024-11-17,0.0,0.0
2024-11-18,0.0,0.0
2024-11-19,0.0,0.0
2024-11-20,0.0,0.0
2024-11-21,0.0,0.0
2024-11-22,0.0,0.0
2024-11-23,0.0,0.0
2024-11-24,0.0,0.0
2024-11-25,0.0,0.0
2024-11-26,0.0,0.0
2024-11-27,0.0,0.0
2024-11-28,0.0,0.0
2024-11-29,0.0,0.0
2024-11-30,0.0,0.0
2024-12-01,0.0,0.0
2024-12-02,0.0,0.0
2024-12-03,0.0,0.0
2024-12-04,0.0,0.0
2024-12-05,0.0,0.0
2024-12-06,0.0,0.0
2024-12-07,0.0,0.0
2024-12-08,0.0,0.0
2024-12-09,0.0,0.0
2024-12-10,0.0,0.0
2024-12-11,0.0,0.0
2024-12-12,0.0,0.0
2024-12-13,0.0,0.0
2024-12-14,0.0,0.0
2024-12-15,0.0,0.0
2024-12-16,0.0,0.0
2024-12-17,0.0,0.0
2024-12-18,0.0,0.0
2024-12-19,0.0,0.0
2024-12-20,0.0,0.0
2024-12-21,0.0,0.0
2024-12-22,0.0,0.0
2024-12-23,0.0,0.0
2024-12-24,0.0,0.0
2024-12-25,0.0,0.0
2024-12-26,0.0,0.0
2024-12-27,0.0,0.0
2024-12-28,0.0,0.0
2024-12-29,0.0,0.0
2024-12-30,0.0,0.0
2024-12-31,0.0,0.0
2025-01-01,0.0,0.0
2025-01-02,0.0,0.0
2025-01-03,0.0,0.0
2025-01-04,0.0,0.0
2025-01-05,0.0,0.0
2025-01-06,0.0,0.0
2025-01-07,0.0,0.0
2025-01-08,0.0,0.0
2025-01-09,0.0,0.0
2025-01-10,0.0,0.0
2025-01-11,0.0,0.0
2025-01-12,0.0,0.0
2025-01-13,0.0,0.0
2025-01-14,0.0,0.0
2025-01-15,0.0,0.0
2025-01-16,0.0,0.0
2025-01-17,0.0,0.0
2025-01-18,0.0,0.0
2025-01-19,0.0,0.0
2025-01-20,0.0,0.0
2025-01-21,0.0,0.0
2025-01-22,0.0,0.0
2025-01-23,0.0,0.0
2025-01-24,0.0,0.0
2025-01-25,0.0,0.0
2025-01-26,0.0,0.0
2025-01-27,0.0,0.0
2025-01-28,0.0,0.0
2025-01-29,0.0,0.0
2025-01-30,0.0,0.0
2025-01-31,0.0,0.0
2025-02-01,0.0,0.0
2025-02-02,0.0,0.0
2025-02-03,0.0,0.0
2025-02-04,0.0,0.0
2025-02-05,0.0,0.0
2025-02-06,0.0,0.0
2025-02-07,0.0,0.0
2025-02-08,0.0,0.0
2025-02-09,0.0,0.0
2025-02-10,0.0,0.0
2025-02-11,0.0,0.0
2025-02-12,0.0,0.0
2025-02-13,0.0,0.0
2025-02-14,0.0,0.0
2025-02-15,0.0,0.0
2025-02-16,0.0,0.0
2025-02-17,0.0,0.0
2025-02-18,0.0,0.0
2025-02-19,0.0,0.0
2025-02-20,0.0,0.0
2025-02-21,0.0,0.0
2025-02-22,0.0,0.0
2025-02-23,0.0,0.0
2025-02-24,0.0,0.0
2025-02-25,0.0,0.0
2025-02-26,0.0,0.0
2025-02-27,0.0,0.0
2025-02-28,0.0,0.0
2025-03-01,0.0,0.0
2025-03-02,0.0,0.0
2025-03-03,0.0,0.0
2025-03-04,0.0,0.0
2025-03-05,0.0,0.0
2025-03-06,0.0,0.0
2025-03-07,0.0,0.0
2025-03-08,0.0,0.0
2025-03-09,0.0,0.0
2025-03-10,0.0,0.0
2025-03-11,0.0,0.0
2025-03-12,0.0,0.0
2025-03-13,0.0,0.0
2025-03-14,0.0,0.0
2025-03-15,0.0,0.0
2025-03-16,0.0,0.0
2025-03-17,0.0,0.0
2025-03-18,0.0,0.0
2025-03-19,0.0,0.0
2025-03-20,0.0,0.0
2025-03-21,0.0,0.0
2025-03-22,0.0,0.0
2025-03-23,0.0,0.0
2025-03-24,0.0,0.0
2025-03-25,0.0,0.0
2025-03-26,0.0,0.0
2025-03-27,0.0,0.0
2025-03-28,0.0,0.0
2025-03-29,0.0,0.0
2025-03-30,0.0,0.0
2025-03-31,0.0,0.0
2025-04-01,0.0,0.0
2025-04-02,0.0,0.0
2025-04-03,0.0,0.0
2025-04-04,0.0,0.0
2025-04-05,0.0,0.0
2025-04-06,0.0,0.0
2025-04-07,0.0,0.0
2025-04-08,0.0,0.0
2025-04-09,0.0,0.0
2025-04-10,0.0,0.0
2025-04-11,0.0,0.0
2025-04-12,0.0,0.0
2025-04-13,0.0,0.0
2025-04-14,0.0,0.0
2025-04-15,0.0,0.0
2025-04-16,0.0,0.0
2025-04-17,0.0,0.0
2025-04-18,0.0,0.0
2025-04-19,0.0,0.0
2025-04-20,0.0,0.0
2025-04-21,0.0,0.0
2025-04-22,0.0,0.0
2025-04-23,0.0,0.0
2025-04-24,0.0,0.0
2025-04-25,18.7,0.5295
2025-04-26,125.0,3.5396
2025-04-27,1.99,0.0564
2025-04-28,0.56,0.0159
2025-04-29,0.3,0.0085
2025-04-30,0.22,0.0062
2025-05-01,0.14,0.004
2025-05-02,0.06,0.0017
2025-05-03,0.0,0.0
2025-05-04,62.4,1.767
2025-05-05,68.7,1.9454
2025-05-06,14.1,0.3993
2025-05-07,1.07,0.0303
2025-05-08,0.46,0.013
2025-05-09,0.21,0.0059
2025-05-10,0.22,0.0062
2025-05-11,1.73,0.049
2025-05-12,0.38,0.0108
2025-05-13,1.91,0.0541
2025-05-14,2.39,0.0677
2025-05-15,2.85,0.0807
2025-05-16,2.49,0.0705
2025-05-17,2.73,0.0773
2025-05-18,2.52,0.0714
2025-05-19,2.41,0.0682
2025-05-20,1.65,0.0467
2025-05-21,0.41,0.0116
2025-05-22,0.55,0.0156
2025-05-23,0.92,0.0261
2025-05-24,0.88,0.0249
2025-05-25,0.98,0.0278
2025-05-26,1.29,0.0365
2025-05-27,1.46,0.0413
2025-05-28,0.51,0.0144
2025-05-29,0.55,0.0156
2025-05-30,16.7,0.4729
2025-05-31,18.4,0.521
2025-06-01,6.66,0.1886
2025-06-02,2.2,0.0623
2025-06-03,0.96,0.0272
2025-06-04,2.13,0.0603
2025-06-05,4.22,0.1195
2025-06-06,57.8,1.6367
2025-06-07,8.57,0.2427
2025-06-08,0.63,0.0178
2025-06-09,0.29,0.0082
2025-06-10,5.22,0.1478
2025-06-11,66.3,1.8774
2025-06-12,22.2,0.6286
2025-06-13,6.55,0.1855
2025-06-14,7.54,0.2135
2025-06-15,2.76,0.0782
2025-06-16,43.6,1.2346
2025-06-17,18.1,0.5125
2025-06-18,4.92,0.1393
2025-06-19,2.1,0.0595
2025-06-20,0.7,0.0198
2025-06-21,0.28,0.0079
2025-06-22,37.8,1.0704
2025-06-23,6.12,0.1733
2025-06-24,382.0,10.817
2025-06-25,433.0,12.2612
2025-06-26,45.2,1.2799
2025-06-27,21.4,0.606
2025-06-28,26.0,0.7362
2025-06-29,21.5,0.6088
2025-06-30,14.8,0.4191
2025-07-01,12.8,0.3625
2025-07-02,16.8,0.4757
2025-07-03,194.0,5.4935
2025-07-04,88.3,2.5004
2025-07-05,14.1,0.3993
2025-07-06,9.13,0.2585
2025-07-07,7.07,0.2002
2025-07-08,6.31,0.1787
2025-07-09,5.62,0.1591
2025-07-10,4.76,0.1348
2025-07-11,3.87,0.1096
2025-07-12,3.42,0.0968
2025-07-13,3.23,0.0915
2025-07-14,3.44,0.0974
2025-07-15,2.78,0.0787
2025-07-16,2.54,0.0719
2025-07-17,2.6,0.0736
2025-07-18,8.51,0.241
2025-07-19,5.5,0.1557
2025-07-20,2.78,0.0787
2025-07-21,1.81,0.0513
2025-07-22,1.79,0.0507
2025-07-23,1.9,0.0538
2025-07-24,2.51,0.0711
2025-07-25,1.74,0.0493
2025-07-26,1.34,0.0379
2025-07-27,1.04,0.0294
2025-07-28,0.77,0.0218
2025-07-29,0.61,0.0173
2025-07-30,0.57,0.0161
2025-07-31,4.24,0.1201
2025-08-01,4.89,0.1385
2025-08-02,2.44,0.0691
2025-08-03,1.42,0.0402
2025-08-04,0.74,0.021
2025-08-05,0.51,0.0144
2025-08-06,0.35,0.0099
2025-08-07,0.28,0.0079
2025-08-08,0.18,0.0051
2025-08-09,2.94,0.0833
2025-08-10,6.42,0.1818
2025-08-11,6.45,0.1826
2025-08-12,6.32,0.179
2025-08-13,6.24,0.1767
2025-08-14,6.02,0.1705
2025-08-15,5.97,0.1691
2025-08-16,6.04,0.171
2025-08-17,10.9,0.3087
2025-08-18,49.2,1.3932
2025-08-19,2.09,0.0592
2025-08-20,0.67,0.019
2025-08-21,0.7,0.0198
2025-08-22,0.83,0.0235
2025-08-23,0.82,0.0232
2025-08-24,0.83,0.0235
2025-08-25,0.85,0.0241
2025-08-26,0.87,0.0246
2025-08-27,0.85,0.0241
2025-08-28,0.89,0.0252
2025-08-29,0.85,0.0241
2025-08-30,0.74,0.021
2025-08-31,0.72,0.0204
2025-09-01,0.63,0.0178
2025-09-02,0.68,0.0193
2025-09-03,0.78,0.0221
2025-09-04,0.81,0.0229
2025-09-05,0.78,0.0221
2025-09-06,0.64,0.0181
2025-09-07,0.74,0.021
2025-09-08,0.67,0.019
2025-09-09,0.68,0.0193
2025-09-10,0.66,0.0187
2025-09-11,0.51,0.0144
2025-09-12,0.57,0.0161
2025-09-13,19.4,0.5493
2025-09-14,5.17,0.1464
2025-09-15,4.78,0.1354
2025-09-16,47.9,1.3564
2025-09-17,0.74,0.021
2025-09-18,0.12,0.0034
2025-09-19,0.13,0.0037
2025-09-20,0.14,0.004
2025-09-21,0.16,0.0045
2025-09-22,0.17,0.0048
2025-09-23,0.18,0.0051
2025-09-24,0.19,0.0054
2025-09-25,0.21,0.0059
2025-09-26,0.22,0.0062
2025-09-27,0.23,0.0065
2025-09-28,0.24,0.0068
2025-09-29,0.26,0.0074
2025-09-30,0.27,0.0076
2025-10-01,0.28,0.0079
2025-10-02,0.29,0.0082
2025-10-03,0.31,0.0088
2025-10-04,0.32,0.0091
2025-10-05,0.33,0.0093
2025-10-06,0.34,0.0096
2025-10-07,0.36,0.0102
2025-10-08,0.37,0.0105
2025-10-09,0.38,0.0108
2025-10-10,0.39,0.011
2025-10-11,0.41,0.0116
2025-10-12,0.42,0.0119
2025-10-13,0.43,0.0122
2025-10-14,0.44,0.0125
2025-10-15,0.46,0.013
2025-10-16,0.47,0.0133
2025-10-17,0.48,0.0136
2025-10-18,0.49,0.0139
2025-10-19,0.51,0.0144
2025-10-20,0.52,0.0147
2025-10-21,0.53,0.015
2025-10-22,0.54,0.0153
2025-10-23,0.55,0.0156
2025-10-24,0.57,0.0161
2025-10-25,0.58,0.0164
2025-10-26,0.59,0.0167
2025-10-27,0.6,0.017
2025-10-28,0.62,0.0176
2025-10-29,0.63,0.0178
2025-10-30,0.64,0.0181
2025-10-31,0.65,0.0184
2025-11-01,0.67,0.019
2025-11-02,0.68,0.0193
2025-11-03,0.69,0.0195
2025-11-04,0.7,0.0198
2025-11-05,0.72,0.0204
2025-11-06,0.73,0.0207
2025-11-07,0.74,0.021
2025-11-08,0.75,0.0212
2025-11-09,0.77,0.0218
2025-11-10,0.78,0.0221
2025-11-11,0.79,0.0224
2025-11-12,0.8,0.0227
2025-11-13,0.82,0.0232
2025-11-14,0.83,0.0235
2025-11-15,0.84,0.0238
2025-11-16,0.85,0.0241
2025-11-17,0.87,0.0246
2025-11-18,0.88,0.0249
2025-11-19,0.89,0.0252
2025-11-20,0.9,0.0255
2025-11-21,0.92,0.0261
2025-11-22,0.93,0.0263
2025-11-23,0.94,0.0266
2025-11-24,0.95,0.0269
2025-11-25,0.97,0.0275
2025-11-26,0.98,0.0278
2025-11-27,0.99,0.028
2025-11-28,1.0,0.0283
2025-11-29,1.02,0.0289
2025-11-30,1.03,0.0292
2025-12-01,1.04,0.0294
2025-12-02,1.04,0.0294
2025-12-03,1.04,0.0294
2025-12-04,1.04,0.0294
2025-12-05,1.04,0.0294
2025-12-06,1.04,0.0294
2025-12-07,1.04,0.0294
2025-12-08,1.04,0.0294
2025-12-09,1.03,0.0292
2025-12-10,1.03,0.0292
2025-12-11,1.03,0.0292
2025-12-12,1.03,0.0292
2025-12-13,1.03,0.0292
2025-12-14,1.03,0.0292
2025-12-15,1.03,0.0292
2025-12-16,1.03,0.0292
2025-12-17,1.03,0.0292
2025-12-18,1.03,0.0292
2025-12-19,1.03,0.0292
2025-12-20,1.03,0.0292
2025-12-21,1.02,0.0289
2025-12-22,1.02,0.0289
2025-12-23,1.02,0.0289
2025-12-24,1.02,0.0289
2025-12-25,1.02,0.0289
2025-12-26,1.02,0.0289
2025-12-27,1.02,0.0289
2025-12-28,1.02,0.0289
2025-12-29,1.02,0.0289
2025-12-30,1.02,0.0289
2025-12-31,1.02,0.0289
2026-01-01,1.02,0.0289
2026-01-02,1.01,0.0286
2026-01-03,1.01,0.0286
2026-01-04,1.01,0.0286
2026-01-05,1.01,0.0286
2026-01-06,1.01,0.0286
2026-01-07,1.01,0.0286
2026-01-08,1.01,0.0286
2026-01-09,1.01,0.0286
2026-01-10,1.01,0.0286
2026-01-11,1.01,0.0286
2026-01-12,1.01,0.0286
2026-01-13,1.06,0.03
2026-01-14,1.15,0.0326
2026-01-15,1.25,0.0354
2026-01-16,1.34,0.0379
2026-01-17,1.44,0.0408
2026-01-18,1.53,0.0433
2026-01-19,1.63,0.0462
2026-01-20,1.72,0.0487
2026-01-21,1.82,0.0515
2026-01-22,1.91,0.0541
2026-01-23,2.01,0.0569
2026-01-24,2.1,0.0595
2026-01-25,2.2,0.0623
2026-01-26,2.29,0.0648
2026-01-27,2.39,0.0677
2026-01-28,2.48,0.0702
2026-01-29,2.58,0.0731
2026-01-30,2.67,0.0756
2026-01-31,2.77,0.0784
2026-02-01,2.86,0.081
2026-02-02,2.96,0.0838
2026-02-03,3.05,0.0864
2026-02-04,3.15,0.0892
2026-02-05,3.24,0.0917
2026-02-06,3.34,0.0946
2026-02-07,3.43,0.0971
2026-02-08,3.53,0.1
2026-02-09,3.62,0.1025
2026-02-10,3.72,0.1053
2026-02-11,3.81,0.1079
2026-02-12,3.91,0.1107
2026-02-13,4.0,0.1133
2026-02-14,4.1,0.1161
2026-02-15,4.19,0.1186
2026-02-16,4.29,0.1215
2026-02-17,4.38,0.124
2026-02-18,4.48,0.1269
2026-02-19,4.57,0.1294
2026-02-20,4.67,0.1322
2026-02-21,4.76,0.1348
2026-02-22,4.86,0.1376
2026-02-23,4.95,0.1402
2026-02-24,5.05,0.143
2026-02-25,5.14,0.1455
2026-02-26,5.24,0.1484
2026-02-27,5.33,0.1509
2026-02-28,5.43,0.1538
2026-03-01,5.52,0.1563
2026-03-02,5.62,0.1591
2026-03-03,5.71,0.1617
2026-03-04,5.81,0.1645
2026-03-05,5.9,0.1671
2026-03-06,6.0,0.1699
2026-03-07,6.09,0.1724
2026-03-08,6.19,0.1753
2026-03-09,6.28,0.1778
2026-03-10,6.38,0.1807
2026-03-11,6.47,0.1832
2026-03-12,6.57,0.186
2026-03-13,6.66,0.1886
2026-03-14,6.76,0.1914
2026-03-15,6.85,0.194
2026-03-16,6.95,0.1968
2026-03-17,7.04,0.1994
2026-03-18,7.14,0.2022
2026-03-19,7.23,0.2047
2026-03-20,7.33,0.2076
2026-03-21,7.42,0.2101
2026-03-22,7.52,0.2129
2026-03-23,7.61,0.2155
2026-03-24,7.71,0.2183
2026-03-25,7.8,0.2209
2026-03-26,7.9,0.2237
2026-03-27,7.99,0.2263
2026-03-28,8.09,0.2291
2026-03-29,8.18,0.2316
2026-03-30,8.28,0.2345
2026-03-31,8.37,0.237
2026-04-01,8.47,0.2398
2026-04-02,8.56,0.2424
2026-04-03,8.66,0.2452
2026-04-04,8.75,0.2478
2026-04-05,8.85,0.2506
2026-04-06,8.94,0.2532
2026-04-07,9.04,0.256
2026-04-08,9.13,0.2585
2026-04-09,9.23,0.2614
2026-04-10,9.32,0.2639
2026-04-11,9.42,0.2667
2026-04-12,9.51,0.2693
2026-04-13,9.61,0.2721
2026-04-14,9.7,0.2747
2026-04-15,9.79,0.2772
2026-04-16,9.89,0.2801
2026-04-17,9.98,0.2826
2026-04-18,10.1,0.286
2026-04-19,10.2,0.2888
2026-04-20,10.3,0.2917
2026-04-21,10.4,0.2945
2026-04-22,10.5,0.2973
2026-04-23,10.6,0.3002
2026-04-24,10.6,0.3002
2026-04-25,10.7,0.303
2026-04-26,10.8,0.3058
2026-04-27,10.9,0.3087
2026-04-28,11.0,0.3115
2026-04-29,11.1,0.3143
2026-04-30,11.2,0.3171
2026-05-01,11.3,0.32
2026-05-02,11.4,0.3228
2026-05-03,11.5,0.3256
2026-05-04,11.6,0.3285
2026-05-05,11.7,0.3313
2026-05-06,11.8,0.3341
2026-05-07,11.9,0.337
2026-05-08,12.0,0.3398
2026-05-09,12.1,0.3426
2026-05-10,12.2,0.3455
2026-05-11,12.3,0.3483
2026-05-12,12.4,0.3511
2026-05-13,12.5,0.354
2026-05-14,12.5,0.354
2026-05-15,12.6,0.3568
2026-05-16,12.7,0.3596
2026-05-17,12.8,0.3625
2026-05-18,12.9,0.3653
2026-05-19,13.0,0.3681
2026-05-20,13.1,0.371
2026-05-21,13.2,0.3738
2026-05-22,13.3,0.3766
2026-05-23,13.4,0.3794
2026-05-24,13.5,0.3823
2026-05-25,13.6,0.3851
2026-05-26,13.7,0.3879
2026-05-27,13.8,0.3908
2026-05-28,13.9,0.3936
2026-05-29,14.0,0.3964
2026-05-30,14.1,0.3993
2026-05-31,14.2,0.4021
2026-06-01,14.3,0.4049
2026-06-02,14.4,0.4078
2026-06-03,14.4,0.4078
2026-06-04,14.5,0.4106
2026-06-05,14.6,0.4134
2026-06-06,14.7,0.4163
2026-06-07,14.8,0.4191
2026-06-08,14.9,0.4219
2026-06-09,15.0,0.4248
2026-06-10,15.1,0.4276
2026-06-11,15.2,0.4304
2026-06-12,15.3,0.4332
2026-06-13,15.4,0.4361
2026-06-14,15.5,0.4389
2026-06-15,15.6,0.4417
2026-06-16,15.7,0.4446
2026-06-17,15.8,0.4474
2026-06-18,15.9,0.4502
2026-06-19,16.0,0.4531
2026-06-20,16.1,0.4559
2026-06-21,16.2,0.4587
2026-06-22,16.3,0.4616
2026-06-23,16.3,0.4616
2026-06-24,16.4,0.4644
2026-06-25,16.5,0.4672
2026-06-26,16.6,0.4701
2026-06-27,16.7,0.4729
2026-06-28,16.8,0.4757
2026-06-29,16.9,0.4786
2026-06-30,17.0,0.4814
2026-07-01,17.1,0.4842
2026-07-02,17.2,0.487
2026-07-03,17.3,0.4899
2026-07-04,17.4,0.4927
2026-07-05,17.5,0.4955
2026-07-06,17.6,0.4984
2026-07-07,17.7,0.5012
2026-07-08,17.8,0.504
2026-07-09,17.9,0.5069
2026-07-10,18.0,0.5097
2026-07-11,18.1,0.5125
2026-07-12,18.2,0.5154
2026-07-13,18.2,0.5154
2026-07-14,18.3,0.5182
2026-07-15,18.4,0.521
2026-07-16,18.5,0.5239
2026-07-17,18.6,0.5267
2026-07-18,18.7,0.5295
2026-07-19,18.8,0.5324
2026-07-20,18.9,0.5352
2026-07-21,19.0,0.538
2026-07-22,19.1,0.5409
2026-07-23,19.2,0.5437
2026-07-24,19.3,0.5465
2026-07-25,19.4,0.5493
2026-07-26,19.5,0.5522
2026-07-27,19.6,0.555
2026-07-28,19.7,0.5578
2026-07-29,19.8,0.5607
2026-07-30,19.9,0.5635
2026-07-31,20.0,0.5663
2026-08-01,20.1,0.5692
2026-08-02,20.1,0.5692
2026-08-03,20.2,0.572
2026-08-04,20.3,0.5748
2026-08-05,20.4,0.5777
2026-08-06,20.5,0.5805
2026-08-07,20.6,0.5833
2026-08-08,20.7,0.5862
2026-08-09,20.8,0.589
2026-08-10,20.9,0.5918
2026-08-11,21.0,0.5947
2026-08-12,21.1,0.5975
2026-08-13,21.2,0.6003
2026-08-14,21.3,0.6031
2026-08-15,21.4,0.606
2026-08-16,21.5,0.6088
2026-08-17,21.6,0.6116
2026-08-18,21.7,0.6145
2026-08-19,21.8,0.6173
2026-08-20,21.9,0.6201
2026-08-21,22.0,0.623
2026-08-22,22.0,0.623
2026-08-23,22.1,0.6258
2026-08-24,22.2,0.6286
2026-08-25,22.3,0.6315
2026-08-26,22.4,0.6343
2026-08-27,22.5,0.6371
2026-08-28,22.6,0.64
2026-08-29,22.7,0.6428
2026-08-30,22.8,0.6456
2026-08-31,22.9,0.6485
2026-09-01,23.0,0.6513
2026-09-02,23.1,0.6541
2026-09-03,23.2,0.6569
2026-09-04,23.3,0.6598
2026-09-05,23.4,0.6626
2026-09-06,23.5,0.6654
2026-09-07,23.6,0.6683
2026-09-08,23.7,0.6711
2026-09-09,23.8,0.6739
2026-09-10,23.9,0.6768
2026-09-11,23.9,0.6768
2026-09-12,24.0,0.6796
2026-09-13,24.1,0.6824
2026-09-14,24.2,0.6853
2026-09-15,24.3,0.6881
2026-09-16,24.4,0.6909
2026-09-17,24.5,0.6938
2026-09-18,24.6,0.6966
2026-09-19,24.7,0.6994
2026-09-20,24.8,0.7023
2026-09-21,24.9,0.7051
2026-09-22,25.0,0.7079
2026-09-23,143.0,4.0493
