date,discharge_cfs,discharge_cms
1937-10-01,296.0,8.3818
1937-10-02,268.0,7.5889
1937-10-03,229.0,6.4845
1937-10-04,235.0,6.6544
1937-10-05,214.0,6.0598
1937-10-06,194.0,5.4935
1937-10-07,211.0,5.9748
1937-10-08,178.0,5.0404
1937-10-09,232.0,6.5695
1937-10-10,248.0,7.0226
1937-10-11,269.0,7.6172
1937-10-12,457.0,12.9408
1937-10-13,329.0,9.3162
1937-10-14,322.0,9.118
1937-10-15,290.0,8.2119
1937-10-16,268.0,7.5889
1937-10-17,268.0,7.5889
1937-10-18,268.0,7.5889
1937-10-19,290.0,8.2119
1937-10-20,272.0,7.7022
1937-10-21,279.0,7.9004
1937-10-22,279.0,7.9004
1937-10-23,279.0,7.9004
1937-10-24,276.0,7.8154
1937-10-25,265.0,7.504
1937-10-26,286.0,8.0986
1937-10-27,293.0,8.2968
1937-10-28,314.0,8.8915
1937-10-29,293.0,8.2968
1937-10-30,252.0,7.1358
1937-10-31,235.0,6.6544
1937-11-01,235.0,6.6544
1937-11-02,300.0,8.495
1937-11-03,314.0,8.8915
1937-11-04,235.0,6.6544
1937-11-05,229.0,6.4845
1937-11-06,239.0,6.7677
1937-11-07,252.0,7.1358
1937-11-08,262.0,7.419
1937-11-09,262.0,7.419
1937-11-10,214.0,6.0598
1937-11-11,235.0,6.6544
1937-11-12,226.0,6.3996
1937-11-13,232.0,6.5695
1937-11-14,226.0,6.3996
1937-11-15,202.0,5.72
1937-11-16,162.0,4.5873
1937-11-17,155.0,4.3891
1937-11-18,143.0,4.0493
1937-11-19,129.0,3.6529
1937-11-20,138.0,3.9077
1937-11-21,136.0,3.8511
1937-11-22,145.0,4.1059
1937-11-23,143.0,4.0493
1937-11-24,136.0,3.8511
1937-11-25,136.0,3.8511
1937-11-26,143.0,4.0493
1937-11-27,132.0,3.7378
1937-11-28,132.0,3.7378
1937-11-29,132.0,3.7378
1937-11-30,132.0,3.7378
1937-12-01,134.0,3.7945
1937-12-02,138.0,3.9077
1937-12-03,136.0,3.8511
1937-12-04,132.0,3.7378
1937-12-05,129.0,3.6529
1937-12-06,125.0,3.5396
1937-12-07,114.0,3.2281
1937-12-08,190.0,5.3802
1937-12-09,414.0,11.7232
1937-12-10,205.0,5.8049
1937-12-11,148.0,4.1909
1937-12-12,132.0,3.7378
1937-12-13,141.0,3.9927
1937-12-14,138.0,3.9077
1937-12-15,325.0,9.203
1937-12-16,300.0,8.495
1937-12-17,223.0,6.3146
1937-12-18,175.0,4.9554
1937-12-19,180.0,5.097
1937-12-20,214.0,6.0598
1937-12-21,202.0,5.72
1937-12-22,205.0,5.8049
1937-12-23,208.0,5.8899
1937-12-24,202.0,5.72
1937-12-25,199.0,5.635
1937-12-26,296.0,8.3818
1937-12-27,314.0,8.8915
1937-12-28,279.0,7.9004
1937-12-29,199.0,5.635
1937-12-30,180.0,5.097
1937-12-31,170.0,4.8139
1938-01-01,232.0,6.5695
1938-01-02,248.0,7.0226
1938-01-03,245.0,6.9376
1938-01-04,232.0,6.5695
1938-01-05,226.0,6.3996
1938-01-06,229.0,6.4845
1938-01-07,229.0,6.4845
1938-01-08,229.0,6.4845
1938-01-09,229.0,6.4845
1938-01-10,220.0,6.2297
1938-01-11,217.0,6.1447
1938-01-12,214.0,6.0598
1938-01-13,197.0,5.5784
1938-01-14,180.0,5.097
1938-01-15,165.0,4.6723
1938-01-16,143.0,4.0493
1938-01-17,155.0,4.3891
1938-01-18,162.0,4.5873
1938-01-19,170.0,4.8139
1938-01-20,191.0,5.4085
1938-01-21,214.0,6.0598
1938-01-22,245.0,6.9376
1938-01-23,239.0,6.7677
1938-01-24,239.0,6.7677
1938-01-25,145.0,4.1059
1938-01-26,132.0,3.7378
1938-01-27,143.0,4.0493
1938-01-28,136.0,3.8511
1938-01-29,134.0,3.7945
1938-01-30,143.0,4.0493
1938-01-31,138.0,3.9077
1938-02-01,129.0,3.6529
1938-02-02,134.0,3.7945
1938-02-03,197.0,5.5784
1938-02-04,265.0,7.504
1938-02-05,232.0,6.5695
1938-02-06,232.0,6.5695
1938-02-07,202.0,5.72
1938-02-08,232.0,6.5695
1938-02-09,226.0,6.3996
1938-02-10,232.0,6.5695
1938-02-11,255.0,7.2208
1938-02-12,248.0,7.0226
1938-02-13,239.0,6.7677
1938-02-14,248.0,7.0226
1938-02-15,202.0,5.72
1938-02-16,208.0,5.8899
1938-02-17,226.0,6.3996
1938-02-18,226.0,6.3996
1938-02-19,226.0,6.3996
1938-02-20,226.0,6.3996
1938-02-21,239.0,6.7677
1938-02-22,232.0,6.5695
1938-02-23,235.0,6.6544
1938-02-24,229.0,6.4845
1938-02-25,217.0,6.1447
1938-02-26,220.0,6.2297
1938-02-27,214.0,6.0598
1938-02-28,226.0,6.3996
1938-03-01,211.0,5.9748
1938-03-02,208.0,5.8899
1938-03-03,208.0,5.8899
1938-03-04,197.0,5.5784
1938-03-05,214.0,6.0598
1938-03-06,199.0,5.635
1938-03-07,194.0,5.4935
1938-03-08,208.0,5.8899
1938-03-09,211.0,5.9748
1938-03-10,197.0,5.5784
1938-03-11,199.0,5.635
1938-03-12,199.0,5.635
1938-03-13,199.0,5.635
1938-03-14,183.0,5.182
1938-03-15,129.0,3.6529
1938-03-16,118.0,3.3414
1938-03-17,134.0,3.7945
1938-03-18,129.0,3.6529
1938-03-19,91.0,2.5768
1938-03-20,97.0,2.7467
1938-03-21,105.0,2.9733
1938-03-22,97.0,2.7467
1938-03-23,105.0,2.9733
1938-03-24,105.0,2.9733
1938-03-25,101.0,2.86
1938-03-26,95.0,2.6901
1938-03-27,89.0,2.5202
1938-03-28,97.0,2.7467
1938-03-29,99.0,2.8034
1938-03-30,107.0,3.0299
1938-03-31,123.0,3.483
1938-04-01,109.0,3.0865
1938-04-02,103.0,2.9166
1938-04-03,105.0,2.9733
1938-04-04,107.0,3.0299
1938-04-05,114.0,3.2281
1938-04-06,107.0,3.0299
1938-04-07,127.0,3.5962
1938-04-08,165.0,4.6723
1938-04-09,175.0,4.9554
1938-04-10,175.0,4.9554
1938-04-11,158.0,4.4741
1938-04-12,127.0,3.5962
1938-04-13,114.0,3.2281
1938-04-14,123.0,3.483
1938-04-15,105.0,2.9733
1938-04-16,125.0,3.5396
1938-04-17,118.0,3.3414
1938-04-18,127.0,3.5962
1938-04-19,109.0,3.0865
1938-04-20,107.0,3.0299
1938-04-21,80.0,2.2653
1938-04-22,132.0,3.7378
1938-04-23,114.0,3.2281
1938-04-24,101.0,2.86
1938-04-25,109.0,3.0865
1938-04-26,80.0,2.2653
1938-04-27,64.0,1.8123
1938-04-28,68.0,1.9255
1938-04-29,73.0,2.0671
1938-04-30,89.0,2.5202
1938-05-01,112.0,3.1715
1938-05-02,120.0,3.398
1938-05-03,114.0,3.2281
1938-05-04,99.0,2.8034
1938-05-05,95.0,2.6901
1938-05-06,64.0,1.8123
1938-05-07,82.0,2.322
1938-05-08,99.0,2.8034
1938-05-09,99.0,2.8034
1938-05-10,112.0,3.1715
1938-05-11,101.0,2.86
1938-05-12,103.0,2.9166
1938-05-13,78.0,2.2087
1938-05-14,64.0,1.8123
1938-05-15,75.0,2.1238
1938-05-16,78.0,2.2087
1938-05-17,83.0,2.3503
1938-05-18,83.0,2.3503
1938-05-19,91.0,2.5768
1938-05-20,89.0,2.5202
1938-05-21,89.0,2.5202
1938-05-22,118.0,3.3414
1938-05-23,112.0,3.1715
1938-05-24,97.0,2.7467
1938-05-25,116.0,3.2847
1938-05-26,150.0,4.2475
1938-05-27,132.0,3.7378
1938-05-28,134.0,3.7945
1938-05-29,129.0,3.6529
1938-05-30,129.0,3.6529
1938-05-31,118.0,3.3414
1938-06-01,114.0,3.2281
1938-06-02,123.0,3.483
1938-06-03,112.0,3.1715
1938-06-04,103.0,2.9166
1938-06-05,118.0,3.3414
1938-06-06,114.0,3.2281
1938-06-07,93.0,2.6335
1938-06-08,76.0,2.1521
1938-06-09,89.0,2.5202
1938-06-10,68.0,1.9255
1938-06-11,78.0,2.2087
1938-06-12,93.0,2.6335
1938-06-13,89.0,2.5202
1938-06-14,82.0,2.322
1938-06-15,89.0,2.5202
1938-06-16,101.0,2.86
1938-06-17,78.0,2.2087
1938-06-18,71.0,2.0105
1938-06-19,68.0,1.9255
1938-06-20,71.0,2.0105
1938-06-21,64.0,1.8123
1938-06-22,54.0,1.5291
1938-06-23,53.0,1.5008
1938-06-24,142.0,4.021
1938-06-25,91.0,2.5768
1938-06-26,91.0,2.5768
1938-06-27,109.0,3.0865
1938-06-28,3680.0,104.2058
1938-06-29,683.0,19.3404
1938-06-30,743.0,21.0394
1938-07-01,1030.0,29.1663
1938-07-02,611.0,17.3016
1938-07-03,318.0,9.0047
1938-07-04,194.0,5.4935
1938-07-05,127.0,3.5962
1938-07-06,136.0,3.8511
1938-07-07,91.0,2.5768
1938-07-08,80.0,2.2653
1938-07-09,87.0,2.4636
1938-07-10,73.0,2.0671
1938-07-11,68.0,1.9255
1938-07-12,71.0,2.0105
1938-07-13,138.0,3.9077
1938-07-14,109.0,3.0865
1938-07-15,269.0,7.6172
1938-07-16,248.0,7.0226
1938-07-17,116.0,3.2847
1938-07-18,109.0,3.0865
1938-07-19,165.0,4.6723
1938-07-20,163.0,4.6156
1938-07-21,297.0,8.4101
1938-07-22,396.0,11.2135
1938-07-23,311.0,8.8065
1938-07-24,197.0,5.5784
1938-07-25,143.0,4.0493
1938-07-26,145.0,4.1059
1938-07-27,148.0,4.1909
1938-07-28,168.0,4.7572
1938-07-29,155.0,4.3891
1938-07-30,150.0,4.2475
1938-07-31,143.0,4.0493
1938-08-01,141.0,3.9927
1938-08-02,134.0,3.7945
1938-08-03,127.0,3.5962
1938-08-04,114.0,3.2281
1938-08-05,148.0,4.1909
1938-08-06,118.0,3.3414
1938-08-07,75.0,2.1238
1938-08-08,56.0,1.5857
1938-08-09,50.0,1.4158
1938-08-10,48.0,1.3592
1938-08-11,48.0,1.3592
1938-08-12,38.0,1.076
1938-08-13,37.0,1.0477
1938-08-14,54.0,1.5291
1938-08-15,65.0,1.8406
1938-08-16,68.0,1.9255
1938-08-17,66.0,1.8689
1938-08-18,58.0,1.6424
1938-08-19,64.0,1.8123
1938-08-20,62.0,1.7556
1938-08-21,80.0,2.2653
1938-08-22,82.0,2.322
1938-08-23,83.0,2.3503
1938-08-24,91.0,2.5768
1938-08-25,101.0,2.86
1938-08-26,107.0,3.0299
1938-08-27,103.0,2.9166
1938-08-28,103.0,2.9166
1938-08-29,97.0,2.7467
1938-08-30,114.0,3.2281
1938-08-31,123.0,3.483
1938-09-01,143.0,4.0493
1938-09-02,372.0,10.5338
1938-09-03,869.0,24.6073
1938-09-04,281.0,7.957
1938-09-05,208.0,5.8899
1938-09-06,197.0,5.5784
1938-09-07,170.0,4.8139
1938-09-08,186.0,5.2669
1938-09-09,220.0,6.2297
1938-09-10,178.0,5.0404
1938-09-11,162.0,4.5873
1938-09-12,158.0,4.4741
1938-09-13,148.0,4.1909
1938-09-14,168.0,4.7572
1938-09-15,158.0,4.4741
1938-09-16,162.0,4.5873
1938-09-17,188.0,5.3236
1938-09-18,180.0,5.097
1938-09-19,160.0,4.5307
1938-09-20,143.0,4.0493
1938-09-21,172.0,4.8705
1938-09-22,170.0,4.8139
1938-09-23,141.0,3.9927
1938-09-24,143.0,4.0493
1938-09-25,150.0,4.2475
1938-09-26,141.0,3.9927
1938-09-27,143.0,4.0493
1938-09-28,136.0,3.8511
1938-09-29,141.0,3.9927
1938-09-30,152.0,4.3042
1938-10-01,141.0,3.9927
1938-10-02,132.0,3.7378
1938-10-03,143.0,4.0493
1938-10-04,125.0,3.5396
1938-10-05,150.0,4.2475
1938-10-06,145.0,4.1059
1938-10-07,145.0,4.1059
1938-10-08,148.0,4.1909
1938-10-09,165.0,4.6723
1938-10-10,168.0,4.7572
1938-10-11,197.0,5.5784
1938-10-12,160.0,4.5307
1938-10-13,158.0,4.4741
1938-10-14,160.0,4.5307
1938-10-15,155.0,4.3891
1938-10-16,143.0,4.0493
1938-10-17,136.0,3.8511
1938-10-18,136.0,3.8511
1938-10-19,138.0,3.9077
1938-10-20,141.0,3.9927
1938-10-21,172.0,4.8705
1938-10-22,165.0,4.6723
1938-10-23,162.0,4.5873
1938-10-24,160.0,4.5307
1938-10-25,143.0,4.0493
1938-10-26,155.0,4.3891
1938-10-27,168.0,4.7572
1938-10-28,162.0,4.5873
1938-10-29,162.0,4.5873
1938-10-30,155.0,4.3891
1938-10-31,158.0,4.4741
1938-11-01,155.0,4.3891
1938-11-02,158.0,4.4741
1938-11-03,155.0,4.3891
1938-11-04,152.0,4.3042
1938-11-05,155.0,4.3891
1938-11-06,127.0,3.5962
1938-11-07,162.0,4.5873
1938-11-08,165.0,4.6723
1938-11-09,155.0,4.3891
1938-11-10,152.0,4.3042
1938-11-11,190.0,5.3802
1938-11-12,220.0,6.2297
1938-11-13,242.0,6.8527
1938-11-14,208.0,5.8899
1938-11-15,211.0,5.9748
1938-11-16,202.0,5.72
1938-11-17,188.0,5.3236
1938-11-18,183.0,5.182
1938-11-19,180.0,5.097
1938-11-20,202.0,5.72
1938-11-21,217.0,6.1447
1938-11-22,208.0,5.8899
1938-11-23,202.0,5.72
1938-11-24,202.0,5.72
1938-11-25,202.0,5.72
1938-11-26,202.0,5.72
1938-11-27,202.0,5.72
1938-11-28,208.0,5.8899
1938-11-29,180.0,5.097
1938-11-30,162.0,4.5873
1938-12-01,208.0,5.8899
1938-12-02,186.0,5.2669
1938-12-03,175.0,4.9554
1938-12-04,178.0,5.0404
1938-12-05,186.0,5.2669
1938-12-06,191.0,5.4085
1938-12-07,186.0,5.2669
1938-12-08,188.0,5.3236
1938-12-09,188.0,5.3236
1938-12-10,180.0,5.097
1938-12-11,188.0,5.3236
1938-12-12,178.0,5.0404
1938-12-13,197.0,5.5784
1938-12-14,205.0,5.8049
1938-12-15,191.0,5.4085
1938-12-16,172.0,4.8705
1938-12-17,158.0,4.4741
1938-12-18,165.0,4.6723
1938-12-19,186.0,5.2669
1938-12-20,178.0,5.0404
1938-12-21,168.0,4.7572
1938-12-22,150.0,4.2475
1938-12-23,168.0,4.7572
1938-12-24,148.0,4.1909
1938-12-25,186.0,5.2669
1938-12-26,217.0,6.1447
1938-12-27,180.0,5.097
1938-12-28,191.0,5.4085
1938-12-29,208.0,5.8899
1938-12-30,205.0,5.8049
1938-12-31,205.0,5.8049
1939-01-01,191.0,5.4085
1939-01-02,199.0,5.635
1939-01-03,165.0,4.6723
1939-01-04,152.0,4.3042
1939-01-05,158.0,4.4741
1939-01-06,152.0,4.3042
1939-01-07,254.0,7.1925
1939-01-08,304.0,8.6083
1939-01-09,265.0,7.504
1939-01-10,211.0,5.9748
1939-01-11,180.0,5.097
1939-01-12,165.0,4.6723
1939-01-13,172.0,4.8705
1939-01-14,174.0,4.9271
1939-01-15,175.0,4.9554
1939-01-16,177.0,5.0121
1939-01-17,178.0,5.0404
1939-01-18,180.0,5.097
1939-01-19,181.0,5.1253
1939-01-20,183.0,5.182
1939-01-21,197.0,5.5784
1939-01-22,188.0,5.3236
1939-01-23,205.0,5.8049
1939-01-24,178.0,5.0404
1939-01-25,188.0,5.3236
1939-01-26,199.0,5.635
1939-01-27,197.0,5.5784
1939-01-28,191.0,5.4085
1939-01-29,194.0,5.4935
1939-01-30,220.0,6.2297
1939-01-31,186.0,5.2669
1939-02-01,279.0,7.9004
1939-02-02,239.0,6.7677
1939-02-03,229.0,6.4845
1939-02-04,214.0,6.0598
1939-02-05,191.0,5.4085
1939-02-06,165.0,4.6723
1939-02-07,188.0,5.3236
1939-02-08,205.0,5.8049
1939-02-09,168.0,4.7572
1939-02-10,162.0,4.5873
1939-02-11,158.0,4.4741
1939-02-12,165.0,4.6723
1939-02-13,168.0,4.7572
1939-02-14,165.0,4.6723
1939-02-15,134.0,3.7945
1939-02-16,162.0,4.5873
1939-02-17,152.0,4.3042
1939-02-18,168.0,4.7572
1939-02-19,178.0,5.0404
1939-02-20,214.0,6.0598
1939-02-21,186.0,5.2669
1939-02-22,205.0,5.8049
1939-02-23,202.0,5.72
1939-02-24,197.0,5.5784
1939-02-25,194.0,5.4935
1939-02-26,188.0,5.3236
1939-02-27,180.0,5.097
1939-02-28,178.0,5.0404
1939-03-01,165.0,4.6723
1939-03-02,188.0,5.3236
1939-03-03,188.0,5.3236
1939-03-04,186.0,5.2669
1939-03-05,191.0,5.4085
1939-03-06,191.0,5.4085
1939-03-07,162.0,4.5873
1939-03-08,191.0,5.4085
1939-03-09,165.0,4.6723
1939-03-10,120.0,3.398
1939-03-11,136.0,3.8511
1939-03-12,162.0,4.5873
1939-03-13,120.0,3.398
1939-03-14,136.0,3.8511
1939-03-15,138.0,3.9077
1939-03-16,114.0,3.2281
1939-03-17,134.0,3.7945
1939-03-18,125.0,3.5396
1939-03-19,109.0,3.0865
1939-03-20,127.0,3.5962
1939-03-21,109.0,3.0865
1939-03-22,114.0,3.2281
1939-03-23,118.0,3.3414
1939-03-24,116.0,3.2847
1939-03-25,116.0,3.2847
1939-03-26,107.0,3.0299
1939-03-27,95.0,2.6901
1939-03-28,80.0,2.2653
1939-03-29,80.0,2.2653
1939-03-30,65.0,1.8406
1939-03-31,71.0,2.0105
1939-04-01,85.0,2.4069
1939-04-02,89.0,2.5202
1939-04-03,118.0,3.3414
1939-04-04,105.0,2.9733
1939-04-05,87.0,2.4636
1939-04-06,89.0,2.5202
1939-04-07,158.0,4.4741
1939-04-08,172.0,4.8705
1939-04-09,158.0,4.4741
1939-04-10,136.0,3.8511
1939-04-11,123.0,3.483
1939-04-12,123.0,3.483
1939-04-13,125.0,3.5396
1939-04-14,116.0,3.2847
1939-04-15,118.0,3.3414
1939-04-16,103.0,2.9166
1939-04-17,112.0,3.1715
1939-04-18,114.0,3.2281
1939-04-19,112.0,3.1715
1939-04-20,99.0,2.8034
1939-04-21,95.0,2.6901
1939-04-22,89.0,2.5202
1939-04-23,103.0,2.9166
1939-04-24,107.0,3.0299
1939-04-25,99.0,2.8034
1939-04-26,95.0,2.6901
1939-04-27,99.0,2.8034
1939-04-28,99.0,2.8034
1939-04-29,103.0,2.9166
1939-04-30,127.0,3.5962
1939-05-01,143.0,4.0493
1939-05-02,138.0,3.9077
1939-05-03,136.0,3.8511
1939-05-04,127.0,3.5962
1939-05-05,132.0,3.7378
1939-05-06,127.0,3.5962
1939-05-07,125.0,3.5396
1939-05-08,125.0,3.5396
1939-05-09,109.0,3.0865
1939-05-10,107.0,3.0299
1939-05-11,105.0,2.9733
1939-05-12,109.0,3.0865
1939-05-13,114.0,3.2281
1939-05-14,132.0,3.7378
1939-05-15,158.0,4.4741
1939-05-16,222.0,6.2863
1939-05-17,188.0,5.3236
1939-05-18,175.0,4.9554
1939-05-19,172.0,4.8705
1939-05-20,150.0,4.2475
1939-05-21,138.0,3.9077
1939-05-22,138.0,3.9077
1939-05-23,132.0,3.7378
1939-05-24,134.0,3.7945
1939-05-25,127.0,3.5962
1939-05-26,123.0,3.483
1939-05-27,118.0,3.3414
1939-05-28,112.0,3.1715
1939-05-29,127.0,3.5962
1939-05-30,132.0,3.7378
1939-05-31,155.0,4.3891
1939-06-01,136.0,3.8511
1939-06-02,158.0,4.4741
1939-06-03,160.0,4.5307
1939-06-04,136.0,3.8511
1939-06-05,125.0,3.5396
1939-06-06,97.0,2.7467
1939-06-07,103.0,2.9166
1939-06-08,103.0,2.9166
1939-06-09,99.0,2.8034
1939-06-10,93.0,2.6335
1939-06-11,91.0,2.5768
1939-06-12,107.0,3.0299
1939-06-13,116.0,3.2847
1939-06-14,101.0,2.86
1939-06-15,91.0,2.5768
1939-06-16,105.0,2.9733
1939-06-17,87.0,2.4636
1939-06-18,89.0,2.5202
1939-06-19,95.0,2.6901
1939-06-20,116.0,3.2847
1939-06-21,120.0,3.398
1939-06-22,118.0,3.3414
1939-06-23,141.0,3.9927
1939-06-24,233.0,6.5978
1939-06-25,129.0,3.6529
1939-06-26,125.0,3.5396
1939-06-27,125.0,3.5396
1939-06-28,132.0,3.7378
1939-06-29,101.0,2.86
1939-06-30,93.0,2.6335
1939-07-01,91.0,2.5768
1939-07-02,91.0,2.5768
1939-07-03,97.0,2.7467
1939-07-04,93.0,2.6335
1939-07-05,91.0,2.5768
1939-07-06,73.0,2.0671
1939-07-07,76.0,2.1521
1939-07-08,76.0,2.1521
1939-07-09,68.0,1.9255
1939-07-10,227.0,6.4279
1939-07-11,142.0,4.021
1939-07-12,109.0,3.0865
1939-07-13,99.0,2.8034
1939-07-14,146.0,4.1343
1939-07-15,165.0,4.6723
1939-07-16,136.0,3.8511
1939-07-17,129.0,3.6529
1939-07-18,118.0,3.3414
1939-07-19,180.0,5.097
1939-07-20,190.0,5.3802
1939-07-21,155.0,4.3891
1939-07-22,114.0,3.2281
1939-07-23,111.0,3.1432
1939-07-24,136.0,3.8511
1939-07-25,125.0,3.5396
1939-07-26,116.0,3.2847
1939-07-27,116.0,3.2847
1939-07-28,152.0,4.3042
1939-07-29,150.0,4.2475
1939-07-30,154.0,4.3608
1939-07-31,155.0,4.3891
1939-08-01,150.0,4.2475
1939-08-02,99.0,2.8034
1939-08-03,114.0,3.2281
1939-08-04,103.0,2.9166
1939-08-05,239.0,6.7677
1939-08-06,150.0,4.2475
1939-08-07,136.0,3.8511
1939-08-08,123.0,3.483
1939-08-09,107.0,3.0299
1939-08-10,105.0,2.9733
1939-08-11,89.0,2.5202
1939-08-12,97.0,2.7467
1939-08-13,99.0,2.8034
1939-08-14,189.0,5.3519
1939-08-15,354.0,10.0241
1939-08-16,143.0,4.0493
1939-08-17,166.0,4.7006
1939-08-18,286.0,8.0986
1939-08-19,152.0,4.3042
1939-08-20,134.0,3.7945
1939-08-21,259.0,7.3341
1939-08-22,175.0,4.9554
1939-08-23,127.0,3.5962
1939-08-24,138.0,3.9077
1939-08-25,134.0,3.7945
1939-08-26,132.0,3.7378
1939-08-27,141.0,3.9927
1939-08-28,120.0,3.398
1939-08-29,125.0,3.5396
1939-08-30,105.0,2.9733
1939-08-31,95.0,2.6901
1939-09-01,93.0,2.6335
1939-09-02,89.0,2.5202
1939-09-03,76.0,2.1521
1939-09-04,107.0,3.0299
1939-09-05,70.0,1.9822
1939-09-06,73.0,2.0671
1939-09-07,91.0,2.5768
1939-09-08,78.0,2.2087
1939-09-09,82.0,2.322
1939-09-10,87.0,2.4636
1939-09-11,80.0,2.2653
1939-09-12,109.0,3.0865
1939-09-13,138.0,3.9077
1939-09-14,125.0,3.5396
1939-09-15,141.0,3.9927
1939-09-16,138.0,3.9077
1939-09-17,127.0,3.5962
1939-09-18,134.0,3.7945
1939-09-19,127.0,3.5962
1939-09-20,136.0,3.8511
1939-09-21,107.0,3.0299
1939-09-22,107.0,3.0299
1939-09-23,116.0,3.2847
1939-09-24,143.0,4.0493
1939-09-25,120.0,3.398
1939-09-26,95.0,2.6901
1939-09-27,114.0,3.2281
1939-09-28,109.0,3.0865
1939-09-29,123.0,3.483
1939-09-30,120.0,3.398
1939-10-01,138.0,3.9077
1939-10-02,136.0,3.8511
1939-10-03,125.0,3.5396
1939-10-04,114.0,3.2281
1939-10-05,112.0,3.1715
1939-10-06,123.0,3.483
1939-10-07,123.0,3.483
1939-10-08,178.0,5.0404
1939-10-09,178.0,5.0404
1939-10-10,145.0,4.1059
1939-10-11,136.0,3.8511
1939-10-12,145.0,4.1059
1939-10-13,150.0,4.2475
1939-10-14,132.0,3.7378
1939-10-15,132.0,3.7378
1939-10-16,199.0,5.635
1939-10-17,125.0,3.5396
1939-10-18,114.0,3.2281
1939-10-19,132.0,3.7378
1939-10-20,132.0,3.7378
1939-10-21,127.0,3.5962
1939-10-22,134.0,3.7945
1939-10-23,118.0,3.3414
1939-10-24,127.0,3.5962
1939-10-25,136.0,3.8511
1939-10-26,125.0,3.5396
1939-10-27,134.0,3.7945
1939-10-28,134.0,3.7945
1939-10-29,132.0,3.7378
1939-10-30,134.0,3.7945
1939-10-31,125.0,3.5396
1939-11-01,134.0,3.7945
1939-11-02,129.0,3.6529
1939-11-03,120.0,3.398
1939-11-04,116.0,3.2847
1939-11-05,129.0,3.6529
1939-11-06,114.0,3.2281
1939-11-07,127.0,3.5962
1939-11-08,116.0,3.2847
1939-11-09,122.0,3.4546
1939-11-10,208.0,5.8899
1939-11-11,300.0,8.495
1939-11-12,223.0,6.3146
1939-11-13,205.0,5.8049
1939-11-14,188.0,5.3236
1939-11-15,180.0,5.097
1939-11-16,178.0,5.0404
1939-11-17,175.0,4.9554
1939-11-18,118.0,3.3414
1939-11-19,165.0,4.6723
1939-11-20,158.0,4.4741
1939-11-21,158.0,4.4741
1939-11-22,165.0,4.6723
1939-11-23,168.0,4.7572
1939-11-24,152.0,4.3042
1939-11-25,155.0,4.3891
1939-11-26,162.0,4.5873
1939-11-27,175.0,4.9554
1939-11-28,168.0,4.7572
1939-11-29,186.0,5.2669
1939-11-30,202.0,5.72
1939-12-01,199.0,5.635
1939-12-02,188.0,5.3236
1939-12-03,178.0,5.0404
1939-12-04,160.0,4.5307
1939-12-05,162.0,4.5873
1939-12-06,165.0,4.6723
1939-12-07,165.0,4.6723
1939-12-08,178.0,5.0404
1939-12-09,199.0,5.635
1939-12-10,202.0,5.72
1939-12-11,188.0,5.3236
1939-12-12,123.0,3.483
1939-12-13,170.0,4.8139
1939-12-14,127.0,3.5962
1939-12-15,129.0,3.6529
1939-12-16,138.0,3.9077
1939-12-17,141.0,3.9927
1939-12-18,145.0,4.1059
1939-12-19,148.0,4.1909
1939-12-20,150.0,4.2475
1939-12-21,148.0,4.1909
1939-12-22,145.0,4.1059
1939-12-23,145.0,4.1059
1939-12-24,160.0,4.5307
1939-12-25,145.0,4.1059
1939-12-26,150.0,4.2475
1939-12-27,170.0,4.8139
1939-12-28,132.0,3.7378
1939-12-29,129.0,3.6529
1939-12-30,127.0,3.5962
1939-12-31,125.0,3.5396
1940-01-01,127.0,3.5962
1940-01-02,132.0,3.7378
1940-01-03,138.0,3.9077
1940-01-04,129.0,3.6529
1940-01-05,136.0,3.8511
1940-01-06,138.0,3.9077
1940-01-07,127.0,3.5962
1940-01-08,148.0,4.1909
1940-01-09,138.0,3.9077
1940-01-10,138.0,3.9077
1940-01-11,134.0,3.7945
1940-01-12,134.0,3.7945
1940-01-13,138.0,3.9077
1940-01-14,183.0,5.182
1940-01-15,120.0,3.398
1940-01-16,165.0,4.6723
1940-01-17,194.0,5.4935
1940-01-18,150.0,4.2475
1940-01-19,178.0,5.0404
1940-01-20,191.0,5.4085
1940-01-21,180.0,5.097
1940-01-22,165.0,4.6723
1940-01-23,165.0,4.6723
1940-01-24,165.0,4.6723
1940-01-25,180.0,5.097
1940-01-26,180.0,5.097
1940-01-27,168.0,4.7572
1940-01-28,175.0,4.9554
1940-01-29,172.0,4.8705
1940-01-30,172.0,4.8705
1940-01-31,175.0,4.9554
1940-02-01,178.0,5.0404
1940-02-02,180.0,5.097
1940-02-03,188.0,5.3236
1940-02-04,188.0,5.3236
1940-02-05,168.0,4.7572
1940-02-06,175.0,4.9554
1940-02-07,183.0,5.182
1940-02-08,172.0,4.8705
1940-02-09,106.0,3.0016
1940-02-10,138.0,3.9077
1940-02-11,155.0,4.3891
1940-02-12,151.0,4.2758
1940-02-13,152.0,4.3042
1940-02-14,138.0,3.9077
1940-02-15,106.0,3.0016
1940-02-16,117.0,3.3131
1940-02-17,113.0,3.1998
1940-02-18,87.0,2.4636
1940-02-19,96.0,2.7184
1940-02-20,90.0,2.5485
1940-02-21,116.0,3.2847
1940-02-22,127.0,3.5962
1940-02-23,160.0,4.5307
1940-02-24,130.0,3.6812
1940-02-25,127.0,3.5962
1940-02-26,125.0,3.5396
1940-02-27,134.0,3.7945
1940-02-28,122.0,3.4546
1940-02-29,130.0,3.6812
1940-03-01,122.0,3.4546
1940-03-02,107.0,3.0299
1940-03-03,98.0,2.775
1940-03-04,118.0,3.3414
1940-03-05,91.0,2.5768
1940-03-06,123.0,3.483
1940-03-07,99.0,2.8034
1940-03-08,80.0,2.2653
1940-03-09,111.0,3.1432
1940-03-10,101.0,2.86
1940-03-11,107.0,3.0299
1940-03-12,116.0,3.2847
1940-03-13,118.0,3.3414
1940-03-14,125.0,3.5396
1940-03-15,120.0,3.398
1940-03-16,127.0,3.5962
1940-03-17,132.0,3.7378
1940-03-18,125.0,3.5396
1940-03-19,127.0,3.5962
1940-03-20,129.0,3.6529
1940-03-21,109.0,3.0865
1940-03-22,112.0,3.1715
1940-03-23,116.0,3.2847
1940-03-24,95.0,2.6901
1940-03-25,112.0,3.1715
1940-03-26,93.0,2.6335
1940-03-27,95.0,2.6901
1940-03-28,97.0,2.7467
1940-03-29,103.0,2.9166
1940-03-30,93.0,2.6335
1940-03-31,82.0,2.322
1940-04-01,82.0,2.322
1940-04-02,80.0,2.2653
1940-04-03,83.0,2.3503
1940-04-04,91.0,2.5768
1940-04-05,107.0,3.0299
1940-04-06,176.0,4.9838
1940-04-07,202.0,5.72
1940-04-08,105.0,2.9733
1940-04-09,91.0,2.5768
1940-04-10,82.0,2.322
1940-04-11,97.0,2.7467
1940-04-12,91.0,2.5768
1940-04-13,112.0,3.1715
1940-04-14,75.0,2.1238
1940-04-15,83.0,2.3503
1940-04-16,95.0,2.6901
1940-04-17,89.0,2.5202
1940-04-18,60.0,1.699
1940-04-19,76.0,2.1521
1940-04-20,93.0,2.6335
1940-04-21,73.0,2.0671
1940-04-22,78.0,2.2087
1940-04-23,73.0,2.0671
1940-04-24,71.0,2.0105
1940-04-25,80.0,2.2653
1940-04-26,89.0,2.5202
1940-04-27,87.0,2.4636
1940-04-28,85.0,2.4069
1940-04-29,75.0,2.1238
1940-04-30,76.0,2.1521
1940-05-01,75.0,2.1238
1940-05-02,80.0,2.2653
1940-05-03,85.0,2.4069
1940-05-04,85.0,2.4069
1940-05-05,95.0,2.6901
1940-05-06,120.0,3.398
1940-05-07,125.0,3.5396
1940-05-08,138.0,3.9077
1940-05-09,419.0,11.8647
1940-05-10,175.0,4.9554
1940-05-11,136.0,3.8511
1940-05-12,125.0,3.5396
1940-05-13,138.0,3.9077
1940-05-14,145.0,4.1059
1940-05-15,127.0,3.5962
1940-05-16,132.0,3.7378
1940-05-17,134.0,3.7945
1940-05-18,148.0,4.1909
1940-05-19,123.0,3.483
1940-05-20,127.0,3.5962
1940-05-21,138.0,3.9077
1940-05-22,1290.0,36.5287
1940-05-23,1120.0,31.7148
1940-05-24,276.0,7.8154
1940-05-25,158.0,4.4741
1940-05-26,138.0,3.9077
1940-05-27,138.0,3.9077
1940-05-28,132.0,3.7378
1940-05-29,129.0,3.6529
1940-05-30,134.0,3.7945
1940-05-31,143.0,4.0493
1940-06-01,118.0,3.3414
1940-06-02,109.0,3.0865
1940-06-03,97.0,2.7467
1940-06-04,80.0,2.2653
1940-06-05,85.0,2.4069
1940-06-06,89.0,2.5202
1940-06-07,95.0,2.6901
1940-06-08,99.0,2.8034
1940-06-09,95.0,2.6901
1940-06-10,85.0,2.4069
1940-06-11,105.0,2.9733
1940-06-12,107.0,3.0299
1940-06-13,99.0,2.8034
1940-06-14,93.0,2.6335
1940-06-15,91.0,2.5768
1940-06-16,99.0,2.8034
1940-06-17,99.0,2.8034
1940-06-18,93.0,2.6335
1940-06-19,187.0,5.2952
1940-06-20,476.0,13.4788
1940-06-21,299.0,8.4667
1940-06-22,217.0,6.1447
1940-06-23,148.0,4.1909
1940-06-24,112.0,3.1715
1940-06-25,132.0,3.7378
1940-06-26,134.0,3.7945
1940-06-27,120.0,3.398
1940-06-28,125.0,3.5396
1940-06-29,123.0,3.483
1940-06-30,150.0,4.2475
1940-07-01,132.0,3.7378
1940-07-02,132.0,3.7378
1940-07-03,138.0,3.9077
1940-07-04,141.0,3.9927
1940-07-05,136.0,3.8511
1940-07-06,101.0,2.86
1940-07-07,132.0,3.7378
1940-07-08,132.0,3.7378
1940-07-09,109.0,3.0865
1940-07-10,134.0,3.7945
1940-07-11,138.0,3.9077
1940-07-12,134.0,3.7945
1940-07-13,123.0,3.483
1940-07-14,123.0,3.483
1940-07-15,99.0,2.8034
1940-07-16,93.0,2.6335
1940-07-17,97.0,2.7467
1940-07-18,99.0,2.8034
1940-07-19,97.0,2.7467
1940-07-20,103.0,2.9166
1940-07-21,101.0,2.86
1940-07-22,134.0,3.7945
1940-07-23,65.0,1.8406
1940-07-24,62.0,1.7556
1940-07-25,76.0,2.1521
1940-07-26,73.0,2.0671
1940-07-27,71.0,2.0105
1940-07-28,70.0,1.9822
1940-07-29,70.0,1.9822
1940-07-30,76.0,2.1521
1940-07-31,89.0,2.5202
1940-08-01,78.0,2.2087
1940-08-02,68.0,1.9255
1940-08-03,65.0,1.8406
1940-08-04,68.0,1.9255
1940-08-05,71.0,2.0105
1940-08-06,75.0,2.1238
1940-08-07,97.0,2.7467
1940-08-08,87.0,2.4636
1940-08-09,95.0,2.6901
1940-08-10,91.0,2.5768
1940-08-11,107.0,3.0299
1940-08-12,123.0,3.483
1940-08-13,134.0,3.7945
1940-08-14,138.0,3.9077
1940-08-15,145.0,4.1059
1940-08-16,118.0,3.3414
1940-08-17,112.0,3.1715
1940-08-18,109.0,3.0865
1940-08-19,136.0,3.8511
1940-08-20,101.0,2.86
1940-08-21,91.0,2.5768
1940-08-22,73.0,2.0671
1940-08-23,112.0,3.1715
1940-08-24,152.0,4.3042
1940-08-25,162.0,4.5873
1940-08-26,191.0,5.4085
1940-08-27,178.0,5.0404
1940-08-28,143.0,4.0493
1940-08-29,145.0,4.1059
1940-08-30,145.0,4.1059
1940-08-31,105.0,2.9733
1940-09-01,97.0,2.7467
1940-09-02,95.0,2.6901
1940-09-03,93.0,2.6335
1940-09-04,95.0,2.6901
1940-09-05,101.0,2.86
1940-09-06,114.0,3.2281
1940-09-07,129.0,3.6529
1940-09-08,120.0,3.398
1940-09-09,103.0,2.9166
1940-09-10,93.0,2.6335
1940-09-11,89.0,2.5202
1940-09-12,89.0,2.5202
1940-09-13,95.0,2.6901
1940-09-14,105.0,2.9733
1940-09-15,134.0,3.7945
1940-09-16,132.0,3.7378
1940-09-17,127.0,3.5962
1940-09-18,118.0,3.3414
1940-09-19,105.0,2.9733
1940-09-20,95.0,2.6901
1940-09-21,95.0,2.6901
1940-09-22,103.0,2.9166
1940-09-23,107.0,3.0299
1940-09-24,112.0,3.1715
1940-09-25,127.0,3.5962
1940-09-26,125.0,3.5396
1940-09-27,125.0,3.5396
1940-09-28,127.0,3.5962
1940-09-29,136.0,3.8511
1940-09-30,155.0,4.3891
1940-10-01,150.0,4.2475
1940-10-02,152.0,4.3042
1940-10-03,145.0,4.1059
1940-10-04,148.0,4.1909
1940-10-05,138.0,3.9077
1940-10-06,138.0,3.9077
1940-10-07,136.0,3.8511
1940-10-08,129.0,3.6529
1940-10-09,141.0,3.9927
1940-10-10,134.0,3.7945
1940-10-11,148.0,4.1909
1940-10-12,168.0,4.7572
1940-10-13,983.0,27.8354
1940-10-14,1430.0,40.493
1940-10-15,498.0,14.1018
1940-10-16,293.0,8.2968
1940-10-17,235.0,6.6544
1940-10-18,172.0,4.8705
1940-10-19,150.0,4.2475
1940-10-20,148.0,4.1909
1940-10-21,150.0,4.2475
1940-10-22,150.0,4.2475
1940-10-23,160.0,4.5307
1940-10-24,155.0,4.3891
1940-10-25,150.0,4.2475
1940-10-26,150.0,4.2475
1940-10-27,150.0,4.2475
1940-10-28,145.0,4.1059
1940-10-29,134.0,3.7945
1940-10-30,136.0,3.8511
1940-10-31,125.0,3.5396
1940-11-01,118.0,3.3414
1940-11-02,118.0,3.3414
1940-11-03,123.0,3.483
1940-11-04,132.0,3.7378
1940-11-05,127.0,3.5962
1940-11-06,125.0,3.5396
1940-11-07,127.0,3.5962
1940-11-08,141.0,3.9927
1940-11-09,145.0,4.1059
1940-11-10,127.0,3.5962
1940-11-11,120.0,3.398
1940-11-12,125.0,3.5396
1940-11-13,114.0,3.2281
1940-11-14,123.0,3.483
1940-11-15,136.0,3.8511
1940-11-16,134.0,3.7945
1940-11-17,123.0,3.483
1940-11-18,123.0,3.483
1940-11-19,120.0,3.398
1940-11-20,129.0,3.6529
1940-11-21,118.0,3.3414
1940-11-22,114.0,3.2281
1940-11-23,123.0,3.483
1940-11-24,125.0,3.5396
1940-11-25,127.0,3.5962
1940-11-26,118.0,3.3414
1940-11-27,112.0,3.1715
1940-11-28,112.0,3.1715
1940-11-29,116.0,3.2847
1940-11-30,112.0,3.1715
1940-12-01,109.0,3.0865
1940-12-02,120.0,3.398
1940-12-03,120.0,3.398
1940-12-04,118.0,3.3414
1940-12-05,118.0,3.3414
1940-12-06,127.0,3.5962
1940-12-07,136.0,3.8511
1940-12-08,145.0,4.1059
1940-12-09,134.0,3.7945
1940-12-10,127.0,3.5962
1940-12-11,136.0,3.8511
1940-12-12,141.0,3.9927
1940-12-13,143.0,4.0493
1940-12-14,150.0,4.2475
1940-12-15,158.0,4.4741
1940-12-16,148.0,4.1909
1940-12-17,183.0,5.182
1940-12-18,136.0,3.8511
1940-12-19,186.0,5.2669
1940-12-20,183.0,5.182
1940-12-21,134.0,3.7945
1940-12-22,152.0,4.3042
1940-12-23,145.0,4.1059
1940-12-24,175.0,4.9554
1940-12-25,120.0,3.398
1940-12-26,186.0,5.2669
1940-12-27,183.0,5.182
1940-12-28,188.0,5.3236
1940-12-29,194.0,5.4935
1940-12-30,194.0,5.4935
1940-12-31,186.0,5.2669
1941-01-01,191.0,5.4085
1941-01-02,138.0,3.9077
1941-01-03,188.0,5.3236
1941-01-04,162.0,4.5873
1941-01-05,165.0,4.6723
1941-01-06,158.0,4.4741
1941-01-07,138.0,3.9077
1941-01-08,175.0,4.9554
1941-01-09,127.0,3.5962
1941-01-10,143.0,4.0493
1941-01-11,141.0,3.9927
1941-01-12,197.0,5.5784
1941-01-13,134.0,3.7945
1941-01-14,168.0,4.7572
1941-01-15,199.0,5.635
1941-01-16,180.0,5.097
1941-01-17,214.0,6.0598
1941-01-18,138.0,3.9077
1941-01-19,148.0,4.1909
1941-01-20,211.0,5.9748
1941-01-21,134.0,3.7945
1941-01-22,145.0,4.1059
1941-01-23,127.0,3.5962
1941-01-24,150.0,4.2475
1941-01-25,145.0,4.1059
1941-01-26,143.0,4.0493
1941-01-27,155.0,4.3891
1941-01-28,138.0,3.9077
1941-01-29,158.0,4.4741
1941-01-30,152.0,4.3042
1941-01-31,138.0,3.9077
1941-02-01,138.0,3.9077
1941-02-02,141.0,3.9927
1941-02-03,152.0,4.3042
1941-02-04,155.0,4.3891
1941-02-05,134.0,3.7945
1941-02-06,148.0,4.1909
1941-02-07,134.0,3.7945
1941-02-08,143.0,4.0493
1941-02-09,141.0,3.9927
1941-02-10,125.0,3.5396
1941-02-11,129.0,3.6529
1941-02-12,180.0,5.097
1941-02-13,148.0,4.1909
1941-02-14,125.0,3.5396
1941-02-15,114.0,3.2281
1941-02-16,125.0,3.5396
1941-02-17,160.0,4.5307
1941-02-18,116.0,3.2847
1941-02-19,134.0,3.7945
1941-02-20,150.0,4.2475
1941-02-21,183.0,5.182
1941-02-22,180.0,5.097
1941-02-23,178.0,5.0404
1941-02-24,168.0,4.7572
1941-02-25,125.0,3.5396
1941-02-26,155.0,4.3891
1941-02-27,138.0,3.9077
1941-02-28,141.0,3.9927
1941-03-01,138.0,3.9077
1941-03-02,127.0,3.5962
1941-03-03,120.0,3.398
1941-03-04,89.0,2.5202
1941-03-05,80.0,2.2653
1941-03-06,83.0,2.3503
1941-03-07,83.0,2.3503
1941-03-08,87.0,2.4636
1941-03-09,78.0,2.2087
1941-03-10,75.0,2.1238
1941-03-11,71.0,2.0105
1941-03-12,73.0,2.0671
1941-03-13,68.0,1.9255
1941-03-14,62.0,1.7556
1941-03-15,82.0,2.322
1941-03-16,95.0,2.6901
1941-03-17,125.0,3.5396
1941-03-18,143.0,4.0493
1941-03-19,141.0,3.9927
1941-03-20,123.0,3.483
1941-03-21,116.0,3.2847
1941-03-22,152.0,4.3042
1941-03-23,197.0,5.5784
1941-03-24,162.0,4.5873
1941-03-25,689.0,19.5103
1941-03-26,638.0,18.0661
1941-03-27,252.0,7.1358
1941-03-28,199.0,5.635
1941-03-29,152.0,4.3042
1941-03-30,152.0,4.3042
1941-03-31,136.0,3.8511
1941-04-01,125.0,3.5396
1941-04-02,132.0,3.7378
1941-04-03,120.0,3.398
1941-04-04,134.0,3.7945
1941-04-05,85.0,2.4069
1941-04-06,97.0,2.7467
1941-04-07,107.0,3.0299
1941-04-08,97.0,2.7467
1941-04-09,89.0,2.5202
1941-04-10,89.0,2.5202
1941-04-11,85.0,2.4069
1941-04-12,83.0,2.3503
1941-04-13,82.0,2.322
1941-04-14,82.0,2.322
1941-04-15,83.0,2.3503
1941-04-16,75.0,2.1238
1941-04-17,75.0,2.1238
1941-04-18,87.0,2.4636
1941-04-19,80.0,2.2653
1941-04-20,75.0,2.1238
1941-04-21,125.0,3.5396
1941-04-22,85.0,2.4069
1941-04-23,89.0,2.5202
1941-04-24,114.0,3.2281
1941-04-25,134.0,3.7945
1941-04-26,138.0,3.9077
1941-04-27,230.0,6.5129
1941-04-28,208.0,5.8899
1941-04-29,168.0,4.7572
1941-04-30,127.0,3.5962
1941-05-01,138.0,3.9077
1941-05-02,7460.0,211.2433
1941-05-03,9210.0,260.7977
1941-05-04,4750.0,134.5048
1941-05-05,4610.0,130.5404
1941-05-06,7860.0,222.57
1941-05-07,8200.0,232.1978
1941-05-08,4840.0,137.0533
1941-05-09,2100.0,59.4653
1941-05-10,604.0,17.1033
1941-05-11,1480.0,41.9089
1941-05-12,2150.0,60.8811
1941-05-13,1760.0,49.8376
1941-05-14,714.0,20.2182
1941-05-15,1500.0,42.4752
1941-05-16,1520.0,43.0415
1941-05-17,347.0,9.8259
1941-05-18,1030.0,29.1663
1941-05-19,787.0,22.2853
1941-05-20,642.0,18.1794
1941-05-21,477.0,13.5071
1941-05-22,14800.0,419.0886
1941-05-23,27700.0,784.3754
1941-05-24,30200.0,855.1674
1941-05-25,11000.0,311.4848
1941-05-26,13300.0,376.6134
1941-05-27,14600.0,413.4253
1941-05-28,14000.0,396.4352
1941-05-29,10700.0,302.9898
1941-05-30,9000.0,254.8512
1941-05-31,8080.0,228.7997
1941-06-01,8320.0,235.5958
1941-06-02,5170.0,146.3979
1941-06-03,4610.0,130.5404
1941-06-04,5030.0,142.4335
1941-06-05,4610.0,130.5404
1941-06-06,5730.0,162.2553
1941-06-07,4540.0,128.5583
1941-06-08,4190.0,118.6474
1941-06-09,4330.0,122.6117
1941-06-10,5730.0,162.2553
1941-06-11,5590.0,158.2909
1941-06-12,3550.0,100.5246
1941-06-13,1610.0,45.59
1941-06-14,1410.0,39.9267
1941-06-15,3950.0,111.8514
1941-06-16,3380.0,95.7108
1941-06-17,1720.0,48.7049
1941-06-18,1940.0,54.9346
1941-06-19,2090.0,59.1821
1941-06-20,1770.0,50.1207
1941-06-21,1100.0,31.1485
1941-06-22,2060.0,58.3326
1941-06-23,2000.0,56.6336
1941-06-24,1740.0,49.2712
1941-06-25,2270.0,64.2791
1941-06-26,1380.0,39.0772
1941-06-27,2800.0,79.287
1941-06-28,1590.0,45.0237
1941-06-29,496.0,14.0451
1941-06-30,724.0,20.5014
1941-07-01,1060.0,30.0158
1941-07-02,907.0,25.6833
1941-07-03,1810.0,51.2534
1941-07-04,1700.0,48.1386
1941-07-05,1300.0,36.8118
1941-07-06,852.0,24.1259
1941-07-07,824.0,23.333
1941-07-08,666.0,18.859
1941-07-09,666.0,18.859
1941-07-10,487.0,13.7903
1941-07-11,361.0,10.2224
1941-07-12,265.0,7.504
1941-07-13,322.0,9.118
1941-07-14,382.0,10.817
1941-07-15,1550.0,43.891
1941-07-16,2170.0,61.4475
1941-07-17,3680.0,104.2058
1941-07-18,4050.0,114.683
1941-07-19,4050.0,114.683
1941-07-20,3910.0,110.7187
1941-07-21,946.0,26.7877
1941-07-22,365.0,10.3356
1941-07-23,304.0,8.6083
1941-07-24,290.0,8.2119
1941-07-25,513.0,14.5265
1941-07-26,1370.0,38.794
1941-07-27,1300.0,36.8118
1941-07-28,1420.0,40.2099
1941-07-29,946.0,26.7877
1941-07-30,545.0,15.4327
1941-07-31,441.0,12.4877
1941-08-01,358.0,10.1374
1941-08-02,365.0,10.3356
1941-08-03,350.0,9.9109
1941-08-04,325.0,9.203
1941-08-05,300.0,8.495
1941-08-06,304.0,8.6083
1941-08-07,265.0,7.504
1941-08-08,449.0,12.7142
1941-08-09,383.0,10.8453
1941-08-10,372.0,10.5338
1941-08-11,290.0,8.2119
1941-08-12,232.0,6.5695
1941-08-13,710.0,20.1049
1941-08-14,475.0,13.4505
1941-08-15,332.0,9.4012
1941-08-16,276.0,7.8154
1941-08-17,822.0,23.2764
1941-08-18,1510.0,42.7584
1941-08-19,1920.0,54.3683
1941-08-20,1260.0,35.6792
1941-08-21,535.0,15.1495
1941-08-22,1480.0,41.9089
1941-08-23,2150.0,60.8811
1941-08-24,1920.0,54.3683
1941-08-25,1780.0,50.4039
1941-08-26,907.0,25.6833
1941-08-27,401.0,11.355
1941-08-28,459.0,12.9974
1941-08-29,1460.0,41.3425
1941-08-30,1620.0,45.8732
1941-08-31,1380.0,39.0772
1941-09-01,1160.0,32.8475
1941-09-02,1120.0,31.7148
1941-09-03,1120.0,31.7148
1941-09-04,1120.0,31.7148
1941-09-05,1300.0,36.8118
1941-09-06,1270.0,35.9623
1941-09-07,858.0,24.2958
1941-09-08,708.0,20.0483
1941-09-09,559.0,15.8291
1941-09-10,336.0,9.5144
1941-09-11,332.0,9.4012
1941-09-12,325.0,9.203
1941-09-13,343.0,9.7127
1941-09-14,512.0,14.4982
1941-09-15,412.0,11.6665
1941-09-16,449.0,12.7142
1941-09-17,350.0,9.9109
1941-09-18,390.0,11.0436
1941-09-19,788.0,22.3136
1941-09-20,996.0,28.2035
1941-09-21,19000.0,538.0192
1941-09-22,10900.0,308.6531
1941-09-23,22800.0,645.623
1941-09-24,18200.0,515.3658
1941-09-25,18900.0,535.1875
1941-09-26,25600.0,724.9101
1941-09-27,29800.0,843.8406
1941-09-28,18000.0,509.7024
1941-09-29,10600.0,300.1581
1941-09-30,7380.0,208.978
1941-10-01,8880.0,251.4532
1941-10-02,12400.0,351.1283
1941-10-03,16800.0,475.7222
1941-10-04,18600.0,526.6925
1941-10-05,12400.0,351.1283
1941-10-06,8050.0,227.9502
1941-10-07,6710.0,190.0057
1941-10-08,6290.0,178.1127
1941-10-09,5590.0,158.2909
1941-10-10,4750.0,134.5048
1941-10-11,4470.0,126.5761
1941-10-12,3120.0,88.3484
1941-10-13,1620.0,45.8732
1941-10-14,1740.0,49.2712
1941-10-15,1700.0,48.1386
1941-10-16,1740.0,49.2712
1941-10-17,1870.0,52.9524
1941-10-18,1870.0,52.9524
1941-10-19,1550.0,43.891
1941-10-20,1860.0,52.6692
1941-10-21,1740.0,49.2712
1941-10-22,1790.0,50.6871
1941-10-23,1660.0,47.0059
1941-10-24,3520.0,99.6751
1941-10-25,3260.0,92.3128
1941-10-26,4190.0,118.6474
1941-10-27,5030.0,142.4335
1941-10-28,5450.0,154.3266
1941-10-29,5170.0,146.3979
1941-10-30,4750.0,134.5048
1941-10-31,4330.0,122.6117
1941-11-01,2970.0,84.1009
1941-11-02,1320.0,37.3782
1941-11-03,887.0,25.117
1941-11-04,3870.0,109.586
1941-11-05,4190.0,118.6474
1941-11-06,4050.0,114.683
1941-11-07,1500.0,42.4752
1941-11-08,1350.0,38.2277
1941-11-09,1300.0,36.8118
1941-11-10,1350.0,38.2277
1941-11-11,1480.0,41.9089
1941-11-12,1500.0,42.4752
1941-11-13,1200.0,33.9802
1941-11-14,508.0,14.3849
1941-11-15,496.0,14.0451
1941-11-16,483.0,13.677
1941-11-17,504.0,14.2717
1941-11-18,491.0,13.9035
1941-11-19,834.0,23.6162
1941-11-20,2070.0,58.6158
1941-11-21,1210.0,34.2633
1941-11-22,1290.0,36.5287
1941-11-23,1200.0,33.9802
1941-11-24,1390.0,39.3604
1941-11-25,1410.0,39.9267
1941-11-26,376.0,10.6471
1941-11-27,286.0,8.0986
1941-11-28,300.0,8.495
1941-11-29,690.0,19.5386
1941-11-30,950.0,26.901
1941-12-01,880.0,24.9188
1941-12-02,702.0,19.8784
1941-12-03,690.0,19.5386
1941-12-04,696.0,19.7085
1941-12-05,684.0,19.3687
1941-12-06,880.0,24.9188
1941-12-07,1020.0,28.8831
1941-12-08,1060.0,30.0158
1941-12-09,985.0,27.892
1941-12-10,817.0,23.1348
1941-12-11,792.0,22.4269
1941-12-12,831.0,23.5313
1941-12-13,915.0,25.9099
1941-12-14,1020.0,28.8831
1941-12-15,1060.0,30.0158
1941-12-16,1060.0,30.0158
1941-12-17,1060.0,30.0158
1941-12-18,1060.0,30.0158
1941-12-19,1060.0,30.0158
1941-12-20,985.0,27.892
1941-12-21,804.0,22.7667
1941-12-22,774.0,21.9172
1941-12-23,750.0,21.2376
1941-12-24,750.0,21.2376
1941-12-25,744.0,21.0677
1941-12-26,648.0,18.3493
1941-12-27,487.0,13.7903
1941-12-28,483.0,13.677
1941-12-29,487.0,13.7903
1941-12-30,496.0,14.0451
1941-12-31,530.0,15.0079
1942-01-01,560.0,15.8574
1942-01-02,614.0,17.3865
1942-01-03,654.0,18.5192
1942-01-04,660.0,18.6891
1942-01-05,800.0,22.6534
1942-01-06,800.0,22.6534
1942-01-07,800.0,22.6534
1942-01-08,800.0,22.6534
1942-01-09,838.0,23.7295
1942-01-10,1980.0,56.0673
1942-01-11,1870.0,52.9524
1942-01-12,1490.0,42.192
1942-01-13,483.0,13.677
1942-01-14,438.0,12.4028
1942-01-15,438.0,12.4028
1942-01-16,408.0,11.5533
1942-01-17,394.0,11.1568
1942-01-18,386.0,10.9303
1942-01-19,376.0,10.6471
1942-01-20,368.0,10.4206
1942-01-21,365.0,10.3356
1942-01-22,361.0,10.2224
1942-01-23,361.0,10.2224
1942-01-24,354.0,10.0241
1942-01-25,358.0,10.1374
1942-01-26,354.0,10.0241
1942-01-27,358.0,10.1374
1942-01-28,866.0,24.5223
1942-01-29,1380.0,39.0772
1942-01-30,1340.0,37.9445
1942-01-31,528.0,14.9513
1942-02-01,1170.0,33.1307
1942-02-02,1910.0,54.0851
1942-02-03,696.0,19.7085
1942-02-04,678.0,19.1988
1942-02-05,423.0,11.978
1942-02-06,379.0,10.7321
1942-02-07,445.0,12.601
1942-02-08,1880.0,53.2356
1942-02-09,1890.0,53.5188
1942-02-10,433.0,12.2612
1942-02-11,347.0,9.8259
1942-02-12,343.0,9.7127
1942-02-13,322.0,9.118
1942-02-14,304.0,8.6083
1942-02-15,286.0,8.0986
1942-02-16,290.0,8.2119
1942-02-17,279.0,7.9004
1942-02-18,258.0,7.3057
1942-02-19,265.0,7.504
1942-02-20,235.0,6.6544
1942-02-21,242.0,6.8527
1942-02-22,205.0,5.8049
1942-02-23,248.0,7.0226
1942-02-24,229.0,6.4845
1942-02-25,239.0,6.7677
1942-02-26,311.0,8.8065
1942-02-27,307.0,8.6933
1942-02-28,343.0,9.7127
1942-03-01,487.0,13.7903
1942-03-02,535.0,15.1495
1942-03-03,500.0,14.1584
1942-03-04,412.0,11.6665
1942-03-05,372.0,10.5338
1942-03-06,354.0,10.0241
1942-03-07,350.0,9.9109
1942-03-08,350.0,9.9109
1942-03-09,343.0,9.7127
1942-03-10,347.0,9.8259
1942-03-11,340.0,9.6277
1942-03-12,340.0,9.6277
1942-03-13,336.0,9.5144
1942-03-14,332.0,9.4012
1942-03-15,332.0,9.4012
1942-03-16,340.0,9.6277
1942-03-17,322.0,9.118
1942-03-18,290.0,8.2119
1942-03-19,265.0,7.504
1942-03-20,202.0,5.72
1942-03-21,178.0,5.0404
1942-03-22,165.0,4.6723
1942-03-23,217.0,6.1447
1942-03-24,191.0,5.4085
1942-03-25,194.0,5.4935
1942-03-26,208.0,5.8899
1942-03-27,172.0,4.8705
1942-03-28,168.0,4.7572
1942-03-29,152.0,4.3042
1942-03-30,172.0,4.8705
1942-03-31,178.0,5.0404
1942-04-01,152.0,4.3042
1942-04-02,165.0,4.6723
1942-04-03,160.0,4.5307
1942-04-04,162.0,4.5873
1942-04-05,155.0,4.3891
1942-04-06,205.0,5.8049
1942-04-07,211.0,5.9748
1942-04-08,178.0,5.0404
1942-04-09,255.0,7.2208
1942-04-10,205.0,5.8049
1942-04-11,170.0,4.8139
1942-04-12,148.0,4.1909
1942-04-13,155.0,4.3891
1942-04-14,150.0,4.2475
1942-04-15,172.0,4.8705
1942-04-16,160.0,4.5307
1942-04-17,152.0,4.3042
1942-04-18,180.0,5.097
1942-04-19,178.0,5.0404
1942-04-20,175.0,4.9554
1942-04-21,168.0,4.7572
1942-04-22,158.0,4.4741
1942-04-23,191.0,5.4085
1942-04-24,186.0,5.2669
1942-04-25,1040.0,29.4495
1942-04-26,3470.0,98.2593
1942-04-27,4190.0,118.6474
1942-04-28,2930.0,82.9682
1942-04-29,1870.0,52.9524
1942-04-30,2740.0,77.588
1942-05-01,3770.0,106.7543
1942-05-02,2020.0,57.1999
1942-05-03,3640.0,103.0732
1942-05-04,2480.0,70.2257
1942-05-05,1100.0,31.1485
1942-05-06,343.0,9.7127
1942-05-07,262.0,7.419
1942-05-08,307.0,8.6933
1942-05-09,340.0,9.6277
1942-05-10,282.0,7.9853
1942-05-11,296.0,8.3818
1942-05-12,248.0,7.0226
1942-05-13,248.0,7.0226
1942-05-14,343.0,9.7127
1942-05-15,304.0,8.6083
1942-05-16,286.0,8.0986
1942-05-17,248.0,7.0226
1942-05-18,255.0,7.2208
1942-05-19,596.0,16.8768
1942-05-20,1330.0,37.6613
1942-05-21,1210.0,34.2633
1942-05-22,1870.0,52.9524
1942-05-23,2170.0,61.4475
1942-05-24,1660.0,47.0059
1942-05-25,1620.0,45.8732
1942-05-26,1820.0,51.5366
1942-05-27,2200.0,62.297
1942-05-28,2150.0,60.8811
1942-05-29,1450.0,41.0594
1942-05-30,608.0,17.2166
1942-05-31,412.0,11.6665
1942-06-01,358.0,10.1374
1942-06-02,304.0,8.6083
1942-06-03,214.0,6.0598
1942-06-04,226.0,6.3996
1942-06-05,208.0,5.8899
1942-06-06,199.0,5.635
1942-06-07,175.0,4.9554
1942-06-08,202.0,5.72
1942-06-09,440.0,12.4594
1942-06-10,887.0,25.117
1942-06-11,556.0,15.7441
1942-06-12,318.0,9.0047
1942-06-13,258.0,7.3057
1942-06-14,158.0,4.4741
1942-06-15,168.0,4.7572
1942-06-16,158.0,4.4741
1942-06-17,228.0,6.4562
1942-06-18,332.0,9.4012
1942-06-19,239.0,6.7677
1942-06-20,208.0,5.8899
1942-06-21,178.0,5.0404
1942-06-22,199.0,5.635
1942-06-23,188.0,5.3236
1942-06-24,155.0,4.3891
1942-06-25,180.0,5.097
1942-06-26,191.0,5.4085
1942-06-27,129.0,3.6529
1942-06-28,82.0,2.322
1942-06-29,73.0,2.0671
1942-06-30,97.0,2.7467
1942-07-01,136.0,3.8511
1942-07-02,148.0,4.1909
1942-07-03,152.0,4.3042
1942-07-04,235.0,6.6544
1942-07-05,232.0,6.5695
1942-07-06,208.0,5.8899
1942-07-07,191.0,5.4085
1942-07-08,202.0,5.72
1942-07-09,186.0,5.2669
1942-07-10,165.0,4.6723
1942-07-11,162.0,4.5873
1942-07-12,205.0,5.8049
1942-07-13,245.0,6.9376
1942-07-14,188.0,5.3236
1942-07-15,180.0,5.097
1942-07-16,155.0,4.3891
1942-07-17,165.0,4.6723
1942-07-18,175.0,4.9554
1942-07-19,145.0,4.1059
1942-07-20,150.0,4.2475
1942-07-21,138.0,3.9077
1942-07-22,178.0,5.0404
1942-07-23,152.0,4.3042
1942-07-24,136.0,3.8511
1942-07-25,158.0,4.4741
1942-07-26,162.0,4.5873
1942-07-27,134.0,3.7945
1942-07-28,209.0,5.9182
1942-07-29,194.0,5.4935
1942-07-30,194.0,5.4935
1942-07-31,194.0,5.4935
1942-08-01,147.0,4.1626
1942-08-02,147.0,4.1626
1942-08-03,147.0,4.1626
1942-08-04,147.0,4.1626
1942-08-05,147.0,4.1626
1942-08-06,147.0,4.1626
1942-08-07,147.0,4.1626
1942-08-08,147.0,4.1626
1942-08-09,147.0,4.1626
1942-08-10,147.0,4.1626
1942-08-11,147.0,4.1626
1942-08-12,91.0,2.5768
1942-08-13,132.0,3.7378
1942-08-14,175.0,4.9554
1942-08-15,220.0,6.2297
1942-08-16,220.0,6.2297
1942-08-17,242.0,6.8527
1942-08-18,211.0,5.9748
1942-08-19,217.0,6.1447
1942-08-20,160.0,4.5307
1942-08-21,160.0,4.5307
1942-08-22,150.0,4.2475
1942-08-23,138.0,3.9077
1942-08-24,150.0,4.2475
1942-08-25,162.0,4.5873
1942-08-26,217.0,6.1447
1942-08-27,178.0,5.0404
1942-08-28,165.0,4.6723
1942-08-29,180.0,5.097
1942-08-30,170.0,4.8139
1942-08-31,211.0,5.9748
1942-09-01,311.0,8.8065
1942-09-02,217.0,6.1447
1942-09-03,2260.0,63.996
1942-09-04,3060.0,86.6494
1942-09-05,3120.0,88.3484
1942-09-06,3640.0,103.0732
1942-09-07,4330.0,122.6117
1942-09-08,4610.0,130.5404
1942-09-09,4050.0,114.683
1942-09-10,3280.0,92.8791
1942-09-11,1730.0,48.9881
1942-09-12,1340.0,37.9445
1942-09-13,1300.0,36.8118
1942-09-14,1200.0,33.9802
1942-09-15,985.0,27.892
1942-09-16,985.0,27.892
1942-09-17,2210.0,62.5801
1942-09-18,3510.0,99.392
1942-09-19,1500.0,42.4752
1942-09-20,419.0,11.8647
1942-09-21,383.0,10.8453
1942-09-22,304.0,8.6083
1942-09-23,585.0,16.5653
1942-09-24,1060.0,30.0158
1942-09-25,1060.0,30.0158
1942-09-26,1060.0,30.0158
1942-09-27,1020.0,28.8831
1942-09-28,1060.0,30.0158
1942-09-29,1020.0,28.8831
1942-09-30,985.0,27.892
1942-10-01,612.0,17.3299
1942-10-02,502.0,14.215
1942-10-03,362.0,10.2507
1942-10-04,498.0,14.1018
1942-10-05,675.0,19.1138
1942-10-06,612.0,17.3299
1942-10-07,616.0,17.4431
1942-10-08,621.0,17.5847
1942-10-09,578.0,16.3671
1942-10-10,484.0,13.7053
1942-10-11,321.0,9.0897
1942-10-12,283.0,8.0137
1942-10-13,290.0,8.2119
1942-10-14,333.0,9.4295
1942-10-15,298.0,8.4384
1942-10-16,264.0,7.4756
1942-10-17,302.0,8.5517
1942-10-18,287.0,8.1269
1942-10-19,302.0,8.5517
1942-10-20,306.0,8.6649
1942-10-21,298.0,8.4384
1942-10-22,294.0,8.3251
1942-10-23,294.0,8.3251
1942-10-24,294.0,8.3251
1942-10-25,321.0,9.0897
1942-10-26,298.0,8.4384
1942-10-27,345.0,9.7693
1942-10-28,588.0,16.6503
1942-10-29,540.0,15.2911
1942-10-30,498.0,14.1018
1942-10-31,494.0,13.9885
1942-11-01,512.0,14.4982
1942-11-02,549.0,15.5459
1942-11-03,3130.0,88.6316
1942-11-04,2450.0,69.3762
1942-11-05,391.0,11.0719
1942-11-06,441.0,12.4877
1942-11-07,2910.0,82.4019
1942-11-08,4440.0,125.7266
1942-11-09,3920.0,111.0019
1942-11-10,1360.0,38.5108
1942-11-11,378.0,10.7038
1942-11-12,600.0,16.9901
1942-11-13,1080.0,30.5821
1942-11-14,1080.0,30.5821
1942-11-15,1080.0,30.5821
1942-11-16,1080.0,30.5821
1942-11-17,1080.0,30.5821
1942-11-18,1080.0,30.5821
1942-11-19,1080.0,30.5821
1942-11-20,540.0,15.2911
1942-11-21,268.0,7.5889
1942-11-22,616.0,17.4431
1942-11-23,900.0,25.4851
1942-11-24,800.0,22.6534
1942-11-25,600.0,16.9901
1942-11-26,480.0,13.5921
1942-11-27,480.0,13.5921
1942-11-28,510.0,14.4416
1942-11-29,480.0,13.5921
1942-11-30,460.0,13.0257
1942-12-01,460.0,13.0257
1942-12-02,460.0,13.0257
1942-12-03,440.0,12.4594
1942-12-04,450.0,12.7426
1942-12-05,450.0,12.7426
1942-12-06,480.0,13.5921
1942-12-07,490.0,13.8752
1942-12-08,450.0,12.7426
1942-12-09,410.0,11.6099
1942-12-10,360.0,10.194
1942-12-11,520.0,14.7247
1942-12-12,500.0,14.1584
1942-12-13,450.0,12.7426
1942-12-14,450.0,12.7426
1942-12-15,400.0,11.3267
1942-12-16,410.0,11.6099
1942-12-17,400.0,11.3267
1942-12-18,430.0,12.1762
1942-12-19,430.0,12.1762
1942-12-20,440.0,12.4594
1942-12-21,370.0,10.4772
1942-12-22,330.0,9.3445
1942-12-23,360.0,10.194
1942-12-24,448.0,12.6859
1942-12-25,572.0,16.1972
1942-12-26,1310.0,37.095
1942-12-27,1010.0,28.6
1942-12-28,905.0,25.6267
1942-12-29,587.0,16.622
1942-12-30,268.0,7.5889
1942-12-31,202.0,5.72
1943-01-01,182.0,5.1537
1943-01-02,190.0,5.3802
1943-01-03,171.0,4.8422
1943-01-04,156.0,4.4174
1943-01-05,199.0,5.635
1943-01-06,263.0,7.4473
1943-01-07,675.0,19.1138
1943-01-08,675.0,19.1138
1943-01-09,675.0,19.1138
1943-01-10,592.0,16.7635
1943-01-11,549.0,15.5459
1943-01-12,540.0,15.2911
1943-01-13,530.0,15.0079
1943-01-14,526.0,14.8946
1943-01-15,526.0,14.8946
1943-01-16,526.0,14.8946
1943-01-17,512.0,14.4982
1943-01-18,502.0,14.215
1943-01-19,498.0,14.1018
1943-01-20,444.0,12.5727
1943-01-21,391.0,11.0719
1943-01-22,230.0,6.5129
1943-01-23,298.0,8.4384
1943-01-24,310.0,8.7782
1943-01-25,333.0,9.4295
1943-01-26,310.0,8.7782
1943-01-27,321.0,9.0897
1943-01-28,317.0,8.9764
1943-01-29,321.0,9.0897
1943-01-30,333.0,9.4295
1943-01-31,317.0,8.9764
1943-02-01,314.0,8.8915
1943-02-02,321.0,9.0897
1943-02-03,484.0,13.7053
1943-02-04,458.0,12.9691
1943-02-05,444.0,12.5727
1943-02-06,440.0,12.4594
1943-02-07,387.0,10.9586
1943-02-08,329.0,9.3162
1943-02-09,366.0,10.3639
1943-02-10,341.0,9.656
1943-02-11,314.0,8.8915
1943-02-12,279.0,7.9004
1943-02-13,294.0,8.3251
1943-02-14,264.0,7.4756
1943-02-15,261.0,7.3907
1943-02-16,240.0,6.796
1943-02-17,211.0,5.9748
1943-02-18,199.0,5.635
1943-02-19,171.0,4.8422
1943-02-20,180.0,5.097
1943-02-21,169.0,4.7855
1943-02-22,174.0,4.9271
1943-02-23,214.0,6.0598
1943-02-24,182.0,5.1537
1943-02-25,169.0,4.7855
1943-02-26,154.0,4.3608
1943-02-27,154.0,4.3608
1943-02-28,156.0,4.4174
1943-03-01,257.0,7.2774
1943-03-02,294.0,8.3251
1943-03-03,306.0,8.6649
1943-03-04,298.0,8.4384
1943-03-05,317.0,8.9764
1943-03-06,321.0,9.0897
1943-03-07,294.0,8.3251
1943-03-08,294.0,8.3251
1943-03-09,306.0,8.6649
1943-03-10,306.0,8.6649
1943-03-11,302.0,8.5517
1943-03-12,279.0,7.9004
1943-03-13,298.0,8.4384
1943-03-14,223.0,6.3146
1943-03-15,230.0,6.5129
1943-03-16,196.0,5.5501
1943-03-17,185.0,5.2386
1943-03-18,156.0,4.4174
1943-03-19,161.0,4.559
1943-03-20,171.0,4.8422
1943-03-21,147.0,4.1626
1943-03-22,140.0,3.9644
1943-03-23,142.0,4.021
1943-03-24,135.0,3.8228
1943-03-25,144.0,4.0776
1943-03-26,122.0,3.4546
1943-03-27,127.0,3.5962
1943-03-28,110.0,3.1148
1943-03-29,122.0,3.4546
1943-03-30,114.0,3.2281
1943-03-31,122.0,3.4546
1943-04-01,124.0,3.5113
1943-04-02,127.0,3.5962
1943-04-03,140.0,3.9644
1943-04-04,127.0,3.5962
1943-04-05,142.0,4.021
1943-04-06,127.0,3.5962
1943-04-07,147.0,4.1626
1943-04-08,142.0,4.021
1943-04-09,127.0,3.5962
1943-04-10,147.0,4.1626
1943-04-11,133.0,3.7661
1943-04-12,127.0,3.5962
1943-04-13,122.0,3.4546
1943-04-14,140.0,3.9644
1943-04-15,140.0,3.9644
1943-04-16,140.0,3.9644
1943-04-17,149.0,4.2192
1943-04-18,138.0,3.9077
1943-04-19,138.0,3.9077
1943-04-20,133.0,3.7661
1943-04-21,140.0,3.9644
1943-04-22,140.0,3.9644
1943-04-23,131.0,3.7095
1943-04-24,154.0,4.3608
1943-04-25,129.0,3.6529
1943-04-26,135.0,3.8228
1943-04-27,118.0,3.3414
1943-04-28,129.0,3.6529
1943-04-29,131.0,3.7095
1943-04-30,124.0,3.5113
1943-05-01,133.0,3.7661
1943-05-02,122.0,3.4546
1943-05-03,144.0,4.0776
1943-05-04,142.0,4.021
1943-05-05,159.0,4.5024
1943-05-06,166.0,4.7006
1943-05-07,164.0,4.644
1943-05-08,166.0,4.7006
1943-05-09,171.0,4.8422
1943-05-10,196.0,5.5501
1943-05-11,177.0,5.0121
1943-05-12,169.0,4.7855
1943-05-13,193.0,5.4651
1943-05-14,171.0,4.8422
1943-05-15,190.0,5.3802
1943-05-16,152.0,4.3042
1943-05-17,154.0,4.3608
1943-05-18,142.0,4.021
1943-05-19,161.0,4.559
1943-05-20,161.0,4.559
1943-05-21,138.0,3.9077
1943-05-22,212.0,6.0032
1943-05-23,185.0,5.2386
1943-05-24,199.0,5.635
1943-05-25,149.0,4.2192
1943-05-26,147.0,4.1626
1943-05-27,142.0,4.021
1943-05-28,133.0,3.7661
1943-05-29,147.0,4.1626
1943-05-30,133.0,3.7661
1943-05-31,129.0,3.6529
1943-06-01,133.0,3.7661
1943-06-02,129.0,3.6529
1943-06-03,131.0,3.7095
1943-06-04,108.0,3.0582
1943-06-05,112.0,3.1715
1943-06-06,154.0,4.3608
1943-06-07,164.0,4.644
1943-06-08,142.0,4.021
1943-06-09,217.0,6.1447
1943-06-10,133.0,3.7661
1943-06-11,177.0,5.0121
1943-06-12,287.0,8.1269
1943-06-13,185.0,5.2386
1943-06-14,182.0,5.1537
1943-06-15,161.0,4.559
1943-06-16,161.0,4.559
1943-06-17,131.0,3.7095
1943-06-18,127.0,3.5962
1943-06-19,142.0,4.021
1943-06-20,182.0,5.1537
1943-06-21,199.0,5.635
1943-06-22,156.0,4.4174
1943-06-23,166.0,4.7006
1943-06-24,169.0,4.7855
1943-06-25,147.0,4.1626
1943-06-26,166.0,4.7006
1943-06-27,156.0,4.4174
1943-06-28,154.0,4.3608
1943-06-29,179.0,5.0687
1943-06-30,534.0,15.1212
1943-07-01,370.0,10.4772
1943-07-02,381.0,10.7887
1943-07-03,258.0,7.3057
1943-07-04,252.0,7.1358
1943-07-05,220.0,6.2297
1943-07-06,385.0,10.902
1943-07-07,345.0,9.7693
1943-07-08,298.0,8.4384
1943-07-09,240.0,6.796
1943-07-10,390.0,11.0436
1943-07-11,289.0,8.1836
1943-07-12,370.0,10.4772
1943-07-13,342.0,9.6843
1943-07-14,247.0,6.9942
1943-07-15,308.0,8.7216
1943-07-16,222.0,6.2863
1943-07-17,185.0,5.2386
1943-07-18,250.0,7.0792
1943-07-19,439.0,12.4311
1943-07-20,223.0,6.3146
1943-07-21,199.0,5.635
1943-07-22,171.0,4.8422
1943-07-23,190.0,5.3802
1943-07-24,156.0,4.4174
1943-07-25,161.0,4.559
1943-07-26,133.0,3.7661
1943-07-27,140.0,3.9644
1943-07-28,108.0,3.0582
1943-07-29,110.0,3.1148
1943-07-30,106.0,3.0016
1943-07-31,100.0,2.8317
1943-08-01,104.0,2.9449
1943-08-02,116.0,3.2847
1943-08-03,140.0,3.9644
1943-08-04,124.0,3.5113
1943-08-05,110.0,3.1148
1943-08-06,102.0,2.8883
1943-08-07,95.0,2.6901
1943-08-08,89.0,2.5202
1943-08-09,79.0,2.237
1943-08-10,58.0,1.6424
1943-08-11,95.0,2.6901
1943-08-12,108.0,3.0582
1943-08-13,100.0,2.8317
1943-08-14,104.0,2.9449
1943-08-15,96.0,2.7184
1943-08-16,100.0,2.8317
1943-08-17,72.0,2.0388
1943-08-18,106.0,3.0016
1943-08-19,98.0,2.775
1943-08-20,110.0,3.1148
1943-08-21,114.0,3.2281
1943-08-22,124.0,3.5113
1943-08-23,127.0,3.5962
1943-08-24,108.0,3.0582
1943-08-25,116.0,3.2847
1943-08-26,110.0,3.1148
1943-08-27,108.0,3.0582
1943-08-28,114.0,3.2281
1943-08-29,116.0,3.2847
1943-08-30,124.0,3.5113
1943-08-31,108.0,3.0582
1943-09-01,129.0,3.6529
1943-09-02,135.0,3.8228
1943-09-03,147.0,4.1626
1943-09-04,174.0,4.9271
1943-09-05,180.0,5.097
1943-09-06,199.0,5.635
1943-09-07,166.0,4.7006
1943-09-08,202.0,5.72
1943-09-09,185.0,5.2386
1943-09-10,152.0,4.3042
1943-09-11,161.0,4.559
1943-09-12,164.0,4.644
1943-09-13,131.0,3.7095
1943-09-14,127.0,3.5962
1943-09-15,149.0,4.2192
1943-09-16,142.0,4.021
1943-09-17,135.0,3.8228
1943-09-18,161.0,4.559
1943-09-19,182.0,5.1537
1943-09-20,159.0,4.5024
1943-09-21,149.0,4.2192
1943-09-22,156.0,4.4174
1943-09-23,166.0,4.7006
1943-09-24,164.0,4.644
1943-09-25,185.0,5.2386
1943-09-26,171.0,4.8422
1943-09-27,196.0,5.5501
1943-09-28,171.0,4.8422
1943-09-29,196.0,5.5501
1943-09-30,178.0,5.0404
1943-10-01,188.0,5.3236
1943-10-02,217.0,6.1447
1943-10-03,182.0,5.1537
1943-10-04,211.0,5.9748
1943-10-05,154.0,4.3608
1943-10-06,177.0,5.0121
1943-10-07,174.0,4.9271
1943-10-08,169.0,4.7855
1943-10-09,152.0,4.3042
1943-10-10,149.0,4.2192
1943-10-11,174.0,4.9271
1943-10-12,135.0,3.8228
1943-10-13,159.0,4.5024
1943-10-14,161.0,4.559
1943-10-15,147.0,4.1626
1943-10-16,135.0,3.8228
1943-10-17,193.0,5.4651
1943-10-18,185.0,5.2386
1943-10-19,135.0,3.8228
1943-10-20,190.0,5.3802
1943-10-21,177.0,5.0121
1943-10-22,174.0,4.9271
1943-10-23,199.0,5.635
1943-10-24,199.0,5.635
1943-10-25,233.0,6.5978
1943-10-26,171.0,4.8422
1943-10-27,205.0,5.8049
1943-10-28,193.0,5.4651
1943-10-29,205.0,5.8049
1943-10-30,220.0,6.2297
1943-10-31,166.0,4.7006
1943-11-01,211.0,5.9748
1943-11-02,180.0,5.097
1943-11-03,257.0,7.2774
1943-11-04,214.0,6.0598
1943-11-05,205.0,5.8049
1943-11-06,164.0,4.644
1943-11-07,164.0,4.644
1943-11-08,166.0,4.7006
1943-11-09,169.0,4.7855
1943-11-10,161.0,4.559
1943-11-11,169.0,4.7855
1943-11-12,169.0,4.7855
1943-11-13,164.0,4.644
1943-11-14,161.0,4.559
1943-11-15,190.0,5.3802
1943-11-16,147.0,4.1626
1943-11-17,154.0,4.3608
1943-11-18,188.0,5.3236
1943-11-19,247.0,6.9942
1943-11-20,250.0,7.0792
1943-11-21,190.0,5.3802
1943-11-22,190.0,5.3802
1943-11-23,171.0,4.8422
1943-11-24,190.0,5.3802
1943-11-25,226.0,6.3996
1943-11-26,237.0,6.7111
1943-11-27,247.0,6.9942
1943-11-28,211.0,5.9748
1943-11-29,208.0,5.8899
1943-11-30,193.0,5.4651
1943-12-01,226.0,6.3996
1943-12-02,220.0,6.2297
1943-12-03,205.0,5.8049
1943-12-04,199.0,5.635
1943-12-05,208.0,5.8899
1943-12-06,211.0,5.9748
1943-12-07,205.0,5.8049
1943-12-08,205.0,5.8049
1943-12-09,188.0,5.3236
1943-12-10,254.0,7.1925
1943-12-11,240.0,6.796
1943-12-12,283.0,8.0137
1943-12-13,279.0,7.9004
1943-12-14,233.0,6.5978
1943-12-15,237.0,6.7111
1943-12-16,214.0,6.0598
1943-12-17,208.0,5.8899
1943-12-18,214.0,6.0598
1943-12-19,211.0,5.9748
1943-12-20,223.0,6.3146
1943-12-21,208.0,5.8899
1943-12-22,254.0,7.1925
1943-12-23,237.0,6.7111
1943-12-24,208.0,5.8899
1943-12-25,240.0,6.796
1943-12-26,237.0,6.7111
1943-12-27,243.0,6.881
1943-12-28,211.0,5.9748
1943-12-29,226.0,6.3996
1943-12-30,211.0,5.9748
1943-12-31,199.0,5.635
1944-01-01,240.0,6.796
1944-01-02,247.0,6.9942
1944-01-03,254.0,7.1925
1944-01-04,391.0,11.0719
1944-01-05,317.0,8.9764
1944-01-06,276.0,7.8154
1944-01-07,223.0,6.3146
1944-01-08,247.0,6.9942
1944-01-09,230.0,6.5129
1944-01-10,250.0,7.0792
1944-01-11,226.0,6.3996
1944-01-12,250.0,7.0792
1944-01-13,240.0,6.796
1944-01-14,233.0,6.5978
1944-01-15,226.0,6.3996
1944-01-16,220.0,6.2297
1944-01-17,243.0,6.881
1944-01-18,233.0,6.5978
1944-01-19,254.0,7.1925
1944-01-20,237.0,6.7111
1944-01-21,214.0,6.0598
1944-01-22,243.0,6.881
1944-01-23,223.0,6.3146
1944-01-24,240.0,6.796
1944-01-25,223.0,6.3146
1944-01-26,264.0,7.4756
1944-01-27,254.0,7.1925
1944-01-28,230.0,6.5129
1944-01-29,261.0,7.3907
1944-01-30,233.0,6.5978
1944-01-31,257.0,7.2774
1944-02-01,247.0,6.9942
1944-02-02,294.0,8.3251
1944-02-03,287.0,8.1269
1944-02-04,279.0,7.9004
1944-02-05,287.0,8.1269
1944-02-06,272.0,7.7022
1944-02-07,203.0,5.7483
1944-02-08,254.0,7.1925
1944-02-09,279.0,7.9004
1944-02-10,272.0,7.7022
1944-02-11,250.0,7.0792
1944-02-12,261.0,7.3907
1944-02-13,214.0,6.0598
1944-02-14,247.0,6.9942
1944-02-15,217.0,6.1447
1944-02-16,257.0,7.2774
1944-02-17,254.0,7.1925
1944-02-18,193.0,5.4651
1944-02-19,264.0,7.4756
1944-02-20,230.0,6.5129
1944-02-21,214.0,6.0598
1944-02-22,250.0,7.0792
1944-02-23,214.0,6.0598
1944-02-24,247.0,6.9942
1944-02-25,261.0,7.3907
1944-02-26,279.0,7.9004
1944-02-27,250.0,7.0792
1944-02-28,279.0,7.9004
1944-02-29,264.0,7.4756
1944-03-01,279.0,7.9004
1944-03-02,264.0,7.4756
1944-03-03,254.0,7.1925
1944-03-04,202.0,5.72
1944-03-05,167.0,4.7289
1944-03-06,264.0,7.4756
1944-03-07,217.0,6.1447
1944-03-08,174.0,4.9271
1944-03-09,205.0,5.8049
1944-03-10,193.0,5.4651
1944-03-11,220.0,6.2297
1944-03-12,193.0,5.4651
1944-03-13,188.0,5.3236
1944-03-14,147.0,4.1626
1944-03-15,166.0,4.7006
1944-03-16,174.0,4.9271
1944-03-17,169.0,4.7855
1944-03-18,185.0,5.2386
1944-03-19,147.0,4.1626
1944-03-20,159.0,4.5024
1944-03-21,177.0,5.0121
1944-03-22,152.0,4.3042
1944-03-23,131.0,3.7095
1944-03-24,154.0,4.3608
1944-03-25,152.0,4.3042
1944-03-26,124.0,3.5113
1944-03-27,124.0,3.5113
1944-03-28,140.0,3.9644
1944-03-29,144.0,4.0776
1944-03-30,152.0,4.3042
1944-03-31,164.0,4.644
1944-04-01,154.0,4.3608
1944-04-02,131.0,3.7095
1944-04-03,154.0,4.3608
1944-04-04,138.0,3.9077
1944-04-05,131.0,3.7095
1944-04-06,122.0,3.4546
1944-04-07,122.0,3.4546
1944-04-08,131.0,3.7095
1944-04-09,138.0,3.9077
1944-04-10,144.0,4.0776
1944-04-11,135.0,3.8228
1944-04-12,129.0,3.6529
1944-04-13,124.0,3.5113
1944-04-14,106.0,3.0016
1944-04-15,114.0,3.2281
1944-04-16,131.0,3.7095
1944-04-17,135.0,3.8228
1944-04-18,107.0,3.0299
1944-04-19,121.0,3.4263
1944-04-20,98.0,2.775
1944-04-21,100.0,2.8317
1944-04-22,108.0,3.0582
1944-04-23,106.0,3.0016
1944-04-24,125.0,3.5396
1944-04-25,110.0,3.1148
1944-04-26,108.0,3.0582
1944-04-27,102.0,2.8883
1944-04-28,112.0,3.1715
1944-04-29,124.0,3.5113
1944-04-30,122.0,3.4546
1944-05-01,127.0,3.5962
1944-05-02,104.0,2.9449
1944-05-03,106.0,3.0016
1944-05-04,108.0,3.0582
1944-05-05,120.0,3.398
1944-05-06,118.0,3.3414
1944-05-07,118.0,3.3414
1944-05-08,131.0,3.7095
1944-05-09,114.0,3.2281
1944-05-10,122.0,3.4546
1944-05-11,129.0,3.6529
1944-05-12,135.0,3.8228
1944-05-13,149.0,4.2192
1944-05-14,144.0,4.0776
1944-05-15,173.0,4.8988
1944-05-16,132.0,3.7378
1944-05-17,133.0,3.7661
1944-05-18,127.0,3.5962
1944-05-19,129.0,3.6529
1944-05-20,131.0,3.7095
1944-05-21,122.0,3.4546
1944-05-22,140.0,3.9644
1944-05-23,117.0,3.3131
1944-05-24,127.0,3.5962
1944-05-25,127.0,3.5962
1944-05-26,114.0,3.2281
1944-05-27,112.0,3.1715
1944-05-28,112.0,3.1715
1944-05-29,136.0,3.8511
1944-05-30,118.0,3.3414
1944-05-31,124.0,3.5113
1944-06-01,122.0,3.4546
1944-06-02,120.0,3.398
1944-06-03,114.0,3.2281
1944-06-04,110.0,3.1148
1944-06-05,121.0,3.4263
1944-06-06,114.0,3.2281
1944-06-07,120.0,3.398
1944-06-08,100.0,2.8317
1944-06-09,108.0,3.0582
1944-06-10,102.0,2.8883
1944-06-11,106.0,3.0016
1944-06-12,106.0,3.0016
1944-06-13,100.0,2.8317
1944-06-14,98.0,2.775
1944-06-15,98.0,2.775
1944-06-16,87.0,2.4636
1944-06-17,100.0,2.8317
1944-06-18,98.0,2.775
1944-06-19,93.0,2.6335
1944-06-20,96.0,2.7184
1944-06-21,96.0,2.7184
1944-06-22,116.0,3.2847
1944-06-23,127.0,3.5962
1944-06-24,102.0,2.8883
1944-06-25,138.0,3.9077
1944-06-26,117.0,3.3131
1944-06-27,122.0,3.4546
1944-06-28,136.0,3.8511
1944-06-29,106.0,3.0016
1944-06-30,190.0,5.3802
1944-07-01,131.0,3.7095
1944-07-02,95.0,2.6901
1944-07-03,96.0,2.7184
1944-07-04,79.0,2.237
1944-07-05,123.0,3.483
1944-07-06,90.0,2.5485
1944-07-07,106.0,3.0016
1944-07-08,98.0,2.775
1944-07-09,102.0,2.8883
1944-07-10,109.0,3.0865
1944-07-11,102.0,2.8883
1944-07-12,86.0,2.4352
1944-07-13,116.0,3.2847
1944-07-14,112.0,3.1715
1944-07-15,102.0,2.8883
1944-07-16,95.0,2.6901
1944-07-17,102.0,2.8883
1944-07-18,95.0,2.6901
1944-07-19,87.0,2.4636
1944-07-20,95.0,2.6901
1944-07-21,93.0,2.6335
1944-07-22,95.0,2.6901
1944-07-23,127.0,3.5962
1944-07-24,112.0,3.1715
1944-07-25,91.0,2.5768
1944-07-26,87.0,2.4636
1944-07-27,91.0,2.5768
1944-07-28,93.0,2.6335
1944-07-29,95.0,2.6901
1944-07-30,100.0,2.8317
1944-07-31,108.0,3.0582
1944-08-01,116.0,3.2847
1944-08-02,127.0,3.5962
1944-08-03,129.0,3.6529
1944-08-04,106.0,3.0016
1944-08-05,89.0,2.5202
1944-08-06,138.0,3.9077
1944-08-07,152.0,4.3042
1944-08-08,106.0,3.0016
1944-08-09,118.0,3.3414
1944-08-10,114.0,3.2281
1944-08-11,111.0,3.1432
1944-08-12,108.0,3.0582
1944-08-13,100.0,2.8317
1944-08-14,133.0,3.7661
1944-08-15,101.0,2.86
1944-08-16,112.0,3.1715
1944-08-17,118.0,3.3414
1944-08-18,135.0,3.8228
1944-08-19,127.0,3.5962
1944-08-20,110.0,3.1148
1944-08-21,113.0,3.1998
1944-08-22,89.0,2.5202
1944-08-23,82.0,2.322
1944-08-24,94.0,2.6618
1944-08-25,142.0,4.021
1944-08-26,271.0,7.6739
1944-08-27,116.0,3.2847
1944-08-28,138.0,3.9077
1944-08-29,125.0,3.5396
1944-08-30,106.0,3.0016
1944-08-31,104.0,2.9449
1944-09-01,98.0,2.775
1944-09-02,84.0,2.3786
1944-09-03,106.0,3.0016
1944-09-04,212.0,6.0032
1944-09-05,335.0,9.4861
1944-09-06,303.0,8.58
1944-09-07,187.0,5.2952
1944-09-08,168.0,4.7572
1944-09-09,144.0,4.0776
1944-09-10,159.0,4.5024
1944-09-11,146.0,4.1343
1944-09-12,149.0,4.2192
1944-09-13,149.0,4.2192
1944-09-14,146.0,4.1343
1944-09-15,140.0,3.9644
1944-09-16,149.0,4.2192
1944-09-17,152.0,4.3042
1944-09-18,169.0,4.7855
1944-09-19,282.0,7.9853
1944-09-20,166.0,4.7006
1944-09-21,139.0,3.936
1944-09-22,142.0,4.021
1944-09-23,132.0,3.7378
1944-09-24,139.0,3.936
1944-09-25,143.0,4.0493
1944-09-26,146.0,4.1343
1944-09-27,222.0,6.2863
1944-09-28,228.0,6.4562
1944-09-29,160.0,4.5307
1944-09-30,147.0,4.1626
1944-10-01,137.0,3.8794
1944-10-02,144.0,4.0776
1944-10-03,129.0,3.6529
1944-10-04,143.0,4.0493
1944-10-05,140.0,3.9644
1944-10-06,154.0,4.3608
1944-10-07,161.0,4.559
1944-10-08,135.0,3.8228
1944-10-09,154.0,4.3608
1944-10-10,154.0,4.3608
1944-10-11,137.0,3.8794
1944-10-12,146.0,4.1343
1944-10-13,149.0,4.2192
1944-10-14,140.0,3.9644
1944-10-15,138.0,3.9077
1944-10-16,149.0,4.2192
1944-10-17,144.0,4.0776
1944-10-18,161.0,4.559
1944-10-19,164.0,4.644
1944-10-20,171.0,4.8422
1944-10-21,164.0,4.644
1944-10-22,138.0,3.9077
1944-10-23,124.0,3.5113
1944-10-24,159.0,4.5024
1944-10-25,156.0,4.4174
1944-10-26,156.0,4.4174
1944-10-27,161.0,4.559
1944-10-28,156.0,4.4174
1944-10-29,159.0,4.5024
1944-10-30,169.0,4.7855
1944-10-31,164.0,4.644
1944-11-01,159.0,4.5024
1944-11-02,144.0,4.0776
1944-11-03,138.0,3.9077
1944-11-04,154.0,4.3608
1944-11-05,153.0,4.3325
1944-11-06,165.0,4.6723
1944-11-07,140.0,3.9644
1944-11-08,135.0,3.8228
1944-11-09,139.0,3.936
1944-11-10,154.0,4.3608
1944-11-11,160.0,4.5307
1944-11-12,238.0,6.7394
1944-11-13,237.0,6.7111
1944-11-14,222.0,6.2863
1944-11-15,247.0,6.9942
1944-11-16,255.0,7.2208
1944-11-17,294.0,8.3251
1944-11-18,276.0,7.8154
1944-11-19,202.0,5.72
1944-11-20,202.0,5.72
1944-11-21,185.0,5.2386
1944-11-22,198.0,5.6067
1944-11-23,169.0,4.7855
1944-11-24,191.0,5.4085
1944-11-25,201.0,5.6917
1944-11-26,234.0,6.6261
1944-11-27,243.0,6.881
1944-11-28,199.0,5.635
1944-11-29,237.0,6.7111
1944-11-30,216.0,6.1164
1944-12-01,199.0,5.635
1944-12-02,238.0,6.7394
1944-12-03,199.0,5.635
1944-12-04,247.0,6.9942
1944-12-05,193.0,5.4651
1944-12-06,202.0,5.72
1944-12-07,243.0,6.881
1944-12-08,190.0,5.3802
1944-12-09,237.0,6.7111
1944-12-10,188.0,5.3236
1944-12-11,230.0,6.5129
1944-12-12,193.0,5.4651
1944-12-13,237.0,6.7111
1944-12-14,214.0,6.0598
1944-12-15,208.0,5.8899
1944-12-16,211.0,5.9748
1944-12-17,185.0,5.2386
1944-12-18,196.0,5.5501
1944-12-19,182.0,5.1537
1944-12-20,207.0,5.8616
1944-12-21,188.0,5.3236
1944-12-22,196.0,5.5501
1944-12-23,230.0,6.5129
1944-12-24,177.0,5.0121
1944-12-25,179.0,5.0687
1944-12-26,162.0,4.5873
1944-12-27,186.0,5.2669
1944-12-28,254.0,7.1925
1944-12-29,220.0,6.2297
1944-12-30,272.0,7.7022
1944-12-31,237.0,6.7111
1945-01-01,254.0,7.1925
1945-01-02,243.0,6.881
1945-01-03,211.0,5.9748
1945-01-04,257.0,7.2774
1945-01-05,214.0,6.0598
1945-01-06,257.0,7.2774
1945-01-07,214.0,6.0598
1945-01-08,264.0,7.4756
1945-01-09,214.0,6.0598
1945-01-10,250.0,7.0792
1945-01-11,233.0,6.5978
1945-01-12,208.0,5.8899
1945-01-13,254.0,7.1925
1945-01-14,208.0,5.8899
1945-01-15,250.0,7.0792
1945-01-16,208.0,5.8899
1945-01-17,261.0,7.3907
1945-01-18,250.0,7.0792
1945-01-19,279.0,7.9004
1945-01-20,317.0,8.9764
1945-01-21,268.0,7.5889
1945-01-22,250.0,7.0792
1945-01-23,205.0,5.8049
1945-01-24,233.0,6.5978
1945-01-25,205.0,5.8049
1945-01-26,226.0,6.3996
1945-01-27,247.0,6.9942
1945-01-28,202.0,5.72
1945-01-29,283.0,8.0137
1945-01-30,243.0,6.881
1945-01-31,272.0,7.7022
1945-02-01,243.0,6.881
1945-02-02,205.0,5.8049
1945-02-03,264.0,7.4756
1945-02-04,214.0,6.0598
1945-02-05,247.0,6.9942
1945-02-06,208.0,5.8899
1945-02-07,243.0,6.881
1945-02-08,190.0,5.3802
1945-02-09,152.0,4.3042
1945-02-10,169.0,4.7855
1945-02-11,159.0,4.5024
1945-02-12,180.0,5.097
1945-02-13,180.0,5.097
1945-02-14,174.0,4.9271
1945-02-15,166.0,4.7006
1945-02-16,202.0,5.72
1945-02-17,243.0,6.881
1945-02-18,240.0,6.796
1945-02-19,223.0,6.3146
1945-02-20,159.0,4.5024
1945-02-21,156.0,4.4174
1945-02-22,142.0,4.021
1945-02-23,133.0,3.7661
1945-02-24,122.0,3.4546
1945-02-25,133.0,3.7661
1945-02-26,149.0,4.2192
1945-02-27,116.0,3.2847
1945-02-28,116.0,3.2847
1945-03-01,116.0,3.2847
1945-03-02,114.0,3.2281
1945-03-03,112.0,3.1715
1945-03-04,108.0,3.0582
1945-03-05,106.0,3.0016
1945-03-06,108.0,3.0582
1945-03-07,112.0,3.1715
1945-03-08,124.0,3.5113
1945-03-09,127.0,3.5962
1945-03-10,140.0,3.9644
1945-03-11,166.0,4.7006
1945-03-12,166.0,4.7006
1945-03-13,140.0,3.9644
1945-03-14,133.0,3.7661
1945-03-15,127.0,3.5962
1945-03-16,108.0,3.0582
1945-03-17,102.0,2.8883
1945-03-18,95.0,2.6901
1945-03-19,110.0,3.1148
1945-03-20,96.0,2.7184
1945-03-21,108.0,3.0582
1945-03-22,122.0,3.4546
1945-03-23,122.0,3.4546
1945-03-24,118.0,3.3414
1945-03-25,118.0,3.3414
1945-03-26,127.0,3.5962
1945-03-27,106.0,3.0016
1945-03-28,108.0,3.0582
1945-03-29,118.0,3.3414
1945-03-30,120.0,3.398
1945-03-31,169.0,4.7855
1945-04-01,169.0,4.7855
1945-04-02,147.0,4.1626
1945-04-03,95.0,2.6901
1945-04-04,100.0,2.8317
1945-04-05,98.0,2.775
1945-04-06,98.0,2.775
1945-04-07,106.0,3.0016
1945-04-08,106.0,3.0016
1945-04-09,114.0,3.2281
1945-04-10,120.0,3.398
1945-04-11,96.0,2.7184
1945-04-12,91.0,2.5768
1945-04-13,95.0,2.6901
1945-04-14,110.0,3.1148
1945-04-15,106.0,3.0016
1945-04-16,95.0,2.6901
1945-04-17,98.0,2.775
1945-04-18,95.0,2.6901
1945-04-19,98.0,2.775
1945-04-20,106.0,3.0016
1945-04-21,98.0,2.775
1945-04-22,114.0,3.2281
1945-04-23,112.0,3.1715
1945-04-24,102.0,2.8883
1945-04-25,95.0,2.6901
1945-04-26,96.0,2.7184
1945-04-27,91.0,2.5768
1945-04-28,87.0,2.4636
1945-04-29,96.0,2.7184
1945-04-30,95.0,2.6901
1945-05-01,108.0,3.0582
1945-05-02,91.0,2.5768
1945-05-03,106.0,3.0016
1945-05-04,96.0,2.7184
1945-05-05,80.0,2.2653
1945-05-06,86.0,2.4352
1945-05-07,91.0,2.5768
1945-05-08,95.0,2.6901
1945-05-09,87.0,2.4636
1945-05-10,98.0,2.775
1945-05-11,91.0,2.5768
1945-05-12,98.0,2.775
1945-05-13,108.0,3.0582
1945-05-14,102.0,2.8883
1945-05-15,118.0,3.3414
1945-05-16,147.0,4.1626
1945-05-17,144.0,4.0776
1945-05-18,127.0,3.5962
1945-05-19,149.0,4.2192
1945-05-20,138.0,3.9077
1945-05-21,129.0,3.6529
1945-05-22,116.0,3.2847
1945-05-23,118.0,3.3414
1945-05-24,124.0,3.5113
1945-05-25,124.0,3.5113
1945-05-26,140.0,3.9644
1945-05-27,133.0,3.7661
1945-05-28,127.0,3.5962
1945-05-29,120.0,3.398
1945-05-30,96.0,2.7184
1945-05-31,89.0,2.5202
1945-06-01,84.0,2.3786
1945-06-02,86.0,2.4352
1945-06-03,96.0,2.7184
1945-06-04,95.0,2.6901
1945-06-05,110.0,3.1148
1945-06-06,102.0,2.8883
1945-06-07,102.0,2.8883
1945-06-08,100.0,2.8317
1945-06-09,89.0,2.5202
1945-06-10,87.0,2.4636
1945-06-11,84.0,2.3786
1945-06-12,82.0,2.322
1945-06-13,82.0,2.322
1945-06-14,84.0,2.3786
1945-06-15,80.0,2.2653
1945-06-16,76.0,2.1521
1945-06-17,65.0,1.8406
1945-06-18,76.0,2.1521
1945-06-19,51.0,1.4442
1945-06-20,60.0,1.699
1945-06-21,74.0,2.0954
1945-06-22,74.0,2.0954
1945-06-23,80.0,2.2653
1945-06-24,76.0,2.1521
1945-06-25,62.0,1.7556
1945-06-26,48.0,1.3592
1945-06-27,87.0,2.4636
1945-06-28,114.0,3.2281
1945-06-29,112.0,3.1715
1945-06-30,110.0,3.1148
1945-07-01,104.0,2.9449
1945-07-02,80.0,2.2653
1945-07-03,114.0,3.2281
1945-07-04,206.0,5.8333
1945-07-05,161.0,4.559
1945-07-06,122.0,3.4546
1945-07-07,108.0,3.0582
1945-07-08,114.0,3.2281
1945-07-09,95.0,2.6901
1945-07-10,95.0,2.6901
1945-07-11,112.0,3.1715
1945-07-12,114.0,3.2281
1945-07-13,124.0,3.5113
1945-07-14,124.0,3.5113
1945-07-15,110.0,3.1148
1945-07-16,95.0,2.6901
1945-07-17,100.0,2.8317
1945-07-18,102.0,2.8883
1945-07-19,100.0,2.8317
1945-07-20,100.0,2.8317
1945-07-21,80.0,2.2653
1945-07-22,66.0,1.8689
1945-07-23,66.0,1.8689
1945-07-24,47.0,1.3309
1945-07-25,51.0,1.4442
1945-07-26,59.0,1.6707
1945-07-27,59.0,1.6707
1945-07-28,56.0,1.5857
1945-07-29,58.0,1.6424
1945-07-30,42.0,1.1893
1945-07-31,35.0,0.9911
1945-08-01,34.0,0.9628
1945-08-02,50.0,1.4158
1945-08-03,59.0,1.6707
1945-08-04,62.0,1.7556
1945-08-05,60.0,1.699
1945-08-06,42.0,1.1893
1945-08-07,30.0,0.8495
1945-08-08,29.0,0.8212
1945-08-09,39.0,1.1044
1945-08-10,52.0,1.4725
1945-08-11,50.0,1.4158
1945-08-12,47.0,1.3309
1945-08-13,44.0,1.2459
1945-08-14,35.0,0.9911
1945-08-15,47.0,1.3309
1945-08-16,100.0,2.8317
1945-08-17,95.0,2.6901
1945-08-18,82.0,2.322
1945-08-19,93.0,2.6335
1945-08-20,76.0,2.1521
1945-08-21,95.0,2.6901
1945-08-22,1190.0,33.697
1945-08-23,797.0,22.5685
1945-08-24,233.0,6.5978
1945-08-25,123.0,3.483
1945-08-26,98.0,2.775
1945-08-27,112.0,3.1715
1945-08-28,114.0,3.2281
1945-08-29,102.0,2.8883
1945-08-30,102.0,2.8883
1945-08-31,110.0,3.1148
1945-09-01,96.0,2.7184
1945-09-02,100.0,2.8317
1945-09-03,93.0,2.6335
1945-09-04,82.0,2.322
1945-09-05,89.0,2.5202
1945-09-06,76.0,2.1521
1945-09-07,76.0,2.1521
1945-09-08,72.0,2.0388
1945-09-09,72.0,2.0388
1945-09-10,74.0,2.0954
1945-09-11,80.0,2.2653
1945-09-12,84.0,2.3786
1945-09-13,69.0,1.9539
1945-09-14,68.0,1.9255
1945-09-15,66.0,1.8689
1945-09-16,71.0,2.0105
1945-09-17,89.0,2.5202
1945-09-18,104.0,2.9449
1945-09-19,114.0,3.2281
1945-09-20,116.0,3.2847
1945-09-21,112.0,3.1715
1945-09-22,110.0,3.1148
1945-09-23,110.0,3.1148
1945-09-24,110.0,3.1148
1945-09-25,108.0,3.0582
1945-09-26,96.0,2.7184
1945-09-27,93.0,2.6335
1945-09-28,96.0,2.7184
1945-09-29,98.0,2.775
1945-09-30,98.0,2.775
1945-10-01,117.0,3.3131
1945-10-02,125.0,3.5396
1945-10-03,118.0,3.3414
1945-10-04,140.0,3.9644
1945-10-05,150.0,4.2475
1945-10-06,98.0,2.775
1945-10-07,88.0,2.4919
1945-10-08,84.0,2.3786
1945-10-09,120.0,3.398
1945-10-10,210.0,5.9465
1945-10-11,190.0,5.3802
1945-10-12,130.0,3.6812
1945-10-13,110.0,3.1148
1945-10-14,112.0,3.1715
1945-10-15,84.0,2.3786
1945-10-16,72.0,2.0388
1945-10-17,80.0,2.2653
1945-10-18,122.0,3.4546
1945-10-19,125.0,3.5396
1945-10-20,112.0,3.1715
1945-10-21,106.0,3.0016
1945-10-22,115.0,3.2564
1945-10-23,120.0,3.398
1945-10-24,118.0,3.3414
1945-10-25,120.0,3.398
1945-10-26,122.0,3.4546
1945-10-27,124.0,3.5113
1945-10-28,122.0,3.4546
1945-10-29,118.0,3.3414
1945-10-30,118.0,3.3414
1945-10-31,116.0,3.2847
1945-11-01,118.0,3.3414
1945-11-02,114.0,3.2281
1945-11-03,112.0,3.1715
1945-11-04,114.0,3.2281
1945-11-05,114.0,3.2281
1945-11-06,120.0,3.398
1945-11-07,112.0,3.1715
1945-11-08,114.0,3.2281
1945-11-09,112.0,3.1715
1945-11-10,112.0,3.1715
1945-11-11,114.0,3.2281
1945-11-12,112.0,3.1715
1945-11-13,112.0,3.1715
1945-11-14,112.0,3.1715
1945-11-15,110.0,3.1148
1945-11-16,110.0,3.1148
1945-11-17,106.0,3.0016
1945-11-18,108.0,3.0582
1945-11-19,108.0,3.0582
1945-11-20,110.0,3.1148
1945-11-21,110.0,3.1148
1945-11-22,110.0,3.1148
1945-11-23,106.0,3.0016
1945-11-24,112.0,3.1715
1945-11-25,112.0,3.1715
1945-11-26,108.0,3.0582
1945-11-27,110.0,3.1148
1945-11-28,106.0,3.0016
1945-11-29,102.0,2.8883
1945-11-30,122.0,3.4546
1945-12-01,122.0,3.4546
1945-12-02,124.0,3.5113
1945-12-03,120.0,3.398
1945-12-04,124.0,3.5113
1945-12-05,112.0,3.1715
1945-12-06,95.0,2.6901
1945-12-07,112.0,3.1715
1945-12-08,171.0,4.8422
1945-12-09,149.0,4.2192
1945-12-10,135.0,3.8228
1945-12-11,133.0,3.7661
1945-12-12,122.0,3.4546
1945-12-13,122.0,3.4546
1945-12-14,124.0,3.5113
1945-12-15,135.0,3.8228
1945-12-16,144.0,4.0776
1945-12-17,138.0,3.9077
1945-12-18,140.0,3.9644
1945-12-19,124.0,3.5113
1945-12-20,133.0,3.7661
1945-12-21,140.0,3.9644
1945-12-22,152.0,4.3042
1945-12-23,127.0,3.5962
1945-12-24,133.0,3.7661
1945-12-25,135.0,3.8228
1945-12-26,120.0,3.398
1945-12-27,118.0,3.3414
1945-12-28,138.0,3.9077
1945-12-29,138.0,3.9077
1945-12-30,129.0,3.6529
1945-12-31,122.0,3.4546
1946-01-01,120.0,3.398
1946-01-02,131.0,3.7095
1946-01-03,133.0,3.7661
1946-01-04,131.0,3.7095
1946-01-05,124.0,3.5113
1946-01-06,129.0,3.6529
1946-01-07,133.0,3.7661
1946-01-08,138.0,3.9077
1946-01-09,131.0,3.7095
1946-01-10,133.0,3.7661
1946-01-11,131.0,3.7095
1946-01-12,129.0,3.6529
1946-01-13,124.0,3.5113
1946-01-14,135.0,3.8228
1946-01-15,138.0,3.9077
1946-01-16,133.0,3.7661
1946-01-17,133.0,3.7661
1946-01-18,127.0,3.5962
1946-01-19,120.0,3.398
1946-01-20,124.0,3.5113
1946-01-21,131.0,3.7095
1946-01-22,124.0,3.5113
1946-01-23,138.0,3.9077
1946-01-24,152.0,4.3042
1946-01-25,140.0,3.9644
1946-01-26,154.0,4.3608
1946-01-27,149.0,4.2192
1946-01-28,152.0,4.3042
1946-01-29,140.0,3.9644
1946-01-30,147.0,4.1626
1946-01-31,147.0,4.1626
1946-02-01,131.0,3.7095
1946-02-02,152.0,4.3042
1946-02-03,133.0,3.7661
1946-02-04,133.0,3.7661
1946-02-05,135.0,3.8228
1946-02-06,129.0,3.6529
1946-02-07,135.0,3.8228
1946-02-08,118.0,3.3414
1946-02-09,138.0,3.9077
1946-02-10,171.0,4.8422
1946-02-11,174.0,4.9271
1946-02-12,169.0,4.7855
1946-02-13,174.0,4.9271
1946-02-14,169.0,4.7855
1946-02-15,182.0,5.1537
1946-02-16,169.0,4.7855
1946-02-17,131.0,3.7095
1946-02-18,140.0,3.9644
1946-02-19,144.0,4.0776
1946-02-20,142.0,4.021
1946-02-21,164.0,4.644
1946-02-22,193.0,5.4651
1946-02-23,243.0,6.881
1946-02-24,180.0,5.097
1946-02-25,122.0,3.4546
1946-02-26,172.0,4.8705
1946-02-27,133.0,3.7661
1946-02-28,108.0,3.0582
1946-03-01,102.0,2.8883
1946-03-02,127.0,3.5962
1946-03-03,120.0,3.398
1946-03-04,120.0,3.398
1946-03-05,131.0,3.7095
1946-03-06,118.0,3.3414
1946-03-07,104.0,2.9449
1946-03-08,131.0,3.7095
1946-03-09,114.0,3.2281
1946-03-10,84.0,2.3786
1946-03-11,79.0,2.237
1946-03-12,77.0,2.1804
1946-03-13,82.0,2.322
1946-03-14,93.0,2.6335
1946-03-15,91.0,2.5768
1946-03-16,93.0,2.6335
1946-03-17,96.0,2.7184
1946-03-18,100.0,2.8317
1946-03-19,116.0,3.2847
1946-03-20,112.0,3.1715
1946-03-21,106.0,3.0016
1946-03-22,98.0,2.775
1946-03-23,108.0,3.0582
1946-03-24,112.0,3.1715
1946-03-25,93.0,2.6335
1946-03-26,106.0,3.0016
1946-03-27,102.0,2.8883
1946-03-28,100.0,2.8317
1946-03-29,95.0,2.6901
1946-03-30,82.0,2.322
1946-03-31,102.0,2.8883
1946-04-01,98.0,2.775
1946-04-02,112.0,3.1715
1946-04-03,91.0,2.5768
1946-04-04,74.0,2.0954
1946-04-05,71.0,2.0105
1946-04-06,66.0,1.8689
1946-04-07,59.0,1.6707
1946-04-08,47.0,1.3309
1946-04-09,47.0,1.3309
1946-04-10,50.0,1.4158
1946-04-11,46.0,1.3026
1946-04-12,45.0,1.2743
1946-04-13,41.0,1.161
1946-04-14,40.0,1.1327
1946-04-15,56.0,1.5857
1946-04-16,72.0,2.0388
1946-04-17,51.0,1.4442
1946-04-18,53.0,1.5008
1946-04-19,72.0,2.0388
1946-04-20,71.0,2.0105
1946-04-21,80.0,2.2653
1946-04-22,87.0,2.4636
1946-04-23,96.0,2.7184
1946-04-24,72.0,2.0388
1946-04-25,60.0,1.699
1946-04-26,52.0,1.4725
1946-04-27,44.0,1.2459
1946-04-28,53.0,1.5008
1946-04-29,55.0,1.5574
1946-04-30,44.0,1.2459
1946-05-01,50.0,1.4158
1946-05-02,66.0,1.8689
1946-05-03,60.0,1.699
1946-05-04,82.0,2.322
1946-05-05,116.0,3.2847
1946-05-06,140.0,3.9644
1946-05-07,133.0,3.7661
1946-05-08,118.0,3.3414
1946-05-09,122.0,3.4546
1946-05-10,124.0,3.5113
1946-05-11,112.0,3.1715
1946-05-12,112.0,3.1715
1946-05-13,114.0,3.2281
1946-05-14,118.0,3.3414
1946-05-15,118.0,3.3414
1946-05-16,93.0,2.6335
1946-05-17,108.0,3.0582
1946-05-18,98.0,2.775
1946-05-19,93.0,2.6335
1946-05-20,71.0,2.0105
1946-05-21,87.0,2.4636
1946-05-22,72.0,2.0388
1946-05-23,79.0,2.237
1946-05-24,80.0,2.2653
1946-05-25,79.0,2.237
1946-05-26,71.0,2.0105
1946-05-27,62.0,1.7556
1946-05-28,58.0,1.6424
1946-05-29,79.0,2.237
1946-05-30,80.0,2.2653
1946-05-31,76.0,2.1521
1946-06-01,62.0,1.7556
1946-06-02,76.0,2.1521
1946-06-03,96.0,2.7184
1946-06-04,79.0,2.237
1946-06-05,82.0,2.322
1946-06-06,91.0,2.5768
1946-06-07,98.0,2.775
1946-06-08,95.0,2.6901
1946-06-09,89.0,2.5202
1946-06-10,95.0,2.6901
1946-06-11,72.0,2.0388
1946-06-12,80.0,2.2653
1946-06-13,86.0,2.4352
1946-06-14,60.0,1.699
1946-06-15,50.0,1.4158
1946-06-16,44.0,1.2459
1946-06-17,45.0,1.2743
1946-06-18,45.0,1.2743
1946-06-19,50.0,1.4158
1946-06-20,53.0,1.5008
1946-06-21,56.0,1.5857
1946-06-22,56.0,1.5857
1946-06-23,59.0,1.6707
1946-06-24,59.0,1.6707
1946-06-25,48.0,1.3592
1946-06-26,42.0,1.1893
1946-06-27,40.0,1.1327
1946-06-28,46.0,1.3026
1946-06-29,46.0,1.3026
1946-06-30,65.0,1.8406
1946-07-01,80.0,2.2653
1946-07-02,176.0,4.9838
1946-07-03,232.0,6.5695
1946-07-04,114.0,3.2281
1946-07-05,89.0,2.5202
1946-07-06,82.0,2.322
1946-07-07,80.0,2.2653
1946-07-08,77.0,2.1804
1946-07-09,91.0,2.5768
1946-07-10,95.0,2.6901
1946-07-11,62.0,1.7556
1946-07-12,48.0,1.3592
1946-07-13,47.0,1.3309
1946-07-14,41.0,1.161
1946-07-15,32.0,0.9061
1946-07-16,26.0,0.7362
1946-07-17,21.0,0.5947
1946-07-18,21.0,0.5947
1946-07-19,27.0,0.7646
1946-07-20,25.0,0.7079
1946-07-21,47.0,1.3309
1946-07-22,58.0,1.6424
1946-07-23,53.0,1.5008
1946-07-24,36.0,1.0194
1946-07-25,39.0,1.1044
1946-07-26,38.0,1.076
1946-07-27,33.0,0.9345
1946-07-28,36.0,1.0194
1946-07-29,34.0,0.9628
1946-07-30,30.0,0.8495
1946-07-31,30.0,0.8495
1946-08-01,36.0,1.0194
1946-08-02,34.0,0.9628
1946-08-03,26.0,0.7362
1946-08-04,21.0,0.5947
1946-08-05,20.0,0.5663
1946-08-06,21.0,0.5947
1946-08-07,22.0,0.623
1946-08-08,21.0,0.5947
1946-08-09,38.0,1.076
1946-08-10,63.0,1.784
1946-08-11,60.0,1.699
1946-08-12,59.0,1.6707
1946-08-13,58.0,1.6424
1946-08-14,53.0,1.5008
1946-08-15,37.0,1.0477
1946-08-16,23.0,0.6513
1946-08-17,17.0,0.4814
1946-08-18,17.0,0.4814
1946-08-19,16.0,0.4531
1946-08-20,296.0,8.3818
1946-08-21,174.0,4.9271
1946-08-22,55.0,1.5574
1946-08-23,31.0,0.8778
1946-08-24,24.0,0.6796
1946-08-25,22.0,0.623
1946-08-26,22.0,0.623
1946-08-27,62.0,1.7556
1946-08-28,494.0,13.9885
1946-08-29,509.0,14.4133
1946-08-30,170.0,4.8139
1946-08-31,103.0,2.9166
1946-09-01,77.0,2.1804
1946-09-02,65.0,1.8406
1946-09-03,59.0,1.6707
1946-09-04,55.0,1.5574
1946-09-05,58.0,1.6424
1946-09-06,59.0,1.6707
1946-09-07,48.0,1.3592
1946-09-08,47.0,1.3309
1946-09-09,42.0,1.1893
1946-09-10,51.0,1.4442
1946-09-11,101.0,2.86
1946-09-12,96.0,2.7184
1946-09-13,62.0,1.7556
1946-09-14,56.0,1.5857
1946-09-15,66.0,1.8689
1946-09-16,105.0,2.9733
1946-09-17,76.0,2.1521
1946-09-18,467.0,13.2239
1946-09-19,629.0,17.8113
1946-09-20,591.0,16.7352
1946-09-21,180.0,5.097
1946-09-22,149.0,4.2192
1946-09-23,127.0,3.5962
1946-09-24,124.0,3.5113
1946-09-25,120.0,3.398
1946-09-26,116.0,3.2847
1946-09-27,124.0,3.5113
1946-09-28,120.0,3.398
1946-09-29,124.0,3.5113
1946-09-30,129.0,3.6529
1946-10-01,131.0,3.7095
1946-10-02,131.0,3.7095
1946-10-03,131.0,3.7095
1946-10-04,274.0,7.7588
1946-10-05,974.0,27.5806
1946-10-06,434.0,12.2895
1946-10-07,268.0,7.5889
1946-10-08,188.0,5.3236
1946-10-09,171.0,4.8422
1946-10-10,164.0,4.644
1946-10-11,159.0,4.5024
1946-10-12,152.0,4.3042
1946-10-13,147.0,4.1626
1946-10-14,149.0,4.2192
1946-10-15,185.0,5.2386
1946-10-16,217.0,6.1447
1946-10-17,208.0,5.8899
1946-10-18,226.0,6.3996
1946-10-19,298.0,8.4384
1946-10-20,298.0,8.4384
1946-10-21,294.0,8.3251
1946-10-22,254.0,7.1925
1946-10-23,257.0,7.2774
1946-10-24,226.0,6.3996
1946-10-25,233.0,6.5978
1946-10-26,247.0,6.9942
1946-10-27,276.0,7.8154
1946-10-28,279.0,7.9004
1946-10-29,250.0,7.0792
1946-10-30,279.0,7.9004
1946-10-31,272.0,7.7022
1946-11-01,257.0,7.2774
1946-11-02,237.0,6.7111
1946-11-03,254.0,7.1925
1946-11-04,247.0,6.9942
1946-11-05,247.0,6.9942
1946-11-06,264.0,7.4756
1946-11-07,264.0,7.4756
1946-11-08,261.0,7.3907
1946-11-09,279.0,7.9004
1946-11-10,294.0,8.3251
1946-11-11,272.0,7.7022
1946-11-12,254.0,7.1925
1946-11-13,254.0,7.1925
1946-11-14,298.0,8.4384
1946-11-15,287.0,8.1269
1946-11-16,287.0,8.1269
1946-11-17,264.0,7.4756
1946-11-18,272.0,7.7022
1946-11-19,279.0,7.9004
1946-11-20,283.0,8.0137
1946-11-21,279.0,7.9004
1946-11-22,264.0,7.4756
1946-11-23,290.0,8.2119
1946-11-24,283.0,8.0137
1946-11-25,287.0,8.1269
1946-11-26,294.0,8.3251
1946-11-27,290.0,8.2119
1946-11-28,223.0,6.3146
1946-11-29,182.0,5.1537
1946-11-30,156.0,4.4174
1946-12-01,161.0,4.559
1946-12-02,152.0,4.3042
1946-12-03,177.0,5.0121
1946-12-04,138.0,3.9077
1946-12-05,144.0,4.0776
1946-12-06,149.0,4.2192
1946-12-07,154.0,4.3608
1946-12-08,149.0,4.2192
1946-12-09,166.0,4.7006
1946-12-10,164.0,4.644
1946-12-11,190.0,5.3802
1946-12-12,174.0,4.9271
1946-12-13,169.0,4.7855
1946-12-14,152.0,4.3042
1946-12-15,140.0,3.9644
1946-12-16,154.0,4.3608
1946-12-17,169.0,4.7855
1946-12-18,196.0,5.5501
1946-12-19,171.0,4.8422
1946-12-20,180.0,5.097
1946-12-21,196.0,5.5501
1946-12-22,169.0,4.7855
1946-12-23,144.0,4.0776
1946-12-24,138.0,3.9077
1946-12-25,140.0,3.9644
1946-12-26,133.0,3.7661
1946-12-27,138.0,3.9077
1946-12-28,138.0,3.9077
1946-12-29,133.0,3.7661
1946-12-30,124.0,3.5113
1946-12-31,140.0,3.9644
1947-01-01,144.0,4.0776
1947-01-02,135.0,3.8228
1947-01-03,135.0,3.8228
1947-01-04,249.0,7.0509
1947-01-05,276.0,7.8154
1947-01-06,283.0,8.0137
1947-01-07,283.0,8.0137
1947-01-08,298.0,8.4384
1947-01-09,310.0,8.7782
1947-01-10,302.0,8.5517
1947-01-11,298.0,8.4384
1947-01-12,294.0,8.3251
1947-01-13,264.0,7.4756
1947-01-14,250.0,7.0792
1947-01-15,254.0,7.1925
1947-01-16,250.0,7.0792
1947-01-17,250.0,7.0792
1947-01-18,268.0,7.5889
1947-01-19,261.0,7.3907
1947-01-20,257.0,7.2774
1947-01-21,254.0,7.1925
1947-01-22,257.0,7.2774
1947-01-23,257.0,7.2774
1947-01-24,257.0,7.2774
1947-01-25,254.0,7.1925
1947-01-26,254.0,7.1925
1947-01-27,254.0,7.1925
1947-01-28,250.0,7.0792
1947-01-29,250.0,7.0792
1947-01-30,250.0,7.0792
1947-01-31,254.0,7.1925
1947-02-01,257.0,7.2774
1947-02-02,250.0,7.0792
1947-02-03,268.0,7.5889
1947-02-04,264.0,7.4756
1947-02-05,261.0,7.3907
1947-02-06,268.0,7.5889
1947-02-07,268.0,7.5889
1947-02-08,264.0,7.4756
1947-02-09,211.0,5.9748
1947-02-10,152.0,4.3042
1947-02-11,152.0,4.3042
1947-02-12,199.0,5.635
1947-02-13,199.0,5.635
1947-02-14,180.0,5.097
1947-02-15,161.0,4.559
1947-02-16,154.0,4.3608
1947-02-17,149.0,4.2192
1947-02-18,144.0,4.0776
1947-02-19,142.0,4.021
1947-02-20,135.0,3.8228
1947-02-21,131.0,3.7095
1947-02-22,127.0,3.5962
1947-02-23,122.0,3.4546
1947-02-24,122.0,3.4546
1947-02-25,120.0,3.398
1947-02-26,122.0,3.4546
1947-02-27,124.0,3.5113
1947-02-28,122.0,3.4546
1947-03-01,129.0,3.6529
1947-03-02,124.0,3.5113
1947-03-03,127.0,3.5962
1947-03-04,127.0,3.5962
1947-03-05,124.0,3.5113
1947-03-06,129.0,3.6529
1947-03-07,133.0,3.7661
1947-03-08,140.0,3.9644
1947-03-09,135.0,3.8228
1947-03-10,140.0,3.9644
1947-03-11,149.0,4.2192
1947-03-12,152.0,4.3042
1947-03-13,131.0,3.7095
1947-03-14,127.0,3.5962
1947-03-15,127.0,3.5962
1947-03-16,131.0,3.7095
1947-03-17,135.0,3.8228
1947-03-18,144.0,4.0776
1947-03-19,154.0,4.3608
1947-03-20,147.0,4.1626
1947-03-21,142.0,4.021
1947-03-22,140.0,3.9644
1947-03-23,140.0,3.9644
1947-03-24,164.0,4.644
1947-03-25,135.0,3.8228
1947-03-26,133.0,3.7661
1947-03-27,124.0,3.5113
1947-03-28,114.0,3.2281
1947-03-29,114.0,3.2281
1947-03-30,108.0,3.0582
1947-03-31,93.0,2.6335
1947-04-01,86.0,2.4352
1947-04-02,89.0,2.5202
1947-04-03,89.0,2.5202
1947-04-04,80.0,2.2653
1947-04-05,76.0,2.1521
1947-04-06,79.0,2.237
1947-04-07,76.0,2.1521
1947-04-08,82.0,2.322
1947-04-09,79.0,2.237
1947-04-10,71.0,2.0105
1947-04-11,66.0,1.8689
1947-04-12,69.0,1.9539
1947-04-13,74.0,2.0954
1947-04-14,93.0,2.6335
1947-04-15,108.0,3.0582
1947-04-16,104.0,2.9449
1947-04-17,100.0,2.8317
1947-04-18,89.0,2.5202
1947-04-19,87.0,2.4636
1947-04-20,91.0,2.5768
1947-04-21,91.0,2.5768
1947-04-22,93.0,2.6335
1947-04-23,95.0,2.6901
1947-04-24,87.0,2.4636
1947-04-25,80.0,2.2653
1947-04-26,96.0,2.7184
1947-04-27,91.0,2.5768
1947-04-28,95.0,2.6901
1947-04-29,96.0,2.7184
1947-04-30,89.0,2.5202
1947-05-01,95.0,2.6901
1947-05-02,98.0,2.775
1947-05-03,96.0,2.7184
1947-05-04,112.0,3.1715
1947-05-05,118.0,3.3414
1947-05-06,112.0,3.1715
1947-05-07,114.0,3.2281
1947-05-08,122.0,3.4546
1947-05-09,131.0,3.7095
1947-05-10,133.0,3.7661
1947-05-11,133.0,3.7661
1947-05-12,133.0,3.7661
1947-05-13,120.0,3.398
1947-05-14,116.0,3.2847
1947-05-15,112.0,3.1715
1947-05-16,112.0,3.1715
1947-05-17,118.0,3.3414
1947-05-18,120.0,3.398
1947-05-19,116.0,3.2847
1947-05-20,114.0,3.2281
1947-05-21,108.0,3.0582
1947-05-22,106.0,3.0016
1947-05-23,106.0,3.0016
1947-05-24,110.0,3.1148
1947-05-25,112.0,3.1715
1947-05-26,112.0,3.1715
1947-05-27,108.0,3.0582
1947-05-28,104.0,2.9449
1947-05-29,106.0,3.0016
1947-05-30,104.0,2.9449
1947-05-31,102.0,2.8883
1947-06-01,104.0,2.9449
1947-06-02,102.0,2.8883
1947-06-03,95.0,2.6901
1947-06-04,96.0,2.7184
1947-06-05,98.0,2.775
1947-06-06,96.0,2.7184
1947-06-07,100.0,2.8317
1947-06-08,96.0,2.7184
1947-06-09,91.0,2.5768
1947-06-10,87.0,2.4636
1947-06-11,89.0,2.5202
1947-06-12,79.0,2.237
1947-06-13,76.0,2.1521
1947-06-14,74.0,2.0954
1947-06-15,76.0,2.1521
1947-06-16,79.0,2.237
1947-06-17,72.0,2.0388
1947-06-18,66.0,1.8689
1947-06-19,59.0,1.6707
1947-06-20,53.0,1.5008
1947-06-21,51.0,1.4442
1947-06-22,51.0,1.4442
1947-06-23,47.0,1.3309
1947-06-24,44.0,1.2459
1947-06-25,50.0,1.4158
1947-06-26,56.0,1.5857
1947-06-27,48.0,1.3592
1947-06-28,44.0,1.2459
1947-06-29,46.0,1.3026
1947-06-30,48.0,1.3592
1947-07-01,52.0,1.4725
1947-07-02,53.0,1.5008
1947-07-03,48.0,1.3592
1947-07-04,46.0,1.3026
1947-07-05,48.0,1.3592
1947-07-06,44.0,1.2459
1947-07-07,38.0,1.076
1947-07-08,35.0,0.9911
1947-07-09,29.0,0.8212
1947-07-10,32.0,0.9061
1947-07-11,52.0,1.4725
1947-07-12,58.0,1.6424
1947-07-13,36.0,1.0194
1947-07-14,34.0,0.9628
1947-07-15,34.0,0.9628
1947-07-16,36.0,1.0194
1947-07-17,32.0,0.9061
1947-07-18,27.0,0.7646
1947-07-19,29.0,0.8212
1947-07-20,26.0,0.7362
1947-07-21,32.0,0.9061
1947-07-22,34.0,0.9628
1947-07-23,31.0,0.8778
1947-07-24,34.0,0.9628
1947-07-25,39.0,1.1044
1947-07-26,46.0,1.3026
1947-07-27,39.0,1.1044
1947-07-28,36.0,1.0194
1947-07-29,37.0,1.0477
1947-07-30,44.0,1.2459
1947-07-31,47.0,1.3309
1947-08-01,40.0,1.1327
1947-08-02,35.0,0.9911
1947-08-03,33.0,0.9345
1947-08-04,31.0,0.8778
1947-08-05,27.0,0.7646
1947-08-06,22.0,0.623
1947-08-07,20.0,0.5663
1947-08-08,17.0,0.4814
1947-08-09,17.0,0.4814
1947-08-10,21.0,0.5947
1947-08-11,26.0,0.7362
1947-08-12,29.0,0.8212
1947-08-13,39.0,1.1044
1947-08-14,36.0,1.0194
1947-08-15,27.0,0.7646
1947-08-16,23.0,0.6513
1947-08-17,24.0,0.6796
1947-08-18,21.0,0.5947
1947-08-19,22.0,0.623
1947-08-20,28.0,0.7929
1947-08-21,36.0,1.0194
1947-08-22,36.0,1.0194
1947-08-23,39.0,1.1044
1947-08-24,63.0,1.784
1947-08-25,55.0,1.5574
1947-08-26,69.0,1.9539
1947-08-27,60.0,1.699
1947-08-28,63.0,1.784
1947-08-29,51.0,1.4442
1947-08-30,36.0,1.0194
1947-08-31,41.0,1.161
1947-09-01,39.0,1.1044
1947-09-02,41.0,1.161
1947-09-03,44.0,1.2459
1947-09-04,51.0,1.4442
1947-09-05,47.0,1.3309
1947-09-06,45.0,1.2743
1947-09-07,48.0,1.3592
1947-09-08,61.0,1.7273
1947-09-09,82.0,2.322
1947-09-10,96.0,2.7184
1947-09-11,79.0,2.237
1947-09-12,76.0,2.1521
1947-09-13,80.0,2.2653
1947-09-14,80.0,2.2653
1947-09-15,79.0,2.237
1947-09-16,77.0,2.1804
1947-09-17,79.0,2.237
1947-09-18,80.0,2.2653
1947-09-19,79.0,2.237
1947-09-20,71.0,2.0105
1947-09-21,68.0,1.9255
1947-09-22,65.0,1.8406
1947-09-23,55.0,1.5574
1947-09-24,44.0,1.2459
1947-09-25,45.0,1.2743
1947-09-26,44.0,1.2459
1947-09-27,39.0,1.1044
1947-09-28,44.0,1.2459
1947-09-29,56.0,1.5857
1947-09-30,53.0,1.5008
1947-10-01,51.0,1.4442
1947-10-02,50.0,1.4158
1947-10-03,51.0,1.4442
1947-10-04,52.0,1.4725
1947-10-05,53.0,1.5008
1947-10-06,55.0,1.5574
1947-10-07,53.0,1.5008
1947-10-08,46.0,1.3026
1947-10-09,42.0,1.1893
1947-10-10,44.0,1.2459
1947-10-11,46.0,1.3026
1947-10-12,45.0,1.2743
1947-10-13,45.0,1.2743
1947-10-14,45.0,1.2743
1947-10-15,52.0,1.4725
1947-10-16,41.0,1.161
1947-10-17,36.0,1.0194
1947-10-18,46.0,1.3026
1947-10-19,52.0,1.4725
1947-10-20,53.0,1.5008
1947-10-21,53.0,1.5008
1947-10-22,53.0,1.5008
1947-10-23,52.0,1.4725
1947-10-24,58.0,1.6424
1947-10-25,59.0,1.6707
1947-10-26,50.0,1.4158
1947-10-27,53.0,1.5008
1947-10-28,53.0,1.5008
1947-10-29,56.0,1.5857
1947-10-30,65.0,1.8406
1947-10-31,63.0,1.784
1947-11-01,53.0,1.5008
1947-11-02,59.0,1.6707
1947-11-03,56.0,1.5857
1947-11-04,53.0,1.5008
1947-11-05,56.0,1.5857
1947-11-06,58.0,1.6424
1947-11-07,58.0,1.6424
1947-11-08,60.0,1.699
1947-11-09,62.0,1.7556
1947-11-10,62.0,1.7556
1947-11-11,62.0,1.7556
1947-11-12,63.0,1.784
1947-11-13,68.0,1.9255
1947-11-14,80.0,2.2653
1947-11-15,86.0,2.4352
1947-11-16,86.0,2.4352
1947-11-17,79.0,2.237
1947-11-18,84.0,2.3786
1947-11-19,82.0,2.322
1947-11-20,84.0,2.3786
1947-11-21,80.0,2.2653
1947-11-22,76.0,2.1521
1947-11-23,77.0,2.1804
1947-11-24,79.0,2.237
1947-11-25,79.0,2.237
1947-11-26,80.0,2.2653
1947-11-27,86.0,2.4352
1947-11-28,87.0,2.4636
1947-11-29,87.0,2.4636
1947-11-30,86.0,2.4352
1947-12-01,86.0,2.4352
1947-12-02,82.0,2.322
1947-12-03,82.0,2.322
1947-12-04,82.0,2.322
1947-12-05,86.0,2.4352
1947-12-06,89.0,2.5202
1947-12-07,87.0,2.4636
1947-12-08,86.0,2.4352
1947-12-09,86.0,2.4352
1947-12-10,86.0,2.4352
1947-12-11,86.0,2.4352
1947-12-12,86.0,2.4352
1947-12-13,86.0,2.4352
1947-12-14,87.0,2.4636
1947-12-15,87.0,2.4636
1947-12-16,84.0,2.3786
1947-12-17,84.0,2.3786
1947-12-18,82.0,2.322
1947-12-19,82.0,2.322
1947-12-20,82.0,2.322
1947-12-21,80.0,2.2653
1947-12-22,80.0,2.2653
1947-12-23,82.0,2.322
1947-12-24,82.0,2.322
1947-12-25,84.0,2.3786
1947-12-26,82.0,2.322
1947-12-27,84.0,2.3786
1947-12-28,82.0,2.322
1947-12-29,82.0,2.322
1947-12-30,79.0,2.237
1947-12-31,80.0,2.2653
1948-01-01,86.0,2.4352
1948-01-02,87.0,2.4636
1948-01-03,87.0,2.4636
1948-01-04,82.0,2.322
1948-01-05,80.0,2.2653
1948-01-06,76.0,2.1521
1948-01-07,82.0,2.322
1948-01-08,82.0,2.322
1948-01-09,82.0,2.322
1948-01-10,82.0,2.322
1948-01-11,82.0,2.322
1948-01-12,82.0,2.322
1948-01-13,80.0,2.2653
1948-01-14,82.0,2.322
1948-01-15,84.0,2.3786
1948-01-16,82.0,2.322
1948-01-17,82.0,2.322
1948-01-18,84.0,2.3786
1948-01-19,82.0,2.322
1948-01-20,82.0,2.322
1948-01-21,84.0,2.3786
1948-01-22,93.0,2.6335
1948-01-23,96.0,2.7184
1948-01-24,98.0,2.775
1948-01-25,96.0,2.7184
1948-01-26,98.0,2.775
1948-01-27,96.0,2.7184
1948-01-28,95.0,2.6901
1948-01-29,98.0,2.775
1948-01-30,100.0,2.8317
1948-01-31,93.0,2.6335
1948-02-01,89.0,2.5202
1948-02-02,86.0,2.4352
1948-02-03,86.0,2.4352
1948-02-04,87.0,2.4636
1948-02-05,96.0,2.7184
1948-02-06,93.0,2.6335
1948-02-07,95.0,2.6901
1948-02-08,89.0,2.5202
1948-02-09,95.0,2.6901
1948-02-10,98.0,2.775
1948-02-11,96.0,2.7184
1948-02-12,96.0,2.7184
1948-02-13,95.0,2.6901
1948-02-14,96.0,2.7184
1948-02-15,100.0,2.8317
1948-02-16,98.0,2.775
1948-02-17,95.0,2.6901
1948-02-18,93.0,2.6335
1948-02-19,93.0,2.6335
1948-02-20,89.0,2.5202
1948-02-21,89.0,2.5202
1948-02-22,91.0,2.5768
1948-02-23,91.0,2.5768
1948-02-24,93.0,2.6335
1948-02-25,91.0,2.5768
1948-02-26,89.0,2.5202
1948-02-27,86.0,2.4352
1948-02-28,84.0,2.3786
1948-02-29,89.0,2.5202
1948-03-01,79.0,2.237
1948-03-02,77.0,2.1804
1948-03-03,82.0,2.322
1948-03-04,80.0,2.2653
1948-03-05,77.0,2.1804
1948-03-06,80.0,2.2653
1948-03-07,77.0,2.1804
1948-03-08,79.0,2.237
1948-03-09,80.0,2.2653
1948-03-10,74.0,2.0954
1948-03-11,79.0,2.237
1948-03-12,80.0,2.2653
1948-03-13,82.0,2.322
1948-03-14,69.0,1.9539
1948-03-15,69.0,1.9539
1948-03-16,68.0,1.9255
1948-03-17,65.0,1.8406
1948-03-18,63.0,1.784
1948-03-19,63.0,1.784
1948-03-20,62.0,1.7556
1948-03-21,58.0,1.6424
1948-03-22,48.0,1.3592
1948-03-23,47.0,1.3309
1948-03-24,39.0,1.1044
1948-03-25,36.0,1.0194
1948-03-26,35.0,0.9911
1948-03-27,29.0,0.8212
1948-03-28,29.0,0.8212
1948-03-29,34.0,0.9628
1948-03-30,31.0,0.8778
1948-03-31,27.0,0.7646
1948-04-01,27.0,0.7646
1948-04-02,36.0,1.0194
1948-04-03,35.0,0.9911
1948-04-04,33.0,0.9345
1948-04-05,31.0,0.8778
1948-04-06,36.0,1.0194
1948-04-07,33.0,0.9345
1948-04-08,36.0,1.0194
1948-04-09,29.0,0.8212
1948-04-10,25.0,0.7079
1948-04-11,24.0,0.6796
1948-04-12,23.0,0.6513
1948-04-13,24.0,0.6796
1948-04-14,25.0,0.7079
1948-04-15,25.0,0.7079
1948-04-16,24.0,0.6796
1948-04-17,25.0,0.7079
1948-04-18,28.0,0.7929
1948-04-19,30.0,0.8495
1948-04-20,27.0,0.7646
1948-04-21,25.0,0.7079
1948-04-22,26.0,0.7362
1948-04-23,34.0,0.9628
1948-04-24,29.0,0.8212
1948-04-25,29.0,0.8212
1948-04-26,45.0,1.2743
1948-04-27,42.0,1.1893
1948-04-28,33.0,0.9345
1948-04-29,31.0,0.8778
1948-04-30,48.0,1.3592
1948-05-01,55.0,1.5574
1948-05-02,55.0,1.5574
1948-05-03,58.0,1.6424
1948-05-04,56.0,1.5857
1948-05-05,55.0,1.5574
1948-05-06,69.0,1.9539
1948-05-07,86.0,2.4352
1948-05-08,76.0,2.1521
1948-05-09,74.0,2.0954
1948-05-10,77.0,2.1804
1948-05-11,65.0,1.8406
1948-05-12,58.0,1.6424
1948-05-13,68.0,1.9255
1948-05-14,72.0,2.0388
1948-05-15,84.0,2.3786
1948-05-16,82.0,2.322
1948-05-17,82.0,2.322
1948-05-18,80.0,2.2653
1948-05-19,79.0,2.237
1948-05-20,79.0,2.237
1948-05-21,80.0,2.2653
1948-05-22,80.0,2.2653
1948-05-23,65.0,1.8406
1948-05-24,59.0,1.6707
1948-05-25,77.0,2.1804
1948-05-26,768.0,21.7473
1948-05-27,305.0,8.6366
1948-05-28,124.0,3.5113
1948-05-29,96.0,2.7184
1948-05-30,82.0,2.322
1948-05-31,332.0,9.4012
1948-06-01,6800.0,192.5542
1948-06-02,7110.0,201.3324
1948-06-03,4470.0,126.5761
1948-06-04,422.0,11.9497
1948-06-05,247.0,6.9942
1948-06-06,193.0,5.4651
1948-06-07,174.0,4.9271
1948-06-08,161.0,4.559
1948-06-09,142.0,4.021
1948-06-10,133.0,3.7661
1948-06-11,131.0,3.7095
1948-06-12,182.0,5.1537
1948-06-13,230.0,6.5129
1948-06-14,211.0,5.9748
1948-06-15,196.0,5.5501
1948-06-16,188.0,5.3236
1948-06-17,177.0,5.0121
1948-06-18,174.0,4.9271
1948-06-19,193.0,5.4651
1948-06-20,196.0,5.5501
1948-06-21,243.0,6.881
1948-06-22,240.0,6.796
1948-06-23,161.0,4.559
1948-06-24,122.0,3.4546
1948-06-25,127.0,3.5962
1948-06-26,142.0,4.021
1948-06-27,129.0,3.6529
1948-06-28,118.0,3.3414
1948-06-29,96.0,2.7184
1948-06-30,82.0,2.322
1948-07-01,82.0,2.322
1948-07-02,72.0,2.0388
1948-07-03,63.0,1.784
1948-07-04,63.0,1.784
1948-07-05,76.0,2.1521
1948-07-06,82.0,2.322
1948-07-07,104.0,2.9449
1948-07-08,100.0,2.8317
1948-07-09,91.0,2.5768
1948-07-10,74.0,2.0954
1948-07-11,74.0,2.0954
1948-07-12,72.0,2.0388
1948-07-13,74.0,2.0954
1948-07-14,65.0,1.8406
1948-07-15,63.0,1.784
1948-07-16,65.0,1.8406
1948-07-17,74.0,2.0954
1948-07-18,62.0,1.7556
1948-07-19,51.0,1.4442
1948-07-20,47.0,1.3309
1948-07-21,48.0,1.3592
1948-07-22,52.0,1.4725
1948-07-23,52.0,1.4725
1948-07-24,58.0,1.6424
1948-07-25,63.0,1.784
1948-07-26,68.0,1.9255
1948-07-27,95.0,2.6901
1948-07-28,86.0,2.4352
1948-07-29,62.0,1.7556
1948-07-30,55.0,1.5574
1948-07-31,53.0,1.5008
1948-08-01,135.0,3.8228
1948-08-02,96.0,2.7184
1948-08-03,76.0,2.1521
1948-08-04,62.0,1.7556
1948-08-05,55.0,1.5574
1948-08-06,47.0,1.3309
1948-08-07,44.0,1.2459
1948-08-08,50.0,1.4158
1948-08-09,44.0,1.2459
1948-08-10,46.0,1.3026
1948-08-11,41.0,1.161
1948-08-12,44.0,1.2459
1948-08-13,59.0,1.6707
1948-08-14,45.0,1.2743
1948-08-15,48.0,1.3592
1948-08-16,62.0,1.7556
1948-08-17,56.0,1.5857
1948-08-18,47.0,1.3309
1948-08-19,46.0,1.3026
1948-08-20,42.0,1.1893
1948-08-21,40.0,1.1327
1948-08-22,44.0,1.2459
1948-08-23,79.0,2.237
1948-08-24,82.0,2.322
1948-08-25,89.0,2.5202
1948-08-26,87.0,2.4636
1948-08-27,84.0,2.3786
1948-08-28,86.0,2.4352
1948-08-29,103.0,2.9166
1948-08-30,96.0,2.7184
1948-08-31,91.0,2.5768
1948-09-01,84.0,2.3786
1948-09-02,60.0,1.699
1948-09-03,50.0,1.4158
1948-09-04,50.0,1.4158
1948-09-05,46.0,1.3026
1948-09-06,45.0,1.2743
1948-09-07,45.0,1.2743
1948-09-08,38.0,1.076
1948-09-09,50.0,1.4158
1948-09-10,51.0,1.4442
1948-09-11,52.0,1.4725
1948-09-12,53.0,1.5008
1948-09-13,53.0,1.5008
1948-09-14,48.0,1.3592
1948-09-15,45.0,1.2743
1948-09-16,44.0,1.2459
1948-09-17,42.0,1.1893
1948-09-18,45.0,1.2743
1948-09-19,44.0,1.2459
1948-09-20,47.0,1.3309
1948-09-21,51.0,1.4442
1948-09-22,71.0,2.0105
1948-09-23,52.0,1.4725
1948-09-24,45.0,1.2743
1948-09-25,44.0,1.2459
1948-09-26,52.0,1.4725
1948-09-27,52.0,1.4725
1948-09-28,44.0,1.2459
1948-09-29,50.0,1.4158
1948-09-30,62.0,1.7556
1948-10-01,56.0,1.5857
1948-10-02,55.0,1.5574
1948-10-03,55.0,1.5574
1948-10-04,55.0,1.5574
1948-10-05,74.0,2.0954
1948-10-06,74.0,2.0954
1948-10-07,71.0,2.0105
1948-10-08,69.0,1.9539
1948-10-09,91.0,2.5768
1948-10-10,104.0,2.9449
1948-10-11,108.0,3.0582
1948-10-12,104.0,2.9449
1948-10-13,106.0,3.0016
1948-10-14,102.0,2.8883
1948-10-15,100.0,2.8317
1948-10-16,96.0,2.7184
1948-10-17,95.0,2.6901
1948-10-18,91.0,2.5768
1948-10-19,84.0,2.3786
1948-10-20,95.0,2.6901
1948-10-21,102.0,2.8883
1948-10-22,106.0,3.0016
1948-10-23,100.0,2.8317
1948-10-24,95.0,2.6901
1948-10-25,95.0,2.6901
1948-10-26,93.0,2.6335
1948-10-27,93.0,2.6335
1948-10-28,93.0,2.6335
1948-10-29,93.0,2.6335
1948-10-30,86.0,2.4352
1948-10-31,89.0,2.5202
1948-11-01,86.0,2.4352
1948-11-02,82.0,2.322
1948-11-03,80.0,2.2653
1948-11-04,89.0,2.5202
1948-11-05,89.0,2.5202
1948-11-06,89.0,2.5202
1948-11-07,87.0,2.4636
1948-11-08,89.0,2.5202
1948-11-09,87.0,2.4636
1948-11-10,87.0,2.4636
1948-11-11,86.0,2.4352
1948-11-12,87.0,2.4636
1948-11-13,87.0,2.4636
1948-11-14,87.0,2.4636
1948-11-15,87.0,2.4636
1948-11-16,87.0,2.4636
1948-11-17,87.0,2.4636
1948-11-18,93.0,2.6335
1948-11-19,89.0,2.5202
1948-11-20,80.0,2.2653
1948-11-21,80.0,2.2653
1948-11-22,89.0,2.5202
1948-11-23,87.0,2.4636
1948-11-24,80.0,2.2653
1948-11-25,79.0,2.237
1948-11-26,80.0,2.2653
1948-11-27,80.0,2.2653
1948-11-28,79.0,2.237
1948-11-29,82.0,2.322
1948-11-30,80.0,2.2653
1948-12-01,80.0,2.2653
1948-12-02,82.0,2.322
1948-12-03,79.0,2.237
1948-12-04,76.0,2.1521
1948-12-05,79.0,2.237
1948-12-06,84.0,2.3786
1948-12-07,79.0,2.237
1948-12-08,76.0,2.1521
1948-12-09,74.0,2.0954
1948-12-10,76.0,2.1521
1948-12-11,74.0,2.0954
1948-12-12,79.0,2.237
1948-12-13,86.0,2.4352
1948-12-14,84.0,2.3786
1948-12-15,77.0,2.1804
1948-12-16,72.0,2.0388
1948-12-17,68.0,1.9255
1948-12-18,62.0,1.7556
1948-12-19,62.0,1.7556
1948-12-20,62.0,1.7556
1948-12-21,58.0,1.6424
1948-12-22,60.0,1.699
1948-12-23,71.0,2.0105
1948-12-24,68.0,1.9255
1948-12-25,71.0,2.0105
1948-12-26,95.0,2.6901
1948-12-27,93.0,2.6335
1948-12-28,93.0,2.6335
1948-12-29,86.0,2.4352
1948-12-30,82.0,2.322
1948-12-31,82.0,2.322
1949-01-01,89.0,2.5202
1949-01-02,91.0,2.5768
1949-01-03,95.0,2.6901
1949-01-04,91.0,2.5768
1949-01-05,89.0,2.5202
1949-01-06,89.0,2.5202
1949-01-07,91.0,2.5768
1949-01-08,93.0,2.6335
1949-01-09,270.0,7.6455
1949-01-10,202.0,5.72
1949-01-11,152.0,4.3042
1949-01-12,142.0,4.021
1949-01-13,131.0,3.7095
1949-01-14,127.0,3.5962
1949-01-15,124.0,3.5113
1949-01-16,122.0,3.4546
1949-01-17,122.0,3.4546
1949-01-18,127.0,3.5962
1949-01-19,118.0,3.3414
1949-01-20,118.0,3.3414
1949-01-21,116.0,3.2847
1949-01-22,118.0,3.3414
1949-01-23,122.0,3.4546
1949-01-24,122.0,3.4546
1949-01-25,118.0,3.3414
1949-01-26,118.0,3.3414
1949-01-27,120.0,3.398
1949-01-28,118.0,3.3414
1949-01-29,110.0,3.1148
1949-01-30,116.0,3.2847
1949-01-31,120.0,3.398
1949-02-01,120.0,3.398
1949-02-02,122.0,3.4546
1949-02-03,124.0,3.5113
1949-02-04,124.0,3.5113
1949-02-05,122.0,3.4546
1949-02-06,122.0,3.4546
1949-02-07,120.0,3.398
1949-02-08,120.0,3.398
1949-02-09,118.0,3.3414
1949-02-10,118.0,3.3414
1949-02-11,118.0,3.3414
1949-02-12,122.0,3.4546
1949-02-13,124.0,3.5113
1949-02-14,124.0,3.5113
1949-02-15,135.0,3.8228
1949-02-16,133.0,3.7661
1949-02-17,140.0,3.9644
1949-02-18,144.0,4.0776
1949-02-19,147.0,4.1626
1949-02-20,144.0,4.0776
1949-02-21,144.0,4.0776
1949-02-22,144.0,4.0776
1949-02-23,144.0,4.0776
1949-02-24,144.0,4.0776
1949-02-25,144.0,4.0776
1949-02-26,124.0,3.5113
1949-02-27,95.0,2.6901
1949-02-28,84.0,2.3786
1949-03-01,82.0,2.322
1949-03-02,80.0,2.2653
1949-03-03,84.0,2.3786
1949-03-04,112.0,3.1715
1949-03-05,118.0,3.3414
1949-03-06,118.0,3.3414
1949-03-07,114.0,3.2281
1949-03-08,110.0,3.1148
1949-03-09,112.0,3.1715
1949-03-10,104.0,2.9449
1949-03-11,100.0,2.8317
1949-03-12,104.0,2.9449
1949-03-13,98.0,2.775
1949-03-14,91.0,2.5768
1949-03-15,89.0,2.5202
1949-03-16,89.0,2.5202
1949-03-17,84.0,2.3786
1949-03-18,84.0,2.3786
1949-03-19,82.0,2.322
1949-03-20,82.0,2.322
1949-03-21,86.0,2.4352
1949-03-22,87.0,2.4636
1949-03-23,66.0,1.8689
1949-03-24,48.0,1.3592
1949-03-25,37.0,1.0477
1949-03-26,36.0,1.0194
1949-03-27,33.0,0.9345
1949-03-28,36.0,1.0194
1949-03-29,29.0,0.8212
1949-03-30,22.0,0.623
1949-03-31,23.0,0.6513
1949-04-01,30.0,0.8495
1949-04-02,26.0,0.7362
1949-04-03,28.0,0.7929
1949-04-04,41.0,1.161
1949-04-05,53.0,1.5008
1949-04-06,53.0,1.5008
1949-04-07,46.0,1.3026
1949-04-08,44.0,1.2459
1949-04-09,48.0,1.3592
1949-04-10,50.0,1.4158
1949-04-11,53.0,1.5008
1949-04-12,58.0,1.6424
1949-04-13,51.0,1.4442
1949-04-14,47.0,1.3309
1949-04-15,44.0,1.2459
1949-04-16,44.0,1.2459
1949-04-17,41.0,1.161
1949-04-18,41.0,1.161
1949-04-19,42.0,1.1893
1949-04-20,42.0,1.1893
1949-04-21,39.0,1.1044
1949-04-22,42.0,1.1893
1949-04-23,40.0,1.1327
1949-04-24,48.0,1.3592
1949-04-25,48.0,1.3592
1949-04-26,51.0,1.4442
1949-04-27,47.0,1.3309
1949-04-28,38.0,1.076
1949-04-29,39.0,1.1044
1949-04-30,50.0,1.4158
1949-05-01,55.0,1.5574
1949-05-02,66.0,1.8689
1949-05-03,84.0,2.3786
1949-05-04,84.0,2.3786
1949-05-05,145.0,4.1059
1949-05-06,322.0,9.118
1949-05-07,166.0,4.7006
1949-05-08,114.0,3.2281
1949-05-09,108.0,3.0582
1949-05-10,114.0,3.2281
1949-05-11,108.0,3.0582
1949-05-12,98.0,2.775
1949-05-13,96.0,2.7184
1949-05-14,86.0,2.4352
1949-05-15,76.0,2.1521
1949-05-16,84.0,2.3786
1949-05-17,87.0,2.4636
1949-05-18,79.0,2.237
1949-05-19,84.0,2.3786
1949-05-20,80.0,2.2653
1949-05-21,80.0,2.2653
1949-05-22,87.0,2.4636
1949-05-23,86.0,2.4352
1949-05-24,89.0,2.5202
1949-05-25,89.0,2.5202
1949-05-26,84.0,2.3786
1949-05-27,79.0,2.237
1949-05-28,105.0,2.9733
1949-05-29,86.0,2.4352
1949-05-30,80.0,2.2653
1949-05-31,77.0,2.1804
1949-06-01,76.0,2.1521
1949-06-02,72.0,2.0388
1949-06-03,71.0,2.0105
1949-06-04,68.0,1.9255
1949-06-05,161.0,4.559
1949-06-06,1130.0,31.998
1949-06-07,510.0,14.4416
1949-06-08,174.0,4.9271
1949-06-09,135.0,3.8228
1949-06-10,120.0,3.398
1949-06-11,367.0,10.3923
1949-06-12,899.0,25.4568
1949-06-13,430.0,12.1762
1949-06-14,159.0,4.5024
1949-06-15,116.0,3.2847
1949-06-16,110.0,3.1148
1949-06-17,102.0,2.8883
1949-06-18,100.0,2.8317
1949-06-19,98.0,2.775
1949-06-20,102.0,2.8883
1949-06-21,89.0,2.5202
1949-06-22,87.0,2.4636
1949-06-23,84.0,2.3786
1949-06-24,74.0,2.0954
1949-06-25,68.0,1.9255
1949-06-26,63.0,1.784
1949-06-27,59.0,1.6707
1949-06-28,58.0,1.6424
1949-06-29,59.0,1.6707
1949-06-30,69.0,1.9539
1949-07-01,91.0,2.5768
1949-07-02,87.0,2.4636
1949-07-03,82.0,2.322
1949-07-04,89.0,2.5202
1949-07-05,95.0,2.6901
1949-07-06,96.0,2.7184
1949-07-07,98.0,2.775
1949-07-08,100.0,2.8317
1949-07-09,82.0,2.322
1949-07-10,53.0,1.5008
1949-07-11,45.0,1.2743
1949-07-12,46.0,1.3026
1949-07-13,44.0,1.2459
1949-07-14,85.0,2.4069
1949-07-15,125.0,3.5396
1949-07-16,91.0,2.5768
1949-07-17,88.0,2.4919
1949-07-18,59.0,1.6707
1949-07-19,48.0,1.3592
1949-07-20,44.0,1.2459
1949-07-21,46.0,1.3026
1949-07-22,46.0,1.3026
1949-07-23,221.0,6.258
1949-07-24,174.0,4.9271
1949-07-25,203.0,5.7483
1949-07-26,110.0,3.1148
1949-07-27,86.0,2.4352
1949-07-28,80.0,2.2653
1949-07-29,76.0,2.1521
1949-07-30,80.0,2.2653
1949-07-31,66.0,1.8689
1949-08-01,71.0,2.0105
1949-08-02,59.0,1.6707
1949-08-03,52.0,1.4725
1949-08-04,58.0,1.6424
1949-08-05,80.0,2.2653
1949-08-06,79.0,2.237
1949-08-07,80.0,2.2653
1949-08-08,63.0,1.784
1949-08-09,66.0,1.8689
1949-08-10,159.0,4.5024
1949-08-11,145.0,4.1059
1949-08-12,114.0,3.2281
1949-08-13,89.0,2.5202
1949-08-14,82.0,2.322
1949-08-15,77.0,2.1804
1949-08-16,74.0,2.0954
1949-08-17,60.0,1.699
1949-08-18,56.0,1.5857
1949-08-19,46.0,1.3026
1949-08-20,86.0,2.4352
1949-08-21,93.0,2.6335
1949-08-22,86.0,2.4352
1949-08-23,86.0,2.4352
1949-08-24,87.0,2.4636
1949-08-25,84.0,2.3786
1949-08-26,59.0,1.6707
1949-08-27,60.0,1.699
1949-08-28,66.0,1.8689
1949-08-29,60.0,1.699
1949-08-30,55.0,1.5574
1949-08-31,55.0,1.5574
1949-09-01,63.0,1.784
1949-09-02,145.0,4.1059
1949-09-03,118.0,3.3414
1949-09-04,102.0,2.8883
1949-09-05,106.0,3.0016
1949-09-06,96.0,2.7184
1949-09-07,96.0,2.7184
1949-09-08,91.0,2.5768
1949-09-09,703.0,19.9067
1949-09-10,436.0,12.3461
1949-09-11,171.0,4.8422
1949-09-12,122.0,3.4546
1949-09-13,465.0,13.1673
1949-09-14,1050.0,29.7326
1949-09-15,2160.0,61.1643
1949-09-16,4180.0,118.3642
1949-09-17,4310.0,122.0454
1949-09-18,2850.0,80.7029
1949-09-19,1090.0,30.8653
1949-09-20,656.0,18.5758
1949-09-21,1410.0,39.9267
1949-09-22,1550.0,43.891
1949-09-23,332.0,9.4012
1949-09-24,234.0,6.6261
1949-09-25,406.0,11.4966
1949-09-26,233.0,6.5978
1949-09-27,220.0,6.2297
1949-09-28,276.0,7.8154
1949-09-29,283.0,8.0137
1949-09-30,279.0,7.9004
1949-10-01,261.0,7.3907
1949-10-02,211.0,5.9748
1949-10-03,240.0,6.796
1949-10-04,237.0,6.7111
1949-10-05,202.0,5.72
1949-10-06,641.0,18.1511
1949-10-07,1290.0,36.5287
1949-10-08,1530.0,43.3247
1949-10-09,1330.0,37.6613
1949-10-10,975.0,27.6089
1949-10-11,675.0,19.1138
1949-10-12,390.0,11.0436
1949-10-13,214.0,6.0598
1949-10-14,190.0,5.3802
1949-10-15,196.0,5.5501
1949-10-16,199.0,5.635
1949-10-17,214.0,6.0598
1949-10-18,214.0,6.0598
1949-10-19,214.0,6.0598
1949-10-20,190.0,5.3802
1949-10-21,188.0,5.3236
1949-10-22,193.0,5.4651
1949-10-23,220.0,6.2297
1949-10-24,226.0,6.3996
1949-10-25,208.0,5.8899
1949-10-26,174.0,4.9271
1949-10-27,156.0,4.4174
1949-10-28,159.0,4.5024
1949-10-29,177.0,5.0121
1949-10-30,193.0,5.4651
1949-10-31,298.0,8.4384
1949-11-01,287.0,8.1269
1949-11-02,250.0,7.0792
1949-11-03,287.0,8.1269
1949-11-04,306.0,8.6649
1949-11-05,302.0,8.5517
1949-11-06,302.0,8.5517
1949-11-07,302.0,8.5517
1949-11-08,298.0,8.4384
1949-11-09,298.0,8.4384
1949-11-10,294.0,8.3251
1949-11-11,287.0,8.1269
1949-11-12,279.0,7.9004
1949-11-13,279.0,7.9004
1949-11-14,287.0,8.1269
1949-11-15,287.0,8.1269
1949-11-16,272.0,7.7022
1949-11-17,268.0,7.5889
1949-11-18,283.0,8.0137
1949-11-19,287.0,8.1269
1949-11-20,302.0,8.5517
1949-11-21,341.0,9.656
1949-11-22,321.0,9.0897
1949-11-23,294.0,8.3251
1949-11-24,226.0,6.3996
1949-11-25,214.0,6.0598
1949-11-26,261.0,7.3907
1949-11-27,329.0,9.3162
1949-11-28,337.0,9.5428
1949-11-29,283.0,8.0137
1949-11-30,283.0,8.0137
1949-12-01,287.0,8.1269
1949-12-02,298.0,8.4384
1949-12-03,298.0,8.4384
1949-12-04,294.0,8.3251
1949-12-05,290.0,8.2119
1949-12-06,294.0,8.3251
1949-12-07,294.0,8.3251
1949-12-08,290.0,8.2119
1949-12-09,290.0,8.2119
1949-12-10,290.0,8.2119
1949-12-11,290.0,8.2119
1949-12-12,283.0,8.0137
1949-12-13,223.0,6.3146
1949-12-14,185.0,5.2386
1949-12-15,182.0,5.1537
1949-12-16,211.0,5.9748
1949-12-17,220.0,6.2297
1949-12-18,188.0,5.3236
1949-12-19,223.0,6.3146
1949-12-20,243.0,6.881
1949-12-21,214.0,6.0598
1949-12-22,261.0,7.3907
1949-12-23,247.0,6.9942
1949-12-24,223.0,6.3146
1949-12-25,188.0,5.3236
1949-12-26,180.0,5.097
1949-12-27,174.0,4.9271
1949-12-28,240.0,6.796
1949-12-29,298.0,8.4384
1949-12-30,306.0,8.6649
1949-12-31,310.0,8.7782
1950-01-01,314.0,8.8915
1950-01-02,314.0,8.8915
1950-01-03,310.0,8.7782
1950-01-04,298.0,8.4384
1950-01-05,287.0,8.1269
1950-01-06,298.0,8.4384
1950-01-07,290.0,8.2119
1950-01-08,298.0,8.4384
1950-01-09,302.0,8.5517
1950-01-10,306.0,8.6649
1950-01-11,298.0,8.4384
1950-01-12,306.0,8.6649
1950-01-13,298.0,8.4384
1950-01-14,272.0,7.7022
1950-01-15,358.0,10.1374
1950-01-16,306.0,8.6649
1950-01-17,298.0,8.4384
1950-01-18,294.0,8.3251
1950-01-19,172.0,4.8705
1950-01-20,154.0,4.3608
1950-01-21,233.0,6.5978
1950-01-22,220.0,6.2297
1950-01-23,226.0,6.3996
1950-01-24,226.0,6.3996
1950-01-25,264.0,7.4756
1950-01-26,268.0,7.5889
1950-01-27,268.0,7.5889
1950-01-28,272.0,7.7022
1950-01-29,268.0,7.5889
1950-01-30,230.0,6.5129
1950-01-31,226.0,6.3996
1950-02-01,240.0,6.796
1950-02-02,199.0,5.635
1950-02-03,144.0,4.0776
1950-02-04,135.0,3.8228
1950-02-05,154.0,4.3608
1950-02-06,171.0,4.8422
1950-02-07,161.0,4.559
1950-02-08,135.0,3.8228
1950-02-09,131.0,3.7095
1950-02-10,138.0,3.9077
1950-02-11,129.0,3.6529
1950-02-12,124.0,3.5113
1950-02-13,135.0,3.8228
1950-02-14,174.0,4.9271
1950-02-15,174.0,4.9271
1950-02-16,166.0,4.7006
1950-02-17,138.0,3.9077
1950-02-18,147.0,4.1626
1950-02-19,138.0,3.9077
1950-02-20,156.0,4.4174
1950-02-21,193.0,5.4651
1950-02-22,174.0,4.9271
1950-02-23,154.0,4.3608
1950-02-24,156.0,4.4174
1950-02-25,154.0,4.3608
1950-02-26,133.0,3.7661
1950-02-27,127.0,3.5962
1950-02-28,133.0,3.7661
1950-03-01,180.0,5.097
1950-03-02,133.0,3.7661
1950-03-03,102.0,2.8883
1950-03-04,95.0,2.6901
1950-03-05,89.0,2.5202
1950-03-06,93.0,2.6335
1950-03-07,84.0,2.3786
1950-03-08,91.0,2.5768
1950-03-09,86.0,2.4352
1950-03-10,128.0,3.6246
1950-03-11,214.0,6.0598
1950-03-12,211.0,5.9748
1950-03-13,217.0,6.1447
1950-03-14,233.0,6.5978
1950-03-15,230.0,6.5129
1950-03-16,217.0,6.1447
1950-03-17,211.0,5.9748
1950-03-18,180.0,5.097
1950-03-19,149.0,4.2192
1950-03-20,147.0,4.1626
1950-03-21,140.0,3.9644
1950-03-22,120.0,3.398
1950-03-23,127.0,3.5962
1950-03-24,120.0,3.398
1950-03-25,95.0,2.6901
1950-03-26,108.0,3.0582
1950-03-27,129.0,3.6529
1950-03-28,129.0,3.6529
1950-03-29,110.0,3.1148
1950-03-30,93.0,2.6335
1950-03-31,89.0,2.5202
1950-04-01,87.0,2.4636
1950-04-02,87.0,2.4636
1950-04-03,87.0,2.4636
1950-04-04,82.0,2.322
1950-04-05,74.0,2.0954
1950-04-06,79.0,2.237
1950-04-07,80.0,2.2653
1950-04-08,77.0,2.1804
1950-04-09,82.0,2.322
1950-04-10,72.0,2.0388
1950-04-11,69.0,1.9539
1950-04-12,65.0,1.8406
1950-04-13,72.0,2.0388
1950-04-14,89.0,2.5202
1950-04-15,71.0,2.0105
1950-04-16,56.0,1.5857
1950-04-17,63.0,1.784
1950-04-18,82.0,2.322
1950-04-19,87.0,2.4636
1950-04-20,66.0,1.8689
1950-04-21,60.0,1.699
1950-04-22,76.0,2.1521
1950-04-23,108.0,3.0582
1950-04-24,131.0,3.7095
1950-04-25,120.0,3.398
1950-04-26,129.0,3.6529
1950-04-27,108.0,3.0582
1950-04-28,114.0,3.2281
1950-04-29,114.0,3.2281
1950-04-30,122.0,3.4546
1950-05-01,114.0,3.2281
1950-05-02,108.0,3.0582
1950-05-03,124.0,3.5113
1950-05-04,129.0,3.6529
1950-05-05,154.0,4.3608
1950-05-06,152.0,4.3042
1950-05-07,116.0,3.2847
1950-05-08,129.0,3.6529
1950-05-09,114.0,3.2281
1950-05-10,108.0,3.0582
1950-05-11,114.0,3.2281
1950-05-12,116.0,3.2847
1950-05-13,116.0,3.2847
1950-05-14,110.0,3.1148
1950-05-15,120.0,3.398
1950-05-16,127.0,3.5962
1950-05-17,106.0,3.0016
1950-05-18,98.0,2.775
1950-05-19,87.0,2.4636
1950-05-20,87.0,2.4636
1950-05-21,93.0,2.6335
1950-05-22,82.0,2.322
1950-05-23,84.0,2.3786
1950-05-24,89.0,2.5202
1950-05-25,87.0,2.4636
1950-05-26,112.0,3.1715
1950-05-27,230.0,6.5129
1950-05-28,123.0,3.483
1950-05-29,91.0,2.5768
1950-05-30,84.0,2.3786
1950-05-31,82.0,2.322
1950-06-01,86.0,2.4352
1950-06-02,86.0,2.4352
1950-06-03,79.0,2.237
1950-06-04,74.0,2.0954
1950-06-05,79.0,2.237
1950-06-06,80.0,2.2653
1950-06-07,93.0,2.6335
1950-06-08,91.0,2.5768
1950-06-09,93.0,2.6335
1950-06-10,95.0,2.6901
1950-06-11,96.0,2.7184
1950-06-12,102.0,2.8883
1950-06-13,86.0,2.4352
1950-06-14,91.0,2.5768
1950-06-15,98.0,2.775
1950-06-16,96.0,2.7184
1950-06-17,66.0,1.8689
1950-06-18,68.0,1.9255
1950-06-19,51.0,1.4442
1950-06-20,42.0,1.1893
1950-06-21,68.0,1.9255
1950-06-22,65.0,1.8406
1950-06-23,60.0,1.699
1950-06-24,48.0,1.3592
1950-06-25,55.0,1.5574
1950-06-26,60.0,1.699
1950-06-27,56.0,1.5857
1950-06-28,51.0,1.4442
1950-06-29,63.0,1.784
1950-06-30,62.0,1.7556
1950-07-01,82.0,2.322
1950-07-02,91.0,2.5768
1950-07-03,80.0,2.2653
1950-07-04,66.0,1.8689
1950-07-05,94.0,2.6618
1950-07-06,124.0,3.5113
1950-07-07,146.0,4.1343
1950-07-08,102.0,2.8883
1950-07-09,102.0,2.8883
1950-07-10,95.0,2.6901
1950-07-11,60.0,1.699
1950-07-12,53.0,1.5008
1950-07-13,55.0,1.5574
1950-07-14,84.0,2.3786
1950-07-15,95.0,2.6901
1950-07-16,89.0,2.5202
1950-07-17,89.0,2.5202
1950-07-18,82.0,2.322
1950-07-19,68.0,1.9255
1950-07-20,187.0,5.2952
1950-07-21,112.0,3.1715
1950-07-22,89.0,2.5202
1950-07-23,385.0,10.902
1950-07-24,903.0,25.5701
1950-07-25,4040.0,114.3999
1950-07-26,974.0,27.5806
1950-07-27,1130.0,31.998
1950-07-28,1290.0,36.5287
1950-07-29,1490.0,42.192
1950-07-30,1210.0,34.2633
1950-07-31,631.0,17.8679
1950-08-01,237.0,6.7111
1950-08-02,188.0,5.3236
1950-08-03,296.0,8.3818
1950-08-04,473.0,13.3938
1950-08-05,700.0,19.8218
1950-08-06,607.0,17.1883
1950-08-07,333.0,9.4295
1950-08-08,306.0,8.6649
1950-08-09,217.0,6.1447
1950-08-10,193.0,5.4651
1950-08-11,156.0,4.4174
1950-08-12,133.0,3.7661
1950-08-13,114.0,3.2281
1950-08-14,102.0,2.8883
1950-08-15,87.0,2.4636
1950-08-16,89.0,2.5202
1950-08-17,86.0,2.4352
1950-08-18,76.0,2.1521
1950-08-19,77.0,2.1804
1950-08-20,76.0,2.1521
1950-08-21,69.0,1.9539
1950-08-22,89.0,2.5202
1950-08-23,89.0,2.5202
1950-08-24,74.0,2.0954
1950-08-25,74.0,2.0954
1950-08-26,66.0,1.8689
1950-08-27,80.0,2.2653
1950-08-28,138.0,3.9077
1950-08-29,122.0,3.4546
1950-08-30,120.0,3.398
1950-08-31,110.0,3.1148
1950-09-01,95.0,2.6901
1950-09-02,104.0,2.9449
1950-09-03,118.0,3.3414
1950-09-04,172.0,4.8705
1950-09-05,272.0,7.7022
1950-09-06,765.0,21.6624
1950-09-07,797.0,22.5685
1950-09-08,240.0,6.796
1950-09-09,177.0,5.0121
1950-09-10,159.0,4.5024
1950-09-11,152.0,4.3042
1950-09-12,144.0,4.0776
1950-09-13,152.0,4.3042
1950-09-14,161.0,4.559
1950-09-15,156.0,4.4174
1950-09-16,142.0,4.021
1950-09-17,140.0,3.9644
1950-09-18,156.0,4.4174
1950-09-19,188.0,5.3236
1950-09-20,147.0,4.1626
1950-09-21,159.0,4.5024
1950-09-22,159.0,4.5024
1950-09-23,147.0,4.1626
1950-09-24,149.0,4.2192
1950-09-25,161.0,4.559
1950-09-26,281.0,7.957
1950-09-27,380.0,10.7604
1950-09-28,199.0,5.635
1950-09-29,138.0,3.9077
1950-09-30,102.0,2.8883
1950-10-01,200.0,5.6634
1950-10-02,617.0,17.4715
1950-10-03,1010.0,28.6
1950-10-04,2020.0,57.1999
1950-10-05,891.0,25.2303
1950-10-06,975.0,27.6089
1950-10-07,784.0,22.2004
1950-10-08,462.0,13.0824
1950-10-09,430.0,12.1762
1950-10-10,417.0,11.8081
1950-10-11,378.0,10.7038
1950-10-12,272.0,7.7022
1950-10-13,283.0,8.0137
1950-10-14,329.0,9.3162
1950-10-15,314.0,8.8915
1950-10-16,314.0,8.8915
1950-10-17,306.0,8.6649
1950-10-18,294.0,8.3251
1950-10-19,272.0,7.7022
1950-10-20,276.0,7.8154
1950-10-21,279.0,7.9004
1950-10-22,268.0,7.5889
1950-10-23,264.0,7.4756
1950-10-24,272.0,7.7022
1950-10-25,366.0,10.3639
1950-10-26,283.0,8.0137
1950-10-27,334.0,9.4578
1950-10-28,435.0,12.3178
1950-10-29,453.0,12.8275
1950-10-30,430.0,12.1762
1950-10-31,349.0,9.8826
1950-11-01,341.0,9.656
1950-11-02,341.0,9.656
1950-11-03,333.0,9.4295
1950-11-04,333.0,9.4295
1950-11-05,341.0,9.656
1950-11-06,345.0,9.7693
1950-11-07,337.0,9.5428
1950-11-08,337.0,9.5428
1950-11-09,329.0,9.3162
1950-11-10,321.0,9.0897
1950-11-11,325.0,9.203
1950-11-12,341.0,9.656
1950-11-13,345.0,9.7693
1950-11-14,333.0,9.4295
1950-11-15,325.0,9.203
1950-11-16,317.0,8.9764
1950-11-17,317.0,8.9764
1950-11-18,317.0,8.9764
1950-11-19,325.0,9.203
1950-11-20,314.0,8.8915
1950-11-21,310.0,8.7782
1950-11-22,298.0,8.4384
1950-11-23,298.0,8.4384
1950-11-24,294.0,8.3251
1950-11-25,298.0,8.4384
1950-11-26,302.0,8.5517
1950-11-27,314.0,8.8915
1950-11-28,310.0,8.7782
1950-11-29,310.0,8.7782
1950-11-30,310.0,8.7782
1950-12-01,317.0,8.9764
1950-12-02,317.0,8.9764
1950-12-03,317.0,8.9764
1950-12-04,314.0,8.8915
1950-12-05,310.0,8.7782
1950-12-06,306.0,8.6649
1950-12-07,321.0,9.0897
1950-12-08,325.0,9.203
1950-12-09,321.0,9.0897
1950-12-10,321.0,9.0897
1950-12-11,321.0,9.0897
1950-12-12,321.0,9.0897
1950-12-13,302.0,8.5517
1950-12-14,193.0,5.4651
1950-12-15,159.0,4.5024
1950-12-16,138.0,3.9077
1950-12-17,127.0,3.5962
1950-12-18,138.0,3.9077
1950-12-19,140.0,3.9644
1950-12-20,149.0,4.2192
1950-12-21,140.0,3.9644
1950-12-22,138.0,3.9077
1950-12-23,138.0,3.9077
1950-12-24,131.0,3.7095
1950-12-25,142.0,4.021
1950-12-26,129.0,3.6529
1950-12-27,124.0,3.5113
1950-12-28,131.0,3.7095
1950-12-29,133.0,3.7661
1950-12-30,133.0,3.7661
1950-12-31,131.0,3.7095
1951-01-01,124.0,3.5113
1951-01-02,291.0,8.2402
1951-01-03,243.0,6.881
1951-01-04,226.0,6.3996
1951-01-05,226.0,6.3996
1951-01-06,226.0,6.3996
1951-01-07,220.0,6.2297
1951-01-08,217.0,6.1447
1951-01-09,217.0,6.1447
1951-01-10,217.0,6.1447
1951-01-11,214.0,6.0598
1951-01-12,217.0,6.1447
1951-01-13,214.0,6.0598
1951-01-14,211.0,5.9748
1951-01-15,208.0,5.8899
1951-01-16,208.0,5.8899
1951-01-17,205.0,5.8049
1951-01-18,199.0,5.635
1951-01-19,193.0,5.4651
1951-01-20,190.0,5.3802
1951-01-21,185.0,5.2386
1951-01-22,180.0,5.097
1951-01-23,159.0,4.5024
1951-01-24,133.0,3.7661
1951-01-25,164.0,4.644
1951-01-26,180.0,5.097
1951-01-27,174.0,4.9271
1951-01-28,138.0,3.9077
1951-01-29,112.0,3.1715
1951-01-30,122.0,3.4546
1951-01-31,138.0,3.9077
1951-02-01,171.0,4.8422
1951-02-02,135.0,3.8228
1951-02-03,129.0,3.6529
1951-02-04,122.0,3.4546
1951-02-05,110.0,3.1148
1951-02-06,116.0,3.2847
1951-02-07,144.0,4.0776
1951-02-08,131.0,3.7095
1951-02-09,112.0,3.1715
1951-02-10,124.0,3.5113
1951-02-11,129.0,3.6529
1951-02-12,138.0,3.9077
1951-02-13,138.0,3.9077
1951-02-14,149.0,4.2192
1951-02-15,166.0,4.7006
1951-02-16,147.0,4.1626
1951-02-17,133.0,3.7661
1951-02-18,133.0,3.7661
1951-02-19,135.0,3.8228
1951-02-20,124.0,3.5113
1951-02-21,127.0,3.5962
1951-02-22,118.0,3.3414
1951-02-23,114.0,3.2281
1951-02-24,122.0,3.4546
1951-02-25,133.0,3.7661
1951-02-26,118.0,3.3414
1951-02-27,118.0,3.3414
1951-02-28,129.0,3.6529
1951-03-01,156.0,4.4174
1951-03-02,177.0,5.0121
1951-03-03,182.0,5.1537
1951-03-04,177.0,5.0121
1951-03-05,169.0,4.7855
1951-03-06,164.0,4.644
1951-03-07,164.0,4.644
1951-03-08,169.0,4.7855
1951-03-09,174.0,4.9271
1951-03-10,180.0,5.097
1951-03-11,188.0,5.3236
1951-03-12,133.0,3.7661
1951-03-13,116.0,3.2847
1951-03-14,102.0,2.8883
1951-03-15,108.0,3.0582
1951-03-16,95.0,2.6901
1951-03-17,93.0,2.6335
1951-03-18,96.0,2.7184
1951-03-19,96.0,2.7184
1951-03-20,98.0,2.775
1951-03-21,98.0,2.775
1951-03-22,106.0,3.0016
1951-03-23,114.0,3.2281
1951-03-24,108.0,3.0582
1951-03-25,108.0,3.0582
1951-03-26,100.0,2.8317
1951-03-27,82.0,2.322
1951-03-28,93.0,2.6335
1951-03-29,129.0,3.6529
1951-03-30,152.0,4.3042
1951-03-31,95.0,2.6901
1951-04-01,198.0,5.6067
1951-04-02,226.0,6.3996
1951-04-03,133.0,3.7661
1951-04-04,122.0,3.4546
1951-04-05,120.0,3.398
1951-04-06,104.0,2.9449
1951-04-07,87.0,2.4636
1951-04-08,95.0,2.6901
1951-04-09,108.0,3.0582
1951-04-10,112.0,3.1715
1951-04-11,108.0,3.0582
1951-04-12,98.0,2.775
1951-04-13,98.0,2.775
1951-04-14,104.0,2.9449
1951-04-15,98.0,2.775
1951-04-16,76.0,2.1521
1951-04-17,56.0,1.5857
1951-04-18,47.0,1.3309
1951-04-19,42.0,1.1893
1951-04-20,40.0,1.1327
1951-04-21,45.0,1.2743
1951-04-22,69.0,1.9539
1951-04-23,72.0,2.0388
1951-04-24,62.0,1.7556
1951-04-25,77.0,2.1804
1951-04-26,87.0,2.4636
1951-04-27,87.0,2.4636
1951-04-28,108.0,3.0582
1951-04-29,100.0,2.8317
1951-04-30,96.0,2.7184
1951-05-01,131.0,3.7095
1951-05-02,138.0,3.9077
1951-05-03,112.0,3.1715
1951-05-04,118.0,3.3414
1951-05-05,114.0,3.2281
1951-05-06,116.0,3.2847
1951-05-07,122.0,3.4546
1951-05-08,114.0,3.2281
1951-05-09,106.0,3.0016
1951-05-10,102.0,2.8883
1951-05-11,106.0,3.0016
1951-05-12,100.0,2.8317
1951-05-13,80.0,2.2653
1951-05-14,82.0,2.322
1951-05-15,89.0,2.5202
1951-05-16,96.0,2.7184
1951-05-17,93.0,2.6335
1951-05-18,89.0,2.5202
1951-05-19,80.0,2.2653
1951-05-20,72.0,2.0388
1951-05-21,71.0,2.0105
1951-05-22,102.0,2.8883
1951-05-23,98.0,2.775
1951-05-24,236.0,6.6828
1951-05-25,193.0,5.4651
1951-05-26,120.0,3.398
1951-05-27,95.0,2.6901
1951-05-28,98.0,2.775
1951-05-29,84.0,2.3786
1951-05-30,82.0,2.322
1951-05-31,87.0,2.4636
1951-06-01,91.0,2.5768
1951-06-02,86.0,2.4352
1951-06-03,77.0,2.1804
1951-06-04,82.0,2.322
1951-06-05,91.0,2.5768
1951-06-06,93.0,2.6335
1951-06-07,89.0,2.5202
1951-06-08,84.0,2.3786
1951-06-09,77.0,2.1804
1951-06-10,80.0,2.2653
1951-06-11,86.0,2.4352
1951-06-12,82.0,2.322
1951-06-13,93.0,2.6335
1951-06-14,86.0,2.4352
1951-06-15,76.0,2.1521
1951-06-16,59.0,1.6707
1951-06-17,53.0,1.5008
1951-06-18,66.0,1.8689
1951-06-19,79.0,2.237
1951-06-20,82.0,2.322
1951-06-21,66.0,1.8689
1951-06-22,59.0,1.6707
1951-06-23,39.0,1.1044
1951-06-24,40.0,1.1327
1951-06-25,44.0,1.2459
1951-06-26,62.0,1.7556
1951-06-27,79.0,2.237
1951-06-28,93.0,2.6335
1951-06-29,84.0,2.3786
1951-06-30,74.0,2.0954
1951-07-01,93.0,2.6335
1951-07-02,102.0,2.8883
1951-07-03,69.0,1.9539
1951-07-04,60.0,1.699
1951-07-05,59.0,1.6707
1951-07-06,52.0,1.4725
1951-07-07,46.0,1.3026
1951-07-08,40.0,1.1327
1951-07-09,33.0,0.9345
1951-07-10,29.0,0.8212
1951-07-11,28.0,0.7929
1951-07-12,26.0,0.7362
1951-07-13,25.0,0.7079
1951-07-14,24.0,0.6796
1951-07-15,25.0,0.7079
1951-07-16,32.0,0.9061
1951-07-17,29.0,0.8212
1951-07-18,25.0,0.7079
1951-07-19,29.0,0.8212
1951-07-20,33.0,0.9345
1951-07-21,30.0,0.8495
1951-07-22,38.0,1.076
1951-07-23,233.0,6.5978
1951-07-24,559.0,15.8291
1951-07-25,316.0,8.9481
1951-07-26,174.0,4.9271
1951-07-27,142.0,4.021
1951-07-28,122.0,3.4546
1951-07-29,118.0,3.3414
1951-07-30,114.0,3.2281
1951-07-31,98.0,2.775
1951-08-01,96.0,2.7184
1951-08-02,104.0,2.9449
1951-08-03,98.0,2.775
1951-08-04,100.0,2.8317
1951-08-05,108.0,3.0582
1951-08-06,89.0,2.5202
1951-08-07,63.0,1.784
1951-08-08,51.0,1.4442
1951-08-09,47.0,1.3309
1951-08-10,37.0,1.0477
1951-08-11,35.0,0.9911
1951-08-12,34.0,0.9628
1951-08-13,36.0,1.0194
1951-08-14,36.0,1.0194
1951-08-15,33.0,0.9345
1951-08-16,36.0,1.0194
1951-08-17,42.0,1.1893
1951-08-18,41.0,1.161
1951-08-19,38.0,1.076
1951-08-20,33.0,0.9345
1951-08-21,38.0,1.076
1951-08-22,50.0,1.4158
1951-08-23,65.0,1.8406
1951-08-24,60.0,1.699
1951-08-25,62.0,1.7556
1951-08-26,66.0,1.8689
1951-08-27,65.0,1.8406
1951-08-28,65.0,1.8406
1951-08-29,68.0,1.9255
1951-08-30,76.0,2.1521
1951-08-31,74.0,2.0954
1951-09-01,66.0,1.8689
1951-09-02,71.0,2.0105
1951-09-03,65.0,1.8406
1951-09-04,62.0,1.7556
1951-09-05,59.0,1.6707
1951-09-06,59.0,1.6707
1951-09-07,59.0,1.6707
1951-09-08,51.0,1.4442
1951-09-09,48.0,1.3592
1951-09-10,56.0,1.5857
1951-09-11,51.0,1.4442
1951-09-12,68.0,1.9255
1951-09-13,80.0,2.2653
1951-09-14,74.0,2.0954
1951-09-15,68.0,1.9255
1951-09-16,77.0,2.1804
1951-09-17,74.0,2.0954
1951-09-18,76.0,2.1521
1951-09-19,77.0,2.1804
1951-09-20,86.0,2.4352
1951-09-21,86.0,2.4352
1951-09-22,87.0,2.4636
1951-09-23,84.0,2.3786
1951-09-24,87.0,2.4636
1951-09-25,77.0,2.1804
1951-09-26,69.0,1.9539
1951-09-27,71.0,2.0105
1951-09-28,74.0,2.0954
1951-09-29,65.0,1.8406
1951-09-30,59.0,1.6707
1951-10-01,65.0,1.8406
1951-10-02,65.0,1.8406
1951-10-03,72.0,2.0388
1951-10-04,79.0,2.237
1951-10-05,77.0,2.1804
1951-10-06,77.0,2.1804
1951-10-07,74.0,2.0954
1951-10-08,76.0,2.1521
1951-10-09,77.0,2.1804
1951-10-10,77.0,2.1804
1951-10-11,77.0,2.1804
1951-10-12,74.0,2.0954
1951-10-13,72.0,2.0388
1951-10-14,74.0,2.0954
1951-10-15,71.0,2.0105
1951-10-16,76.0,2.1521
1951-10-17,76.0,2.1521
1951-10-18,76.0,2.1521
1951-10-19,79.0,2.237
1951-10-20,80.0,2.2653
1951-10-21,77.0,2.1804
1951-10-22,79.0,2.237
1951-10-23,69.0,1.9539
1951-10-24,76.0,2.1521
1951-10-25,79.0,2.237
1951-10-26,72.0,2.0388
1951-10-27,66.0,1.8689
1951-10-28,72.0,2.0388
1951-10-29,71.0,2.0105
1951-10-30,71.0,2.0105
1951-10-31,69.0,1.9539
1951-11-01,69.0,1.9539
1951-11-02,69.0,1.9539
1951-11-03,68.0,1.9255
1951-11-04,69.0,1.9539
1951-11-05,71.0,2.0105
1951-11-06,68.0,1.9255
1951-11-07,66.0,1.8689
1951-11-08,86.0,2.4352
1951-11-09,84.0,2.3786
1951-11-10,76.0,2.1521
1951-11-11,76.0,2.1521
1951-11-12,82.0,2.322
1951-11-13,77.0,2.1804
1951-11-14,76.0,2.1521
1951-11-15,79.0,2.237
1951-11-16,79.0,2.237
1951-11-17,74.0,2.0954
1951-11-18,80.0,2.2653
1951-11-19,80.0,2.2653
1951-11-20,74.0,2.0954
1951-11-21,74.0,2.0954
1951-11-22,82.0,2.322
1951-11-23,86.0,2.4352
1951-11-24,89.0,2.5202
1951-11-25,86.0,2.4352
1951-11-26,80.0,2.2653
1951-11-27,79.0,2.237
1951-11-28,82.0,2.322
1951-11-29,82.0,2.322
1951-11-30,82.0,2.322
1951-12-01,84.0,2.3786
1951-12-02,84.0,2.3786
1951-12-03,84.0,2.3786
1951-12-04,84.0,2.3786
1951-12-05,82.0,2.322
1951-12-06,82.0,2.322
1951-12-07,74.0,2.0954
1951-12-08,71.0,2.0105
1951-12-09,74.0,2.0954
1951-12-10,77.0,2.1804
1951-12-11,84.0,2.3786
1951-12-12,84.0,2.3786
1951-12-13,84.0,2.3786
1951-12-14,84.0,2.3786
1951-12-15,84.0,2.3786
1951-12-16,84.0,2.3786
1951-12-17,87.0,2.4636
1951-12-18,84.0,2.3786
1951-12-19,76.0,2.1521
1951-12-20,74.0,2.0954
1951-12-21,72.0,2.0388
1951-12-22,80.0,2.2653
1951-12-23,87.0,2.4636
1951-12-24,86.0,2.4352
1951-12-25,80.0,2.2653
1951-12-26,80.0,2.2653
1951-12-27,82.0,2.322
1951-12-28,82.0,2.322
1951-12-29,82.0,2.322
1951-12-30,82.0,2.322
1951-12-31,80.0,2.2653
1952-01-01,84.0,2.3786
1952-01-02,84.0,2.3786
1952-01-03,89.0,2.5202
1952-01-04,96.0,2.7184
1952-01-05,93.0,2.6335
1952-01-06,91.0,2.5768
1952-01-07,86.0,2.4352
1952-01-08,84.0,2.3786
1952-01-09,87.0,2.4636
1952-01-10,89.0,2.5202
1952-01-11,87.0,2.4636
1952-01-12,86.0,2.4352
1952-01-13,87.0,2.4636
1952-01-14,93.0,2.6335
1952-01-15,93.0,2.6335
1952-01-16,95.0,2.6901
1952-01-17,93.0,2.6335
1952-01-18,95.0,2.6901
1952-01-19,91.0,2.5768
1952-01-20,91.0,2.5768
1952-01-21,93.0,2.6335
1952-01-22,87.0,2.4636
1952-01-23,89.0,2.5202
1952-01-24,86.0,2.4352
1952-01-25,86.0,2.4352
1952-01-26,86.0,2.4352
1952-01-27,86.0,2.4352
1952-01-28,87.0,2.4636
1952-01-29,86.0,2.4352
1952-01-30,87.0,2.4636
1952-01-31,84.0,2.3786
1952-02-01,84.0,2.3786
1952-02-02,89.0,2.5202
1952-02-03,89.0,2.5202
1952-02-04,93.0,2.6335
1952-02-05,86.0,2.4352
1952-02-06,80.0,2.2653
1952-02-07,84.0,2.3786
1952-02-08,104.0,2.9449
1952-02-09,95.0,2.6901
1952-02-10,80.0,2.2653
1952-02-11,80.0,2.2653
1952-02-12,86.0,2.4352
1952-02-13,87.0,2.4636
1952-02-14,95.0,2.6901
1952-02-15,89.0,2.5202
1952-02-16,79.0,2.237
1952-02-17,86.0,2.4352
1952-02-18,96.0,2.7184
1952-02-19,95.0,2.6901
1952-02-20,84.0,2.3786
1952-02-21,76.0,2.1521
1952-02-22,86.0,2.4352
1952-02-23,95.0,2.6901
1952-02-24,76.0,2.1521
1952-02-25,72.0,2.0388
1952-02-26,76.0,2.1521
1952-02-27,80.0,2.2653
1952-02-28,79.0,2.237
1952-02-29,80.0,2.2653
1952-03-01,84.0,2.3786
1952-03-02,74.0,2.0954
1952-03-03,68.0,1.9255
1952-03-04,72.0,2.0388
1952-03-05,76.0,2.1521
1952-03-06,79.0,2.237
1952-03-07,66.0,1.8689
1952-03-08,59.0,1.6707
1952-03-09,53.0,1.5008
1952-03-10,56.0,1.5857
1952-03-11,60.0,1.699
1952-03-12,60.0,1.699
1952-03-13,58.0,1.6424
1952-03-14,63.0,1.784
1952-03-15,69.0,1.9539
1952-03-16,66.0,1.8689
1952-03-17,69.0,1.9539
1952-03-18,63.0,1.784
1952-03-19,59.0,1.6707
1952-03-20,58.0,1.6424
1952-03-21,48.0,1.3592
1952-03-22,55.0,1.5574
1952-03-23,46.0,1.3026
1952-03-24,47.0,1.3309
1952-03-25,51.0,1.4442
1952-03-26,48.0,1.3592
1952-03-27,41.0,1.161
1952-03-28,53.0,1.5008
1952-03-29,48.0,1.3592
1952-03-30,41.0,1.161
1952-03-31,38.0,1.076
1952-04-01,36.0,1.0194
1952-04-02,31.0,0.8778
1952-04-03,24.0,0.6796
1952-04-04,17.0,0.4814
1952-04-05,14.0,0.3964
1952-04-06,17.0,0.4814
1952-04-07,17.0,0.4814
1952-04-08,25.0,0.7079
1952-04-09,28.0,0.7929
1952-04-10,23.0,0.6513
1952-04-11,29.0,0.8212
1952-04-12,40.0,1.1327
1952-04-13,45.0,1.2743
1952-04-14,46.0,1.3026
1952-04-15,46.0,1.3026
1952-04-16,38.0,1.076
1952-04-17,26.0,0.7362
1952-04-18,36.0,1.0194
1952-04-19,50.0,1.4158
1952-04-20,52.0,1.4725
1952-04-21,44.0,1.2459
1952-04-22,39.0,1.1044
1952-04-23,33.0,0.9345
1952-04-24,30.0,0.8495
1952-04-25,32.0,0.9061
1952-04-26,36.0,1.0194
1952-04-27,36.0,1.0194
1952-04-28,38.0,1.076
1952-04-29,46.0,1.3026
1952-04-30,39.0,1.1044
1952-05-01,44.0,1.2459
1952-05-02,44.0,1.2459
1952-05-03,39.0,1.1044
1952-05-04,38.0,1.076
1952-05-05,36.0,1.0194
1952-05-06,32.0,0.9061
1952-05-07,29.0,0.8212
1952-05-08,35.0,0.9911
1952-05-09,37.0,1.0477
1952-05-10,42.0,1.1893
1952-05-11,44.0,1.2459
1952-05-12,40.0,1.1327
1952-05-13,38.0,1.076
1952-05-14,41.0,1.161
1952-05-15,39.0,1.1044
1952-05-16,34.0,0.9628
1952-05-17,33.0,0.9345
1952-05-18,39.0,1.1044
1952-05-19,47.0,1.3309
1952-05-20,50.0,1.4158
1952-05-21,53.0,1.5008
1952-05-22,56.0,1.5857
1952-05-23,53.0,1.5008
1952-05-24,58.0,1.6424
1952-05-25,59.0,1.6707
1952-05-26,58.0,1.6424
1952-05-27,59.0,1.6707
1952-05-28,56.0,1.5857
1952-05-29,48.0,1.3592
1952-05-30,55.0,1.5574
1952-05-31,44.0,1.2459
1952-06-01,36.0,1.0194
1952-06-02,29.0,0.8212
1952-06-03,29.0,0.8212
1952-06-04,30.0,0.8495
1952-06-05,29.0,0.8212
1952-06-06,21.0,0.5947
1952-06-07,25.0,0.7079
1952-06-08,25.0,0.7079
1952-06-09,31.0,0.8778
1952-06-10,35.0,0.9911
1952-06-11,34.0,0.9628
1952-06-12,51.0,1.4442
1952-06-13,50.0,1.4158
1952-06-14,42.0,1.1893
1952-06-15,38.0,1.076
1952-06-16,35.0,0.9911
1952-06-17,33.0,0.9345
1952-06-18,38.0,1.076
1952-06-19,39.0,1.1044
1952-06-20,37.0,1.0477
1952-06-21,34.0,0.9628
1952-06-22,32.0,0.9061
1952-06-23,33.0,0.9345
1952-06-24,36.0,1.0194
1952-06-25,34.0,0.9628
1952-06-26,70.0,1.9822
1952-06-27,38.0,1.076
1952-06-28,31.0,0.8778
1952-06-29,29.0,0.8212
1952-06-30,21.0,0.5947
1952-07-01,29.0,0.8212
1952-07-02,26.0,0.7362
1952-07-03,25.0,0.7079
1952-07-04,25.0,0.7079
1952-07-05,28.0,0.7929
1952-07-06,34.0,0.9628
1952-07-07,53.0,1.5008
1952-07-08,34.0,0.9628
1952-07-09,25.0,0.7079
1952-07-10,26.0,0.7362
1952-07-11,70.0,1.9822
1952-07-12,182.0,5.1537
1952-07-13,124.0,3.5113
1952-07-14,150.0,4.2475
1952-07-15,100.0,2.8317
1952-07-16,100.0,2.8317
1952-07-17,106.0,3.0016
1952-07-18,87.0,2.4636
1952-07-19,74.0,2.0954
1952-07-20,60.0,1.699
1952-07-21,45.0,1.2743
1952-07-22,38.0,1.076
1952-07-23,33.0,0.9345
1952-07-24,34.0,0.9628
1952-07-25,36.0,1.0194
1952-07-26,32.0,0.9061
1952-07-27,24.0,0.6796
1952-07-28,16.0,0.4531
1952-07-29,13.0,0.3681
1952-07-30,11.0,0.3115
1952-07-31,11.0,0.3115
1952-08-01,17.0,0.4814
1952-08-02,14.0,0.3964
1952-08-03,14.0,0.3964
1952-08-04,17.0,0.4814
1952-08-05,17.0,0.4814
1952-08-06,15.0,0.4248
1952-08-07,21.0,0.5947
1952-08-08,16.0,0.4531
1952-08-09,15.0,0.4248
1952-08-10,16.0,0.4531
1952-08-11,19.0,0.538
1952-08-12,14.0,0.3964
1952-08-13,18.0,0.5097
1952-08-14,22.0,0.623
1952-08-15,21.0,0.5947
1952-08-16,24.0,0.6796
1952-08-17,24.0,0.6796
1952-08-18,24.0,0.6796
1952-08-19,22.0,0.623
1952-08-20,20.0,0.5663
1952-08-21,17.0,0.4814
1952-08-22,13.0,0.3681
1952-08-23,12.0,0.3398
1952-08-24,14.0,0.3964
1952-08-25,13.0,0.3681
1952-08-26,7.8,0.2209
1952-08-27,9.6,0.2718
1952-08-28,13.0,0.3681
1952-08-29,18.0,0.5097
1952-08-30,22.0,0.623
1952-08-31,21.0,0.5947
1952-09-01,21.0,0.5947
1952-09-02,21.0,0.5947
1952-09-03,20.0,0.5663
1952-09-04,20.0,0.5663
1952-09-05,21.0,0.5947
1952-09-06,18.0,0.5097
1952-09-07,14.0,0.3964
1952-09-08,19.0,0.538
1952-09-09,21.0,0.5947
1952-09-10,22.0,0.623
1952-09-11,24.0,0.6796
1952-09-12,23.0,0.6513
1952-09-13,25.0,0.7079
1952-09-14,29.0,0.8212
1952-09-15,28.0,0.7929
1952-09-16,25.0,0.7079
1952-09-17,24.0,0.6796
1952-09-18,24.0,0.6796
1952-09-19,25.0,0.7079
1952-09-20,25.0,0.7079
1952-09-21,18.0,0.5097
1952-09-22,20.0,0.5663
1952-09-23,38.0,1.076
1952-09-24,47.0,1.3309
1952-09-25,47.0,1.3309
1952-09-26,47.0,1.3309
1952-09-27,47.0,1.3309
1952-09-28,47.0,1.3309
1952-09-29,47.0,1.3309
1952-09-30,47.0,1.3309
1952-10-01,47.0,1.3309
1952-10-02,47.0,1.3309
1952-10-03,50.0,1.4158
1952-10-04,60.0,1.699
1952-10-05,62.0,1.7556
1952-10-06,62.0,1.7556
1952-10-07,62.0,1.7556
1952-10-08,62.0,1.7556
1952-10-09,62.0,1.7556
1952-10-10,62.0,1.7556
1952-10-11,65.0,1.8406
1952-10-12,71.0,2.0105
1952-10-13,71.0,2.0105
1952-10-14,69.0,1.9539
1952-10-15,68.0,1.9255
1952-10-16,69.0,1.9539
1952-10-17,71.0,2.0105
1952-10-18,68.0,1.9255
1952-10-19,66.0,1.8689
1952-10-20,63.0,1.784
1952-10-21,68.0,1.9255
1952-10-22,72.0,2.0388
1952-10-23,71.0,2.0105
1952-10-24,72.0,2.0388
1952-10-25,72.0,2.0388
1952-10-26,71.0,2.0105
1952-10-27,69.0,1.9539
1952-10-28,66.0,1.8689
1952-10-29,62.0,1.7556
1952-10-30,60.0,1.699
1952-10-31,59.0,1.6707
1952-11-01,56.0,1.5857
1952-11-02,58.0,1.6424
1952-11-03,58.0,1.6424
1952-11-04,72.0,2.0388
1952-11-05,77.0,2.1804
1952-11-06,71.0,2.0105
1952-11-07,68.0,1.9255
1952-11-08,66.0,1.8689
1952-11-09,66.0,1.8689
1952-11-10,65.0,1.8406
1952-11-11,65.0,1.8406
1952-11-12,65.0,1.8406
1952-11-13,66.0,1.8689
1952-11-14,63.0,1.784
1952-11-15,62.0,1.7556
1952-11-16,62.0,1.7556
1952-11-17,60.0,1.699
1952-11-18,60.0,1.699
1952-11-19,63.0,1.784
1952-11-20,62.0,1.7556
1952-11-21,62.0,1.7556
1952-11-22,60.0,1.699
1952-11-23,59.0,1.6707
1952-11-24,59.0,1.6707
1952-11-25,62.0,1.7556
1952-11-26,65.0,1.8406
1952-11-27,60.0,1.699
1952-11-28,60.0,1.699
1952-11-29,59.0,1.6707
1952-11-30,59.0,1.6707
1952-12-01,60.0,1.699
1952-12-02,65.0,1.8406
1952-12-03,68.0,1.9255
1952-12-04,65.0,1.8406
1952-12-05,60.0,1.699
1952-12-06,58.0,1.6424
1952-12-07,59.0,1.6707
1952-12-08,63.0,1.784
1952-12-09,66.0,1.8689
1952-12-10,65.0,1.8406
1952-12-11,65.0,1.8406
1952-12-12,65.0,1.8406
1952-12-13,65.0,1.8406
1952-12-14,65.0,1.8406
1952-12-15,66.0,1.8689
1952-12-16,66.0,1.8689
1952-12-17,66.0,1.8689
1952-12-18,68.0,1.9255
1952-12-19,68.0,1.9255
1952-12-20,68.0,1.9255
1952-12-21,68.0,1.9255
1952-12-22,68.0,1.9255
1952-12-23,69.0,1.9539
1952-12-24,72.0,2.0388
1952-12-25,76.0,2.1521
1952-12-26,76.0,2.1521
1952-12-27,79.0,2.237
1952-12-28,76.0,2.1521
1952-12-29,76.0,2.1521
1952-12-30,79.0,2.237
1952-12-31,79.0,2.237
1953-01-01,72.0,2.0388
1953-01-02,69.0,1.9539
1953-01-03,71.0,2.0105
1953-01-04,71.0,2.0105
1953-01-05,71.0,2.0105
1953-01-06,71.0,2.0105
1953-01-07,72.0,2.0388
1953-01-08,72.0,2.0388
1953-01-09,71.0,2.0105
1953-01-10,71.0,2.0105
1953-01-11,71.0,2.0105
1953-01-12,71.0,2.0105
1953-01-13,71.0,2.0105
1953-01-14,71.0,2.0105
1953-01-15,71.0,2.0105
1953-01-16,69.0,1.9539
1953-01-17,68.0,1.9255
1953-01-18,68.0,1.9255
1953-01-19,71.0,2.0105
1953-01-20,76.0,2.1521
1953-01-21,91.0,2.5768
1953-01-22,77.0,2.1804
1953-01-23,69.0,1.9539
1953-01-24,69.0,1.9539
1953-01-25,72.0,2.0388
1953-01-26,76.0,2.1521
1953-01-27,76.0,2.1521
1953-01-28,74.0,2.0954
1953-01-29,71.0,2.0105
1953-01-30,60.0,1.699
1953-01-31,52.0,1.4725
1953-02-01,48.0,1.3592
1953-02-02,53.0,1.5008
1953-02-03,59.0,1.6707
1953-02-04,63.0,1.784
1953-02-05,65.0,1.8406
1953-02-06,65.0,1.8406
1953-02-07,65.0,1.8406
1953-02-08,66.0,1.8689
1953-02-09,68.0,1.9255
1953-02-10,68.0,1.9255
1953-02-11,65.0,1.8406
1953-02-12,65.0,1.8406
1953-02-13,63.0,1.784
1953-02-14,65.0,1.8406
1953-02-15,63.0,1.784
1953-02-16,63.0,1.784
1953-02-17,63.0,1.784
1953-02-18,63.0,1.784
1953-02-19,63.0,1.784
1953-02-20,63.0,1.784
1953-02-21,65.0,1.8406
1953-02-22,66.0,1.8689
1953-02-23,71.0,2.0105
1953-02-24,72.0,2.0388
1953-02-25,72.0,2.0388
1953-02-26,72.0,2.0388
1953-02-27,72.0,2.0388
1953-02-28,76.0,2.1521
1953-03-01,80.0,2.2653
1953-03-02,82.0,2.322
1953-03-03,68.0,1.9255
1953-03-04,53.0,1.5008
1953-03-05,46.0,1.3026
1953-03-06,40.0,1.1327
1953-03-07,40.0,1.1327
1953-03-08,42.0,1.1893
1953-03-09,47.0,1.3309
1953-03-10,44.0,1.2459
1953-03-11,53.0,1.5008
1953-03-12,53.0,1.5008
1953-03-13,53.0,1.5008
1953-03-14,52.0,1.4725
1953-03-15,56.0,1.5857
1953-03-16,58.0,1.6424
1953-03-17,55.0,1.5574
1953-03-18,46.0,1.3026
1953-03-19,37.0,1.0477
1953-03-20,35.0,0.9911
1953-03-21,36.0,1.0194
1953-03-22,34.0,0.9628
1953-03-23,34.0,0.9628
1953-03-24,34.0,0.9628
1953-03-25,35.0,0.9911
1953-03-26,36.0,1.0194
1953-03-27,40.0,1.1327
1953-03-28,37.0,1.0477
1953-03-29,33.0,0.9345
1953-03-30,26.0,0.7362
1953-03-31,25.0,0.7079
1953-04-01,25.0,0.7079
1953-04-02,23.0,0.6513
1953-04-03,21.0,0.5947
1953-04-04,21.0,0.5947
1953-04-05,22.0,0.623
1953-04-06,21.0,0.5947
1953-04-07,18.0,0.5097
1953-04-08,16.0,0.4531
1953-04-09,15.0,0.4248
1953-04-10,15.0,0.4248
1953-04-11,14.0,0.3964
1953-04-12,14.0,0.3964
1953-04-13,15.0,0.4248
1953-04-14,13.0,0.3681
1953-04-15,14.0,0.3964
1953-04-16,16.0,0.4531
1953-04-17,18.0,0.5097
1953-04-18,13.0,0.3681
1953-04-19,13.0,0.3681
1953-04-20,23.0,0.6513
1953-04-21,19.0,0.538
1953-04-22,20.0,0.5663
1953-04-23,23.0,0.6513
1953-04-24,21.0,0.5947
1953-04-25,17.0,0.4814
1953-04-26,17.0,0.4814
1953-04-27,21.0,0.5947
1953-04-28,25.0,0.7079
1953-04-29,31.0,0.8778
1953-04-30,30.0,0.8495
1953-05-01,37.0,1.0477
1953-05-02,40.0,1.1327
1953-05-03,35.0,0.9911
1953-05-04,36.0,1.0194
1953-05-05,35.0,0.9911
1953-05-06,44.0,1.2459
1953-05-07,46.0,1.3026
1953-05-08,44.0,1.2459
1953-05-09,42.0,1.1893
1953-05-10,47.0,1.3309
1953-05-11,46.0,1.3026
1953-05-12,44.0,1.2459
1953-05-13,38.0,1.076
1953-05-14,39.0,1.1044
1953-05-15,45.0,1.2743
1953-05-16,46.0,1.3026
1953-05-17,48.0,1.3592
1953-05-18,50.0,1.4158
1953-05-19,48.0,1.3592
1953-05-20,47.0,1.3309
1953-05-21,46.0,1.3026
1953-05-22,41.0,1.161
1953-05-23,28.0,0.7929
1953-05-24,16.0,0.4531
1953-05-25,17.0,0.4814
1953-05-26,16.0,0.4531
1953-05-27,13.0,0.3681
1953-05-28,11.0,0.3115
1953-05-29,13.0,0.3681
1953-05-30,15.0,0.4248
1953-05-31,14.0,0.3964
1953-06-01,188.0,5.3236
1953-06-02,61.0,1.7273
1953-06-03,32.0,0.9061
1953-06-04,21.0,0.5947
1953-06-05,15.0,0.4248
1953-06-06,13.0,0.3681
1953-06-07,14.0,0.3964
1953-06-08,13.0,0.3681
1953-06-09,15.0,0.4248
1953-06-10,17.0,0.4814
1953-06-11,14.0,0.3964
1953-06-12,43.0,1.2176
1953-06-13,46.0,1.3026
1953-06-14,25.0,0.7079
1953-06-15,16.0,0.4531
1953-06-16,12.0,0.3398
1953-06-17,10.0,0.2832
1953-06-18,9.6,0.2718
1953-06-19,9.6,0.2718
1953-06-20,11.0,0.3115
1953-06-21,11.0,0.3115
1953-06-22,9.6,0.2718
1953-06-23,9.6,0.2718
1953-06-24,9.0,0.2549
1953-06-25,8.6,0.2435
1953-06-26,8.6,0.2435
1953-06-27,9.6,0.2718
1953-06-28,9.0,0.2549
1953-06-29,8.6,0.2435
1953-06-30,8.2,0.2322
1953-07-01,11.0,0.3115
1953-07-02,15.0,0.4248
1953-07-03,13.0,0.3681
1953-07-04,11.0,0.3115
1953-07-05,10.0,0.2832
1953-07-06,9.6,0.2718
1953-07-07,14.0,0.3964
1953-07-08,15.0,0.4248
1953-07-09,13.0,0.3681
1953-07-10,10.0,0.2832
1953-07-11,7.0,0.1982
1953-07-12,9.1,0.2577
1953-07-13,21.0,0.5947
1953-07-14,15.0,0.4248
1953-07-15,13.0,0.3681
1953-07-16,13.0,0.3681
1953-07-17,10.0,0.2832
1953-07-18,92.0,2.6051
1953-07-19,34.0,0.9628
1953-07-20,19.0,0.538
1953-07-21,14.0,0.3964
1953-07-22,12.0,0.3398
1953-07-23,11.0,0.3115
1953-07-24,11.0,0.3115
1953-07-25,11.0,0.3115
1953-07-26,9.6,0.2718
1953-07-27,9.0,0.2549
1953-07-28,9.0,0.2549
1953-07-29,8.6,0.2435
1953-07-30,8.6,0.2435
1953-07-31,8.6,0.2435
1953-08-01,8.2,0.2322
1953-08-02,8.6,0.2435
1953-08-03,8.2,0.2322
1953-08-04,7.4,0.2095
1953-08-05,9.0,0.2549
1953-08-06,11.0,0.3115
1953-08-07,11.0,0.3115
1953-08-08,11.0,0.3115
1953-08-09,10.0,0.2832
1953-08-10,10.0,0.2832
1953-08-11,9.6,0.2718
1953-08-12,10.0,0.2832
1953-08-13,10.0,0.2832
1953-08-14,9.0,0.2549
1953-08-15,7.8,0.2209
1953-08-16,7.4,0.2095
1953-08-17,21.0,0.5947
1953-08-18,13.0,0.3681
1953-08-19,16.0,0.4531
1953-08-20,12.0,0.3398
1953-08-21,11.0,0.3115
1953-08-22,11.0,0.3115
1953-08-23,11.0,0.3115
1953-08-24,11.0,0.3115
1953-08-25,11.0,0.3115
1953-08-26,11.0,0.3115
1953-08-27,11.0,0.3115
1953-08-28,7.4,0.2095
1953-08-29,5.8,0.1642
1953-08-30,5.4,0.1529
1953-08-31,6.6,0.1869
1953-09-01,7.0,0.1982
1953-09-02,7.4,0.2095
1953-09-03,11.0,0.3115
1953-09-04,14.0,0.3964
1953-09-05,14.0,0.3964
1953-09-06,13.0,0.3681
1953-09-07,13.0,0.3681
1953-09-08,16.0,0.4531
1953-09-09,16.0,0.4531
1953-09-10,16.0,0.4531
1953-09-11,17.0,0.4814
1953-09-12,19.0,0.538
1953-09-13,20.0,0.5663
1953-09-14,20.0,0.5663
1953-09-15,20.0,0.5663
1953-09-16,20.0,0.5663
1953-09-17,20.0,0.5663
1953-09-18,23.0,0.6513
1953-09-19,33.0,0.9345
1953-09-20,32.0,0.9061
1953-09-21,29.0,0.8212
1953-09-22,29.0,0.8212
1953-09-23,30.0,0.8495
1953-09-24,26.0,0.7362
1953-09-25,25.0,0.7079
1953-09-26,26.0,0.7362
1953-09-27,27.0,0.7646
1953-09-28,26.0,0.7362
1953-09-29,25.0,0.7079
1953-09-30,25.0,0.7079
1953-10-01,27.0,0.7646
1953-10-02,28.0,0.7929
1953-10-03,454.0,12.8558
1953-10-04,154.0,4.3608
1953-10-05,44.0,1.2459
1953-10-06,39.0,1.1044
1953-10-07,36.0,1.0194
1953-10-08,29.0,0.8212
1953-10-09,24.0,0.6796
1953-10-10,21.0,0.5947
1953-10-11,21.0,0.5947
1953-10-12,21.0,0.5947
1953-10-13,21.0,0.5947
1953-10-14,27.0,0.7646
1953-10-15,27.0,0.7646
1953-10-16,28.0,0.7929
1953-10-17,28.0,0.7929
1953-10-18,28.0,0.7929
1953-10-19,30.0,0.8495
1953-10-20,31.0,0.8778
1953-10-21,32.0,0.9061
1953-10-22,35.0,0.9911
1953-10-23,1720.0,48.7049
1953-10-24,629.0,17.8113
1953-10-25,161.0,4.559
1953-10-26,93.0,2.6335
1953-10-27,68.0,1.9255
1953-10-28,56.0,1.5857
1953-10-29,50.0,1.4158
1953-10-30,51.0,1.4442
1953-10-31,46.0,1.3026
1953-11-01,44.0,1.2459
1953-11-02,46.0,1.3026
1953-11-03,45.0,1.2743
1953-11-04,45.0,1.2743
1953-11-05,44.0,1.2459
1953-11-06,42.0,1.1893
1953-11-07,41.0,1.161
1953-11-08,40.0,1.1327
1953-11-09,40.0,1.1327
1953-11-10,40.0,1.1327
1953-11-11,41.0,1.161
1953-11-12,41.0,1.161
1953-11-13,41.0,1.161
1953-11-14,41.0,1.161
1953-11-15,41.0,1.161
1953-11-16,42.0,1.1893
1953-11-17,45.0,1.2743
1953-11-18,45.0,1.2743
1953-11-19,45.0,1.2743
1953-11-20,44.0,1.2459
1953-11-21,45.0,1.2743
1953-11-22,45.0,1.2743
1953-11-23,47.0,1.3309
1953-11-24,48.0,1.3592
1953-11-25,48.0,1.3592
1953-11-26,50.0,1.4158
1953-11-27,50.0,1.4158
1953-11-28,50.0,1.4158
1953-11-29,50.0,1.4158
1953-11-30,50.0,1.4158
1953-12-01,50.0,1.4158
1953-12-02,48.0,1.3592
1953-12-03,46.0,1.3026
1953-12-04,40.0,1.1327
1953-12-05,34.0,0.9628
1953-12-06,30.0,0.8495
1953-12-07,29.0,0.8212
1953-12-08,33.0,0.9345
1953-12-09,32.0,0.9061
1953-12-10,32.0,0.9061
1953-12-11,33.0,0.9345
1953-12-12,33.0,0.9345
1953-12-13,32.0,0.9061
1953-12-14,30.0,0.8495
1953-12-15,30.0,0.8495
1953-12-16,29.0,0.8212
1953-12-17,28.0,0.7929
1953-12-18,28.0,0.7929
1953-12-19,31.0,0.8778
1953-12-20,30.0,0.8495
1953-12-21,37.0,1.0477
1953-12-22,40.0,1.1327
1953-12-23,44.0,1.2459
1953-12-24,40.0,1.1327
1953-12-25,40.0,1.1327
1953-12-26,40.0,1.1327
1953-12-27,41.0,1.161
1953-12-28,41.0,1.161
1953-12-29,41.0,1.161
1953-12-30,41.0,1.161
1953-12-31,46.0,1.3026
1954-01-01,47.0,1.3309
1954-01-02,46.0,1.3026
1954-01-03,47.0,1.3309
1954-01-04,44.0,1.2459
1954-01-05,46.0,1.3026
1954-01-06,47.0,1.3309
1954-01-07,44.0,1.2459
1954-01-08,51.0,1.4442
1954-01-09,50.0,1.4158
1954-01-10,52.0,1.4725
1954-01-11,53.0,1.5008
1954-01-12,56.0,1.5857
1954-01-13,55.0,1.5574
1954-01-14,53.0,1.5008
1954-01-15,55.0,1.5574
1954-01-16,56.0,1.5857
1954-01-17,55.0,1.5574
1954-01-18,52.0,1.4725
1954-01-19,51.0,1.4442
1954-01-20,52.0,1.4725
1954-01-21,65.0,1.8406
1954-01-22,63.0,1.784
1954-01-23,63.0,1.784
1954-01-24,63.0,1.784
1954-01-25,51.0,1.4442
1954-01-26,68.0,1.9255
1954-01-27,68.0,1.9255
1954-01-28,60.0,1.699
1954-01-29,51.0,1.4442
1954-01-30,50.0,1.4158
1954-01-31,51.0,1.4442
1954-02-01,55.0,1.5574
1954-02-02,56.0,1.5857
1954-02-03,62.0,1.7556
1954-02-04,63.0,1.784
1954-02-05,62.0,1.7556
1954-02-06,58.0,1.6424
1954-02-07,47.0,1.3309
1954-02-08,45.0,1.2743
1954-02-09,47.0,1.3309
1954-02-10,42.0,1.1893
1954-02-11,40.0,1.1327
1954-02-12,40.0,1.1327
1954-02-13,45.0,1.2743
1954-02-14,42.0,1.1893
1954-02-15,44.0,1.2459
1954-02-16,48.0,1.3592
1954-02-17,46.0,1.3026
1954-02-18,46.0,1.3026
1954-02-19,47.0,1.3309
1954-02-20,48.0,1.3592
1954-02-21,48.0,1.3592
1954-02-22,52.0,1.4725
1954-02-23,53.0,1.5008
1954-02-24,56.0,1.5857
1954-02-25,59.0,1.6707
1954-02-26,59.0,1.6707
1954-02-27,60.0,1.699
1954-02-28,56.0,1.5857
1954-03-01,60.0,1.699
1954-03-02,68.0,1.9255
1954-03-03,65.0,1.8406
1954-03-04,56.0,1.5857
1954-03-05,56.0,1.5857
1954-03-06,52.0,1.4725
1954-03-07,51.0,1.4442
1954-03-08,51.0,1.4442
1954-03-09,42.0,1.1893
1954-03-10,35.0,0.9911
1954-03-11,39.0,1.1044
1954-03-12,42.0,1.1893
1954-03-13,39.0,1.1044
1954-03-14,42.0,1.1893
1954-03-15,38.0,1.076
1954-03-16,36.0,1.0194
1954-03-17,36.0,1.0194
1954-03-18,39.0,1.1044
1954-03-19,37.0,1.0477
1954-03-20,33.0,0.9345
1954-03-21,32.0,0.9061
1954-03-22,34.0,0.9628
1954-03-23,37.0,1.0477
1954-03-24,39.0,1.1044
1954-03-25,38.0,1.076
1954-03-26,38.0,1.076
1954-03-27,35.0,0.9911
1954-03-28,34.0,0.9628
1954-03-29,32.0,0.9061
1954-03-30,25.0,0.7079
1954-03-31,23.0,0.6513
1954-04-01,25.0,0.7079
1954-04-02,32.0,0.9061
1954-04-03,31.0,0.8778
1954-04-04,30.0,0.8495
1954-04-05,30.0,0.8495
1954-04-06,27.0,0.7646
1954-04-07,25.0,0.7079
1954-04-08,21.0,0.5947
1954-04-09,17.0,0.4814
1954-04-10,17.0,0.4814
1954-04-11,71.0,2.0105
1954-04-12,127.0,3.5962
1954-04-13,17.0,0.4814
1954-04-14,121.0,3.4263
1954-04-15,62.0,1.7556
1954-04-16,42.0,1.1893
1954-04-17,33.0,0.9345
1954-04-18,26.0,0.7362
1954-04-19,21.0,0.5947
1954-04-20,18.0,0.5097
1954-04-21,17.0,0.4814
1954-04-22,14.0,0.3964
1954-04-23,13.0,0.3681
1954-04-24,13.0,0.3681
1954-04-25,949.0,26.8726
1954-04-26,237.0,6.7111
1954-04-27,66.0,1.8689
1954-04-28,40.0,1.1327
1954-04-29,33.0,0.9345
1954-04-30,31.0,0.8778
1954-05-01,28.0,0.7929
1954-05-02,26.0,0.7362
1954-05-03,26.0,0.7362
1954-05-04,25.0,0.7079
1954-05-05,23.0,0.6513
1954-05-06,21.0,0.5947
1954-05-07,21.0,0.5947
1954-05-08,22.0,0.623
1954-05-09,22.0,0.623
1954-05-10,22.0,0.623
1954-05-11,22.0,0.623
1954-05-12,22.0,0.623
1954-05-13,22.0,0.623
1954-05-14,22.0,0.623
1954-05-15,22.0,0.623
1954-05-16,79.0,2.237
1954-05-17,108.0,3.0582
1954-05-18,86.0,2.4352
1954-05-19,48.0,1.3592
1954-05-20,31.0,0.8778
1954-05-21,38.0,1.076
1954-05-22,119.0,3.3697
1954-05-23,63.0,1.784
1954-05-24,69.0,1.9539
1954-05-25,35.0,0.9911
1954-05-26,61.0,1.7273
1954-05-27,96.0,2.7184
1954-05-28,82.0,2.322
1954-05-29,55.0,1.5574
1954-05-30,44.0,1.2459
1954-05-31,37.0,1.0477
1954-06-01,31.0,0.8778
1954-06-02,28.0,0.7929
1954-06-03,28.0,0.7929
1954-06-04,27.0,0.7646
1954-06-05,25.0,0.7079
1954-06-06,34.0,0.9628
1954-06-07,34.0,0.9628
1954-06-08,33.0,0.9345
1954-06-09,31.0,0.8778
1954-06-10,29.0,0.8212
1954-06-11,28.0,0.7929
1954-06-12,28.0,0.7929
1954-06-13,78.0,2.2087
1954-06-14,102.0,2.8883
1954-06-15,31.0,0.8778
1954-06-16,21.0,0.5947
1954-06-17,16.0,0.4531
1954-06-18,15.0,0.4248
1954-06-19,15.0,0.4248
1954-06-20,17.0,0.4814
1954-06-21,17.0,0.4814
1954-06-22,17.0,0.4814
1954-06-23,17.0,0.4814
1954-06-24,17.0,0.4814
1954-06-25,19.0,0.538
1954-06-26,19.0,0.538
1954-06-27,17.0,0.4814
1954-06-28,16.0,0.4531
1954-06-29,17.0,0.4814
1954-06-30,18.0,0.5097
1954-07-01,14.0,0.3964
1954-07-02,14.0,0.3964
1954-07-03,13.0,0.3681
1954-07-04,12.0,0.3398
1954-07-05,11.0,0.3115
1954-07-06,11.0,0.3115
1954-07-07,11.0,0.3115
1954-07-08,11.0,0.3115
1954-07-09,10.0,0.2832
1954-07-10,9.0,0.2549
1954-07-11,8.6,0.2435
1954-07-12,8.2,0.2322
1954-07-13,7.8,0.2209
1954-07-14,9.0,0.2549
1954-07-15,11.0,0.3115
1954-07-16,11.0,0.3115
1954-07-17,9.0,0.2549
1954-07-18,9.0,0.2549
1954-07-19,7.4,0.2095
1954-07-20,5.4,0.1529
1954-07-21,6.2,0.1756
1954-07-22,6.6,0.1869
1954-07-23,6.2,0.1756
1954-07-24,5.0,0.1416
1954-07-25,4.1,0.1161
1954-07-26,3.3,0.0934
1954-07-27,2.6,0.0736
1954-07-28,2.4,0.068
1954-07-29,2.8,0.0793
1954-07-30,3.0,0.085
1954-07-31,2.8,0.0793
1954-08-01,2.6,0.0736
1954-08-02,3.0,0.085
1954-08-03,75.0,2.1238
1954-08-04,5.0,0.1416
1954-08-05,3.8,0.1076
1954-08-06,3.3,0.0934
1954-08-07,3.0,0.085
1954-08-08,2.6,0.0736
1954-08-09,17.0,0.4814
1954-08-10,2.2,0.0623
1954-08-11,3.3,0.0934
1954-08-12,2.6,0.0736
1954-08-13,2.0,0.0566
1954-08-14,2.4,0.068
1954-08-15,2.8,0.0793
1954-08-16,2.8,0.0793
1954-08-17,3.0,0.085
1954-08-18,3.3,0.0934
1954-08-19,2.8,0.0793
1954-08-20,2.0,0.0566
1954-08-21,1.7,0.0481
1954-08-22,359.0,10.1657
1954-08-23,1480.0,41.9089
1954-08-24,1150.0,32.5643
1954-08-25,515.0,14.5832
1954-08-26,237.0,6.7111
1954-08-27,183.0,5.182
1954-08-28,91.0,2.5768
1954-08-29,50.0,1.4158
1954-08-30,35.0,0.9911
1954-08-31,26.0,0.7362
1954-09-01,24.0,0.6796
1954-09-02,22.0,0.623
1954-09-03,20.0,0.5663
1954-09-04,17.0,0.4814
1954-09-05,17.0,0.4814
1954-09-06,16.0,0.4531
1954-09-07,15.0,0.4248
1954-09-08,13.0,0.3681
1954-09-09,14.0,0.3964
1954-09-10,14.0,0.3964
1954-09-11,15.0,0.4248
1954-09-12,17.0,0.4814
1954-09-13,17.0,0.4814
1954-09-14,17.0,0.4814
1954-09-15,16.0,0.4531
1954-09-16,14.0,0.3964
1954-09-17,17.0,0.4814
1954-09-18,17.0,0.4814
1954-09-19,16.0,0.4531
1954-09-20,17.0,0.4814
1954-09-21,18.0,0.5097
1954-09-22,13.0,0.3681
1954-09-23,15.0,0.4248
1954-09-24,18.0,0.5097
1954-09-25,20.0,0.5663
1954-09-26,19.0,0.538
1954-09-27,21.0,0.5947
1954-09-28,21.0,0.5947
1954-09-29,28.0,0.7929
1954-09-30,34.0,0.9628
1954-10-01,36.0,1.0194
1954-10-02,34.0,0.9628
1954-10-03,35.0,0.9911
1954-10-04,96.0,2.7184
1954-10-05,107.0,3.0299
1954-10-06,518.0,14.6681
1954-10-07,3780.0,107.0375
1954-10-08,19400.0,549.3459
1954-10-09,4810.0,136.2038
1954-10-10,3090.0,87.4989
1954-10-11,8220.0,232.7641
1954-10-12,13100.0,370.9501
1954-10-13,11100.0,314.3165
1954-10-14,5700.0,161.4058
1954-10-15,3440.0,97.4098
1954-10-16,2300.0,65.1286
1954-10-17,560.0,15.8574
1954-10-18,257.0,7.2774
1954-10-19,261.0,7.3907
1954-10-20,333.0,9.4295
1954-10-21,248.0,7.0226
1954-10-22,174.0,4.9271
1954-10-23,191.0,5.4085
1954-10-24,309.0,8.7499
1954-10-25,248.0,7.0226
1954-10-26,152.0,4.3042
1954-10-27,204.0,5.7766
1954-10-28,385.0,10.902
1954-10-29,731.0,20.6996
1954-10-30,2200.0,62.297
1954-10-31,313.0,8.8632
1954-11-01,161.0,4.559
1954-11-02,164.0,4.644
1954-11-03,142.0,4.021
1954-11-04,127.0,3.5962
1954-11-05,116.0,3.2847
1954-11-06,131.0,3.7095
1954-11-07,120.0,3.398
1954-11-08,131.0,3.7095
1954-11-09,154.0,4.3608
1954-11-10,239.0,6.7677
1954-11-11,221.0,6.258
1954-11-12,138.0,3.9077
1954-11-13,242.0,6.8527
1954-11-14,214.0,6.0598
1954-11-15,196.0,5.5501
1954-11-16,176.0,4.9838
1954-11-17,161.0,4.559
1954-11-18,110.0,3.1148
1954-11-19,93.0,2.6335
1954-11-20,96.0,2.7184
1954-11-21,118.0,3.3414
1954-11-22,116.0,3.2847
1954-11-23,138.0,3.9077
1954-11-24,114.0,3.2281
1954-11-25,91.0,2.5768
1954-11-26,84.0,2.3786
1954-11-27,79.0,2.237
1954-11-28,71.0,2.0105
1954-11-29,74.0,2.0954
1954-11-30,87.0,2.4636
1954-12-01,89.0,2.5202
1954-12-02,120.0,3.398
1954-12-03,110.0,3.1148
1954-12-04,84.0,2.3786
1954-12-05,71.0,2.0105
1954-12-06,69.0,1.9539
1954-12-07,69.0,1.9539
1954-12-08,77.0,2.1804
1954-12-09,87.0,2.4636
1954-12-10,80.0,2.2653
1954-12-11,76.0,2.1521
1954-12-12,71.0,2.0105
1954-12-13,71.0,2.0105
1954-12-14,63.0,1.784
1954-12-15,60.0,1.699
1954-12-16,65.0,1.8406
1954-12-17,62.0,1.7556
1954-12-18,74.0,2.0954
1954-12-19,69.0,1.9539
1954-12-20,68.0,1.9255
1954-12-21,59.0,1.6707
1954-12-22,55.0,1.5574
1954-12-23,84.0,2.3786
1954-12-24,96.0,2.7184
1954-12-25,96.0,2.7184
1954-12-26,104.0,2.9449
1954-12-27,112.0,3.1715
1954-12-28,108.0,3.0582
1954-12-29,120.0,3.398
1954-12-30,124.0,3.5113
1954-12-31,120.0,3.398
1955-01-01,112.0,3.1715
1955-01-02,114.0,3.2281
1955-01-03,142.0,4.021
1955-01-04,147.0,4.1626
1955-01-05,140.0,3.9644
1955-01-06,127.0,3.5962
1955-01-07,112.0,3.1715
1955-01-08,100.0,2.8317
1955-01-09,95.0,2.6901
1955-01-10,84.0,2.3786
1955-01-11,82.0,2.322
1955-01-12,77.0,2.1804
1955-01-13,79.0,2.237
1955-01-14,80.0,2.2653
1955-01-15,98.0,2.775
1955-01-16,139.0,3.936
1955-01-17,224.0,6.343
1955-01-18,133.0,3.7661
1955-01-19,110.0,3.1148
1955-01-20,98.0,2.775
1955-01-21,91.0,2.5768
1955-01-22,91.0,2.5768
1955-01-23,91.0,2.5768
1955-01-24,91.0,2.5768
1955-01-25,89.0,2.5202
1955-01-26,89.0,2.5202
1955-01-27,95.0,2.6901
1955-01-28,95.0,2.6901
1955-01-29,91.0,2.5768
1955-01-30,96.0,2.7184
1955-01-31,91.0,2.5768
1955-02-01,87.0,2.4636
1955-02-02,86.0,2.4352
1955-02-03,84.0,2.3786
1955-02-04,71.0,2.0105
1955-02-05,56.0,1.5857
1955-02-06,59.0,1.6707
1955-02-07,59.0,1.6707
1955-02-08,50.0,1.4158
1955-02-09,45.0,1.2743
1955-02-10,41.0,1.161
1955-02-11,35.0,0.9911
1955-02-12,36.0,1.0194
1955-02-13,37.0,1.0477
1955-02-14,36.0,1.0194
1955-02-15,34.0,0.9628
1955-02-16,37.0,1.0477
1955-02-17,36.0,1.0194
1955-02-18,31.0,0.8778
1955-02-19,34.0,0.9628
1955-02-20,41.0,1.161
1955-02-21,34.0,0.9628
1955-02-22,30.0,0.8495
1955-02-23,28.0,0.7929
1955-02-24,26.0,0.7362
1955-02-25,24.0,0.6796
1955-02-26,23.0,0.6513
1955-02-27,23.0,0.6513
1955-02-28,23.0,0.6513
1955-03-01,24.0,0.6796
1955-03-02,28.0,0.7929
1955-03-03,26.0,0.7362
1955-03-04,30.0,0.8495
1955-03-05,33.0,0.9345
1955-03-06,36.0,1.0194
1955-03-07,34.0,0.9628
1955-03-08,26.0,0.7362
1955-03-09,23.0,0.6513
1955-03-10,23.0,0.6513
1955-03-11,21.0,0.5947
1955-03-12,23.0,0.6513
1955-03-13,30.0,0.8495
1955-03-14,32.0,0.9061
1955-03-15,34.0,0.9628
1955-03-16,42.0,1.1893
1955-03-17,50.0,1.4158
1955-03-18,40.0,1.1327
1955-03-19,30.0,0.8495
1955-03-20,28.0,0.7929
1955-03-21,28.0,0.7929
1955-03-22,26.0,0.7362
1955-03-23,24.0,0.6796
1955-03-24,37.0,1.0477
1955-03-25,56.0,1.5857
1955-03-26,46.0,1.3026
1955-03-27,33.0,0.9345
1955-03-28,28.0,0.7929
1955-03-29,35.0,0.9911
1955-03-30,32.0,0.9061
1955-03-31,33.0,0.9345
1955-04-01,32.0,0.9061
1955-04-02,35.0,0.9911
1955-04-03,62.0,1.7556
1955-04-04,66.0,1.8689
1955-04-05,60.0,1.699
1955-04-06,52.0,1.4725
1955-04-07,40.0,1.1327
1955-04-08,29.0,0.8212
1955-04-09,28.0,0.7929
1955-04-10,30.0,0.8495
1955-04-11,28.0,0.7929
1955-04-12,26.0,0.7362
1955-04-13,34.0,0.9628
1955-04-14,21.0,0.5947
1955-04-15,18.0,0.5097
1955-04-16,21.0,0.5947
1955-04-17,21.0,0.5947
1955-04-18,21.0,0.5947
1955-04-19,25.0,0.7079
1955-04-20,25.0,0.7079
1955-04-21,22.0,0.623
1955-04-22,20.0,0.5663
1955-04-23,19.0,0.538
1955-04-24,22.0,0.623
1955-04-25,22.0,0.623
1955-04-26,25.0,0.7079
1955-04-27,25.0,0.7079
1955-04-28,25.0,0.7079
1955-04-29,24.0,0.6796
1955-04-30,23.0,0.6513
1955-05-01,31.0,0.8778
1955-05-02,82.0,2.322
1955-05-03,40.0,1.1327
1955-05-04,31.0,0.8778
1955-05-05,27.0,0.7646
1955-05-06,25.0,0.7079
1955-05-07,24.0,0.6796
1955-05-08,24.0,0.6796
1955-05-09,25.0,0.7079
1955-05-10,29.0,0.8212
1955-05-11,25.0,0.7079
1955-05-12,24.0,0.6796
1955-05-13,25.0,0.7079
1955-05-14,26.0,0.7362
1955-05-15,40.0,1.1327
1955-05-16,34.0,0.9628
1955-05-17,27.0,0.7646
1955-05-18,25.0,0.7079
1955-05-19,25.0,0.7079
1955-05-20,27.0,0.7646
1955-05-21,25.0,0.7079
1955-05-22,23.0,0.6513
1955-05-23,21.0,0.5947
1955-05-24,22.0,0.623
1955-05-25,20.0,0.5663
1955-05-26,19.0,0.538
1955-05-27,24.0,0.6796
1955-05-28,20.0,0.5663
1955-05-29,17.0,0.4814
1955-05-30,19.0,0.538
1955-05-31,29.0,0.8212
1955-06-01,33.0,0.9345
1955-06-02,31.0,0.8778
1955-06-03,28.0,0.7929
1955-06-04,29.0,0.8212
1955-06-05,34.0,0.9628
1955-06-06,33.0,0.9345
1955-06-07,31.0,0.8778
1955-06-08,25.0,0.7079
1955-06-09,21.0,0.5947
1955-06-10,28.0,0.7929
1955-06-11,45.0,1.2743
1955-06-12,45.0,1.2743
1955-06-13,47.0,1.3309
1955-06-14,58.0,1.6424
1955-06-15,59.0,1.6707
1955-06-16,50.0,1.4158
1955-06-17,44.0,1.2459
1955-06-18,52.0,1.4725
1955-06-19,58.0,1.6424
1955-06-20,46.0,1.3026
1955-06-21,40.0,1.1327
1955-06-22,32.0,0.9061
1955-06-23,28.0,0.7929
1955-06-24,24.0,0.6796
1955-06-25,24.0,0.6796
1955-06-26,26.0,0.7362
1955-06-27,27.0,0.7646
1955-06-28,27.0,0.7646
1955-06-29,29.0,0.8212
1955-06-30,28.0,0.7929
1955-07-01,24.0,0.6796
1955-07-02,21.0,0.5947
1955-07-03,21.0,0.5947
1955-07-04,22.0,0.623
1955-07-05,21.0,0.5947
1955-07-06,20.0,0.5663
1955-07-07,19.0,0.538
1955-07-08,24.0,0.6796
1955-07-09,69.0,1.9539
1955-07-10,49.0,1.3875
1955-07-11,29.0,0.8212
1955-07-12,27.0,0.7646
1955-07-13,25.0,0.7079
1955-07-14,20.0,0.5663
1955-07-15,18.0,0.5097
1955-07-16,19.0,0.538
1955-07-17,31.0,0.8778
1955-07-18,201.0,5.6917
1955-07-19,41.0,1.161
1955-07-20,28.0,0.7929
1955-07-21,86.0,2.4352
1955-07-22,388.0,10.9869
1955-07-23,149.0,4.2192
1955-07-24,58.0,1.6424
1955-07-25,37.0,1.0477
1955-07-26,39.0,1.1044
1955-07-27,51.0,1.4442
1955-07-28,77.0,2.1804
1955-07-29,71.0,2.0105
1955-07-30,46.0,1.3026
1955-07-31,40.0,1.1327
1955-08-01,36.0,1.0194
1955-08-02,44.0,1.2459
1955-08-03,32.0,0.9061
1955-08-04,25.0,0.7079
1955-08-05,26.0,0.7362
1955-08-06,31.0,0.8778
1955-08-07,41.0,1.161
1955-08-08,46.0,1.3026
1955-08-09,38.0,1.076
1955-08-10,35.0,0.9911
1955-08-11,109.0,3.0865
1955-08-12,129.0,3.6529
1955-08-13,271.0,7.6739
1955-08-14,89.0,2.5202
1955-08-15,46.0,1.3026
1955-08-16,50.0,1.4158
1955-08-17,52.0,1.4725
1955-08-18,45.0,1.2743
1955-08-19,36.0,1.0194
1955-08-20,35.0,0.9911
1955-08-21,36.0,1.0194
1955-08-22,32.0,0.9061
1955-08-23,29.0,0.8212
1955-08-24,29.0,0.8212
1955-08-25,30.0,0.8495
1955-08-26,28.0,0.7929
1955-08-27,26.0,0.7362
1955-08-28,26.0,0.7362
1955-08-29,27.0,0.7646
1955-08-30,33.0,0.9345
1955-08-31,32.0,0.9061
1955-09-01,30.0,0.8495
1955-09-02,32.0,0.9061
1955-09-03,31.0,0.8778
1955-09-04,28.0,0.7929
1955-09-05,33.0,0.9345
1955-09-06,32.0,0.9061
1955-09-07,28.0,0.7929
1955-09-08,26.0,0.7362
1955-09-09,27.0,0.7646
1955-09-10,25.0,0.7079
1955-09-11,35.0,0.9911
1955-09-12,40.0,1.1327
1955-09-13,28.0,0.7929
1955-09-14,24.0,0.6796
1955-09-15,25.0,0.7079
1955-09-16,26.0,0.7362
1955-09-17,31.0,0.8778
1955-09-18,39.0,1.1044
1955-09-19,31.0,0.8778
1955-09-20,29.0,0.8212
1955-09-21,27.0,0.7646
1955-09-22,36.0,1.0194
1955-09-23,47.0,1.3309
1955-09-24,3080.0,87.2157
1955-09-25,979.0,27.7221
1955-09-26,250.0,7.0792
1955-09-27,318.0,9.0047
1955-09-28,310.0,8.7782
1955-09-29,159.0,4.5024
1955-09-30,120.0,3.398
1955-10-01,135.0,3.8228
1955-10-02,1370.0,38.794
1955-10-03,5730.0,162.2553
1955-10-04,5620.0,159.1404
1955-10-05,3200.0,90.6138
1955-10-06,1770.0,50.1207
1955-10-07,359.0,10.1657
1955-10-08,1810.0,51.2534
1955-10-09,318.0,9.0047
1955-10-10,213.0,6.0315
1955-10-11,186.0,5.2669
1955-10-12,181.0,5.1253
1955-10-13,267.0,7.5606
1955-10-14,228.0,6.4562
1955-10-15,343.0,9.7127
1955-10-16,233.0,6.5978
1955-10-17,186.0,5.2669
1955-10-18,171.0,4.8422
1955-10-19,135.0,3.8228
1955-10-20,147.0,4.1626
1955-10-21,138.0,3.9077
1955-10-22,124.0,3.5113
1955-10-23,116.0,3.2847
1955-10-24,114.0,3.2281
1955-10-25,96.0,2.7184
1955-10-26,87.0,2.4636
1955-10-27,93.0,2.6335
1955-10-28,87.0,2.4636
1955-10-29,91.0,2.5768
1955-10-30,100.0,2.8317
1955-10-31,122.0,3.4546
1955-11-01,138.0,3.9077
1955-11-02,118.0,3.3414
1955-11-03,110.0,3.1148
1955-11-04,91.0,2.5768
1955-11-05,82.0,2.322
1955-11-06,87.0,2.4636
1955-11-07,91.0,2.5768
1955-11-08,138.0,3.9077
1955-11-09,138.0,3.9077
1955-11-10,110.0,3.1148
1955-11-11,100.0,2.8317
1955-11-12,96.0,2.7184
1955-11-13,95.0,2.6901
1955-11-14,93.0,2.6335
1955-11-15,96.0,2.7184
1955-11-16,102.0,2.8883
1955-11-17,104.0,2.9449
1955-11-18,96.0,2.7184
1955-11-19,102.0,2.8883
1955-11-20,102.0,2.8883
1955-11-21,102.0,2.8883
1955-11-22,122.0,3.4546
1955-11-23,133.0,3.7661
1955-11-24,131.0,3.7095
1955-11-25,127.0,3.5962
1955-11-26,127.0,3.5962
1955-11-27,127.0,3.5962
1955-11-28,127.0,3.5962
1955-11-29,127.0,3.5962
1955-11-30,124.0,3.5113
1955-12-01,122.0,3.4546
1955-12-02,124.0,3.5113
1955-12-03,127.0,3.5962
1955-12-04,127.0,3.5962
1955-12-05,124.0,3.5113
1955-12-06,124.0,3.5113
1955-12-07,124.0,3.5113
1955-12-08,124.0,3.5113
1955-12-09,124.0,3.5113
1955-12-10,124.0,3.5113
1955-12-11,120.0,3.398
1955-12-12,120.0,3.398
1955-12-13,120.0,3.398
1955-12-14,120.0,3.398
1955-12-15,120.0,3.398
1955-12-16,118.0,3.3414
1955-12-17,116.0,3.2847
1955-12-18,138.0,3.9077
1955-12-19,116.0,3.2847
1955-12-20,104.0,2.9449
1955-12-21,114.0,3.2281
1955-12-22,116.0,3.2847
1955-12-23,112.0,3.1715
1955-12-24,112.0,3.1715
1955-12-25,116.0,3.2847
1955-12-26,112.0,3.1715
1955-12-27,110.0,3.1148
1955-12-28,112.0,3.1715
1955-12-29,110.0,3.1148
1955-12-30,108.0,3.0582
1955-12-31,106.0,3.0016
1956-01-01,108.0,3.0582
1956-01-02,106.0,3.0016
1956-01-03,106.0,3.0016
1956-01-04,106.0,3.0016
1956-01-05,106.0,3.0016
1956-01-06,114.0,3.2281
1956-01-07,110.0,3.1148
1956-01-08,108.0,3.0582
1956-01-09,98.0,2.775
1956-01-10,91.0,2.5768
1956-01-11,110.0,3.1148
1956-01-12,100.0,2.8317
1956-01-13,84.0,2.3786
1956-01-14,91.0,2.5768
1956-01-15,93.0,2.6335
1956-01-16,93.0,2.6335
1956-01-17,93.0,2.6335
1956-01-18,93.0,2.6335
1956-01-19,95.0,2.6901
1956-01-20,93.0,2.6335
1956-01-21,93.0,2.6335
1956-01-22,96.0,2.7184
1956-01-23,95.0,2.6901
1956-01-24,100.0,2.8317
1956-01-25,91.0,2.5768
1956-01-26,89.0,2.5202
1956-01-27,87.0,2.4636
1956-01-28,84.0,2.3786
1956-01-29,84.0,2.3786
1956-01-30,82.0,2.322
1956-01-31,86.0,2.4352
1956-02-01,93.0,2.6335
1956-02-02,104.0,2.9449
1956-02-03,100.0,2.8317
1956-02-04,82.0,2.322
1956-02-05,77.0,2.1804
1956-02-06,82.0,2.322
1956-02-07,87.0,2.4636
1956-02-08,87.0,2.4636
1956-02-09,82.0,2.322
1956-02-10,60.0,1.699
1956-02-11,51.0,1.4442
1956-02-12,40.0,1.1327
1956-02-13,36.0,1.0194
1956-02-14,34.0,0.9628
1956-02-15,33.0,0.9345
1956-02-16,32.0,0.9061
1956-02-17,32.0,0.9061
1956-02-18,33.0,0.9345
1956-02-19,33.0,0.9345
1956-02-20,33.0,0.9345
1956-02-21,33.0,0.9345
1956-02-22,34.0,0.9628
1956-02-23,34.0,0.9628
1956-02-24,31.0,0.8778
1956-02-25,29.0,0.8212
1956-02-26,31.0,0.8778
1956-02-27,35.0,0.9911
1956-02-28,36.0,1.0194
1956-02-29,33.0,0.9345
1956-03-01,31.0,0.8778
1956-03-02,34.0,0.9628
1956-03-03,42.0,1.1893
1956-03-04,42.0,1.1893
1956-03-05,38.0,1.076
1956-03-06,36.0,1.0194
1956-03-07,36.0,1.0194
1956-03-08,35.0,0.9911
1956-03-09,36.0,1.0194
1956-03-10,36.0,1.0194
1956-03-11,39.0,1.1044
1956-03-12,65.0,1.8406
1956-03-13,72.0,2.0388
1956-03-14,76.0,2.1521
1956-03-15,79.0,2.237
1956-03-16,79.0,2.237
1956-03-17,80.0,2.2653
1956-03-18,77.0,2.1804
1956-03-19,77.0,2.1804
1956-03-20,76.0,2.1521
1956-03-21,80.0,2.2653
1956-03-22,77.0,2.1804
1956-03-23,69.0,1.9539
1956-03-24,62.0,1.7556
1956-03-25,46.0,1.3026
1956-03-26,45.0,1.2743
1956-03-27,40.0,1.1327
1956-03-28,39.0,1.1044
1956-03-29,42.0,1.1893
1956-03-30,48.0,1.3592
1956-03-31,52.0,1.4725
1956-04-01,50.0,1.4158
1956-04-02,50.0,1.4158
1956-04-03,45.0,1.2743
1956-04-04,65.0,1.8406
1956-04-05,40.0,1.1327
1956-04-06,35.0,0.9911
1956-04-07,36.0,1.0194
1956-04-08,37.0,1.0477
1956-04-09,50.0,1.4158
1956-04-10,44.0,1.2459
1956-04-11,35.0,0.9911
1956-04-12,37.0,1.0477
1956-04-13,50.0,1.4158
1956-04-14,46.0,1.3026
1956-04-15,46.0,1.3026
1956-04-16,41.0,1.161
1956-04-17,42.0,1.1893
1956-04-18,44.0,1.2459
1956-04-19,42.0,1.1893
1956-04-20,39.0,1.1044
1956-04-21,36.0,1.0194
1956-04-22,37.0,1.0477
1956-04-23,48.0,1.3592
1956-04-24,51.0,1.4442
1956-04-25,45.0,1.2743
1956-04-26,45.0,1.2743
1956-04-27,44.0,1.2459
1956-04-28,38.0,1.076
1956-04-29,37.0,1.0477
1956-04-30,39.0,1.1044
1956-05-01,38.0,1.076
1956-05-02,38.0,1.076
1956-05-03,60.0,1.699
1956-05-04,76.0,2.1521
1956-05-05,74.0,2.0954
1956-05-06,71.0,2.0105
1956-05-07,65.0,1.8406
1956-05-08,62.0,1.7556
1956-05-09,62.0,1.7556
1956-05-10,60.0,1.699
1956-05-11,60.0,1.699
1956-05-12,46.0,1.3026
1956-05-13,40.0,1.1327
1956-05-14,36.0,1.0194
1956-05-15,29.0,0.8212
1956-05-16,27.0,0.7646
1956-05-17,27.0,0.7646
1956-05-18,26.0,0.7362
1956-05-19,26.0,0.7362
1956-05-20,25.0,0.7079
1956-05-21,24.0,0.6796
1956-05-22,24.0,0.6796
1956-05-23,23.0,0.6513
1956-05-24,24.0,0.6796
1956-05-25,23.0,0.6513
1956-05-26,25.0,0.7079
1956-05-27,24.0,0.6796
1956-05-28,25.0,0.7079
1956-05-29,25.0,0.7079
1956-05-30,25.0,0.7079
1956-05-31,24.0,0.6796
1956-06-01,25.0,0.7079
1956-06-02,24.0,0.6796
1956-06-03,24.0,0.6796
1956-06-04,23.0,0.6513
1956-06-05,22.0,0.623
1956-06-06,22.0,0.623
1956-06-07,22.0,0.623
1956-06-08,22.0,0.623
1956-06-09,22.0,0.623
1956-06-10,22.0,0.623
1956-06-11,22.0,0.623
1956-06-12,23.0,0.6513
1956-06-13,25.0,0.7079
1956-06-14,25.0,0.7079
1956-06-15,25.0,0.7079
1956-06-16,25.0,0.7079
1956-06-17,24.0,0.6796
1956-06-18,24.0,0.6796
1956-06-19,25.0,0.7079
1956-06-20,25.0,0.7079
1956-06-21,27.0,0.7646
1956-06-22,42.0,1.1893
1956-06-23,46.0,1.3026
1956-06-24,55.0,1.5574
1956-06-25,52.0,1.4725
1956-06-26,58.0,1.6424
1956-06-27,45.0,1.2743
1956-06-28,38.0,1.076
1956-06-29,36.0,1.0194
1956-06-30,32.0,0.9061
1956-07-01,31.0,0.8778
1956-07-02,31.0,0.8778
1956-07-03,31.0,0.8778
1956-07-04,36.0,1.0194
1956-07-05,52.0,1.4725
1956-07-06,42.0,1.1893
1956-07-07,35.0,0.9911
1956-07-08,31.0,0.8778
1956-07-09,29.0,0.8212
1956-07-10,38.0,1.076
1956-07-11,47.0,1.3309
1956-07-12,36.0,1.0194
1956-07-13,31.0,0.8778
1956-07-14,31.0,0.8778
1956-07-15,44.0,1.2459
1956-07-16,34.0,0.9628
1956-07-17,31.0,0.8778
1956-07-18,34.0,0.9628
1956-07-19,32.0,0.9061
1956-07-20,32.0,0.9061
1956-07-21,30.0,0.8495
1956-07-22,32.0,0.9061
1956-07-23,33.0,0.9345
1956-07-24,32.0,0.9061
1956-07-25,32.0,0.9061
1956-07-26,32.0,0.9061
1956-07-27,30.0,0.8495
1956-07-28,34.0,0.9628
1956-07-29,38.0,1.076
1956-07-30,32.0,0.9061
1956-07-31,32.0,0.9061
1956-08-01,37.0,1.0477
1956-08-02,34.0,0.9628
1956-08-03,32.0,0.9061
1956-08-04,32.0,0.9061
1956-08-05,33.0,0.9345
1956-08-06,33.0,0.9345
1956-08-07,31.0,0.8778
1956-08-08,28.0,0.7929
1956-08-09,28.0,0.7929
1956-08-10,28.0,0.7929
1956-08-11,28.0,0.7929
1956-08-12,30.0,0.8495
1956-08-13,28.0,0.7929
1956-08-14,30.0,0.8495
1956-08-15,29.0,0.8212
1956-08-16,27.0,0.7646
1956-08-17,27.0,0.7646
1956-08-18,29.0,0.8212
1956-08-19,29.0,0.8212
1956-08-20,43.0,1.2176
1956-08-21,32.0,0.9061
1956-08-22,30.0,0.8495
1956-08-23,30.0,0.8495
1956-08-24,38.0,1.076
1956-08-25,31.0,0.8778
1956-08-26,28.0,0.7929
1956-08-27,26.0,0.7362
1956-08-28,27.0,0.7646
1956-08-29,28.0,0.7929
1956-08-30,28.0,0.7929
1956-08-31,28.0,0.7929
1956-09-01,28.0,0.7929
1956-09-02,28.0,0.7929
1956-09-03,27.0,0.7646
1956-09-04,27.0,0.7646
1956-09-05,28.0,0.7929
1956-09-06,27.0,0.7646
1956-09-07,25.0,0.7079
1956-09-08,25.0,0.7079
1956-09-09,26.0,0.7362
1956-09-10,27.0,0.7646
1956-09-11,25.0,0.7079
1956-09-12,25.0,0.7079
1956-09-13,28.0,0.7929
1956-09-14,30.0,0.8495
1956-09-15,30.0,0.8495
1956-09-16,32.0,0.9061
1956-09-17,32.0,0.9061
1956-09-18,30.0,0.8495
1956-09-19,29.0,0.8212
1956-09-20,30.0,0.8495
1956-09-21,29.0,0.8212
1956-09-22,30.0,0.8495
1956-09-23,31.0,0.8778
1956-09-24,32.0,0.9061
1956-09-25,32.0,0.9061
1956-09-26,36.0,1.0194
1956-09-27,48.0,1.3592
1956-09-28,41.0,1.161
1956-09-29,40.0,1.1327
1956-09-30,45.0,1.2743
1956-10-01,47.0,1.3309
1956-10-02,47.0,1.3309
1956-10-03,46.0,1.3026
1956-10-04,45.0,1.2743
1956-10-05,44.0,1.2459
1956-10-06,45.0,1.2743
1956-10-07,48.0,1.3592
1956-10-08,48.0,1.3592
1956-10-09,48.0,1.3592
1956-10-10,47.0,1.3309
1956-10-11,55.0,1.5574
1956-10-12,50.0,1.4158
1956-10-13,45.0,1.2743
1956-10-14,41.0,1.161
1956-10-15,41.0,1.161
1956-10-16,44.0,1.2459
1956-10-17,51.0,1.4442
1956-10-18,46.0,1.3026
1956-10-19,59.0,1.6707
1956-10-20,62.0,1.7556
1956-10-21,62.0,1.7556
1956-10-22,62.0,1.7556
1956-10-23,60.0,1.699
1956-10-24,59.0,1.6707
1956-10-25,62.0,1.7556
1956-10-26,62.0,1.7556
1956-10-27,62.0,1.7556
1956-10-28,62.0,1.7556
1956-10-29,63.0,1.784
1956-10-30,62.0,1.7556
1956-10-31,60.0,1.699
1956-11-01,59.0,1.6707
1956-11-02,50.0,1.4158
1956-11-03,41.0,1.161
1956-11-04,38.0,1.076
1956-11-05,37.0,1.0477
1956-11-06,36.0,1.0194
1956-11-07,36.0,1.0194
1956-11-08,36.0,1.0194
1956-11-09,36.0,1.0194
1956-11-10,36.0,1.0194
1956-11-11,35.0,0.9911
1956-11-12,34.0,0.9628
1956-11-13,33.0,0.9345
1956-11-14,33.0,0.9345
1956-11-15,33.0,0.9345
1956-11-16,32.0,0.9061
1956-11-17,32.0,0.9061
1956-11-18,32.0,0.9061
1956-11-19,32.0,0.9061
1956-11-20,32.0,0.9061
1956-11-21,32.0,0.9061
1956-11-22,36.0,1.0194
1956-11-23,60.0,1.699
1956-11-24,65.0,1.8406
1956-11-25,66.0,1.8689
1956-11-26,66.0,1.8689
1956-11-27,68.0,1.9255
1956-11-28,69.0,1.9539
1956-11-29,66.0,1.8689
1956-11-30,63.0,1.784
1956-12-01,63.0,1.784
1956-12-02,62.0,1.7556
1956-12-03,62.0,1.7556
1956-12-04,59.0,1.6707
1956-12-05,60.0,1.699
1956-12-06,59.0,1.6707
1956-12-07,60.0,1.699
1956-12-08,58.0,1.6424
1956-12-09,63.0,1.784
1956-12-10,62.0,1.7556
1956-12-11,62.0,1.7556
1956-12-12,63.0,1.784
1956-12-13,89.0,2.5202
1956-12-14,79.0,2.237
1956-12-15,72.0,2.0388
1956-12-16,68.0,1.9255
1956-12-17,62.0,1.7556
1956-12-18,58.0,1.6424
1956-12-19,55.0,1.5574
1956-12-20,58.0,1.6424
1956-12-21,58.0,1.6424
1956-12-22,66.0,1.8689
1956-12-23,69.0,1.9539
1956-12-24,69.0,1.9539
1956-12-25,69.0,1.9539
1956-12-26,66.0,1.8689
1956-12-27,66.0,1.8689
1956-12-28,68.0,1.9255
1956-12-29,66.0,1.8689
1956-12-30,68.0,1.9255
1956-12-31,66.0,1.8689
1957-01-01,66.0,1.8689
1957-01-02,66.0,1.8689
1957-01-03,68.0,1.9255
1957-01-04,68.0,1.9255
1957-01-05,69.0,1.9539
1957-01-06,74.0,2.0954
1957-01-07,71.0,2.0105
1957-01-08,69.0,1.9539
1957-01-09,66.0,1.8689
1957-01-10,69.0,1.9539
1957-01-11,68.0,1.9255
1957-01-12,68.0,1.9255
1957-01-13,68.0,1.9255
1957-01-14,66.0,1.8689
1957-01-15,66.0,1.8689
1957-01-16,66.0,1.8689
1957-01-17,66.0,1.8689
1957-01-18,66.0,1.8689
1957-01-19,66.0,1.8689
1957-01-20,66.0,1.8689
1957-01-21,65.0,1.8406
1957-01-22,65.0,1.8406
1957-01-23,65.0,1.8406
1957-01-24,66.0,1.8689
1957-01-25,66.0,1.8689
1957-01-26,66.0,1.8689
1957-01-27,66.0,1.8689
1957-01-28,66.0,1.8689
1957-01-29,66.0,1.8689
1957-01-30,66.0,1.8689
1957-01-31,66.0,1.8689
1957-02-01,66.0,1.8689
1957-02-02,66.0,1.8689
1957-02-03,66.0,1.8689
1957-02-04,64.0,1.8123
1957-02-05,64.0,1.8123
1957-02-06,64.0,1.8123
1957-02-07,64.0,1.8123
1957-02-08,56.0,1.5857
1957-02-09,42.0,1.1893
1957-02-10,42.0,1.1893
1957-02-11,42.0,1.1893
1957-02-12,42.0,1.1893
1957-02-13,35.0,0.9911
1957-02-14,32.0,0.9061
1957-02-15,32.0,0.9061
1957-02-16,32.0,0.9061
1957-02-17,32.0,0.9061
1957-02-18,32.0,0.9061
1957-02-19,32.0,0.9061
1957-02-20,28.0,0.7929
1957-02-21,27.0,0.7646
1957-02-22,28.0,0.7929
1957-02-23,28.0,0.7929
1957-02-24,27.0,0.7646
1957-02-25,26.0,0.7362
1957-02-26,22.0,0.623
1957-02-27,20.0,0.5663
1957-02-28,20.0,0.5663
1957-03-01,20.0,0.5663
1957-03-02,19.0,0.538
1957-03-03,18.0,0.5097
1957-03-04,18.0,0.5097
1957-03-05,18.0,0.5097
1957-03-06,19.0,0.538
1957-03-07,18.0,0.5097
1957-03-08,18.0,0.5097
1957-03-09,18.0,0.5097
1957-03-10,18.0,0.5097
1957-03-11,19.0,0.538
1957-03-12,19.0,0.538
1957-03-13,18.0,0.5097
1957-03-14,18.0,0.5097
1957-03-15,18.0,0.5097
1957-03-16,18.0,0.5097
1957-03-17,18.0,0.5097
1957-03-18,20.0,0.5663
1957-03-19,27.0,0.7646
1957-03-20,31.0,0.8778
1957-03-21,28.0,0.7929
1957-03-22,28.0,0.7929
1957-03-23,27.0,0.7646
1957-03-24,27.0,0.7646
1957-03-25,33.0,0.9345
1957-03-26,39.0,1.1044
1957-03-27,36.0,1.0194
1957-03-28,29.0,0.8212
1957-03-29,25.0,0.7079
1957-03-30,23.0,0.6513
1957-03-31,23.0,0.6513
1957-04-01,23.0,0.6513
1957-04-02,22.0,0.623
1957-04-03,20.0,0.5663
1957-04-04,20.0,0.5663
1957-04-05,22.0,0.623
1957-04-06,21.0,0.5947
1957-04-07,21.0,0.5947
1957-04-08,21.0,0.5947
1957-04-09,19.0,0.538
1957-04-10,18.0,0.5097
1957-04-11,18.0,0.5097
1957-04-12,20.0,0.5663
1957-04-13,20.0,0.5663
1957-04-14,19.0,0.538
1957-04-15,19.0,0.538
1957-04-16,19.0,0.538
1957-04-17,19.0,0.538
1957-04-18,18.0,0.5097
1957-04-19,17.0,0.4814
1957-04-20,17.0,0.4814
1957-04-21,17.0,0.4814
1957-04-22,15.0,0.4248
1957-04-23,16.0,0.4531
1957-04-24,17.0,0.4814
1957-04-25,16.0,0.4531
1957-04-26,16.0,0.4531
1957-04-27,17.0,0.4814
1957-04-28,19.0,0.538
1957-04-29,22.0,0.623
1957-04-30,25.0,0.7079
1957-05-01,22.0,0.623
1957-05-02,21.0,0.5947
1957-05-03,21.0,0.5947
1957-05-04,21.0,0.5947
1957-05-05,20.0,0.5663
1957-05-06,21.0,0.5947
1957-05-07,27.0,0.7646
1957-05-08,27.0,0.7646
1957-05-09,28.0,0.7929
1957-05-10,31.0,0.8778
1957-05-11,26.0,0.7362
1957-05-12,23.0,0.6513
1957-05-13,49.0,1.3875
1957-05-14,44.0,1.2459
1957-05-15,28.0,0.7929
1957-05-16,23.0,0.6513
1957-05-17,40.0,1.1327
1957-05-18,24.0,0.6796
1957-05-19,20.0,0.5663
1957-05-20,18.0,0.5097
1957-05-21,18.0,0.5097
1957-05-22,18.0,0.5097
1957-05-23,18.0,0.5097
1957-05-24,19.0,0.538
1957-05-25,21.0,0.5947
1957-05-26,21.0,0.5947
1957-05-27,21.0,0.5947
1957-05-28,23.0,0.6513
1957-05-29,25.0,0.7079
1957-05-30,29.0,0.8212
1957-05-31,904.0,25.5984
1957-06-01,246.0,6.9659
1957-06-02,68.0,1.9255
1957-06-03,36.0,1.0194
1957-06-04,25.0,0.7079
1957-06-05,19.0,0.538
1957-06-06,16.0,0.4531
1957-06-07,14.0,0.3964
1957-06-08,14.0,0.3964
1957-06-09,14.0,0.3964
1957-06-10,14.0,0.3964
1957-06-11,13.0,0.3681
1957-06-12,14.0,0.3964
1957-06-13,14.0,0.3964
1957-06-14,14.0,0.3964
1957-06-15,15.0,0.4248
1957-06-16,15.0,0.4248
1957-06-17,16.0,0.4531
1957-06-18,22.0,0.623
1957-06-19,19.0,0.538
1957-06-20,18.0,0.5097
1957-06-21,17.0,0.4814
1957-06-22,14.0,0.3964
1957-06-23,14.0,0.3964
1957-06-24,14.0,0.3964
1957-06-25,15.0,0.4248
1957-06-26,15.0,0.4248
1957-06-27,14.0,0.3964
1957-06-28,14.0,0.3964
1957-06-29,14.0,0.3964
1957-06-30,14.0,0.3964
1957-07-01,13.0,0.3681
1957-07-02,12.0,0.3398
1957-07-03,13.0,0.3681
1957-07-04,13.0,0.3681
1957-07-05,13.0,0.3681
1957-07-06,12.0,0.3398
1957-07-07,12.0,0.3398
1957-07-08,11.0,0.3115
1957-07-09,12.0,0.3398
1957-07-10,13.0,0.3681
1957-07-11,12.0,0.3398
1957-07-12,13.0,0.3681
1957-07-13,12.0,0.3398
1957-07-14,14.0,0.3964
1957-07-15,13.0,0.3681
1957-07-16,11.0,0.3115
1957-07-17,12.0,0.3398
1957-07-18,12.0,0.3398
1957-07-19,13.0,0.3681
1957-07-20,13.0,0.3681
1957-07-21,15.0,0.4248
1957-07-22,51.0,1.4442
1957-07-23,77.0,2.1804
1957-07-24,42.0,1.1893
1957-07-25,31.0,0.8778
1957-07-26,29.0,0.8212
1957-07-27,19.0,0.538
1957-07-28,16.0,0.4531
1957-07-29,16.0,0.4531
1957-07-30,16.0,0.4531
1957-07-31,16.0,0.4531
1957-08-01,16.0,0.4531
1957-08-02,17.0,0.4814
1957-08-03,17.0,0.4814
1957-08-04,17.0,0.4814
1957-08-05,17.0,0.4814
1957-08-06,21.0,0.5947
1957-08-07,22.0,0.623
1957-08-08,21.0,0.5947
1957-08-09,19.0,0.538
1957-08-10,17.0,0.4814
1957-08-11,18.0,0.5097
1957-08-12,18.0,0.5097
1957-08-13,21.0,0.5947
1957-08-14,24.0,0.6796
1957-08-15,28.0,0.7929
1957-08-16,25.0,0.7079
1957-08-17,23.0,0.6513
1957-08-18,76.0,2.1521
1957-08-19,2450.0,69.3762
1957-08-20,480.0,13.5921
1957-08-21,135.0,3.8228
1957-08-22,55.0,1.5574
1957-08-23,38.0,1.076
1957-08-24,33.0,0.9345
1957-08-25,28.0,0.7929
1957-08-26,28.0,0.7929
1957-08-27,28.0,0.7929
1957-08-28,23.0,0.6513
1957-08-29,25.0,0.7079
1957-08-30,25.0,0.7079
1957-08-31,26.0,0.7362
1957-09-01,26.0,0.7362
1957-09-02,27.0,0.7646
1957-09-03,30.0,0.8495
1957-09-04,28.0,0.7929
1957-09-05,30.0,0.8495
1957-09-06,30.0,0.8495
1957-09-07,31.0,0.8778
1957-09-08,28.0,0.7929
1957-09-09,30.0,0.8495
1957-09-10,32.0,0.9061
1957-09-11,31.0,0.8778
1957-09-12,30.0,0.8495
1957-09-13,33.0,0.9345
1957-09-14,28.0,0.7929
1957-09-15,28.0,0.7929
1957-09-16,27.0,0.7646
1957-09-17,26.0,0.7362
1957-09-18,26.0,0.7362
1957-09-19,26.0,0.7362
1957-09-20,29.0,0.8212
1957-09-21,29.0,0.8212
1957-09-22,28.0,0.7929
1957-09-23,26.0,0.7362
1957-09-24,27.0,0.7646
1957-09-25,27.0,0.7646
1957-09-26,27.0,0.7646
1957-09-27,28.0,0.7929
1957-09-28,28.0,0.7929
1957-09-29,27.0,0.7646
1957-09-30,32.0,0.9061
1957-10-01,42.0,1.1893
1957-10-02,37.0,1.0477
1957-10-03,31.0,0.8778
1957-10-04,28.0,0.7929
1957-10-05,26.0,0.7362
1957-10-06,29.0,0.8212
1957-10-07,29.0,0.8212
1957-10-08,29.0,0.8212
1957-10-09,121.0,3.4263
1957-10-10,40.0,1.1327
1957-10-11,29.0,0.8212
1957-10-12,35.0,0.9911
1957-10-13,41.0,1.161
1957-10-14,32.0,0.9061
1957-10-15,34.0,0.9628
1957-10-16,31.0,0.8778
1957-10-17,30.0,0.8495
1957-10-18,29.0,0.8212
1957-10-19,36.0,1.0194
1957-10-20,61.0,1.7273
1957-10-21,98.0,2.775
1957-10-22,89.0,2.5202
1957-10-23,63.0,1.784
1957-10-24,50.0,1.4158
1957-10-25,44.0,1.2459
1957-10-26,41.0,1.161
1957-10-27,41.0,1.161
1957-10-28,41.0,1.161
1957-10-29,40.0,1.1327
1957-10-30,36.0,1.0194
1957-10-31,39.0,1.1044
1957-11-01,48.0,1.3592
1957-11-02,45.0,1.2743
1957-11-03,35.0,0.9911
1957-11-04,35.0,0.9911
1957-11-05,35.0,0.9911
1957-11-06,36.0,1.0194
1957-11-07,44.0,1.2459
1957-11-08,59.0,1.6707
1957-11-09,59.0,1.6707
1957-11-10,66.0,1.8689
1957-11-11,69.0,1.9539
1957-11-12,69.0,1.9539
1957-11-13,74.0,2.0954
1957-11-14,76.0,2.1521
1957-11-15,68.0,1.9255
1957-11-16,53.0,1.5008
1957-11-17,52.0,1.4725
1957-11-18,63.0,1.784
1957-11-19,66.0,1.8689
1957-11-20,66.0,1.8689
1957-11-21,66.0,1.8689
1957-11-22,69.0,1.9539
1957-11-23,68.0,1.9255
1957-11-24,68.0,1.9255
1957-11-25,69.0,1.9539
1957-11-26,69.0,1.9539
1957-11-27,68.0,1.9255
1957-11-28,63.0,1.784
1957-11-29,63.0,1.784
1957-11-30,63.0,1.784
1957-12-01,63.0,1.784
1957-12-02,63.0,1.784
1957-12-03,63.0,1.784
1957-12-04,63.0,1.784
1957-12-05,62.0,1.7556
1957-12-06,62.0,1.7556
1957-12-07,62.0,1.7556
1957-12-08,60.0,1.699
1957-12-09,62.0,1.7556
1957-12-10,63.0,1.784
1957-12-11,62.0,1.7556
1957-12-12,60.0,1.699
1957-12-13,62.0,1.7556
1957-12-14,60.0,1.699
1957-12-15,62.0,1.7556
1957-12-16,62.0,1.7556
1957-12-17,63.0,1.784
1957-12-18,62.0,1.7556
1957-12-19,59.0,1.6707
1957-12-20,59.0,1.6707
1957-12-21,59.0,1.6707
1957-12-22,59.0,1.6707
1957-12-23,59.0,1.6707
1957-12-24,59.0,1.6707
1957-12-25,63.0,1.784
1957-12-26,71.0,2.0105
1957-12-27,76.0,2.1521
1957-12-28,72.0,2.0388
1957-12-29,69.0,1.9539
1957-12-30,65.0,1.8406
1957-12-31,59.0,1.6707
1958-01-01,60.0,1.699
1958-01-02,71.0,2.0105
1958-01-03,66.0,1.8689
1958-01-04,66.0,1.8689
1958-01-05,76.0,2.1521
1958-01-06,80.0,2.2653
1958-01-07,84.0,2.3786
1958-01-08,76.0,2.1521
1958-01-09,71.0,2.0105
1958-01-10,68.0,1.9255
1958-01-11,66.0,1.8689
1958-01-12,65.0,1.8406
1958-01-13,65.0,1.8406
1958-01-14,65.0,1.8406
1958-01-15,65.0,1.8406
1958-01-16,65.0,1.8406
1958-01-17,63.0,1.784
1958-01-18,65.0,1.8406
1958-01-19,66.0,1.8689
1958-01-20,66.0,1.8689
1958-01-21,65.0,1.8406
1958-01-22,65.0,1.8406
1958-01-23,65.0,1.8406
1958-01-24,65.0,1.8406
1958-01-25,65.0,1.8406
1958-01-26,65.0,1.8406
1958-01-27,63.0,1.784
1958-01-28,63.0,1.784
1958-01-29,63.0,1.784
1958-01-30,63.0,1.784
1958-01-31,63.0,1.784
1958-02-01,63.0,1.784
1958-02-02,58.0,1.6424
1958-02-03,58.0,1.6424
1958-02-04,68.0,1.9255
1958-02-05,69.0,1.9539
1958-02-06,72.0,2.0388
1958-02-07,72.0,2.0388
1958-02-08,68.0,1.9255
1958-02-09,63.0,1.784
1958-02-10,60.0,1.699
1958-02-11,60.0,1.699
1958-02-12,62.0,1.7556
1958-02-13,62.0,1.7556
1958-02-14,63.0,1.784
1958-02-15,62.0,1.7556
1958-02-16,60.0,1.699
1958-02-17,62.0,1.7556
1958-02-18,60.0,1.699
1958-02-19,60.0,1.699
1958-02-20,58.0,1.6424
1958-02-21,63.0,1.784
1958-02-22,74.0,2.0954
1958-02-23,80.0,2.2653
1958-02-24,80.0,2.2653
1958-02-25,66.0,1.8689
1958-02-26,62.0,1.7556
1958-02-27,72.0,2.0388
1958-02-28,80.0,2.2653
1958-03-01,65.0,1.8406
1958-03-02,58.0,1.6424
1958-03-03,77.0,2.1804
1958-03-04,71.0,2.0105
1958-03-05,55.0,1.5574
1958-03-06,63.0,1.784
1958-03-07,76.0,2.1521
1958-03-08,72.0,2.0388
1958-03-09,69.0,1.9539
1958-03-10,68.0,1.9255
1958-03-11,69.0,1.9539
1958-03-12,66.0,1.8689
1958-03-13,55.0,1.5574
1958-03-14,50.0,1.4158
1958-03-15,63.0,1.784
1958-03-16,55.0,1.5574
1958-03-17,69.0,1.9539
1958-03-18,69.0,1.9539
1958-03-19,58.0,1.6424
1958-03-20,52.0,1.4725
1958-03-21,69.0,1.9539
1958-03-22,71.0,2.0105
1958-03-23,56.0,1.5857
1958-03-24,48.0,1.3592
1958-03-25,59.0,1.6707
1958-03-26,51.0,1.4442
1958-03-27,39.0,1.1044
1958-03-28,35.0,0.9911
1958-03-29,31.0,0.8778
1958-03-30,31.0,0.8778
1958-03-31,28.0,0.7929
1958-04-01,33.0,0.9345
1958-04-02,33.0,0.9345
1958-04-03,33.0,0.9345
1958-04-04,33.0,0.9345
1958-04-05,33.0,0.9345
1958-04-06,29.0,0.8212
1958-04-07,29.0,0.8212
1958-04-08,29.0,0.8212
1958-04-09,29.0,0.8212
1958-04-10,29.0,0.8212
1958-04-11,25.0,0.7079
1958-04-12,25.0,0.7079
1958-04-13,25.0,0.7079
1958-04-14,25.0,0.7079
1958-04-15,25.0,0.7079
1958-04-16,27.0,0.7646
1958-04-17,33.0,0.9345
1958-04-18,32.0,0.9061
1958-04-19,28.0,0.7929
1958-04-20,25.0,0.7079
1958-04-21,25.0,0.7079
1958-04-22,21.0,0.5947
1958-04-23,18.0,0.5097
1958-04-24,19.0,0.538
1958-04-25,17.0,0.4814
1958-04-26,17.0,0.4814
1958-04-27,17.0,0.4814
1958-04-28,17.0,0.4814
1958-04-29,18.0,0.5097
1958-04-30,18.0,0.5097
1958-05-01,21.0,0.5947
1958-05-02,23.0,0.6513
1958-05-03,24.0,0.6796
1958-05-04,22.0,0.623
1958-05-05,21.0,0.5947
1958-05-06,20.0,0.5663
1958-05-07,20.0,0.5663
1958-05-08,20.0,0.5663
1958-05-09,20.0,0.5663
1958-05-10,19.0,0.538
1958-05-11,23.0,0.6513
1958-05-12,295.0,8.3535
1958-05-13,791.0,22.3986
1958-05-14,394.0,11.1568
1958-05-15,325.0,9.203
1958-05-16,275.0,7.7871
1958-05-17,336.0,9.5144
1958-05-18,1330.0,37.6613
1958-05-19,1920.0,54.3683
1958-05-20,1220.0,34.5465
1958-05-21,925.0,26.193
1958-05-22,754.0,21.3509
1958-05-23,361.0,10.2224
1958-05-24,275.0,7.7871
1958-05-25,294.0,8.3251
1958-05-26,460.0,13.0257
1958-05-27,472.0,13.3655
1958-05-28,637.0,18.0378
1958-05-29,715.0,20.2465
1958-05-30,715.0,20.2465
1958-05-31,673.0,19.0572
1958-06-01,673.0,19.0572
1958-06-02,325.0,9.203
1958-06-03,214.0,6.0598
1958-06-04,334.0,9.4578
1958-06-05,512.0,14.4982
1958-06-06,237.0,6.7111
1958-06-07,199.0,5.635
1958-06-08,168.0,4.7572
1958-06-09,110.0,3.1148
1958-06-10,72.0,2.0388
1958-06-11,47.0,1.3309
1958-06-12,40.0,1.1327
1958-06-13,37.0,1.0477
1958-06-14,34.0,0.9628
1958-06-15,42.0,1.1893
1958-06-16,36.0,1.0194
1958-06-17,33.0,0.9345
1958-06-18,31.0,0.8778
1958-06-19,29.0,0.8212
1958-06-20,28.0,0.7929
1958-06-21,28.0,0.7929
1958-06-22,134.0,3.7945
1958-06-23,120.0,3.398
1958-06-24,68.0,1.9255
1958-06-25,44.0,1.2459
1958-06-26,36.0,1.0194
1958-06-27,31.0,0.8778
1958-06-28,32.0,0.9061
1958-06-29,29.0,0.8212
1958-06-30,28.0,0.7929
1958-07-01,28.0,0.7929
1958-07-02,46.0,1.3026
1958-07-03,60.0,1.699
1958-07-04,99.0,2.8034
1958-07-05,79.0,2.237
1958-07-06,396.0,11.2135
1958-07-07,226.0,6.3996
1958-07-08,120.0,3.398
1958-07-09,66.0,1.8689
1958-07-10,51.0,1.4442
1958-07-11,48.0,1.3592
1958-07-12,47.0,1.3309
1958-07-13,42.0,1.1893
1958-07-14,39.0,1.1044
1958-07-15,36.0,1.0194
1958-07-16,33.0,0.9345
1958-07-17,30.0,0.8495
1958-07-18,52.0,1.4725
1958-07-19,31.0,0.8778
1958-07-20,29.0,0.8212
1958-07-21,28.0,0.7929
1958-07-22,28.0,0.7929
1958-07-23,28.0,0.7929
1958-07-24,28.0,0.7929
1958-07-25,28.0,0.7929
1958-07-26,30.0,0.8495
1958-07-27,30.0,0.8495
1958-07-28,30.0,0.8495
1958-07-29,30.0,0.8495
1958-07-30,30.0,0.8495
1958-07-31,30.0,0.8495
1958-08-01,33.0,0.9345
1958-08-02,33.0,0.9345
1958-08-03,33.0,0.9345
1958-08-04,33.0,0.9345
1958-08-05,33.0,0.9345
1958-08-06,37.0,1.0477
1958-08-07,32.0,0.9061
1958-08-08,31.0,0.8778
1958-08-09,31.0,0.8778
1958-08-10,33.0,0.9345
1958-08-11,36.0,1.0194
1958-08-12,33.0,0.9345
1958-08-13,30.0,0.8495
1958-08-14,31.0,0.8778
1958-08-15,31.0,0.8778
1958-08-16,28.0,0.7929
1958-08-17,30.0,0.8495
1958-08-18,36.0,1.0194
1958-08-19,42.0,1.1893
1958-08-20,46.0,1.3026
1958-08-21,51.0,1.4442
1958-08-22,1430.0,40.493
1958-08-23,2250.0,63.7128
1958-08-24,1830.0,51.8197
1958-08-25,1030.0,29.1663
1958-08-26,552.0,15.6309
1958-08-27,174.0,4.9271
1958-08-28,114.0,3.2281
1958-08-29,95.0,2.6901
1958-08-30,87.0,2.4636
1958-08-31,86.0,2.4352
1958-09-01,80.0,2.2653
1958-09-02,77.0,2.1804
1958-09-03,66.0,1.8689
1958-09-04,63.0,1.784
1958-09-05,62.0,1.7556
1958-09-06,59.0,1.6707
1958-09-07,58.0,1.6424
1958-09-08,59.0,1.6707
1958-09-09,337.0,9.5428
1958-09-10,183.0,5.182
1958-09-11,91.0,2.5768
1958-09-12,80.0,2.2653
1958-09-13,623.0,17.6414
1958-09-14,1150.0,32.5643
1958-09-15,745.0,21.096
1958-09-16,745.0,21.096
1958-09-17,673.0,19.0572
1958-09-18,517.0,14.6398
1958-09-19,204.0,5.7766
1958-09-20,142.0,4.021
1958-09-21,108.0,3.0582
1958-09-22,93.0,2.6335
1958-09-23,736.0,20.8412
1958-09-24,760.0,21.5208
1958-09-25,395.0,11.1851
1958-09-26,254.0,7.1925
1958-09-27,267.0,7.5606
1958-09-28,1030.0,29.1663
1958-09-29,1040.0,29.4495
1958-09-30,1340.0,37.9445
1958-10-01,1150.0,32.5643
1958-10-02,332.0,9.4012
1958-10-03,615.0,17.4148
1958-10-04,745.0,21.096
1958-10-05,593.0,16.7919
1958-10-06,254.0,7.1925
1958-10-07,217.0,6.1447
1958-10-08,196.0,5.5501
1958-10-09,316.0,8.9481
1958-10-10,341.0,9.656
1958-10-11,328.0,9.2879
1958-10-12,316.0,8.9481
1958-10-13,284.0,8.042
1958-10-14,239.0,6.7677
1958-10-15,196.0,5.5501
1958-10-16,297.0,8.4101
1958-10-17,341.0,9.656
1958-10-18,348.0,9.8542
1958-10-19,345.0,9.7693
1958-10-20,269.0,7.6172
1958-10-21,181.0,5.1253
1958-10-22,166.0,4.7006
1958-10-23,161.0,4.559
1958-10-24,147.0,4.1626
1958-10-25,154.0,4.3608
1958-10-26,147.0,4.1626
1958-10-27,144.0,4.0776
1958-10-28,164.0,4.644
1958-10-29,207.0,5.8616
1958-10-30,214.0,6.0598
1958-10-31,199.0,5.635
1958-11-01,188.0,5.3236
1958-11-02,184.0,5.2103
1958-11-03,174.0,4.9271
1958-11-04,159.0,4.5024
1958-11-05,225.0,6.3713
1958-11-06,266.0,7.5323
1958-11-07,266.0,7.5323
1958-11-08,266.0,7.5323
1958-11-09,266.0,7.5323
1958-11-10,266.0,7.5323
1958-11-11,266.0,7.5323
1958-11-12,269.0,7.6172
1958-11-13,374.0,10.5905
1958-11-14,374.0,10.5905
1958-11-15,312.0,8.8348
1958-11-16,278.0,7.8721
1958-11-17,266.0,7.5323
1958-11-18,260.0,7.3624
1958-11-19,257.0,7.2774
1958-11-20,242.0,6.8527
1958-11-21,161.0,4.559
1958-11-22,144.0,4.0776
1958-11-23,149.0,4.2192
1958-11-24,159.0,4.5024
1958-11-25,159.0,4.5024
1958-11-26,156.0,4.4174
1958-11-27,156.0,4.4174
1958-11-28,152.0,4.3042
1958-11-29,152.0,4.3042
1958-11-30,156.0,4.4174
1958-12-01,161.0,4.559
1958-12-02,161.0,4.559
1958-12-03,168.0,4.7572
1958-12-04,166.0,4.7006
1958-12-05,159.0,4.5024
1958-12-06,156.0,4.4174
1958-12-07,156.0,4.4174
1958-12-08,154.0,4.3608
1958-12-09,149.0,4.2192
1958-12-10,154.0,4.3608
1958-12-11,156.0,4.4174
1958-12-12,154.0,4.3608
1958-12-13,149.0,4.2192
1958-12-14,149.0,4.2192
1958-12-15,147.0,4.1626
1958-12-16,149.0,4.2192
1958-12-17,154.0,4.3608
1958-12-18,149.0,4.2192
1958-12-19,191.0,5.4085
1958-12-20,257.0,7.2774
1958-12-21,272.0,7.7022
1958-12-22,263.0,7.4473
1958-12-23,217.0,6.1447
1958-12-24,184.0,5.2103
1958-12-25,161.0,4.559
1958-12-26,152.0,4.3042
1958-12-27,147.0,4.1626
1958-12-28,149.0,4.2192
1958-12-29,149.0,4.2192
1958-12-30,149.0,4.2192
1958-12-31,149.0,4.2192
1959-01-01,159.0,4.5024
1959-01-02,161.0,4.559
1959-01-03,159.0,4.5024
1959-01-04,152.0,4.3042
1959-01-05,147.0,4.1626
1959-01-06,152.0,4.3042
1959-01-07,149.0,4.2192
1959-01-08,133.0,3.7661
1959-01-09,135.0,3.8228
1959-01-10,112.0,3.1715
1959-01-11,114.0,3.2281
1959-01-12,110.0,3.1148
1959-01-13,110.0,3.1148
1959-01-14,102.0,2.8883
1959-01-15,106.0,3.0016
1959-01-16,108.0,3.0582
1959-01-17,95.0,2.6901
1959-01-18,95.0,2.6901
1959-01-19,102.0,2.8883
1959-01-20,100.0,2.8317
1959-01-21,104.0,2.9449
1959-01-22,102.0,2.8883
1959-01-23,172.0,4.8705
1959-01-24,101.0,2.86
1959-01-25,71.0,2.0105
1959-01-26,76.0,2.1521
1959-01-27,106.0,3.0016
1959-01-28,93.0,2.6335
1959-01-29,96.0,2.7184
1959-01-30,96.0,2.7184
1959-01-31,95.0,2.6901
1959-02-01,104.0,2.9449
1959-02-02,110.0,3.1148
1959-02-03,114.0,3.2281
1959-02-04,110.0,3.1148
1959-02-05,104.0,2.9449
1959-02-06,127.0,3.5962
1959-02-07,98.0,2.775
1959-02-08,71.0,2.0105
1959-02-09,95.0,2.6901
1959-02-10,95.0,2.6901
1959-02-11,108.0,3.0582
1959-02-12,96.0,2.7184
1959-02-13,79.0,2.237
1959-02-14,87.0,2.4636
1959-02-15,96.0,2.7184
1959-02-16,100.0,2.8317
1959-02-17,106.0,3.0016
1959-02-18,96.0,2.7184
1959-02-19,89.0,2.5202
1959-02-20,104.0,2.9449
1959-02-21,96.0,2.7184
1959-02-22,89.0,2.5202
1959-02-23,96.0,2.7184
1959-02-24,100.0,2.8317
1959-02-25,89.0,2.5202
1959-02-26,82.0,2.322
1959-02-27,53.0,1.5008
1959-02-28,44.0,1.2459
1959-03-01,39.0,1.1044
1959-03-02,35.0,0.9911
1959-03-03,35.0,0.9911
1959-03-04,59.0,1.6707
1959-03-05,60.0,1.699
1959-03-06,53.0,1.5008
1959-03-07,52.0,1.4725
1959-03-08,47.0,1.3309
1959-03-09,41.0,1.161
1959-03-10,40.0,1.1327
1959-03-11,36.0,1.0194
1959-03-12,34.0,0.9628
1959-03-13,32.0,0.9061
1959-03-14,28.0,0.7929
1959-03-15,27.0,0.7646
1959-03-16,26.0,0.7362
1959-03-17,26.0,0.7362
1959-03-18,26.0,0.7362
1959-03-19,25.0,0.7079
1959-03-20,25.0,0.7079
1959-03-21,24.0,0.6796
1959-03-22,24.0,0.6796
1959-03-23,24.0,0.6796
1959-03-24,27.0,0.7646
1959-03-25,33.0,0.9345
1959-03-26,31.0,0.8778
1959-03-27,33.0,0.9345
1959-03-28,35.0,0.9911
1959-03-29,35.0,0.9911
1959-03-30,32.0,0.9061
1959-03-31,31.0,0.8778
1959-04-01,33.0,0.9345
1959-04-02,36.0,1.0194
1959-04-03,41.0,1.161
1959-04-04,45.0,1.2743
1959-04-05,39.0,1.1044
1959-04-06,41.0,1.161
1959-04-07,51.0,1.4442
1959-04-08,45.0,1.2743
1959-04-09,42.0,1.1893
1959-04-10,39.0,1.1044
1959-04-11,35.0,0.9911
1959-04-12,35.0,0.9911
1959-04-13,40.0,1.1327
1959-04-14,50.0,1.4158
1959-04-15,42.0,1.1893
1959-04-16,40.0,1.1327
1959-04-17,38.0,1.076
1959-04-18,38.0,1.076
1959-04-19,45.0,1.2743
1959-04-20,39.0,1.1044
1959-04-21,41.0,1.161
1959-04-22,39.0,1.1044
1959-04-23,36.0,1.0194
1959-04-24,36.0,1.0194
1959-04-25,38.0,1.076
1959-04-26,38.0,1.076
1959-04-27,68.0,1.9255
1959-04-28,77.0,2.1804
1959-04-29,77.0,2.1804
1959-04-30,79.0,2.237
1959-05-01,86.0,2.4352
1959-05-02,82.0,2.322
1959-05-03,71.0,2.0105
1959-05-04,76.0,2.1521
1959-05-05,68.0,1.9255
1959-05-06,65.0,1.8406
1959-05-07,63.0,1.784
1959-05-08,1100.0,31.1485
1959-05-09,617.0,17.4715
1959-05-10,181.0,5.1253
1959-05-11,116.0,3.2847
1959-05-12,104.0,2.9449
1959-05-13,96.0,2.7184
1959-05-14,98.0,2.775
1959-05-15,87.0,2.4636
1959-05-16,112.0,3.1715
1959-05-17,104.0,2.9449
1959-05-18,87.0,2.4636
1959-05-19,69.0,1.9539
1959-05-20,62.0,1.7556
1959-05-21,59.0,1.6707
1959-05-22,51.0,1.4442
1959-05-23,50.0,1.4158
1959-05-24,164.0,4.644
1959-05-25,158.0,4.4741
1959-05-26,79.0,2.237
1959-05-27,63.0,1.784
1959-05-28,63.0,1.784
1959-05-29,62.0,1.7556
1959-05-30,58.0,1.6424
1959-05-31,55.0,1.5574
1959-06-01,53.0,1.5008
1959-06-02,56.0,1.5857
1959-06-03,60.0,1.699
1959-06-04,55.0,1.5574
1959-06-05,52.0,1.4725
1959-06-06,58.0,1.6424
1959-06-07,59.0,1.6707
1959-06-08,69.0,1.9539
1959-06-09,55.0,1.5574
1959-06-10,46.0,1.3026
1959-06-11,40.0,1.1327
1959-06-12,75.0,2.1238
1959-06-13,84.0,2.3786
1959-06-14,87.0,2.4636
1959-06-15,89.0,2.5202
1959-06-16,84.0,2.3786
1959-06-17,82.0,2.322
1959-06-18,82.0,2.322
1959-06-19,79.0,2.237
1959-06-20,86.0,2.4352
1959-06-21,59.0,1.6707
1959-06-22,48.0,1.3592
1959-06-23,47.0,1.3309
1959-06-24,41.0,1.161
1959-06-25,37.0,1.0477
1959-06-26,37.0,1.0477
1959-06-27,38.0,1.076
1959-06-28,37.0,1.0477
1959-06-29,39.0,1.1044
1959-06-30,38.0,1.076
1959-07-01,36.0,1.0194
1959-07-02,36.0,1.0194
1959-07-03,46.0,1.3026
1959-07-04,42.0,1.1893
1959-07-05,39.0,1.1044
1959-07-06,41.0,1.161
1959-07-07,35.0,0.9911
1959-07-08,30.0,0.8495
1959-07-09,45.0,1.2743
1959-07-10,47.0,1.3309
1959-07-11,47.0,1.3309
1959-07-12,58.0,1.6424
1959-07-13,90.0,2.5485
1959-07-14,87.0,2.4636
1959-07-15,66.0,1.8689
1959-07-16,46.0,1.3026
1959-07-17,42.0,1.1893
1959-07-18,41.0,1.161
1959-07-19,44.0,1.2459
1959-07-20,42.0,1.1893
1959-07-21,39.0,1.1044
1959-07-22,36.0,1.0194
1959-07-23,35.0,0.9911
1959-07-24,35.0,0.9911
1959-07-25,34.0,0.9628
1959-07-26,33.0,0.9345
1959-07-27,35.0,0.9911
1959-07-28,53.0,1.5008
1959-07-29,68.0,1.9255
1959-07-30,90.0,2.5485
1959-07-31,70.0,1.9822
1959-08-01,60.0,1.699
1959-08-02,52.0,1.4725
1959-08-03,45.0,1.2743
1959-08-04,40.0,1.1327
1959-08-05,36.0,1.0194
1959-08-06,34.0,0.9628
1959-08-07,31.0,0.8778
1959-08-08,32.0,0.9061
1959-08-09,33.0,0.9345
1959-08-10,41.0,1.161
1959-08-11,39.0,1.1044
1959-08-12,41.0,1.161
1959-08-13,38.0,1.076
1959-08-14,34.0,0.9628
1959-08-15,33.0,0.9345
1959-08-16,61.0,1.7273
1959-08-17,61.0,1.7273
1959-08-18,50.0,1.4158
1959-08-19,51.0,1.4442
1959-08-20,45.0,1.2743
1959-08-21,41.0,1.161
1959-08-22,40.0,1.1327
1959-08-23,39.0,1.1044
1959-08-24,39.0,1.1044
1959-08-25,42.0,1.1893
1959-08-26,50.0,1.4158
1959-08-27,48.0,1.3592
1959-08-28,45.0,1.2743
1959-08-29,47.0,1.3309
1959-08-30,53.0,1.5008
1959-08-31,46.0,1.3026
1959-09-01,39.0,1.1044
1959-09-02,35.0,0.9911
1959-09-03,34.0,0.9628
1959-09-04,36.0,1.0194
1959-09-05,51.0,1.4442
1959-09-06,69.0,1.9539
1959-09-07,95.0,2.6901
1959-09-08,53.0,1.5008
1959-09-09,48.0,1.3592
1959-09-10,101.0,2.86
1959-09-11,98.0,2.775
1959-09-12,76.0,2.1521
1959-09-13,66.0,1.8689
1959-09-14,62.0,1.7556
1959-09-15,56.0,1.5857
1959-09-16,46.0,1.3026
1959-09-17,46.0,1.3026
1959-09-18,46.0,1.3026
1959-09-19,45.0,1.2743
1959-09-20,50.0,1.4158
1959-09-21,48.0,1.3592
1959-09-22,50.0,1.4158
1959-09-23,46.0,1.3026
1959-09-24,47.0,1.3309
1959-09-25,42.0,1.1893
1959-09-26,40.0,1.1327
1959-09-27,44.0,1.2459
1959-09-28,47.0,1.3309
1959-09-29,51.0,1.4442
1959-09-30,50.0,1.4158
1959-10-01,45.0,1.2743
1959-10-02,53.0,1.5008
1959-10-03,55.0,1.5574
1959-10-04,63.0,1.784
1959-10-05,69.0,1.9539
1959-10-06,74.0,2.0954
1959-10-07,68.0,1.9255
1959-10-08,56.0,1.5857
1959-10-09,52.0,1.4725
1959-10-10,46.0,1.3026
1959-10-11,44.0,1.2459
1959-10-12,54.0,1.5291
1959-10-13,79.0,2.237
1959-10-14,76.0,2.1521
1959-10-15,59.0,1.6707
1959-10-16,55.0,1.5574
1959-10-17,62.0,1.7556
1959-10-18,66.0,1.8689
1959-10-19,77.0,2.1804
1959-10-20,77.0,2.1804
1959-10-21,76.0,2.1521
1959-10-22,60.0,1.699
1959-10-23,60.0,1.699
1959-10-24,71.0,2.0105
1959-10-25,59.0,1.6707
1959-10-26,53.0,1.5008
1959-10-27,84.0,2.3786
1959-10-28,82.0,2.322
1959-10-29,66.0,1.8689
1959-10-30,84.0,2.3786
1959-10-31,84.0,2.3786
1959-11-01,87.0,2.4636
1959-11-02,86.0,2.4352
1959-11-03,84.0,2.3786
1959-11-04,80.0,2.2653
1959-11-05,80.0,2.2653
1959-11-06,77.0,2.1804
1959-11-07,76.0,2.1521
1959-11-08,80.0,2.2653
1959-11-09,82.0,2.322
1959-11-10,80.0,2.2653
1959-11-11,80.0,2.2653
1959-11-12,77.0,2.1804
1959-11-13,84.0,2.3786
1959-11-14,84.0,2.3786
1959-11-15,80.0,2.2653
1959-11-16,86.0,2.4352
1959-11-17,82.0,2.322
1959-11-18,82.0,2.322
1959-11-19,82.0,2.322
1959-11-20,84.0,2.3786
1959-11-21,84.0,2.3786
1959-11-22,84.0,2.3786
1959-11-23,82.0,2.322
1959-11-24,82.0,2.322
1959-11-25,82.0,2.322
1959-11-26,77.0,2.1804
1959-11-27,72.0,2.0388
1959-11-28,74.0,2.0954
1959-11-29,74.0,2.0954
1959-11-30,74.0,2.0954
1959-12-01,76.0,2.1521
1959-12-02,77.0,2.1804
1959-12-03,62.0,1.7556
1959-12-04,52.0,1.4725
1959-12-05,48.0,1.3592
1959-12-06,46.0,1.3026
1959-12-07,46.0,1.3026
1959-12-08,46.0,1.3026
1959-12-09,46.0,1.3026
1959-12-10,46.0,1.3026
1959-12-11,46.0,1.3026
1959-12-12,51.0,1.4442
1959-12-13,76.0,2.1521
1959-12-14,80.0,2.2653
1959-12-15,84.0,2.3786
1959-12-16,86.0,2.4352
1959-12-17,95.0,2.6901
1959-12-18,104.0,2.9449
1959-12-19,96.0,2.7184
1959-12-20,74.0,2.0954
1959-12-21,60.0,1.699
1959-12-22,72.0,2.0388
1959-12-23,76.0,2.1521
1959-12-24,79.0,2.237
1959-12-25,76.0,2.1521
1959-12-26,76.0,2.1521
1959-12-27,72.0,2.0388
1959-12-28,74.0,2.0954
1959-12-29,69.0,1.9539
1959-12-30,71.0,2.0105
1959-12-31,68.0,1.9255
1960-01-01,69.0,1.9539
1960-01-02,71.0,2.0105
1960-01-03,71.0,2.0105
1960-01-04,69.0,1.9539
1960-01-05,72.0,2.0388
1960-01-06,72.0,2.0388
1960-01-07,74.0,2.0954
1960-01-08,69.0,1.9539
1960-01-09,71.0,2.0105
1960-01-10,71.0,2.0105
1960-01-11,71.0,2.0105
1960-01-12,74.0,2.0954
1960-01-13,79.0,2.237
1960-01-14,94.0,2.6618
1960-01-15,87.0,2.4636
1960-01-16,66.0,1.8689
1960-01-17,56.0,1.5857
1960-01-18,67.0,1.8972
1960-01-19,67.0,1.8972
1960-01-20,67.0,1.8972
1960-01-21,67.0,1.8972
1960-01-22,67.0,1.8972
1960-01-23,67.0,1.8972
1960-01-24,70.0,1.9822
1960-01-25,72.0,2.0388
1960-01-26,72.0,2.0388
1960-01-27,72.0,2.0388
1960-01-28,72.0,2.0388
1960-01-29,67.0,1.8972
1960-01-30,69.0,1.9539
1960-01-31,67.0,1.8972
1960-02-01,67.0,1.8972
1960-02-02,70.0,1.9822
1960-02-03,72.0,2.0388
1960-02-04,75.0,2.1238
1960-02-05,75.0,2.1238
1960-02-06,67.0,1.8972
1960-02-07,70.0,1.9822
1960-02-08,73.0,2.0671
1960-02-09,69.0,1.9539
1960-02-10,50.0,1.4158
1960-02-11,40.0,1.1327
1960-02-12,39.0,1.1044
1960-02-13,34.0,0.9628
1960-02-14,33.0,0.9345
1960-02-15,34.0,0.9628
1960-02-16,32.0,0.9061
1960-02-17,33.0,0.9345
1960-02-18,33.0,0.9345
1960-02-19,33.0,0.9345
1960-02-20,33.0,0.9345
1960-02-21,34.0,0.9628
1960-02-22,33.0,0.9345
1960-02-23,33.0,0.9345
1960-02-24,32.0,0.9061
1960-02-25,33.0,0.9345
1960-02-26,34.0,0.9628
1960-02-27,33.0,0.9345
1960-02-28,33.0,0.9345
1960-02-29,31.0,0.8778
1960-03-01,31.0,0.8778
1960-03-02,32.0,0.9061
1960-03-03,33.0,0.9345
1960-03-04,37.0,1.0477
1960-03-05,33.0,0.9345
1960-03-06,30.0,0.8495
1960-03-07,31.0,0.8778
1960-03-08,34.0,0.9628
1960-03-09,38.0,1.076
1960-03-10,40.0,1.1327
1960-03-11,39.0,1.1044
1960-03-12,39.0,1.1044
1960-03-13,44.0,1.2459
1960-03-14,37.0,1.0477
1960-03-15,31.0,0.8778
1960-03-16,29.0,0.8212
1960-03-17,29.0,0.8212
1960-03-18,31.0,0.8778
1960-03-19,32.0,0.9061
1960-03-20,31.0,0.8778
1960-03-21,28.0,0.7929
1960-03-22,27.0,0.7646
1960-03-23,28.0,0.7929
1960-03-24,30.0,0.8495
1960-03-25,31.0,0.8778
1960-03-26,31.0,0.8778
1960-03-27,33.0,0.9345
1960-03-28,30.0,0.8495
1960-03-29,31.0,0.8778
1960-03-30,25.0,0.7079
1960-03-31,22.0,0.623
1960-04-01,25.0,0.7079
1960-04-02,24.0,0.6796
1960-04-03,25.0,0.7079
1960-04-04,25.0,0.7079
1960-04-05,25.0,0.7079
1960-04-06,25.0,0.7079
1960-04-07,26.0,0.7362
1960-04-08,26.0,0.7362
1960-04-09,27.0,0.7646
1960-04-10,28.0,0.7929
1960-04-11,28.0,0.7929
1960-04-12,29.0,0.8212
1960-04-13,30.0,0.8495
1960-04-14,31.0,0.8778
1960-04-15,34.0,0.9628
1960-04-16,31.0,0.8778
1960-04-17,34.0,0.9628
1960-04-18,56.0,1.5857
1960-04-19,55.0,1.5574
1960-04-20,43.0,1.2176
1960-04-21,42.0,1.1893
1960-04-22,44.0,1.2459
1960-04-23,42.0,1.1893
1960-04-24,37.0,1.0477
1960-04-25,35.0,0.9911
1960-04-26,36.0,1.0194
1960-04-27,33.0,0.9345
1960-04-28,31.0,0.8778
1960-04-29,38.0,1.076
1960-04-30,33.0,0.9345
1960-05-01,30.0,0.8495
1960-05-02,25.0,0.7079
1960-05-03,25.0,0.7079
1960-05-04,25.0,0.7079
1960-05-05,25.0,0.7079
1960-05-06,25.0,0.7079
1960-05-07,27.0,0.7646
1960-05-08,29.0,0.8212
1960-05-09,30.0,0.8495
1960-05-10,34.0,0.9628
1960-05-11,36.0,1.0194
1960-05-12,37.0,1.0477
1960-05-13,34.0,0.9628
1960-05-14,30.0,0.8495
1960-05-15,25.0,0.7079
1960-05-16,23.0,0.6513
1960-05-17,22.0,0.623
1960-05-18,22.0,0.623
1960-05-19,22.0,0.623
1960-05-20,22.0,0.623
1960-05-21,23.0,0.6513
1960-05-22,24.0,0.6796
1960-05-23,22.0,0.623
1960-05-24,21.0,0.5947
1960-05-25,21.0,0.5947
1960-05-26,21.0,0.5947
1960-05-27,24.0,0.6796
1960-05-28,22.0,0.623
1960-05-29,24.0,0.6796
1960-05-30,34.0,0.9628
1960-05-31,30.0,0.8495
1960-06-01,28.0,0.7929
1960-06-02,30.0,0.8495
1960-06-03,27.0,0.7646
1960-06-04,25.0,0.7079
1960-06-05,22.0,0.623
1960-06-06,22.0,0.623
1960-06-07,22.0,0.623
1960-06-08,32.0,0.9061
1960-06-09,28.0,0.7929
1960-06-10,22.0,0.623
1960-06-11,34.0,0.9628
1960-06-12,29.0,0.8212
1960-06-13,26.0,0.7362
1960-06-14,42.0,1.1893
1960-06-15,48.0,1.3592
1960-06-16,43.0,1.2176
1960-06-17,44.0,1.2459
1960-06-18,31.0,0.8778
1960-06-19,26.0,0.7362
1960-06-20,25.0,0.7079
1960-06-21,25.0,0.7079
1960-06-22,25.0,0.7079
1960-06-23,22.0,0.623
1960-06-24,60.0,1.699
1960-06-25,72.0,2.0388
1960-06-26,32.0,0.9061
1960-06-27,28.0,0.7929
1960-06-28,27.0,0.7646
1960-06-29,26.0,0.7362
1960-06-30,25.0,0.7079
1960-07-01,25.0,0.7079
1960-07-02,23.0,0.6513
1960-07-03,23.0,0.6513
1960-07-04,164.0,4.644
1960-07-05,188.0,5.3236
1960-07-06,298.0,8.4384
1960-07-07,1850.0,52.3861
1960-07-08,1700.0,48.1386
1960-07-09,476.0,13.4788
1960-07-10,249.0,7.0509
1960-07-11,154.0,4.3608
1960-07-12,217.0,6.1447
1960-07-13,2280.0,64.5623
1960-07-14,5740.0,162.5384
1960-07-15,4450.0,126.0098
1960-07-16,3020.0,85.5167
1960-07-17,725.0,20.5297
1960-07-18,242.0,6.8527
1960-07-19,181.0,5.1253
1960-07-20,150.0,4.2475
1960-07-21,266.0,7.5323
1960-07-22,479.0,13.5637
1960-07-23,415.0,11.7515
1960-07-24,356.0,10.0808
1960-07-25,320.0,9.0614
1960-07-26,259.0,7.3341
1960-07-27,152.0,4.3042
1960-07-28,90.0,2.5485
1960-07-29,75.0,2.1238
1960-07-30,60.0,1.699
1960-07-31,52.0,1.4725
1960-08-01,50.0,1.4158
1960-08-02,46.0,1.3026
1960-08-03,49.0,1.3875
1960-08-04,48.0,1.3592
1960-08-05,43.0,1.2176
1960-08-06,43.0,1.2176
1960-08-07,44.0,1.2459
1960-08-08,46.0,1.3026
1960-08-09,46.0,1.3026
1960-08-10,62.0,1.7556
1960-08-11,54.0,1.5291
1960-08-12,78.0,2.2087
1960-08-13,98.0,2.775
1960-08-14,67.0,1.8972
1960-08-15,54.0,1.5291
1960-08-16,48.0,1.3592
1960-08-17,168.0,4.7572
1960-08-18,166.0,4.7006
1960-08-19,166.0,4.7006
1960-08-20,50.0,1.4158
1960-08-21,44.0,1.2459
1960-08-22,37.0,1.0477
1960-08-23,38.0,1.076
1960-08-24,43.0,1.2176
1960-08-25,49.0,1.3875
1960-08-26,97.0,2.7467
1960-08-27,146.0,4.1343
1960-08-28,186.0,5.2669
1960-08-29,122.0,3.4546
1960-08-30,92.0,2.6051
1960-08-31,83.0,2.3503
1960-09-01,76.0,2.1521
1960-09-02,60.0,1.699
1960-09-03,51.0,1.4442
1960-09-04,49.0,1.3875
1960-09-05,50.0,1.4158
1960-09-06,46.0,1.3026
1960-09-07,43.0,1.2176
1960-09-08,49.0,1.3875
1960-09-09,46.0,1.3026
1960-09-10,46.0,1.3026
1960-09-11,46.0,1.3026
1960-09-12,56.0,1.5857
1960-09-13,59.0,1.6707
1960-09-14,55.0,1.5574
1960-09-15,50.0,1.4158
1960-09-16,49.0,1.3875
1960-09-17,49.0,1.3875
1960-09-18,48.0,1.3592
1960-09-19,41.0,1.161
1960-09-20,39.0,1.1044
1960-09-21,38.0,1.076
1960-09-22,42.0,1.1893
1960-09-23,46.0,1.3026
1960-09-24,46.0,1.3026
1960-09-25,48.0,1.3592
1960-09-26,49.0,1.3875
1960-09-27,51.0,1.4442
1960-09-28,45.0,1.2743
1960-09-29,41.0,1.161
1960-09-30,40.0,1.1327
1960-10-01,41.0,1.161
1960-10-02,42.0,1.1893
1960-10-03,44.0,1.2459
1960-10-04,43.0,1.2176
1960-10-05,49.0,1.3875
1960-10-06,72.0,2.0388
1960-10-07,78.0,2.2087
1960-10-08,76.0,2.1521
1960-10-09,76.0,2.1521
1960-10-10,82.0,2.322
1960-10-11,82.0,2.322
1960-10-12,83.0,2.3503
1960-10-13,87.0,2.4636
1960-10-14,82.0,2.322
1960-10-15,82.0,2.322
1960-10-16,97.0,2.7467
1960-10-17,494.0,13.9885
1960-10-18,581.0,16.4521
1960-10-19,240.0,6.796
1960-10-20,128.0,3.6246
1960-10-21,103.0,2.9166
1960-10-22,98.0,2.775
1960-10-23,96.0,2.7184
1960-10-24,98.0,2.775
1960-10-25,103.0,2.9166
1960-10-26,101.0,2.86
1960-10-27,101.0,2.86
1960-10-28,100.0,2.8317
1960-10-29,100.0,2.8317
1960-10-30,101.0,2.86
1960-10-31,101.0,2.86
1960-11-01,101.0,2.86
1960-11-02,101.0,2.86
1960-11-03,103.0,2.9166
1960-11-04,162.0,4.5873
1960-11-05,214.0,6.0598
1960-11-06,214.0,6.0598
1960-11-07,209.0,5.9182
1960-11-08,162.0,4.5873
1960-11-09,134.0,3.7945
1960-11-10,117.0,3.3131
1960-11-11,109.0,3.0865
1960-11-12,171.0,4.8422
1960-11-13,201.0,5.6917
1960-11-14,209.0,5.9182
1960-11-15,209.0,5.9182
1960-11-16,176.0,4.9838
1960-11-17,137.0,3.8794
1960-11-18,124.0,3.5113
1960-11-19,120.0,3.398
1960-11-20,120.0,3.398
1960-11-21,115.0,3.2564
1960-11-22,122.0,3.4546
1960-11-23,143.0,4.0493
1960-11-24,148.0,4.1909
1960-11-25,154.0,4.3608
1960-11-26,148.0,4.1909
1960-11-27,157.0,4.4457
1960-11-28,143.0,4.0493
1960-11-29,143.0,4.0493
1960-11-30,157.0,4.4457
1960-12-01,157.0,4.4457
1960-12-02,157.0,4.4457
1960-12-03,164.0,4.644
1960-12-04,164.0,4.644
1960-12-05,169.0,4.7855
1960-12-06,166.0,4.7006
1960-12-07,174.0,4.9271
1960-12-08,184.0,5.2103
1960-12-09,206.0,5.8333
1960-12-10,234.0,6.6261
1960-12-11,256.0,7.2491
1960-12-12,321.0,9.0897
1960-12-13,342.0,9.6843
1960-12-14,352.0,9.9675
1960-12-15,321.0,9.0897
1960-12-16,280.0,7.9287
1960-12-17,265.0,7.504
1960-12-18,262.0,7.419
1960-12-19,262.0,7.419
1960-12-20,265.0,7.504
1960-12-21,259.0,7.3341
1960-12-22,223.0,6.3146
1960-12-23,209.0,5.9182
1960-12-24,223.0,6.3146
1960-12-25,283.0,8.0137
1960-12-26,299.0,8.4667
1960-12-27,302.0,8.5517
1960-12-28,292.0,8.2685
1960-12-29,253.0,7.1642
1960-12-30,239.0,6.7677
1960-12-31,234.0,6.6261
1961-01-01,231.0,6.5412
1961-01-02,225.0,6.3713
1961-01-03,223.0,6.3146
1961-01-04,306.0,8.6649
1961-01-05,377.0,10.6754
1961-01-06,256.0,7.2491
1961-01-07,242.0,6.8527
1961-01-08,198.0,5.6067
1961-01-09,174.0,4.9271
1961-01-10,162.0,4.5873
1961-01-11,154.0,4.3608
1961-01-12,150.0,4.2475
1961-01-13,148.0,4.1909
1961-01-14,145.0,4.1059
1961-01-15,141.0,3.9927
1961-01-16,141.0,3.9927
1961-01-17,139.0,3.936
1961-01-18,139.0,3.936
1961-01-19,137.0,3.8794
1961-01-20,128.0,3.6246
1961-01-21,132.0,3.7378
1961-01-22,124.0,3.5113
1961-01-23,96.0,2.7184
1961-01-24,90.0,2.5485
1961-01-25,100.0,2.8317
1961-01-26,103.0,2.9166
1961-01-27,165.0,4.6723
1961-01-28,259.0,7.3341
1961-01-29,305.0,8.6366
1961-01-30,377.0,10.6754
1961-01-31,381.0,10.7887
1961-02-01,315.0,8.9198
1961-02-02,204.0,5.7766
1961-02-03,204.0,5.7766
1961-02-04,209.0,5.9182
1961-02-05,212.0,6.0032
1961-02-06,209.0,5.9182
1961-02-07,212.0,6.0032
1961-02-08,214.0,6.0598
1961-02-09,206.0,5.8333
1961-02-10,166.0,4.7006
1961-02-11,145.0,4.1059
1961-02-12,137.0,3.8794
1961-02-13,134.0,3.7945
1961-02-14,152.0,4.3042
1961-02-15,176.0,4.9838
1961-02-16,188.0,5.3236
1961-02-17,214.0,6.0598
1961-02-18,228.0,6.4562
1961-02-19,223.0,6.3146
1961-02-20,225.0,6.3713
1961-02-21,242.0,6.8527
1961-02-22,248.0,7.0226
1961-02-23,245.0,6.9376
1961-02-24,234.0,6.6261
1961-02-25,225.0,6.3713
1961-02-26,223.0,6.3146
1961-02-27,217.0,6.1447
1961-02-28,166.0,4.7006
1961-03-01,141.0,3.9927
1961-03-02,117.0,3.3131
1961-03-03,80.0,2.2653
1961-03-04,72.0,2.0388
1961-03-05,63.0,1.784
1961-03-06,62.0,1.7556
1961-03-07,64.0,1.8123
1961-03-08,57.0,1.6141
1961-03-09,50.0,1.4158
1961-03-10,48.0,1.3592
1961-03-11,46.0,1.3026
1961-03-12,50.0,1.4158
1961-03-13,52.0,1.4725
1961-03-14,57.0,1.6141
1961-03-15,57.0,1.6141
1961-03-16,56.0,1.5857
1961-03-17,66.0,1.8689
1961-03-18,64.0,1.8123
1961-03-19,69.0,1.9539
1961-03-20,73.0,2.0671
1961-03-21,72.0,2.0388
1961-03-22,62.0,1.7556
1961-03-23,73.0,2.0671
1961-03-24,63.0,1.784
1961-03-25,51.0,1.4442
1961-03-26,52.0,1.4725
1961-03-27,54.0,1.5291
1961-03-28,52.0,1.4725
1961-03-29,48.0,1.3592
1961-03-30,48.0,1.3592
1961-03-31,41.0,1.161
1961-04-01,36.0,1.0194
1961-04-02,35.0,0.9911
1961-04-03,41.0,1.161
1961-04-04,38.0,1.076
1961-04-05,39.0,1.1044
1961-04-06,39.0,1.1044
1961-04-07,42.0,1.1893
1961-04-08,49.0,1.3875
1961-04-09,49.0,1.3875
1961-04-10,52.0,1.4725
1961-04-11,55.0,1.5574
1961-04-12,80.0,2.2653
1961-04-13,78.0,2.2087
1961-04-14,75.0,2.1238
1961-04-15,80.0,2.2653
1961-04-16,76.0,2.1521
1961-04-17,76.0,2.1521
1961-04-18,82.0,2.322
1961-04-19,75.0,2.1238
1961-04-20,51.0,1.4442
1961-04-21,43.0,1.2176
1961-04-22,42.0,1.1893
1961-04-23,43.0,1.2176
1961-04-24,40.0,1.1327
1961-04-25,40.0,1.1327
1961-04-26,37.0,1.0477
1961-04-27,37.0,1.0477
1961-04-28,40.0,1.1327
1961-04-29,39.0,1.1044
1961-04-30,41.0,1.161
1961-05-01,48.0,1.3592
1961-05-02,46.0,1.3026
1961-05-03,75.0,2.1238
1961-05-04,80.0,2.2653
1961-05-05,76.0,2.1521
1961-05-06,69.0,1.9539
1961-05-07,72.0,2.0388
1961-05-08,70.0,1.9822
1961-05-09,73.0,2.0671
1961-05-10,67.0,1.8972
1961-05-11,72.0,2.0388
1961-05-12,70.0,1.9822
1961-05-13,85.0,2.4069
1961-05-14,76.0,2.1521
1961-05-15,73.0,2.0671
1961-05-16,48.0,1.3592
1961-05-17,36.0,1.0194
1961-05-18,38.0,1.076
1961-05-19,46.0,1.3026
1961-05-20,64.0,1.8123
1961-05-21,100.0,2.8317
1961-05-22,105.0,2.9733
1961-05-23,60.0,1.699
1961-05-24,43.0,1.2176
1961-05-25,41.0,1.161
1961-05-26,41.0,1.161
1961-05-27,50.0,1.4158
1961-05-28,50.0,1.4158
1961-05-29,56.0,1.5857
1961-05-30,46.0,1.3026
1961-05-31,45.0,1.2743
1961-06-01,39.0,1.1044
1961-06-02,36.0,1.0194
1961-06-03,63.0,1.784
1961-06-04,41.0,1.161
1961-06-05,33.0,0.9345
1961-06-06,32.0,0.9061
1961-06-07,67.0,1.8972
1961-06-08,72.0,2.0388
1961-06-09,69.0,1.9539
1961-06-10,64.0,1.8123
1961-06-11,54.0,1.5291
1961-06-12,45.0,1.2743
1961-06-13,34.0,0.9628
1961-06-14,31.0,0.8778
1961-06-15,117.0,3.3131
1961-06-16,59.0,1.6707
1961-06-17,75.0,2.1238
1961-06-18,57.0,1.6141
1961-06-19,52.0,1.4725
1961-06-20,43.0,1.2176
1961-06-21,41.0,1.161
1961-06-22,40.0,1.1327
1961-06-23,40.0,1.1327
1961-06-24,36.0,1.0194
1961-06-25,36.0,1.0194
1961-06-26,37.0,1.0477
1961-06-27,37.0,1.0477
1961-06-28,37.0,1.0477
1961-06-29,37.0,1.0477
1961-06-30,33.0,0.9345
1961-07-01,30.0,0.8495
1961-07-02,31.0,0.8778
1961-07-03,31.0,0.8778
1961-07-04,31.0,0.8778
1961-07-05,35.0,0.9911
1961-07-06,56.0,1.5857
1961-07-07,60.0,1.699
1961-07-08,57.0,1.6141
1961-07-09,54.0,1.5291
1961-07-10,56.0,1.5857
1961-07-11,64.0,1.8123
1961-07-12,57.0,1.6141
1961-07-13,56.0,1.5857
1961-07-14,45.0,1.2743
1961-07-15,40.0,1.1327
1961-07-16,36.0,1.0194
1961-07-17,35.0,0.9911
1961-07-18,32.0,0.9061
1961-07-19,27.0,0.7646
1961-07-20,29.0,0.8212
1961-07-21,28.0,0.7929
1961-07-22,30.0,0.8495
1961-07-23,26.0,0.7362
1961-07-24,27.0,0.7646
1961-07-25,26.0,0.7362
1961-07-26,26.0,0.7362
1961-07-27,25.0,0.7079
1961-07-28,28.0,0.7929
1961-07-29,43.0,1.2176
1961-07-30,42.0,1.1893
1961-07-31,34.0,0.9628
1961-08-01,37.0,1.0477
1961-08-02,42.0,1.1893
1961-08-03,35.0,0.9911
1961-08-04,29.0,0.8212
1961-08-05,26.0,0.7362
1961-08-06,32.0,0.9061
1961-08-07,44.0,1.2459
1961-08-08,41.0,1.161
1961-08-09,36.0,1.0194
1961-08-10,35.0,0.9911
1961-08-11,29.0,0.8212
1961-08-12,28.0,0.7929
1961-08-13,31.0,0.8778
1961-08-14,31.0,0.8778
1961-08-15,31.0,0.8778
1961-08-16,37.0,1.0477
1961-08-17,37.0,1.0477
1961-08-18,31.0,0.8778
1961-08-19,42.0,1.1893
1961-08-20,50.0,1.4158
1961-08-21,41.0,1.161
1961-08-22,38.0,1.076
1961-08-23,39.0,1.1044
1961-08-24,32.0,0.9061
1961-08-25,28.0,0.7929
1961-08-26,34.0,0.9628
1961-08-27,35.0,0.9911
1961-08-28,39.0,1.1044
1961-08-29,45.0,1.2743
1961-08-30,41.0,1.161
1961-08-31,35.0,0.9911
1961-09-01,32.0,0.9061
1961-09-02,28.0,0.7929
1961-09-03,31.0,0.8778
1961-09-04,30.0,0.8495
1961-09-05,34.0,0.9628
1961-09-06,37.0,1.0477
1961-09-07,42.0,1.1893
1961-09-08,45.0,1.2743
1961-09-09,52.0,1.4725
1961-09-10,43.0,1.2176
1961-09-11,44.0,1.2459
1961-09-12,44.0,1.2459
1961-09-13,44.0,1.2459
1961-09-14,43.0,1.2176
1961-09-15,40.0,1.1327
1961-09-16,48.0,1.3592
1961-09-17,69.0,1.9539
1961-09-18,57.0,1.6141
1961-09-19,54.0,1.5291
1961-09-20,45.0,1.2743
1961-09-21,43.0,1.2176
1961-09-22,43.0,1.2176
1961-09-23,42.0,1.1893
1961-09-24,40.0,1.1327
1961-09-25,44.0,1.2459
1961-09-26,46.0,1.3026
1961-09-27,45.0,1.2743
1961-09-28,39.0,1.1044
1961-09-29,37.0,1.0477
1961-09-30,39.0,1.1044
1961-10-01,144.0,4.0776
1961-10-02,124.0,3.5113
1961-10-03,87.0,2.4636
1961-10-04,73.0,2.0671
1961-10-05,69.0,1.9539
1961-10-06,64.0,1.8123
1961-10-07,62.0,1.7556
1961-10-08,75.0,2.1238
1961-10-09,69.0,1.9539
1961-10-10,51.0,1.4442
1961-10-11,45.0,1.2743
1961-10-12,44.0,1.2459
1961-10-13,43.0,1.2176
1961-10-14,41.0,1.161
1961-10-15,44.0,1.2459
1961-10-16,64.0,1.8123
1961-10-17,56.0,1.5857
1961-10-18,63.0,1.784
1961-10-19,67.0,1.8972
1961-10-20,67.0,1.8972
1961-10-21,67.0,1.8972
1961-10-22,67.0,1.8972
1961-10-23,69.0,1.9539
1961-10-24,67.0,1.8972
1961-10-25,66.0,1.8689
1961-10-26,67.0,1.8972
1961-10-27,69.0,1.9539
1961-10-28,70.0,1.9822
1961-10-29,72.0,2.0388
1961-10-30,78.0,2.2087
1961-10-31,76.0,2.1521
1961-11-01,78.0,2.2087
1961-11-02,78.0,2.2087
1961-11-03,78.0,2.2087
1961-11-04,76.0,2.1521
1961-11-05,76.0,2.1521
1961-11-06,73.0,2.0671
1961-11-07,55.0,1.5574
1961-11-08,44.0,1.2459
1961-11-09,42.0,1.1893
1961-11-10,43.0,1.2176
1961-11-11,41.0,1.161
1961-11-12,38.0,1.076
1961-11-13,38.0,1.076
1961-11-14,40.0,1.1327
1961-11-15,40.0,1.1327
1961-11-16,39.0,1.1044
1961-11-17,48.0,1.3592
1961-11-18,64.0,1.8123
1961-11-19,72.0,2.0388
1961-11-20,76.0,2.1521
1961-11-21,76.0,2.1521
1961-11-22,76.0,2.1521
1961-11-23,78.0,2.2087
1961-11-24,73.0,2.0671
1961-11-25,69.0,1.9539
1961-11-26,69.0,1.9539
1961-11-27,73.0,2.0671
1961-11-28,75.0,2.1238
1961-11-29,73.0,2.0671
1961-11-30,73.0,2.0671
1961-12-01,73.0,2.0671
1961-12-02,73.0,2.0671
1961-12-03,75.0,2.1238
1961-12-04,72.0,2.0388
1961-12-05,66.0,1.8689
1961-12-06,64.0,1.8123
1961-12-07,67.0,1.8972
1961-12-08,70.0,1.9822
1961-12-09,72.0,2.0388
1961-12-10,72.0,2.0388
1961-12-11,75.0,2.1238
1961-12-12,73.0,2.0671
1961-12-13,73.0,2.0671
1961-12-14,69.0,1.9539
1961-12-15,72.0,2.0388
1961-12-16,72.0,2.0388
1961-12-17,72.0,2.0388
1961-12-18,72.0,2.0388
1961-12-19,70.0,1.9822
1961-12-20,69.0,1.9539
1961-12-21,66.0,1.8689
1961-12-22,70.0,1.9822
1961-12-23,72.0,2.0388
1961-12-24,70.0,1.9822
1961-12-25,72.0,2.0388
1961-12-26,75.0,2.1238
1961-12-27,75.0,2.1238
1961-12-28,75.0,2.1238
1961-12-29,75.0,2.1238
1961-12-30,75.0,2.1238
1961-12-31,72.0,2.0388
1962-01-01,63.0,1.784
1962-01-02,59.0,1.6707
1962-01-03,63.0,1.784
1962-01-04,67.0,1.8972
1962-01-05,67.0,1.8972
1962-01-06,69.0,1.9539
1962-01-07,66.0,1.8689
1962-01-08,69.0,1.9539
1962-01-09,69.0,1.9539
1962-01-10,69.0,1.9539
1962-01-11,62.0,1.7556
1962-01-12,60.0,1.699
1962-01-13,63.0,1.784
1962-01-14,63.0,1.784
1962-01-15,64.0,1.8123
1962-01-16,64.0,1.8123
1962-01-17,62.0,1.7556
1962-01-18,63.0,1.784
1962-01-19,63.0,1.784
1962-01-20,63.0,1.784
1962-01-21,64.0,1.8123
1962-01-22,64.0,1.8123
1962-01-23,66.0,1.8689
1962-01-24,66.0,1.8689
1962-01-25,69.0,1.9539
1962-01-26,72.0,2.0388
1962-01-27,73.0,2.0671
1962-01-28,70.0,1.9822
1962-01-29,67.0,1.8972
1962-01-30,66.0,1.8689
1962-01-31,64.0,1.8123
1962-02-01,57.0,1.6141
1962-02-02,56.0,1.5857
1962-02-03,66.0,1.8689
1962-02-04,69.0,1.9539
1962-02-05,67.0,1.8972
1962-02-06,67.0,1.8972
1962-02-07,63.0,1.784
1962-02-08,62.0,1.7556
1962-02-09,64.0,1.8123
1962-02-10,63.0,1.784
1962-02-11,60.0,1.699
1962-02-12,62.0,1.7556
1962-02-13,63.0,1.784
1962-02-14,64.0,1.8123
1962-02-15,66.0,1.8689
1962-02-16,66.0,1.8689
1962-02-17,63.0,1.784
1962-02-18,62.0,1.7556
1962-02-19,69.0,1.9539
1962-02-20,62.0,1.7556
1962-02-21,60.0,1.699
1962-02-22,62.0,1.7556
1962-02-23,63.0,1.784
1962-02-24,63.0,1.784
1962-02-25,67.0,1.8972
1962-02-26,64.0,1.8123
1962-02-27,67.0,1.8972
1962-02-28,66.0,1.8689
1962-03-01,62.0,1.7556
1962-03-02,45.0,1.2743
1962-03-03,35.0,0.9911
1962-03-04,31.0,0.8778
1962-03-05,29.0,0.8212
1962-03-06,28.0,0.7929
1962-03-07,27.0,0.7646
1962-03-08,27.0,0.7646
1962-03-09,27.0,0.7646
1962-03-10,26.0,0.7362
1962-03-11,36.0,1.0194
1962-03-12,35.0,0.9911
1962-03-13,31.0,0.8778
1962-03-14,29.0,0.8212
1962-03-15,31.0,0.8778
1962-03-16,30.0,0.8495
1962-03-17,31.0,0.8778
1962-03-18,31.0,0.8778
1962-03-19,33.0,0.9345
1962-03-20,34.0,0.9628
1962-03-21,32.0,0.9061
1962-03-22,30.0,0.8495
1962-03-23,27.0,0.7646
1962-03-24,28.0,0.7929
1962-03-25,25.0,0.7079
1962-03-26,31.0,0.8778
1962-03-27,33.0,0.9345
1962-03-28,34.0,0.9628
1962-03-29,33.0,0.9345
1962-03-30,31.0,0.8778
1962-03-31,31.0,0.8778
1962-04-01,38.0,1.076
1962-04-02,37.0,1.0477
1962-04-03,38.0,1.076
1962-04-04,43.0,1.2176
1962-04-05,39.0,1.1044
1962-04-06,41.0,1.161
1962-04-07,38.0,1.076
1962-04-08,31.0,0.8778
1962-04-09,30.0,0.8495
1962-04-10,29.0,0.8212
1962-04-11,29.0,0.8212
1962-04-12,27.0,0.7646
1962-04-13,26.0,0.7362
1962-04-14,32.0,0.9061
1962-04-15,35.0,0.9911
1962-04-16,33.0,0.9345
1962-04-17,37.0,1.0477
1962-04-18,35.0,0.9911
1962-04-19,32.0,0.9061
1962-04-20,35.0,0.9911
1962-04-21,33.0,0.9345
1962-04-22,31.0,0.8778
1962-04-23,28.0,0.7929
1962-04-24,27.0,0.7646
1962-04-25,23.0,0.6513
1962-04-26,20.0,0.5663
1962-04-27,19.0,0.538
1962-04-28,18.0,0.5097
1962-04-29,18.0,0.5097
1962-04-30,18.0,0.5097
1962-05-01,17.0,0.4814
1962-05-02,17.0,0.4814
1962-05-03,18.0,0.5097
1962-05-04,21.0,0.5947
1962-05-05,25.0,0.7079
1962-05-06,37.0,1.0477
1962-05-07,37.0,1.0477
1962-05-08,32.0,0.9061
1962-05-09,28.0,0.7929
1962-05-10,23.0,0.6513
1962-05-11,21.0,0.5947
1962-05-12,20.0,0.5663
1962-05-13,19.0,0.538
1962-05-14,21.0,0.5947
1962-05-15,22.0,0.623
1962-05-16,20.0,0.5663
1962-05-17,24.0,0.6796
1962-05-18,31.0,0.8778
1962-05-19,25.0,0.7079
1962-05-20,96.0,2.7184
1962-05-21,48.0,1.3592
1962-05-22,52.0,1.4725
1962-05-23,37.0,1.0477
1962-05-24,28.0,0.7929
1962-05-25,25.0,0.7079
1962-05-26,25.0,0.7079
1962-05-27,26.0,0.7362
1962-05-28,26.0,0.7362
1962-05-29,28.0,0.7929
1962-05-30,27.0,0.7646
1962-05-31,25.0,0.7079
1962-06-01,26.0,0.7362
1962-06-02,29.0,0.8212
1962-06-03,35.0,0.9911
1962-06-04,34.0,0.9628
1962-06-05,34.0,0.9628
1962-06-06,36.0,1.0194
1962-06-07,29.0,0.8212
1962-06-08,24.0,0.6796
1962-06-09,25.0,0.7079
1962-06-10,94.0,2.6618
1962-06-11,302.0,8.5517
1962-06-12,262.0,7.419
1962-06-13,92.0,2.6051
1962-06-14,69.0,1.9539
1962-06-15,56.0,1.5857
1962-06-16,51.0,1.4442
1962-06-17,50.0,1.4158
1962-06-18,51.0,1.4442
1962-06-19,55.0,1.5574
1962-06-20,54.0,1.5291
1962-06-21,40.0,1.1327
1962-06-22,30.0,0.8495
1962-06-23,26.0,0.7362
1962-06-24,27.0,0.7646
1962-06-25,25.0,0.7079
1962-06-26,25.0,0.7079
1962-06-27,25.0,0.7079
1962-06-28,23.0,0.6513
1962-06-29,22.0,0.623
1962-06-30,23.0,0.6513
1962-07-01,37.0,1.0477
1962-07-02,33.0,0.9345
1962-07-03,31.0,0.8778
1962-07-04,30.0,0.8495
1962-07-05,35.0,0.9911
1962-07-06,36.0,1.0194
1962-07-07,34.0,0.9628
1962-07-08,37.0,1.0477
1962-07-09,34.0,0.9628
1962-07-10,32.0,0.9061
1962-07-11,31.0,0.8778
1962-07-12,31.0,0.8778
1962-07-13,27.0,0.7646
1962-07-14,28.0,0.7929
1962-07-15,29.0,0.8212
1962-07-16,28.0,0.7929
1962-07-17,29.0,0.8212
1962-07-18,29.0,0.8212
1962-07-19,27.0,0.7646
1962-07-20,26.0,0.7362
1962-07-21,24.0,0.6796
1962-07-22,29.0,0.8212
1962-07-23,27.0,0.7646
1962-07-24,26.0,0.7362
1962-07-25,35.0,0.9911
1962-07-26,207.0,5.8616
1962-07-27,54.0,1.5291
1962-07-28,36.0,1.0194
1962-07-29,92.0,2.6051
1962-07-30,385.0,10.902
1962-07-31,247.0,6.9942
1962-08-01,103.0,2.9166
1962-08-02,137.0,3.8794
1962-08-03,52.0,1.4725
1962-08-04,38.0,1.076
1962-08-05,31.0,0.8778
1962-08-06,35.0,0.9911
1962-08-07,35.0,0.9911
1962-08-08,31.0,0.8778
1962-08-09,29.0,0.8212
1962-08-10,23.0,0.6513
1962-08-11,19.0,0.538
1962-08-12,20.0,0.5663
1962-08-13,26.0,0.7362
1962-08-14,29.0,0.8212
1962-08-15,39.0,1.1044
1962-08-16,44.0,1.2459
1962-08-17,41.0,1.161
1962-08-18,30.0,0.8495
1962-08-19,29.0,0.8212
1962-08-20,31.0,0.8778
1962-08-21,30.0,0.8495
1962-08-22,29.0,0.8212
1962-08-23,29.0,0.8212
1962-08-24,30.0,0.8495
1962-08-25,31.0,0.8778
1962-08-26,30.0,0.8495
1962-08-27,29.0,0.8212
1962-08-28,30.0,0.8495
1962-08-29,26.0,0.7362
1962-08-30,30.0,0.8495
1962-08-31,28.0,0.7929
1962-09-01,27.0,0.7646
1962-09-02,31.0,0.8778
1962-09-03,35.0,0.9911
1962-09-04,37.0,1.0477
1962-09-05,36.0,1.0194
1962-09-06,40.0,1.1327
1962-09-07,41.0,1.161
1962-09-08,40.0,1.1327
1962-09-09,37.0,1.0477
1962-09-10,36.0,1.0194
1962-09-11,33.0,0.9345
1962-09-12,33.0,0.9345
1962-09-13,39.0,1.1044
1962-09-14,31.0,0.8778
1962-09-15,30.0,0.8495
1962-09-16,32.0,0.9061
1962-09-17,31.0,0.8778
1962-09-18,31.0,0.8778
1962-09-19,28.0,0.7929
1962-09-20,31.0,0.8778
1962-09-21,33.0,0.9345
1962-09-22,30.0,0.8495
1962-09-23,29.0,0.8212
1962-09-24,31.0,0.8778
1962-09-25,38.0,1.076
1962-09-26,40.0,1.1327
1962-09-27,40.0,1.1327
1962-09-28,37.0,1.0477
1962-09-29,37.0,1.0477
1962-09-30,35.0,0.9911
1962-10-01,34.0,0.9628
1962-10-02,36.0,1.0194
1962-10-03,32.0,0.9061
1962-10-04,31.0,0.8778
1962-10-05,34.0,0.9628
1962-10-06,34.0,0.9628
1962-10-07,33.0,0.9345
1962-10-08,31.0,0.8778
1962-10-09,30.0,0.8495
1962-10-10,33.0,0.9345
1962-10-11,34.0,0.9628
1962-10-12,33.0,0.9345
1962-10-13,31.0,0.8778
1962-10-14,33.0,0.9345
1962-10-15,33.0,0.9345
1962-10-16,33.0,0.9345
1962-10-17,36.0,1.0194
1962-10-18,46.0,1.3026
1962-10-19,66.0,1.8689
1962-10-20,75.0,2.1238
1962-10-21,73.0,2.0671
1962-10-22,72.0,2.0388
1962-10-23,73.0,2.0671
1962-10-24,72.0,2.0388
1962-10-25,72.0,2.0388
1962-10-26,75.0,2.1238
1962-10-27,85.0,2.4069
1962-10-28,70.0,1.9822
1962-10-29,69.0,1.9539
1962-10-30,62.0,1.7556
1962-10-31,59.0,1.6707
1962-11-01,59.0,1.6707
1962-11-02,55.0,1.5574
1962-11-03,56.0,1.5857
1962-11-04,64.0,1.8123
1962-11-05,66.0,1.8689
1962-11-06,70.0,1.9822
1962-11-07,69.0,1.9539
1962-11-08,67.0,1.8972
1962-11-09,69.0,1.9539
1962-11-10,69.0,1.9539
1962-11-11,67.0,1.8972
1962-11-12,67.0,1.8972
1962-11-13,66.0,1.8689
1962-11-14,67.0,1.8972
1962-11-15,69.0,1.9539
1962-11-16,69.0,1.9539
1962-11-17,70.0,1.9822
1962-11-18,69.0,1.9539
1962-11-19,69.0,1.9539
1962-11-20,69.0,1.9539
1962-11-21,69.0,1.9539
1962-11-22,72.0,2.0388
1962-11-23,70.0,1.9822
1962-11-24,69.0,1.9539
1962-11-25,69.0,1.9539
1962-11-26,70.0,1.9822
1962-11-27,70.0,1.9822
1962-11-28,72.0,2.0388
1962-11-29,72.0,2.0388
1962-11-30,72.0,2.0388
1962-12-01,73.0,2.0671
1962-12-02,75.0,2.1238
1962-12-03,75.0,2.1238
1962-12-04,72.0,2.0388
1962-12-05,72.0,2.0388
1962-12-06,70.0,1.9822
1962-12-07,67.0,1.8972
1962-12-08,64.0,1.8123
1962-12-09,69.0,1.9539
1962-12-10,69.0,1.9539
1962-12-11,69.0,1.9539
1962-12-12,67.0,1.8972
1962-12-13,67.0,1.8972
1962-12-14,67.0,1.8972
1962-12-15,67.0,1.8972
1962-12-16,69.0,1.9539
1962-12-17,70.0,1.9822
1962-12-18,70.0,1.9822
1962-12-19,72.0,2.0388
1962-12-20,73.0,2.0671
1962-12-21,70.0,1.9822
1962-12-22,70.0,1.9822
1962-12-23,66.0,1.8689
1962-12-24,67.0,1.8972
1962-12-25,70.0,1.9822
1962-12-26,70.0,1.9822
1962-12-27,72.0,2.0388
1962-12-28,72.0,2.0388
1962-12-29,72.0,2.0388
1962-12-30,73.0,2.0671
1962-12-31,72.0,2.0388
1963-01-01,72.0,2.0388
1963-01-02,72.0,2.0388
1963-01-03,72.0,2.0388
1963-01-04,72.0,2.0388
1963-01-05,72.0,2.0388
1963-01-06,73.0,2.0671
1963-01-07,76.0,2.1521
1963-01-08,75.0,2.1238
1963-01-09,72.0,2.0388
1963-01-10,67.0,1.8972
1963-01-11,76.0,2.1521
1963-01-12,75.0,2.1238
1963-01-13,66.0,1.8689
1963-01-14,70.0,1.9822
1963-01-15,72.0,2.0388
1963-01-16,72.0,2.0388
1963-01-17,72.0,2.0388
1963-01-18,70.0,1.9822
1963-01-19,70.0,1.9822
1963-01-20,60.0,1.699
1963-01-21,60.0,1.699
1963-01-22,66.0,1.8689
1963-01-23,69.0,1.9539
1963-01-24,67.0,1.8972
1963-01-25,67.0,1.8972
1963-01-26,67.0,1.8972
1963-01-27,67.0,1.8972
1963-01-28,66.0,1.8689
1963-01-29,63.0,1.784
1963-01-30,49.0,1.3875
1963-01-31,38.0,1.076
1963-02-01,34.0,0.9628
1963-02-02,33.0,0.9345
1963-02-03,31.0,0.8778
1963-02-04,31.0,0.8778
1963-02-05,31.0,0.8778
1963-02-06,30.0,0.8495
1963-02-07,29.0,0.8212
1963-02-08,29.0,0.8212
1963-02-09,29.0,0.8212
1963-02-10,29.0,0.8212
1963-02-11,31.0,0.8778
1963-02-12,31.0,0.8778
1963-02-13,30.0,0.8495
1963-02-14,30.0,0.8495
1963-02-15,34.0,0.9628
1963-02-16,38.0,1.076
1963-02-17,38.0,1.076
1963-02-18,38.0,1.076
1963-02-19,38.0,1.076
1963-02-20,37.0,1.0477
1963-02-21,42.0,1.1893
1963-02-22,64.0,1.8123
1963-02-23,63.0,1.784
1963-02-24,63.0,1.784
1963-02-25,66.0,1.8689
1963-02-26,66.0,1.8689
1963-02-27,64.0,1.8123
1963-02-28,64.0,1.8123
1963-03-01,44.0,1.2459
1963-03-02,31.0,0.8778
1963-03-03,25.0,0.7079
1963-03-04,25.0,0.7079
1963-03-05,21.0,0.5947
1963-03-06,25.0,0.7079
1963-03-07,26.0,0.7362
1963-03-08,25.0,0.7079
1963-03-09,25.0,0.7079
1963-03-10,23.0,0.6513
1963-03-11,25.0,0.7079
1963-03-12,25.0,0.7079
1963-03-13,28.0,0.7929
1963-03-14,28.0,0.7929
1963-03-15,29.0,0.8212
1963-03-16,31.0,0.8778
1963-03-17,34.0,0.9628
1963-03-18,33.0,0.9345
1963-03-19,33.0,0.9345
1963-03-20,32.0,0.9061
1963-03-21,31.0,0.8778
1963-03-22,29.0,0.8212
1963-03-23,28.0,0.7929
1963-03-24,25.0,0.7079
1963-03-25,26.0,0.7362
1963-03-26,24.0,0.6796
1963-03-27,25.0,0.7079
1963-03-28,25.0,0.7079
1963-03-29,22.0,0.623
1963-03-30,18.0,0.5097
1963-03-31,18.0,0.5097
1963-04-01,19.0,0.538
1963-04-02,265.0,7.504
1963-04-03,128.0,3.6246
1963-04-04,64.0,1.8123
1963-04-05,49.0,1.3875
1963-04-06,37.0,1.0477
1963-04-07,33.0,0.9345
1963-04-08,27.0,0.7646
1963-04-09,25.0,0.7079
1963-04-10,27.0,0.7646
1963-04-11,30.0,0.8495
1963-04-12,31.0,0.8778
1963-04-13,31.0,0.8778
1963-04-14,26.0,0.7362
1963-04-15,22.0,0.623
1963-04-16,22.0,0.623
1963-04-17,20.0,0.5663
1963-04-18,22.0,0.623
1963-04-19,24.0,0.6796
1963-04-20,20.0,0.5663
1963-04-21,21.0,0.5947
1963-04-22,22.0,0.623
1963-04-23,31.0,0.8778
1963-04-24,28.0,0.7929
1963-04-25,26.0,0.7362
1963-04-26,25.0,0.7079
1963-04-27,25.0,0.7079
1963-04-28,29.0,0.8212
1963-04-29,34.0,0.9628
1963-04-30,30.0,0.8495
1963-05-01,30.0,0.8495
1963-05-02,50.0,1.4158
1963-05-03,44.0,1.2459
1963-05-04,35.0,0.9911
1963-05-05,29.0,0.8212
1963-05-06,25.0,0.7079
1963-05-07,23.0,0.6513
1963-05-08,23.0,0.6513
1963-05-09,22.0,0.623
1963-05-10,18.0,0.5097
1963-05-11,16.0,0.4531
1963-05-12,16.0,0.4531
1963-05-13,19.0,0.538
1963-05-14,21.0,0.5947
1963-05-15,22.0,0.623
1963-05-16,22.0,0.623
1963-05-17,50.0,1.4158
1963-05-18,33.0,0.9345
1963-05-19,29.0,0.8212
1963-05-20,29.0,0.8212
1963-05-21,24.0,0.6796
1963-05-22,56.0,1.5857
1963-05-23,25.0,0.7079
1963-05-24,26.0,0.7362
1963-05-25,30.0,0.8495
1963-05-26,27.0,0.7646
1963-05-27,24.0,0.6796
1963-05-28,21.0,0.5947
1963-05-29,39.0,1.1044
1963-05-30,54.0,1.5291
1963-05-31,37.0,1.0477
1963-06-01,30.0,0.8495
1963-06-02,24.0,0.6796
1963-06-03,30.0,0.8495
1963-06-04,40.0,1.1327
1963-06-05,41.0,1.161
1963-06-06,38.0,1.076
1963-06-07,39.0,1.1044
1963-06-08,38.0,1.076
1963-06-09,38.0,1.076
1963-06-10,30.0,0.8495
1963-06-11,22.0,0.623
1963-06-12,18.0,0.5097
1963-06-13,14.0,0.3964
1963-06-14,15.0,0.4248
1963-06-15,18.0,0.5097
1963-06-16,54.0,1.5291
1963-06-17,33.0,0.9345
1963-06-18,25.0,0.7079
1963-06-19,22.0,0.623
1963-06-20,19.0,0.538
1963-06-21,17.0,0.4814
1963-06-22,15.0,0.4248
1963-06-23,13.0,0.3681
1963-06-24,10.0,0.2832
1963-06-25,7.0,0.1982
1963-06-26,7.0,0.1982
1963-06-27,14.0,0.3964
1963-06-28,13.0,0.3681
1963-06-29,17.0,0.4814
1963-06-30,19.0,0.538
1963-07-01,21.0,0.5947
1963-07-02,19.0,0.538
1963-07-03,18.0,0.5097
1963-07-04,18.0,0.5097
1963-07-05,18.0,0.5097
1963-07-06,22.0,0.623
1963-07-07,34.0,0.9628
1963-07-08,39.0,1.1044
1963-07-09,41.0,1.161
1963-07-10,25.0,0.7079
1963-07-11,22.0,0.623
1963-07-12,20.0,0.5663
1963-07-13,18.0,0.5097
1963-07-14,17.0,0.4814
1963-07-15,20.0,0.5663
1963-07-16,15.0,0.4248
1963-07-17,14.0,0.3964
1963-07-18,10.0,0.2832
1963-07-19,10.0,0.2832
1963-07-20,12.0,0.3398
1963-07-21,13.0,0.3681
1963-07-22,14.0,0.3964
1963-07-23,14.0,0.3964
1963-07-24,14.0,0.3964
1963-07-25,15.0,0.4248
1963-07-26,18.0,0.5097
1963-07-27,17.0,0.4814
1963-07-28,18.0,0.5097
1963-07-29,16.0,0.4531
1963-07-30,14.0,0.3964
1963-07-31,14.0,0.3964
1963-08-01,22.0,0.623
1963-08-02,28.0,0.7929
1963-08-03,47.0,1.3309
1963-08-04,21.0,0.5947
1963-08-05,18.0,0.5097
1963-08-06,18.0,0.5097
1963-08-07,20.0,0.5663
1963-08-08,20.0,0.5663
1963-08-09,15.0,0.4248
1963-08-10,13.0,0.3681
1963-08-11,14.0,0.3964
1963-08-12,20.0,0.5663
1963-08-13,20.0,0.5663
1963-08-14,19.0,0.538
1963-08-15,574.0,16.2538
1963-08-16,391.0,11.0719
1963-08-17,128.0,3.6246
1963-08-18,70.0,1.9822
1963-08-19,47.0,1.3309
1963-08-20,34.0,0.9628
1963-08-21,27.0,0.7646
1963-08-22,24.0,0.6796
1963-08-23,22.0,0.623
1963-08-24,21.0,0.5947
1963-08-25,20.0,0.5663
1963-08-26,19.0,0.538
1963-08-27,15.0,0.4248
1963-08-28,16.0,0.4531
1963-08-29,15.0,0.4248
1963-08-30,112.0,3.1715
1963-08-31,683.0,19.3404
1963-09-01,1080.0,30.5821
1963-09-02,254.0,7.1925
1963-09-03,98.0,2.775
1963-09-04,58.0,1.6424
1963-09-05,38.0,1.076
1963-09-06,29.0,0.8212
1963-09-07,27.0,0.7646
1963-09-08,78.0,2.2087
1963-09-09,41.0,1.161
1963-09-10,31.0,0.8778
1963-09-11,27.0,0.7646
1963-09-12,23.0,0.6513
1963-09-13,21.0,0.5947
1963-09-14,21.0,0.5947
1963-09-15,50.0,1.4158
1963-09-16,28.0,0.7929
1963-09-17,23.0,0.6513
1963-09-18,26.0,0.7362
1963-09-19,23.0,0.6513
1963-09-20,22.0,0.623
1963-09-21,21.0,0.5947
1963-09-22,21.0,0.5947
1963-09-23,35.0,0.9911
1963-09-24,50.0,1.4158
1963-09-25,49.0,1.3875
1963-09-26,59.0,1.6707
1963-09-27,58.0,1.6424
1963-09-28,50.0,1.4158
1963-09-29,49.0,1.3875
1963-09-30,64.0,1.8123
1963-10-01,67.0,1.8972
1963-10-02,47.0,1.3309
1963-10-03,34.0,0.9628
1963-10-04,29.0,0.8212
1963-10-05,29.0,0.8212
1963-10-06,30.0,0.8495
1963-10-07,31.0,0.8778
1963-10-08,30.0,0.8495
1963-10-09,29.0,0.8212
1963-10-10,28.0,0.7929
1963-10-11,27.0,0.7646
1963-10-12,28.0,0.7929
1963-10-13,28.0,0.7929
1963-10-14,28.0,0.7929
1963-10-15,27.0,0.7646
1963-10-16,28.0,0.7929
1963-10-17,29.0,0.8212
1963-10-18,29.0,0.8212
1963-10-19,27.0,0.7646
1963-10-20,26.0,0.7362
1963-10-21,26.0,0.7362
1963-10-22,26.0,0.7362
1963-10-23,27.0,0.7646
1963-10-24,25.0,0.7079
1963-10-25,25.0,0.7079
1963-10-26,24.0,0.6796
1963-10-27,26.0,0.7362
1963-10-28,27.0,0.7646
1963-10-29,27.0,0.7646
1963-10-30,27.0,0.7646
1963-10-31,26.0,0.7362
1963-11-01,25.0,0.7079
1963-11-02,33.0,0.9345
1963-11-03,39.0,1.1044
1963-11-04,39.0,1.1044
1963-11-05,39.0,1.1044
1963-11-06,41.0,1.161
1963-11-07,39.0,1.1044
1963-11-08,38.0,1.076
1963-11-09,40.0,1.1327
1963-11-10,43.0,1.2176
1963-11-11,45.0,1.2743
1963-11-12,43.0,1.2176
1963-11-13,39.0,1.1044
1963-11-14,36.0,1.0194
1963-11-15,34.0,0.9628
1963-11-16,33.0,0.9345
1963-11-17,34.0,0.9628
1963-11-18,33.0,0.9345
1963-11-19,35.0,0.9911
1963-11-20,35.0,0.9911
1963-11-21,35.0,0.9911
1963-11-22,36.0,1.0194
1963-11-23,37.0,1.0477
1963-11-24,40.0,1.1327
1963-11-25,35.0,0.9911
1963-11-26,32.0,0.9061
1963-11-27,33.0,0.9345
1963-11-28,35.0,0.9911
1963-11-29,36.0,1.0194
1963-11-30,36.0,1.0194
1963-12-01,35.0,0.9911
1963-12-02,35.0,0.9911
1963-12-03,36.0,1.0194
1963-12-04,43.0,1.2176
1963-12-05,45.0,1.2743
1963-12-06,51.0,1.4442
1963-12-07,50.0,1.4158
1963-12-08,50.0,1.4158
1963-12-09,50.0,1.4158
1963-12-10,45.0,1.2743
1963-12-11,44.0,1.2459
1963-12-12,54.0,1.5291
1963-12-13,58.0,1.6424
1963-12-14,58.0,1.6424
1963-12-15,58.0,1.6424
1963-12-16,55.0,1.5574
1963-12-17,51.0,1.4442
1963-12-18,52.0,1.4725
1963-12-19,51.0,1.4442
1963-12-20,54.0,1.5291
1963-12-21,57.0,1.6141
1963-12-22,57.0,1.6141
1963-12-23,52.0,1.4725
1963-12-24,52.0,1.4725
1963-12-25,52.0,1.4725
1963-12-26,55.0,1.5574
1963-12-27,54.0,1.5291
1963-12-28,51.0,1.4442
1963-12-29,54.0,1.5291
1963-12-30,54.0,1.5291
1963-12-31,54.0,1.5291
1964-01-01,55.0,1.5574
1964-01-02,61.0,1.7273
1964-01-03,61.0,1.7273
1964-01-04,50.0,1.4158
1964-01-05,51.0,1.4442
1964-01-06,57.0,1.6141
1964-01-07,52.0,1.4725
1964-01-08,49.0,1.3875
1964-01-09,55.0,1.5574
1964-01-10,52.0,1.4725
1964-01-11,54.0,1.5291
1964-01-12,54.0,1.5291
1964-01-13,55.0,1.5574
1964-01-14,55.0,1.5574
1964-01-15,55.0,1.5574
1964-01-16,55.0,1.5574
1964-01-17,55.0,1.5574
1964-01-18,55.0,1.5574
1964-01-19,55.0,1.5574
1964-01-20,55.0,1.5574
1964-01-21,55.0,1.5574
1964-01-22,39.0,1.1044
1964-01-23,27.0,0.7646
1964-01-24,25.0,0.7079
1964-01-25,23.0,0.6513
1964-01-26,26.0,0.7362
1964-01-27,26.0,0.7362
1964-01-28,23.0,0.6513
1964-01-29,22.0,0.623
1964-01-30,23.0,0.6513
1964-01-31,21.0,0.5947
1964-02-01,20.0,0.5663
1964-02-02,21.0,0.5947
1964-02-03,21.0,0.5947
1964-02-04,21.0,0.5947
1964-02-05,21.0,0.5947
1964-02-06,21.0,0.5947
1964-02-07,22.0,0.623
1964-02-08,26.0,0.7362
1964-02-09,26.0,0.7362
1964-02-10,26.0,0.7362
1964-02-11,26.0,0.7362
1964-02-12,29.0,0.8212
1964-02-13,29.0,0.8212
1964-02-14,28.0,0.7929
1964-02-15,33.0,0.9345
1964-02-16,44.0,1.2459
1964-02-17,46.0,1.3026
1964-02-18,46.0,1.3026
1964-02-19,46.0,1.3026
1964-02-20,46.0,1.3026
1964-02-21,40.0,1.1327
1964-02-22,37.0,1.0477
1964-02-23,43.0,1.2176
1964-02-24,44.0,1.2459
1964-02-25,37.0,1.0477
1964-02-26,36.0,1.0194
1964-02-27,38.0,1.076
1964-02-28,36.0,1.0194
1964-02-29,30.0,0.8495
1964-03-01,27.0,0.7646
1964-03-02,27.0,0.7646
1964-03-03,27.0,0.7646
1964-03-04,26.0,0.7362
1964-03-05,24.0,0.6796
1964-03-06,23.0,0.6513
1964-03-07,19.0,0.538
1964-03-08,20.0,0.5663
1964-03-09,23.0,0.6513
1964-03-10,22.0,0.623
1964-03-11,21.0,0.5947
1964-03-12,21.0,0.5947
1964-03-13,27.0,0.7646
1964-03-14,28.0,0.7929
1964-03-15,28.0,0.7929
1964-03-16,29.0,0.8212
1964-03-17,24.0,0.6796
1964-03-18,25.0,0.7079
1964-03-19,25.0,0.7079
1964-03-20,23.0,0.6513
1964-03-21,20.0,0.5663
1964-03-22,20.0,0.5663
1964-03-23,20.0,0.5663
1964-03-24,20.0,0.5663
1964-03-25,20.0,0.5663
1964-03-26,18.0,0.5097
1964-03-27,18.0,0.5097
1964-03-28,18.0,0.5097
1964-03-29,18.0,0.5097
1964-03-30,18.0,0.5097
1964-03-31,18.0,0.5097
1964-04-01,18.0,0.5097
1964-04-02,18.0,0.5097
1964-04-03,18.0,0.5097
1964-04-04,17.0,0.4814
1964-04-05,20.0,0.5663
1964-04-06,20.0,0.5663
1964-04-07,19.0,0.538
1964-04-08,18.0,0.5097
1964-04-09,17.0,0.4814
1964-04-10,13.0,0.3681
1964-04-11,15.0,0.4248
1964-04-12,14.0,0.3964
1964-04-13,13.0,0.3681
1964-04-14,13.0,0.3681
1964-04-15,13.0,0.3681
1964-04-16,12.0,0.3398
1964-04-17,12.0,0.3398
1964-04-18,12.0,0.3398
1964-04-19,11.0,0.3115
1964-04-20,12.0,0.3398
1964-04-21,12.0,0.3398
1964-04-22,15.0,0.4248
1964-04-23,15.0,0.4248
1964-04-24,16.0,0.4531
1964-04-25,18.0,0.5097
1964-04-26,18.0,0.5097
1964-04-27,17.0,0.4814
1964-04-28,16.0,0.4531
1964-04-29,15.0,0.4248
1964-04-30,15.0,0.4248
1964-05-01,13.0,0.3681
1964-05-02,12.0,0.3398
1964-05-03,13.0,0.3681
1964-05-04,11.0,0.3115
1964-05-05,15.0,0.4248
1964-05-06,11.0,0.3115
1964-05-07,7.1,0.201
1964-05-08,7.6,0.2152
1964-05-09,8.0,0.2265
1964-05-10,9.8,0.2775
1964-05-11,9.2,0.2605
1964-05-12,8.6,0.2435
1964-05-13,10.0,0.2832
1964-05-14,9.8,0.2775
1964-05-15,17.0,0.4814
1964-05-16,13.0,0.3681
1964-05-17,17.0,0.4814
1964-05-18,16.0,0.4531
1964-05-19,15.0,0.4248
1964-05-20,14.0,0.3964
1964-05-21,13.0,0.3681
1964-05-22,13.0,0.3681
1964-05-23,13.0,0.3681
1964-05-24,13.0,0.3681
1964-05-25,12.0,0.3398
1964-05-26,12.0,0.3398
1964-05-27,12.0,0.3398
1964-05-28,8.6,0.2435
1964-05-29,5.8,0.1642
1964-05-30,6.2,0.1756
1964-05-31,6.2,0.1756
1964-06-01,9.2,0.2605
1964-06-02,8.6,0.2435
1964-06-03,8.6,0.2435
1964-06-04,9.2,0.2605
1964-06-05,13.0,0.3681
1964-06-06,12.0,0.3398
1964-06-07,10.0,0.2832
1964-06-08,7.6,0.2152
1964-06-09,7.6,0.2152
1964-06-10,8.0,0.2265
1964-06-11,69.0,1.9539
1964-06-12,21.0,0.5947
1964-06-13,31.0,0.8778
1964-06-14,88.0,2.4919
1964-06-15,186.0,5.2669
1964-06-16,42.0,1.1893
1964-06-17,20.0,0.5663
1964-06-18,13.0,0.3681
1964-06-19,8.0,0.2265
1964-06-20,6.6,0.1869
1964-06-21,6.2,0.1756
1964-06-22,6.2,0.1756
1964-06-23,6.6,0.1869
1964-06-24,37.0,1.0477
1964-06-25,7.6,0.2152
1964-06-26,9.8,0.2775
1964-06-27,10.0,0.2832
1964-06-28,10.0,0.2832
1964-06-29,10.0,0.2832
1964-06-30,10.0,0.2832
1964-07-01,9.8,0.2775
1964-07-02,8.6,0.2435
1964-07-03,8.0,0.2265
1964-07-04,8.0,0.2265
1964-07-05,7.6,0.2152
1964-07-06,5.8,0.1642
1964-07-07,6.2,0.1756
1964-07-08,5.3,0.1501
1964-07-09,4.8,0.1359
1964-07-10,4.0,0.1133
1964-07-11,3.3,0.0934
1964-07-12,44.0,1.2459
1964-07-13,8.0,0.2265
1964-07-14,5.3,0.1501
1964-07-15,4.4,0.1246
1964-07-16,3.5,0.0991
1964-07-17,2.9,0.0821
1964-07-18,1.8,0.051
1964-07-19,1.8,0.051
1964-07-20,1.8,0.051
1964-07-21,1.8,0.051
1964-07-22,1.8,0.051
1964-07-23,1.6,0.0453
1964-07-24,3.3,0.0934
1964-07-25,4.4,0.1246
1964-07-26,5.0,0.1416
1964-07-27,4.5,0.1274
1964-07-28,5.8,0.1642
1964-07-29,6.6,0.1869
1964-07-30,5.8,0.1642
1964-07-31,3.5,0.0991
1964-08-01,3.3,0.0934
1964-08-02,3.5,0.0991
1964-08-03,3.3,0.0934
1964-08-04,3.1,0.0878
1964-08-05,2.7,0.0765
1964-08-06,2.4,0.068
1964-08-07,2.4,0.068
1964-08-08,5.3,0.1501
1964-08-09,4.8,0.1359
1964-08-10,4.4,0.1246
1964-08-11,4.4,0.1246
1964-08-12,4.4,0.1246
1964-08-13,4.4,0.1246
1964-08-14,4.4,0.1246
1964-08-15,9.2,0.2605
1964-08-16,4.4,0.1246
1964-08-17,4.0,0.1133
1964-08-18,3.5,0.0991
1964-08-19,35.0,0.9911
1964-08-20,6.2,0.1756
1964-08-21,6.6,0.1869
1964-08-22,5.8,0.1642
1964-08-23,4.4,0.1246
1964-08-24,4.0,0.1133
1964-08-25,3.5,0.0991
1964-08-26,3.1,0.0878
1964-08-27,3.1,0.0878
1964-08-28,3.1,0.0878
1964-08-29,3.1,0.0878
1964-08-30,2.9,0.0821
1964-08-31,2.9,0.0821
1964-09-01,3.3,0.0934
1964-09-02,3.1,0.0878
1964-09-03,2.7,0.0765
1964-09-04,2.2,0.0623
1964-09-05,2.0,0.0566
1964-09-06,2.4,0.068
1964-09-07,2.7,0.0765
1964-09-08,2.9,0.0821
1964-09-09,3.3,0.0934
1964-09-10,2.9,0.0821
1964-09-11,2.7,0.0765
1964-09-12,4.5,0.1274
1964-09-13,4.0,0.1133
1964-09-14,406.0,11.4966
1964-09-15,297.0,8.4101
1964-09-16,83.0,2.3503
1964-09-17,29.0,0.8212
1964-09-18,17.0,0.4814
1964-09-19,13.0,0.3681
1964-09-20,186.0,5.2669
1964-09-21,44.0,1.2459
1964-09-22,19.0,0.538
1964-09-23,10.0,0.2832
1964-09-24,15.0,0.4248
1964-09-25,16.0,0.4531
1964-09-26,16.0,0.4531
1964-09-27,15.0,0.4248
1964-09-28,13.0,0.3681
1964-09-29,18.0,0.5097
1964-09-30,17.0,0.4814
1964-10-01,13.0,0.3681
1964-10-02,12.0,0.3398
1964-10-03,12.0,0.3398
1964-10-04,11.0,0.3115
1964-10-05,10.0,0.2832
1964-10-06,9.8,0.2775
1964-10-07,9.2,0.2605
1964-10-08,8.6,0.2435
1964-10-09,8.0,0.2265
1964-10-10,7.6,0.2152
1964-10-11,7.6,0.2152
1964-10-12,7.1,0.201
1964-10-13,7.1,0.201
1964-10-14,6.6,0.1869
1964-10-15,7.6,0.2152
1964-10-16,9.8,0.2775
1964-10-17,10.0,0.2832
1964-10-18,10.0,0.2832
1964-10-19,12.0,0.3398
1964-10-20,10.0,0.2832
1964-10-21,10.0,0.2832
1964-10-22,10.0,0.2832
1964-10-23,11.0,0.3115
1964-10-24,11.0,0.3115
1964-10-25,11.0,0.3115
1964-10-26,12.0,0.3398
1964-10-27,12.0,0.3398
1964-10-28,11.0,0.3115
1964-10-29,11.0,0.3115
1964-10-30,11.0,0.3115
1964-10-31,11.0,0.3115
1964-11-01,10.0,0.2832
1964-11-02,10.0,0.2832
1964-11-03,9.8,0.2775
1964-11-04,9.8,0.2775
1964-11-05,9.8,0.2775
1964-11-06,9.2,0.2605
1964-11-07,9.2,0.2605
1964-11-08,9.2,0.2605
1964-11-09,8.6,0.2435
1964-11-10,8.6,0.2435
1964-11-11,8.6,0.2435
1964-11-12,8.5,0.2407
1964-11-13,8.0,0.2265
1964-11-14,8.0,0.2265
1964-11-15,8.0,0.2265
1964-11-16,8.0,0.2265
1964-11-17,8.0,0.2265
1964-11-18,8.0,0.2265
1964-11-19,8.5,0.2407
1964-11-20,8.5,0.2407
1964-11-21,8.5,0.2407
1964-11-22,8.5,0.2407
1964-11-23,8.5,0.2407
1964-11-24,8.5,0.2407
1964-11-25,8.5,0.2407
1964-11-26,8.5,0.2407
1964-11-27,9.5,0.269
1964-11-28,10.0,0.2832
1964-11-29,10.0,0.2832
1964-11-30,10.0,0.2832
1964-12-01,10.0,0.2832
1964-12-02,11.0,0.3115
1964-12-03,12.0,0.3398
1964-12-04,12.0,0.3398
1964-12-05,12.0,0.3398
1964-12-06,13.0,0.3681
1964-12-07,13.0,0.3681
1964-12-08,13.0,0.3681
1964-12-09,13.0,0.3681
1964-12-10,13.0,0.3681
1964-12-11,13.0,0.3681
1964-12-12,13.0,0.3681
1964-12-13,13.0,0.3681
1964-12-14,12.0,0.3398
1964-12-15,12.0,0.3398
1964-12-16,13.0,0.3681
1964-12-17,13.0,0.3681
1964-12-18,13.0,0.3681
1964-12-19,14.0,0.3964
1964-12-20,15.0,0.4248
1964-12-21,14.0,0.3964
1964-12-22,13.0,0.3681
1964-12-23,13.0,0.3681
1964-12-24,13.0,0.3681
1964-12-25,14.0,0.3964
1964-12-26,24.0,0.6796
1964-12-27,18.0,0.5097
1964-12-28,15.0,0.4248
1964-12-29,14.0,0.3964
1964-12-30,15.0,0.4248
1964-12-31,14.0,0.3964
1965-01-01,13.0,0.3681
1965-01-02,13.0,0.3681
1965-01-03,12.0,0.3398
1965-01-04,12.0,0.3398
1965-01-05,12.0,0.3398
1965-01-06,12.0,0.3398
1965-01-07,12.0,0.3398
1965-01-08,13.0,0.3681
1965-01-09,13.0,0.3681
1965-01-10,12.0,0.3398
1965-01-11,12.0,0.3398
1965-01-12,12.0,0.3398
1965-01-13,9.8,0.2775
1965-01-14,8.6,0.2435
1965-01-15,8.0,0.2265
1965-01-16,6.6,0.1869
1965-01-17,6.2,0.1756
1965-01-18,10.0,0.2832
1965-01-19,10.0,0.2832
1965-01-20,8.6,0.2435
1965-01-21,7.1,0.201
1965-01-22,8.0,0.2265
1965-01-23,13.0,0.3681
1965-01-24,12.0,0.3398
1965-01-25,9.8,0.2775
1965-01-26,13.0,0.3681
1965-01-27,9.2,0.2605
1965-01-28,10.0,0.2832
1965-01-29,11.0,0.3115
1965-01-30,12.0,0.3398
1965-01-31,11.0,0.3115
1965-02-01,12.0,0.3398
1965-02-02,12.0,0.3398
1965-02-03,12.0,0.3398
1965-02-04,12.0,0.3398
1965-02-05,13.0,0.3681
1965-02-06,12.0,0.3398
1965-02-07,14.0,0.3964
1965-02-08,15.0,0.4248
1965-02-09,16.0,0.4531
1965-02-10,15.0,0.4248
1965-02-11,14.0,0.3964
1965-02-12,14.0,0.3964
1965-02-13,13.0,0.3681
1965-02-14,14.0,0.3964
1965-02-15,16.0,0.4531
1965-02-16,16.0,0.4531
1965-02-17,15.0,0.4248
1965-02-18,14.0,0.3964
1965-02-19,14.0,0.3964
1965-02-20,13.0,0.3681
1965-02-21,14.0,0.3964
1965-02-22,14.0,0.3964
1965-02-23,13.0,0.3681
1965-02-24,14.0,0.3964
1965-02-25,13.0,0.3681
1965-02-26,13.0,0.3681
1965-02-27,13.0,0.3681
1965-02-28,13.0,0.3681
1965-03-01,18.0,0.5097
1965-03-02,17.0,0.4814
1965-03-03,16.0,0.4531
1965-03-04,15.0,0.4248
1965-03-05,15.0,0.4248
1965-03-06,15.0,0.4248
1965-03-07,14.0,0.3964
1965-03-08,13.0,0.3681
1965-03-09,13.0,0.3681
1965-03-10,13.0,0.3681
1965-03-11,8.0,0.2265
1965-03-12,6.6,0.1869
1965-03-13,8.6,0.2435
1965-03-14,9.8,0.2775
1965-03-15,11.0,0.3115
1965-03-16,11.0,0.3115
1965-03-17,13.0,0.3681
1965-03-18,12.0,0.3398
1965-03-19,18.0,0.5097
1965-03-20,12.0,0.3398
1965-03-21,10.0,0.2832
1965-03-22,10.0,0.2832
1965-03-23,12.0,0.3398
1965-03-24,12.0,0.3398
1965-03-25,11.0,0.3115
1965-03-26,11.0,0.3115
1965-03-27,10.0,0.2832
1965-03-28,11.0,0.3115
1965-03-29,11.0,0.3115
1965-03-30,10.0,0.2832
1965-03-31,10.0,0.2832
1965-04-01,10.0,0.2832
1965-04-02,11.0,0.3115
1965-04-03,12.0,0.3398
1965-04-04,10.0,0.2832
1965-04-05,9.8,0.2775
1965-04-06,7.6,0.2152
1965-04-07,5.8,0.1642
1965-04-08,5.8,0.1642
1965-04-09,5.8,0.1642
1965-04-10,5.8,0.1642
1965-04-11,6.6,0.1869
1965-04-12,6.2,0.1756
1965-04-13,4.4,0.1246
1965-04-14,3.5,0.0991
1965-04-15,4.8,0.1359
1965-04-16,4.4,0.1246
1965-04-17,3.1,0.0878
1965-04-18,3.3,0.0934
1965-04-19,3.5,0.0991
1965-04-20,5.8,0.1642
1965-04-21,8.6,0.2435
1965-04-22,6.2,0.1756
1965-04-23,5.8,0.1642
1965-04-24,7.1,0.201
1965-04-25,8.0,0.2265
1965-04-26,9.2,0.2605
1965-04-27,12.0,0.3398
1965-04-28,10.0,0.2832
1965-04-29,9.2,0.2605
1965-04-30,9.2,0.2605
1965-05-01,9.2,0.2605
1965-05-02,6.2,0.1756
1965-05-03,4.0,0.1133
1965-05-04,3.5,0.0991
1965-05-05,4.4,0.1246
1965-05-06,4.4,0.1246
1965-05-07,2.9,0.0821
1965-05-08,2.2,0.0623
1965-05-09,2.0,0.0566
1965-05-10,3.1,0.0878
1965-05-11,4.0,0.1133
1965-05-12,3.1,0.0878
1965-05-13,2.9,0.0821
1965-05-14,2.0,0.0566
1965-05-15,4.4,0.1246
1965-05-16,7.1,0.201
1965-05-17,8.6,0.2435
1965-05-18,8.6,0.2435
1965-05-19,8.6,0.2435
1965-05-20,8.6,0.2435
1965-05-21,8.0,0.2265
1965-05-22,8.0,0.2265
1965-05-23,7.1,0.201
1965-05-24,5.3,0.1501
1965-05-25,6.2,0.1756
1965-05-26,4.8,0.1359
1965-05-27,3.3,0.0934
1965-05-28,3.1,0.0878
1965-05-29,2.7,0.0765
1965-05-30,2120.0,60.0316
1965-05-31,7060.0,199.9166
1965-06-01,3040.0,86.0831
1965-06-02,196.0,5.5501
1965-06-03,100.0,2.8317
1965-06-04,61.0,1.7273
1965-06-05,41.0,1.161
1965-06-06,33.0,0.9345
1965-06-07,28.0,0.7929
1965-06-08,25.0,0.7079
1965-06-09,22.0,0.623
1965-06-10,50.0,1.4158
1965-06-11,70.0,1.9822
1965-06-12,55.0,1.5574
1965-06-13,40.0,1.1327
1965-06-14,30.0,0.8495
1965-06-15,25.0,0.7079
1965-06-16,20.0,0.5663
1965-06-17,18.0,0.5097
1965-06-18,17.0,0.4814
1965-06-19,16.0,0.4531
1965-06-20,15.0,0.4248
1965-06-21,14.0,0.3964
1965-06-22,12.0,0.3398
1965-06-23,11.0,0.3115
1965-06-24,11.0,0.3115
1965-06-25,191.0,5.4085
1965-06-26,130.0,3.6812
1965-06-27,50.0,1.4158
1965-06-28,35.0,0.9911
1965-06-29,23.0,0.6513
1965-06-30,15.0,0.4248
1965-07-01,11.0,0.3115
1965-07-02,9.2,0.2605
1965-07-03,8.0,0.2265
1965-07-04,7.0,0.1982
1965-07-05,6.5,0.1841
1965-07-06,6.2,0.1756
1965-07-07,6.2,0.1756
1965-07-08,6.2,0.1756
1965-07-09,6.6,0.1869
1965-07-10,7.6,0.2152
1965-07-11,6.6,0.1869
1965-07-12,6.6,0.1869
1965-07-13,6.2,0.1756
1965-07-14,5.3,0.1501
1965-07-15,4.8,0.1359
1965-07-16,3.5,0.0991
1965-07-17,3.3,0.0934
1965-07-18,3.5,0.0991
1965-07-19,3.5,0.0991
1965-07-20,3.5,0.0991
1965-07-21,3.1,0.0878
1965-07-22,2.4,0.068
1965-07-23,2.4,0.068
1965-07-24,2.2,0.0623
1965-07-25,2.2,0.0623
1965-07-26,2.9,0.0821
1965-07-27,3.1,0.0878
1965-07-28,3.5,0.0991
1965-07-29,672.0,19.0289
1965-07-30,178.0,5.0404
1965-07-31,58.0,1.6424
1965-08-01,25.0,0.7079
1965-08-02,20.0,0.5663
1965-08-03,15.0,0.4248
1965-08-04,13.0,0.3681
1965-08-05,12.0,0.3398
1965-08-06,10.0,0.2832
1965-08-07,9.2,0.2605
1965-08-08,8.0,0.2265
1965-08-09,7.6,0.2152
1965-08-10,6.2,0.1756
1965-08-11,3.5,0.0991
1965-08-12,2.7,0.0765
1965-08-13,3.3,0.0934
1965-08-14,4.8,0.1359
1965-08-15,6.6,0.1869
1965-08-16,7.6,0.2152
1965-08-17,9.2,0.2605
1965-08-18,10.0,0.2832
1965-08-19,11.0,0.3115
1965-08-20,7.1,0.201
1965-08-21,8.6,0.2435
1965-08-22,7.6,0.2152
1965-08-23,15.0,0.4248
1965-08-24,9.2,0.2605
1965-08-25,12.0,0.3398
1965-08-26,12.0,0.3398
1965-08-27,9.8,0.2775
1965-08-28,8.0,0.2265
1965-08-29,6.2,0.1756
1965-08-30,3.3,0.0934
1965-08-31,4.0,0.1133
1965-09-01,89.0,2.5202
1965-09-02,15.0,0.4248
1965-09-03,25.0,0.7079
1965-09-04,19.0,0.538
1965-09-05,13.0,0.3681
1965-09-06,10.0,0.2832
1965-09-07,9.8,0.2775
1965-09-08,9.8,0.2775
1965-09-09,9.2,0.2605
1965-09-10,9.2,0.2605
1965-09-11,9.2,0.2605
1965-09-12,9.2,0.2605
1965-09-13,8.6,0.2435
1965-09-14,8.6,0.2435
1965-09-15,8.6,0.2435
1965-09-16,9.2,0.2605
1965-09-17,9.8,0.2775
1965-09-18,62.0,1.7556
1965-09-19,236.0,6.6828
1965-09-20,79.0,2.237
1965-09-21,51.0,1.4442
1965-09-22,30.0,0.8495
1965-09-23,21.0,0.5947
1965-09-24,279.0,7.9004
1965-09-25,1000.0,28.3168
1965-09-26,183.0,5.182
1965-09-27,75.0,2.1238
1965-09-28,41.0,1.161
1965-09-29,25.0,0.7079
1965-09-30,18.0,0.5097
1965-10-01,15.0,0.4248
1965-10-02,15.0,0.4248
1965-10-03,13.0,0.3681
1965-10-04,12.0,0.3398
1965-10-05,11.0,0.3115
1965-10-06,10.0,0.2832
1965-10-07,9.8,0.2775
1965-10-08,9.8,0.2775
1965-10-09,10.0,0.2832
1965-10-10,10.0,0.2832
1965-10-11,9.8,0.2775
1965-10-12,11.0,0.3115
1965-10-13,12.0,0.3398
1965-10-14,12.0,0.3398
1965-10-15,13.0,0.3681
1965-10-16,13.0,0.3681
1965-10-17,11.0,0.3115
1965-10-18,12.0,0.3398
1965-10-19,11.0,0.3115
1965-10-20,12.0,0.3398
1965-10-21,12.0,0.3398
1965-10-22,12.0,0.3398
1965-10-23,12.0,0.3398
1965-10-24,12.0,0.3398
1965-10-25,12.0,0.3398
1965-10-26,12.0,0.3398
1965-10-27,12.0,0.3398
1965-10-28,12.0,0.3398
1965-10-29,12.0,0.3398
1965-10-30,12.0,0.3398
1965-10-31,12.0,0.3398
1965-11-01,12.0,0.3398
1965-11-02,12.0,0.3398
1965-11-03,12.0,0.3398
1965-11-04,12.0,0.3398
1965-11-05,12.0,0.3398
1965-11-06,12.0,0.3398
1965-11-07,12.0,0.3398
1965-11-08,13.0,0.3681
1965-11-09,203.0,5.7483
1965-11-10,454.0,12.8558
1965-11-11,76.0,2.1521
1965-11-12,36.0,1.0194
1965-11-13,23.0,0.6513
1965-11-14,18.0,0.5097
1965-11-15,16.0,0.4531
1965-11-16,15.0,0.4248
1965-11-17,15.0,0.4248
1965-11-18,15.0,0.4248
1965-11-19,15.0,0.4248
1965-11-20,14.0,0.3964
1965-11-21,13.0,0.3681
1965-11-22,13.0,0.3681
1965-11-23,13.0,0.3681
1965-11-24,13.0,0.3681
1965-11-25,13.0,0.3681
1965-11-26,13.0,0.3681
1965-11-27,13.0,0.3681
1965-11-28,12.0,0.3398
1965-11-29,13.0,0.3681
1965-11-30,13.0,0.3681
1965-12-01,16.0,0.4531
1965-12-02,20.0,0.5663
1965-12-03,20.0,0.5663
1965-12-04,20.0,0.5663
1965-12-05,20.0,0.5663
1965-12-06,21.0,0.5947
1965-12-07,20.0,0.5663
1965-12-08,19.0,0.538
1965-12-09,18.0,0.5097
1965-12-10,18.0,0.5097
1965-12-11,18.0,0.5097
1965-12-12,18.0,0.5097
1965-12-13,17.0,0.4814
1965-12-14,17.0,0.4814
1965-12-15,17.0,0.4814
1965-12-16,17.0,0.4814
1965-12-17,18.0,0.5097
1965-12-18,18.0,0.5097
1965-12-19,18.0,0.5097
1965-12-20,18.0,0.5097
1965-12-21,18.0,0.5097
1965-12-22,19.0,0.538
1965-12-23,20.0,0.5663
1965-12-24,20.0,0.5663
1965-12-25,18.0,0.5097
1965-12-26,17.0,0.4814
1965-12-27,17.0,0.4814
1965-12-28,17.0,0.4814
1965-12-29,17.0,0.4814
1965-12-30,18.0,0.5097
1965-12-31,18.0,0.5097
1966-01-01,17.0,0.4814
1966-01-02,17.0,0.4814
1966-01-03,15.0,0.4248
1966-01-04,15.0,0.4248
1966-01-05,16.0,0.4531
1966-01-06,16.0,0.4531
1966-01-07,16.0,0.4531
1966-01-08,16.0,0.4531
1966-01-09,16.0,0.4531
1966-01-10,16.0,0.4531
1966-01-11,16.0,0.4531
1966-01-12,17.0,0.4814
1966-01-13,16.0,0.4531
1966-01-14,17.0,0.4814
1966-01-15,17.0,0.4814
1966-01-16,17.0,0.4814
1966-01-17,16.0,0.4531
1966-01-18,18.0,0.5097
1966-01-19,18.0,0.5097
1966-01-20,18.0,0.5097
1966-01-21,20.0,0.5663
1966-01-22,20.0,0.5663
1966-01-23,19.0,0.538
1966-01-24,19.0,0.538
1966-01-25,18.0,0.5097
1966-01-26,18.0,0.5097
1966-01-27,18.0,0.5097
1966-01-28,18.0,0.5097
1966-01-29,18.0,0.5097
1966-01-30,18.0,0.5097
1966-01-31,17.0,0.4814
1966-02-01,20.0,0.5663
1966-02-02,16.0,0.4531
1966-02-03,18.0,0.5097
1966-02-04,18.0,0.5097
1966-02-05,18.0,0.5097
1966-02-06,18.0,0.5097
1966-02-07,18.0,0.5097
1966-02-08,15.0,0.4248
1966-02-09,15.0,0.4248
1966-02-10,13.0,0.3681
1966-02-11,13.0,0.3681
1966-02-12,12.0,0.3398
1966-02-13,13.0,0.3681
1966-02-14,14.0,0.3964
1966-02-15,13.0,0.3681
1966-02-16,14.0,0.3964
1966-02-17,13.0,0.3681
1966-02-18,13.0,0.3681
1966-02-19,14.0,0.3964
1966-02-20,14.0,0.3964
1966-02-21,17.0,0.4814
1966-02-22,20.0,0.5663
1966-02-23,22.0,0.623
1966-02-24,23.0,0.6513
1966-02-25,23.0,0.6513
1966-02-26,23.0,0.6513
1966-02-27,23.0,0.6513
1966-02-28,20.0,0.5663
1966-03-01,17.0,0.4814
1966-03-02,15.0,0.4248
1966-03-03,17.0,0.4814
1966-03-04,14.0,0.3964
1966-03-05,13.0,0.3681
1966-03-06,14.0,0.3964
1966-03-07,14.0,0.3964
1966-03-08,16.0,0.4531
1966-03-09,16.0,0.4531
1966-03-10,17.0,0.4814
1966-03-11,17.0,0.4814
1966-03-12,16.0,0.4531
1966-03-13,16.0,0.4531
1966-03-14,18.0,0.5097
1966-03-15,19.0,0.538
1966-03-16,18.0,0.5097
1966-03-17,18.0,0.5097
1966-03-18,18.0,0.5097
1966-03-19,15.0,0.4248
1966-03-20,15.0,0.4248
1966-03-21,12.0,0.3398
1966-03-22,12.0,0.3398
1966-03-23,12.0,0.3398
1966-03-24,9.8,0.2775
1966-03-25,9.8,0.2775
1966-03-26,11.0,0.3115
1966-03-27,12.0,0.3398
1966-03-28,13.0,0.3681
1966-03-29,12.0,0.3398
1966-03-30,11.0,0.3115
1966-03-31,10.0,0.2832
1966-04-01,9.8,0.2775
1966-04-02,8.6,0.2435
1966-04-03,9.2,0.2605
1966-04-04,8.0,0.2265
1966-04-05,7.6,0.2152
1966-04-06,8.0,0.2265
1966-04-07,13.0,0.3681
1966-04-08,13.0,0.3681
1966-04-09,13.0,0.3681
1966-04-10,13.0,0.3681
1966-04-11,13.0,0.3681
1966-04-12,13.0,0.3681
1966-04-13,12.0,0.3398
1966-04-14,11.0,0.3115
1966-04-15,6.6,0.1869
1966-04-16,6.2,0.1756
1966-04-17,6.2,0.1756
1966-04-18,5.3,0.1501
1966-04-19,4.4,0.1246
1966-04-20,4.8,0.1359
1966-04-21,5.8,0.1642
1966-04-22,7.6,0.2152
1966-04-23,8.0,0.2265
1966-04-24,416.0,11.7798
1966-04-25,234.0,6.6261
1966-04-26,80.0,2.2653
1966-04-27,36.0,1.0194
1966-04-28,22.0,0.623
1966-04-29,18.0,0.5097
1966-04-30,16.0,0.4531
1966-05-01,15.0,0.4248
1966-05-02,14.0,0.3964
1966-05-03,14.0,0.3964
1966-05-04,13.0,0.3681
1966-05-05,13.0,0.3681
1966-05-06,13.0,0.3681
1966-05-07,13.0,0.3681
1966-05-08,12.0,0.3398
1966-05-09,9.2,0.2605
1966-05-10,9.2,0.2605
1966-05-11,5.8,0.1642
1966-05-12,5.8,0.1642
1966-05-13,4.4,0.1246
1966-05-14,4.8,0.1359
1966-05-15,5.3,0.1501
1966-05-16,4.4,0.1246
1966-05-17,5.8,0.1642
1966-05-18,3.5,0.0991
1966-05-19,2.7,0.0765
1966-05-20,4.8,0.1359
1966-05-21,9.8,0.2775
1966-05-22,5.8,0.1642
1966-05-23,4.4,0.1246
1966-05-24,8.6,0.2435
1966-05-25,4.8,0.1359
1966-05-26,3.3,0.0934
1966-05-27,12.0,0.3398
1966-05-28,9.2,0.2605
1966-05-29,9.8,0.2775
1966-05-30,9.2,0.2605
1966-05-31,9.8,0.2775
1966-06-01,9.2,0.2605
1966-06-02,8.6,0.2435
1966-06-03,10.0,0.2832
1966-06-04,12.0,0.3398
1966-06-05,12.0,0.3398
1966-06-06,10.0,0.2832
1966-06-07,10.0,0.2832
1966-06-08,8.6,0.2435
1966-06-09,169.0,4.7855
1966-06-10,353.0,9.9958
1966-06-11,396.0,11.2135
1966-06-12,70.0,1.9822
1966-06-13,116.0,3.2847
1966-06-14,152.0,4.3042
1966-06-15,39.0,1.1044
1966-06-16,25.0,0.7079
1966-06-17,17.0,0.4814
1966-06-18,13.0,0.3681
1966-06-19,12.0,0.3398
1966-06-20,9.8,0.2775
1966-06-21,9.2,0.2605
1966-06-22,11.0,0.3115
1966-06-23,54.0,1.5291
1966-06-24,7.6,0.2152
1966-06-25,5.3,0.1501
1966-06-26,5.0,0.1416
1966-06-27,5.8,0.1642
1966-06-28,32.0,0.9061
1966-06-29,18.0,0.5097
1966-06-30,17.0,0.4814
1966-07-01,9.8,0.2775
1966-07-02,5.8,0.1642
1966-07-03,6.2,0.1756
1966-07-04,8.0,0.2265
1966-07-05,7.1,0.201
1966-07-06,5.3,0.1501
1966-07-07,3.3,0.0934
1966-07-08,2.4,0.068
1966-07-09,1.8,0.051
1966-07-10,1.4,0.0396
1966-07-11,1.3,0.0368
1966-07-12,1.3,0.0368
1966-07-13,1.2,0.034
1966-07-14,0.99,0.028
1966-07-15,0.9,0.0255
1966-07-16,2.2,0.0623
1966-07-17,5.3,0.1501
1966-07-18,4.4,0.1246
1966-07-19,2.4,0.068
1966-07-20,1.6,0.0453
1966-07-21,1.2,0.034
1966-07-22,1.1,0.0311
1966-07-23,0.82,0.0232
1966-07-24,0.67,0.019
1966-07-25,0.5,0.0142
1966-07-26,0.45,0.0127
1966-07-27,0.37,0.0105
1966-07-28,0.33,0.0093
1966-07-29,0.37,0.0105
1966-07-30,0.33,0.0093
1966-07-31,0.25,0.0071
1966-08-01,0.22,0.0062
1966-08-02,0.5,0.0142
1966-08-03,4.0,0.1133
1966-08-04,3.1,0.0878
1966-08-05,2.9,0.0821
1966-08-06,11.0,0.3115
1966-08-07,94.0,2.6618
1966-08-08,1850.0,52.3861
1966-08-09,452.0,12.7992
1966-08-10,81.0,2.2937
1966-08-11,37.0,1.0477
1966-08-12,22.0,0.623
1966-08-13,16.0,0.4531
1966-08-14,15.0,0.4248
1966-08-15,14.0,0.3964
1966-08-16,12.0,0.3398
1966-08-17,12.0,0.3398
1966-08-18,12.0,0.3398
1966-08-19,102.0,2.8883
1966-08-20,209.0,5.9182
1966-08-21,219.0,6.2014
1966-08-22,2200.0,62.297
1966-08-23,46400.0,1313.8995
1966-08-24,50700.0,1435.6618
1966-08-25,14100.0,399.2669
1966-08-26,6820.0,193.1206
1966-08-27,4070.0,115.2494
1966-08-28,1470.0,41.6257
1966-08-29,474.0,13.4222
1966-08-30,775.0,21.9455
1966-08-31,347.0,9.8259
1966-09-01,318.0,9.0047
1966-09-02,571.0,16.1689
1966-09-03,409.0,11.5816
1966-09-04,936.0,26.5045
1966-09-05,824.0,23.333
1966-09-06,443.0,12.5443
1966-09-07,340.0,9.6277
1966-09-08,1270.0,35.9623
1966-09-09,901.0,25.5134
1966-09-10,324.0,9.1746
1966-09-11,206.0,5.8333
1966-09-12,173.0,4.8988
1966-09-13,159.0,4.5024
1966-09-14,151.0,4.2758
1966-09-15,151.0,4.2758
1966-09-16,151.0,4.2758
1966-09-17,132.0,3.7378
1966-09-18,100.0,2.8317
1966-09-19,92.0,2.6051
1966-09-20,89.0,2.5202
1966-09-21,81.0,2.2937
1966-09-22,72.0,2.0388
1966-09-23,60.0,1.699
1966-09-24,53.0,1.5008
1966-09-25,53.0,1.5008
1966-09-26,54.0,1.5291
1966-09-27,61.0,1.7273
1966-09-28,70.0,1.9822
1966-09-29,69.0,1.9539
1966-09-30,69.0,1.9539
1966-10-01,69.0,1.9539
1966-10-02,61.0,1.7273
1966-10-03,56.0,1.5857
1966-10-04,53.0,1.5008
1966-10-05,54.0,1.5291
1966-10-06,56.0,1.5857
1966-10-07,54.0,1.5291
1966-10-08,54.0,1.5291
1966-10-09,53.0,1.5008
1966-10-10,58.0,1.6424
1966-10-11,58.0,1.6424
1966-10-12,62.0,1.7556
1966-10-13,53.0,1.5008
1966-10-14,52.0,1.4725
1966-10-15,47.0,1.3309
1966-10-16,52.0,1.4725
1966-10-17,50.0,1.4158
1966-10-18,47.0,1.3309
1966-10-19,44.0,1.2459
1966-10-20,46.0,1.3026
1966-10-21,58.0,1.6424
1966-10-22,60.0,1.699
1966-10-23,62.0,1.7556
1966-10-24,58.0,1.6424
1966-10-25,52.0,1.4725
1966-10-26,52.0,1.4725
1966-10-27,46.0,1.3026
1966-10-28,42.0,1.1893
1966-10-29,65.0,1.8406
1966-10-30,72.0,2.0388
1966-10-31,50.0,1.4158
1966-11-01,37.0,1.0477
1966-11-02,34.0,0.9628
1966-11-03,36.0,1.0194
1966-11-04,41.0,1.161
1966-11-05,42.0,1.1893
1966-11-06,44.0,1.2459
1966-11-07,44.0,1.2459
1966-11-08,45.0,1.2743
1966-11-09,46.0,1.3026
1966-11-10,45.0,1.2743
1966-11-11,47.0,1.3309
1966-11-12,52.0,1.4725
1966-11-13,62.0,1.7556
1966-11-14,65.0,1.8406
1966-11-15,66.0,1.8689
1966-11-16,66.0,1.8689
1966-11-17,66.0,1.8689
1966-11-18,65.0,1.8406
1966-11-19,56.0,1.5857
1966-11-20,52.0,1.4725
1966-11-21,48.0,1.3592
1966-11-22,47.0,1.3309
1966-11-23,47.0,1.3309
1966-11-24,48.0,1.3592
1966-11-25,48.0,1.3592
1966-11-26,51.0,1.4442
1966-11-27,62.0,1.7556
1966-11-28,64.0,1.8123
1966-11-29,61.0,1.7273
1966-11-30,64.0,1.8123
1966-12-01,64.0,1.8123
1966-12-02,65.0,1.8406
1966-12-03,65.0,1.8406
1966-12-04,65.0,1.8406
1966-12-05,65.0,1.8406
1966-12-06,124.0,3.5113
1966-12-07,198.0,5.6067
1966-12-08,102.0,2.8883
1966-12-09,96.0,2.7184
1966-12-10,78.0,2.2087
1966-12-11,80.0,2.2653
1966-12-12,68.0,1.9255
1966-12-13,66.0,1.8689
1966-12-14,66.0,1.8689
1966-12-15,69.0,1.9539
1966-12-16,86.0,2.4352
1966-12-17,87.0,2.4636
1966-12-18,86.0,2.4352
1966-12-19,86.0,2.4352
1966-12-20,84.0,2.3786
1966-12-21,82.0,2.322
1966-12-22,80.0,2.2653
1966-12-23,70.0,1.9822
1966-12-24,72.0,2.0388
1966-12-25,64.0,1.8123
1966-12-26,65.0,1.8406
1966-12-27,80.0,2.2653
1966-12-28,80.0,2.2653
1966-12-29,72.0,2.0388
1966-12-30,64.0,1.8123
1966-12-31,60.0,1.699
1967-01-01,58.0,1.6424
1967-01-02,54.0,1.5291
1967-01-03,46.0,1.3026
1967-01-04,45.0,1.2743
1967-01-05,46.0,1.3026
1967-01-06,45.0,1.2743
1967-01-07,42.0,1.1893
1967-01-08,40.0,1.1327
1967-01-09,40.0,1.1327
1967-01-10,40.0,1.1327
1967-01-11,40.0,1.1327
1967-01-12,39.0,1.1044
1967-01-13,40.0,1.1327
1967-01-14,36.0,1.0194
1967-01-15,30.0,0.8495
1967-01-16,29.0,0.8212
1967-01-17,29.0,0.8212
1967-01-18,29.0,0.8212
1967-01-19,29.0,0.8212
1967-01-20,29.0,0.8212
1967-01-21,30.0,0.8495
1967-01-22,30.0,0.8495
1967-01-23,29.0,0.8212
1967-01-24,28.0,0.7929
1967-01-25,27.0,0.7646
1967-01-26,24.0,0.6796
1967-01-27,25.0,0.7079
1967-01-28,23.0,0.6513
1967-01-29,20.0,0.5663
1967-01-30,22.0,0.623
1967-01-31,26.0,0.7362
1967-02-01,27.0,0.7646
1967-02-02,27.0,0.7646
1967-02-03,23.0,0.6513
1967-02-04,20.0,0.5663
1967-02-05,20.0,0.5663
1967-02-06,17.0,0.4814
1967-02-07,17.0,0.4814
1967-02-08,16.0,0.4531
1967-02-09,19.0,0.538
1967-02-10,23.0,0.6513
1967-02-11,24.0,0.6796
1967-02-12,21.0,0.5947
1967-02-13,20.0,0.5663
1967-02-14,20.0,0.5663
1967-02-15,25.0,0.7079
1967-02-16,35.0,0.9911
1967-02-17,32.0,0.9061
1967-02-18,25.0,0.7079
1967-02-19,20.0,0.5663
1967-02-20,17.0,0.4814
1967-02-21,18.0,0.5097
1967-02-22,23.0,0.6513
1967-02-23,25.0,0.7079
1967-02-24,26.0,0.7362
1967-02-25,36.0,1.0194
1967-02-26,38.0,1.076
1967-02-27,28.0,0.7929
1967-02-28,21.0,0.5947
1967-03-01,19.0,0.538
1967-03-02,22.0,0.623
1967-03-03,27.0,0.7646
1967-03-04,26.0,0.7362
1967-03-05,24.0,0.6796
1967-03-06,23.0,0.6513
1967-03-07,24.0,0.6796
1967-03-08,26.0,0.7362
1967-03-09,26.0,0.7362
1967-03-10,27.0,0.7646
1967-03-11,23.0,0.6513
1967-03-12,23.0,0.6513
1967-03-13,21.0,0.5947
1967-03-14,20.0,0.5663
1967-03-15,15.0,0.4248
1967-03-16,13.0,0.3681
1967-03-17,14.0,0.3964
1967-03-18,17.0,0.4814
1967-03-19,20.0,0.5663
1967-03-20,22.0,0.623
1967-03-21,20.0,0.5663
1967-03-22,22.0,0.623
1967-03-23,22.0,0.623
1967-03-24,17.0,0.4814
1967-03-25,20.0,0.5663
1967-03-26,22.0,0.623
1967-03-27,21.0,0.5947
1967-03-28,22.0,0.623
1967-03-29,22.0,0.623
1967-03-30,18.0,0.5097
1967-03-31,15.0,0.4248
1967-04-01,15.0,0.4248
1967-04-02,16.0,0.4531
1967-04-03,18.0,0.5097
1967-04-04,15.0,0.4248
1967-04-05,20.0,0.5663
1967-04-06,22.0,0.623
1967-04-07,22.0,0.623
1967-04-08,22.0,0.623
1967-04-09,21.0,0.5947
1967-04-10,23.0,0.6513
1967-04-11,21.0,0.5947
1967-04-12,20.0,0.5663
1967-04-13,15.0,0.4248
1967-04-14,13.0,0.3681
1967-04-15,12.0,0.3398
1967-04-16,12.0,0.3398
1967-04-17,15.0,0.4248
1967-04-18,15.0,0.4248
1967-04-19,14.0,0.3964
1967-04-20,12.0,0.3398
1967-04-21,11.0,0.3115
1967-04-22,11.0,0.3115
1967-04-23,10.0,0.2832
1967-04-24,10.0,0.2832
1967-04-25,16.0,0.4531
1967-04-26,17.0,0.4814
1967-04-27,16.0,0.4531
1967-04-28,16.0,0.4531
1967-04-29,15.0,0.4248
1967-04-30,16.0,0.4531
1967-05-01,16.0,0.4531
1967-05-02,14.0,0.3964
1967-05-03,9.5,0.269
1967-05-04,13.0,0.3681
1967-05-05,12.0,0.3398
1967-05-06,12.0,0.3398
1967-05-07,13.0,0.3681
1967-05-08,12.0,0.3398
1967-05-09,16.0,0.4531
1967-05-10,16.0,0.4531
1967-05-11,12.0,0.3398
1967-05-12,9.5,0.269
1967-05-13,9.0,0.2549
1967-05-14,9.0,0.2549
1967-05-15,9.5,0.269
1967-05-16,9.0,0.2549
1967-05-17,9.5,0.269
1967-05-18,10.0,0.2832
1967-05-19,12.0,0.3398
1967-05-20,14.0,0.3964
1967-05-21,12.0,0.3398
1967-05-22,10.0,0.2832
1967-05-23,10.0,0.2832
1967-05-24,10.0,0.2832
1967-05-25,10.0,0.2832
1967-05-26,15.0,0.4248
1967-05-27,12.0,0.3398
1967-05-28,11.0,0.3115
1967-05-29,13.0,0.3681
1967-05-30,12.0,0.3398
1967-05-31,10.0,0.2832
1967-06-01,9.0,0.2549
1967-06-02,8.5,0.2407
1967-06-03,12.0,0.3398
1967-06-04,66.0,1.8689
1967-06-05,45.0,1.2743
1967-06-06,53.0,1.5008
1967-06-07,34.0,0.9628
1967-06-08,16.0,0.4531
1967-06-09,12.0,0.3398
1967-06-10,12.0,0.3398
1967-06-11,10.0,0.2832
1967-06-12,9.0,0.2549
1967-06-13,9.0,0.2549
1967-06-14,8.5,0.2407
1967-06-15,8.5,0.2407
1967-06-16,56.0,1.5857
1967-06-17,102.0,2.8883
1967-06-18,324.0,9.1746
1967-06-19,105.0,2.9733
1967-06-20,44.0,1.2459
1967-06-21,28.0,0.7929
1967-06-22,487.0,13.7903
1967-06-23,43.0,1.2176
1967-06-24,27.0,0.7646
1967-06-25,44.0,1.2459
1967-06-26,108.0,3.0582
1967-06-27,37.0,1.0477
1967-06-28,28.0,0.7929
1967-06-29,26.0,0.7362
1967-06-30,469.0,13.2806
1967-07-01,530.0,15.0079
1967-07-02,111.0,3.1432
1967-07-03,523.0,14.8097
1967-07-04,177.0,5.0121
1967-07-05,81.0,2.2937
1967-07-06,46.0,1.3026
1967-07-07,31.0,0.8778
1967-07-08,28.0,0.7929
1967-07-09,22.0,0.623
1967-07-10,21.0,0.5947
1967-07-11,20.0,0.5663
1967-07-12,17.0,0.4814
1967-07-13,15.0,0.4248
1967-07-14,16.0,0.4531
1967-07-15,17.0,0.4814
1967-07-16,18.0,0.5097
1967-07-17,16.0,0.4531
1967-07-18,14.0,0.3964
1967-07-19,13.0,0.3681
1967-07-20,14.0,0.3964
1967-07-21,16.0,0.4531
1967-07-22,14.0,0.3964
1967-07-23,14.0,0.3964
1967-07-24,15.0,0.4248
1967-07-25,14.0,0.3964
1967-07-26,14.0,0.3964
1967-07-27,15.0,0.4248
1967-07-28,15.0,0.4248
1967-07-29,15.0,0.4248
1967-07-30,15.0,0.4248
1967-07-31,15.0,0.4248
1967-08-01,17.0,0.4814
1967-08-02,17.0,0.4814
1967-08-03,19.0,0.538
1967-08-04,21.0,0.5947
1967-08-05,18.0,0.5097
1967-08-06,16.0,0.4531
1967-08-07,14.0,0.3964
1967-08-08,13.0,0.3681
1967-08-09,12.0,0.3398
1967-08-10,14.0,0.3964
1967-08-11,50.0,1.4158
1967-08-12,150.0,4.2475
1967-08-13,55.0,1.5574
1967-08-14,30.0,0.8495
1967-08-15,22.0,0.623
1967-08-16,16.0,0.4531
1967-08-17,16.0,0.4531
1967-08-18,15.0,0.4248
1967-08-19,15.0,0.4248
1967-08-20,19.0,0.538
1967-08-21,20.0,0.5663
1967-08-22,19.0,0.538
1967-08-23,17.0,0.4814
1967-08-24,16.0,0.4531
1967-08-25,17.0,0.4814
1967-08-26,17.0,0.4814
1967-08-27,19.0,0.538
1967-08-28,20.0,0.5663
1967-08-29,20.0,0.5663
1967-08-30,20.0,0.5663
1967-08-31,21.0,0.5947
1967-09-01,20.0,0.5663
1967-09-02,18.0,0.5097
1967-09-03,21.0,0.5947
1967-09-04,26.0,0.7362
1967-09-05,25.0,0.7079
1967-09-06,22.0,0.623
1967-09-07,19.0,0.538
1967-09-08,16.0,0.4531
1967-09-09,15.0,0.4248
1967-09-10,15.0,0.4248
1967-09-11,15.0,0.4248
1967-09-12,15.0,0.4248
1967-09-13,15.0,0.4248
1967-09-14,15.0,0.4248
1967-09-15,18.0,0.5097
1967-09-16,20.0,0.5663
1967-09-17,20.0,0.5663
1967-09-18,20.0,0.5663
1967-09-19,18.0,0.5097
1967-09-20,16.0,0.4531
1967-09-21,16.0,0.4531
1967-09-22,15.0,0.4248
1967-09-23,16.0,0.4531
1967-09-24,16.0,0.4531
1967-09-25,15.0,0.4248
1967-09-26,16.0,0.4531
1967-09-27,17.0,0.4814
1967-09-28,20.0,0.5663
1967-09-29,20.0,0.5663
1967-09-30,18.0,0.5097
1967-10-01,16.0,0.4531
1967-10-02,15.0,0.4248
1967-10-03,17.0,0.4814
1967-10-04,16.0,0.4531
1967-10-05,15.0,0.4248
1967-10-06,15.0,0.4248
1967-10-07,15.0,0.4248
1967-10-08,14.0,0.3964
1967-10-09,14.0,0.3964
1967-10-10,16.0,0.4531
1967-10-11,16.0,0.4531
1967-10-12,16.0,0.4531
1967-10-13,17.0,0.4814
1967-10-14,17.0,0.4814
1967-10-15,20.0,0.5663
1967-10-16,22.0,0.623
1967-10-17,20.0,0.5663
1967-10-18,18.0,0.5097
1967-10-19,16.0,0.4531
1967-10-20,17.0,0.4814
1967-10-21,17.0,0.4814
1967-10-22,18.0,0.5097
1967-10-23,22.0,0.623
1967-10-24,22.0,0.623
1967-10-25,24.0,0.6796
1967-10-26,24.0,0.6796
1967-10-27,22.0,0.623
1967-10-28,22.0,0.623
1967-10-29,23.0,0.6513
1967-10-30,23.0,0.6513
1967-10-31,22.0,0.623
1967-11-01,23.0,0.6513
1967-11-02,23.0,0.6513
1967-11-03,22.0,0.623
1967-11-04,22.0,0.623
1967-11-05,22.0,0.623
1967-11-06,22.0,0.623
1967-11-07,23.0,0.6513
1967-11-08,24.0,0.6796
1967-11-09,24.0,0.6796
1967-11-10,23.0,0.6513
1967-11-11,24.0,0.6796
1967-11-12,23.0,0.6513
1967-11-13,23.0,0.6513
1967-11-14,24.0,0.6796
1967-11-15,24.0,0.6796
1967-11-16,26.0,0.7362
1967-11-17,32.0,0.9061
1967-11-18,32.0,0.9061
1967-11-19,40.0,1.1327
1967-11-20,44.0,1.2459
1967-11-21,42.0,1.1893
1967-11-22,40.0,1.1327
1967-11-23,39.0,1.1044
1967-11-24,36.0,1.0194
1967-11-25,34.0,0.9628
1967-11-26,34.0,0.9628
1967-11-27,38.0,1.076
1967-11-28,47.0,1.3309
1967-11-29,47.0,1.3309
1967-11-30,47.0,1.3309
1967-12-01,48.0,1.3592
1967-12-02,45.0,1.2743
1967-12-03,38.0,1.076
1967-12-04,35.0,0.9911
1967-12-05,34.0,0.9628
1967-12-06,34.0,0.9628
1967-12-07,34.0,0.9628
1967-12-08,33.0,0.9345
1967-12-09,32.0,0.9061
1967-12-10,32.0,0.9061
1967-12-11,39.0,1.1044
1967-12-12,38.0,1.076
1967-12-13,34.0,0.9628
1967-12-14,33.0,0.9345
1967-12-15,38.0,1.076
1967-12-16,51.0,1.4442
1967-12-17,56.0,1.5857
1967-12-18,57.0,1.6141
1967-12-19,56.0,1.5857
1967-12-20,45.0,1.2743
1967-12-21,40.0,1.1327
1967-12-22,38.0,1.076
1967-12-23,36.0,1.0194
1967-12-24,50.0,1.4158
1967-12-25,54.0,1.5291
1967-12-26,54.0,1.5291
1967-12-27,56.0,1.5857
1967-12-28,56.0,1.5857
1967-12-29,54.0,1.5291
1967-12-30,57.0,1.6141
1967-12-31,57.0,1.6141
1968-01-01,57.0,1.6141
1968-01-02,57.0,1.6141
1968-01-03,57.0,1.6141
1968-01-04,56.0,1.5857
1968-01-05,54.0,1.5291
1968-01-06,54.0,1.5291
1968-01-07,54.0,1.5291
1968-01-08,52.0,1.4725
1968-01-09,50.0,1.4158
1968-01-10,51.0,1.4442
1968-01-11,48.0,1.3592
1968-01-12,37.0,1.0477
1968-01-13,33.0,0.9345
1968-01-14,33.0,0.9345
1968-01-15,34.0,0.9628
1968-01-16,30.0,0.8495
1968-01-17,28.0,0.7929
1968-01-18,29.0,0.8212
1968-01-19,30.0,0.8495
1968-01-20,32.0,0.9061
1968-01-21,38.0,1.076
1968-01-22,40.0,1.1327
1968-01-23,45.0,1.2743
1968-01-24,48.0,1.3592
1968-01-25,39.0,1.1044
1968-01-26,39.0,1.1044
1968-01-27,40.0,1.1327
1968-01-28,41.0,1.161
1968-01-29,42.0,1.1893
1968-01-30,42.0,1.1893
1968-01-31,41.0,1.161
1968-02-01,41.0,1.161
1968-02-02,40.0,1.1327
1968-02-03,40.0,1.1327
1968-02-04,40.0,1.1327
1968-02-05,39.0,1.1044
1968-02-06,45.0,1.2743
1968-02-07,50.0,1.4158
1968-02-08,51.0,1.4442
1968-02-09,51.0,1.4442
1968-02-10,51.0,1.4442
1968-02-11,52.0,1.4725
1968-02-12,56.0,1.5857
1968-02-13,61.0,1.7273
1968-02-14,62.0,1.7556
1968-02-15,62.0,1.7556
1968-02-16,60.0,1.699
1968-02-17,57.0,1.6141
1968-02-18,56.0,1.5857
1968-02-19,56.0,1.5857
1968-02-20,56.0,1.5857
1968-02-21,56.0,1.5857
1968-02-22,54.0,1.5291
1968-02-23,53.0,1.5008
1968-02-24,52.0,1.4725
1968-02-25,51.0,1.4442
1968-02-26,50.0,1.4158
1968-02-27,50.0,1.4158
1968-02-28,53.0,1.5008
1968-02-29,52.0,1.4725
1968-03-01,52.0,1.4725
1968-03-02,54.0,1.5291
1968-03-03,54.0,1.5291
1968-03-04,50.0,1.4158
1968-03-05,52.0,1.4725
1968-03-06,51.0,1.4442
1968-03-07,50.0,1.4158
1968-03-08,47.0,1.3309
1968-03-09,42.0,1.1893
1968-03-10,35.0,0.9911
1968-03-11,33.0,0.9345
1968-03-12,30.0,0.8495
1968-03-13,28.0,0.7929
1968-03-14,27.0,0.7646
1968-03-15,28.0,0.7929
1968-03-16,27.0,0.7646
1968-03-17,27.0,0.7646
1968-03-18,28.0,0.7929
1968-03-19,27.0,0.7646
1968-03-20,33.0,0.9345
1968-03-21,31.0,0.8778
1968-03-22,30.0,0.8495
1968-03-23,31.0,0.8778
1968-03-24,31.0,0.8778
1968-03-25,28.0,0.7929
1968-03-26,25.0,0.7079
1968-03-27,24.0,0.6796
1968-03-28,24.0,0.6796
1968-03-29,24.0,0.6796
1968-03-30,22.0,0.623
1968-03-31,23.0,0.6513
1968-04-01,21.0,0.5947
1968-04-02,18.0,0.5097
1968-04-03,15.0,0.4248
1968-04-04,14.0,0.3964
1968-04-05,14.0,0.3964
1968-04-06,12.0,0.3398
1968-04-07,15.0,0.4248
1968-04-08,19.0,0.538
1968-04-09,17.0,0.4814
1968-04-10,15.0,0.4248
1968-04-11,16.0,0.4531
1968-04-12,18.0,0.5097
1968-04-13,24.0,0.6796
1968-04-14,21.0,0.5947
1968-04-15,17.0,0.4814
1968-04-16,15.0,0.4248
1968-04-17,15.0,0.4248
1968-04-18,14.0,0.3964
1968-04-19,12.0,0.3398
1968-04-20,10.0,0.2832
1968-04-21,15.0,0.4248
1968-04-22,27.0,0.7646
1968-04-23,36.0,1.0194
1968-04-24,25.0,0.7079
1968-04-25,18.0,0.5097
1968-04-26,16.0,0.4531
1968-04-27,17.0,0.4814
1968-04-28,15.0,0.4248
1968-04-29,15.0,0.4248
1968-04-30,15.0,0.4248
1968-05-01,16.0,0.4531
1968-05-02,19.0,0.538
1968-05-03,20.0,0.5663
1968-05-04,26.0,0.7362
1968-05-05,21.0,0.5947
1968-05-06,19.0,0.538
1968-05-07,20.0,0.5663
1968-05-08,19.0,0.538
1968-05-09,18.0,0.5097
1968-05-10,20.0,0.5663
1968-05-11,17.0,0.4814
1968-05-12,364.0,10.3073
1968-05-13,180.0,5.097
1968-05-14,100.0,2.8317
1968-05-15,66.0,1.8689
1968-05-16,34.0,0.9628
1968-05-17,22.0,0.623
1968-05-18,19.0,0.538
1968-05-19,22.0,0.623
1968-05-20,22.0,0.623
1968-05-21,22.0,0.623
1968-05-22,18.0,0.5097
1968-05-23,15.0,0.4248
1968-05-24,16.0,0.4531
1968-05-25,19.0,0.538
1968-05-26,20.0,0.5663
1968-05-27,17.0,0.4814
1968-05-28,14.0,0.3964
1968-05-29,14.0,0.3964
1968-05-30,13.0,0.3681
1968-05-31,15.0,0.4248
1968-06-01,18.0,0.5097
1968-06-02,20.0,0.5663
1968-06-03,18.0,0.5097
1968-06-04,16.0,0.4531
1968-06-05,16.0,0.4531
1968-06-06,14.0,0.3964
1968-06-07,12.0,0.3398
1968-06-08,10.0,0.2832
1968-06-09,10.0,0.2832
1968-06-10,10.0,0.2832
1968-06-11,10.0,0.2832
1968-06-12,9.0,0.2549
1968-06-13,9.0,0.2549
1968-06-14,10.0,0.2832
1968-06-15,12.0,0.3398
1968-06-16,12.0,0.3398
1968-06-17,15.0,0.4248
1968-06-18,14.0,0.3964
1968-06-19,15.0,0.4248
1968-06-20,14.0,0.3964
1968-06-21,11.0,0.3115
1968-06-22,9.0,0.2549
1968-06-23,7.2,0.2039
1968-06-24,7.2,0.2039
1968-06-25,7.2,0.2039
1968-06-26,7.2,0.2039
1968-06-27,7.2,0.2039
1968-06-28,6.8,0.1926
1968-06-29,6.4,0.1812
1968-06-30,6.8,0.1926
1968-07-01,7.2,0.2039
1968-07-02,7.2,0.2039
1968-07-03,8.1,0.2294
1968-07-04,11.0,0.3115
1968-07-05,213.0,6.0315
1968-07-06,447.0,12.6576
1968-07-07,983.0,27.8354
1968-07-08,171.0,4.8422
1968-07-09,74.0,2.0954
1968-07-10,45.0,1.2743
1968-07-11,34.0,0.9628
1968-07-12,28.0,0.7929
1968-07-13,24.0,0.6796
1968-07-14,19.0,0.538
1968-07-15,16.0,0.4531
1968-07-16,15.0,0.4248
1968-07-17,15.0,0.4248
1968-07-18,16.0,0.4531
1968-07-19,20.0,0.5663
1968-07-20,21.0,0.5947
1968-07-21,19.0,0.538
1968-07-22,17.0,0.4814
1968-07-23,20.0,0.5663
1968-07-24,19.0,0.538
1968-07-25,21.0,0.5947
1968-07-26,16.0,0.4531
1968-07-27,10.0,0.2832
1968-07-28,12.0,0.3398
1968-07-29,17.0,0.4814
1968-07-30,18.0,0.5097
1968-07-31,23.0,0.6513
1968-08-01,162.0,4.5873
1968-08-02,37.0,1.0477
1968-08-03,23.0,0.6513
1968-08-04,23.0,0.6513
1968-08-05,22.0,0.623
1968-08-06,19.0,0.538
1968-08-07,20.0,0.5663
1968-08-08,14.0,0.3964
1968-08-09,14.0,0.3964
1968-08-10,15.0,0.4248
1968-08-11,12.0,0.3398
1968-08-12,12.0,0.3398
1968-08-13,16.0,0.4531
1968-08-14,16.0,0.4531
1968-08-15,12.0,0.3398
1968-08-16,11.0,0.3115
1968-08-17,12.0,0.3398
1968-08-18,14.0,0.3964
1968-08-19,19.0,0.538
1968-08-20,16.0,0.4531
1968-08-21,17.0,0.4814
1968-08-22,13.0,0.3681
1968-08-23,22.0,0.623
1968-08-24,23.0,0.6513
1968-08-25,22.0,0.623
1968-08-26,52.0,1.4725
1968-08-27,25.0,0.7079
1968-08-28,30.0,0.8495
1968-08-29,22.0,0.623
1968-08-30,18.0,0.5097
1968-08-31,26.0,0.7362
1968-09-01,52.0,1.4725
1968-09-02,23.0,0.6513
1968-09-03,22.0,0.623
1968-09-04,22.0,0.623
1968-09-05,18.0,0.5097
1968-09-06,16.0,0.4531
1968-09-07,15.0,0.4248
1968-09-08,15.0,0.4248
1968-09-09,18.0,0.5097
1968-09-10,17.0,0.4814
1968-09-11,20.0,0.5663
1968-09-12,20.0,0.5663
1968-09-13,22.0,0.623
1968-09-14,30.0,0.8495
1968-09-15,32.0,0.9061
1968-09-16,31.0,0.8778
1968-09-17,29.0,0.8212
1968-09-18,27.0,0.7646
1968-09-19,26.0,0.7362
1968-09-20,23.0,0.6513
1968-09-21,22.0,0.623
1968-09-22,23.0,0.6513
1968-09-23,25.0,0.7079
1968-09-24,25.0,0.7079
1968-09-25,23.0,0.6513
1968-09-26,24.0,0.6796
1968-09-27,24.0,0.6796
1968-09-28,22.0,0.623
1968-09-29,21.0,0.5947
1968-09-30,22.0,0.623
1968-10-01,23.0,0.6513
1968-10-02,24.0,0.6796
1968-10-03,22.0,0.623
1968-10-04,22.0,0.623
1968-10-05,21.0,0.5947
1968-10-06,21.0,0.5947
1968-10-07,21.0,0.5947
1968-10-08,20.0,0.5663
1968-10-09,22.0,0.623
1968-10-10,21.0,0.5947
1968-10-11,22.0,0.623
1968-10-12,22.0,0.623
1968-10-13,23.0,0.6513
1968-10-14,33.0,0.9345
1968-10-15,35.0,0.9911
1968-10-16,35.0,0.9911
1968-10-17,36.0,1.0194
1968-10-18,37.0,1.0477
1968-10-19,37.0,1.0477
1968-10-20,39.0,1.1044
1968-10-21,42.0,1.1893
1968-10-22,45.0,1.2743
1968-10-23,44.0,1.2459
1968-10-24,42.0,1.1893
1968-10-25,42.0,1.1893
1968-10-26,41.0,1.161
1968-10-27,42.0,1.1893
1968-10-28,41.0,1.161
1968-10-29,42.0,1.1893
1968-10-30,42.0,1.1893
1968-10-31,42.0,1.1893
1968-11-01,42.0,1.1893
1968-11-02,44.0,1.2459
1968-11-03,42.0,1.1893
1968-11-04,44.0,1.2459
1968-11-05,44.0,1.2459
1968-11-06,44.0,1.2459
1968-11-07,39.0,1.1044
1968-11-08,40.0,1.1327
1968-11-09,41.0,1.161
1968-11-10,42.0,1.1893
1968-11-11,41.0,1.161
1968-11-12,40.0,1.1327
1968-11-13,39.0,1.1044
1968-11-14,47.0,1.3309
1968-11-15,52.0,1.4725
1968-11-16,44.0,1.2459
1968-11-17,39.0,1.1044
1968-11-18,37.0,1.0477
1968-11-19,36.0,1.0194
1968-11-20,35.0,0.9911
1968-11-21,36.0,1.0194
1968-11-22,36.0,1.0194
1968-11-23,36.0,1.0194
1968-11-24,36.0,1.0194
1968-11-25,36.0,1.0194
1968-11-26,44.0,1.2459
1968-11-27,48.0,1.3592
1968-11-28,50.0,1.4158
1968-11-29,46.0,1.3026
1968-11-30,42.0,1.1893
1968-12-01,41.0,1.161
1968-12-02,41.0,1.161
1968-12-03,41.0,1.161
1968-12-04,40.0,1.1327
1968-12-05,40.0,1.1327
1968-12-06,40.0,1.1327
1968-12-07,40.0,1.1327
1968-12-08,40.0,1.1327
1968-12-09,40.0,1.1327
1968-12-10,44.0,1.2459
1968-12-11,44.0,1.2459
1968-12-12,45.0,1.2743
1968-12-13,44.0,1.2459
1968-12-14,44.0,1.2459
1968-12-15,42.0,1.1893
1968-12-16,42.0,1.1893
1968-12-17,42.0,1.1893
1968-12-18,44.0,1.2459
1968-12-19,39.0,1.1044
1968-12-20,36.0,1.0194
1968-12-21,34.0,0.9628
1968-12-22,33.0,0.9345
1968-12-23,35.0,0.9911
1968-12-24,38.0,1.076
1968-12-25,40.0,1.1327
1968-12-26,41.0,1.161
1968-12-27,42.0,1.1893
1968-12-28,41.0,1.161
1968-12-29,40.0,1.1327
1968-12-30,40.0,1.1327
1968-12-31,41.0,1.161
1969-01-01,40.0,1.1327
1969-01-02,40.0,1.1327
1969-01-03,41.0,1.161
1969-01-04,41.0,1.161
1969-01-05,41.0,1.161
1969-01-06,40.0,1.1327
1969-01-07,39.0,1.1044
1969-01-08,39.0,1.1044
1969-01-09,39.0,1.1044
1969-01-10,39.0,1.1044
1969-01-11,38.0,1.076
1969-01-12,42.0,1.1893
1969-01-13,47.0,1.3309
1969-01-14,48.0,1.3592
1969-01-15,50.0,1.4158
1969-01-16,50.0,1.4158
1969-01-17,50.0,1.4158
1969-01-18,47.0,1.3309
1969-01-19,41.0,1.161
1969-01-20,39.0,1.1044
1969-01-21,39.0,1.1044
1969-01-22,38.0,1.076
1969-01-23,38.0,1.076
1969-01-24,38.0,1.076
1969-01-25,39.0,1.1044
1969-01-26,45.0,1.2743
1969-01-27,45.0,1.2743
1969-01-28,40.0,1.1327
1969-01-29,38.0,1.076
1969-01-30,38.0,1.076
1969-01-31,38.0,1.076
1969-02-01,38.0,1.076
1969-02-02,39.0,1.1044
1969-02-03,40.0,1.1327
1969-02-04,41.0,1.161
1969-02-05,44.0,1.2459
1969-02-06,44.0,1.2459
1969-02-07,36.0,1.0194
1969-02-08,28.0,0.7929
1969-02-09,31.0,0.8778
1969-02-10,34.0,0.9628
1969-02-11,36.0,1.0194
1969-02-12,35.0,0.9911
1969-02-13,33.0,0.9345
1969-02-14,37.0,1.0477
1969-02-15,33.0,0.9345
1969-02-16,31.0,0.8778
1969-02-17,30.0,0.8495
1969-02-18,28.0,0.7929
1969-02-19,27.0,0.7646
1969-02-20,27.0,0.7646
1969-02-21,31.0,0.8778
1969-02-22,22.0,0.623
1969-02-23,20.0,0.5663
1969-02-24,22.0,0.623
1969-02-25,21.0,0.5947
1969-02-26,19.0,0.538
1969-02-27,19.0,0.538
1969-02-28,18.0,0.5097
1969-03-01,18.0,0.5097
1969-03-02,19.0,0.538
1969-03-03,17.0,0.4814
1969-03-04,17.0,0.4814
1969-03-05,18.0,0.5097
1969-03-06,18.0,0.5097
1969-03-07,17.0,0.4814
1969-03-08,18.0,0.5097
1969-03-09,16.0,0.4531
1969-03-10,17.0,0.4814
1969-03-11,17.0,0.4814
1969-03-12,17.0,0.4814
1969-03-13,17.0,0.4814
1969-03-14,18.0,0.5097
1969-03-15,26.0,0.7362
1969-03-16,25.0,0.7079
1969-03-17,22.0,0.623
1969-03-18,23.0,0.6513
1969-03-19,28.0,0.7929
1969-03-20,27.0,0.7646
1969-03-21,25.0,0.7079
1969-03-22,23.0,0.6513
1969-03-23,22.0,0.623
1969-03-24,20.0,0.5663
1969-03-25,16.0,0.4531
1969-03-26,16.0,0.4531
1969-03-27,17.0,0.4814
1969-03-28,17.0,0.4814
1969-03-29,17.0,0.4814
1969-03-30,16.0,0.4531
1969-03-31,16.0,0.4531
1969-04-01,16.0,0.4531
1969-04-02,17.0,0.4814
1969-04-03,16.0,0.4531
1969-04-04,16.0,0.4531
1969-04-05,16.0,0.4531
1969-04-06,16.0,0.4531
1969-04-07,16.0,0.4531
1969-04-08,18.0,0.5097
1969-04-09,15.0,0.4248
1969-04-10,21.0,0.5947
1969-04-11,87.0,2.4636
1969-04-12,44.0,1.2459
1969-04-13,26.0,0.7362
1969-04-14,33.0,0.9345
1969-04-15,28.0,0.7929
1969-04-16,23.0,0.6513
1969-04-17,21.0,0.5947
1969-04-18,20.0,0.5663
1969-04-19,18.0,0.5097
1969-04-20,20.0,0.5663
1969-04-21,20.0,0.5663
1969-04-22,17.0,0.4814
1969-04-23,16.0,0.4531
1969-04-24,16.0,0.4531
1969-04-25,16.0,0.4531
1969-04-26,15.0,0.4248
1969-04-27,16.0,0.4531
1969-04-28,15.0,0.4248
1969-04-29,15.0,0.4248
1969-04-30,13.0,0.3681
1969-05-01,13.0,0.3681
1969-05-02,14.0,0.3964
1969-05-03,16.0,0.4531
1969-05-04,15.0,0.4248
1969-05-05,21.0,0.5947
1969-05-06,61.0,1.7273
1969-05-07,41.0,1.161
1969-05-08,22.0,0.623
1969-05-09,16.0,0.4531
1969-05-10,17.0,0.4814
1969-05-11,18.0,0.5097
1969-05-12,20.0,0.5663
1969-05-13,21.0,0.5947
1969-05-14,19.0,0.538
1969-05-15,14.0,0.3964
1969-05-16,13.0,0.3681
1969-05-17,12.0,0.3398
1969-05-18,12.0,0.3398
1969-05-19,14.0,0.3964
1969-05-20,16.0,0.4531
1969-05-21,16.0,0.4531
1969-05-22,16.0,0.4531
1969-05-23,15.0,0.4248
1969-05-24,12.0,0.3398
1969-05-25,14.0,0.3964
1969-05-26,28.0,0.7929
1969-05-27,20.0,0.5663
1969-05-28,14.0,0.3964
1969-05-29,13.0,0.3681
1969-05-30,10.0,0.2832
1969-05-31,11.0,0.3115
1969-06-01,9.5,0.269
1969-06-02,9.0,0.2549
1969-06-03,9.5,0.269
1969-06-04,15.0,0.4248
1969-06-05,18.0,0.5097
1969-06-06,17.0,0.4814
1969-06-07,14.0,0.3964
1969-06-08,12.0,0.3398
1969-06-09,11.0,0.3115
1969-06-10,14.0,0.3964
1969-06-11,19.0,0.538
1969-06-12,16.0,0.4531
1969-06-13,13.0,0.3681
1969-06-14,14.0,0.3964
1969-06-15,12.0,0.3398
1969-06-16,12.0,0.3398
1969-06-17,12.0,0.3398
1969-06-18,15.0,0.4248
1969-06-19,18.0,0.5097
1969-06-20,15.0,0.4248
1969-06-21,12.0,0.3398
1969-06-22,11.0,0.3115
1969-06-23,10.0,0.2832
1969-06-24,10.0,0.2832
1969-06-25,12.0,0.3398
1969-06-26,12.0,0.3398
1969-06-27,11.0,0.3115
1969-06-28,10.0,0.2832
1969-06-29,12.0,0.3398
1969-06-30,14.0,0.3964
1969-07-01,13.0,0.3681
1969-07-02,12.0,0.3398
1969-07-03,12.0,0.3398
1969-07-04,12.0,0.3398
1969-07-05,9.5,0.269
1969-07-06,109.0,3.0865
1969-07-07,14.0,0.3964
1969-07-08,15.0,0.4248
1969-07-09,13.0,0.3681
1969-07-10,12.0,0.3398
1969-07-11,11.0,0.3115
1969-07-12,8.5,0.2407
1969-07-13,7.2,0.2039
1969-07-14,6.4,0.1812
1969-07-15,6.8,0.1926
1969-07-16,7.2,0.2039
1969-07-17,7.6,0.2152
1969-07-18,7.6,0.2152
1969-07-19,11.0,0.3115
1969-07-20,12.0,0.3398
1969-07-21,11.0,0.3115
1969-07-22,10.0,0.2832
1969-07-23,7.2,0.2039
1969-07-24,6.4,0.1812
1969-07-25,7.6,0.2152
1969-07-26,8.1,0.2294
1969-07-27,7.2,0.2039
1969-07-28,7.6,0.2152
1969-07-29,8.5,0.2407
1969-07-30,9.0,0.2549
1969-07-31,12.0,0.3398
1969-08-01,11.0,0.3115
1969-08-02,10.0,0.2832
1969-08-03,9.5,0.269
1969-08-04,9.0,0.2549
1969-08-05,8.5,0.2407
1969-08-06,8.1,0.2294
1969-08-07,7.6,0.2152
1969-08-08,21.0,0.5947
1969-08-09,14.0,0.3964
1969-08-10,10.0,0.2832
1969-08-11,10.0,0.2832
1969-08-12,10.0,0.2832
1969-08-13,7.6,0.2152
1969-08-14,8.1,0.2294
1969-08-15,8.5,0.2407
1969-08-16,8.5,0.2407
1969-08-17,9.0,0.2549
1969-08-18,9.5,0.269
1969-08-19,10.0,0.2832
1969-08-20,15.0,0.4248
1969-08-21,18.0,0.5097
1969-08-22,14.0,0.3964
1969-08-23,9.0,0.2549
1969-08-24,8.1,0.2294
1969-08-25,8.1,0.2294
1969-08-26,9.5,0.269
1969-08-27,11.0,0.3115
1969-08-28,10.0,0.2832
1969-08-29,12.0,0.3398
1969-08-30,186.0,5.2669
1969-08-31,696.0,19.7085
1969-09-01,126.0,3.5679
1969-09-02,49.0,1.3875
1969-09-03,27.0,0.7646
1969-09-04,16.0,0.4531
1969-09-05,12.0,0.3398
1969-09-06,10.0,0.2832
1969-09-07,9.0,0.2549
1969-09-08,9.5,0.269
1969-09-09,15.0,0.4248
1969-09-10,15.0,0.4248
1969-09-11,45.0,1.2743
1969-09-12,19.0,0.538
1969-09-13,18.0,0.5097
1969-09-14,15.0,0.4248
1969-09-15,13.0,0.3681
1969-09-16,16.0,0.4531
1969-09-17,16.0,0.4531
1969-09-18,16.0,0.4531
1969-09-19,16.0,0.4531
1969-09-20,17.0,0.4814
1969-09-21,258.0,7.3057
1969-09-22,189.0,5.3519
1969-09-23,434.0,12.2895
1969-09-24,137.0,3.8794
1969-09-25,304.0,8.6083
1969-09-26,177.0,5.0121
1969-09-27,72.0,2.0388
1969-09-28,42.0,1.1893
1969-09-29,31.0,0.8778
1969-09-30,26.0,0.7362
1969-10-01,24.0,0.6796
1969-10-02,21.0,0.5947
1969-10-03,18.0,0.5097
1969-10-04,17.0,0.4814
1969-10-05,18.0,0.5097
1969-10-06,117.0,3.3131
1969-10-07,44.0,1.2459
1969-10-08,32.0,0.9061
1969-10-09,23.0,0.6513
1969-10-10,20.0,0.5663
1969-10-11,20.0,0.5663
1969-10-12,19.0,0.538
1969-10-13,18.0,0.5097
1969-10-14,18.0,0.5097
1969-10-15,18.0,0.5097
1969-10-16,18.0,0.5097
1969-10-17,18.0,0.5097
1969-10-18,18.0,0.5097
1969-10-19,19.0,0.538
1969-10-20,26.0,0.7362
1969-10-21,7680.0,217.473
1969-10-22,4620.0,130.8236
1969-10-23,782.0,22.1437
1969-10-24,271.0,7.6739
1969-10-25,152.0,4.3042
1969-10-26,282.0,7.9853
1969-10-27,575.0,16.2822
1969-10-28,222.0,6.2863
1969-10-29,608.0,17.2166
1969-10-30,280.0,7.9287
1969-10-31,425.0,12.0346
1969-11-01,398.0,11.2701
1969-11-02,283.0,8.0137
1969-11-03,234.0,6.6261
1969-11-04,214.0,6.0598
1969-11-05,204.0,5.7766
1969-11-06,173.0,4.8988
1969-11-07,140.0,3.9644
1969-11-08,116.0,3.2847
1969-11-09,105.0,2.9733
1969-11-10,110.0,3.1148
1969-11-11,134.0,3.7945
1969-11-12,125.0,3.5396
1969-11-13,124.0,3.5113
1969-11-14,118.0,3.3414
1969-11-15,113.0,3.1998
1969-11-16,110.0,3.1148
1969-11-17,95.0,2.6901
1969-11-18,74.0,2.0954
1969-11-19,74.0,2.0954
1969-11-20,94.0,2.6618
1969-11-21,79.0,2.237
1969-11-22,66.0,1.8689
1969-11-23,64.0,1.8123
1969-11-24,64.0,1.8123
1969-11-25,62.0,1.7556
1969-11-26,67.0,1.8972
1969-11-27,68.0,1.9255
1969-11-28,71.0,2.0105
1969-11-29,71.0,2.0105
1969-11-30,71.0,2.0105
1969-12-01,70.0,1.9822
1969-12-02,68.0,1.9255
1969-12-03,68.0,1.9255
1969-12-04,68.0,1.9255
1969-12-05,67.0,1.8972
1969-12-06,76.0,2.1521
1969-12-07,82.0,2.322
1969-12-08,83.0,2.3503
1969-12-09,80.0,2.2653
1969-12-10,80.0,2.2653
1969-12-11,79.0,2.237
1969-12-12,80.0,2.2653
1969-12-13,79.0,2.237
1969-12-14,82.0,2.322
1969-12-15,95.0,2.6901
1969-12-16,113.0,3.1998
1969-12-17,116.0,3.2847
1969-12-18,111.0,3.1432
1969-12-19,92.0,2.6051
1969-12-20,76.0,2.1521
1969-12-21,66.0,1.8689
1969-12-22,65.0,1.8406
1969-12-23,67.0,1.8972
1969-12-24,61.0,1.7273
1969-12-25,58.0,1.6424
1969-12-26,55.0,1.5574
1969-12-27,46.0,1.3026
1969-12-28,55.0,1.5574
1969-12-29,88.0,2.4919
1969-12-30,79.0,2.237
1969-12-31,80.0,2.2653
1970-01-01,92.0,2.6051
1970-01-02,92.0,2.6051
1970-01-03,94.0,2.6618
1970-01-04,94.0,2.6618
1970-01-05,95.0,2.6901
1970-01-06,88.0,2.4919
1970-01-07,71.0,2.0105
1970-01-08,78.0,2.2087
1970-01-09,79.0,2.237
1970-01-10,80.0,2.2653
1970-01-11,80.0,2.2653
1970-01-12,80.0,2.2653
1970-01-13,80.0,2.2653
1970-01-14,71.0,2.0105
1970-01-15,74.0,2.0954
1970-01-16,72.0,2.0388
1970-01-17,76.0,2.1521
1970-01-18,80.0,2.2653
1970-01-19,89.0,2.5202
1970-01-20,88.0,2.4919
1970-01-21,84.0,2.3786
1970-01-22,84.0,2.3786
1970-01-23,84.0,2.3786
1970-01-24,82.0,2.322
1970-01-25,71.0,2.0105
1970-01-26,75.0,2.1238
1970-01-27,80.0,2.2653
1970-01-28,79.0,2.237
1970-01-29,64.0,1.8123
1970-01-30,65.0,1.8406
1970-01-31,67.0,1.8972
1970-02-01,58.0,1.6424
1970-02-02,54.0,1.5291
1970-02-03,60.0,1.699
1970-02-04,62.0,1.7556
1970-02-05,61.0,1.7273
1970-02-06,58.0,1.6424
1970-02-07,53.0,1.5008
1970-02-08,52.0,1.4725
1970-02-09,51.0,1.4442
1970-02-10,52.0,1.4725
1970-02-11,68.0,1.9255
1970-02-12,61.0,1.7273
1970-02-13,47.0,1.3309
1970-02-14,50.0,1.4158
1970-02-15,59.0,1.6707
1970-02-16,53.0,1.5008
1970-02-17,55.0,1.5574
1970-02-18,48.0,1.3592
1970-02-19,39.0,1.1044
1970-02-20,53.0,1.5008
1970-02-21,51.0,1.4442
1970-02-22,47.0,1.3309
1970-02-23,54.0,1.5291
1970-02-24,61.0,1.7273
1970-02-25,61.0,1.7273
1970-02-26,61.0,1.7273
1970-02-27,60.0,1.699
1970-02-28,56.0,1.5857
1970-03-01,55.0,1.5574
1970-03-02,55.0,1.5574
1970-03-03,52.0,1.4725
1970-03-04,56.0,1.5857
1970-03-05,78.0,2.2087
1970-03-06,67.0,1.8972
1970-03-07,79.0,2.237
1970-03-08,211.0,5.9748
1970-03-09,126.0,3.5679
1970-03-10,92.0,2.6051
1970-03-11,82.0,2.322
1970-03-12,82.0,2.322
1970-03-13,88.0,2.4919
1970-03-14,86.0,2.4352
1970-03-15,86.0,2.4352
1970-03-16,82.0,2.322
1970-03-17,71.0,2.0105
1970-03-18,70.0,1.9822
1970-03-19,70.0,1.9822
1970-03-20,74.0,2.0954
1970-03-21,74.0,2.0954
1970-03-22,72.0,2.0388
1970-03-23,55.0,1.5574
1970-03-24,40.0,1.1327
1970-03-25,32.0,0.9061
1970-03-26,27.0,0.7646
1970-03-27,27.0,0.7646
1970-03-28,26.0,0.7362
1970-03-29,25.0,0.7079
1970-03-30,27.0,0.7646
1970-03-31,27.0,0.7646
1970-04-01,26.0,0.7362
1970-04-02,23.0,0.6513
1970-04-03,23.0,0.6513
1970-04-04,28.0,0.7929
1970-04-05,29.0,0.8212
1970-04-06,30.0,0.8495
1970-04-07,29.0,0.8212
1970-04-08,27.0,0.7646
1970-04-09,26.0,0.7362
1970-04-10,27.0,0.7646
1970-04-11,24.0,0.6796
1970-04-12,24.0,0.6796
1970-04-13,22.0,0.623
1970-04-14,22.0,0.623
1970-04-15,23.0,0.6513
1970-04-16,24.0,0.6796
1970-04-17,26.0,0.7362
1970-04-18,25.0,0.7079
1970-04-19,24.0,0.6796
1970-04-20,27.0,0.7646
1970-04-21,28.0,0.7929
1970-04-22,24.0,0.6796
1970-04-23,24.0,0.6796
1970-04-24,24.0,0.6796
1970-04-25,24.0,0.6796
1970-04-26,22.0,0.623
1970-04-27,21.0,0.5947
1970-04-28,21.0,0.5947
1970-04-29,20.0,0.5663
1970-04-30,21.0,0.5947
1970-05-01,27.0,0.7646
1970-05-02,32.0,0.9061
1970-05-03,35.0,0.9911
1970-05-04,38.0,1.076
1970-05-05,38.0,1.076
1970-05-06,33.0,0.9345
1970-05-07,22.0,0.623
1970-05-08,20.0,0.5663
1970-05-09,20.0,0.5663
1970-05-10,19.0,0.538
1970-05-11,24.0,0.6796
1970-05-12,28.0,0.7929
1970-05-13,28.0,0.7929
1970-05-14,28.0,0.7929
1970-05-15,32.0,0.9061
1970-05-16,32.0,0.9061
1970-05-17,29.0,0.8212
1970-05-18,29.0,0.8212
1970-05-19,29.0,0.8212
1970-05-20,28.0,0.7929
1970-05-21,28.0,0.7929
1970-05-22,27.0,0.7646
1970-05-23,25.0,0.7079
1970-05-24,34.0,0.9628
1970-05-25,30.0,0.8495
1970-05-26,34.0,0.9628
1970-05-27,27.0,0.7646
1970-05-28,30.0,0.8495
1970-05-29,24.0,0.6796
1970-05-30,19.0,0.538
1970-05-31,18.0,0.5097
1970-06-01,17.0,0.4814
1970-06-02,19.0,0.538
1970-06-03,17.0,0.4814
1970-06-04,15.0,0.4248
1970-06-05,13.0,0.3681
1970-06-06,16.0,0.4531
1970-06-07,19.0,0.538
1970-06-08,17.0,0.4814
1970-06-09,17.0,0.4814
1970-06-10,20.0,0.5663
1970-06-11,20.0,0.5663
1970-06-12,18.0,0.5097
1970-06-13,17.0,0.4814
1970-06-14,18.0,0.5097
1970-06-15,19.0,0.538
1970-06-16,17.0,0.4814
1970-06-17,12.0,0.3398
1970-06-18,12.0,0.3398
1970-06-19,14.0,0.3964
1970-06-20,12.0,0.3398
1970-06-21,11.0,0.3115
1970-06-22,64.0,1.8123
1970-06-23,111.0,3.1432
1970-06-24,44.0,1.2459
1970-06-25,27.0,0.7646
1970-06-26,24.0,0.6796
1970-06-27,18.0,0.5097
1970-06-28,18.0,0.5097
1970-06-29,17.0,0.4814
1970-06-30,26.0,0.7362
1970-07-01,71.0,2.0105
1970-07-02,28.0,0.7929
1970-07-03,19.0,0.538
1970-07-04,23.0,0.6513
1970-07-05,24.0,0.6796
1970-07-06,22.0,0.623
1970-07-07,25.0,0.7079
1970-07-08,17.0,0.4814
1970-07-09,19.0,0.538
1970-07-10,20.0,0.5663
1970-07-11,24.0,0.6796
1970-07-12,24.0,0.6796
1970-07-13,19.0,0.538
1970-07-14,16.0,0.4531
1970-07-15,14.0,0.3964
1970-07-16,14.0,0.3964
1970-07-17,14.0,0.3964
1970-07-18,13.0,0.3681
1970-07-19,15.0,0.4248
1970-07-20,15.0,0.4248
1970-07-21,14.0,0.3964
1970-07-22,14.0,0.3964
1970-07-23,14.0,0.3964
1970-07-24,18.0,0.5097
1970-07-25,18.0,0.5097
1970-07-26,11.0,0.3115
1970-07-27,10.0,0.2832
1970-07-28,9.7,0.2747
1970-07-29,10.0,0.2832
1970-07-30,9.7,0.2747
1970-07-31,9.7,0.2747
1970-08-01,8.2,0.2322
1970-08-02,8.2,0.2322
1970-08-03,8.2,0.2322
1970-08-04,8.8,0.2492
1970-08-05,9.7,0.2747
1970-08-06,13.0,0.3681
1970-08-07,15.0,0.4248
1970-08-08,15.0,0.4248
1970-08-09,12.0,0.3398
1970-08-10,24.0,0.6796
1970-08-11,21.0,0.5947
1970-08-12,25.0,0.7079
1970-08-13,21.0,0.5947
1970-08-14,17.0,0.4814
1970-08-15,15.0,0.4248
1970-08-16,14.0,0.3964
1970-08-17,15.0,0.4248
1970-08-18,14.0,0.3964
1970-08-19,16.0,0.4531
1970-08-20,22.0,0.623
1970-08-21,19.0,0.538
1970-08-22,20.0,0.5663
1970-08-23,15.0,0.4248
1970-08-24,14.0,0.3964
1970-08-25,13.0,0.3681
1970-08-26,12.0,0.3398
1970-08-27,10.0,0.2832
1970-08-28,9.1,0.2577
1970-08-29,5.6,0.1586
1970-08-30,8.6,0.2435
1970-08-31,15.0,0.4248
1970-09-01,17.0,0.4814
1970-09-02,13.0,0.3681
1970-09-03,16.0,0.4531
1970-09-04,16.0,0.4531
1970-09-05,14.0,0.3964
1970-09-06,13.0,0.3681
1970-09-07,22.0,0.623
1970-09-08,22.0,0.623
1970-09-09,17.0,0.4814
1970-09-10,14.0,0.3964
1970-09-11,19.0,0.538
1970-09-12,22.0,0.623
1970-09-13,20.0,0.5663
1970-09-14,20.0,0.5663
1970-09-15,21.0,0.5947
1970-09-16,415.0,11.7515
1970-09-17,467.0,13.2239
1970-09-18,142.0,4.021
1970-09-19,64.0,1.8123
1970-09-20,41.0,1.161
1970-09-21,32.0,0.9061
1970-09-22,29.0,0.8212
1970-09-23,26.0,0.7362
1970-09-24,22.0,0.623
1970-09-25,24.0,0.6796
1970-09-26,24.0,0.6796
1970-09-27,24.0,0.6796
1970-09-28,28.0,0.7929
1970-09-29,32.0,0.9061
1970-09-30,31.0,0.8778
1970-10-01,28.0,0.7929
1970-10-02,29.0,0.8212
1970-10-03,28.0,0.7929
1970-10-04,28.0,0.7929
1970-10-05,27.0,0.7646
1970-10-06,32.0,0.9061
1970-10-07,41.0,1.161
1970-10-08,34.0,0.9628
1970-10-09,35.0,0.9911
1970-10-10,42.0,1.1893
1970-10-11,48.0,1.3592
1970-10-12,48.0,1.3592
1970-10-13,50.0,1.4158
1970-10-14,51.0,1.4442
1970-10-15,52.0,1.4725
1970-10-16,59.0,1.6707
1970-10-17,58.0,1.6424
1970-10-18,59.0,1.6707
1970-10-19,55.0,1.5574
1970-10-20,55.0,1.5574
1970-10-21,55.0,1.5574
1970-10-22,49.0,1.3875
1970-10-23,39.0,1.1044
1970-10-24,40.0,1.1327
1970-10-25,40.0,1.1327
1970-10-26,41.0,1.161
1970-10-27,43.0,1.2176
1970-10-28,39.0,1.1044
1970-10-29,39.0,1.1044
1970-10-30,38.0,1.076
1970-10-31,37.0,1.0477
1970-11-01,37.0,1.0477
1970-11-02,37.0,1.0477
1970-11-03,37.0,1.0477
1970-11-04,35.0,0.9911
1970-11-05,34.0,0.9628
1970-11-06,32.0,0.9061
1970-11-07,32.0,0.9061
1970-11-08,35.0,0.9911
1970-11-09,35.0,0.9911
1970-11-10,39.0,1.1044
1970-11-11,43.0,1.2176
1970-11-12,42.0,1.1893
1970-11-13,44.0,1.2459
1970-11-14,42.0,1.1893
1970-11-15,43.0,1.2176
1970-11-16,42.0,1.1893
1970-11-17,45.0,1.2743
1970-11-18,46.0,1.3026
1970-11-19,44.0,1.2459
1970-11-20,44.0,1.2459
1970-11-21,48.0,1.3592
1970-11-22,47.0,1.3309
1970-11-23,42.0,1.1893
1970-11-24,43.0,1.2176
1970-11-25,44.0,1.2459
1970-11-26,44.0,1.2459
1970-11-27,45.0,1.2743
1970-11-28,45.0,1.2743
1970-11-29,45.0,1.2743
1970-11-30,49.0,1.3875
1970-12-01,50.0,1.4158
1970-12-02,51.0,1.4442
1970-12-03,51.0,1.4442
1970-12-04,51.0,1.4442
1970-12-05,51.0,1.4442
1970-12-06,50.0,1.4158
1970-12-07,50.0,1.4158
1970-12-08,50.0,1.4158
1970-12-09,50.0,1.4158
1970-12-10,51.0,1.4442
1970-12-11,52.0,1.4725
1970-12-12,52.0,1.4725
1970-12-13,50.0,1.4158
1970-12-14,47.0,1.3309
1970-12-15,48.0,1.3592
1970-12-16,48.0,1.3592
1970-12-17,49.0,1.3875
1970-12-18,59.0,1.6707
1970-12-19,50.0,1.4158
1970-12-20,41.0,1.161
1970-12-21,48.0,1.3592
1970-12-22,48.0,1.3592
1970-12-23,46.0,1.3026
1970-12-24,47.0,1.3309
1970-12-25,48.0,1.3592
1970-12-26,48.0,1.3592
1970-12-27,48.0,1.3592
1970-12-28,48.0,1.3592
1970-12-29,47.0,1.3309
1970-12-30,48.0,1.3592
1970-12-31,48.0,1.3592
1971-01-01,48.0,1.3592
1971-01-02,49.0,1.3875
1971-01-03,52.0,1.4725
1971-01-04,52.0,1.4725
1971-01-05,53.0,1.5008
1971-01-06,54.0,1.5291
1971-01-07,52.0,1.4725
1971-01-08,52.0,1.4725
1971-01-09,52.0,1.4725
1971-01-10,53.0,1.5008
1971-01-11,54.0,1.5291
1971-01-12,54.0,1.5291
1971-01-13,53.0,1.5008
1971-01-14,52.0,1.4725
1971-01-15,53.0,1.5008
1971-01-16,56.0,1.5857
1971-01-17,52.0,1.4725
1971-01-18,48.0,1.3592
1971-01-19,47.0,1.3309
1971-01-20,47.0,1.3309
1971-01-21,47.0,1.3309
1971-01-22,45.0,1.2743
1971-01-23,39.0,1.1044
1971-01-24,38.0,1.076
1971-01-25,40.0,1.1327
1971-01-26,39.0,1.1044
1971-01-27,38.0,1.076
1971-01-28,36.0,1.0194
1971-01-29,34.0,0.9628
1971-01-30,31.0,0.8778
1971-01-31,31.0,0.8778
1971-02-01,30.0,0.8495
1971-02-02,28.0,0.7929
1971-02-03,28.0,0.7929
1971-02-04,27.0,0.7646
1971-02-05,24.0,0.6796
1971-02-06,26.0,0.7362
1971-02-07,27.0,0.7646
1971-02-08,26.0,0.7362
1971-02-09,24.0,0.6796
1971-02-10,24.0,0.6796
1971-02-11,24.0,0.6796
1971-02-12,25.0,0.7079
1971-02-13,25.0,0.7079
1971-02-14,26.0,0.7362
1971-02-15,25.0,0.7079
1971-02-16,24.0,0.6796
1971-02-17,24.0,0.6796
1971-02-18,23.0,0.6513
1971-02-19,24.0,0.6796
1971-02-20,23.0,0.6513
1971-02-21,41.0,1.161
1971-02-22,41.0,1.161
1971-02-23,31.0,0.8778
1971-02-24,27.0,0.7646
1971-02-25,23.0,0.6513
1971-02-26,23.0,0.6513
1971-02-27,21.0,0.5947
1971-02-28,27.0,0.7646
1971-03-01,36.0,1.0194
1971-03-02,39.0,1.1044
1971-03-03,39.0,1.1044
1971-03-04,36.0,1.0194
1971-03-05,36.0,1.0194
1971-03-06,38.0,1.076
1971-03-07,37.0,1.0477
1971-03-08,40.0,1.1327
1971-03-09,38.0,1.076
1971-03-10,36.0,1.0194
1971-03-11,43.0,1.2176
1971-03-12,51.0,1.4442
1971-03-13,51.0,1.4442
1971-03-14,50.0,1.4158
1971-03-15,40.0,1.1327
1971-03-16,34.0,0.9628
1971-03-17,31.0,0.8778
1971-03-18,31.0,0.8778
1971-03-19,33.0,0.9345
1971-03-20,33.0,0.9345
1971-03-21,30.0,0.8495
1971-03-22,30.0,0.8495
1971-03-23,28.0,0.7929
1971-03-24,27.0,0.7646
1971-03-25,25.0,0.7079
1971-03-26,21.0,0.5947
1971-03-27,28.0,0.7929
1971-03-28,21.0,0.5947
1971-03-29,20.0,0.5663
1971-03-30,20.0,0.5663
1971-03-31,16.0,0.4531
1971-04-01,14.0,0.3964
1971-04-02,22.0,0.623
1971-04-03,24.0,0.6796
1971-04-04,22.0,0.623
1971-04-05,23.0,0.6513
1971-04-06,20.0,0.5663
1971-04-07,24.0,0.6796
1971-04-08,19.0,0.538
1971-04-09,17.0,0.4814
1971-04-10,19.0,0.538
1971-04-11,15.0,0.4248
1971-04-12,12.0,0.3398
1971-04-13,13.0,0.3681
1971-04-14,12.0,0.3398
1971-04-15,11.0,0.3115
1971-04-16,7.7,0.218
1971-04-17,6.4,0.1812
1971-04-18,10.0,0.2832
1971-04-19,9.1,0.2577
1971-04-20,12.0,0.3398
1971-04-21,15.0,0.4248
1971-04-22,11.0,0.3115
1971-04-23,27.0,0.7646
1971-04-24,25.0,0.7079
1971-04-25,18.0,0.5097
1971-04-26,15.0,0.4248
1971-04-27,12.0,0.3398
1971-04-28,9.7,0.2747
1971-04-29,9.7,0.2747
1971-04-30,9.7,0.2747
1971-05-01,15.0,0.4248
1971-05-02,12.0,0.3398
1971-05-03,9.7,0.2747
1971-05-04,8.2,0.2322
1971-05-05,6.4,0.1812
1971-05-06,4.7,0.1331
1971-05-07,4.7,0.1331
1971-05-08,4.7,0.1331
1971-05-09,4.7,0.1331
1971-05-10,4.7,0.1331
1971-05-11,4.3,0.1218
1971-05-12,6.9,0.1954
1971-05-13,9.7,0.2747
1971-05-14,8.2,0.2322
1971-05-15,10.0,0.2832
1971-05-16,11.0,0.3115
1971-05-17,8.6,0.2435
1971-05-18,7.3,0.2067
1971-05-19,6.4,0.1812
1971-05-20,6.0,0.1699
1971-05-21,6.0,0.1699
1971-05-22,7.7,0.218
1971-05-23,9.1,0.2577
1971-05-24,8.2,0.2322
1971-05-25,7.7,0.218
1971-05-26,7.7,0.218
1971-05-27,11.0,0.3115
1971-05-28,8.6,0.2435
1971-05-29,8.2,0.2322
1971-05-30,7.7,0.218
1971-05-31,9.7,0.2747
1971-06-01,9.1,0.2577
1971-06-02,11.0,0.3115
1971-06-03,6.9,0.1954
1971-06-04,4.1,0.1161
1971-06-05,3.8,0.1076
1971-06-06,5.0,0.1416
1971-06-07,5.0,0.1416
1971-06-08,5.0,0.1416
1971-06-09,5.0,0.1416
1971-06-10,5.0,0.1416
1971-06-11,4.7,0.1331
1971-06-12,4.7,0.1331
1971-06-13,4.7,0.1331
1971-06-14,7.3,0.2067
1971-06-15,7.3,0.2067
1971-06-16,5.0,0.1416
1971-06-17,3.6,0.1019
1971-06-18,3.3,0.0934
1971-06-19,22.0,0.623
1971-06-20,4.4,0.1246
1971-06-21,1.8,0.051
1971-06-22,1.5,0.0425
1971-06-23,1.2,0.034
1971-06-24,1.1,0.0311
1971-06-25,0.96,0.0272
1971-06-26,1.2,0.034
1971-06-27,3.8,0.1076
1971-06-28,5.7,0.1614
1971-06-29,4.7,0.1331
1971-06-30,3.3,0.0934
1971-07-01,3.0,0.085
1971-07-02,3.3,0.0934
1971-07-03,4.7,0.1331
1971-07-04,6.9,0.1954
1971-07-05,8.2,0.2322
1971-07-06,7.3,0.2067
1971-07-07,5.3,0.1501
1971-07-08,3.3,0.0934
1971-07-09,3.3,0.0934
1971-07-10,3.3,0.0934
1971-07-11,3.6,0.1019
1971-07-12,3.8,0.1076
1971-07-13,6.1,0.1727
1971-07-14,5.0,0.1416
1971-07-15,5.0,0.1416
1971-07-16,5.7,0.1614
1971-07-17,4.1,0.1161
1971-07-18,2.4,0.068
1971-07-19,1.8,0.051
1971-07-20,1.8,0.051
1971-07-21,2.0,0.0566
1971-07-22,2.2,0.0623
1971-07-23,3.3,0.0934
1971-07-24,11.0,0.3115
1971-07-25,9.5,0.269
1971-07-26,27.0,0.7646
1971-07-27,64.0,1.8123
1971-07-28,45.0,1.2743
1971-07-29,18.0,0.5097
1971-07-30,125.0,3.5396
1971-07-31,54.0,1.5291
1971-08-01,126.0,3.5679
1971-08-02,53.0,1.5008
1971-08-03,21.0,0.5947
1971-08-04,12.0,0.3398
1971-08-05,11.0,0.3115
1971-08-06,9.7,0.2747
1971-08-07,8.2,0.2322
1971-08-08,6.9,0.1954
1971-08-09,4.4,0.1246
1971-08-10,7.3,0.2067
1971-08-11,7.7,0.218
1971-08-12,13.0,0.3681
1971-08-13,17.0,0.4814
1971-08-14,42.0,1.1893
1971-08-15,18.0,0.5097
1971-08-16,923.0,26.1364
1971-08-17,113.0,3.1998
1971-08-18,77.0,2.1804
1971-08-19,30.0,0.8495
1971-08-20,22.0,0.623
1971-08-21,19.0,0.538
1971-08-22,17.0,0.4814
1971-08-23,18.0,0.5097
1971-08-24,25.0,0.7079
1971-08-25,112.0,3.1715
1971-08-26,261.0,7.3907
1971-08-27,92.0,2.6051
1971-08-28,45.0,1.2743
1971-08-29,28.0,0.7929
1971-08-30,20.0,0.5663
1971-08-31,17.0,0.4814
1971-09-01,11.0,0.3115
1971-09-02,10.0,0.2832
1971-09-03,10.0,0.2832
1971-09-04,9.1,0.2577
1971-09-05,8.6,0.2435
1971-09-06,8.6,0.2435
1971-09-07,8.6,0.2435
1971-09-08,9.7,0.2747
1971-09-09,11.0,0.3115
1971-09-10,12.0,0.3398
1971-09-11,10.0,0.2832
1971-09-12,9.1,0.2577
1971-09-13,9.1,0.2577
1971-09-14,9.7,0.2747
1971-09-15,9.7,0.2747
1971-09-16,8.2,0.2322
1971-09-17,7.7,0.218
1971-09-18,9.1,0.2577
1971-09-19,9.1,0.2577
1971-09-20,9.1,0.2577
1971-09-21,11.0,0.3115
1971-09-22,111.0,3.1432
1971-09-23,289.0,8.1836
1971-09-24,106.0,3.0016
1971-09-25,67.0,1.8972
1971-09-26,42.0,1.1893
1971-09-27,30.0,0.8495
1971-09-28,24.0,0.6796
1971-09-29,22.0,0.623
1971-09-30,21.0,0.5947
1971-10-01,20.0,0.5663
1971-10-02,20.0,0.5663
1971-10-03,20.0,0.5663
1971-10-04,21.0,0.5947
1971-10-05,21.0,0.5947
1971-10-06,20.0,0.5663
1971-10-07,21.0,0.5947
1971-10-08,21.0,0.5947
1971-10-09,54.0,1.5291
1971-10-10,21.0,0.5947
1971-10-11,31.0,0.8778
1971-10-12,23.0,0.6513
1971-10-13,20.0,0.5663
1971-10-14,20.0,0.5663
1971-10-15,20.0,0.5663
1971-10-16,20.0,0.5663
1971-10-17,20.0,0.5663
1971-10-18,20.0,0.5663
1971-10-19,20.0,0.5663
1971-10-20,20.0,0.5663
1971-10-21,20.0,0.5663
1971-10-22,24.0,0.6796
1971-10-23,26.0,0.7362
1971-10-24,23.0,0.6513
1971-10-25,21.0,0.5947
1971-10-26,23.0,0.6513
1971-10-27,22.0,0.623
1971-10-28,20.0,0.5663
1971-10-29,20.0,0.5663
1971-10-30,19.0,0.538
1971-10-31,19.0,0.538
1971-11-01,18.0,0.5097
1971-11-02,19.0,0.538
1971-11-03,18.0,0.5097
1971-11-04,18.0,0.5097
1971-11-05,18.0,0.5097
1971-11-06,17.0,0.4814
1971-11-07,17.0,0.4814
1971-11-08,16.0,0.4531
1971-11-09,16.0,0.4531
1971-11-10,16.0,0.4531
1971-11-11,16.0,0.4531
1971-11-12,16.0,0.4531
1971-11-13,17.0,0.4814
1971-11-14,16.0,0.4531
1971-11-15,17.0,0.4814
1971-11-16,17.0,0.4814
1971-11-17,19.0,0.538
1971-11-18,20.0,0.5663
1971-11-19,20.0,0.5663
1971-11-20,21.0,0.5947
1971-11-21,21.0,0.5947
1971-11-22,20.0,0.5663
1971-11-23,20.0,0.5663
1971-11-24,20.0,0.5663
1971-11-25,20.0,0.5663
1971-11-26,21.0,0.5947
1971-11-27,20.0,0.5663
1971-11-28,20.0,0.5663
1971-11-29,19.0,0.538
1971-11-30,21.0,0.5947
1971-12-01,21.0,0.5947
1971-12-02,24.0,0.6796
1971-12-03,24.0,0.6796
1971-12-04,26.0,0.7362
1971-12-05,32.0,0.9061
1971-12-06,31.0,0.8778
1971-12-07,30.0,0.8495
1971-12-08,29.0,0.8212
1971-12-09,34.0,0.9628
1971-12-10,37.0,1.0477
1971-12-11,35.0,0.9911
1971-12-12,35.0,0.9911
1971-12-13,35.0,0.9911
1971-12-14,35.0,0.9911
1971-12-15,35.0,0.9911
1971-12-16,33.0,0.9345
1971-12-17,33.0,0.9345
1971-12-18,34.0,0.9628
1971-12-19,34.0,0.9628
1971-12-20,33.0,0.9345
1971-12-21,33.0,0.9345
1971-12-22,34.0,0.9628
1971-12-23,36.0,1.0194
1971-12-24,37.0,1.0477
1971-12-25,36.0,1.0194
1971-12-26,38.0,1.076
1971-12-27,39.0,1.1044
1971-12-28,40.0,1.1327
1971-12-29,40.0,1.1327
1971-12-30,39.0,1.1044
1971-12-31,38.0,1.076
1972-01-01,37.0,1.0477
1972-01-02,34.0,0.9628
1972-01-03,33.0,0.9345
1972-01-04,34.0,0.9628
1972-01-05,33.0,0.9345
1972-01-06,33.0,0.9345
1972-01-07,33.0,0.9345
1972-01-08,34.0,0.9628
1972-01-09,32.0,0.9061
1972-01-10,32.0,0.9061
1972-01-11,32.0,0.9061
1972-01-12,31.0,0.8778
1972-01-13,32.0,0.9061
1972-01-14,30.0,0.8495
1972-01-15,30.0,0.8495
1972-01-16,31.0,0.8778
1972-01-17,31.0,0.8778
1972-01-18,29.0,0.8212
1972-01-19,29.0,0.8212
1972-01-20,30.0,0.8495
1972-01-21,31.0,0.8778
1972-01-22,32.0,0.9061
1972-01-23,30.0,0.8495
1972-01-24,29.0,0.8212
1972-01-25,29.0,0.8212
1972-01-26,29.0,0.8212
1972-01-27,30.0,0.8495
1972-01-28,30.0,0.8495
1972-01-29,30.0,0.8495
1972-01-30,30.0,0.8495
1972-01-31,30.0,0.8495
1972-02-01,28.0,0.7929
1972-02-02,27.0,0.7646
1972-02-03,24.0,0.6796
1972-02-04,23.0,0.6513
1972-02-05,22.0,0.623
1972-02-06,23.0,0.6513
1972-02-07,22.0,0.623
1972-02-08,21.0,0.5947
1972-02-09,20.0,0.5663
1972-02-10,20.0,0.5663
1972-02-11,20.0,0.5663
1972-02-12,20.0,0.5663
1972-02-13,20.0,0.5663
1972-02-14,22.0,0.623
1972-02-15,23.0,0.6513
1972-02-16,20.0,0.5663
1972-02-17,20.0,0.5663
1972-02-18,20.0,0.5663
1972-02-19,20.0,0.5663
1972-02-20,20.0,0.5663
1972-02-21,20.0,0.5663
1972-02-22,20.0,0.5663
1972-02-23,17.0,0.4814
1972-02-24,14.0,0.3964
1972-02-25,11.0,0.3115
1972-02-26,16.0,0.4531
1972-02-27,22.0,0.623
1972-02-28,24.0,0.6796
1972-02-29,24.0,0.6796
1972-03-01,20.0,0.5663
1972-03-02,17.0,0.4814
1972-03-03,15.0,0.4248
1972-03-04,22.0,0.623
1972-03-05,23.0,0.6513
1972-03-06,23.0,0.6513
1972-03-07,26.0,0.7362
1972-03-08,30.0,0.8495
1972-03-09,29.0,0.8212
1972-03-10,27.0,0.7646
1972-03-11,24.0,0.6796
1972-03-12,22.0,0.623
1972-03-13,20.0,0.5663
1972-03-14,19.0,0.538
1972-03-15,19.0,0.538
1972-03-16,18.0,0.5097
1972-03-17,19.0,0.538
1972-03-18,19.0,0.538
1972-03-19,14.0,0.3964
1972-03-20,12.0,0.3398
1972-03-21,12.0,0.3398
1972-03-22,11.0,0.3115
1972-03-23,15.0,0.4248
1972-03-24,24.0,0.6796
1972-03-25,24.0,0.6796
1972-03-26,20.0,0.5663
1972-03-27,27.0,0.7646
1972-03-28,32.0,0.9061
1972-03-29,24.0,0.6796
1972-03-30,22.0,0.623
1972-03-31,20.0,0.5663
1972-04-01,19.0,0.538
1972-04-02,17.0,0.4814
1972-04-03,19.0,0.538
1972-04-04,18.0,0.5097
1972-04-05,19.0,0.538
1972-04-06,20.0,0.5663
1972-04-07,21.0,0.5947
1972-04-08,19.0,0.538
1972-04-09,17.0,0.4814
1972-04-10,17.0,0.4814
1972-04-11,16.0,0.4531
1972-04-12,15.0,0.4248
1972-04-13,15.0,0.4248
1972-04-14,14.0,0.3964
1972-04-15,13.0,0.3681
1972-04-16,12.0,0.3398
1972-04-17,11.0,0.3115
1972-04-18,12.0,0.3398
1972-04-19,12.0,0.3398
1972-04-20,12.0,0.3398
1972-04-21,14.0,0.3964
1972-04-22,10.0,0.2832
1972-04-23,11.0,0.3115
1972-04-24,11.0,0.3115
1972-04-25,12.0,0.3398
1972-04-26,12.0,0.3398
1972-04-27,10.0,0.2832
1972-04-28,8.2,0.2322
1972-04-29,8.2,0.2322
1972-04-30,10.0,0.2832
1972-05-01,9.7,0.2747
1972-05-02,12.0,0.3398
1972-05-03,13.0,0.3681
1972-05-04,11.0,0.3115
1972-05-05,9.1,0.2577
1972-05-06,6.1,0.1727
1972-05-07,6.4,0.1812
1972-05-08,13.0,0.3681
1972-05-09,21.0,0.5947
1972-05-10,21.0,0.5947
1972-05-11,25.0,0.7079
1972-05-12,22.0,0.623
1972-05-13,13.0,0.3681
1972-05-14,7.7,0.218
1972-05-15,6.9,0.1954
1972-05-16,9.7,0.2747
1972-05-17,7.7,0.218
1972-05-18,5.0,0.1416
1972-05-19,4.1,0.1161
1972-05-20,5.4,0.1529
1972-05-21,4.7,0.1331
1972-05-22,4.1,0.1161
1972-05-23,6.9,0.1954
1972-05-24,11.0,0.3115
1972-05-25,5.7,0.1614
1972-05-26,3.6,0.1019
1972-05-27,4.4,0.1246
1972-05-28,4.1,0.1161
1972-05-29,3.6,0.1019
1972-05-30,3.6,0.1019
1972-05-31,4.7,0.1331
1972-06-01,5.0,0.1416
1972-06-02,4.4,0.1246
1972-06-03,4.4,0.1246
1972-06-04,4.1,0.1161
1972-06-05,3.3,0.0934
1972-06-06,3.3,0.0934
1972-06-07,3.0,0.085
1972-06-08,2.8,0.0793
1972-06-09,2.6,0.0736
1972-06-10,2.4,0.068
1972-06-11,2.6,0.0736
1972-06-12,2.8,0.0793
1972-06-13,3.3,0.0934
1972-06-14,6.1,0.1727
1972-06-15,6.4,0.1812
1972-06-16,4.1,0.1161
1972-06-17,18.0,0.5097
1972-06-18,21.0,0.5947
1972-06-19,7.7,0.218
1972-06-20,14.0,0.3964
1972-06-21,11.0,0.3115
1972-06-22,9.1,0.2577
1972-06-23,7.7,0.218
1972-06-24,8.2,0.2322
1972-06-25,8.2,0.2322
1972-06-26,7.7,0.218
1972-06-27,7.3,0.2067
1972-06-28,6.9,0.1954
1972-06-29,6.9,0.1954
1972-06-30,6.4,0.1812
1972-07-01,11.0,0.3115
1972-07-02,7.7,0.218
1972-07-03,9.1,0.2577
1972-07-04,10.0,0.2832
1972-07-05,9.1,0.2577
1972-07-06,8.6,0.2435
1972-07-07,8.2,0.2322
1972-07-08,7.7,0.218
1972-07-09,7.7,0.218
1972-07-10,7.3,0.2067
1972-07-11,6.9,0.1954
1972-07-12,6.4,0.1812
1972-07-13,6.4,0.1812
1972-07-14,5.0,0.1416
1972-07-15,3.6,0.1019
1972-07-16,2.8,0.0793
1972-07-17,2.0,0.0566
1972-07-18,1.8,0.051
1972-07-19,350.0,9.9109
1972-07-20,350.0,9.9109
1972-07-21,97.0,2.7467
1972-07-22,32.0,0.9061
1972-07-23,17.0,0.4814
1972-07-24,11.0,0.3115
1972-07-25,9.7,0.2747
1972-07-26,12.0,0.3398
1972-07-27,9.1,0.2577
1972-07-28,5.3,0.1501
1972-07-29,4.1,0.1161
1972-07-30,3.6,0.1019
1972-07-31,3.3,0.0934
1972-08-01,3.0,0.085
1972-08-02,2.6,0.0736
1972-08-03,2.6,0.0736
1972-08-04,35.0,0.9911
1972-08-05,92.0,2.6051
1972-08-06,6.0,0.1699
1972-08-07,4.0,0.1133
1972-08-08,27.0,0.7646
1972-08-09,24.0,0.6796
1972-08-10,10.0,0.2832
1972-08-11,9.0,0.2549
1972-08-12,9.0,0.2549
1972-08-13,9.0,0.2549
1972-08-14,12.0,0.3398
1972-08-15,160.0,4.5307
1972-08-16,259.0,7.3341
1972-08-17,46.0,1.3026
1972-08-18,17.0,0.4814
1972-08-19,13.0,0.3681
1972-08-20,10.0,0.2832
1972-08-21,9.0,0.2549
1972-08-22,8.0,0.2265
1972-08-23,105.0,2.9733
1972-08-24,47.0,1.3309
1972-08-25,60.0,1.699
1972-08-26,20.0,0.5663
1972-08-27,15.0,0.4248
1972-08-28,13.0,0.3681
1972-08-29,12.0,0.3398
1972-08-30,13.0,0.3681
1972-08-31,12.0,0.3398
1972-09-01,13.0,0.3681
1972-09-02,246.0,6.9659
1972-09-03,812.0,22.9932
1972-09-04,287.0,8.1269
1972-09-05,1120.0,31.7148
1972-09-06,276.0,7.8154
1972-09-07,116.0,3.2847
1972-09-08,74.0,2.0954
1972-09-09,110.0,3.1148
1972-09-10,616.0,17.4431
1972-09-11,1700.0,48.1386
1972-09-12,631.0,17.8679
1972-09-13,1700.0,48.1386
1972-09-14,278.0,7.8721
1972-09-15,158.0,4.4741
1972-09-16,957.0,27.0992
1972-09-17,964.0,27.2974
1972-09-18,894.0,25.3152
1972-09-19,302.0,8.5517
1972-09-20,152.0,4.3042
1972-09-21,190.0,5.3802
1972-09-22,127.0,3.5962
1972-09-23,82.0,2.322
1972-09-24,66.0,1.8689
1972-09-25,53.0,1.5008
1972-09-26,44.0,1.2459
1972-09-27,40.0,1.1327
1972-09-28,39.0,1.1044
1972-09-29,40.0,1.1327
1972-09-30,35.0,0.9911
1972-10-01,32.0,0.9061
1972-10-02,32.0,0.9061
1972-10-03,32.0,0.9061
1972-10-04,37.0,1.0477
1972-10-05,47.0,1.3309
1972-10-06,47.0,1.3309
1972-10-07,46.0,1.3026
1972-10-08,38.0,1.076
1972-10-09,35.0,0.9911
1972-10-10,33.0,0.9345
1972-10-11,33.0,0.9345
1972-10-12,36.0,1.0194
1972-10-13,37.0,1.0477
1972-10-14,37.0,1.0477
1972-10-15,43.0,1.2176
1972-10-16,38.0,1.076
1972-10-17,43.0,1.2176
1972-10-18,44.0,1.2459
1972-10-19,41.0,1.161
1972-10-20,47.0,1.3309
1972-10-21,56.0,1.5857
1972-10-22,88.0,2.4919
1972-10-23,79.0,2.237
1972-10-24,64.0,1.8123
1972-10-25,62.0,1.7556
1972-10-26,61.0,1.7273
1972-10-27,53.0,1.5008
1972-10-28,55.0,1.5574
1972-10-29,51.0,1.4442
1972-10-30,49.0,1.3875
1972-10-31,47.0,1.3309
1972-11-01,48.0,1.3592
1972-11-02,62.0,1.7556
1972-11-03,52.0,1.4725
1972-11-04,44.0,1.2459
1972-11-05,39.0,1.1044
1972-11-06,36.0,1.0194
1972-11-07,36.0,1.0194
1972-11-08,35.0,0.9911
1972-11-09,32.0,0.9061
1972-11-10,28.0,0.7929
1972-11-11,29.0,0.8212
1972-11-12,28.0,0.7929
1972-11-13,25.0,0.7079
1972-11-14,30.0,0.8495
1972-11-15,42.0,1.1893
1972-11-16,48.0,1.3592
1972-11-17,49.0,1.3875
1972-11-18,54.0,1.5291
1972-11-19,59.0,1.6707
1972-11-20,60.0,1.699
1972-11-21,62.0,1.7556
1972-11-22,61.0,1.7273
1972-11-23,60.0,1.699
1972-11-24,58.0,1.6424
1972-11-25,54.0,1.5291
1972-11-26,58.0,1.6424
1972-11-27,59.0,1.6707
1972-11-28,53.0,1.5008
1972-11-29,51.0,1.4442
1972-11-30,50.0,1.4158
1972-12-01,50.0,1.4158
1972-12-02,51.0,1.4442
1972-12-03,51.0,1.4442
1972-12-04,50.0,1.4158
1972-12-05,51.0,1.4442
1972-12-06,48.0,1.3592
1972-12-07,48.0,1.3592
1972-12-08,50.0,1.4158
1972-12-09,48.0,1.3592
1972-12-10,47.0,1.3309
1972-12-11,50.0,1.4158
1972-12-12,52.0,1.4725
1972-12-13,51.0,1.4442
1972-12-14,52.0,1.4725
1972-12-15,53.0,1.5008
1972-12-16,51.0,1.4442
1972-12-17,52.0,1.4725
1972-12-18,52.0,1.4725
1972-12-19,51.0,1.4442
1972-12-20,51.0,1.4442
1972-12-21,52.0,1.4725
1972-12-22,52.0,1.4725
1972-12-23,53.0,1.5008
1972-12-24,50.0,1.4158
1972-12-25,51.0,1.4442
1972-12-26,50.0,1.4158
1972-12-27,52.0,1.4725
1972-12-28,52.0,1.4725
1972-12-29,54.0,1.5291
1972-12-30,56.0,1.5857
1972-12-31,58.0,1.6424
1973-01-01,60.0,1.699
1973-01-02,55.0,1.5574
1973-01-03,51.0,1.4442
1973-01-04,52.0,1.4725
1973-01-05,53.0,1.5008
1973-01-06,56.0,1.5857
1973-01-07,54.0,1.5291
1973-01-08,54.0,1.5291
1973-01-09,54.0,1.5291
1973-01-10,53.0,1.5008
1973-01-11,50.0,1.4158
1973-01-12,49.0,1.3875
1973-01-13,49.0,1.3875
1973-01-14,49.0,1.3875
1973-01-15,47.0,1.3309
1973-01-16,47.0,1.3309
1973-01-17,46.0,1.3026
1973-01-18,46.0,1.3026
1973-01-19,45.0,1.2743
1973-01-20,45.0,1.2743
1973-01-21,40.0,1.1327
1973-01-22,36.0,1.0194
1973-01-23,35.0,0.9911
1973-01-24,35.0,0.9911
1973-01-25,36.0,1.0194
1973-01-26,38.0,1.076
1973-01-27,40.0,1.1327
1973-01-28,39.0,1.1044
1973-01-29,42.0,1.1893
1973-01-30,40.0,1.1327
1973-01-31,40.0,1.1327
1973-02-01,41.0,1.161
1973-02-02,43.0,1.2176
1973-02-03,42.0,1.1893
1973-02-04,35.0,0.9911
1973-02-05,32.0,0.9061
1973-02-06,32.0,0.9061
1973-02-07,34.0,0.9628
1973-02-08,39.0,1.1044
1973-02-09,39.0,1.1044
1973-02-10,45.0,1.2743
1973-02-11,44.0,1.2459
1973-02-12,36.0,1.0194
1973-02-13,33.0,0.9345
1973-02-14,32.0,0.9061
1973-02-15,34.0,0.9628
1973-02-16,31.0,0.8778
1973-02-17,30.0,0.8495
1973-02-18,30.0,0.8495
1973-02-19,30.0,0.8495
1973-02-20,30.0,0.8495
1973-02-21,34.0,0.9628
1973-02-22,42.0,1.1893
1973-02-23,41.0,1.161
1973-02-24,56.0,1.5857
1973-02-25,56.0,1.5857
1973-02-26,47.0,1.3309
1973-02-27,45.0,1.2743
1973-02-28,44.0,1.2459
1973-03-01,43.0,1.2176
1973-03-02,41.0,1.161
1973-03-03,44.0,1.2459
1973-03-04,45.0,1.2743
1973-03-05,42.0,1.1893
1973-03-06,42.0,1.1893
1973-03-07,42.0,1.1893
1973-03-08,44.0,1.2459
1973-03-09,42.0,1.1893
1973-03-10,46.0,1.3026
1973-03-11,50.0,1.4158
1973-03-12,62.0,1.7556
1973-03-13,64.0,1.8123
1973-03-14,55.0,1.5574
1973-03-15,56.0,1.5857
1973-03-16,56.0,1.5857
1973-03-17,52.0,1.4725
1973-03-18,50.0,1.4158
1973-03-19,47.0,1.3309
1973-03-20,46.0,1.3026
1973-03-21,71.0,2.0105
1973-03-22,70.0,1.9822
1973-03-23,54.0,1.5291
1973-03-24,46.0,1.3026
1973-03-25,38.0,1.076
1973-03-26,65.0,1.8406
1973-03-27,54.0,1.5291
1973-03-28,59.0,1.6707
1973-03-29,66.0,1.8689
1973-03-30,50.0,1.4158
1973-03-31,38.0,1.076
1973-04-01,35.0,0.9911
1973-04-02,28.0,0.7929
1973-04-03,24.0,0.6796
1973-04-04,27.0,0.7646
1973-04-05,27.0,0.7646
1973-04-06,22.0,0.623
1973-04-07,22.0,0.623
1973-04-08,21.0,0.5947
1973-04-09,21.0,0.5947
1973-04-10,25.0,0.7079
1973-04-11,27.0,0.7646
1973-04-12,32.0,0.9061
1973-04-13,42.0,1.1893
1973-04-14,36.0,1.0194
1973-04-15,27.0,0.7646
1973-04-16,28.0,0.7929
1973-04-17,30.0,0.8495
1973-04-18,28.0,0.7929
1973-04-19,27.0,0.7646
1973-04-20,23.0,0.6513
1973-04-21,32.0,0.9061
1973-04-22,50.0,1.4158
1973-04-23,34.0,0.9628
1973-04-24,32.0,0.9061
1973-04-25,53.0,1.5008
1973-04-26,48.0,1.3592
1973-04-27,33.0,0.9345
1973-04-28,40.0,1.1327
1973-04-29,36.0,1.0194
1973-04-30,32.0,0.9061
1973-05-01,32.0,0.9061
1973-05-02,36.0,1.0194
1973-05-03,32.0,0.9061
1973-05-04,34.0,0.9628
1973-05-05,89.0,2.5202
1973-05-06,96.0,2.7184
1973-05-07,75.0,2.1238
1973-05-08,55.0,1.5574
1973-05-09,350.0,9.9109
1973-05-10,554.0,15.6875
1973-05-11,884.0,25.0321
1973-05-12,633.0,17.9245
1973-05-13,643.0,18.2077
1973-05-14,676.0,19.1422
1973-05-15,739.0,20.9261
1973-05-16,917.0,25.9665
1973-05-17,1180.0,33.4138
1973-05-18,1180.0,33.4138
1973-05-19,1380.0,39.0772
1973-05-20,1320.0,37.3782
1973-05-21,1240.0,35.1128
1973-05-22,1370.0,38.794
1973-05-23,1180.0,33.4138
1973-05-24,784.0,22.2004
1973-05-25,820.0,23.2198
1973-05-26,825.0,23.3614
1973-05-27,800.0,22.6534
1973-05-28,825.0,23.3614
1973-05-29,831.0,23.5313
1973-05-30,841.0,23.8144
1973-05-31,857.0,24.2675
1973-06-01,831.0,23.5313
1973-06-02,340.0,9.6277
1973-06-03,173.0,4.8988
1973-06-04,127.0,3.5962
1973-06-05,113.0,3.1998
1973-06-06,105.0,2.9733
1973-06-07,100.0,2.8317
1973-06-08,92.0,2.6051
1973-06-09,75.0,2.1238
1973-06-10,60.0,1.699
1973-06-11,59.0,1.6707
1973-06-12,56.0,1.5857
1973-06-13,56.0,1.5857
1973-06-14,56.0,1.5857
1973-06-15,56.0,1.5857
1973-06-16,59.0,1.6707
1973-06-17,59.0,1.6707
1973-06-18,55.0,1.5574
1973-06-19,52.0,1.4725
1973-06-20,56.0,1.5857
1973-06-21,52.0,1.4725
1973-06-22,49.0,1.3875
1973-06-23,47.0,1.3309
1973-06-24,41.0,1.161
1973-06-25,65.0,1.8406
1973-06-26,136.0,3.8511
1973-06-27,201.0,5.6917
1973-06-28,136.0,3.8511
1973-06-29,72.0,2.0388
1973-06-30,52.0,1.4725
1973-07-01,40.0,1.1327
1973-07-02,38.0,1.076
1973-07-03,42.0,1.1893
1973-07-04,48.0,1.3592
1973-07-05,45.0,1.2743
1973-07-06,38.0,1.076
1973-07-07,42.0,1.1893
1973-07-08,68.0,1.9255
1973-07-09,49.0,1.3875
1973-07-10,40.0,1.1327
1973-07-11,32.0,0.9061
1973-07-12,29.0,0.8212
1973-07-13,50.0,1.4158
1973-07-14,67.0,1.8972
1973-07-15,49.0,1.3875
1973-07-16,56.0,1.5857
1973-07-17,53.0,1.5008
1973-07-18,45.0,1.2743
1973-07-19,42.0,1.1893
1973-07-20,39.0,1.1044
1973-07-21,47.0,1.3309
1973-07-22,68.0,1.9255
1973-07-23,44.0,1.2459
1973-07-24,53.0,1.5008
1973-07-25,47.0,1.3309
1973-07-26,42.0,1.1893
1973-07-27,36.0,1.0194
1973-07-28,36.0,1.0194
1973-07-29,38.0,1.076
1973-07-30,141.0,3.9927
1973-07-31,134.0,3.7945
1973-08-01,76.0,2.1521
1973-08-02,54.0,1.5291
1973-08-03,46.0,1.3026
1973-08-04,46.0,1.3026
1973-08-05,48.0,1.3592
1973-08-06,43.0,1.2176
1973-08-07,42.0,1.1893
1973-08-08,51.0,1.4442
1973-08-09,56.0,1.5857
1973-08-10,88.0,2.4919
1973-08-11,46.0,1.3026
1973-08-12,45.0,1.2743
1973-08-13,46.0,1.3026
1973-08-14,60.0,1.699
1973-08-15,52.0,1.4725
1973-08-16,46.0,1.3026
1973-08-17,43.0,1.2176
1973-08-18,38.0,1.076
1973-08-19,38.0,1.076
1973-08-20,36.0,1.0194
1973-08-21,35.0,0.9911
1973-08-22,36.0,1.0194
1973-08-23,38.0,1.076
1973-08-24,38.0,1.076
1973-08-25,34.0,0.9628
1973-08-26,39.0,1.1044
1973-08-27,46.0,1.3026
1973-08-28,32.0,0.9061
1973-08-29,32.0,0.9061
1973-08-30,31.0,0.8778
1973-08-31,123.0,3.483
1973-09-01,65.0,1.8406
1973-09-02,67.0,1.8972
1973-09-03,52.0,1.4725
1973-09-04,43.0,1.2176
1973-09-05,38.0,1.076
1973-09-06,36.0,1.0194
1973-09-07,53.0,1.5008
1973-09-08,65.0,1.8406
1973-09-09,50.0,1.4158
1973-09-10,63.0,1.784
1973-09-11,43.0,1.2176
1973-09-12,47.0,1.3309
1973-09-13,37.0,1.0477
1973-09-14,35.0,0.9911
1973-09-15,58.0,1.6424
1973-09-16,86.0,2.4352
1973-09-17,56.0,1.5857
1973-09-18,62.0,1.7556
1973-09-19,54.0,1.5291
1973-09-20,50.0,1.4158
1973-09-21,49.0,1.3875
1973-09-22,49.0,1.3875
1973-09-23,49.0,1.3875
1973-09-24,47.0,1.3309
1973-09-25,46.0,1.3026
1973-09-26,50.0,1.4158
1973-09-27,49.0,1.3875
1973-09-28,49.0,1.3875
1973-09-29,45.0,1.2743
1973-09-30,46.0,1.3026
1973-10-01,51.0,1.4442
1973-10-02,56.0,1.5857
1973-10-03,70.0,1.9822
1973-10-04,59.0,1.6707
1973-10-05,55.0,1.5574
1973-10-06,55.0,1.5574
1973-10-07,60.0,1.699
1973-10-08,66.0,1.8689
1973-10-09,60.0,1.699
1973-10-10,60.0,1.699
1973-10-11,55.0,1.5574
1973-10-12,51.0,1.4442
1973-10-13,49.0,1.3875
1973-10-14,45.0,1.2743
1973-10-15,58.0,1.6424
1973-10-16,65.0,1.8406
1973-10-17,60.0,1.699
1973-10-18,58.0,1.6424
1973-10-19,53.0,1.5008
1973-10-20,50.0,1.4158
1973-10-21,49.0,1.3875
1973-10-22,48.0,1.3592
1973-10-23,49.0,1.3875
1973-10-24,50.0,1.4158
1973-10-25,52.0,1.4725
1973-10-26,54.0,1.5291
1973-10-27,51.0,1.4442
1973-10-28,50.0,1.4158
1973-10-29,51.0,1.4442
1973-10-30,53.0,1.5008
1973-10-31,49.0,1.3875
1973-11-01,48.0,1.3592
1973-11-02,44.0,1.2459
1973-11-03,47.0,1.3309
1973-11-04,51.0,1.4442
1973-11-05,53.0,1.5008
1973-11-06,53.0,1.5008
1973-11-07,54.0,1.5291
1973-11-08,54.0,1.5291
1973-11-09,56.0,1.5857
1973-11-10,58.0,1.6424
1973-11-11,58.0,1.6424
1973-11-12,54.0,1.5291
1973-11-13,60.0,1.699
1973-11-14,58.0,1.6424
1973-11-15,56.0,1.5857
1973-11-16,56.0,1.5857
1973-11-17,55.0,1.5574
1973-11-18,54.0,1.5291
1973-11-19,54.0,1.5291
1973-11-20,53.0,1.5008
1973-11-21,54.0,1.5291
1973-11-22,55.0,1.5574
1973-11-23,53.0,1.5008
1973-11-24,53.0,1.5008
1973-11-25,54.0,1.5291
1973-11-26,56.0,1.5857
1973-11-27,58.0,1.6424
1973-11-28,54.0,1.5291
1973-11-29,55.0,1.5574
1973-11-30,55.0,1.5574
1973-12-01,53.0,1.5008
1973-12-02,53.0,1.5008
1973-12-03,55.0,1.5574
1973-12-04,54.0,1.5291
1973-12-05,55.0,1.5574
1973-12-06,55.0,1.5574
1973-12-07,54.0,1.5291
1973-12-08,54.0,1.5291
1973-12-09,53.0,1.5008
1973-12-10,51.0,1.4442
1973-12-11,52.0,1.4725
1973-12-12,51.0,1.4442
1973-12-13,51.0,1.4442
1973-12-14,52.0,1.4725
1973-12-15,51.0,1.4442
1973-12-16,50.0,1.4158
1973-12-17,50.0,1.4158
1973-12-18,50.0,1.4158
1973-12-19,49.0,1.3875
1973-12-20,49.0,1.3875
1973-12-21,49.0,1.3875
1973-12-22,49.0,1.3875
1973-12-23,48.0,1.3592
1973-12-24,49.0,1.3875
1973-12-25,51.0,1.4442
1973-12-26,52.0,1.4725
1973-12-27,50.0,1.4158
1973-12-28,49.0,1.3875
1973-12-29,49.0,1.3875
1973-12-30,50.0,1.4158
1973-12-31,50.0,1.4158
1974-01-01,48.0,1.3592
1974-01-02,50.0,1.4158
1974-01-03,46.0,1.3026
1974-01-04,46.0,1.3026
1974-01-05,47.0,1.3309
1974-01-06,48.0,1.3592
1974-01-07,48.0,1.3592
1974-01-08,50.0,1.4158
1974-01-09,49.0,1.3875
1974-01-10,49.0,1.3875
1974-01-11,48.0,1.3592
1974-01-12,48.0,1.3592
1974-01-13,47.0,1.3309
1974-01-14,46.0,1.3026
1974-01-15,45.0,1.2743
1974-01-16,44.0,1.2459
1974-01-17,43.0,1.2176
1974-01-18,41.0,1.161
1974-01-19,42.0,1.1893
1974-01-20,45.0,1.2743
1974-01-21,45.0,1.2743
1974-01-22,44.0,1.2459
1974-01-23,46.0,1.3026
1974-01-24,49.0,1.3875
1974-01-25,46.0,1.3026
1974-01-26,48.0,1.3592
1974-01-27,50.0,1.4158
1974-01-28,47.0,1.3309
1974-01-29,45.0,1.2743
1974-01-30,43.0,1.2176
1974-01-31,41.0,1.161
1974-02-01,37.0,1.0477
1974-02-02,31.0,0.8778
1974-02-03,30.0,0.8495
1974-02-04,30.0,0.8495
1974-02-05,29.0,0.8212
1974-02-06,29.0,0.8212
1974-02-07,28.0,0.7929
1974-02-08,28.0,0.7929
1974-02-09,27.0,0.7646
1974-02-10,27.0,0.7646
1974-02-11,27.0,0.7646
1974-02-12,27.0,0.7646
1974-02-13,27.0,0.7646
1974-02-14,26.0,0.7362
1974-02-15,28.0,0.7929
1974-02-16,35.0,0.9911
1974-02-17,34.0,0.9628
1974-02-18,32.0,0.9061
1974-02-19,41.0,1.161
1974-02-20,47.0,1.3309
1974-02-21,49.0,1.3875
1974-02-22,38.0,1.076
1974-02-23,32.0,0.9061
1974-02-24,28.0,0.7929
1974-02-25,39.0,1.1044
1974-02-26,39.0,1.1044
1974-02-27,33.0,0.9345
1974-02-28,29.0,0.8212
1974-03-01,25.0,0.7079
1974-03-02,21.0,0.5947
1974-03-03,19.0,0.538
1974-03-04,20.0,0.5663
1974-03-05,22.0,0.623
1974-03-06,21.0,0.5947
1974-03-07,21.0,0.5947
1974-03-08,20.0,0.5663
1974-03-09,23.0,0.6513
1974-03-10,30.0,0.8495
1974-03-11,27.0,0.7646
1974-03-12,24.0,0.6796
1974-03-13,21.0,0.5947
1974-03-14,20.0,0.5663
1974-03-15,19.0,0.538
1974-03-16,17.0,0.4814
1974-03-17,18.0,0.5097
1974-03-18,17.0,0.4814
1974-03-19,16.0,0.4531
1974-03-20,17.0,0.4814
1974-03-21,17.0,0.4814
1974-03-22,16.0,0.4531
1974-03-23,15.0,0.4248
1974-03-24,14.0,0.3964
1974-03-25,15.0,0.4248
1974-03-26,15.0,0.4248
1974-03-27,15.0,0.4248
1974-03-28,19.0,0.538
1974-03-29,26.0,0.7362
1974-03-30,16.0,0.4531
1974-03-31,27.0,0.7646
1974-04-01,19.0,0.538
1974-04-02,20.0,0.5663
1974-04-03,23.0,0.6513
1974-04-04,17.0,0.4814
1974-04-05,12.0,0.3398
1974-04-06,18.0,0.5097
1974-04-07,9.1,0.2577
1974-04-08,6.4,0.1812
1974-04-09,5.7,0.1614
1974-04-10,4.1,0.1161
1974-04-11,4.7,0.1331
1974-04-12,5.7,0.1614
1974-04-13,7.7,0.218
1974-04-14,10.0,0.2832
1974-04-15,8.2,0.2322
1974-04-16,15.0,0.4248
1974-04-17,13.0,0.3681
1974-04-18,9.1,0.2577
1974-04-19,11.0,0.3115
1974-04-20,15.0,0.4248
1974-04-21,8.6,0.2435
1974-04-22,13.0,0.3681
1974-04-23,5.7,0.1614
1974-04-24,12.0,0.3398
1974-04-25,9.1,0.2577
1974-04-26,14.0,0.3964
1974-04-27,6.4,0.1812
1974-04-28,9.1,0.2577
1974-04-29,6.9,0.1954
1974-04-30,12.0,0.3398
1974-05-01,11.0,0.3115
1974-05-02,15.0,0.4248
1974-05-03,12.0,0.3398
1974-05-04,12.0,0.3398
1974-05-05,14.0,0.3964
1974-05-06,12.0,0.3398
1974-05-07,5.3,0.1501
1974-05-08,5.3,0.1501
1974-05-09,8.2,0.2322
1974-05-10,5.3,0.1501
1974-05-11,3.8,0.1076
1974-05-12,4.7,0.1331
1974-05-13,5.0,0.1416
1974-05-14,5.0,0.1416
1974-05-15,4.7,0.1331
1974-05-16,4.1,0.1161
1974-05-17,5.3,0.1501
1974-05-18,6.4,0.1812
1974-05-19,12.0,0.3398
1974-05-20,17.0,0.4814
1974-05-21,17.0,0.4814
1974-05-22,17.0,0.4814
1974-05-23,17.0,0.4814
1974-05-24,15.0,0.4248
1974-05-25,14.0,0.3964
1974-05-26,16.0,0.4531
1974-05-27,14.0,0.3964
1974-05-28,14.0,0.3964
1974-05-29,15.0,0.4248
1974-05-30,14.0,0.3964
1974-05-31,13.0,0.3681
1974-06-01,13.0,0.3681
1974-06-02,14.0,0.3964
1974-06-03,15.0,0.4248
1974-06-04,13.0,0.3681
1974-06-05,9.1,0.2577
1974-06-06,4.7,0.1331
1974-06-07,3.3,0.0934
1974-06-08,3.3,0.0934
1974-06-09,5.7,0.1614
1974-06-10,8.2,0.2322
1974-06-11,9.1,0.2577
1974-06-12,9.7,0.2747
1974-06-13,9.1,0.2577
1974-06-14,9.1,0.2577
1974-06-15,8.6,0.2435
1974-06-16,8.2,0.2322
1974-06-17,6.4,0.1812
1974-06-18,5.3,0.1501
1974-06-19,5.7,0.1614
1974-06-20,4.7,0.1331
1974-06-21,4.7,0.1331
1974-06-22,5.3,0.1501
1974-06-23,5.0,0.1416
1974-06-24,5.0,0.1416
1974-06-25,6.1,0.1727
1974-06-26,5.7,0.1614
1974-06-27,5.3,0.1501
1974-06-28,6.1,0.1727
1974-06-29,7.7,0.218
1974-06-30,8.2,0.2322
1974-07-01,9.1,0.2577
1974-07-02,8.6,0.2435
1974-07-03,9.7,0.2747
1974-07-04,10.0,0.2832
1974-07-05,10.0,0.2832
1974-07-06,12.0,0.3398
1974-07-07,19.0,0.538
1974-07-08,17.0,0.4814
1974-07-09,34.0,0.9628
1974-07-10,25.0,0.7079
1974-07-11,15.0,0.4248
1974-07-12,11.0,0.3115
1974-07-13,9.7,0.2747
1974-07-14,8.2,0.2322
1974-07-15,9.1,0.2577
1974-07-16,11.0,0.3115
1974-07-17,16.0,0.4531
1974-07-18,11.0,0.3115
1974-07-19,10.0,0.2832
1974-07-20,10.0,0.2832
1974-07-21,10.0,0.2832
1974-07-22,10.0,0.2832
1974-07-23,9.1,0.2577
1974-07-24,9.1,0.2577
1974-07-25,8.2,0.2322
1974-07-26,7.3,0.2067
1974-07-27,12.0,0.3398
1974-07-28,8.6,0.2435
1974-07-29,8.2,0.2322
1974-07-30,7.7,0.218
1974-07-31,7.3,0.2067
1974-08-01,7.7,0.218
1974-08-02,7.7,0.218
1974-08-03,7.3,0.2067
1974-08-04,8.2,0.2322
1974-08-05,8.2,0.2322
1974-08-06,9.7,0.2747
1974-08-07,14.0,0.3964
1974-08-08,42.0,1.1893
1974-08-09,20.0,0.5663
1974-08-10,13.0,0.3681
1974-08-11,10.0,0.2832
1974-08-12,8.2,0.2322
1974-08-13,7.7,0.218
1974-08-14,7.3,0.2067
1974-08-15,6.9,0.1954
1974-08-16,6.4,0.1812
1974-08-17,6.1,0.1727
1974-08-18,7.0,0.1982
1974-08-19,7.0,0.1982
1974-08-20,6.9,0.1954
1974-08-21,10.0,0.2832
1974-08-22,32.0,0.9061
1974-08-23,59.0,1.6707
1974-08-24,92.0,2.6051
1974-08-25,186.0,5.2669
1974-08-26,168.0,4.7572
1974-08-27,47.0,1.3309
1974-08-28,61.0,1.7273
1974-08-29,61.0,1.7273
1974-08-30,58.0,1.6424
1974-08-31,31.0,0.8778
1974-09-01,22.0,0.623
1974-09-02,18.0,0.5097
1974-09-03,16.0,0.4531
1974-09-04,15.0,0.4248
1974-09-05,14.0,0.3964
1974-09-06,14.0,0.3964
1974-09-07,14.0,0.3964
1974-09-08,14.0,0.3964
1974-09-09,14.0,0.3964
1974-09-10,14.0,0.3964
1974-09-11,14.0,0.3964
1974-09-12,14.0,0.3964
1974-09-13,14.0,0.3964
1974-09-14,14.0,0.3964
1974-09-15,15.0,0.4248
1974-09-16,18.0,0.5097
1974-09-17,20.0,0.5663
1974-09-18,32.0,0.9061
1974-09-19,24.0,0.6796
1974-09-20,22.0,0.623
1974-09-21,37.0,1.0477
1974-09-22,144.0,4.0776
1974-09-23,3200.0,90.6138
1974-09-24,16700.0,472.8906
1974-09-25,9730.0,275.5225
1974-09-26,4320.0,122.3286
1974-09-27,3600.0,101.9405
1974-09-28,2500.0,70.792
1974-09-29,442.0,12.516
1974-09-30,243.0,6.881
1974-10-01,178.0,5.0404
1974-10-02,146.0,4.1343
1974-10-03,124.0,3.5113
1974-10-04,114.0,3.2281
1974-10-05,100.0,2.8317
1974-10-06,151.0,4.2758
1974-10-07,975.0,27.6089
1974-10-08,294.0,8.3251
1974-10-09,178.0,5.0404
1974-10-10,120.0,3.398
1974-10-11,95.0,2.6901
1974-10-12,88.0,2.4919
1974-10-13,86.0,2.4352
1974-10-14,101.0,2.86
1974-10-15,103.0,2.9166
1974-10-16,108.0,3.0582
1974-10-17,98.0,2.775
1974-10-18,101.0,2.86
1974-10-19,234.0,6.6261
1974-10-20,221.0,6.258
1974-10-21,171.0,4.8422
1974-10-22,140.0,3.9644
1974-10-23,4420.0,125.1603
1974-10-24,7720.0,218.6057
1974-10-25,2550.0,72.2078
1974-10-26,1980.0,56.0673
1974-10-27,1570.0,44.4574
1974-10-28,1300.0,36.8118
1974-10-29,521.0,14.7531
1974-10-30,452.0,12.7992
1974-10-31,489.0,13.8469
1974-11-01,477.0,13.5071
1974-11-02,489.0,13.8469
1974-11-03,493.0,13.9602
1974-11-04,477.0,13.5071
1974-11-05,348.0,9.8542
1974-11-06,257.0,7.2774
1974-11-07,218.0,6.1731
1974-11-08,286.0,8.0986
1974-11-09,448.0,12.6859
1974-11-10,355.0,10.0525
1974-11-11,254.0,7.1925
1974-11-12,208.0,5.8899
1974-11-13,189.0,5.3519
1974-11-14,180.0,5.097
1974-11-15,171.0,4.8422
1974-11-16,158.0,4.4741
1974-11-17,175.0,4.9554
1974-11-18,173.0,4.8988
1974-11-19,175.0,4.9554
1974-11-20,173.0,4.8988
1974-11-21,171.0,4.8422
1974-11-22,169.0,4.7855
1974-11-23,154.0,4.3608
1974-11-24,142.0,4.021
1974-11-25,136.0,3.8511
1974-11-26,144.0,4.0776
1974-11-27,152.0,4.3042
1974-11-28,154.0,4.3608
1974-11-29,152.0,4.3042
1974-11-30,148.0,4.1909
1974-12-01,150.0,4.2475
1974-12-02,154.0,4.3608
1974-12-03,152.0,4.3042
1974-12-04,152.0,4.3042
1974-12-05,150.0,4.2475
1974-12-06,146.0,4.1343
1974-12-07,152.0,4.3042
1974-12-08,154.0,4.3608
1974-12-09,156.0,4.4174
1974-12-10,162.0,4.5873
1974-12-11,165.0,4.6723
1974-12-12,160.0,4.5307
1974-12-13,158.0,4.4741
1974-12-14,158.0,4.4741
1974-12-15,156.0,4.4174
1974-12-16,156.0,4.4174
1974-12-17,156.0,4.4174
1974-12-18,156.0,4.4174
1974-12-19,156.0,4.4174
1974-12-20,140.0,3.9644
1974-12-21,156.0,4.4174
1974-12-22,198.0,5.6067
1974-12-23,178.0,5.0404
1974-12-24,158.0,4.4741
1974-12-25,148.0,4.1909
1974-12-26,152.0,4.3042
1974-12-27,158.0,4.4741
1974-12-28,169.0,4.7855
1974-12-29,160.0,4.5307
1974-12-30,162.0,4.5873
1974-12-31,167.0,4.7289
1975-01-01,140.0,3.9644
1975-01-02,175.0,4.9554
1975-01-03,196.0,5.5501
1975-01-04,198.0,5.6067
1975-01-05,191.0,5.4085
1975-01-06,173.0,4.8988
1975-01-07,154.0,4.3608
1975-01-08,125.0,3.5396
1975-01-09,118.0,3.3414
1975-01-10,114.0,3.2281
1975-01-11,113.0,3.1998
1975-01-12,111.0,3.1432
1975-01-13,111.0,3.1432
1975-01-14,108.0,3.0582
1975-01-15,136.0,3.8511
1975-01-16,136.0,3.8511
1975-01-17,113.0,3.1998
1975-01-18,131.0,3.7095
1975-01-19,146.0,4.1343
1975-01-20,150.0,4.2475
1975-01-21,138.0,3.9077
1975-01-22,132.0,3.7378
1975-01-23,131.0,3.7095
1975-01-24,131.0,3.7095
1975-01-25,132.0,3.7378
1975-01-26,131.0,3.7095
1975-01-27,129.0,3.6529
1975-01-28,131.0,3.7095
1975-01-29,127.0,3.5962
1975-01-30,108.0,3.0582
1975-01-31,125.0,3.5396
1975-02-01,127.0,3.5962
1975-02-02,122.0,3.4546
1975-02-03,132.0,3.7378
1975-02-04,154.0,4.3608
1975-02-05,135.0,3.8228
1975-02-06,122.0,3.4546
1975-02-07,114.0,3.2281
1975-02-08,111.0,3.1432
1975-02-09,110.0,3.1148
1975-02-10,111.0,3.1432
1975-02-11,111.0,3.1432
1975-02-12,110.0,3.1148
1975-02-13,106.0,3.0016
1975-02-14,105.0,2.9733
1975-02-15,106.0,3.0016
1975-02-16,100.0,2.8317
1975-02-17,106.0,3.0016
1975-02-18,105.0,2.9733
1975-02-19,105.0,2.9733
1975-02-20,100.0,2.8317
1975-02-21,96.0,2.7184
1975-02-22,99.0,2.8034
1975-02-23,98.0,2.775
1975-02-24,105.0,2.9733
1975-02-25,96.0,2.7184
1975-02-26,96.0,2.7184
1975-02-27,91.0,2.5768
1975-02-28,86.0,2.4352
1975-03-01,86.0,2.4352
1975-03-02,82.0,2.322
1975-03-03,78.0,2.2087
1975-03-04,76.0,2.1521
1975-03-05,78.0,2.2087
1975-03-06,85.0,2.4069
1975-03-07,85.0,2.4069
1975-03-08,112.0,3.1715
1975-03-09,164.0,4.644
1975-03-10,185.0,5.2386
1975-03-11,117.0,3.3131
1975-03-12,98.0,2.775
1975-03-13,96.0,2.7184
1975-03-14,93.0,2.6335
1975-03-15,93.0,2.6335
1975-03-16,88.0,2.4919
1975-03-17,91.0,2.5768
1975-03-18,95.0,2.6901
1975-03-19,110.0,3.1148
1975-03-20,105.0,2.9733
1975-03-21,67.0,1.8972
1975-03-22,57.0,1.6141
1975-03-23,75.0,2.1238
1975-03-24,59.0,1.6707
1975-03-25,48.0,1.3592
1975-03-26,39.0,1.1044
1975-03-27,35.0,0.9911
1975-03-28,34.0,0.9628
1975-03-29,29.0,0.8212
1975-03-30,30.0,0.8495
1975-03-31,39.0,1.1044
1975-04-01,70.0,1.9822
1975-04-02,56.0,1.5857
1975-04-03,47.0,1.3309
1975-04-04,40.0,1.1327
1975-04-05,49.0,1.3875
1975-04-06,52.0,1.4725
1975-04-07,53.0,1.5008
1975-04-08,54.0,1.5291
1975-04-09,57.0,1.6141
1975-04-10,53.0,1.5008
1975-04-11,46.0,1.3026
1975-04-12,53.0,1.5008
1975-04-13,56.0,1.5857
1975-04-14,60.0,1.699
1975-04-15,67.0,1.8972
1975-04-16,62.0,1.7556
1975-04-17,49.0,1.3875
1975-04-18,46.0,1.3026
1975-04-19,44.0,1.2459
1975-04-20,46.0,1.3026
1975-04-21,47.0,1.3309
1975-04-22,47.0,1.3309
1975-04-23,46.0,1.3026
1975-04-24,42.0,1.1893
1975-04-25,42.0,1.1893
1975-04-26,44.0,1.2459
1975-04-27,43.0,1.2176
1975-04-28,41.0,1.161
1975-04-29,39.0,1.1044
1975-04-30,38.0,1.076
1975-05-01,37.0,1.0477
1975-05-02,37.0,1.0477
1975-05-03,37.0,1.0477
1975-05-04,40.0,1.1327
1975-05-05,39.0,1.1044
1975-05-06,35.0,0.9911
1975-05-07,34.0,0.9628
1975-05-08,31.0,0.8778
1975-05-09,30.0,0.8495
1975-05-10,39.0,1.1044
1975-05-11,134.0,3.7945
1975-05-12,72.0,2.0388
1975-05-13,56.0,1.5857
1975-05-14,58.0,1.6424
1975-05-15,57.0,1.6141
1975-05-16,54.0,1.5291
1975-05-17,63.0,1.784
1975-05-18,70.0,1.9822
1975-05-19,117.0,3.3131
1975-05-20,52.0,1.4725
1975-05-21,45.0,1.2743
1975-05-22,43.0,1.2176
1975-05-23,38.0,1.076
1975-05-24,37.0,1.0477
1975-05-25,37.0,1.0477
1975-05-26,35.0,0.9911
1975-05-27,34.0,0.9628
1975-05-28,35.0,0.9911
1975-05-29,35.0,0.9911
1975-05-30,35.0,0.9911
1975-05-31,35.0,0.9911
1975-06-01,35.0,0.9911
1975-06-02,33.0,0.9345
1975-06-03,34.0,0.9628
1975-06-04,35.0,0.9911
1975-06-05,35.0,0.9911
1975-06-06,35.0,0.9911
1975-06-07,35.0,0.9911
1975-06-08,35.0,0.9911
1975-06-09,34.0,0.9628
1975-06-10,30.0,0.8495
1975-06-11,31.0,0.8778
1975-06-12,30.0,0.8495
1975-06-13,30.0,0.8495
1975-06-14,30.0,0.8495
1975-06-15,31.0,0.8778
1975-06-16,30.0,0.8495
1975-06-17,30.0,0.8495
1975-06-18,28.0,0.7929
1975-06-19,30.0,0.8495
1975-06-20,30.0,0.8495
1975-06-21,34.0,0.9628
1975-06-22,29.0,0.8212
1975-06-23,46.0,1.3026
1975-06-24,130.0,3.6812
1975-06-25,57.0,1.6141
1975-06-26,41.0,1.161
1975-06-27,35.0,0.9911
1975-06-28,31.0,0.8778
1975-06-29,30.0,0.8495
1975-06-30,27.0,0.7646
1975-07-01,28.0,0.7929
1975-07-02,29.0,0.8212
1975-07-03,28.0,0.7929
1975-07-04,27.0,0.7646
1975-07-05,40.0,1.1327
1975-07-06,38.0,1.076
1975-07-07,56.0,1.5857
1975-07-08,46.0,1.3026
1975-07-09,38.0,1.076
1975-07-10,35.0,0.9911
1975-07-11,47.0,1.3309
1975-07-12,44.0,1.2459
1975-07-13,45.0,1.2743
1975-07-14,50.0,1.4158
1975-07-15,51.0,1.4442
1975-07-16,45.0,1.2743
1975-07-17,42.0,1.1893
1975-07-18,42.0,1.1893
1975-07-19,42.0,1.1893
1975-07-20,42.0,1.1893
1975-07-21,57.0,1.6141
1975-07-22,80.0,2.2653
1975-07-23,84.0,2.3786
1975-07-24,88.0,2.4919
1975-07-25,65.0,1.8406
1975-07-26,58.0,1.6424
1975-07-27,54.0,1.5291
1975-07-28,49.0,1.3875
1975-07-29,51.0,1.4442
1975-07-30,48.0,1.3592
1975-07-31,43.0,1.2176
1975-08-01,41.0,1.161
1975-08-02,41.0,1.161
1975-08-03,40.0,1.1327
1975-08-04,38.0,1.076
1975-08-05,36.0,1.0194
1975-08-06,35.0,0.9911
1975-08-07,32.0,0.9061
1975-08-08,30.0,0.8495
1975-08-09,28.0,0.7929
1975-08-10,27.0,0.7646
1975-08-11,24.0,0.6796
1975-08-12,23.0,0.6513
1975-08-13,24.0,0.6796
1975-08-14,26.0,0.7362
1975-08-15,24.0,0.6796
1975-08-16,22.0,0.623
1975-08-17,37.0,1.0477
1975-08-18,29.0,0.8212
1975-08-19,24.0,0.6796
1975-08-20,25.0,0.7079
1975-08-21,25.0,0.7079
1975-08-22,25.0,0.7079
1975-08-23,26.0,0.7362
1975-08-24,26.0,0.7362
1975-08-25,25.0,0.7079
1975-08-26,24.0,0.6796
1975-08-27,26.0,0.7362
1975-08-28,33.0,0.9345
1975-08-29,57.0,1.6141
1975-08-30,46.0,1.3026
1975-08-31,36.0,1.0194
1975-09-01,31.0,0.8778
1975-09-02,29.0,0.8212
1975-09-03,31.0,0.8778
1975-09-04,30.0,0.8495
1975-09-05,32.0,0.9061
1975-09-06,35.0,0.9911
1975-09-07,44.0,1.2459
1975-09-08,48.0,1.3592
1975-09-09,40.0,1.1327
1975-09-10,39.0,1.1044
1975-09-11,35.0,0.9911
1975-09-12,35.0,0.9911
1975-09-13,42.0,1.1893
1975-09-14,51.0,1.4442
1975-09-15,55.0,1.5574
1975-09-16,52.0,1.4725
1975-09-17,47.0,1.3309
1975-09-18,40.0,1.1327
1975-09-19,36.0,1.0194
1975-09-20,34.0,0.9628
1975-09-21,36.0,1.0194
1975-09-22,35.0,0.9911
1975-09-23,35.0,0.9911
1975-09-24,35.0,0.9911
1975-09-25,33.0,0.9345
1975-09-26,32.0,0.9061
1975-09-27,33.0,0.9345
1975-09-28,32.0,0.9061
1975-09-29,30.0,0.8495
1975-09-30,30.0,0.8495
1975-10-01,29.0,0.8212
1975-10-02,29.0,0.8212
1975-10-03,29.0,0.8212
1975-10-04,28.0,0.7929
1975-10-05,28.0,0.7929
1975-10-06,28.0,0.7929
1975-10-07,28.0,0.7929
1975-10-08,28.0,0.7929
1975-10-09,28.0,0.7929
1975-10-10,28.0,0.7929
1975-10-11,30.0,0.8495
1975-10-12,30.0,0.8495
1975-10-13,28.0,0.7929
1975-10-14,28.0,0.7929
1975-10-15,30.0,0.8495
1975-10-16,29.0,0.8212
1975-10-17,36.0,1.0194
1975-10-18,38.0,1.076
1975-10-19,38.0,1.076
1975-10-20,34.0,0.9628
1975-10-21,32.0,0.9061
1975-10-22,33.0,0.9345
1975-10-23,33.0,0.9345
1975-10-24,33.0,0.9345
1975-10-25,33.0,0.9345
1975-10-26,35.0,0.9911
1975-10-27,39.0,1.1044
1975-10-28,41.0,1.161
1975-10-29,42.0,1.1893
1975-10-30,45.0,1.2743
1975-10-31,45.0,1.2743
1975-11-01,47.0,1.3309
1975-11-02,48.0,1.3592
1975-11-03,50.0,1.4158
1975-11-04,51.0,1.4442
1975-11-05,51.0,1.4442
1975-11-06,51.0,1.4442
1975-11-07,50.0,1.4158
1975-11-08,50.0,1.4158
1975-11-09,50.0,1.4158
1975-11-10,51.0,1.4442
1975-11-11,51.0,1.4442
1975-11-12,51.0,1.4442
1975-11-13,52.0,1.4725
1975-11-14,52.0,1.4725
1975-11-15,52.0,1.4725
1975-11-16,53.0,1.5008
1975-11-17,55.0,1.5574
1975-11-18,56.0,1.5857
1975-11-19,57.0,1.6141
1975-11-20,57.0,1.6141
1975-11-21,57.0,1.6141
1975-11-22,58.0,1.6424
1975-11-23,57.0,1.6141
1975-11-24,58.0,1.6424
1975-11-25,60.0,1.699
1975-11-26,60.0,1.699
1975-11-27,60.0,1.699
1975-11-28,62.0,1.7556
1975-11-29,60.0,1.699
1975-11-30,62.0,1.7556
1975-12-01,63.0,1.784
1975-12-02,64.0,1.8123
1975-12-03,63.0,1.784
1975-12-04,63.0,1.784
1975-12-05,63.0,1.784
1975-12-06,63.0,1.784
1975-12-07,63.0,1.784
1975-12-08,63.0,1.784
1975-12-09,62.0,1.7556
1975-12-10,62.0,1.7556
1975-12-11,63.0,1.784
1975-12-12,64.0,1.8123
1975-12-13,64.0,1.8123
1975-12-14,62.0,1.7556
1975-12-15,62.0,1.7556
1975-12-16,62.0,1.7556
1975-12-17,60.0,1.699
1975-12-18,60.0,1.699
1975-12-19,60.0,1.699
1975-12-20,60.0,1.699
1975-12-21,59.0,1.6707
1975-12-22,56.0,1.5857
1975-12-23,56.0,1.5857
1975-12-24,57.0,1.6141
1975-12-25,57.0,1.6141
1975-12-26,58.0,1.6424
1975-12-27,57.0,1.6141
1975-12-28,56.0,1.5857
1975-12-29,52.0,1.4725
1975-12-30,49.0,1.3875
1975-12-31,49.0,1.3875
1976-01-01,47.0,1.3309
1976-01-02,47.0,1.3309
1976-01-03,47.0,1.3309
1976-01-04,47.0,1.3309
1976-01-05,46.0,1.3026
1976-01-06,45.0,1.2743
1976-01-07,43.0,1.2176
1976-01-08,41.0,1.161
1976-01-09,41.0,1.161
1976-01-10,41.0,1.161
1976-01-11,40.0,1.1327
1976-01-12,40.0,1.1327
1976-01-13,41.0,1.161
1976-01-14,42.0,1.1893
1976-01-15,43.0,1.2176
1976-01-16,44.0,1.2459
1976-01-17,47.0,1.3309
1976-01-18,48.0,1.3592
1976-01-19,49.0,1.3875
1976-01-20,48.0,1.3592
1976-01-21,47.0,1.3309
1976-01-22,46.0,1.3026
1976-01-23,46.0,1.3026
1976-01-24,46.0,1.3026
1976-01-25,45.0,1.2743
1976-01-26,45.0,1.2743
1976-01-27,46.0,1.3026
1976-01-28,46.0,1.3026
1976-01-29,47.0,1.3309
1976-01-30,48.0,1.3592
1976-01-31,50.0,1.4158
1976-02-01,48.0,1.3592
1976-02-02,48.0,1.3592
1976-02-03,48.0,1.3592
1976-02-04,48.0,1.3592
1976-02-05,50.0,1.4158
1976-02-06,51.0,1.4442
1976-02-07,49.0,1.3875
1976-02-08,48.0,1.3592
1976-02-09,47.0,1.3309
1976-02-10,47.0,1.3309
1976-02-11,48.0,1.3592
1976-02-12,48.0,1.3592
1976-02-13,48.0,1.3592
1976-02-14,46.0,1.3026
1976-02-15,44.0,1.2459
1976-02-16,43.0,1.2176
1976-02-17,42.0,1.1893
1976-02-18,40.0,1.1327
1976-02-19,36.0,1.0194
1976-02-20,34.0,0.9628
1976-02-21,29.0,0.8212
1976-02-22,26.0,0.7362
1976-02-23,27.0,0.7646
1976-02-24,28.0,0.7929
1976-02-25,27.0,0.7646
1976-02-26,25.0,0.7079
1976-02-27,25.0,0.7079
1976-02-28,26.0,0.7362
1976-02-29,26.0,0.7362
1976-03-01,25.0,0.7079
1976-03-02,25.0,0.7079
1976-03-03,25.0,0.7079
1976-03-04,24.0,0.6796
1976-03-05,22.0,0.623
1976-03-06,22.0,0.623
1976-03-07,23.0,0.6513
1976-03-08,25.0,0.7079
1976-03-09,24.0,0.6796
1976-03-10,22.0,0.623
1976-03-11,21.0,0.5947
1976-03-12,22.0,0.623
1976-03-13,22.0,0.623
1976-03-14,24.0,0.6796
1976-03-15,25.0,0.7079
1976-03-16,24.0,0.6796
1976-03-17,22.0,0.623
1976-03-18,22.0,0.623
1976-03-19,22.0,0.623
1976-03-20,22.0,0.623
1976-03-21,20.0,0.5663
1976-03-22,20.0,0.5663
1976-03-23,20.0,0.5663
1976-03-24,19.0,0.538
1976-03-25,20.0,0.5663
1976-03-26,20.0,0.5663
1976-03-27,18.0,0.5097
1976-03-28,17.0,0.4814
1976-03-29,20.0,0.5663
1976-03-30,20.0,0.5663
1976-03-31,20.0,0.5663
1976-04-01,20.0,0.5663
1976-04-02,16.0,0.4531
1976-04-03,16.0,0.4531
1976-04-04,16.0,0.4531
1976-04-05,18.0,0.5097
1976-04-06,17.0,0.4814
1976-04-07,18.0,0.5097
1976-04-08,16.0,0.4531
1976-04-09,14.0,0.3964
1976-04-10,15.0,0.4248
1976-04-11,18.0,0.5097
1976-04-12,18.0,0.5097
1976-04-13,19.0,0.538
1976-04-14,18.0,0.5097
1976-04-15,16.0,0.4531
1976-04-16,16.0,0.4531
1976-04-17,14.0,0.3964
1976-04-18,16.0,0.4531
1976-04-19,14.0,0.3964
1976-04-20,17.0,0.4814
1976-04-21,14.0,0.3964
1976-04-22,14.0,0.3964
1976-04-23,18.0,0.5097
1976-04-24,18.0,0.5097
1976-04-25,17.0,0.4814
1976-04-26,14.0,0.3964
1976-04-27,15.0,0.4248
1976-04-28,14.0,0.3964
1976-04-29,14.0,0.3964
1976-04-30,18.0,0.5097
1976-05-01,30.0,0.8495
1976-05-02,27.0,0.7646
1976-05-03,24.0,0.6796
1976-05-04,30.0,0.8495
1976-05-05,112.0,3.1715
1976-05-06,38.0,1.076
1976-05-07,48.0,1.3592
1976-05-08,34.0,0.9628
1976-05-09,32.0,0.9061
1976-05-10,27.0,0.7646
1976-05-11,25.0,0.7079
1976-05-12,22.0,0.623
1976-05-13,21.0,0.5947
1976-05-14,23.0,0.6513
1976-05-15,26.0,0.7362
1976-05-16,26.0,0.7362
1976-05-17,23.0,0.6513
1976-05-18,19.0,0.538
1976-05-19,16.0,0.4531
1976-05-20,15.0,0.4248
1976-05-21,14.0,0.3964
1976-05-22,15.0,0.4248
1976-05-23,13.0,0.3681
1976-05-24,12.0,0.3398
1976-05-25,12.0,0.3398
1976-05-26,13.0,0.3681
1976-05-27,11.0,0.3115
1976-05-28,11.0,0.3115
1976-05-29,12.0,0.3398
1976-05-30,12.0,0.3398
1976-05-31,11.0,0.3115
1976-06-01,9.9,0.2803
1976-06-02,10.0,0.2832
1976-06-03,11.0,0.3115
1976-06-04,11.0,0.3115
1976-06-05,9.9,0.2803
1976-06-06,9.9,0.2803
1976-06-07,9.9,0.2803
1976-06-08,11.0,0.3115
1976-06-09,10.0,0.2832
1976-06-10,9.9,0.2803
1976-06-11,10.0,0.2832
1976-06-12,11.0,0.3115
1976-06-13,11.0,0.3115
1976-06-14,9.9,0.2803
1976-06-15,9.9,0.2803
1976-06-16,9.9,0.2803
1976-06-17,8.6,0.2435
1976-06-18,8.6,0.2435
1976-06-19,9.9,0.2803
1976-06-20,11.0,0.3115
1976-06-21,11.0,0.3115
1976-06-22,10.0,0.2832
1976-06-23,9.0,0.2549
1976-06-24,8.6,0.2435
1976-06-25,8.6,0.2435
1976-06-26,9.4,0.2662
1976-06-27,8.2,0.2322
1976-06-28,8.6,0.2435
1976-06-29,8.6,0.2435
1976-06-30,7.8,0.2209
1976-07-01,7.4,0.2095
1976-07-02,7.4,0.2095
1976-07-03,8.2,0.2322
1976-07-04,8.6,0.2435
1976-07-05,8.6,0.2435
1976-07-06,9.0,0.2549
1976-07-07,9.0,0.2549
1976-07-08,8.6,0.2435
1976-07-09,9.0,0.2549
1976-07-10,9.0,0.2549
1976-07-11,26.0,0.7362
1976-07-12,71.0,2.0105
1976-07-13,13.0,0.3681
1976-07-14,9.0,0.2549
1976-07-15,9.4,0.2662
1976-07-16,17.0,0.4814
1976-07-17,21.0,0.5947
1976-07-18,15.0,0.4248
1976-07-19,14.0,0.3964
1976-07-20,11.0,0.3115
1976-07-21,9.4,0.2662
1976-07-22,9.0,0.2549
1976-07-23,9.0,0.2549
1976-07-24,9.0,0.2549
1976-07-25,7.4,0.2095
1976-07-26,7.8,0.2209
1976-07-27,7.4,0.2095
1976-07-28,7.4,0.2095
1976-07-29,21.0,0.5947
1976-07-30,7.4,0.2095
1976-07-31,8.6,0.2435
1976-08-01,8.6,0.2435
1976-08-02,11.0,0.3115
1976-08-03,8.6,0.2435
1976-08-04,7.1,0.201
1976-08-05,7.1,0.201
1976-08-06,7.4,0.2095
1976-08-07,7.4,0.2095
1976-08-08,6.8,0.1926
1976-08-09,6.8,0.1926
1976-08-10,6.5,0.1841
1976-08-11,6.5,0.1841
1976-08-12,6.5,0.1841
1976-08-13,7.4,0.2095
1976-08-14,8.6,0.2435
1976-08-15,9.0,0.2549
1976-08-16,8.2,0.2322
1976-08-17,8.2,0.2322
1976-08-18,9.4,0.2662
1976-08-19,8.6,0.2435
1976-08-20,8.2,0.2322
1976-08-21,8.2,0.2322
1976-08-22,10.0,0.2832
1976-08-23,9.0,0.2549
1976-08-24,8.2,0.2322
1976-08-25,7.8,0.2209
1976-08-26,7.1,0.201
1976-08-27,7.1,0.201
1976-08-28,8.6,0.2435
1976-08-29,9.4,0.2662
1976-08-30,9.4,0.2662
1976-08-31,24.0,0.6796
1976-09-01,11.0,0.3115
1976-09-02,11.0,0.3115
1976-09-03,11.0,0.3115
1976-09-04,11.0,0.3115
1976-09-05,9.9,0.2803
1976-09-06,9.4,0.2662
1976-09-07,12.0,0.3398
1976-09-08,20.0,0.5663
1976-09-09,258.0,7.3057
1976-09-10,118.0,3.3414
1976-09-11,97.0,2.7467
1976-09-12,35.0,0.9911
1976-09-13,20.0,0.5663
1976-09-14,19.0,0.538
1976-09-15,13.0,0.3681
1976-09-16,12.0,0.3398
1976-09-17,11.0,0.3115
1976-09-18,12.0,0.3398
1976-09-19,15.0,0.4248
1976-09-20,73.0,2.0671
1976-09-21,72.0,2.0388
1976-09-22,31.0,0.8778
1976-09-23,18.0,0.5097
1976-09-24,16.0,0.4531
1976-09-25,15.0,0.4248
1976-09-26,14.0,0.3964
1976-09-27,13.0,0.3681
1976-09-28,12.0,0.3398
1976-09-29,12.0,0.3398
1976-09-30,12.0,0.3398
1976-10-01,12.0,0.3398
1976-10-02,16.0,0.4531
1976-10-03,22.0,0.623
1976-10-04,25.0,0.7079
1976-10-05,23.0,0.6513
1976-10-06,22.0,0.623
1976-10-07,20.0,0.5663
1976-10-08,16.0,0.4531
1976-10-09,14.0,0.3964
1976-10-10,14.0,0.3964
1976-10-11,16.0,0.4531
1976-10-12,15.0,0.4248
1976-10-13,14.0,0.3964
1976-10-14,14.0,0.3964
1976-10-15,14.0,0.3964
1976-10-16,13.0,0.3681
1976-10-17,9.4,0.2662
1976-10-18,12.0,0.3398
1976-10-19,24.0,0.6796
1976-10-20,14.0,0.3964
1976-10-21,9.0,0.2549
1976-10-22,7.8,0.2209
1976-10-23,9.4,0.2662
1976-10-24,20.0,0.5663
1976-10-25,22.0,0.623
1976-10-26,20.0,0.5663
1976-10-27,19.0,0.538
1976-10-28,22.0,0.623
1976-10-29,28.0,0.7929
1976-10-30,30.0,0.8495
1976-10-31,32.0,0.9061
1976-11-01,34.0,0.9628
1976-11-02,34.0,0.9628
1976-11-03,32.0,0.9061
1976-11-04,30.0,0.8495
1976-11-05,31.0,0.8778
1976-11-06,31.0,0.8778
1976-11-07,30.0,0.8495
1976-11-08,29.0,0.8212
1976-11-09,30.0,0.8495
1976-11-10,35.0,0.9911
1976-11-11,33.0,0.9345
1976-11-12,31.0,0.8778
1976-11-13,33.0,0.9345
1976-11-14,34.0,0.9628
1976-11-15,38.0,1.076
1976-11-16,50.0,1.4158
1976-11-17,54.0,1.5291
1976-11-18,41.0,1.161
1976-11-19,40.0,1.1327
1976-11-20,39.0,1.1044
1976-11-21,38.0,1.076
1976-11-22,37.0,1.0477
1976-11-23,38.0,1.076
1976-11-24,36.0,1.0194
1976-11-25,39.0,1.1044
1976-11-26,39.0,1.1044
1976-11-27,39.0,1.1044
1976-11-28,40.0,1.1327
1976-11-29,43.0,1.2176
1976-11-30,42.0,1.1893
1976-12-01,41.0,1.161
1976-12-02,42.0,1.1893
1976-12-03,43.0,1.2176
1976-12-04,43.0,1.2176
1976-12-05,42.0,1.1893
1976-12-06,41.0,1.161
1976-12-07,40.0,1.1327
1976-12-08,40.0,1.1327
1976-12-09,40.0,1.1327
1976-12-10,40.0,1.1327
1976-12-11,34.0,0.9628
1976-12-12,28.0,0.7929
1976-12-13,24.0,0.6796
1976-12-14,23.0,0.6513
1976-12-15,22.0,0.623
1976-12-16,22.0,0.623
1976-12-17,22.0,0.623
1976-12-18,22.0,0.623
1976-12-19,23.0,0.6513
1976-12-20,23.0,0.6513
1976-12-21,23.0,0.6513
1976-12-22,23.0,0.6513
1976-12-23,24.0,0.6796
1976-12-24,24.0,0.6796
1976-12-25,24.0,0.6796
1976-12-26,22.0,0.623
1976-12-27,22.0,0.623
1976-12-28,22.0,0.623
1976-12-29,22.0,0.623
1976-12-30,22.0,0.623
1976-12-31,20.0,0.5663
1977-01-01,20.0,0.5663
1977-01-02,22.0,0.623
1977-01-03,25.0,0.7079
1977-01-04,26.0,0.7362
1977-01-05,28.0,0.7929
1977-01-06,28.0,0.7929
1977-01-07,28.0,0.7929
1977-01-08,30.0,0.8495
1977-01-09,30.0,0.8495
1977-01-10,29.0,0.8212
1977-01-11,30.0,0.8495
1977-01-12,35.0,0.9911
1977-01-13,40.0,1.1327
1977-01-14,41.0,1.161
1977-01-15,43.0,1.2176
1977-01-16,43.0,1.2176
1977-01-17,38.0,1.076
1977-01-18,32.0,0.9061
1977-01-19,31.0,0.8778
1977-01-20,30.0,0.8495
1977-01-21,30.0,0.8495
1977-01-22,30.0,0.8495
1977-01-23,29.0,0.8212
1977-01-24,29.0,0.8212
1977-01-25,28.0,0.7929
1977-01-26,29.0,0.8212
1977-01-27,30.0,0.8495
1977-01-28,30.0,0.8495
1977-01-29,30.0,0.8495
1977-01-30,30.0,0.8495
1977-01-31,28.0,0.7929
1977-02-01,28.0,0.7929
1977-02-02,27.0,0.7646
1977-02-03,28.0,0.7929
1977-02-04,28.0,0.7929
1977-02-05,27.0,0.7646
1977-02-06,28.0,0.7929
1977-02-07,28.0,0.7929
1977-02-08,27.0,0.7646
1977-02-09,28.0,0.7929
1977-02-10,28.0,0.7929
1977-02-11,28.0,0.7929
1977-02-12,28.0,0.7929
1977-02-13,28.0,0.7929
1977-02-14,28.0,0.7929
1977-02-15,28.0,0.7929
1977-02-16,28.0,0.7929
1977-02-17,27.0,0.7646
1977-02-18,27.0,0.7646
1977-02-19,27.0,0.7646
1977-02-20,27.0,0.7646
1977-02-21,27.0,0.7646
1977-02-22,25.0,0.7079
1977-02-23,26.0,0.7362
1977-02-24,22.0,0.623
1977-02-25,22.0,0.623
1977-02-26,25.0,0.7079
1977-02-27,21.0,0.5947
1977-02-28,22.0,0.623
1977-03-01,26.0,0.7362
1977-03-02,27.0,0.7646
1977-03-03,26.0,0.7362
1977-03-04,25.0,0.7079
1977-03-05,30.0,0.8495
1977-03-06,34.0,0.9628
1977-03-07,28.0,0.7929
1977-03-08,27.0,0.7646
1977-03-09,34.0,0.9628
1977-03-10,33.0,0.9345
1977-03-11,30.0,0.8495
1977-03-12,28.0,0.7929
1977-03-13,33.0,0.9345
1977-03-14,33.0,0.9345
1977-03-15,28.0,0.7929
1977-03-16,25.0,0.7079
1977-03-17,26.0,0.7362
1977-03-18,26.0,0.7362
1977-03-19,22.0,0.623
1977-03-20,19.0,0.538
1977-03-21,16.0,0.4531
1977-03-22,16.0,0.4531
1977-03-23,14.0,0.3964
1977-03-24,13.0,0.3681
1977-03-25,14.0,0.3964
1977-03-26,13.0,0.3681
1977-03-27,14.0,0.3964
1977-03-28,17.0,0.4814
1977-03-29,81.0,2.2937
1977-03-30,55.0,1.5574
1977-03-31,40.0,1.1327
1977-04-01,31.0,0.8778
1977-04-02,29.0,0.8212
1977-04-03,21.0,0.5947
1977-04-04,19.0,0.538
1977-04-05,24.0,0.6796
1977-04-06,28.0,0.7929
1977-04-07,24.0,0.6796
1977-04-08,24.0,0.6796
1977-04-09,33.0,0.9345
1977-04-10,27.0,0.7646
1977-04-11,22.0,0.623
1977-04-12,18.0,0.5097
1977-04-13,17.0,0.4814
1977-04-14,21.0,0.5947
1977-04-15,22.0,0.623
1977-04-16,25.0,0.7079
1977-04-17,47.0,1.3309
1977-04-18,39.0,1.1044
1977-04-19,25.0,0.7079
1977-04-20,20.0,0.5663
1977-04-21,17.0,0.4814
1977-04-22,14.0,0.3964
1977-04-23,13.0,0.3681
1977-04-24,13.0,0.3681
1977-04-25,13.0,0.3681
1977-04-26,13.0,0.3681
1977-04-27,13.0,0.3681
1977-04-28,12.0,0.3398
1977-04-29,13.0,0.3681
1977-04-30,11.0,0.3115
1977-05-01,12.0,0.3398
1977-05-02,12.0,0.3398
1977-05-03,12.0,0.3398
1977-05-04,12.0,0.3398
1977-05-05,17.0,0.4814
1977-05-06,16.0,0.4531
1977-05-07,13.0,0.3681
1977-05-08,14.0,0.3964
1977-05-09,14.0,0.3964
1977-05-10,12.0,0.3398
1977-05-11,11.0,0.3115
1977-05-12,13.0,0.3681
1977-05-13,18.0,0.5097
1977-05-14,15.0,0.4248
1977-05-15,20.0,0.5663
1977-05-16,13.0,0.3681
1977-05-17,12.0,0.3398
1977-05-18,12.0,0.3398
1977-05-19,11.0,0.3115
1977-05-20,9.9,0.2803
1977-05-21,9.4,0.2662
1977-05-22,9.0,0.2549
1977-05-23,9.9,0.2803
1977-05-24,13.0,0.3681
1977-05-25,12.0,0.3398
1977-05-26,13.0,0.3681
1977-05-27,12.0,0.3398
1977-05-28,10.0,0.2832
1977-05-29,9.9,0.2803
1977-05-30,9.0,0.2549
1977-05-31,9.4,0.2662
1977-06-01,9.4,0.2662
1977-06-02,9.4,0.2662
1977-06-03,9.0,0.2549
1977-06-04,9.0,0.2549
1977-06-05,9.4,0.2662
1977-06-06,9.4,0.2662
1977-06-07,9.9,0.2803
1977-06-08,9.4,0.2662
1977-06-09,9.0,0.2549
1977-06-10,9.0,0.2549
1977-06-11,10.0,0.2832
1977-06-12,11.0,0.3115
1977-06-13,11.0,0.3115
1977-06-14,9.4,0.2662
1977-06-15,8.6,0.2435
1977-06-16,8.2,0.2322
1977-06-17,7.8,0.2209
1977-06-18,6.8,0.1926
1977-06-19,6.8,0.1926
1977-06-20,44.0,1.2459
1977-06-21,54.0,1.5291
1977-06-22,11.0,0.3115
1977-06-23,18.0,0.5097
1977-06-24,9.9,0.2803
1977-06-25,9.9,0.2803
1977-06-26,10.0,0.2832
1977-06-27,9.9,0.2803
1977-06-28,8.6,0.2435
1977-06-29,7.4,0.2095
1977-06-30,6.8,0.1926
1977-07-01,6.5,0.1841
1977-07-02,6.2,0.1756
1977-07-03,6.2,0.1756
1977-07-04,5.6,0.1586
1977-07-05,6.2,0.1756
1977-07-06,6.8,0.1926
1977-07-07,7.4,0.2095
1977-07-08,9.4,0.2662
1977-07-09,9.0,0.2549
1977-07-10,7.8,0.2209
1977-07-11,8.2,0.2322
1977-07-12,6.8,0.1926
1977-07-13,5.6,0.1586
1977-07-14,4.7,0.1331
1977-07-15,4.7,0.1331
1977-07-16,4.7,0.1331
1977-07-17,5.3,0.1501
1977-07-18,5.0,0.1416
1977-07-19,4.4,0.1246
1977-07-20,4.2,0.1189
1977-07-21,4.2,0.1189
1977-07-22,4.7,0.1331
1977-07-23,4.4,0.1246
1977-07-24,4.2,0.1189
1977-07-25,4.4,0.1246
1977-07-26,4.4,0.1246
1977-07-27,5.6,0.1586
1977-07-28,9.4,0.2662
1977-07-29,8.2,0.2322
1977-07-30,7.4,0.2095
1977-07-31,7.1,0.201
1977-08-01,6.8,0.1926
1977-08-02,6.5,0.1841
1977-08-03,6.2,0.1756
1977-08-04,5.6,0.1586
1977-08-05,5.3,0.1501
1977-08-06,4.4,0.1246
1977-08-07,4.7,0.1331
1977-08-08,5.3,0.1501
1977-08-09,5.6,0.1586
1977-08-10,6.8,0.1926
1977-08-11,6.8,0.1926
1977-08-12,7.1,0.201
1977-08-13,5.3,0.1501
1977-08-14,5.0,0.1416
1977-08-15,5.0,0.1416
1977-08-16,4.4,0.1246
1977-08-17,4.2,0.1189
1977-08-18,4.0,0.1133
1977-08-19,4.0,0.1133
1977-08-20,4.2,0.1189
1977-08-21,4.4,0.1246
1977-08-22,4.2,0.1189
1977-08-23,3.8,0.1076
1977-08-24,4.4,0.1246
1977-08-25,4.7,0.1331
1977-08-26,6.0,0.1699
1977-08-27,7.1,0.201
1977-08-28,4.7,0.1331
1977-08-29,6.8,0.1926
1977-08-30,6.5,0.1841
1977-08-31,5.6,0.1586
1977-09-01,4.2,0.1189
1977-09-02,2.6,0.0736
1977-09-03,1.7,0.0481
1977-09-04,1.3,0.0368
1977-09-05,18.0,0.5097
1977-09-06,12.0,0.3398
1977-09-07,12.0,0.3398
1977-09-08,6.5,0.1841
1977-09-09,3.8,0.1076
1977-09-10,4.2,0.1189
1977-09-11,3.8,0.1076
1977-09-12,2.8,0.0793
1977-09-13,2.1,0.0595
1977-09-14,4.0,0.1133
1977-09-15,5.6,0.1586
1977-09-16,7.4,0.2095
1977-09-17,9.4,0.2662
1977-09-18,9.9,0.2803
1977-09-19,7.8,0.2209
1977-09-20,7.1,0.201
1977-09-21,6.5,0.1841
1977-09-22,6.2,0.1756
1977-09-23,6.2,0.1756
1977-09-24,6.5,0.1841
1977-09-25,6.8,0.1926
1977-09-26,5.6,0.1586
1977-09-27,3.4,0.0963
1977-09-28,2.4,0.068
1977-09-29,1.8,0.051
1977-09-30,1.4,0.0396
1977-10-01,1.4,0.0396
1977-10-02,1.2,0.034
1977-10-03,1.1,0.0311
1977-10-04,2.6,0.0736
1977-10-05,6.2,0.1756
1977-10-06,9.9,0.2803
1977-10-07,12.0,0.3398
1977-10-08,9.9,0.2803
1977-10-09,8.6,0.2435
1977-10-10,7.8,0.2209
1977-10-11,8.6,0.2435
1977-10-12,8.2,0.2322
1977-10-13,7.1,0.201
1977-10-14,6.5,0.1841
1977-10-15,6.2,0.1756
1977-10-16,5.9,0.1671
1977-10-17,5.9,0.1671
1977-10-18,5.9,0.1671
1977-10-19,5.9,0.1671
1977-10-20,5.6,0.1586
1977-10-21,5.6,0.1586
1977-10-22,59.0,1.6707
1977-10-23,13.0,0.3681
1977-10-24,14.0,0.3964
1977-10-25,26.0,0.7362
1977-10-26,15.0,0.4248
1977-10-27,11.0,0.3115
1977-10-28,11.0,0.3115
1977-10-29,9.9,0.2803
1977-10-30,9.9,0.2803
1977-10-31,9.4,0.2662
1977-11-01,8.6,0.2435
1977-11-02,8.2,0.2322
1977-11-03,7.4,0.2095
1977-11-04,7.1,0.201
1977-11-05,7.1,0.201
1977-11-06,6.5,0.1841
1977-11-07,6.8,0.1926
1977-11-08,6.5,0.1841
1977-11-09,7.4,0.2095
1977-11-10,7.4,0.2095
1977-11-11,7.4,0.2095
1977-11-12,7.8,0.2209
1977-11-13,7.8,0.2209
1977-11-14,8.2,0.2322
1977-11-15,8.2,0.2322
1977-11-16,8.2,0.2322
1977-11-17,6.8,0.1926
1977-11-18,4.7,0.1331
1977-11-19,4.0,0.1133
1977-11-20,4.4,0.1246
1977-11-21,6.2,0.1756
1977-11-22,7.8,0.2209
1977-11-23,7.8,0.2209
1977-11-24,6.5,0.1841
1977-11-25,5.0,0.1416
1977-11-26,5.9,0.1671
1977-11-27,5.3,0.1501
1977-11-28,4.4,0.1246
1977-11-29,6.8,0.1926
1977-11-30,5.0,0.1416
1977-12-01,3.6,0.1019
1977-12-02,4.4,0.1246
1977-12-03,7.8,0.2209
1977-12-04,8.6,0.2435
1977-12-05,8.6,0.2435
1977-12-06,5.9,0.1671
1977-12-07,5.6,0.1586
1977-12-08,8.2,0.2322
1977-12-09,9.0,0.2549
1977-12-10,8.6,0.2435
1977-12-11,9.0,0.2549
1977-12-12,9.0,0.2549
1977-12-13,9.4,0.2662
1977-12-14,8.6,0.2435
1977-12-15,7.1,0.201
1977-12-16,6.2,0.1756
1977-12-17,8.6,0.2435
1977-12-18,7.4,0.2095
1977-12-19,9.9,0.2803
1977-12-20,12.0,0.3398
1977-12-21,9.9,0.2803
1977-12-22,8.2,0.2322
1977-12-23,9.9,0.2803
1977-12-24,13.0,0.3681
1977-12-25,12.0,0.3398
1977-12-26,9.9,0.2803
1977-12-27,9.0,0.2549
1977-12-28,7.8,0.2209
1977-12-29,8.6,0.2435
1977-12-30,9.9,0.2803
1977-12-31,9.9,0.2803
1978-01-01,8.6,0.2435
1978-01-02,9.0,0.2549
1978-01-03,10.0,0.2832
1978-01-04,11.0,0.3115
1978-01-05,12.0,0.3398
1978-01-06,11.0,0.3115
1978-01-07,12.0,0.3398
1978-01-08,12.0,0.3398
1978-01-09,12.0,0.3398
1978-01-10,12.0,0.3398
1978-01-11,12.0,0.3398
1978-01-12,11.0,0.3115
1978-01-13,13.0,0.3681
1978-01-14,13.0,0.3681
1978-01-15,14.0,0.3964
1978-01-16,15.0,0.4248
1978-01-17,14.0,0.3964
1978-01-18,12.0,0.3398
1978-01-19,16.0,0.4531
1978-01-20,16.0,0.4531
1978-01-21,12.0,0.3398
1978-01-22,11.0,0.3115
1978-01-23,9.4,0.2662
1978-01-24,9.0,0.2549
1978-01-25,8.6,0.2435
1978-01-26,8.6,0.2435
1978-01-27,8.6,0.2435
1978-01-28,8.6,0.2435
1978-01-29,10.0,0.2832
1978-01-30,14.0,0.3964
1978-01-31,15.0,0.4248
1978-02-01,15.0,0.4248
1978-02-02,16.0,0.4531
1978-02-03,17.0,0.4814
1978-02-04,17.0,0.4814
1978-02-05,16.0,0.4531
1978-02-06,17.0,0.4814
1978-02-07,19.0,0.538
1978-02-08,16.0,0.4531
1978-02-09,13.0,0.3681
1978-02-10,14.0,0.3964
1978-02-11,14.0,0.3964
1978-02-12,17.0,0.4814
1978-02-13,18.0,0.5097
1978-02-14,16.0,0.4531
1978-02-15,16.0,0.4531
1978-02-16,16.0,0.4531
1978-02-17,17.0,0.4814
1978-02-18,16.0,0.4531
1978-02-19,16.0,0.4531
1978-02-20,16.0,0.4531
1978-02-21,16.0,0.4531
1978-02-22,16.0,0.4531
1978-02-23,20.0,0.5663
1978-02-24,23.0,0.6513
1978-02-25,22.0,0.623
1978-02-26,16.0,0.4531
1978-02-27,13.0,0.3681
1978-02-28,13.0,0.3681
1978-03-01,11.0,0.3115
1978-03-02,11.0,0.3115
1978-03-03,13.0,0.3681
1978-03-04,13.0,0.3681
1978-03-05,13.0,0.3681
1978-03-06,12.0,0.3398
1978-03-07,12.0,0.3398
1978-03-08,10.0,0.2832
1978-03-09,9.0,0.2549
1978-03-10,9.0,0.2549
1978-03-11,10.0,0.2832
1978-03-12,9.9,0.2803
1978-03-13,9.9,0.2803
1978-03-14,9.9,0.2803
1978-03-15,9.4,0.2662
1978-03-16,9.0,0.2549
1978-03-17,6.8,0.1926
1978-03-18,6.8,0.1926
1978-03-19,8.2,0.2322
1978-03-20,9.0,0.2549
1978-03-21,7.8,0.2209
1978-03-22,7.8,0.2209
1978-03-23,3.6,0.1019
1978-03-24,1.4,0.0396
1978-03-25,0.91,0.0258
1978-03-26,0.64,0.0181
1978-03-27,0.5,0.0142
1978-03-28,1.1,0.0311
1978-03-29,4.2,0.1189
1978-03-30,4.7,0.1331
1978-03-31,5.9,0.1671
1978-04-01,7.1,0.201
1978-04-02,9.4,0.2662
1978-04-03,9.0,0.2549
1978-04-04,8.6,0.2435
1978-04-05,6.8,0.1926
1978-04-06,6.2,0.1756
1978-04-07,5.6,0.1586
1978-04-08,5.0,0.1416
1978-04-09,4.4,0.1246
1978-04-10,5.9,0.1671
1978-04-11,6.5,0.1841
1978-04-12,7.8,0.2209
1978-04-13,9.4,0.2662
1978-04-14,10.0,0.2832
1978-04-15,8.2,0.2322
1978-04-16,6.8,0.1926
1978-04-17,5.9,0.1671
1978-04-18,6.5,0.1841
1978-04-19,5.3,0.1501
1978-04-20,4.2,0.1189
1978-04-21,4.2,0.1189
1978-04-22,5.0,0.1416
1978-04-23,5.3,0.1501
1978-04-24,7.1,0.201
1978-04-25,7.1,0.201
1978-04-26,5.0,0.1416
1978-04-27,4.2,0.1189
1978-04-28,4.0,0.1133
1978-04-29,5.0,0.1416
1978-04-30,5.9,0.1671
1978-05-01,6.2,0.1756
1978-05-02,50.0,1.4158
1978-05-03,10.0,0.2832
1978-05-04,12.0,0.3398
1978-05-05,13.0,0.3681
1978-05-06,8.6,0.2435
1978-05-07,7.1,0.201
1978-05-08,7.4,0.2095
1978-05-09,6.8,0.1926
1978-05-10,5.0,0.1416
1978-05-11,4.0,0.1133
1978-05-12,4.0,0.1133
1978-05-13,6.5,0.1841
1978-05-14,6.5,0.1841
1978-05-15,5.9,0.1671
1978-05-16,5.0,0.1416
1978-05-17,4.0,0.1133
1978-05-18,3.4,0.0963
1978-05-19,6.7,0.1897
1978-05-20,9.4,0.2662
1978-05-21,7.4,0.2095
1978-05-22,8.6,0.2435
1978-05-23,9.0,0.2549
1978-05-24,7.1,0.201
1978-05-25,6.5,0.1841
1978-05-26,7.8,0.2209
1978-05-27,7.1,0.201
1978-05-28,7.4,0.2095
1978-05-29,9.0,0.2549
1978-05-30,9.0,0.2549
1978-05-31,26.0,0.7362
1978-06-01,20.0,0.5663
1978-06-02,1800.0,50.9702
1978-06-03,1870.0,52.9524
1978-06-04,273.0,7.7305
1978-06-05,102.0,2.8883
1978-06-06,44.0,1.2459
1978-06-07,25.0,0.7079
1978-06-08,5.0,0.1416
1978-06-09,5.0,0.1416
1978-06-10,5.0,0.1416
1978-06-11,5.0,0.1416
1978-06-12,5.0,0.1416
1978-06-13,5.0,0.1416
1978-06-14,5.0,0.1416
1978-06-15,5.0,0.1416
1978-06-16,5.0,0.1416
1978-06-17,5.0,0.1416
1978-06-18,5.0,0.1416
1978-06-19,5.0,0.1416
1978-06-20,5.0,0.1416
1978-06-21,5.0,0.1416
1978-06-22,5.0,0.1416
1978-06-23,5.0,0.1416
1978-06-24,5.0,0.1416
1978-06-25,5.0,0.1416
1978-06-26,5.0,0.1416
1978-06-27,5.0,0.1416
1978-06-28,5.0,0.1416
1978-06-29,14.0,0.3964
1978-06-30,5.0,0.1416
1978-07-01,5.5,0.1557
1978-07-02,6.0,0.1699
1978-07-03,6.0,0.1699
1978-07-04,5.5,0.1557
1978-07-05,5.5,0.1557
1978-07-06,5.5,0.1557
1978-07-07,5.3,0.1501
1978-07-08,5.0,0.1416
1978-07-09,4.7,0.1331
1978-07-10,4.4,0.1246
1978-07-11,5.3,0.1501
1978-07-12,5.9,0.1671
1978-07-13,7.1,0.201
1978-07-14,7.4,0.2095
1978-07-15,7.1,0.201
1978-07-16,7.4,0.2095
1978-07-17,7.4,0.2095
1978-07-18,7.1,0.201
1978-07-19,6.8,0.1926
1978-07-20,5.9,0.1671
1978-07-21,5.9,0.1671
1978-07-22,7.4,0.2095
1978-07-23,52.0,1.4725
1978-07-24,43.0,1.2176
1978-07-25,29.0,0.8212
1978-07-26,18.0,0.5097
1978-07-27,12.0,0.3398
1978-07-28,6.5,0.1841
1978-07-29,5.9,0.1671
1978-07-30,5.9,0.1671
1978-07-31,5.9,0.1671
1978-08-01,6.5,0.1841
1978-08-02,6.2,0.1756
1978-08-03,133.0,3.7661
1978-08-04,13.0,0.3681
1978-08-05,11.0,0.3115
1978-08-06,9.4,0.2662
1978-08-07,7.8,0.2209
1978-08-08,7.1,0.201
1978-08-09,7.1,0.201
1978-08-10,6.8,0.1926
1978-08-11,4.2,0.1189
1978-08-12,3.4,0.0963
1978-08-13,7.8,0.2209
1978-08-14,8.2,0.2322
1978-08-15,7.8,0.2209
1978-08-16,7.1,0.201
1978-08-17,6.2,0.1756
1978-08-18,6.5,0.1841
1978-08-19,8.8,0.2492
1978-08-20,8.6,0.2435
1978-08-21,7.4,0.2095
1978-08-22,6.8,0.1926
1978-08-23,6.9,0.1954
1978-08-24,13.0,0.3681
1978-08-25,5.0,0.1416
1978-08-26,5.6,0.1586
1978-08-27,5.6,0.1586
1978-08-28,6.5,0.1841
1978-08-29,6.5,0.1841
1978-08-30,9.0,0.2549
1978-08-31,7.4,0.2095
1978-09-01,6.8,0.1926
1978-09-02,6.8,0.1926
1978-09-03,7.8,0.2209
1978-09-04,8.6,0.2435
1978-09-05,13.0,0.3681
1978-09-06,9.9,0.2803
1978-09-07,11.0,0.3115
1978-09-08,10.0,0.2832
1978-09-09,7.1,0.201
1978-09-10,6.2,0.1756
1978-09-11,5.9,0.1671
1978-09-12,6.2,0.1756
1978-09-13,6.8,0.1926
1978-09-14,7.1,0.201
1978-09-15,7.8,0.2209
1978-09-16,8.2,0.2322
1978-09-17,7.4,0.2095
1978-09-18,6.8,0.1926
1978-09-19,6.5,0.1841
1978-09-20,6.2,0.1756
1978-09-21,27.0,0.7646
1978-09-22,32.0,0.9061
1978-09-23,29.0,0.8212
1978-09-24,143.0,4.0493
1978-09-25,1730.0,48.9881
1978-09-26,17100.0,484.2173
1978-09-27,6160.0,174.4315
1978-09-28,951.0,26.9293
1978-09-29,342.0,9.6843
1978-09-30,220.0,6.2297
1978-10-01,154.0,4.3608
1978-10-02,112.0,3.1715
1978-10-03,86.0,2.4352
1978-10-04,66.0,1.8689
1978-10-05,55.0,1.5574
1978-10-06,49.0,1.3875
1978-10-07,43.0,1.2176
1978-10-08,39.0,1.1044
1978-10-09,36.0,1.0194
1978-10-10,34.0,0.9628
1978-10-11,31.0,0.8778
1978-10-12,31.0,0.8778
1978-10-13,30.0,0.8495
1978-10-14,28.0,0.7929
1978-10-15,29.0,0.8212
1978-10-16,29.0,0.8212
1978-10-17,26.0,0.7362
1978-10-18,26.0,0.7362
1978-10-19,25.0,0.7079
1978-10-20,24.0,0.6796
1978-10-21,24.0,0.6796
1978-10-22,25.0,0.7079
1978-10-23,33.0,0.9345
1978-10-24,39.0,1.1044
1978-10-25,42.0,1.1893
1978-10-26,64.0,1.8123
1978-10-27,56.0,1.5857
1978-10-28,43.0,1.2176
1978-10-29,36.0,1.0194
1978-10-30,34.0,0.9628
1978-10-31,30.0,0.8495
1978-11-01,30.0,0.8495
1978-11-02,30.0,0.8495
1978-11-03,37.0,1.0477
1978-11-04,381.0,10.7887
1978-11-05,774.0,21.9172
1978-11-06,456.0,12.9125
1978-11-07,237.0,6.7111
1978-11-08,147.0,4.1626
1978-11-09,105.0,2.9733
1978-11-10,76.0,2.1521
1978-11-11,58.0,1.6424
1978-11-12,52.0,1.4725
1978-11-13,46.0,1.3026
1978-11-14,43.0,1.2176
1978-11-15,41.0,1.161
1978-11-16,42.0,1.1893
1978-11-17,41.0,1.161
1978-11-18,41.0,1.161
1978-11-19,42.0,1.1893
1978-11-20,42.0,1.1893
1978-11-21,47.0,1.3309
1978-11-22,51.0,1.4442
1978-11-23,55.0,1.5574
1978-11-24,58.0,1.6424
1978-11-25,59.0,1.6707
1978-11-26,59.0,1.6707
1978-11-27,58.0,1.6424
1978-11-28,57.0,1.6141
1978-11-29,59.0,1.6707
1978-11-30,64.0,1.8123
1978-12-01,65.0,1.8406
1978-12-02,65.0,1.8406
1978-12-03,63.0,1.784
1978-12-04,58.0,1.6424
1978-12-05,57.0,1.6141
1978-12-06,57.0,1.6141
1978-12-07,57.0,1.6141
1978-12-08,57.0,1.6141
1978-12-09,56.0,1.5857
1978-12-10,58.0,1.6424
1978-12-11,59.0,1.6707
1978-12-12,58.0,1.6424
1978-12-13,59.0,1.6707
1978-12-14,58.0,1.6424
1978-12-15,60.0,1.699
1978-12-16,60.0,1.699
1978-12-17,56.0,1.5857
1978-12-18,52.0,1.4725
1978-12-19,51.0,1.4442
1978-12-20,50.0,1.4158
1978-12-21,50.0,1.4158
1978-12-22,52.0,1.4725
1978-12-23,56.0,1.5857
1978-12-24,57.0,1.6141
1978-12-25,58.0,1.6424
1978-12-26,58.0,1.6424
1978-12-27,57.0,1.6141
1978-12-28,58.0,1.6424
1978-12-29,59.0,1.6707
1978-12-30,60.0,1.699
1978-12-31,65.0,1.8406
1979-01-01,65.0,1.8406
1979-01-02,66.0,1.8689
1979-01-03,66.0,1.8689
1979-01-04,63.0,1.784
1979-01-05,59.0,1.6707
1979-01-06,54.0,1.5291
1979-01-07,53.0,1.5008
1979-01-08,52.0,1.4725
1979-01-09,53.0,1.5008
1979-01-10,53.0,1.5008
1979-01-11,53.0,1.5008
1979-01-12,53.0,1.5008
1979-01-13,53.0,1.5008
1979-01-14,52.0,1.4725
1979-01-15,56.0,1.5857
1979-01-16,60.0,1.699
1979-01-17,63.0,1.784
1979-01-18,65.0,1.8406
1979-01-19,65.0,1.8406
1979-01-20,66.0,1.8689
1979-01-21,71.0,2.0105
1979-01-22,64.0,1.8123
1979-01-23,56.0,1.5857
1979-01-24,57.0,1.6141
1979-01-25,56.0,1.5857
1979-01-26,54.0,1.5291
1979-01-27,58.0,1.6424
1979-01-28,58.0,1.6424
1979-01-29,56.0,1.5857
1979-01-30,57.0,1.6141
1979-01-31,57.0,1.6141
1979-02-01,58.0,1.6424
1979-02-02,58.0,1.6424
1979-02-03,59.0,1.6707
1979-02-04,60.0,1.699
1979-02-05,70.0,1.9822
1979-02-06,73.0,2.0671
1979-02-07,78.0,2.2087
1979-02-08,80.0,2.2653
1979-02-09,73.0,2.0671
1979-02-10,70.0,1.9822
1979-02-11,66.0,1.8689
1979-02-12,65.0,1.8406
1979-02-13,64.0,1.8123
1979-02-14,64.0,1.8123
1979-02-15,58.0,1.6424
1979-02-16,56.0,1.5857
1979-02-17,66.0,1.8689
1979-02-18,66.0,1.8689
1979-02-19,69.0,1.9539
1979-02-20,70.0,1.9822
1979-02-21,69.0,1.9539
1979-02-22,69.0,1.9539
1979-02-23,67.0,1.8972
1979-02-24,69.0,1.9539
1979-02-25,69.0,1.9539
1979-02-26,66.0,1.8689
1979-02-27,64.0,1.8123
1979-02-28,55.0,1.5574
1979-03-01,57.0,1.6141
1979-03-02,52.0,1.4725
1979-03-03,51.0,1.4442
1979-03-04,51.0,1.4442
1979-03-05,53.0,1.5008
1979-03-06,50.0,1.4158
1979-03-07,50.0,1.4158
1979-03-08,51.0,1.4442
1979-03-09,52.0,1.4725
1979-03-10,53.0,1.5008
1979-03-11,53.0,1.5008
1979-03-12,53.0,1.5008
1979-03-13,53.0,1.5008
1979-03-14,52.0,1.4725
1979-03-15,53.0,1.5008
1979-03-16,57.0,1.6141
1979-03-17,58.0,1.6424
1979-03-18,55.0,1.5574
1979-03-19,50.0,1.4158
1979-03-20,52.0,1.4725
1979-03-21,54.0,1.5291
1979-03-22,52.0,1.4725
1979-03-23,32.0,0.9061
1979-03-24,47.0,1.3309
1979-03-25,51.0,1.4442
1979-03-26,46.0,1.3026
1979-03-27,47.0,1.3309
1979-03-28,50.0,1.4158
1979-03-29,82.0,2.322
1979-03-30,91.0,2.5768
1979-03-31,63.0,1.784
1979-04-01,51.0,1.4442
1979-04-02,44.0,1.2459
1979-04-03,40.0,1.1327
1979-04-04,36.0,1.0194
1979-04-05,37.0,1.0477
1979-04-06,37.0,1.0477
1979-04-07,37.0,1.0477
1979-04-08,38.0,1.076
1979-04-09,39.0,1.1044
1979-04-10,38.0,1.076
1979-04-11,36.0,1.0194
1979-04-12,40.0,1.1327
1979-04-13,38.0,1.076
1979-04-14,32.0,0.9061
1979-04-15,26.0,0.7362
1979-04-16,20.0,0.5663
1979-04-17,19.0,0.538
1979-04-18,16.0,0.4531
1979-04-19,23.0,0.6513
1979-04-20,52.0,1.4725
1979-04-21,43.0,1.2176
1979-04-22,36.0,1.0194
1979-04-23,31.0,0.8778
1979-04-24,29.0,0.8212
1979-04-25,31.0,0.8778
1979-04-26,30.0,0.8495
1979-04-27,29.0,0.8212
1979-04-28,28.0,0.7929
1979-04-29,28.0,0.7929
1979-04-30,28.0,0.7929
1979-05-01,30.0,0.8495
1979-05-02,30.0,0.8495
1979-05-03,32.0,0.9061
1979-05-04,28.0,0.7929
1979-05-05,24.0,0.6796
1979-05-06,20.0,0.5663
1979-05-07,17.0,0.4814
1979-05-08,14.0,0.3964
1979-05-09,12.0,0.3398
1979-05-10,14.0,0.3964
1979-05-11,20.0,0.5663
1979-05-12,22.0,0.623
1979-05-13,21.0,0.5947
1979-05-14,19.0,0.538
1979-05-15,20.0,0.5663
1979-05-16,21.0,0.5947
1979-05-17,26.0,0.7362
1979-05-18,28.0,0.7929
1979-05-19,40.0,1.1327
1979-05-20,46.0,1.3026
1979-05-21,33.0,0.9345
1979-05-22,26.0,0.7362
1979-05-23,21.0,0.5947
1979-05-24,22.0,0.623
1979-05-25,25.0,0.7079
1979-05-26,25.0,0.7079
1979-05-27,29.0,0.8212
1979-05-28,110.0,3.1148
1979-05-29,120.0,3.398
1979-05-30,63.0,1.784
1979-05-31,91.0,2.5768
1979-06-01,99.0,2.8034
1979-06-02,195.0,5.5218
1979-06-03,125.0,3.5396
1979-06-04,70.0,1.9822
1979-06-05,52.0,1.4725
1979-06-06,40.0,1.1327
1979-06-07,37.0,1.0477
1979-06-08,35.0,0.9911
1979-06-09,80.0,2.2653
1979-06-10,50.0,1.4158
1979-06-11,53.0,1.5008
1979-06-12,38.0,1.076
1979-06-13,28.0,0.7929
1979-06-14,20.0,0.5663
1979-06-15,11.0,0.3115
1979-06-16,6.2,0.1756
1979-06-17,3.2,0.0906
1979-06-18,24.0,0.6796
1979-06-19,273.0,7.7305
1979-06-20,189.0,5.3519
1979-06-21,108.0,3.0582
1979-06-22,69.0,1.9539
1979-06-23,49.0,1.3875
1979-06-24,37.0,1.0477
1979-06-25,29.0,0.8212
1979-06-26,25.0,0.7079
1979-06-27,26.0,0.7362
1979-06-28,19.0,0.538
1979-06-29,17.0,0.4814
1979-06-30,23.0,0.6513
1979-07-01,24.0,0.6796
1979-07-02,28.0,0.7929
1979-07-03,28.0,0.7929
1979-07-04,28.0,0.7929
1979-07-05,34.0,0.9628
1979-07-06,34.0,0.9628
1979-07-07,32.0,0.9061
1979-07-08,32.0,0.9061
1979-07-09,32.0,0.9061
1979-07-10,31.0,0.8778
1979-07-11,28.0,0.7929
1979-07-12,23.0,0.6513
1979-07-13,22.0,0.623
1979-07-14,21.0,0.5947
1979-07-15,21.0,0.5947
1979-07-16,24.0,0.6796
1979-07-17,30.0,0.8495
1979-07-18,50.0,1.4158
1979-07-19,136.0,3.8511
1979-07-20,182.0,5.1537
1979-07-21,193.0,5.4651
1979-07-22,167.0,4.7289
1979-07-23,111.0,3.1432
1979-07-24,81.0,2.2937
1979-07-25,65.0,1.8406
1979-07-26,59.0,1.6707
1979-07-27,54.0,1.5291
1979-07-28,50.0,1.4158
1979-07-29,51.0,1.4442
1979-07-30,49.0,1.3875
1979-07-31,29.0,0.8212
1979-08-01,26.0,0.7362
1979-08-02,30.0,0.8495
1979-08-03,38.0,1.076
1979-08-04,36.0,1.0194
1979-08-05,38.0,1.076
1979-08-06,38.0,1.076
1979-08-07,32.0,0.9061
1979-08-08,31.0,0.8778
1979-08-09,35.0,0.9911
1979-08-10,35.0,0.9911
1979-08-11,31.0,0.8778
1979-08-12,32.0,0.9061
1979-08-13,36.0,1.0194
1979-08-14,38.0,1.076
1979-08-15,40.0,1.1327
1979-08-16,54.0,1.5291
1979-08-17,57.0,1.6141
1979-08-18,52.0,1.4725
1979-08-19,97.0,2.7467
1979-08-20,242.0,6.8527
1979-08-21,108.0,3.0582
1979-08-22,80.0,2.2653
1979-08-23,75.0,2.1238
1979-08-24,85.0,2.4069
1979-08-25,73.0,2.0671
1979-08-26,59.0,1.6707
1979-08-27,75.0,2.1238
1979-08-28,131.0,3.7095
1979-08-29,122.0,3.4546
1979-08-30,76.0,2.1521
1979-08-31,59.0,1.6707
1979-09-01,58.0,1.6424
1979-09-02,56.0,1.5857
1979-09-03,58.0,1.6424
1979-09-04,60.0,1.699
1979-09-05,56.0,1.5857
1979-09-06,56.0,1.5857
1979-09-07,64.0,1.8123
1979-09-08,59.0,1.6707
1979-09-09,51.0,1.4442
1979-09-10,49.0,1.3875
1979-09-11,32.0,0.9061
1979-09-12,53.0,1.5008
1979-09-13,63.0,1.784
1979-09-14,27.0,0.7646
1979-09-15,39.0,1.1044
1979-09-16,59.0,1.6707
1979-09-17,67.0,1.8972
1979-09-18,69.0,1.9539
1979-09-19,78.0,2.2087
1979-09-20,73.0,2.0671
1979-09-21,70.0,1.9822
1979-09-22,71.0,2.0105
1979-09-23,71.0,2.0105
1979-09-24,70.0,1.9822
1979-09-25,69.0,1.9539
1979-09-26,63.0,1.784
1979-09-27,59.0,1.6707
1979-09-28,53.0,1.5008
1979-09-29,54.0,1.5291
1979-09-30,54.0,1.5291
1979-10-01,58.0,1.6424
1979-10-02,55.0,1.5574
1979-10-03,51.0,1.4442
1979-10-04,49.0,1.3875
1979-10-05,48.0,1.3592
1979-10-06,67.0,1.8972
1979-10-07,75.0,2.1238
1979-10-08,62.0,1.7556
1979-10-09,50.0,1.4158
1979-10-10,57.0,1.6141
1979-10-11,57.0,1.6141
1979-10-12,53.0,1.5008
1979-10-13,53.0,1.5008
1979-10-14,51.0,1.4442
1979-10-15,47.0,1.3309
1979-10-16,45.0,1.2743
1979-10-17,45.0,1.2743
1979-10-18,42.0,1.1893
1979-10-19,39.0,1.1044
1979-10-20,39.0,1.1044
1979-10-21,37.0,1.0477
1979-10-22,33.0,0.9345
1979-10-23,33.0,0.9345
1979-10-24,30.0,0.8495
1979-10-25,31.0,0.8778
1979-10-26,35.0,0.9911
1979-10-27,35.0,0.9911
1979-10-28,28.0,0.7929
1979-10-29,43.0,1.2176
1979-10-30,54.0,1.5291
1979-10-31,56.0,1.5857
1979-11-01,67.0,1.8972
1979-11-02,60.0,1.699
1979-11-03,47.0,1.3309
1979-11-04,42.0,1.1893
1979-11-05,40.0,1.1327
1979-11-06,40.0,1.1327
1979-11-07,43.0,1.2176
1979-11-08,44.0,1.2459
1979-11-09,46.0,1.3026
1979-11-10,50.0,1.4158
1979-11-11,56.0,1.5857
1979-11-12,57.0,1.6141
1979-11-13,58.0,1.6424
1979-11-14,59.0,1.6707
1979-11-15,59.0,1.6707
1979-11-16,59.0,1.6707
1979-11-17,62.0,1.7556
1979-11-18,64.0,1.8123
1979-11-19,65.0,1.8406
1979-11-20,65.0,1.8406
1979-11-21,66.0,1.8689
1979-11-22,64.0,1.8123
1979-11-23,63.0,1.784
1979-11-24,64.0,1.8123
1979-11-25,63.0,1.784
1979-11-26,67.0,1.8972
1979-11-27,70.0,1.9822
1979-11-28,69.0,1.9539
1979-11-29,66.0,1.8689
1979-11-30,64.0,1.8123
1979-12-01,65.0,1.8406
1979-12-02,67.0,1.8972
1979-12-03,69.0,1.9539
1979-12-04,69.0,1.9539
1979-12-05,67.0,1.8972
1979-12-06,67.0,1.8972
1979-12-07,66.0,1.8689
1979-12-08,66.0,1.8689
1979-12-09,65.0,1.8406
1979-12-10,65.0,1.8406
1979-12-11,65.0,1.8406
1979-12-12,65.0,1.8406
1979-12-13,69.0,1.9539
1979-12-14,71.0,2.0105
1979-12-15,75.0,2.1238
1979-12-16,78.0,2.2087
1979-12-17,76.0,2.1521
1979-12-18,71.0,2.0105
1979-12-19,70.0,1.9822
1979-12-20,70.0,1.9822
1979-12-21,69.0,1.9539
1979-12-22,69.0,1.9539
1979-12-23,67.0,1.8972
1979-12-24,67.0,1.8972
1979-12-25,66.0,1.8689
1979-12-26,66.0,1.8689
1979-12-27,65.0,1.8406
1979-12-28,66.0,1.8689
1979-12-29,65.0,1.8406
1979-12-30,65.0,1.8406
1979-12-31,65.0,1.8406
1980-01-01,65.0,1.8406
1980-01-02,65.0,1.8406
1980-01-03,65.0,1.8406
1980-01-04,65.0,1.8406
1980-01-05,64.0,1.8123
1980-01-06,64.0,1.8123
1980-01-07,64.0,1.8123
1980-01-08,63.0,1.784
1980-01-09,63.0,1.784
1980-01-10,59.0,1.6707
1980-01-11,62.0,1.7556
1980-01-12,63.0,1.784
1980-01-13,64.0,1.8123
1980-01-14,63.0,1.784
1980-01-15,63.0,1.784
1980-01-16,65.0,1.8406
1980-01-17,65.0,1.8406
1980-01-18,65.0,1.8406
1980-01-19,65.0,1.8406
1980-01-20,65.0,1.8406
1980-01-21,65.0,1.8406
1980-01-22,72.0,2.0388
1980-01-23,69.0,1.9539
1980-01-24,69.0,1.9539
1980-01-25,70.0,1.9822
1980-01-26,65.0,1.8406
1980-01-27,59.0,1.6707
1980-01-28,59.0,1.6707
1980-01-29,58.0,1.6424
1980-01-30,58.0,1.6424
1980-01-31,59.0,1.6707
1980-02-01,60.0,1.699
1980-02-02,63.0,1.784
1980-02-03,70.0,1.9822
1980-02-04,77.0,2.1804
1980-02-05,78.0,2.2087
1980-02-06,78.0,2.2087
1980-02-07,77.0,2.1804
1980-02-08,77.0,2.1804
1980-02-09,76.0,2.1521
1980-02-10,76.0,2.1521
1980-02-11,76.0,2.1521
1980-02-12,76.0,2.1521
1980-02-13,77.0,2.1804
1980-02-14,77.0,2.1804
1980-02-15,77.0,2.1804
1980-02-16,77.0,2.1804
1980-02-17,78.0,2.2087
1980-02-18,80.0,2.2653
1980-02-19,78.0,2.2087
1980-02-20,77.0,2.1804
1980-02-21,75.0,2.1238
1980-02-22,70.0,1.9822
1980-02-23,66.0,1.8689
1980-02-24,62.0,1.7556
1980-02-25,58.0,1.6424
1980-02-26,57.0,1.6141
1980-02-27,57.0,1.6141
1980-02-28,56.0,1.5857
1980-02-29,54.0,1.5291
1980-03-01,51.0,1.4442
1980-03-02,49.0,1.3875
1980-03-03,46.0,1.3026
1980-03-04,46.0,1.3026
1980-03-05,42.0,1.1893
1980-03-06,43.0,1.2176
1980-03-07,44.0,1.2459
1980-03-08,39.0,1.1044
1980-03-09,35.0,0.9911
1980-03-10,34.0,0.9628
1980-03-11,31.0,0.8778
1980-03-12,30.0,0.8495
1980-03-13,28.0,0.7929
1980-03-14,26.0,0.7362
1980-03-15,25.0,0.7079
1980-03-16,25.0,0.7079
1980-03-17,23.0,0.6513
1980-03-18,20.0,0.5663
1980-03-19,20.0,0.5663
1980-03-20,22.0,0.623
1980-03-21,20.0,0.5663
1980-03-22,18.0,0.5097
1980-03-23,20.0,0.5663
1980-03-24,24.0,0.6796
1980-03-25,24.0,0.6796
1980-03-26,25.0,0.7079
1980-03-27,26.0,0.7362
1980-03-28,29.0,0.8212
1980-03-29,32.0,0.9061
1980-03-30,40.0,1.1327
1980-03-31,41.0,1.161
1980-04-01,36.0,1.0194
1980-04-02,29.0,0.8212
1980-04-03,28.0,0.7929
1980-04-04,30.0,0.8495
1980-04-05,28.0,0.7929
1980-04-06,25.0,0.7079
1980-04-07,27.0,0.7646
1980-04-08,26.0,0.7362
1980-04-09,45.0,1.2743
1980-04-10,66.0,1.8689
1980-04-11,46.0,1.3026
1980-04-12,35.0,0.9911
1980-04-13,30.0,0.8495
1980-04-14,48.0,1.3592
1980-04-15,41.0,1.161
1980-04-16,31.0,0.8778
1980-04-17,28.0,0.7929
1980-04-18,27.0,0.7646
1980-04-19,26.0,0.7362
1980-04-20,28.0,0.7929
1980-04-21,33.0,0.9345
1980-04-22,33.0,0.9345
1980-04-23,33.0,0.9345
1980-04-24,35.0,0.9911
1980-04-25,34.0,0.9628
1980-04-26,33.0,0.9345
1980-04-27,32.0,0.9061
1980-04-28,30.0,0.8495
1980-04-29,26.0,0.7362
1980-04-30,24.0,0.6796
1980-05-01,24.0,0.6796
1980-05-02,27.0,0.7646
1980-05-03,26.0,0.7362
1980-05-04,29.0,0.8212
1980-05-05,38.0,1.076
1980-05-06,52.0,1.4725
1980-05-07,48.0,1.3592
1980-05-08,41.0,1.161
1980-05-09,34.0,0.9628
1980-05-10,32.0,0.9061
1980-05-11,30.0,0.8495
1980-05-12,28.0,0.7929
1980-05-13,28.0,0.7929
1980-05-14,42.0,1.1893
1980-05-15,230.0,6.5129
1980-05-16,202.0,5.72
1980-05-17,145.0,4.1059
1980-05-18,82.0,2.322
1980-05-19,54.0,1.5291
1980-05-20,46.0,1.3026
1980-05-21,44.0,1.2459
1980-05-22,42.0,1.1893
1980-05-23,38.0,1.076
1980-05-24,34.0,0.9628
1980-05-25,32.0,0.9061
1980-05-26,37.0,1.0477
1980-05-27,45.0,1.2743
1980-05-28,37.0,1.0477
1980-05-29,26.0,0.7362
1980-05-30,20.0,0.5663
1980-05-31,23.0,0.6513
1980-06-01,28.0,0.7929
1980-06-02,24.0,0.6796
1980-06-03,21.0,0.5947
1980-06-04,19.0,0.538
1980-06-05,22.0,0.623
1980-06-06,24.0,0.6796
1980-06-07,22.0,0.623
1980-06-08,20.0,0.5663
1980-06-09,18.0,0.5097
1980-06-10,21.0,0.5947
1980-06-11,32.0,0.9061
1980-06-12,25.0,0.7079
1980-06-13,18.0,0.5097
1980-06-14,17.0,0.4814
1980-06-15,16.0,0.4531
1980-06-16,18.0,0.5097
1980-06-17,14.0,0.3964
1980-06-18,8.6,0.2435
1980-06-19,7.4,0.2095
1980-06-20,14.0,0.3964
1980-06-21,28.0,0.7929
1980-06-22,26.0,0.7362
1980-06-23,19.0,0.538
1980-06-24,17.0,0.4814
1980-06-25,32.0,0.9061
1980-06-26,13.0,0.3681
1980-06-27,11.0,0.3115
1980-06-28,10.0,0.2832
1980-06-29,9.4,0.2662
1980-06-30,15.0,0.4248
1980-07-01,16.0,0.4531
1980-07-02,16.0,0.4531
1980-07-03,14.0,0.3964
1980-07-04,12.0,0.3398
1980-07-05,9.0,0.2549
1980-07-06,7.8,0.2209
1980-07-07,9.4,0.2662
1980-07-08,18.0,0.5097
1980-07-09,17.0,0.4814
1980-07-10,16.0,0.4531
1980-07-11,14.0,0.3964
1980-07-12,13.0,0.3681
1980-07-13,13.0,0.3681
1980-07-14,14.0,0.3964
1980-07-15,14.0,0.3964
1980-07-16,14.0,0.3964
1980-07-17,15.0,0.4248
1980-07-18,11.0,0.3115
1980-07-19,9.9,0.2803
1980-07-20,9.4,0.2662
1980-07-21,11.0,0.3115
1980-07-22,12.0,0.3398
1980-07-23,11.0,0.3115
1980-07-24,12.0,0.3398
1980-07-25,13.0,0.3681
1980-07-26,14.0,0.3964
1980-07-27,13.0,0.3681
1980-07-28,12.0,0.3398
1980-07-29,8.6,0.2435
1980-07-30,8.6,0.2435
1980-07-31,8.2,0.2322
1980-08-01,12.0,0.3398
1980-08-02,14.0,0.3964
1980-08-03,13.0,0.3681
1980-08-04,13.0,0.3681
1980-08-05,14.0,0.3964
1980-08-06,13.0,0.3681
1980-08-07,12.0,0.3398
1980-08-08,10.0,0.2832
1980-08-09,11.0,0.3115
1980-08-10,11.0,0.3115
1980-08-11,13.0,0.3681
1980-08-12,19.0,0.538
1980-08-13,20.0,0.5663
1980-08-14,24.0,0.6796
1980-08-15,25.0,0.7079
1980-08-16,22.0,0.623
1980-08-17,17.0,0.4814
1980-08-18,14.0,0.3964
1980-08-19,16.0,0.4531
1980-08-20,17.0,0.4814
1980-08-21,18.0,0.5097
1980-08-22,18.0,0.5097
1980-08-23,19.0,0.538
1980-08-24,15.0,0.4248
1980-08-25,13.0,0.3681
1980-08-26,12.0,0.3398
1980-08-27,12.0,0.3398
1980-08-28,12.0,0.3398
1980-08-29,12.0,0.3398
1980-08-30,16.0,0.4531
1980-08-31,17.0,0.4814
1980-09-01,16.0,0.4531
1980-09-02,15.0,0.4248
1980-09-03,13.0,0.3681
1980-09-04,13.0,0.3681
1980-09-05,16.0,0.4531
1980-09-06,16.0,0.4531
1980-09-07,15.0,0.4248
1980-09-08,18.0,0.5097
1980-09-09,172.0,4.8705
1980-09-10,131.0,3.7095
1980-09-11,163.0,4.6156
1980-09-12,182.0,5.1537
1980-09-13,112.0,3.1715
1980-09-14,75.0,2.1238
1980-09-15,57.0,1.6141
1980-09-16,50.0,1.4158
1980-09-17,64.0,1.8123
1980-09-18,72.0,2.0388
1980-09-19,62.0,1.7556
1980-09-20,53.0,1.5008
1980-09-21,56.0,1.5857
1980-09-22,55.0,1.5574
1980-09-23,51.0,1.4442
1980-09-24,52.0,1.4725
1980-09-25,65.0,1.8406
1980-09-26,2720.0,77.0217
1980-09-27,10300.0,291.663
1980-09-28,1180.0,33.4138
1980-09-29,324.0,9.1746
1980-09-30,206.0,5.8333
1980-10-01,80.0,2.2653
1980-10-02,132.0,3.7378
1980-10-03,106.0,3.0016
1980-10-04,95.0,2.6901
1980-10-05,89.0,2.5202
1980-10-06,81.0,2.2937
1980-10-07,78.0,2.2087
1980-10-08,85.0,2.4069
1980-10-09,88.0,2.4919
1980-10-10,81.0,2.2937
1980-10-11,77.0,2.1804
1980-10-12,78.0,2.2087
1980-10-13,76.0,2.1521
1980-10-14,75.0,2.1238
1980-10-15,81.0,2.2937
1980-10-16,80.0,2.2653
1980-10-17,72.0,2.0388
1980-10-18,66.0,1.8689
1980-10-19,60.0,1.699
1980-10-20,71.0,2.0105
1980-10-21,71.0,2.0105
1980-10-22,64.0,1.8123
1980-10-23,65.0,1.8406
1980-10-24,67.0,1.8972
1980-10-25,69.0,1.9539
1980-10-26,81.0,2.2937
1980-10-27,84.0,2.3786
1980-10-28,92.0,2.6051
1980-10-29,77.0,2.1804
1980-10-30,72.0,2.0388
1980-10-31,78.0,2.2087
1980-11-01,73.0,2.0671
1980-11-02,84.0,2.3786
1980-11-03,76.0,2.1521
1980-11-04,73.0,2.0671
1980-11-05,76.0,2.1521
1980-11-06,76.0,2.1521
1980-11-07,75.0,2.1238
1980-11-08,76.0,2.1521
1980-11-09,76.0,2.1521
1980-11-10,75.0,2.1238
1980-11-11,75.0,2.1238
1980-11-12,75.0,2.1238
1980-11-13,73.0,2.0671
1980-11-14,70.0,1.9822
1980-11-15,70.0,1.9822
1980-11-16,78.0,2.2087
1980-11-17,82.0,2.322
1980-11-18,88.0,2.4919
1980-11-19,86.0,2.4352
1980-11-20,81.0,2.2937
1980-11-21,82.0,2.322
1980-11-22,84.0,2.3786
1980-11-23,82.0,2.322
1980-11-24,81.0,2.2937
1980-11-25,93.0,2.6335
1980-11-26,96.0,2.7184
1980-11-27,105.0,2.9733
1980-11-28,95.0,2.6901
1980-11-29,88.0,2.4919
1980-11-30,85.0,2.4069
1980-12-01,85.0,2.4069
1980-12-02,82.0,2.322
1980-12-03,84.0,2.3786
1980-12-04,81.0,2.2937
1980-12-05,81.0,2.2937
1980-12-06,81.0,2.2937
1980-12-07,85.0,2.4069
1980-12-08,85.0,2.4069
1980-12-09,85.0,2.4069
1980-12-10,82.0,2.322
1980-12-11,81.0,2.2937
1980-12-12,78.0,2.2087
1980-12-13,81.0,2.2937
1980-12-14,82.0,2.322
1980-12-15,82.0,2.322
1980-12-16,82.0,2.322
1980-12-17,81.0,2.2937
1980-12-18,82.0,2.322
1980-12-19,81.0,2.2937
1980-12-20,80.0,2.2653
1980-12-21,78.0,2.2087
1980-12-22,77.0,2.1804
1980-12-23,78.0,2.2087
1980-12-24,80.0,2.2653
1980-12-25,81.0,2.2937
1980-12-26,81.0,2.2937
1980-12-27,80.0,2.2653
1980-12-28,80.0,2.2653
1980-12-29,81.0,2.2937
1980-12-30,81.0,2.2937
1980-12-31,80.0,2.2653
1981-01-01,78.0,2.2087
1981-01-02,78.0,2.2087
1981-01-03,78.0,2.2087
1981-01-04,77.0,2.1804
1981-01-05,78.0,2.2087
1981-01-06,80.0,2.2653
1981-01-07,80.0,2.2653
1981-01-08,80.0,2.2653
1981-01-09,70.0,1.9822
1981-01-10,66.0,1.8689
1981-01-11,69.0,1.9539
1981-01-12,73.0,2.0671
1981-01-13,76.0,2.1521
1981-01-14,80.0,2.2653
1981-01-15,77.0,2.1804
1981-01-16,76.0,2.1521
1981-01-17,75.0,2.1238
1981-01-18,78.0,2.2087
1981-01-19,81.0,2.2937
1981-01-20,81.0,2.2937
1981-01-21,78.0,2.2087
1981-01-22,76.0,2.1521
1981-01-23,75.0,2.1238
1981-01-24,75.0,2.1238
1981-01-25,75.0,2.1238
1981-01-26,75.0,2.1238
1981-01-27,75.0,2.1238
1981-01-28,73.0,2.0671
1981-01-29,73.0,2.0671
1981-01-30,72.0,2.0388
1981-01-31,73.0,2.0671
1981-02-01,71.0,2.0105
1981-02-02,71.0,2.0105
1981-02-03,72.0,2.0388
1981-02-04,65.0,1.8406
1981-02-05,58.0,1.6424
1981-02-06,57.0,1.6141
1981-02-07,56.0,1.5857
1981-02-08,56.0,1.5857
1981-02-09,54.0,1.5291
1981-02-10,55.0,1.5574
1981-02-11,55.0,1.5574
1981-02-12,69.0,1.9539
1981-02-13,67.0,1.8972
1981-02-14,69.0,1.9539
1981-02-15,71.0,2.0105
1981-02-16,71.0,2.0105
1981-02-17,71.0,2.0105
1981-02-18,65.0,1.8406
1981-02-19,53.0,1.5008
1981-02-20,50.0,1.4158
1981-02-21,49.0,1.3875
1981-02-22,47.0,1.3309
1981-02-23,46.0,1.3026
1981-02-24,45.0,1.2743
1981-02-25,43.0,1.2176
1981-02-26,44.0,1.2459
1981-02-27,47.0,1.3309
1981-02-28,52.0,1.4725
1981-03-01,55.0,1.5574
1981-03-02,56.0,1.5857
1981-03-03,51.0,1.4442
1981-03-04,45.0,1.2743
1981-03-05,48.0,1.3592
1981-03-06,54.0,1.5291
1981-03-07,49.0,1.3875
1981-03-08,43.0,1.2176
1981-03-09,53.0,1.5008
1981-03-10,76.0,2.1521
1981-03-11,154.0,4.3608
1981-03-12,171.0,4.8422
1981-03-13,140.0,3.9644
1981-03-14,112.0,3.1715
1981-03-15,98.0,2.775
1981-03-16,91.0,2.5768
1981-03-17,86.0,2.4352
1981-03-18,80.0,2.2653
1981-03-19,80.0,2.2653
1981-03-20,75.0,2.1238
1981-03-21,76.0,2.1521
1981-03-22,75.0,2.1238
1981-03-23,72.0,2.0388
1981-03-24,62.0,1.7556
1981-03-25,65.0,1.8406
1981-03-26,66.0,1.8689
1981-03-27,67.0,1.8972
1981-03-28,71.0,2.0105
1981-03-29,69.0,1.9539
1981-03-30,51.0,1.4442
1981-03-31,36.0,1.0194
1981-04-01,28.0,0.7929
1981-04-02,22.0,0.623
1981-04-03,18.0,0.5097
1981-04-04,16.0,0.4531
1981-04-05,14.0,0.3964
1981-04-06,13.0,0.3681
1981-04-07,13.0,0.3681
1981-04-08,13.0,0.3681
1981-04-09,13.0,0.3681
1981-04-10,13.0,0.3681
1981-04-11,12.0,0.3398
1981-04-12,12.0,0.3398
1981-04-13,13.0,0.3681
1981-04-14,103.0,2.9166
1981-04-15,61.0,1.7273
1981-04-16,184.0,5.2103
1981-04-17,82.0,2.322
1981-04-18,53.0,1.5008
1981-04-19,48.0,1.3592
1981-04-20,56.0,1.5857
1981-04-21,55.0,1.5574
1981-04-22,45.0,1.2743
1981-04-23,45.0,1.2743
1981-04-24,46.0,1.3026
1981-04-25,53.0,1.5008
1981-04-26,46.0,1.3026
1981-04-27,45.0,1.2743
1981-04-28,44.0,1.2459
1981-04-29,43.0,1.2176
1981-04-30,44.0,1.2459
1981-05-01,43.0,1.2176
1981-05-02,43.0,1.2176
1981-05-03,52.0,1.4725
1981-05-04,49.0,1.3875
1981-05-05,42.0,1.1893
1981-05-06,43.0,1.2176
1981-05-07,47.0,1.3309
1981-05-08,50.0,1.4158
1981-05-09,46.0,1.3026
1981-05-10,39.0,1.1044
1981-05-11,35.0,0.9911
1981-05-12,32.0,0.9061
1981-05-13,33.0,0.9345
1981-05-14,33.0,0.9345
1981-05-15,35.0,0.9911
1981-05-16,33.0,0.9345
1981-05-17,27.0,0.7646
1981-05-18,27.0,0.7646
1981-05-19,30.0,0.8495
1981-05-20,31.0,0.8778
1981-05-21,30.0,0.8495
1981-05-22,28.0,0.7929
1981-05-23,23.0,0.6513
1981-05-24,22.0,0.623
1981-05-25,19.0,0.538
1981-05-26,22.0,0.623
1981-05-27,22.0,0.623
1981-05-28,17.0,0.4814
1981-05-29,21.0,0.5947
1981-05-30,24.0,0.6796
1981-05-31,28.0,0.7929
1981-06-01,37.0,1.0477
1981-06-02,50.0,1.4158
1981-06-03,50.0,1.4158
1981-06-04,43.0,1.2176
1981-06-05,39.0,1.1044
1981-06-06,35.0,0.9911
1981-06-07,35.0,0.9911
1981-06-08,37.0,1.0477
1981-06-09,39.0,1.1044
1981-06-10,40.0,1.1327
1981-06-11,40.0,1.1327
1981-06-12,36.0,1.0194
1981-06-13,31.0,0.8778
1981-06-14,26.0,0.7362
1981-06-15,26.0,0.7362
1981-06-16,26.0,0.7362
1981-06-17,22.0,0.623
1981-06-18,20.0,0.5663
1981-06-19,20.0,0.5663
1981-06-20,20.0,0.5663
1981-06-21,18.0,0.5097
1981-06-22,19.0,0.538
1981-06-23,22.0,0.623
1981-06-24,22.0,0.623
1981-06-25,18.0,0.5097
1981-06-26,16.0,0.4531
1981-06-27,18.0,0.5097
1981-06-28,20.0,0.5663
1981-06-29,20.0,0.5663
1981-06-30,18.0,0.5097
1981-07-01,18.0,0.5097
1981-07-02,20.0,0.5663
1981-07-03,20.0,0.5663
1981-07-04,27.0,0.7646
1981-07-05,44.0,1.2459
1981-07-06,32.0,0.9061
1981-07-07,27.0,0.7646
1981-07-08,22.0,0.623
1981-07-09,85.0,2.4069
1981-07-10,175.0,4.9554
1981-07-11,328.0,9.2879
1981-07-12,140.0,3.9644
1981-07-13,67.0,1.8972
1981-07-14,39.0,1.1044
1981-07-15,30.0,0.8495
1981-07-16,27.0,0.7646
1981-07-17,30.0,0.8495
1981-07-18,31.0,0.8778
1981-07-19,30.0,0.8495
1981-07-20,27.0,0.7646
1981-07-21,24.0,0.6796
1981-07-22,24.0,0.6796
1981-07-23,27.0,0.7646
1981-07-24,24.0,0.6796
1981-07-25,24.0,0.6796
1981-07-26,25.0,0.7079
1981-07-27,21.0,0.5947
1981-07-28,323.0,9.1463
1981-07-29,135.0,3.8228
1981-07-30,104.0,2.9449
1981-07-31,53.0,1.5008
1981-08-01,39.0,1.1044
1981-08-02,31.0,0.8778
1981-08-03,26.0,0.7362
1981-08-04,27.0,0.7646
1981-08-05,23.0,0.6513
1981-08-06,18.0,0.5097
1981-08-07,50.0,1.4158
1981-08-08,39.0,1.1044
1981-08-09,21.0,0.5947
1981-08-10,19.0,0.538
1981-08-11,22.0,0.623
1981-08-12,55.0,1.5574
1981-08-13,884.0,25.0321
1981-08-14,252.0,7.1358
1981-08-15,158.0,4.4741
1981-08-16,117.0,3.3131
1981-08-17,56.0,1.5857
1981-08-18,115.0,3.2564
1981-08-19,67.0,1.8972
1981-08-20,80.0,2.2653
1981-08-21,66.0,1.8689
1981-08-22,52.0,1.4725
1981-08-23,45.0,1.2743
1981-08-24,44.0,1.2459
1981-08-25,43.0,1.2176
1981-08-26,42.0,1.1893
1981-08-27,41.0,1.161
1981-08-28,40.0,1.1327
1981-08-29,40.0,1.1327
1981-08-30,38.0,1.076
1981-08-31,37.0,1.0477
1981-09-01,35.0,0.9911
1981-09-02,30.0,0.8495
1981-09-03,30.0,0.8495
1981-09-04,31.0,0.8778
1981-09-05,34.0,0.9628
1981-09-06,31.0,0.8778
1981-09-07,39.0,1.1044
1981-09-08,45.0,1.2743
1981-09-09,47.0,1.3309
1981-09-10,43.0,1.2176
1981-09-11,43.0,1.2176
1981-09-12,40.0,1.1327
1981-09-13,37.0,1.0477
1981-09-14,34.0,0.9628
1981-09-15,31.0,0.8778
1981-09-16,31.0,0.8778
1981-09-17,30.0,0.8495
1981-09-18,28.0,0.7929
1981-09-19,27.0,0.7646
1981-09-20,26.0,0.7362
1981-09-21,28.0,0.7929
1981-09-22,28.0,0.7929
1981-09-23,25.0,0.7079
1981-09-24,24.0,0.6796
1981-09-25,30.0,0.8495
1981-09-26,50.0,1.4158
1981-09-27,46.0,1.3026
1981-09-28,38.0,1.076
1981-09-29,37.0,1.0477
1981-09-30,37.0,1.0477
1981-10-01,36.0,1.0194
1981-10-02,35.0,0.9911
1981-10-03,35.0,0.9911
1981-10-04,35.0,0.9911
1981-10-05,35.0,0.9911
1981-10-06,38.0,1.076
1981-10-07,46.0,1.3026
1981-10-08,47.0,1.3309
1981-10-09,45.0,1.2743
1981-10-10,43.0,1.2176
1981-10-11,44.0,1.2459
1981-10-12,44.0,1.2459
1981-10-13,42.0,1.1893
1981-10-14,42.0,1.1893
1981-10-15,41.0,1.161
1981-10-16,39.0,1.1044
1981-10-17,34.0,0.9628
1981-10-18,35.0,0.9911
1981-10-19,53.0,1.5008
1981-10-20,53.0,1.5008
1981-10-21,48.0,1.3592
1981-10-22,47.0,1.3309
1981-10-23,46.0,1.3026
1981-10-24,51.0,1.4442
1981-10-25,52.0,1.4725
1981-10-26,51.0,1.4442
1981-10-27,44.0,1.2459
1981-10-28,44.0,1.2459
1981-10-29,41.0,1.161
1981-10-30,41.0,1.161
1981-10-31,41.0,1.161
1981-11-01,42.0,1.1893
1981-11-02,41.0,1.161
1981-11-03,42.0,1.1893
1981-11-04,41.0,1.161
1981-11-05,41.0,1.161
1981-11-06,45.0,1.2743
1981-11-07,48.0,1.3592
1981-11-08,48.0,1.3592
1981-11-09,47.0,1.3309
1981-11-10,47.0,1.3309
1981-11-11,47.0,1.3309
1981-11-12,46.0,1.3026
1981-11-13,47.0,1.3309
1981-11-14,50.0,1.4158
1981-11-15,51.0,1.4442
1981-11-16,53.0,1.5008
1981-11-17,54.0,1.5291
1981-11-18,56.0,1.5857
1981-11-19,57.0,1.6141
1981-11-20,57.0,1.6141
1981-11-21,59.0,1.6707
1981-11-22,60.0,1.699
1981-11-23,60.0,1.699
1981-11-24,60.0,1.699
1981-11-25,60.0,1.699
1981-11-26,57.0,1.6141
1981-11-27,53.0,1.5008
1981-11-28,54.0,1.5291
1981-11-29,56.0,1.5857
1981-11-30,57.0,1.6141
1981-12-01,58.0,1.6424
1981-12-02,58.0,1.6424
1981-12-03,58.0,1.6424
1981-12-04,57.0,1.6141
1981-12-05,55.0,1.5574
1981-12-06,58.0,1.6424
1981-12-07,60.0,1.699
1981-12-08,60.0,1.699
1981-12-09,60.0,1.699
1981-12-10,60.0,1.699
1981-12-11,59.0,1.6707
1981-12-12,60.0,1.699
1981-12-13,62.0,1.7556
1981-12-14,62.0,1.7556
1981-12-15,62.0,1.7556
1981-12-16,61.0,1.7273
1981-12-17,60.0,1.699
1981-12-18,60.0,1.699
1981-12-19,60.0,1.699
1981-12-20,59.0,1.6707
1981-12-21,59.0,1.6707
1981-12-22,63.0,1.784
1981-12-23,62.0,1.7556
1981-12-24,61.0,1.7273
1981-12-25,58.0,1.6424
1981-12-26,48.0,1.3592
1981-12-27,44.0,1.2459
1981-12-28,44.0,1.2459
1981-12-29,47.0,1.3309
1981-12-30,46.0,1.3026
1981-12-31,44.0,1.2459
1982-01-01,45.0,1.2743
1982-01-02,46.0,1.3026
1982-01-03,47.0,1.3309
1982-01-04,50.0,1.4158
1982-01-05,49.0,1.3875
1982-01-06,46.0,1.3026
1982-01-07,46.0,1.3026
1982-01-08,46.0,1.3026
1982-01-09,47.0,1.3309
1982-01-10,49.0,1.3875
1982-01-11,50.0,1.4158
1982-01-12,51.0,1.4442
1982-01-13,53.0,1.5008
1982-01-14,55.0,1.5574
1982-01-15,56.0,1.5857
1982-01-16,56.0,1.5857
1982-01-17,56.0,1.5857
1982-01-18,56.0,1.5857
1982-01-19,57.0,1.6141
1982-01-20,56.0,1.5857
1982-01-21,56.0,1.5857
1982-01-22,55.0,1.5574
1982-01-23,53.0,1.5008
1982-01-24,49.0,1.3875
1982-01-25,48.0,1.3592
1982-01-26,47.0,1.3309
1982-01-27,42.0,1.1893
1982-01-28,40.0,1.1327
1982-01-29,40.0,1.1327
1982-01-30,40.0,1.1327
1982-01-31,39.0,1.1044
1982-02-01,40.0,1.1327
1982-02-02,39.0,1.1044
1982-02-03,38.0,1.076
1982-02-04,37.0,1.0477
1982-02-05,37.0,1.0477
1982-02-06,37.0,1.0477
1982-02-07,38.0,1.076
1982-02-08,39.0,1.1044
1982-02-09,41.0,1.161
1982-02-10,42.0,1.1893
1982-02-11,42.0,1.1893
1982-02-12,39.0,1.1044
1982-02-13,37.0,1.0477
1982-02-14,40.0,1.1327
1982-02-15,39.0,1.1044
1982-02-16,36.0,1.0194
1982-02-17,38.0,1.076
1982-02-18,39.0,1.1044
1982-02-19,37.0,1.0477
1982-02-20,37.0,1.0477
1982-02-21,35.0,0.9911
1982-02-22,34.0,0.9628
1982-02-23,34.0,0.9628
1982-02-24,36.0,1.0194
1982-02-25,37.0,1.0477
1982-02-26,37.0,1.0477
1982-02-27,37.0,1.0477
1982-02-28,37.0,1.0477
1982-03-01,36.0,1.0194
1982-03-02,34.0,0.9628
1982-03-03,33.0,0.9345
1982-03-04,36.0,1.0194
1982-03-05,35.0,0.9911
1982-03-06,34.0,0.9628
1982-03-07,34.0,0.9628
1982-03-08,34.0,0.9628
1982-03-09,71.0,2.0105
1982-03-10,96.0,2.7184
1982-03-11,78.0,2.2087
1982-03-12,58.0,1.6424
1982-03-13,103.0,2.9166
1982-03-14,132.0,3.7378
1982-03-15,98.0,2.775
1982-03-16,79.0,2.237
1982-03-17,75.0,2.1238
1982-03-18,67.0,1.8972
1982-03-19,64.0,1.8123
1982-03-20,59.0,1.6707
1982-03-21,63.0,1.784
1982-03-22,56.0,1.5857
1982-03-23,48.0,1.3592
1982-03-24,37.0,1.0477
1982-03-25,28.0,0.7929
1982-03-26,24.0,0.6796
1982-03-27,25.0,0.7079
1982-03-28,23.0,0.6513
1982-03-29,23.0,0.6513
1982-03-30,25.0,0.7079
1982-03-31,31.0,0.8778
1982-04-01,42.0,1.1893
1982-04-02,41.0,1.161
1982-04-03,39.0,1.1044
1982-04-04,38.0,1.076
1982-04-05,31.0,0.8778
1982-04-06,23.0,0.6513
1982-04-07,25.0,0.7079
1982-04-08,22.0,0.623
1982-04-09,16.0,0.4531
1982-04-10,22.0,0.623
1982-04-11,34.0,0.9628
1982-04-12,22.0,0.623
1982-04-13,17.0,0.4814
1982-04-14,27.0,0.7646
1982-04-15,22.0,0.623
1982-04-16,16.0,0.4531
1982-04-17,11.0,0.3115
1982-04-18,11.0,0.3115
1982-04-19,10.0,0.2832
1982-04-20,12.0,0.3398
1982-04-21,27.0,0.7646
1982-04-22,24.0,0.6796
1982-04-23,31.0,0.8778
1982-04-24,46.0,1.3026
1982-04-25,31.0,0.8778
1982-04-26,27.0,0.7646
1982-04-27,26.0,0.7362
1982-04-28,19.0,0.538
1982-04-29,15.0,0.4248
1982-04-30,82.0,2.322
1982-05-01,49.0,1.3875
1982-05-02,93.0,2.6335
1982-05-03,80.0,2.2653
1982-05-04,71.0,2.0105
1982-05-05,76.0,2.1521
1982-05-06,80.0,2.2653
1982-05-07,75.0,2.1238
1982-05-08,67.0,1.8972
1982-05-09,68.0,1.9255
1982-05-10,67.0,1.8972
1982-05-11,52.0,1.4725
1982-05-12,46.0,1.3026
1982-05-13,46.0,1.3026
1982-05-14,35.0,0.9911
1982-05-15,26.0,0.7362
1982-05-16,28.0,0.7929
1982-05-17,37.0,1.0477
1982-05-18,26.0,0.7362
1982-05-19,20.0,0.5663
1982-05-20,25.0,0.7079
1982-05-21,28.0,0.7929
1982-05-22,23.0,0.6513
1982-05-23,22.0,0.623
1982-05-24,22.0,0.623
1982-05-25,19.0,0.538
1982-05-26,20.0,0.5663
1982-05-27,23.0,0.6513
1982-05-28,22.0,0.623
1982-05-29,19.0,0.538
1982-05-30,25.0,0.7079
1982-05-31,30.0,0.8495
1982-06-01,27.0,0.7646
1982-06-02,25.0,0.7079
1982-06-03,24.0,0.6796
1982-06-04,18.0,0.5097
1982-06-05,13.0,0.3681
1982-06-06,11.0,0.3115
1982-06-07,9.7,0.2747
1982-06-08,9.2,0.2605
1982-06-09,8.7,0.2464
1982-06-10,11.0,0.3115
1982-06-11,13.0,0.3681
1982-06-12,11.0,0.3115
1982-06-13,17.0,0.4814
1982-06-14,239.0,6.7677
1982-06-15,73.0,2.0671
1982-06-16,55.0,1.5574
1982-06-17,22.0,0.623
1982-06-18,12.0,0.3398
1982-06-19,19.0,0.538
1982-06-20,16.0,0.4531
1982-06-21,10.0,0.2832
1982-06-22,12.0,0.3398
1982-06-23,18.0,0.5097
1982-06-24,19.0,0.538
1982-06-25,24.0,0.6796
1982-06-26,23.0,0.6513
1982-06-27,20.0,0.5663
1982-06-28,22.0,0.623
1982-06-29,19.0,0.538
1982-06-30,17.0,0.4814
1982-07-01,121.0,3.4263
1982-07-02,33.0,0.9345
1982-07-03,23.0,0.6513
1982-07-04,31.0,0.8778
1982-07-05,41.0,1.161
1982-07-06,32.0,0.9061
1982-07-07,22.0,0.623
1982-07-08,17.0,0.4814
1982-07-09,16.0,0.4531
1982-07-10,14.0,0.3964
1982-07-11,13.0,0.3681
1982-07-12,23.0,0.6513
1982-07-13,19.0,0.538
1982-07-14,21.0,0.5947
1982-07-15,22.0,0.623
1982-07-16,24.0,0.6796
1982-07-17,18.0,0.5097
1982-07-18,13.0,0.3681
1982-07-19,11.0,0.3115
1982-07-20,11.0,0.3115
1982-07-21,18.0,0.5097
1982-07-22,15.0,0.4248
1982-07-23,14.0,0.3964
1982-07-24,14.0,0.3964
1982-07-25,14.0,0.3964
1982-07-26,15.0,0.4248
1982-07-27,15.0,0.4248
1982-07-28,14.0,0.3964
1982-07-29,12.0,0.3398
1982-07-30,12.0,0.3398
1982-07-31,14.0,0.3964
1982-08-01,17.0,0.4814
1982-08-02,76.0,2.1521
1982-08-03,52.0,1.4725
1982-08-04,52.0,1.4725
1982-08-05,30.0,0.8495
1982-08-06,24.0,0.6796
1982-08-07,26.0,0.7362
1982-08-08,28.0,0.7929
1982-08-09,28.0,0.7929
1982-08-10,30.0,0.8495
1982-08-11,31.0,0.8778
1982-08-12,36.0,1.0194
1982-08-13,36.0,1.0194
1982-08-14,36.0,1.0194
1982-08-15,32.0,0.9061
1982-08-16,30.0,0.8495
1982-08-17,26.0,0.7362
1982-08-18,459.0,12.9974
1982-08-19,95.0,2.6901
1982-08-20,59.0,1.6707
1982-08-21,36.0,1.0194
1982-08-22,26.0,0.7362
1982-08-23,23.0,0.6513
1982-08-24,22.0,0.623
1982-08-25,28.0,0.7929
1982-08-26,33.0,0.9345
1982-08-27,29.0,0.8212
1982-08-28,27.0,0.7646
1982-08-29,26.0,0.7362
1982-08-30,27.0,0.7646
1982-08-31,24.0,0.6796
1982-09-01,22.0,0.623
1982-09-02,23.0,0.6513
1982-09-03,25.0,0.7079
1982-09-04,26.0,0.7362
1982-09-05,30.0,0.8495
1982-09-06,40.0,1.1327
1982-09-07,30.0,0.8495
1982-09-08,26.0,0.7362
1982-09-09,23.0,0.6513
1982-09-10,22.0,0.623
1982-09-11,23.0,0.6513
1982-09-12,23.0,0.6513
1982-09-13,37.0,1.0477
1982-09-14,34.0,0.9628
1982-09-15,165.0,4.6723
1982-09-16,1250.0,35.396
1982-09-17,255.0,7.2208
1982-09-18,117.0,3.3131
1982-09-19,63.0,1.784
1982-09-20,208.0,5.8899
1982-09-21,126.0,3.5679
1982-09-22,64.0,1.8123
1982-09-23,53.0,1.5008
1982-09-24,46.0,1.3026
1982-09-25,42.0,1.1893
1982-09-26,40.0,1.1327
1982-09-27,37.0,1.0477
1982-09-28,59.0,1.6707
1982-09-29,97.0,2.7467
1982-09-30,35.0,0.9911
1982-10-01,34.0,0.9628
1982-10-02,36.0,1.0194
1982-10-03,46.0,1.3026
1982-10-04,48.0,1.3592
1982-10-05,58.0,1.6424
1982-10-06,54.0,1.5291
1982-10-07,43.0,1.2176
1982-10-08,42.0,1.1893
1982-10-09,48.0,1.3592
1982-10-10,46.0,1.3026
1982-10-11,43.0,1.2176
1982-10-12,42.0,1.1893
1982-10-13,43.0,1.2176
1982-10-14,42.0,1.1893
1982-10-15,42.0,1.1893
1982-10-16,49.0,1.3875
1982-10-17,40.0,1.1327
1982-10-18,36.0,1.0194
1982-10-19,40.0,1.1327
1982-10-20,47.0,1.3309
1982-10-21,37.0,1.0477
1982-10-22,33.0,0.9345
1982-10-23,32.0,0.9061
1982-10-24,35.0,0.9911
1982-10-25,47.0,1.3309
1982-10-26,49.0,1.3875
1982-10-27,51.0,1.4442
1982-10-28,43.0,1.2176
1982-10-29,39.0,1.1044
1982-10-30,45.0,1.2743
1982-10-31,36.0,1.0194
1982-11-01,40.0,1.1327
1982-11-02,57.0,1.6141
1982-11-03,57.0,1.6141
1982-11-04,55.0,1.5574
1982-11-05,61.0,1.7273
1982-11-06,62.0,1.7556
1982-11-07,52.0,1.4725
1982-11-08,47.0,1.3309
1982-11-09,46.0,1.3026
1982-11-10,48.0,1.3592
1982-11-11,50.0,1.4158
1982-11-12,50.0,1.4158
1982-11-13,51.0,1.4442
1982-11-14,50.0,1.4158
1982-11-15,49.0,1.3875
1982-11-16,48.0,1.3592
1982-11-17,48.0,1.3592
1982-11-18,49.0,1.3875
1982-11-19,50.0,1.4158
1982-11-20,50.0,1.4158
1982-11-21,50.0,1.4158
1982-11-22,51.0,1.4442
1982-11-23,51.0,1.4442
1982-11-24,51.0,1.4442
1982-11-25,51.0,1.4442
1982-11-26,52.0,1.4725
1982-11-27,59.0,1.6707
1982-11-28,62.0,1.7556
1982-11-29,64.0,1.8123
1982-11-30,62.0,1.7556
1982-12-01,59.0,1.6707
1982-12-02,55.0,1.5574
1982-12-03,53.0,1.5008
1982-12-04,52.0,1.4725
1982-12-05,52.0,1.4725
1982-12-06,52.0,1.4725
1982-12-07,50.0,1.4158
1982-12-08,51.0,1.4442
1982-12-09,57.0,1.6141
1982-12-10,60.0,1.699
1982-12-11,64.0,1.8123
1982-12-12,67.0,1.8972
1982-12-13,61.0,1.7273
1982-12-14,55.0,1.5574
1982-12-15,52.0,1.4725
1982-12-16,52.0,1.4725
1982-12-17,52.0,1.4725
1982-12-18,52.0,1.4725
1982-12-19,51.0,1.4442
1982-12-20,51.0,1.4442
1982-12-21,52.0,1.4725
1982-12-22,52.0,1.4725
1982-12-23,53.0,1.5008
1982-12-24,54.0,1.5291
1982-12-25,54.0,1.5291
1982-12-26,57.0,1.6141
1982-12-27,59.0,1.6707
1982-12-28,58.0,1.6424
1982-12-29,59.0,1.6707
1982-12-30,59.0,1.6707
1982-12-31,64.0,1.8123
1983-01-01,66.0,1.8689
1983-01-02,70.0,1.9822
1983-01-03,70.0,1.9822
1983-01-04,63.0,1.784
1983-01-05,59.0,1.6707
1983-01-06,59.0,1.6707
1983-01-07,59.0,1.6707
1983-01-08,60.0,1.699
1983-01-09,59.0,1.6707
1983-01-10,59.0,1.6707
1983-01-11,58.0,1.6424
1983-01-12,58.0,1.6424
1983-01-13,59.0,1.6707
1983-01-14,58.0,1.6424
1983-01-15,56.0,1.5857
1983-01-16,56.0,1.5857
1983-01-17,56.0,1.5857
1983-01-18,56.0,1.5857
1983-01-19,57.0,1.6141
1983-01-20,58.0,1.6424
1983-01-21,54.0,1.5291
1983-01-22,52.0,1.4725
1983-01-23,52.0,1.4725
1983-01-24,50.0,1.4158
1983-01-25,47.0,1.3309
1983-01-26,44.0,1.2459
1983-01-27,44.0,1.2459
1983-01-28,44.0,1.2459
1983-01-29,42.0,1.1893
1983-01-30,46.0,1.3026
1983-01-31,55.0,1.5574
1983-02-01,51.0,1.4442
1983-02-02,51.0,1.4442
1983-02-03,53.0,1.5008
1983-02-04,53.0,1.5008
1983-02-05,49.0,1.3875
1983-02-06,44.0,1.2459
1983-02-07,44.0,1.2459
1983-02-08,45.0,1.2743
1983-02-09,48.0,1.3592
1983-02-10,53.0,1.5008
1983-02-11,52.0,1.4725
1983-02-12,47.0,1.3309
1983-02-13,45.0,1.2743
1983-02-14,44.0,1.2459
1983-02-15,43.0,1.2176
1983-02-16,43.0,1.2176
1983-02-17,44.0,1.2459
1983-02-18,42.0,1.1893
1983-02-19,42.0,1.1893
1983-02-20,42.0,1.1893
1983-02-21,41.0,1.161
1983-02-22,43.0,1.2176
1983-02-23,44.0,1.2459
1983-02-24,44.0,1.2459
1983-02-25,42.0,1.1893
1983-02-26,44.0,1.2459
1983-02-27,75.0,2.1238
1983-02-28,163.0,4.6156
1983-03-01,128.0,3.6246
1983-03-02,112.0,3.1715
1983-03-03,84.0,2.3786
1983-03-04,70.0,1.9822
1983-03-05,91.0,2.5768
1983-03-06,71.0,2.0105
1983-03-07,50.0,1.4158
1983-03-08,43.0,1.2176
1983-03-09,49.0,1.3875
1983-03-10,76.0,2.1521
1983-03-11,64.0,1.8123
1983-03-12,48.0,1.3592
1983-03-13,40.0,1.1327
1983-03-14,42.0,1.1893
1983-03-15,35.0,0.9911
1983-03-16,26.0,0.7362
1983-03-17,23.0,0.6513
1983-03-18,21.0,0.5947
1983-03-19,20.0,0.5663
1983-03-20,21.0,0.5947
1983-03-21,21.0,0.5947
1983-03-22,21.0,0.5947
1983-03-23,20.0,0.5663
1983-03-24,19.0,0.538
1983-03-25,19.0,0.538
1983-03-26,20.0,0.5663
1983-03-27,19.0,0.538
1983-03-28,18.0,0.5097
1983-03-29,18.0,0.5097
1983-03-30,18.0,0.5097
1983-03-31,30.0,0.8495
1983-04-01,28.0,0.7929
1983-04-02,27.0,0.7646
1983-04-03,30.0,0.8495
1983-04-04,36.0,1.0194
1983-04-05,32.0,0.9061
1983-04-06,35.0,0.9911
1983-04-07,40.0,1.1327
1983-04-08,41.0,1.161
1983-04-09,39.0,1.1044
1983-04-10,42.0,1.1893
1983-04-11,34.0,0.9628
1983-04-12,30.0,0.8495
1983-04-13,32.0,0.9061
1983-04-14,29.0,0.8212
1983-04-15,28.0,0.7929
1983-04-16,26.0,0.7362
1983-04-17,25.0,0.7079
1983-04-18,28.0,0.7929
1983-04-19,31.0,0.8778
1983-04-20,34.0,0.9628
1983-04-21,30.0,0.8495
1983-04-22,30.0,0.8495
1983-04-23,40.0,1.1327
1983-04-24,54.0,1.5291
1983-04-25,40.0,1.1327
1983-04-26,58.0,1.6424
1983-04-27,60.0,1.699
1983-04-28,25.0,0.7079
1983-04-29,31.0,0.8778
1983-04-30,37.0,1.0477
1983-05-01,31.0,0.8778
1983-05-02,28.0,0.7929
1983-05-03,27.0,0.7646
1983-05-04,27.0,0.7646
1983-05-05,25.0,0.7079
1983-05-06,23.0,0.6513
1983-05-07,24.0,0.6796
1983-05-08,26.0,0.7362
1983-05-09,27.0,0.7646
1983-05-10,33.0,0.9345
1983-05-11,30.0,0.8495
1983-05-12,22.0,0.623
1983-05-13,20.0,0.5663
1983-05-14,19.0,0.538
1983-05-15,19.0,0.538
1983-05-16,21.0,0.5947
1983-05-17,19.0,0.538
1983-05-18,17.0,0.4814
1983-05-19,20.0,0.5663
1983-05-20,22.0,0.623
1983-05-21,18.0,0.5097
1983-05-22,19.0,0.538
1983-05-23,19.0,0.538
1983-05-24,17.0,0.4814
1983-05-25,15.0,0.4248
1983-05-26,15.0,0.4248
1983-05-27,16.0,0.4531
1983-05-28,16.0,0.4531
1983-05-29,16.0,0.4531
1983-05-30,16.0,0.4531
1983-05-31,16.0,0.4531
1983-06-01,17.0,0.4814
1983-06-02,18.0,0.5097
1983-06-03,20.0,0.5663
1983-06-04,18.0,0.5097
1983-06-05,18.0,0.5097
1983-06-06,18.0,0.5097
1983-06-07,17.0,0.4814
1983-06-08,32.0,0.9061
1983-06-09,19.0,0.538
1983-06-10,19.0,0.538
1983-06-11,19.0,0.538
1983-06-12,18.0,0.5097
1983-06-13,18.0,0.5097
1983-06-14,18.0,0.5097
1983-06-15,22.0,0.623
1983-06-16,17.0,0.4814
1983-06-17,18.0,0.5097
1983-06-18,19.0,0.538
1983-06-19,18.0,0.5097
1983-06-20,19.0,0.538
1983-06-21,19.0,0.538
1983-06-22,18.0,0.5097
1983-06-23,19.0,0.538
1983-06-24,17.0,0.4814
1983-06-25,23.0,0.6513
1983-06-26,27.0,0.7646
1983-06-27,24.0,0.6796
1983-06-28,21.0,0.5947
1983-06-29,21.0,0.5947
1983-06-30,22.0,0.623
1983-07-01,19.0,0.538
1983-07-02,18.0,0.5097
1983-07-03,19.0,0.538
1983-07-04,19.0,0.538
1983-07-05,18.0,0.5097
1983-07-06,18.0,0.5097
1983-07-07,20.0,0.5663
1983-07-08,39.0,1.1044
1983-07-09,34.0,0.9628
1983-07-10,24.0,0.6796
1983-07-11,22.0,0.623
1983-07-12,20.0,0.5663
1983-07-13,18.0,0.5097
1983-07-14,19.0,0.538
1983-07-15,23.0,0.6513
1983-07-16,19.0,0.538
1983-07-17,19.0,0.538
1983-07-18,18.0,0.5097
1983-07-19,22.0,0.623
1983-07-20,26.0,0.7362
1983-07-21,21.0,0.5947
1983-07-22,19.0,0.538
1983-07-23,18.0,0.5097
1983-07-24,17.0,0.4814
1983-07-25,17.0,0.4814
1983-07-26,18.0,0.5097
1983-07-27,19.0,0.538
1983-07-28,21.0,0.5947
1983-07-29,19.0,0.538
1983-07-30,19.0,0.538
1983-07-31,20.0,0.5663
1983-08-01,20.0,0.5663
1983-08-02,18.0,0.5097
1983-08-03,18.0,0.5097
1983-08-04,18.0,0.5097
1983-08-05,18.0,0.5097
1983-08-06,18.0,0.5097
1983-08-07,19.0,0.538
1983-08-08,18.0,0.5097
1983-08-09,32.0,0.9061
1983-08-10,18.0,0.5097
1983-08-11,17.0,0.4814
1983-08-12,19.0,0.538
1983-08-13,17.0,0.4814
1983-08-14,19.0,0.538
1983-08-15,19.0,0.538
1983-08-16,19.0,0.538
1983-08-17,18.0,0.5097
1983-08-18,18.0,0.5097
1983-08-19,17.0,0.4814
1983-08-20,17.0,0.4814
1983-08-21,16.0,0.4531
1983-08-22,20.0,0.5663
1983-08-23,26.0,0.7362
1983-08-24,20.0,0.5663
1983-08-25,20.0,0.5663
1983-08-26,18.0,0.5097
1983-08-27,17.0,0.4814
1983-08-28,17.0,0.4814
1983-08-29,16.0,0.4531
1983-08-30,16.0,0.4531
1983-08-31,17.0,0.4814
1983-09-01,17.0,0.4814
1983-09-02,16.0,0.4531
1983-09-03,16.0,0.4531
1983-09-04,15.0,0.4248
1983-09-05,15.0,0.4248
1983-09-06,17.0,0.4814
1983-09-07,18.0,0.5097
1983-09-08,23.0,0.6513
1983-09-09,21.0,0.5947
1983-09-10,19.0,0.538
1983-09-11,21.0,0.5947
1983-09-12,20.0,0.5663
1983-09-13,23.0,0.6513
1983-09-14,24.0,0.6796
1983-09-15,20.0,0.5663
1983-09-16,19.0,0.538
1983-09-17,20.0,0.5663
1983-09-18,23.0,0.6513
1983-09-19,20.0,0.5663
1983-09-20,23.0,0.6513
1983-09-21,23.0,0.6513
1983-09-22,21.0,0.5947
1983-09-23,21.0,0.5947
1983-09-24,20.0,0.5663
1983-09-25,20.0,0.5663
1983-09-26,20.0,0.5663
1983-09-27,20.0,0.5663
1983-09-28,24.0,0.6796
1983-09-29,30.0,0.8495
1983-09-30,112.0,3.1715
1983-10-01,63.0,1.784
1983-10-02,86.0,2.4352
1983-10-03,62.0,1.7556
1983-10-04,51.0,1.4442
1983-10-05,39.0,1.1044
1983-10-06,34.0,0.9628
1983-10-07,29.0,0.8212
1983-10-08,40.0,1.1327
1983-10-09,56.0,1.5857
1983-10-10,71.0,2.0105
1983-10-11,100.0,2.8317
1983-10-12,60.0,1.699
1983-10-13,42.0,1.1893
1983-10-14,34.0,0.9628
1983-10-15,31.0,0.8778
1983-10-16,33.0,0.9345
1983-10-17,43.0,1.2176
1983-10-18,56.0,1.5857
1983-10-19,55.0,1.5574
1983-10-20,42.0,1.1893
1983-10-21,56.0,1.5857
1983-10-22,67.0,1.8972
1983-10-23,59.0,1.6707
1983-10-24,47.0,1.3309
1983-10-25,49.0,1.3875
1983-10-26,48.0,1.3592
1983-10-27,45.0,1.2743
1983-10-28,54.0,1.5291
1983-10-29,65.0,1.8406
1983-10-30,89.0,2.5202
1983-10-31,91.0,2.5768
1983-11-01,83.0,2.3503
1983-11-02,77.0,2.1804
1983-11-03,57.0,1.6141
1983-11-04,56.0,1.5857
1983-11-05,79.0,2.237
1983-11-06,66.0,1.8689
1983-11-07,59.0,1.6707
1983-11-08,53.0,1.5008
1983-11-09,53.0,1.5008
1983-11-10,52.0,1.4725
1983-11-11,51.0,1.4442
1983-11-12,51.0,1.4442
1983-11-13,49.0,1.3875
1983-11-14,48.0,1.3592
1983-11-15,48.0,1.3592
1983-11-16,49.0,1.3875
1983-11-17,49.0,1.3875
1983-11-18,47.0,1.3309
1983-11-19,47.0,1.3309
1983-11-20,46.0,1.3026
1983-11-21,48.0,1.3592
1983-11-22,46.0,1.3026
1983-11-23,46.0,1.3026
1983-11-24,46.0,1.3026
1983-11-25,46.0,1.3026
1983-11-26,48.0,1.3592
1983-11-27,47.0,1.3309
1983-11-28,47.0,1.3309
1983-11-29,48.0,1.3592
1983-11-30,47.0,1.3309
1983-12-01,46.0,1.3026
1983-12-02,49.0,1.3875
1983-12-03,50.0,1.4158
1983-12-04,50.0,1.4158
1983-12-05,50.0,1.4158
1983-12-06,51.0,1.4442
1983-12-07,50.0,1.4158
1983-12-08,49.0,1.3875
1983-12-09,49.0,1.3875
1983-12-10,50.0,1.4158
1983-12-11,49.0,1.3875
1983-12-12,50.0,1.4158
1983-12-13,50.0,1.4158
1983-12-14,50.0,1.4158
1983-12-15,44.0,1.2459
1983-12-16,43.0,1.2176
1983-12-17,47.0,1.3309
1983-12-18,51.0,1.4442
1983-12-19,52.0,1.4725
1983-12-20,52.0,1.4725
1983-12-21,52.0,1.4725
1983-12-22,52.0,1.4725
1983-12-23,52.0,1.4725
1983-12-24,51.0,1.4442
1983-12-25,50.0,1.4158
1983-12-26,53.0,1.5008
1983-12-27,54.0,1.5291
1983-12-28,54.0,1.5291
1983-12-29,54.0,1.5291
1983-12-30,56.0,1.5857
1983-12-31,52.0,1.4725
1984-01-01,52.0,1.4725
1984-01-02,52.0,1.4725
1984-01-03,53.0,1.5008
1984-01-04,53.0,1.5008
1984-01-05,53.0,1.5008
1984-01-06,49.0,1.3875
1984-01-07,44.0,1.2459
1984-01-08,44.0,1.2459
1984-01-09,44.0,1.2459
1984-01-10,44.0,1.2459
1984-01-11,47.0,1.3309
1984-01-12,47.0,1.3309
1984-01-13,45.0,1.2743
1984-01-14,42.0,1.1893
1984-01-15,41.0,1.161
1984-01-16,41.0,1.161
1984-01-17,41.0,1.161
1984-01-18,43.0,1.2176
1984-01-19,43.0,1.2176
1984-01-20,42.0,1.1893
1984-01-21,42.0,1.1893
1984-01-22,42.0,1.1893
1984-01-23,42.0,1.1893
1984-01-24,43.0,1.2176
1984-01-25,44.0,1.2459
1984-01-26,43.0,1.2176
1984-01-27,43.0,1.2176
1984-01-28,42.0,1.1893
1984-01-29,42.0,1.1893
1984-01-30,42.0,1.1893
1984-01-31,42.0,1.1893
1984-02-01,41.0,1.161
1984-02-02,39.0,1.1044
1984-02-03,38.0,1.076
1984-02-04,37.0,1.0477
1984-02-05,33.0,0.9345
1984-02-06,29.0,0.8212
1984-02-07,27.0,0.7646
1984-02-08,26.0,0.7362
1984-02-09,27.0,0.7646
1984-02-10,29.0,0.8212
1984-02-11,26.0,0.7362
1984-02-12,26.0,0.7362
1984-02-13,25.0,0.7079
1984-02-14,29.0,0.8212
1984-02-15,31.0,0.8778
1984-02-16,31.0,0.8778
1984-02-17,31.0,0.8778
1984-02-18,33.0,0.9345
1984-02-19,30.0,0.8495
1984-02-20,26.0,0.7362
1984-02-21,26.0,0.7362
1984-02-22,27.0,0.7646
1984-02-23,29.0,0.8212
1984-02-24,31.0,0.8778
1984-02-25,31.0,0.8778
1984-02-26,35.0,0.9911
1984-02-27,35.0,0.9911
1984-02-28,33.0,0.9345
1984-02-29,34.0,0.9628
1984-03-01,36.0,1.0194
1984-03-02,34.0,0.9628
1984-03-03,32.0,0.9061
1984-03-04,33.0,0.9345
1984-03-05,39.0,1.1044
1984-03-06,39.0,1.1044
1984-03-07,38.0,1.076
1984-03-08,38.0,1.076
1984-03-09,37.0,1.0477
1984-03-10,39.0,1.1044
1984-03-11,37.0,1.0477
1984-03-12,35.0,0.9911
1984-03-13,36.0,1.0194
1984-03-14,34.0,0.9628
1984-03-15,33.0,0.9345
1984-03-16,32.0,0.9061
1984-03-17,33.0,0.9345
1984-03-18,31.0,0.8778
1984-03-19,28.0,0.7929
1984-03-20,26.0,0.7362
1984-03-21,25.0,0.7079
1984-03-22,24.0,0.6796
1984-03-23,20.0,0.5663
1984-03-24,19.0,0.538
1984-03-25,19.0,0.538
1984-03-26,19.0,0.538
1984-03-27,19.0,0.538
1984-03-28,19.0,0.538
1984-03-29,18.0,0.5097
1984-03-30,18.0,0.5097
1984-03-31,20.0,0.5663
1984-04-01,23.0,0.6513
1984-04-02,21.0,0.5947
1984-04-03,26.0,0.7362
1984-04-04,30.0,0.8495
1984-04-05,33.0,0.9345
1984-04-06,29.0,0.8212
1984-04-07,24.0,0.6796
1984-04-08,18.0,0.5097
1984-04-09,17.0,0.4814
1984-04-10,17.0,0.4814
1984-04-11,18.0,0.5097
1984-04-12,18.0,0.5097
1984-04-13,19.0,0.538
1984-04-14,19.0,0.538
1984-04-15,18.0,0.5097
1984-04-16,18.0,0.5097
1984-04-17,18.0,0.5097
1984-04-18,16.0,0.4531
1984-04-19,14.0,0.3964
1984-04-20,14.0,0.3964
1984-04-21,14.0,0.3964
1984-04-22,17.0,0.4814
1984-04-23,21.0,0.5947
1984-04-24,22.0,0.623
1984-04-25,19.0,0.538
1984-04-26,17.0,0.4814
1984-04-27,18.0,0.5097
1984-04-28,19.0,0.538
1984-04-29,20.0,0.5663
1984-04-30,19.0,0.538
1984-05-01,17.0,0.4814
1984-05-02,16.0,0.4531
1984-05-03,15.0,0.4248
1984-05-04,15.0,0.4248
1984-05-05,16.0,0.4531
1984-05-06,15.0,0.4248
1984-05-07,15.0,0.4248
1984-05-08,15.0,0.4248
1984-05-09,15.0,0.4248
1984-05-10,16.0,0.4531
1984-05-11,16.0,0.4531
1984-05-12,16.0,0.4531
1984-05-13,16.0,0.4531
1984-05-14,15.0,0.4248
1984-05-15,15.0,0.4248
1984-05-16,19.0,0.538
1984-05-17,98.0,2.775
1984-05-18,135.0,3.8228
1984-05-19,29.0,0.8212
1984-05-20,26.0,0.7362
1984-05-21,33.0,0.9345
1984-05-22,35.0,0.9911
1984-05-23,30.0,0.8495
1984-05-24,26.0,0.7362
1984-05-25,26.0,0.7362
1984-05-26,27.0,0.7646
1984-05-27,28.0,0.7929
1984-05-28,33.0,0.9345
1984-05-29,35.0,0.9911
1984-05-30,27.0,0.7646
1984-05-31,23.0,0.6513
1984-06-01,21.0,0.5947
1984-06-02,21.0,0.5947
1984-06-03,21.0,0.5947
1984-06-04,21.0,0.5947
1984-06-05,25.0,0.7079
1984-06-06,32.0,0.9061
1984-06-07,26.0,0.7362
1984-06-08,23.0,0.6513
1984-06-09,22.0,0.623
1984-06-10,19.0,0.538
1984-06-11,17.0,0.4814
1984-06-12,14.0,0.3964
1984-06-13,14.0,0.3964
1984-06-14,14.0,0.3964
1984-06-15,14.0,0.3964
1984-06-16,14.0,0.3964
1984-06-17,14.0,0.3964
1984-06-18,15.0,0.4248
1984-06-19,18.0,0.5097
1984-06-20,24.0,0.6796
1984-06-21,30.0,0.8495
1984-06-22,37.0,1.0477
1984-06-23,38.0,1.076
1984-06-24,38.0,1.076
1984-06-25,34.0,0.9628
1984-06-26,31.0,0.8778
1984-06-27,30.0,0.8495
1984-06-28,48.0,1.3592
1984-06-29,310.0,8.7782
1984-06-30,125.0,3.5396
1984-07-01,47.0,1.3309
1984-07-02,35.0,0.9911
1984-07-03,27.0,0.7646
1984-07-04,31.0,0.8778
1984-07-05,46.0,1.3026
1984-07-06,34.0,0.9628
1984-07-07,26.0,0.7362
1984-07-08,23.0,0.6513
1984-07-09,22.0,0.623
1984-07-10,20.0,0.5663
1984-07-11,19.0,0.538
1984-07-12,18.0,0.5097
1984-07-13,17.0,0.4814
1984-07-14,16.0,0.4531
1984-07-15,15.0,0.4248
1984-07-16,17.0,0.4814
1984-07-17,22.0,0.623
1984-07-18,21.0,0.5947
1984-07-19,19.0,0.538
1984-07-20,16.0,0.4531
1984-07-21,15.0,0.4248
1984-07-22,15.0,0.4248
1984-07-23,15.0,0.4248
1984-07-24,15.0,0.4248
1984-07-25,15.0,0.4248
1984-07-26,16.0,0.4531
1984-07-27,18.0,0.5097
1984-07-28,17.0,0.4814
1984-07-29,17.0,0.4814
1984-07-30,18.0,0.5097
1984-07-31,21.0,0.5947
1984-08-01,24.0,0.6796
1984-08-02,23.0,0.6513
1984-08-03,22.0,0.623
1984-08-04,21.0,0.5947
1984-08-05,20.0,0.5663
1984-08-06,16.0,0.4531
1984-08-07,16.0,0.4531
1984-08-08,18.0,0.5097
1984-08-09,225.0,6.3713
1984-08-10,345.0,9.7693
1984-08-11,6290.0,178.1127
1984-08-12,7550.0,213.7918
1984-08-13,2880.0,81.5524
1984-08-14,691.0,19.5669
1984-08-15,1930.0,54.6514
1984-08-16,1510.0,42.7584
1984-08-17,691.0,19.5669
1984-08-18,548.0,15.5176
1984-08-19,304.0,8.6083
1984-08-20,180.0,5.097
1984-08-21,180.0,5.097
1984-08-22,214.0,6.0598
1984-08-23,200.0,5.6634
1984-08-24,164.0,4.644
1984-08-25,117.0,3.3131
1984-08-26,89.0,2.5202
1984-08-27,74.0,2.0954
1984-08-28,69.0,1.9539
1984-08-29,73.0,2.0671
1984-08-30,89.0,2.5202
1984-08-31,80.0,2.2653
1984-09-01,71.0,2.0105
1984-09-02,73.0,2.0671
1984-09-03,60.0,1.699
1984-09-04,79.0,2.237
1984-09-05,101.0,2.86
1984-09-06,96.0,2.7184
1984-09-07,91.0,2.5768
1984-09-08,69.0,1.9539
1984-09-09,63.0,1.784
1984-09-10,67.0,1.8972
1984-09-11,71.0,2.0105
1984-09-12,71.0,2.0105
1984-09-13,72.0,2.0388
1984-09-14,70.0,1.9822
1984-09-15,61.0,1.7273
1984-09-16,61.0,1.7273
1984-09-17,58.0,1.6424
1984-09-18,69.0,1.9539
1984-09-19,58.0,1.6424
1984-09-20,55.0,1.5574
1984-09-21,53.0,1.5008
1984-09-22,52.0,1.4725
1984-09-23,63.0,1.784
1984-09-24,65.0,1.8406
1984-09-25,66.0,1.8689
1984-09-26,64.0,1.8123
1984-09-27,79.0,2.237
1984-09-28,114.0,3.2281
1984-09-29,83.0,2.3503
1984-09-30,88.0,2.4919
1984-10-01,90.0,2.5485
1984-10-02,95.0,2.6901
1984-10-03,106.0,3.0016
1984-10-04,83.0,2.3503
1984-10-05,77.0,2.1804
1984-10-06,80.0,2.2653
1984-10-07,74.0,2.0954
1984-10-08,97.0,2.7467
1984-10-09,89.0,2.5202
1984-10-10,85.0,2.4069
1984-10-11,82.0,2.322
1984-10-12,71.0,2.0105
1984-10-13,70.0,1.9822
1984-10-14,69.0,1.9539
1984-10-15,77.0,2.1804
1984-10-16,84.0,2.3786
1984-10-17,75.0,2.1238
1984-10-18,72.0,2.0388
1984-10-19,64.0,1.8123
1984-10-20,75.0,2.1238
1984-10-21,105.0,2.9733
1984-10-22,100.0,2.8317
1984-10-23,110.0,3.1148
1984-10-24,150.0,4.2475
1984-10-25,150.0,4.2475
1984-10-26,140.0,3.9644
1984-10-27,105.0,2.9733
1984-10-28,88.0,2.4919
1984-10-29,80.0,2.2653
1984-10-30,78.0,2.2087
1984-10-31,74.5,2.1096
1984-11-01,73.4,2.0785
1984-11-02,73.5,2.0813
1984-11-03,73.8,2.0898
1984-11-04,72.2,2.0445
1984-11-05,72.0,2.0388
1984-11-06,72.5,2.053
1984-11-07,72.5,2.053
1984-11-08,71.9,2.036
1984-11-09,71.8,2.0331
1984-11-10,70.3,1.9907
1984-11-11,69.5,1.968
1984-11-12,69.0,1.9539
1984-11-13,69.4,1.9652
1984-11-14,70.6,1.9992
1984-11-15,70.9,2.0077
1984-11-16,71.8,2.0331
1984-11-17,70.0,1.9822
1984-11-18,63.9,1.8094
1984-11-19,63.2,1.7896
1984-11-20,63.0,1.784
1984-11-21,63.0,1.784
1984-11-22,62.1,1.7585
1984-11-23,63.0,1.784
1984-11-24,76.9,2.1776
1984-11-25,82.6,2.339
1984-11-26,97.6,2.7637
1984-11-27,89.1,2.523
1984-11-28,75.8,2.1464
1984-11-29,71.2,2.0162
1984-11-30,70.5,1.9963
1984-12-01,73.0,2.0671
1984-12-02,72.9,2.0643
1984-12-03,72.0,2.0388
1984-12-04,71.6,2.0275
1984-12-05,71.2,2.0162
1984-12-06,71.3,2.019
1984-12-07,72.1,2.0416
1984-12-08,71.6,2.0275
1984-12-09,66.3,1.8774
1984-12-10,61.3,1.7358
1984-12-11,59.7,1.6905
1984-12-12,59.6,1.6877
1984-12-13,59.4,1.682
1984-12-14,59.7,1.6905
1984-12-15,68.0,1.9255
1984-12-16,78.5,2.2229
1984-12-17,81.8,2.3163
1984-12-18,80.5,2.2795
1984-12-19,75.2,2.1294
1984-12-20,73.7,2.0869
1984-12-21,72.7,2.0586
1984-12-22,71.6,2.0275
1984-12-23,70.5,1.9963
1984-12-24,69.5,1.968
1984-12-25,68.0,1.9255
1984-12-26,68.2,1.9312
1984-12-27,67.6,1.9142
1984-12-28,65.5,1.8548
1984-12-29,67.6,1.9142
1984-12-30,67.6,1.9142
1984-12-31,68.9,1.951
1985-01-01,66.3,1.8774
1985-01-02,63.2,1.7896
1985-01-03,62.8,1.7783
1985-01-04,62.2,1.7613
1985-01-05,62.0,1.7556
1985-01-06,62.0,1.7556
1985-01-07,62.0,1.7556
1985-01-08,61.5,1.7415
1985-01-09,61.8,1.75
1985-01-10,61.1,1.7302
1985-01-11,61.5,1.7415
1985-01-12,60.6,1.716
1985-01-13,60.0,1.699
1985-01-14,61.0,1.7273
1985-01-15,62.6,1.7726
1985-01-16,66.6,1.8859
1985-01-17,71.7,2.0303
1985-01-18,109.0,3.0865
1985-01-19,125.0,3.5396
1985-01-20,128.0,3.6246
1985-01-21,132.0,3.7378
1985-01-22,133.0,3.7661
1985-01-23,132.0,3.7378
1985-01-24,134.0,3.7945
1985-01-25,136.0,3.8511
1985-01-26,136.0,3.8511
1985-01-27,137.0,3.8794
1985-01-28,138.0,3.9077
1985-01-29,139.0,3.936
1985-01-30,140.0,3.9644
1985-01-31,138.0,3.9077
1985-02-01,135.0,3.8228
1985-02-02,131.0,3.7095
1985-02-03,139.0,3.936
1985-02-04,141.0,3.9927
1985-02-05,137.0,3.8794
1985-02-06,135.0,3.8228
1985-02-07,134.0,3.7945
1985-02-08,130.0,3.6812
1985-02-09,128.0,3.6246
1985-02-10,128.0,3.6246
1985-02-11,128.0,3.6246
1985-02-12,124.0,3.5113
1985-02-13,123.0,3.483
1985-02-14,131.0,3.7095
1985-02-15,126.0,3.5679
1985-02-16,132.0,3.7378
1985-02-17,145.0,4.1059
1985-02-18,151.0,4.2758
1985-02-19,149.0,4.2192
1985-02-20,156.0,4.4174
1985-02-21,164.0,4.644
1985-02-22,159.0,4.5024
1985-02-23,150.0,4.2475
1985-02-24,144.0,4.0776
1985-02-25,130.0,3.6812
1985-02-26,126.0,3.5679
1985-02-27,117.0,3.3131
1985-02-28,110.0,3.1148
1985-03-01,108.0,3.0582
1985-03-02,101.0,2.86
1985-03-03,84.7,2.3984
1985-03-04,76.7,2.1719
1985-03-05,77.2,2.1861
1985-03-06,67.3,1.9057
1985-03-07,63.7,1.8038
1985-03-08,61.0,1.7273
1985-03-09,55.9,1.5829
1985-03-10,53.0,1.5008
1985-03-11,74.3,2.1039
1985-03-12,54.7,1.5489
1985-03-13,53.7,1.5206
1985-03-14,52.0,1.4725
1985-03-15,55.5,1.5716
1985-03-16,58.5,1.6565
1985-03-17,58.1,1.6452
1985-03-18,46.4,1.3139
1985-03-19,36.1,1.0222
1985-03-20,38.3,1.0845
1985-03-21,38.3,1.0845
1985-03-22,50.6,1.4328
1985-03-23,39.6,1.1213
1985-03-24,48.4,1.3705
1985-03-25,49.2,1.3932
1985-03-26,49.9,1.413
1985-03-27,49.8,1.4102
1985-03-28,45.6,1.2912
1985-03-29,42.5,1.2035
1985-03-30,39.5,1.1185
1985-03-31,38.5,1.0902
1985-04-01,40.0,1.1327
1985-04-02,37.4,1.059
1985-04-03,42.1,1.1921
1985-04-04,49.5,1.4017
1985-04-05,49.5,1.4017
1985-04-06,62.5,1.7698
1985-04-07,61.6,1.7443
1985-04-08,48.2,1.3649
1985-04-09,41.4,1.1723
1985-04-10,39.1,1.1072
1985-04-11,36.5,1.0336
1985-04-12,45.0,1.2743
1985-04-13,52.0,1.4725
1985-04-14,54.0,1.5291
1985-04-15,56.0,1.5857
1985-04-16,52.0,1.4725
1985-04-17,48.0,1.3592
1985-04-18,47.0,1.3309
1985-04-19,48.0,1.3592
1985-04-20,50.0,1.4158
1985-04-21,45.0,1.2743
1985-04-22,42.0,1.1893
1985-04-23,38.0,1.076
1985-04-24,33.0,0.9345
1985-04-25,32.0,0.9061
1985-04-26,34.4,0.9741
1985-04-27,39.3,1.1129
1985-04-28,70.3,1.9907
1985-04-29,45.9,1.2997
1985-04-30,39.2,1.11
1985-05-01,40.3,1.1412
1985-05-02,36.3,1.0279
1985-05-03,31.9,0.9033
1985-05-04,32.2,0.9118
1985-05-05,37.2,1.0534
1985-05-06,41.1,1.1638
1985-05-07,41.6,1.178
1985-05-08,40.1,1.1355
1985-05-09,38.1,1.0789
1985-05-10,33.5,0.9486
1985-05-11,31.8,0.9005
1985-05-12,29.8,0.8438
1985-05-13,26.8,0.7589
1985-05-14,25.0,0.7079
1985-05-15,26.5,0.7504
1985-05-16,40.7,1.1525
1985-05-17,36.4,1.0307
1985-05-18,44.9,1.2714
1985-05-19,93.9,2.6589
1985-05-20,74.5,2.1096
1985-05-21,66.4,1.8802
1985-05-22,63.7,1.8038
1985-05-23,62.4,1.767
1985-05-24,64.3,1.8208
1985-05-25,60.2,1.7047
1985-05-26,60.3,1.7075
1985-05-27,62.1,1.7585
1985-05-28,83.0,2.3503
1985-05-29,67.4,1.9086
1985-05-30,55.4,1.5688
1985-05-31,52.6,1.4895
1985-06-01,51.2,1.4498
1985-06-02,48.5,1.3734
1985-06-03,40.2,1.1383
1985-06-04,46.2,1.3082
1985-06-05,50.8,1.4385
1985-06-06,36.7,1.0392
1985-06-07,42.7,1.2091
1985-06-08,49.1,1.3904
1985-06-09,45.2,1.2799
1985-06-10,36.8,1.0421
1985-06-11,32.3,0.9146
1985-06-12,36.4,1.0307
1985-06-13,49.7,1.4073
1985-06-14,44.3,1.2544
1985-06-15,38.1,1.0789
1985-06-16,33.7,0.9543
1985-06-17,31.5,0.892
1985-06-18,28.2,0.7985
1985-06-19,26.0,0.7362
1985-06-20,27.2,0.7702
1985-06-21,33.2,0.9401
1985-06-22,35.0,0.9911
1985-06-23,29.2,0.8269
1985-06-24,33.0,0.9345
1985-06-25,42.8,1.212
1985-06-26,47.7,1.3507
1985-06-27,54.2,1.5348
1985-06-28,56.5,1.5999
1985-06-29,45.1,1.2771
1985-06-30,33.2,0.9401
1985-07-01,27.0,0.7646
1985-07-02,27.0,0.7646
1985-07-03,26.1,0.7391
1985-07-04,25.1,0.7108
1985-07-05,24.2,0.6853
1985-07-06,24.0,0.6796
1985-07-07,23.9,0.6768
1985-07-08,23.0,0.6513
1985-07-09,23.0,0.6513
1985-07-10,23.0,0.6513
1985-07-11,22.7,0.6428
1985-07-12,22.0,0.623
1985-07-13,22.0,0.623
1985-07-14,22.0,0.623
1985-07-15,22.0,0.623
1985-07-16,22.0,0.623
1985-07-17,24.9,0.7051
1985-07-18,24.0,0.6796
1985-07-19,24.0,0.6796
1985-07-20,34.2,0.9684
1985-07-21,27.1,0.7674
1985-07-22,22.8,0.6456
1985-07-23,21.8,0.6173
1985-07-24,21.0,0.5947
1985-07-25,21.9,0.6201
1985-07-26,23.1,0.6541
1985-07-27,23.0,0.6513
1985-07-28,27.3,0.773
1985-07-29,38.2,1.0817
1985-07-30,35.6,1.0081
1985-07-31,31.8,0.9005
1985-08-01,27.2,0.7702
1985-08-02,26.6,0.7532
1985-08-03,26.0,0.7362
1985-08-04,25.8,0.7306
1985-08-05,26.8,0.7589
1985-08-06,27.0,0.7646
1985-08-07,27.0,0.7646
1985-08-08,26.9,0.7617
1985-08-09,27.4,0.7759
1985-08-10,27.0,0.7646
1985-08-11,27.0,0.7646
1985-08-12,26.4,0.7476
1985-08-13,24.0,0.6796
1985-08-14,22.2,0.6286
1985-08-15,22.0,0.623
1985-08-16,22.2,0.6286
1985-08-17,34.2,0.9684
1985-08-18,34.5,0.9769
1985-08-19,30.4,0.8608
1985-08-20,28.9,0.8184
1985-08-21,28.7,0.8127
1985-08-22,26.8,0.7589
1985-08-23,26.2,0.7419
1985-08-24,26.0,0.7362
1985-08-25,29.5,0.8353
1985-08-26,37.2,1.0534
1985-08-27,35.5,1.0052
1985-08-28,28.0,0.7929
1985-08-29,26.0,0.7362
1985-08-30,26.0,0.7362
1985-08-31,25.8,0.7306
1985-09-01,24.8,0.7023
1985-09-02,22.3,0.6315
1985-09-03,23.6,0.6683
1985-09-04,29.8,0.8438
1985-09-05,24.0,0.6796
1985-09-06,23.0,0.6513
1985-09-07,28.7,0.8127
1985-09-08,46.2,1.3082
1985-09-09,83.0,2.3503
1985-09-10,70.3,1.9907
1985-09-11,71.0,2.0105
1985-09-12,70.2,1.9878
1985-09-13,61.5,1.7415
1985-09-14,68.5,1.9397
1985-09-15,95.4,2.7014
1985-09-16,169.0,4.7855
1985-09-17,127.0,3.5962
1985-09-18,88.3,2.5004
1985-09-19,762.0,21.5774
1985-09-20,771.0,21.8323
1985-09-21,554.0,15.6875
1985-09-22,275.0,7.7871
1985-09-23,180.0,5.097
1985-09-24,119.0,3.3697
1985-09-25,90.5,2.5627
1985-09-26,79.4,2.2484
1985-09-27,74.1,2.0983
1985-09-28,83.6,2.3673
1985-09-29,81.7,2.3135
1985-09-30,71.3,2.019
1985-10-01,66.4,1.8802
1985-10-02,71.2,2.0162
1985-10-03,86.4,2.4466
1985-10-04,75.6,2.1408
1985-10-05,74.1,2.0983
1985-10-06,81.1,2.2965
1985-10-07,84.5,2.3928
1985-10-08,94.0,2.6618
1985-10-09,94.1,2.6646
1985-10-10,83.6,2.3673
1985-10-11,92.7,2.625
1985-10-12,86.7,2.4551
1985-10-13,80.0,2.2653
1985-10-14,83.4,2.3616
1985-10-15,73.9,2.0926
1985-10-16,79.8,2.2597
1985-10-17,127.0,3.5962
1985-10-18,153.0,4.3325
1985-10-19,136.0,3.8511
1985-10-20,136.0,3.8511
1985-10-21,126.0,3.5679
1985-10-22,143.0,4.0493
1985-10-23,128.0,3.6246
1985-10-24,108.0,3.0582
1985-10-25,181.0,5.1253
1985-10-26,186.0,5.2669
1985-10-27,123.0,3.483
1985-10-28,96.9,2.7439
1985-10-29,114.0,3.2281
1985-10-30,112.0,3.1715
1985-10-31,115.0,3.2564
1985-11-01,113.0,3.1998
1985-11-02,146.0,4.1343
1985-11-03,141.0,3.9927
1985-11-04,97.3,2.7552
1985-11-05,83.8,2.3729
1985-11-06,80.8,2.288
1985-11-07,79.3,2.2455
1985-11-08,78.7,2.2285
1985-11-09,77.7,2.2002
1985-11-10,78.2,2.2144
1985-11-11,78.8,2.2314
1985-11-12,74.4,2.1068
1985-11-13,71.0,2.0105
1985-11-14,76.4,2.1634
1985-11-15,77.9,2.2059
1985-11-16,76.7,2.1719
1985-11-17,75.8,2.1464
1985-11-18,74.9,2.1209
1985-11-19,74.3,2.1039
1985-11-20,74.1,2.0983
1985-11-21,73.4,2.0785
1985-11-22,65.0,1.8406
1985-11-23,71.4,2.0218
1985-11-24,70.8,2.0048
1985-11-25,71.3,2.019
1985-11-26,70.4,1.9935
1985-11-27,68.9,1.951
1985-11-28,68.2,1.9312
1985-11-29,71.5,2.0247
1985-11-30,70.5,1.9963
1985-12-01,70.4,1.9935
1985-12-02,72.1,2.0416
1985-12-03,71.7,2.0303
1985-12-04,68.3,1.934
1985-12-05,69.7,1.9737
1985-12-06,71.2,2.0162
1985-12-07,69.1,1.9567
1985-12-08,72.1,2.0416
1985-12-09,71.3,2.019
1985-12-10,70.6,1.9992
1985-12-11,70.2,1.9878
1985-12-12,71.0,2.0105
1985-12-13,73.0,2.0671
1985-12-14,69.6,1.9708
1985-12-15,70.2,1.9878
1985-12-16,70.4,1.9935
1985-12-17,68.7,1.9454
1985-12-18,66.8,1.8916
1985-12-19,66.0,1.8689
1985-12-20,67.5,1.9114
1985-12-21,70.7,2.002
1985-12-22,69.2,1.9595
1985-12-23,69.8,1.9765
1985-12-24,70.8,2.0048
1985-12-25,69.0,1.9539
1985-12-26,68.6,1.9425
1985-12-27,67.9,1.9227
1985-12-28,63.2,1.7896
1985-12-29,61.4,1.7387
1985-12-30,61.6,1.7443
1985-12-31,60.9,1.7245
1986-01-01,62.1,1.7585
1986-01-02,66.3,1.8774
1986-01-03,65.6,1.8576
1986-01-04,63.6,1.8009
1986-01-05,63.9,1.8094
1986-01-06,62.3,1.7641
1986-01-07,62.9,1.7811
1986-01-08,63.0,1.784
1986-01-09,62.7,1.7755
1986-01-10,69.9,1.9793
1986-01-11,69.2,1.9595
1986-01-12,72.0,2.0388
1986-01-13,72.7,2.0586
1986-01-14,74.6,2.1124
1986-01-15,73.5,2.0813
1986-01-16,68.3,1.934
1986-01-17,69.3,1.9624
1986-01-18,79.0,2.237
1986-01-19,84.4,2.3899
1986-01-20,89.9,2.5457
1986-01-21,93.3,2.642
1986-01-22,91.7,2.5967
1986-01-23,89.1,2.523
1986-01-24,89.2,2.5259
1986-01-25,88.8,2.5145
1986-01-26,86.0,2.4352
1986-01-27,84.9,2.4041
1986-01-28,84.6,2.3956
1986-01-29,83.5,2.3645
1986-01-30,81.0,2.2937
1986-01-31,77.6,2.1974
1986-02-01,72.3,2.0473
1986-02-02,70.0,1.9822
1986-02-03,65.2,1.8463
1986-02-04,61.9,1.7528
1986-02-05,62.2,1.7613
1986-02-06,60.0,1.699
1986-02-07,50.1,1.4187
1986-02-08,52.4,1.4838
1986-02-09,54.8,1.5518
1986-02-10,56.2,1.5914
1986-02-11,66.3,1.8774
1986-02-12,63.8,1.8066
1986-02-13,58.1,1.6452
1986-02-14,65.6,1.8576
1986-02-15,74.0,2.0954
1986-02-16,65.6,1.8576
1986-02-17,56.1,1.5886
1986-02-18,49.7,1.4073
1986-02-19,48.3,1.3677
1986-02-20,48.0,1.3592
1986-02-21,46.9,1.3281
1986-02-22,49.9,1.413
1986-02-23,46.4,1.3139
1986-02-24,45.3,1.2828
1986-02-25,48.0,1.3592
1986-02-26,48.8,1.3819
1986-02-27,47.4,1.3422
1986-02-28,45.3,1.2828
1986-03-01,44.8,1.2686
1986-03-02,49.5,1.4017
1986-03-03,54.2,1.5348
1986-03-04,51.9,1.4696
1986-03-05,48.5,1.3734
1986-03-06,49.3,1.396
1986-03-07,44.5,1.2601
1986-03-08,41.6,1.178
1986-03-09,47.6,1.3479
1986-03-10,44.3,1.2544
1986-03-11,41.4,1.1723
1986-03-12,41.1,1.1638
1986-03-13,39.5,1.1185
1986-03-14,43.0,1.2176
1986-03-15,40.2,1.1383
1986-03-16,39.0,1.1044
1986-03-17,41.0,1.161
1986-03-18,43.0,1.2176
1986-03-19,48.7,1.379
1986-03-20,46.7,1.3224
1986-03-21,46.5,1.3167
1986-03-22,48.3,1.3677
1986-03-23,49.8,1.4102
1986-03-24,48.8,1.3819
1986-03-25,48.5,1.3734
1986-03-26,49.3,1.396
1986-03-27,37.5,1.0619
1986-03-28,50.7,1.4357
1986-03-29,49.4,1.3988
1986-03-30,44.2,1.2516
1986-03-31,39.8,1.127
1986-04-01,38.6,1.093
1986-04-02,44.5,1.2601
1986-04-03,39.4,1.1157
1986-04-04,33.7,0.9543
1986-04-05,35.7,1.0109
1986-04-06,35.8,1.0137
1986-04-07,33.5,0.9486
1986-04-08,30.1,0.8523
1986-04-09,30.6,0.8665
1986-04-10,29.5,0.8353
1986-04-11,27.8,0.7872
1986-04-12,25.6,0.7249
1986-04-13,23.2,0.6569
1986-04-14,22.0,0.623
1986-04-15,23.8,0.6739
1986-04-16,25.8,0.7306
1986-04-17,27.2,0.7702
1986-04-18,29.2,0.8269
1986-04-19,38.2,1.0817
1986-04-20,36.2,1.0251
1986-04-21,31.2,0.8835
1986-04-22,27.8,0.7872
1986-04-23,26.0,0.7362
1986-04-24,29.0,0.8212
1986-04-25,29.0,0.8212
1986-04-26,28.0,0.7929
1986-04-27,26.0,0.7362
1986-04-28,28.0,0.7929
1986-04-29,30.0,0.8495
1986-04-30,29.0,0.8212
1986-05-01,28.0,0.7929
1986-05-02,28.0,0.7929
1986-05-03,29.0,0.8212
1986-05-04,27.0,0.7646
1986-05-05,25.0,0.7079
1986-05-06,22.0,0.623
1986-05-07,23.0,0.6513
1986-05-08,22.0,0.623
1986-05-09,21.0,0.5947
1986-05-10,20.0,0.5663
1986-05-11,18.0,0.5097
1986-05-12,17.0,0.4814
1986-05-13,17.0,0.4814
1986-05-14,23.1,0.6541
1986-05-15,22.3,0.6315
1986-05-16,19.8,0.5607
1986-05-17,18.4,0.521
1986-05-18,18.4,0.521
1986-05-19,19.8,0.5607
1986-05-20,20.0,0.5663
1986-05-21,18.3,0.5182
1986-05-22,17.0,0.4814
1986-05-23,16.5,0.4672
1986-05-24,17.9,0.5069
1986-05-25,19.2,0.5437
1986-05-26,21.1,0.5975
1986-05-27,26.4,0.7476
1986-05-28,24.7,0.6994
1986-05-29,26.7,0.7561
1986-05-30,29.4,0.8325
1986-05-31,77.8,2.203
1986-06-01,66.8,1.8916
1986-06-02,67.3,1.9057
1986-06-03,65.2,1.8463
1986-06-04,53.9,1.5263
1986-06-05,48.7,1.379
1986-06-06,49.2,1.3932
1986-06-07,49.9,1.413
1986-06-08,49.5,1.4017
1986-06-09,55.1,1.5603
1986-06-10,40.7,1.1525
1986-06-11,37.3,1.0562
1986-06-12,37.7,1.0675
1986-06-13,37.4,1.059
1986-06-14,33.5,0.9486
1986-06-15,30.0,0.8495
1986-06-16,28.7,0.8127
1986-06-17,27.3,0.773
1986-06-18,26.3,0.7447
1986-06-19,26.2,0.7419
1986-06-20,96.0,2.7184
1986-06-21,51.3,1.4527
1986-06-22,34.0,0.9628
1986-06-23,412.0,11.6665
1986-06-24,8320.0,235.5958
1986-06-25,28400.0,804.1971
1986-06-26,10900.0,308.6531
1986-06-27,8940.0,253.1522
1986-06-28,5510.0,156.0256
1986-06-29,3740.0,105.9048
1986-06-30,3970.0,112.4177
1986-07-01,4070.0,115.2494
1986-07-02,2900.0,82.1187
1986-07-03,1290.0,36.5287
1986-07-04,642.0,18.1794
1986-07-05,1550.0,43.891
1986-07-06,847.0,23.9843
1986-07-07,1270.0,35.9623
1986-07-08,842.0,23.8427
1986-07-09,596.0,16.8768
1986-07-10,536.0,15.1778
1986-07-11,262.0,7.419
1986-07-12,226.0,6.3996
1986-07-13,230.0,6.5129
1986-07-14,218.0,6.1731
1986-07-15,218.0,6.1731
1986-07-16,207.0,5.8616
1986-07-17,154.0,4.3608
1986-07-18,112.0,3.1715
1986-07-19,93.0,2.6335
1986-07-20,84.1,2.3814
1986-07-21,86.3,2.4437
1986-07-22,83.7,2.3701
1986-07-23,90.6,2.5655
1986-07-24,92.3,2.6136
1986-07-25,82.0,2.322
1986-07-26,80.1,2.2682
1986-07-27,91.5,2.591
1986-07-28,82.8,2.3446
1986-07-29,71.2,2.0162
1986-07-30,68.0,1.9255
1986-07-31,77.5,2.1946
1986-08-01,70.7,2.002
1986-08-02,68.4,1.9369
1986-08-03,66.9,1.8944
1986-08-04,72.6,2.0558
1986-08-05,80.7,2.2852
1986-08-06,74.2,2.1011
1986-08-07,68.5,1.9397
1986-08-08,62.7,1.7755
1986-08-09,61.3,1.7358
1986-08-10,61.4,1.7387
1986-08-11,65.2,1.8463
1986-08-12,68.0,1.9255
1986-08-13,68.9,1.951
1986-08-14,68.3,1.934
1986-08-15,65.8,1.8632
1986-08-16,64.4,1.8236
1986-08-17,70.0,1.9822
1986-08-18,73.9,2.0926
1986-08-19,80.9,2.2908
1986-08-20,68.7,1.9454
1986-08-21,62.6,1.7726
1986-08-22,54.0,1.5291
1986-08-23,48.8,1.3819
1986-08-24,67.7,1.917
1986-08-25,91.8,2.5995
1986-08-26,83.1,2.3531
1986-08-27,95.7,2.7099
1986-08-28,98.2,2.7807
1986-08-29,109.0,3.0865
1986-08-30,105.0,2.9733
1986-08-31,102.0,2.8883
1986-09-01,107.0,3.0299
1986-09-02,98.9,2.8005
1986-09-03,98.2,2.7807
1986-09-04,95.1,2.6929
1986-09-05,89.7,2.54
1986-09-06,102.0,2.8883
1986-09-07,109.0,3.0865
1986-09-08,98.1,2.7779
1986-09-09,86.8,2.4579
1986-09-10,84.8,2.4013
1986-09-11,93.0,2.6335
1986-09-12,88.6,2.5089
1986-09-13,88.2,2.4975
1986-09-14,206.0,5.8333
1986-09-15,117.0,3.3131
1986-09-16,107.0,3.0299
1986-09-17,102.0,2.8883
1986-09-18,105.0,2.9733
1986-09-19,97.8,2.7694
1986-09-20,87.6,2.4806
1986-09-21,89.0,2.5202
1986-09-22,77.0,2.1804
1986-09-23,72.3,2.0473
1986-09-24,80.4,2.2767
1986-09-25,77.2,2.1861
1986-09-26,71.4,2.0218
1986-09-27,68.4,1.9369
1986-09-28,105.0,2.9733
1986-09-29,176.0,4.9838
1986-09-30,79.4,2.2484
1986-10-01,75.0,2.1238
1986-10-02,70.2,1.9878
1986-10-03,69.7,1.9737
1986-10-04,76.6,2.1691
1986-10-05,85.1,2.4098
1986-10-06,74.8,2.1181
1986-10-07,99.9,2.8288
1986-10-08,85.6,2.4239
1986-10-09,90.3,2.557
1986-10-10,364.0,10.3073
1986-10-11,152.0,4.3042
1986-10-12,129.0,3.6529
1986-10-13,112.0,3.1715
1986-10-14,104.0,2.9449
1986-10-15,104.0,2.9449
1986-10-16,100.0,2.8317
1986-10-17,109.0,3.0865
1986-10-18,100.0,2.8317
1986-10-19,100.0,2.8317
1986-10-20,133.0,3.7661
1986-10-21,209.0,5.9182
1986-10-22,166.0,4.7006
1986-10-23,145.0,4.1059
1986-10-24,124.0,3.5113
1986-10-25,121.0,3.4263
1986-10-26,266.0,7.5323
1986-10-27,300.0,8.495
1986-10-28,305.0,8.6366
1986-10-29,318.0,9.0047
1986-10-30,306.0,8.6649
1986-10-31,303.0,8.58
1986-11-01,289.0,8.1836
1986-11-02,317.0,8.9764
1986-11-03,464.0,13.139
1986-11-04,491.0,13.9035
1986-11-05,464.0,13.139
1986-11-06,490.0,13.8752
1986-11-07,571.0,16.1689
1986-11-08,587.0,16.622
1986-11-09,588.0,16.6503
1986-11-10,593.0,16.7919
1986-11-11,593.0,16.7919
1986-11-12,583.0,16.5087
1986-11-13,590.0,16.7069
1986-11-14,587.0,16.622
1986-11-15,595.0,16.8485
1986-11-16,604.0,17.1033
1986-11-17,606.0,17.16
1986-11-18,604.0,17.1033
1986-11-19,533.0,15.0929
1986-11-20,431.0,12.2045
1986-11-21,445.0,12.601
1986-11-22,577.0,16.3388
1986-11-23,610.0,17.2732
1986-11-24,614.0,17.3865
1986-11-25,615.0,17.4148
1986-11-26,623.0,17.6414
1986-11-27,650.0,18.4059
1986-11-28,800.0,22.6534
1986-11-29,836.0,23.6728
1986-11-30,772.0,21.8606
1986-12-01,521.0,14.7531
1986-12-02,326.0,9.2313
1986-12-03,210.0,5.9465
1986-12-04,170.0,4.8139
1986-12-05,154.0,4.3608
1986-12-06,147.0,4.1626
1986-12-07,214.0,6.0598
1986-12-08,551.0,15.6026
1986-12-09,589.0,16.6786
1986-12-10,593.0,16.7919
1986-12-11,565.0,15.999
1986-12-12,529.0,14.9796
1986-12-13,419.0,11.8647
1986-12-14,408.0,11.5533
1986-12-15,370.0,10.4772
1986-12-16,293.0,8.2968
1986-12-17,259.0,7.3341
1986-12-18,291.0,8.2402
1986-12-19,335.0,9.4861
1986-12-20,365.0,10.3356
1986-12-21,458.0,12.9691
1986-12-22,553.0,15.6592
1986-12-23,583.0,16.5087
1986-12-24,542.0,15.3477
1986-12-25,514.0,14.5548
1986-12-26,503.0,14.2434
1986-12-27,495.0,14.0168
1986-12-28,489.0,13.8469
1986-12-29,448.0,12.6859
1986-12-30,422.0,11.9497
1986-12-31,423.0,11.978
1987-01-01,430.0,12.1762
1987-01-02,413.0,11.6948
1987-01-03,406.0,11.4966
1987-01-04,398.0,11.2701
1987-01-05,411.0,11.6382
1987-01-06,428.0,12.1196
1987-01-07,440.0,12.4594
1987-01-08,385.0,10.902
1987-01-09,291.0,8.2402
1987-01-10,317.0,8.9764
1987-01-11,359.0,10.1657
1987-01-12,400.0,11.3267
1987-01-13,371.0,10.5055
1987-01-14,346.0,9.7976
1987-01-15,328.0,9.2879
1987-01-16,338.0,9.5711
1987-01-17,332.0,9.4012
1987-01-18,333.0,9.4295
1987-01-19,340.0,9.6277
1987-01-20,361.0,10.2224
1987-01-21,356.0,10.0808
1987-01-22,340.0,9.6277
1987-01-23,342.0,9.6843
1987-01-24,350.0,9.9109
1987-01-25,328.0,9.2879
1987-01-26,283.0,8.0137
1987-01-27,350.0,9.9109
1987-01-28,407.0,11.5249
1987-01-29,444.0,12.5727
1987-01-30,448.0,12.6859
1987-01-31,402.0,11.3834
1987-02-01,398.0,11.2701
1987-02-02,402.0,11.3834
1987-02-03,406.0,11.4966
1987-02-04,408.0,11.5533
1987-02-05,409.0,11.5816
1987-02-06,399.0,11.2984
1987-02-07,359.0,10.1657
1987-02-08,340.0,9.6277
1987-02-09,338.0,9.5711
1987-02-10,358.0,10.1374
1987-02-11,369.0,10.4489
1987-02-12,371.0,10.5055
1987-02-13,367.0,10.3923
1987-02-14,352.0,9.9675
1987-02-15,338.0,9.5711
1987-02-16,328.0,9.2879
1987-02-17,321.0,9.0897
1987-02-18,234.0,6.6261
1987-02-19,263.0,7.4473
1987-02-20,295.0,8.3535
1987-02-21,316.0,8.9481
1987-02-22,331.0,9.3729
1987-02-23,345.0,9.7693
1987-02-24,355.0,10.0525
1987-02-25,391.0,11.0719
1987-02-26,408.0,11.5533
1987-02-27,419.0,11.8647
1987-02-28,414.0,11.7232
1987-03-01,402.0,11.3834
1987-03-02,365.0,10.3356
1987-03-03,347.0,9.8259
1987-03-04,304.0,8.6083
1987-03-05,282.0,7.9853
1987-03-06,275.0,7.7871
1987-03-07,240.0,6.796
1987-03-08,227.0,6.4279
1987-03-09,198.0,5.6067
1987-03-10,209.0,5.9182
1987-03-11,212.0,6.0032
1987-03-12,219.0,6.2014
1987-03-13,278.0,7.8721
1987-03-14,357.0,10.1091
1987-03-15,416.0,11.7798
1987-03-16,428.0,12.1196
1987-03-17,415.0,11.7515
1987-03-18,392.0,11.1002
1987-03-19,372.0,10.5338
1987-03-20,363.0,10.279
1987-03-21,362.0,10.2507
1987-03-22,356.0,10.0808
1987-03-23,365.0,10.3356
1987-03-24,329.0,9.3162
1987-03-25,232.0,6.5695
1987-03-26,194.0,5.4935
1987-03-27,157.0,4.4457
1987-03-28,108.0,3.0582
1987-03-29,89.3,2.5287
1987-03-30,91.2,2.5825
1987-03-31,130.0,3.6812
1987-04-01,204.0,5.7766
1987-04-02,252.0,7.1358
1987-04-03,258.0,7.3057
1987-04-04,238.0,6.7394
1987-04-05,218.0,6.1731
1987-04-06,244.0,6.9093
1987-04-07,249.0,7.0509
1987-04-08,234.0,6.6261
1987-04-09,198.0,5.6067
1987-04-10,165.0,4.6723
1987-04-11,145.0,4.1059
1987-04-12,122.0,3.4546
1987-04-13,104.0,2.9449
1987-04-14,101.0,2.86
1987-04-15,95.3,2.6986
1987-04-16,88.9,2.5174
1987-04-17,85.6,2.4239
1987-04-18,93.1,2.6363
1987-04-19,88.1,2.4947
1987-04-20,86.1,2.4381
1987-04-21,89.5,2.5344
1987-04-22,96.6,2.7354
1987-04-23,85.4,2.4183
1987-04-24,84.4,2.3899
1987-04-25,86.0,2.4352
1987-04-26,84.2,2.3843
1987-04-27,86.5,2.4494
1987-04-28,87.9,2.489
1987-04-29,90.6,2.5655
1987-04-30,86.7,2.4551
1987-05-01,160.0,4.5307
1987-05-02,401.0,11.355
1987-05-03,439.0,12.4311
1987-05-04,446.0,12.6293
1987-05-05,471.0,13.3372
1987-05-06,471.0,13.3372
1987-05-07,452.0,12.7992
1987-05-08,422.0,11.9497
1987-05-09,407.0,11.5249
1987-05-10,418.0,11.8364
1987-05-11,438.0,12.4028
1987-05-12,444.0,12.5727
1987-05-13,409.0,11.5816
1987-05-14,349.0,9.8826
1987-05-15,309.0,8.7499
1987-05-16,283.0,8.0137
1987-05-17,303.0,8.58
1987-05-18,335.0,9.4861
1987-05-19,346.0,9.7976
1987-05-20,343.0,9.7127
1987-05-21,348.0,9.8542
1987-05-22,341.0,9.656
1987-05-23,504.0,14.2717
1987-05-24,542.0,15.3477
1987-05-25,515.0,14.5832
1987-05-26,522.0,14.7814
1987-05-27,509.0,14.4133
1987-05-28,776.0,21.9738
1987-05-29,518.0,14.6681
1987-05-30,499.0,14.1301
1987-05-31,507.0,14.3566
1987-06-01,523.0,14.8097
1987-06-02,537.0,15.2061
1987-06-03,533.0,15.0929
1987-06-04,542.0,15.3477
1987-06-05,555.0,15.7158
1987-06-06,522.0,14.7814
1987-06-07,516.0,14.6115
1987-06-08,621.0,17.5847
1987-06-09,901.0,25.5134
1987-06-10,827.0,23.418
1987-06-11,595.0,16.8485
1987-06-12,568.0,16.0839
1987-06-13,552.0,15.6309
1987-06-14,551.0,15.6026
1987-06-15,569.0,16.1123
1987-06-16,548.0,15.5176
1987-06-17,523.0,14.8097
1987-06-18,472.0,13.3655
1987-06-19,431.0,12.2045
1987-06-20,418.0,11.8364
1987-06-21,419.0,11.8647
1987-06-22,424.0,12.0063
1987-06-23,397.0,11.2418
1987-06-24,344.0,9.741
1987-06-25,302.0,8.5517
1987-06-26,288.0,8.1552
1987-06-27,354.0,10.0241
1987-06-28,331.0,9.3729
1987-06-29,354.0,10.0241
1987-06-30,323.0,9.1463
1987-07-01,283.0,8.0137
1987-07-02,285.0,8.0703
1987-07-03,353.0,9.9958
1987-07-04,360.0,10.194
1987-07-05,369.0,10.4489
1987-07-06,395.0,11.1851
1987-07-07,377.0,10.6754
1987-07-08,306.0,8.6649
1987-07-09,228.0,6.4562
1987-07-10,176.0,4.9838
1987-07-11,137.0,3.8794
1987-07-12,114.0,3.2281
1987-07-13,121.0,3.4263
1987-07-14,111.0,3.1432
1987-07-15,93.5,2.6476
1987-07-16,97.6,2.7637
1987-07-17,108.0,3.0582
1987-07-18,102.0,2.8883
1987-07-19,102.0,2.8883
1987-07-20,99.5,2.8175
1987-07-21,98.9,2.8005
1987-07-22,95.7,2.7099
1987-07-23,91.1,2.5797
1987-07-24,83.9,2.3758
1987-07-25,76.2,2.1577
1987-07-26,84.7,2.3984
1987-07-27,78.3,2.2172
1987-07-28,73.9,2.0926
1987-07-29,84.0,2.3786
1987-07-30,93.9,2.6589
1987-07-31,75.4,2.1351
1987-08-01,76.3,2.1606
1987-08-02,79.2,2.2427
1987-08-03,66.3,1.8774
1987-08-04,86.9,2.4607
1987-08-05,80.8,2.288
1987-08-06,72.7,2.0586
1987-08-07,68.7,1.9454
1987-08-08,68.5,1.9397
1987-08-09,81.4,2.305
1987-08-10,115.0,3.2564
1987-08-11,133.0,3.7661
1987-08-12,165.0,4.6723
1987-08-13,131.0,3.7095
1987-08-14,102.0,2.8883
1987-08-15,95.4,2.7014
1987-08-16,98.7,2.7949
1987-08-17,95.2,2.6958
1987-08-18,86.6,2.4522
1987-08-19,97.2,2.7524
1987-08-20,94.4,2.6731
1987-08-21,89.5,2.5344
1987-08-22,88.1,2.4947
1987-08-23,91.0,2.5768
1987-08-24,95.4,2.7014
1987-08-25,135.0,3.8228
1987-08-26,111.0,3.1432
1987-08-27,105.0,2.9733
1987-08-28,160.0,4.5307
1987-08-29,111.0,3.1432
1987-08-30,112.0,3.1715
1987-08-31,116.0,3.2847
1987-09-01,99.7,2.8232
1987-09-02,87.3,2.4721
1987-09-03,95.5,2.7043
1987-09-04,90.2,2.5542
1987-09-05,92.8,2.6278
1987-09-06,107.0,3.0299
1987-09-07,104.0,2.9449
1987-09-08,80.3,2.2738
1987-09-09,81.3,2.3022
1987-09-10,91.1,2.5797
1987-09-11,97.2,2.7524
1987-09-12,85.4,2.4183
1987-09-13,82.3,2.3305
1987-09-14,103.0,2.9166
1987-09-15,114.0,3.2281
1987-09-16,116.0,3.2847
1987-09-17,96.9,2.7439
1987-09-18,117.0,3.3131
1987-09-19,126.0,3.5679
1987-09-20,145.0,4.1059
1987-09-21,129.0,3.6529
1987-09-22,118.0,3.3414
1987-09-23,111.0,3.1432
1987-09-24,101.0,2.86
1987-09-25,105.0,2.9733
1987-09-26,90.4,2.5598
1987-09-27,92.1,2.608
1987-09-28,87.3,2.4721
1987-09-29,84.0,2.3786
1987-09-30,92.5,2.6193
1987-10-01,90.0,2.5485
1987-10-02,77.0,2.1804
1987-10-03,63.0,1.784
1987-10-04,51.0,1.4442
1987-10-05,51.0,1.4442
1987-10-06,72.0,2.0388
1987-10-07,77.0,2.1804
1987-10-08,76.0,2.1521
1987-10-09,80.0,2.2653
1987-10-10,78.0,2.2087
1987-10-11,72.0,2.0388
1987-10-12,72.0,2.0388
1987-10-13,75.0,2.1238
1987-10-14,74.0,2.0954
1987-10-15,79.0,2.237
1987-10-16,89.0,2.5202
1987-10-17,106.0,3.0016
1987-10-18,100.0,2.8317
1987-10-19,99.0,2.8034
1987-10-20,111.0,3.1432
1987-10-21,106.0,3.0016
1987-10-22,96.0,2.7184
1987-10-23,87.0,2.4636
1987-10-24,122.0,3.4546
1987-10-25,124.0,3.5113
1987-10-26,107.0,3.0299
1987-10-27,96.0,2.7184
1987-10-28,93.0,2.6335
1987-10-29,95.0,2.6901
1987-10-30,113.0,3.1998
1987-10-31,102.0,2.8883
1987-11-01,101.0,2.86
1987-11-02,104.0,2.9449
1987-11-03,111.0,3.1432
1987-11-04,111.0,3.1432
1987-11-05,103.0,2.9166
1987-11-06,99.0,2.8034
1987-11-07,99.0,2.8034
1987-11-08,99.0,2.8034
1987-11-09,98.0,2.775
1987-11-10,96.0,2.7184
1987-11-11,95.0,2.6901
1987-11-12,96.0,2.7184
1987-11-13,97.0,2.7467
1987-11-14,98.0,2.775
1987-11-15,98.0,2.775
1987-11-16,99.0,2.8034
1987-11-17,98.0,2.775
1987-11-18,97.0,2.7467
1987-11-19,97.0,2.7467
1987-11-20,96.0,2.7184
1987-11-21,95.0,2.6901
1987-11-22,97.0,2.7467
1987-11-23,99.0,2.8034
1987-11-24,99.0,2.8034
1987-11-25,98.0,2.775
1987-11-26,96.0,2.7184
1987-11-27,97.0,2.7467
1987-11-28,98.0,2.775
1987-11-29,98.0,2.775
1987-11-30,98.0,2.775
1987-12-01,99.0,2.8034
1987-12-02,98.0,2.775
1987-12-03,97.0,2.7467
1987-12-04,97.0,2.7467
1987-12-05,97.0,2.7467
1987-12-06,97.0,2.7467
1987-12-07,97.0,2.7467
1987-12-08,96.0,2.7184
1987-12-09,95.0,2.6901
1987-12-10,95.0,2.6901
1987-12-11,95.0,2.6901
1987-12-12,95.0,2.6901
1987-12-13,96.0,2.7184
1987-12-14,106.0,3.0016
1987-12-15,119.0,3.3697
1987-12-16,112.0,3.1715
1987-12-17,100.0,2.8317
1987-12-18,99.0,2.8034
1987-12-19,107.0,3.0299
1987-12-20,114.0,3.2281
1987-12-21,114.0,3.2281
1987-12-22,104.0,2.9449
1987-12-23,100.0,2.8317
1987-12-24,99.0,2.8034
1987-12-25,100.0,2.8317
1987-12-26,99.0,2.8034
1987-12-27,98.0,2.775
1987-12-28,97.0,2.7467
1987-12-29,96.0,2.7184
1987-12-30,96.0,2.7184
1987-12-31,96.0,2.7184
1988-01-01,97.0,2.7467
1988-01-02,96.0,2.7184
1988-01-03,96.0,2.7184
1988-01-04,98.0,2.775
1988-01-05,99.0,2.8034
1988-01-06,100.0,2.8317
1988-01-07,100.0,2.8317
1988-01-08,102.0,2.8883
1988-01-09,100.0,2.8317
1988-01-10,100.0,2.8317
1988-01-11,100.0,2.8317
1988-01-12,101.0,2.86
1988-01-13,100.0,2.8317
1988-01-14,99.0,2.8034
1988-01-15,97.0,2.7467
1988-01-16,96.0,2.7184
1988-01-17,104.0,2.9449
1988-01-18,101.0,2.86
1988-01-19,99.0,2.8034
1988-01-20,103.0,2.9166
1988-01-21,98.0,2.775
1988-01-22,96.0,2.7184
1988-01-23,98.0,2.775
1988-01-24,98.0,2.775
1988-01-25,98.0,2.775
1988-01-26,98.0,2.775
1988-01-27,98.0,2.775
1988-01-28,98.0,2.775
1988-01-29,98.0,2.775
1988-01-30,99.0,2.8034
1988-01-31,101.0,2.86
1988-02-01,101.0,2.86
1988-02-02,101.0,2.86
1988-02-03,101.0,2.86
1988-02-04,99.0,2.8034
1988-02-05,101.0,2.86
1988-02-06,104.0,2.9449
1988-02-07,108.0,3.0582
1988-02-08,103.0,2.9166
1988-02-09,102.0,2.8883
1988-02-10,102.0,2.8883
1988-02-11,100.0,2.8317
1988-02-12,99.0,2.8034
1988-02-13,98.0,2.775
1988-02-14,99.0,2.8034
1988-02-15,98.0,2.775
1988-02-16,95.0,2.6901
1988-02-17,95.0,2.6901
1988-02-18,99.0,2.8034
1988-02-19,99.0,2.8034
1988-02-20,99.0,2.8034
1988-02-21,99.0,2.8034
1988-02-22,99.0,2.8034
1988-02-23,97.0,2.7467
1988-02-24,91.0,2.5768
1988-02-25,104.0,2.9449
1988-02-26,96.0,2.7184
1988-02-27,96.0,2.7184
1988-02-28,102.0,2.8883
1988-02-29,99.0,2.8034
1988-03-01,87.0,2.4636
1988-03-02,78.0,2.2087
1988-03-03,71.0,2.0105
1988-03-04,73.0,2.0671
1988-03-05,66.0,1.8689
1988-03-06,63.0,1.784
1988-03-07,66.0,1.8689
1988-03-08,68.0,1.9255
1988-03-09,66.0,1.8689
1988-03-10,62.0,1.7556
1988-03-11,61.0,1.7273
1988-03-12,60.0,1.699
1988-03-13,57.0,1.6141
1988-03-14,56.0,1.5857
1988-03-15,59.0,1.6707
1988-03-16,65.0,1.8406
1988-03-17,71.0,2.0105
1988-03-18,77.0,2.1804
1988-03-19,76.0,2.1521
1988-03-20,70.0,1.9822
1988-03-21,70.0,1.9822
1988-03-22,69.0,1.9539
1988-03-23,76.0,2.1521
1988-03-24,73.0,2.0671
1988-03-25,84.0,2.3786
1988-03-26,82.0,2.322
1988-03-27,77.0,2.1804
1988-03-28,80.0,2.2653
1988-03-29,61.0,1.7273
1988-03-30,65.0,1.8406
1988-03-31,62.0,1.7556
1988-04-01,60.0,1.699
1988-04-02,69.0,1.9539
1988-04-03,83.0,2.3503
1988-04-04,83.0,2.3503
1988-04-05,80.0,2.2653
1988-04-06,75.0,2.1238
1988-04-07,71.0,2.0105
1988-04-08,64.0,1.8123
1988-04-09,67.0,1.8972
1988-04-10,67.0,1.8972
1988-04-11,64.0,1.8123
1988-04-12,61.0,1.7273
1988-04-13,61.0,1.7273
1988-04-14,67.0,1.8972
1988-04-15,65.0,1.8406
1988-04-16,61.0,1.7273
1988-04-17,68.0,1.9255
1988-04-18,78.0,2.2087
1988-04-19,78.0,2.2087
1988-04-20,73.0,2.0671
1988-04-21,82.0,2.322
1988-04-22,81.0,2.2937
1988-04-23,71.0,2.0105
1988-04-24,66.0,1.8689
1988-04-25,63.0,1.784
1988-04-26,68.0,1.9255
1988-04-27,64.0,1.8123
1988-04-28,65.0,1.8406
1988-04-29,70.0,1.9822
1988-04-30,72.0,2.0388
1988-05-01,71.0,2.0105
1988-05-02,60.0,1.699
1988-05-03,56.0,1.5857
1988-05-04,59.0,1.6707
1988-05-05,65.0,1.8406
1988-05-06,66.0,1.8689
1988-05-07,73.0,2.0671
1988-05-08,80.0,2.2653
1988-05-09,67.0,1.8972
1988-05-10,74.0,2.0954
1988-05-11,72.0,2.0388
1988-05-12,64.0,1.8123
1988-05-13,67.0,1.8972
1988-05-14,66.0,1.8689
1988-05-15,63.0,1.784
1988-05-16,53.0,1.5008
1988-05-17,45.0,1.2743
1988-05-18,45.0,1.2743
1988-05-19,46.0,1.3026
1988-05-20,62.0,1.7556
1988-05-21,81.0,2.2937
1988-05-22,72.0,2.0388
1988-05-23,64.0,1.8123
1988-05-24,61.0,1.7273
1988-05-25,79.0,2.237
1988-05-26,70.0,1.9822
1988-05-27,69.0,1.9539
1988-05-28,65.0,1.8406
1988-05-29,59.0,1.6707
1988-05-30,60.0,1.699
1988-05-31,59.0,1.6707
1988-06-01,53.0,1.5008
1988-06-02,48.0,1.3592
1988-06-03,45.0,1.2743
1988-06-04,45.0,1.2743
1988-06-05,47.0,1.3309
1988-06-06,44.0,1.2459
1988-06-07,44.0,1.2459
1988-06-08,43.0,1.2176
1988-06-09,41.0,1.161
1988-06-10,42.0,1.1893
1988-06-11,43.0,1.2176
1988-06-12,53.0,1.5008
1988-06-13,51.0,1.4442
1988-06-14,59.0,1.6707
1988-06-15,51.0,1.4442
1988-06-16,42.0,1.1893
1988-06-17,44.0,1.2459
1988-06-18,43.0,1.2176
1988-06-19,42.0,1.1893
1988-06-20,43.0,1.2176
1988-06-21,38.0,1.076
1988-06-22,44.0,1.2459
1988-06-23,46.0,1.3026
1988-06-24,42.0,1.1893
1988-06-25,46.0,1.3026
1988-06-26,50.0,1.4158
1988-06-27,102.0,2.8883
1988-06-28,142.0,4.021
1988-06-29,97.0,2.7467
1988-06-30,81.0,2.2937
1988-07-01,67.0,1.8972
1988-07-02,72.0,2.0388
1988-07-03,70.0,1.9822
1988-07-04,66.0,1.8689
1988-07-05,68.0,1.9255
1988-07-06,74.0,2.0954
1988-07-07,65.0,1.8406
1988-07-08,82.0,2.322
1988-07-09,81.0,2.2937
1988-07-10,97.0,2.7467
1988-07-11,111.0,3.1432
1988-07-12,115.0,3.2564
1988-07-13,94.0,2.6618
1988-07-14,86.0,2.4352
1988-07-15,101.0,2.86
1988-07-16,94.0,2.6618
1988-07-17,121.0,3.4263
1988-07-18,126.0,3.5679
1988-07-19,94.0,2.6618
1988-07-20,78.0,2.2087
1988-07-21,249.0,7.0509
1988-07-22,187.0,5.2952
1988-07-23,97.0,2.7467
1988-07-24,70.0,1.9822
1988-07-25,67.0,1.8972
1988-07-26,57.0,1.6141
1988-07-27,53.0,1.5008
1988-07-28,50.0,1.4158
1988-07-29,49.0,1.3875
1988-07-30,61.0,1.7273
1988-07-31,58.0,1.6424
1988-08-01,53.0,1.5008
1988-08-02,51.0,1.4442
1988-08-03,49.0,1.3875
1988-08-04,50.0,1.4158
1988-08-05,65.0,1.8406
1988-08-06,105.0,2.9733
1988-08-07,79.0,2.237
1988-08-08,65.0,1.8406
1988-08-09,63.0,1.784
1988-08-10,61.0,1.7273
1988-08-11,60.0,1.699
1988-08-12,132.0,3.7378
1988-08-13,112.0,3.1715
1988-08-14,68.0,1.9255
1988-08-15,63.0,1.784
1988-08-16,72.0,2.0388
1988-08-17,74.0,2.0954
1988-08-18,70.0,1.9822
1988-08-19,66.0,1.8689
1988-08-20,61.0,1.7273
1988-08-21,61.0,1.7273
1988-08-22,57.0,1.6141
1988-08-23,50.0,1.4158
1988-08-24,57.0,1.6141
1988-08-25,69.0,1.9539
1988-08-26,67.0,1.8972
1988-08-27,59.0,1.6707
1988-08-28,66.0,1.8689
1988-08-29,66.0,1.8689
1988-08-30,98.0,2.775
1988-08-31,103.0,2.9166
1988-09-01,92.0,2.6051
1988-09-02,87.0,2.4636
1988-09-03,132.0,3.7378
1988-09-04,85.0,2.4069
1988-09-05,86.0,2.4352
1988-09-06,72.0,2.0388
1988-09-07,65.0,1.8406
1988-09-08,62.0,1.7556
1988-09-09,58.0,1.6424
1988-09-10,60.0,1.699
1988-09-11,56.0,1.5857
1988-09-12,58.0,1.6424
1988-09-13,58.0,1.6424
1988-09-14,55.0,1.5574
1988-09-15,64.0,1.8123
1988-09-16,72.0,2.0388
1988-09-17,71.0,2.0105
1988-09-18,69.0,1.9539
1988-09-19,60.0,1.699
1988-09-20,54.0,1.5291
1988-09-21,69.0,1.9539
1988-09-22,229.0,6.4845
1988-09-23,308.0,8.7216
1988-09-24,271.0,7.6739
1988-09-25,170.0,4.8139
1988-09-26,113.0,3.1998
1988-09-27,97.0,2.7467
1988-09-28,94.0,2.6618
1988-09-29,89.0,2.5202
1988-09-30,86.0,2.4352
1988-10-01,86.0,2.4352
1988-10-02,88.0,2.4919
1988-10-03,98.0,2.775
1988-10-04,99.0,2.8034
1988-10-05,112.0,3.1715
1988-10-06,95.0,2.6901
1988-10-07,82.0,2.322
1988-10-08,70.0,1.9822
1988-10-09,66.0,1.8689
1988-10-10,74.0,2.0954
1988-10-11,69.0,1.9539
1988-10-12,66.0,1.8689
1988-10-13,67.0,1.8972
1988-10-14,74.0,2.0954
1988-10-15,82.0,2.322
1988-10-16,75.0,2.1238
1988-10-17,79.0,2.237
1988-10-18,76.0,2.1521
1988-10-19,75.0,2.1238
1988-10-20,72.0,2.0388
1988-10-21,71.0,2.0105
1988-10-22,71.0,2.0105
1988-10-23,70.0,1.9822
1988-10-24,69.0,1.9539
1988-10-25,66.0,1.8689
1988-10-26,69.0,1.9539
1988-10-27,73.0,2.0671
1988-10-28,81.0,2.2937
1988-10-29,74.0,2.0954
1988-10-30,154.0,4.3608
1988-10-31,182.0,5.1537
1988-11-01,132.0,3.7378
1988-11-02,117.0,3.3131
1988-11-03,122.0,3.4546
1988-11-04,121.0,3.4263
1988-11-05,116.0,3.2847
1988-11-06,113.0,3.1998
1988-11-07,113.0,3.1998
1988-11-08,113.0,3.1998
1988-11-09,113.0,3.1998
1988-11-10,113.0,3.1998
1988-11-11,110.0,3.1148
1988-11-12,109.0,3.0865
1988-11-13,111.0,3.1432
1988-11-14,110.0,3.1148
1988-11-15,111.0,3.1432
1988-11-16,110.0,3.1148
1988-11-17,107.0,3.0299
1988-11-18,98.0,2.775
1988-11-19,79.0,2.237
1988-11-20,65.0,1.8406
1988-11-21,60.0,1.699
1988-11-22,60.0,1.699
1988-11-23,60.0,1.699
1988-11-24,58.0,1.6424
1988-11-25,57.0,1.6141
1988-11-26,63.0,1.784
1988-11-27,75.0,2.1238
1988-11-28,79.0,2.237
1988-11-29,77.0,2.1804
1988-11-30,78.0,2.2087
1988-12-01,83.0,2.3503
1988-12-02,84.0,2.3786
1988-12-03,83.0,2.3503
1988-12-04,83.0,2.3503
1988-12-05,86.0,2.4352
1988-12-06,90.0,2.5485
1988-12-07,91.0,2.5768
1988-12-08,96.0,2.7184
1988-12-09,99.0,2.8034
1988-12-10,101.0,2.86
1988-12-11,96.0,2.7184
1988-12-12,95.0,2.6901
1988-12-13,95.0,2.6901
1988-12-14,94.0,2.6618
1988-12-15,93.0,2.6335
1988-12-16,92.0,2.6051
1988-12-17,91.0,2.5768
1988-12-18,90.0,2.5485
1988-12-19,89.0,2.5202
1988-12-20,89.0,2.5202
1988-12-21,91.0,2.5768
1988-12-22,90.0,2.5485
1988-12-23,89.0,2.5202
1988-12-24,89.0,2.5202
1988-12-25,91.0,2.5768
1988-12-26,85.0,2.4069
1988-12-27,87.0,2.4636
1988-12-28,88.0,2.4919
1988-12-29,87.0,2.4636
1988-12-30,86.0,2.4352
1988-12-31,88.0,2.4919
1989-01-01,89.0,2.5202
1989-01-02,89.0,2.5202
1989-01-03,89.0,2.5202
1989-01-04,87.0,2.4636
1989-01-05,79.0,2.237
1989-01-06,73.0,2.0671
1989-01-07,73.0,2.0671
1989-01-08,69.0,1.9539
1989-01-09,70.0,1.9822
1989-01-10,68.0,1.9255
1989-01-11,69.0,1.9539
1989-01-12,70.0,1.9822
1989-01-13,70.0,1.9822
1989-01-14,70.0,1.9822
1989-01-15,69.0,1.9539
1989-01-16,70.0,1.9822
1989-01-17,70.0,1.9822
1989-01-18,70.0,1.9822
1989-01-19,69.0,1.9539
1989-01-20,70.0,1.9822
1989-01-21,69.0,1.9539
1989-01-22,69.0,1.9539
1989-01-23,68.0,1.9255
1989-01-24,69.0,1.9539
1989-01-25,69.0,1.9539
1989-01-26,75.0,2.1238
1989-01-27,82.0,2.322
1989-01-28,77.0,2.1804
1989-01-29,75.0,2.1238
1989-01-30,69.0,1.9539
1989-01-31,69.0,1.9539
1989-02-01,67.0,1.8972
1989-02-02,75.0,2.1238
1989-02-03,80.0,2.2653
1989-02-04,79.0,2.237
1989-02-05,76.0,2.1521
1989-02-06,76.0,2.1521
1989-02-07,78.0,2.2087
1989-02-08,60.0,1.699
1989-02-09,74.0,2.0954
1989-02-10,80.0,2.2653
1989-02-11,79.0,2.237
1989-02-12,76.0,2.1521
1989-02-13,78.0,2.2087
1989-02-14,82.0,2.322
1989-02-15,92.0,2.6051
1989-02-16,95.0,2.6901
1989-02-17,88.0,2.4919
1989-02-18,97.0,2.7467
1989-02-19,100.0,2.8317
1989-02-20,89.0,2.5202
1989-02-21,90.0,2.5485
1989-02-22,98.0,2.775
1989-02-23,89.0,2.5202
1989-02-24,83.0,2.3503
1989-02-25,85.0,2.4069
1989-02-26,82.0,2.322
1989-02-27,78.0,2.2087
1989-02-28,79.0,2.237
1989-03-01,77.0,2.1804
1989-03-02,69.0,1.9539
1989-03-03,64.0,1.8123
1989-03-04,62.0,1.7556
1989-03-05,64.0,1.8123
1989-03-06,65.0,1.8406
1989-03-07,69.0,1.9539
1989-03-08,67.0,1.8972
1989-03-09,61.0,1.7273
1989-03-10,57.0,1.6141
1989-03-11,57.0,1.6141
1989-03-12,55.0,1.5574
1989-03-13,55.0,1.5574
1989-03-14,54.0,1.5291
1989-03-15,52.0,1.4725
1989-03-16,54.0,1.5291
1989-03-17,50.0,1.4158
1989-03-18,45.0,1.2743
1989-03-19,43.0,1.2176
1989-03-20,44.0,1.2459
1989-03-21,45.0,1.2743
1989-03-22,57.0,1.6141
1989-03-23,70.0,1.9822
1989-03-24,72.0,2.0388
1989-03-25,66.0,1.8689
1989-03-26,58.0,1.6424
1989-03-27,58.0,1.6424
1989-03-28,58.0,1.6424
1989-03-29,54.0,1.5291
1989-03-30,53.0,1.5008
1989-03-31,49.0,1.3875
1989-04-01,53.0,1.5008
1989-04-02,51.0,1.4442
1989-04-03,49.0,1.3875
1989-04-04,51.0,1.4442
1989-04-05,43.0,1.2176
1989-04-06,40.0,1.1327
1989-04-07,40.0,1.1327
1989-04-08,37.0,1.0477
1989-04-09,34.0,0.9628
1989-04-10,38.0,1.076
1989-04-11,44.0,1.2459
1989-04-12,46.0,1.3026
1989-04-13,42.0,1.1893
1989-04-14,45.0,1.2743
1989-04-15,46.0,1.3026
1989-04-16,46.0,1.3026
1989-04-17,46.0,1.3026
1989-04-18,44.0,1.2459
1989-04-19,44.0,1.2459
1989-04-20,38.0,1.076
1989-04-21,38.0,1.076
1989-04-22,41.0,1.161
1989-04-23,38.0,1.076
1989-04-24,40.0,1.1327
1989-04-25,42.0,1.1893
1989-04-26,42.0,1.1893
1989-04-27,47.0,1.3309
1989-04-28,44.0,1.2459
1989-04-29,39.0,1.1044
1989-04-30,34.0,0.9628
1989-05-01,33.0,0.9345
1989-05-02,33.0,0.9345
1989-05-03,33.0,0.9345
1989-05-04,35.0,0.9911
1989-05-05,38.0,1.076
1989-05-06,39.0,1.1044
1989-05-07,38.0,1.076
1989-05-08,36.0,1.0194
1989-05-09,36.0,1.0194
1989-05-10,34.0,0.9628
1989-05-11,31.0,0.8778
1989-05-12,33.0,0.9345
1989-05-13,37.0,1.0477
1989-05-14,37.0,1.0477
1989-05-15,32.0,0.9061
1989-05-16,28.0,0.7929
1989-05-17,26.0,0.7362
1989-05-18,29.0,0.8212
1989-05-19,30.0,0.8495
1989-05-20,28.0,0.7929
1989-05-21,30.0,0.8495
1989-05-22,31.0,0.8778
1989-05-23,32.0,0.9061
1989-05-24,34.0,0.9628
1989-05-25,32.0,0.9061
1989-05-26,30.0,0.8495
1989-05-27,28.0,0.7929
1989-05-28,27.0,0.7646
1989-05-29,28.0,0.7929
1989-05-30,28.0,0.7929
1989-05-31,27.0,0.7646
1989-06-01,27.0,0.7646
1989-06-02,28.0,0.7929
1989-06-03,27.0,0.7646
1989-06-04,24.0,0.6796
1989-06-05,25.0,0.7079
1989-06-06,27.0,0.7646
1989-06-07,26.0,0.7362
1989-06-08,24.0,0.6796
1989-06-09,25.0,0.7079
1989-06-10,27.0,0.7646
1989-06-11,28.0,0.7929
1989-06-12,32.0,0.9061
1989-06-13,37.0,1.0477
1989-06-14,33.0,0.9345
1989-06-15,34.0,0.9628
1989-06-16,37.0,1.0477
1989-06-17,37.0,1.0477
1989-06-18,33.0,0.9345
1989-06-19,28.0,0.7929
1989-06-20,25.0,0.7079
1989-06-21,22.0,0.623
1989-06-22,20.0,0.5663
1989-06-23,22.0,0.623
1989-06-24,22.0,0.623
1989-06-25,26.0,0.7362
1989-06-26,25.0,0.7079
1989-06-27,24.0,0.6796
1989-06-28,22.0,0.623
1989-06-29,21.0,0.5947
1989-06-30,27.0,0.7646
1989-07-01,28.0,0.7929
1989-07-02,31.0,0.8778
1989-07-03,37.0,1.0477
1989-07-04,33.0,0.9345
1989-07-05,27.0,0.7646
1989-07-06,25.0,0.7079
1989-07-07,24.0,0.6796
1989-07-08,23.0,0.6513
1989-07-09,23.0,0.6513
1989-07-10,23.0,0.6513
1989-07-11,22.0,0.623
1989-07-12,27.0,0.7646
1989-07-13,26.0,0.7362
1989-07-14,25.0,0.7079
1989-07-15,25.0,0.7079
1989-07-16,26.0,0.7362
1989-07-17,30.0,0.8495
1989-07-18,32.0,0.9061
1989-07-19,31.0,0.8778
1989-07-20,28.0,0.7929
1989-07-21,28.0,0.7929
1989-07-22,29.0,0.8212
1989-07-23,28.0,0.7929
1989-07-24,27.0,0.7646
1989-07-25,27.0,0.7646
1989-07-26,26.0,0.7362
1989-07-27,26.0,0.7362
1989-07-28,26.0,0.7362
1989-07-29,26.0,0.7362
1989-07-30,28.0,0.7929
1989-07-31,31.0,0.8778
1989-08-01,32.0,0.9061
1989-08-02,33.0,0.9345
1989-08-03,32.0,0.9061
1989-08-04,30.0,0.8495
1989-08-05,31.0,0.8778
1989-08-06,29.0,0.8212
1989-08-07,28.0,0.7929
1989-08-08,27.0,0.7646
1989-08-09,27.0,0.7646
1989-08-10,26.0,0.7362
1989-08-11,26.0,0.7362
1989-08-12,25.0,0.7079
1989-08-13,29.0,0.8212
1989-08-14,31.0,0.8778
1989-08-15,32.0,0.9061
1989-08-16,41.0,1.161
1989-08-17,35.0,0.9911
1989-08-18,32.0,0.9061
1989-08-19,32.0,0.9061
1989-08-20,31.0,0.8778
1989-08-21,32.0,0.9061
1989-08-22,47.0,1.3309
1989-08-23,37.0,1.0477
1989-08-24,39.0,1.1044
1989-08-25,43.0,1.2176
1989-08-26,43.0,1.2176
1989-08-27,37.0,1.0477
1989-08-28,41.0,1.161
1989-08-29,46.0,1.3026
1989-08-30,62.0,1.7556
1989-08-31,53.0,1.5008
1989-09-01,44.0,1.2459
1989-09-02,47.0,1.3309
1989-09-03,41.0,1.161
1989-09-04,41.0,1.161
1989-09-05,39.0,1.1044
1989-09-06,37.0,1.0477
1989-09-07,36.0,1.0194
1989-09-08,36.0,1.0194
1989-09-09,38.0,1.076
1989-09-10,36.0,1.0194
1989-09-11,32.0,0.9061
1989-09-12,29.0,0.8212
1989-09-13,31.0,0.8778
1989-09-14,29.0,0.8212
1989-09-15,28.0,0.7929
1989-09-16,37.0,1.0477
1989-09-17,45.0,1.2743
1989-09-18,43.0,1.2176
1989-09-19,41.0,1.161
1989-09-20,40.0,1.1327
1989-09-21,39.0,1.1044
1989-09-22,38.0,1.076
1989-09-23,38.0,1.076
1989-09-24,38.0,1.076
1989-09-25,41.0,1.161
1989-09-26,39.0,1.1044
1989-09-27,37.0,1.0477
1989-09-28,37.0,1.0477
1989-09-29,36.0,1.0194
1989-09-30,34.0,0.9628
1989-10-01,34.0,0.9628
1989-10-02,34.0,0.9628
1989-10-03,35.0,0.9911
1989-10-04,35.0,0.9911
1989-10-05,37.0,1.0477
1989-10-06,36.0,1.0194
1989-10-07,38.0,1.076
1989-10-08,39.0,1.1044
1989-10-09,45.0,1.2743
1989-10-10,41.0,1.161
1989-10-11,38.0,1.076
1989-10-12,37.0,1.0477
1989-10-13,38.0,1.076
1989-10-14,37.0,1.0477
1989-10-15,39.0,1.1044
1989-10-16,38.0,1.076
1989-10-17,38.0,1.076
1989-10-18,39.0,1.1044
1989-10-19,37.0,1.0477
1989-10-20,34.0,0.9628
1989-10-21,32.0,0.9061
1989-10-22,34.0,0.9628
1989-10-23,37.0,1.0477
1989-10-24,40.0,1.1327
1989-10-25,41.0,1.161
1989-10-26,44.0,1.2459
1989-10-27,44.0,1.2459
1989-10-28,50.0,1.4158
1989-10-29,55.0,1.5574
1989-10-30,55.0,1.5574
1989-10-31,56.0,1.5857
1989-11-01,56.0,1.5857
1989-11-02,54.0,1.5291
1989-11-03,56.0,1.5857
1989-11-04,57.0,1.6141
1989-11-05,56.0,1.5857
1989-11-06,57.0,1.6141
1989-11-07,57.0,1.6141
1989-11-08,60.0,1.699
1989-11-09,65.0,1.8406
1989-11-10,65.0,1.8406
1989-11-11,65.0,1.8406
1989-11-12,66.0,1.8689
1989-11-13,63.0,1.784
1989-11-14,62.0,1.7556
1989-11-15,63.0,1.784
1989-11-16,65.0,1.8406
1989-11-17,65.0,1.8406
1989-11-18,66.0,1.8689
1989-11-19,67.0,1.8972
1989-11-20,68.0,1.9255
1989-11-21,68.0,1.9255
1989-11-22,68.0,1.9255
1989-11-23,61.0,1.7273
1989-11-24,60.0,1.699
1989-11-25,62.0,1.7556
1989-11-26,59.0,1.6707
1989-11-27,58.0,1.6424
1989-11-28,61.0,1.7273
1989-11-29,62.0,1.7556
1989-11-30,61.0,1.7273
1989-12-01,61.0,1.7273
1989-12-02,61.0,1.7273
1989-12-03,66.0,1.8689
1989-12-04,66.0,1.8689
1989-12-05,68.0,1.9255
1989-12-06,69.0,1.9539
1989-12-07,70.0,1.9822
1989-12-08,70.0,1.9822
1989-12-09,70.0,1.9822
1989-12-10,70.0,1.9822
1989-12-11,69.0,1.9539
1989-12-12,69.0,1.9539
1989-12-13,67.0,1.8972
1989-12-14,66.0,1.8689
1989-12-15,66.0,1.8689
1989-12-16,67.0,1.8972
1989-12-17,67.0,1.8972
1989-12-18,67.0,1.8972
1989-12-19,67.0,1.8972
1989-12-20,68.0,1.9255
1989-12-21,67.0,1.8972
1989-12-22,66.0,1.8689
1989-12-23,64.0,1.8123
1989-12-24,66.0,1.8689
1989-12-25,66.0,1.8689
1989-12-26,67.0,1.8972
1989-12-27,68.0,1.9255
1989-12-28,66.0,1.8689
1989-12-29,68.0,1.9255
1989-12-30,72.0,2.0388
1989-12-31,70.0,1.9822
1990-01-01,69.0,1.9539
1990-01-02,70.0,1.9822
1990-01-03,65.0,1.8406
1990-01-04,59.0,1.6707
1990-01-05,59.0,1.6707
1990-01-06,58.0,1.6424
1990-01-07,56.0,1.5857
1990-01-08,57.0,1.6141
1990-01-09,56.0,1.5857
1990-01-10,56.0,1.5857
1990-01-11,56.0,1.5857
1990-01-12,55.0,1.5574
1990-01-13,54.0,1.5291
1990-01-14,54.0,1.5291
1990-01-15,50.0,1.4158
1990-01-16,51.0,1.4442
1990-01-17,53.0,1.5008
1990-01-18,55.0,1.5574
1990-01-19,55.0,1.5574
1990-01-20,59.0,1.6707
1990-01-21,61.0,1.7273
1990-01-22,58.0,1.6424
1990-01-23,55.0,1.5574
1990-01-24,55.0,1.5574
1990-01-25,53.0,1.5008
1990-01-26,53.0,1.5008
1990-01-27,52.0,1.4725
1990-01-28,49.0,1.3875
1990-01-29,50.0,1.4158
1990-01-30,51.0,1.4442
1990-01-31,51.0,1.4442
1990-02-01,51.0,1.4442
1990-02-02,51.0,1.4442
1990-02-03,52.0,1.4725
1990-02-04,52.0,1.4725
1990-02-05,51.0,1.4442
1990-02-06,50.0,1.4158
1990-02-07,48.0,1.3592
1990-02-08,50.0,1.4158
1990-02-09,52.0,1.4725
1990-02-10,55.0,1.5574
1990-02-11,56.0,1.5857
1990-02-12,54.0,1.5291
1990-02-13,52.0,1.4725
1990-02-14,51.0,1.4442
1990-02-15,51.0,1.4442
1990-02-16,50.0,1.4158
1990-02-17,51.0,1.4442
1990-02-18,48.0,1.3592
1990-02-19,44.0,1.2459
1990-02-20,45.0,1.2743
1990-02-21,48.0,1.3592
1990-02-22,51.0,1.4442
1990-02-23,57.0,1.6141
1990-02-24,60.0,1.699
1990-02-25,58.0,1.6424
1990-02-26,58.0,1.6424
1990-02-27,55.0,1.5574
1990-02-28,50.0,1.4158
1990-03-01,49.0,1.3875
1990-03-02,49.0,1.3875
1990-03-03,46.0,1.3026
1990-03-04,37.0,1.0477
1990-03-05,33.0,0.9345
1990-03-06,32.0,0.9061
1990-03-07,33.0,0.9345
1990-03-08,34.0,0.9628
1990-03-09,36.0,1.0194
1990-03-10,35.0,0.9911
1990-03-11,35.0,0.9911
1990-03-12,35.0,0.9911
1990-03-13,35.0,0.9911
1990-03-14,34.0,0.9628
1990-03-15,32.0,0.9061
1990-03-16,32.0,0.9061
1990-03-17,32.0,0.9061
1990-03-18,32.0,0.9061
1990-03-19,34.0,0.9628
1990-03-20,39.0,1.1044
1990-03-21,43.0,1.2176
1990-03-22,45.0,1.2743
1990-03-23,45.0,1.2743
1990-03-24,43.0,1.2176
1990-03-25,41.0,1.161
1990-03-26,43.0,1.2176
1990-03-27,44.0,1.2459
1990-03-28,46.0,1.3026
1990-03-29,47.0,1.3309
1990-03-30,48.0,1.3592
1990-03-31,48.0,1.3592
1990-04-01,44.0,1.2459
1990-04-02,41.0,1.161
1990-04-03,42.0,1.1893
1990-04-04,44.0,1.2459
1990-04-05,45.0,1.2743
1990-04-06,35.0,0.9911
1990-04-07,28.0,0.7929
1990-04-08,25.0,0.7079
1990-04-09,24.0,0.6796
1990-04-10,23.0,0.6513
1990-04-11,22.0,0.623
1990-04-12,21.0,0.5947
1990-04-13,20.0,0.5663
1990-04-14,20.0,0.5663
1990-04-15,19.0,0.538
1990-04-16,19.0,0.538
1990-04-17,18.0,0.5097
1990-04-18,26.0,0.7362
1990-04-19,29.0,0.8212
1990-04-20,27.0,0.7646
1990-04-21,25.0,0.7079
1990-04-22,26.0,0.7362
1990-04-23,26.0,0.7362
1990-04-24,22.0,0.623
1990-04-25,20.0,0.5663
1990-04-26,25.0,0.7079
1990-04-27,27.0,0.7646
1990-04-28,23.0,0.6513
1990-04-29,22.0,0.623
1990-04-30,21.0,0.5947
1990-05-01,21.0,0.5947
1990-05-02,21.0,0.5947
1990-05-03,20.0,0.5663
1990-05-04,19.0,0.538
1990-05-05,20.0,0.5663
1990-05-06,22.0,0.623
1990-05-07,22.0,0.623
1990-05-08,21.0,0.5947
1990-05-09,22.0,0.623
1990-05-10,21.0,0.5947
1990-05-11,21.0,0.5947
1990-05-12,19.0,0.538
1990-05-13,17.0,0.4814
1990-05-14,14.0,0.3964
1990-05-15,13.0,0.3681
1990-05-16,12.0,0.3398
1990-05-17,12.0,0.3398
1990-05-18,12.0,0.3398
1990-05-19,11.0,0.3115
1990-05-20,11.0,0.3115
1990-05-21,11.0,0.3115
1990-05-22,11.0,0.3115
1990-05-23,11.0,0.3115
1990-05-24,11.0,0.3115
1990-05-25,11.0,0.3115
1990-05-26,10.0,0.2832
1990-05-27,9.3,0.2633
1990-05-28,8.2,0.2322
1990-05-29,7.3,0.2067
1990-05-30,6.7,0.1897
1990-05-31,6.3,0.1784
1990-06-01,6.0,0.1699
1990-06-02,5.7,0.1614
1990-06-03,5.7,0.1614
1990-06-04,5.7,0.1614
1990-06-05,5.6,0.1586
1990-06-06,5.6,0.1586
1990-06-07,5.6,0.1586
1990-06-08,5.6,0.1586
1990-06-09,5.6,0.1586
1990-06-10,5.6,0.1586
1990-06-11,5.6,0.1586
1990-06-12,5.6,0.1586
1990-06-13,5.3,0.1501
1990-06-14,5.3,0.1501
1990-06-15,5.1,0.1444
1990-06-16,5.1,0.1444
1990-06-17,4.6,0.1303
1990-06-18,4.6,0.1303
1990-06-19,4.2,0.1189
1990-06-20,3.9,0.1104
1990-06-21,3.5,0.0991
1990-06-22,3.3,0.0934
1990-06-23,2.9,0.0821
1990-06-24,2.6,0.0736
1990-06-25,2.5,0.0708
1990-06-26,2.1,0.0595
1990-06-27,1.7,0.0481
1990-06-28,1.5,0.0425
1990-06-29,1.4,0.0396
1990-06-30,1.5,0.0425
1990-07-01,1.7,0.0481
1990-07-02,1.8,0.051
1990-07-03,2.0,0.0566
1990-07-04,2.2,0.0623
1990-07-05,2.4,0.068
1990-07-06,2.6,0.0736
1990-07-07,2.7,0.0765
1990-07-08,2.9,0.0821
1990-07-09,2.9,0.0821
1990-07-10,2.9,0.0821
1990-07-11,2.8,0.0793
1990-07-12,45.0,1.2743
1990-07-13,14.0,0.3964
1990-07-14,13.0,0.3681
1990-07-15,17.0,0.4814
1990-07-16,14.0,0.3964
1990-07-17,13.0,0.3681
1990-07-18,12.0,0.3398
1990-07-19,11.0,0.3115
1990-07-20,10.0,0.2832
1990-07-21,26.0,0.7362
1990-07-22,89.0,2.5202
1990-07-23,12.0,0.3398
1990-07-24,13.0,0.3681
1990-07-25,13.0,0.3681
1990-07-26,12.0,0.3398
1990-07-27,13.0,0.3681
1990-07-28,14.0,0.3964
1990-07-29,43.0,1.2176
1990-07-30,130.0,3.6812
1990-07-31,31.0,0.8778
1990-08-01,40.0,1.1327
1990-08-02,49.0,1.3875
1990-08-03,42.0,1.1893
1990-08-04,44.0,1.2459
1990-08-05,53.0,1.5008
1990-08-06,65.0,1.8406
1990-08-07,67.0,1.8972
1990-08-08,55.0,1.5574
1990-08-09,51.0,1.4442
1990-08-10,47.0,1.3309
1990-08-11,42.0,1.1893
1990-08-12,40.0,1.1327
1990-08-13,39.0,1.1044
1990-08-14,39.0,1.1044
1990-08-15,38.0,1.076
1990-08-16,38.0,1.076
1990-08-17,50.0,1.4158
1990-08-18,49.0,1.3875
1990-08-19,39.0,1.1044
1990-08-20,33.0,0.9345
1990-08-21,32.0,0.9061
1990-08-22,31.0,0.8778
1990-08-23,30.0,0.8495
1990-08-24,28.0,0.7929
1990-08-25,27.0,0.7646
1990-08-26,24.0,0.6796
1990-08-27,21.0,0.5947
1990-08-28,20.0,0.5663
1990-08-29,19.0,0.538
1990-08-30,20.0,0.5663
1990-08-31,21.0,0.5947
1990-09-01,16.0,0.4531
1990-09-02,9.4,0.2662
1990-09-03,8.7,0.2464
1990-09-04,11.0,0.3115
1990-09-05,11.0,0.3115
1990-09-06,12.0,0.3398
1990-09-07,13.0,0.3681
1990-09-08,13.0,0.3681
1990-09-09,15.0,0.4248
1990-09-10,18.0,0.5097
1990-09-11,23.0,0.6513
1990-09-12,27.0,0.7646
1990-09-13,31.0,0.8778
1990-09-14,31.0,0.8778
1990-09-15,30.0,0.8495
1990-09-16,33.0,0.9345
1990-09-17,546.0,15.461
1990-09-18,327.0,9.2596
1990-09-19,95.0,2.6901
1990-09-20,53.0,1.5008
1990-09-21,54.0,1.5291
1990-09-22,53.0,1.5008
1990-09-23,43.0,1.2176
1990-09-24,45.0,1.2743
1990-09-25,44.0,1.2459
1990-09-26,41.0,1.161
1990-09-27,37.0,1.0477
1990-09-28,36.0,1.0194
1990-09-29,39.0,1.1044
1990-09-30,155.0,4.3891
1990-10-01,90.0,2.5485
1990-10-02,164.0,4.644
1990-10-03,149.0,4.2192
1990-10-04,139.0,3.936
1990-10-05,109.0,3.0865
1990-10-06,83.0,2.3503
1990-10-07,73.0,2.0671
1990-10-08,70.0,1.9822
1990-10-09,68.0,1.9255
1990-10-10,66.0,1.8689
1990-10-11,60.0,1.699
1990-10-12,57.0,1.6141
1990-10-13,54.0,1.5291
1990-10-14,62.0,1.7556
1990-10-15,65.0,1.8406
1990-10-16,69.0,1.9539
1990-10-17,67.0,1.8972
1990-10-18,59.0,1.6707
1990-10-19,56.0,1.5857
1990-10-20,56.0,1.5857
1990-10-21,54.0,1.5291
1990-10-22,55.0,1.5574
1990-10-23,55.0,1.5574
1990-10-24,55.0,1.5574
1990-10-25,56.0,1.5857
1990-10-26,59.0,1.6707
1990-10-27,57.0,1.6141
1990-10-28,53.0,1.5008
1990-10-29,53.0,1.5008
1990-10-30,56.0,1.5857
1990-10-31,54.0,1.5291
1990-11-01,82.0,2.322
1990-11-02,134.0,3.7945
1990-11-03,175.0,4.9554
1990-11-04,145.0,4.1059
1990-11-05,113.0,3.1998
1990-11-06,99.0,2.8034
1990-11-07,97.0,2.7467
1990-11-08,104.0,2.9449
1990-11-09,105.0,2.9733
1990-11-10,105.0,2.9733
1990-11-11,101.0,2.86
1990-11-12,98.0,2.775
1990-11-13,97.0,2.7467
1990-11-14,96.0,2.7184
1990-11-15,92.0,2.6051
1990-11-16,95.0,2.6901
1990-11-17,92.0,2.6051
1990-11-18,90.0,2.5485
1990-11-19,90.0,2.5485
1990-11-20,92.0,2.6051
1990-11-21,93.0,2.6335
1990-11-22,91.0,2.5768
1990-11-23,91.0,2.5768
1990-11-24,82.0,2.322
1990-11-25,79.0,2.237
1990-11-26,85.0,2.4069
1990-11-27,86.0,2.4352
1990-11-28,84.0,2.3786
1990-11-29,77.0,2.1804
1990-11-30,74.0,2.0954
1990-12-01,75.0,2.1238
1990-12-02,72.0,2.0388
1990-12-03,62.0,1.7556
1990-12-04,57.0,1.6141
1990-12-05,56.0,1.5857
1990-12-06,56.0,1.5857
1990-12-07,54.0,1.5291
1990-12-08,56.0,1.5857
1990-12-09,55.0,1.5574
1990-12-10,55.0,1.5574
1990-12-11,56.0,1.5857
1990-12-12,56.0,1.5857
1990-12-13,57.0,1.6141
1990-12-14,57.0,1.6141
1990-12-15,57.0,1.6141
1990-12-16,55.0,1.5574
1990-12-17,58.0,1.6424
1990-12-18,60.0,1.699
1990-12-19,63.0,1.784
1990-12-20,66.0,1.8689
1990-12-21,65.0,1.8406
1990-12-22,64.0,1.8123
1990-12-23,65.0,1.8406
1990-12-24,67.0,1.8972
1990-12-25,67.0,1.8972
1990-12-26,68.0,1.9255
1990-12-27,70.0,1.9822
1990-12-28,71.0,2.0105
1990-12-29,72.0,2.0388
1990-12-30,72.0,2.0388
1990-12-31,72.0,2.0388
1991-01-01,72.0,2.0388
1991-01-02,70.0,1.9822
1991-01-03,70.0,1.9822
1991-01-04,69.0,1.9539
1991-01-05,64.0,1.8123
1991-01-06,60.0,1.699
1991-01-07,60.0,1.699
1991-01-08,64.0,1.8123
1991-01-09,73.0,2.0671
1991-01-10,76.0,2.1521
1991-01-11,77.0,2.1804
1991-01-12,76.0,2.1521
1991-01-13,74.0,2.0954
1991-01-14,72.0,2.0388
1991-01-15,71.0,2.0105
1991-01-16,71.0,2.0105
1991-01-17,73.0,2.0671
1991-01-18,79.0,2.237
1991-01-19,80.0,2.2653
1991-01-20,85.0,2.4069
1991-01-21,84.0,2.3786
1991-01-22,77.0,2.1804
1991-01-23,75.0,2.1238
1991-01-24,76.0,2.1521
1991-01-25,75.0,2.1238
1991-01-26,74.0,2.0954
1991-01-27,73.0,2.0671
1991-01-28,73.0,2.0671
1991-01-29,73.0,2.0671
1991-01-30,73.0,2.0671
1991-01-31,72.0,2.0388
1991-02-01,72.0,2.0388
1991-02-02,71.0,2.0105
1991-02-03,70.0,1.9822
1991-02-04,68.0,1.9255
1991-02-05,70.0,1.9822
1991-02-06,70.0,1.9822
1991-02-07,69.0,1.9539
1991-02-08,68.0,1.9255
1991-02-09,65.0,1.8406
1991-02-10,68.0,1.9255
1991-02-11,68.0,1.9255
1991-02-12,69.0,1.9539
1991-02-13,70.0,1.9822
1991-02-14,71.0,2.0105
1991-02-15,70.0,1.9822
1991-02-16,68.0,1.9255
1991-02-17,62.0,1.7556
1991-02-18,58.0,1.6424
1991-02-19,64.0,1.8123
1991-02-20,64.0,1.8123
1991-02-21,56.0,1.5857
1991-02-22,57.0,1.6141
1991-02-23,57.0,1.6141
1991-02-24,58.0,1.6424
1991-02-25,58.0,1.6424
1991-02-26,57.0,1.6141
1991-02-27,56.0,1.5857
1991-02-28,57.0,1.6141
1991-03-01,57.0,1.6141
1991-03-02,58.0,1.6424
1991-03-03,54.0,1.5291
1991-03-04,48.0,1.3592
1991-03-05,46.0,1.3026
1991-03-06,40.0,1.1327
1991-03-07,36.0,1.0194
1991-03-08,38.0,1.076
1991-03-09,37.0,1.0477
1991-03-10,36.0,1.0194
1991-03-11,35.0,0.9911
1991-03-12,34.0,0.9628
1991-03-13,34.0,0.9628
1991-03-14,36.0,1.0194
1991-03-15,35.0,0.9911
1991-03-16,33.0,0.9345
1991-03-17,32.0,0.9061
1991-03-18,31.0,0.8778
1991-03-19,32.0,0.9061
1991-03-20,32.0,0.9061
1991-03-21,30.0,0.8495
1991-03-22,33.0,0.9345
1991-03-23,34.0,0.9628
1991-03-24,29.0,0.8212
1991-03-25,34.0,0.9628
1991-03-26,37.0,1.0477
1991-03-27,37.0,1.0477
1991-03-28,37.0,1.0477
1991-03-29,37.0,1.0477
1991-03-30,37.0,1.0477
1991-03-31,35.0,0.9911
1991-04-01,35.0,0.9911
1991-04-02,32.0,0.9061
1991-04-03,30.0,0.8495
1991-04-04,25.0,0.7079
1991-04-05,23.0,0.6513
1991-04-06,21.0,0.5947
1991-04-07,20.0,0.5663
1991-04-08,20.0,0.5663
1991-04-09,18.0,0.5097
1991-04-10,17.0,0.4814
1991-04-11,16.0,0.4531
1991-04-12,16.0,0.4531
1991-04-13,16.0,0.4531
1991-04-14,14.0,0.3964
1991-04-15,9.0,0.2549
1991-04-16,7.9,0.2237
1991-04-17,11.0,0.3115
1991-04-18,12.0,0.3398
1991-04-19,14.0,0.3964
1991-04-20,14.0,0.3964
1991-04-21,13.0,0.3681
1991-04-22,13.0,0.3681
1991-04-23,12.0,0.3398
1991-04-24,12.0,0.3398
1991-04-25,13.0,0.3681
1991-04-26,15.0,0.4248
1991-04-27,19.0,0.538
1991-04-28,22.0,0.623
1991-04-29,32.0,0.9061
1991-04-30,26.0,0.7362
1991-05-01,20.0,0.5663
1991-05-02,16.0,0.4531
1991-05-03,14.0,0.3964
1991-05-04,14.0,0.3964
1991-05-05,14.0,0.3964
1991-05-06,12.0,0.3398
1991-05-07,11.0,0.3115
1991-05-08,11.0,0.3115
1991-05-09,9.9,0.2803
1991-05-10,8.5,0.2407
1991-05-11,7.9,0.2237
1991-05-12,8.1,0.2294
1991-05-13,8.5,0.2407
1991-05-14,9.1,0.2577
1991-05-15,8.7,0.2464
1991-05-16,8.8,0.2492
1991-05-17,8.8,0.2492
1991-05-18,8.6,0.2435
1991-05-19,7.5,0.2124
1991-05-20,6.0,0.1699
1991-05-21,5.8,0.1642
1991-05-22,6.2,0.1756
1991-05-23,7.5,0.2124
1991-05-24,8.4,0.2379
1991-05-25,8.4,0.2379
1991-05-26,8.7,0.2464
1991-05-27,8.6,0.2435
1991-05-28,8.5,0.2407
1991-05-29,8.3,0.235
1991-05-30,8.5,0.2407
1991-05-31,11.0,0.3115
1991-06-01,12.0,0.3398
1991-06-02,13.0,0.3681
1991-06-03,13.0,0.3681
1991-06-04,13.0,0.3681
1991-06-05,13.0,0.3681
1991-06-06,14.0,0.3964
1991-06-07,13.0,0.3681
1991-06-08,62.0,1.7556
1991-06-09,168.0,4.7572
1991-06-10,18.0,0.5097
1991-06-11,64.0,1.8123
1991-06-12,52.0,1.4725
1991-06-13,27.0,0.7646
1991-06-14,18.0,0.5097
1991-06-15,13.0,0.3681
1991-06-16,11.0,0.3115
1991-06-17,9.8,0.2775
1991-06-18,9.2,0.2605
1991-06-19,8.8,0.2492
1991-06-20,8.7,0.2464
1991-06-21,8.7,0.2464
1991-06-22,8.8,0.2492
1991-06-23,9.1,0.2577
1991-06-24,9.3,0.2633
1991-06-25,8.9,0.252
1991-06-26,8.8,0.2492
1991-06-27,8.9,0.252
1991-06-28,8.8,0.2492
1991-06-29,8.8,0.2492
1991-06-30,9.2,0.2605
1991-07-01,9.3,0.2633
1991-07-02,9.8,0.2775
1991-07-03,11.0,0.3115
1991-07-04,13.0,0.3681
1991-07-05,18.0,0.5097
1991-07-06,18.0,0.5097
1991-07-07,16.0,0.4531
1991-07-08,13.0,0.3681
1991-07-09,12.0,0.3398
1991-07-10,12.0,0.3398
1991-07-11,11.0,0.3115
1991-07-12,10.0,0.2832
1991-07-13,90.0,2.5485
1991-07-14,148.0,4.1909
1991-07-15,116.0,3.2847
1991-07-16,111.0,3.1432
1991-07-17,58.0,1.6424
1991-07-18,31.0,0.8778
1991-07-19,23.0,0.6513
1991-07-20,19.0,0.538
1991-07-21,17.0,0.4814
1991-07-22,15.0,0.4248
1991-07-23,14.0,0.3964
1991-07-24,19.0,0.538
1991-07-25,59.0,1.6707
1991-07-26,99.0,2.8034
1991-07-27,192.0,5.4368
1991-07-28,107.0,3.0299
1991-07-29,63.0,1.784
1991-07-30,40.0,1.1327
1991-07-31,38.0,1.076
1991-08-01,43.0,1.2176
1991-08-02,40.0,1.1327
1991-08-03,34.0,0.9628
1991-08-04,29.0,0.8212
1991-08-05,27.0,0.7646
1991-08-06,28.0,0.7929
1991-08-07,28.0,0.7929
1991-08-08,28.0,0.7929
1991-08-09,38.0,1.076
1991-08-10,37.0,1.0477
1991-08-11,68.0,1.9255
1991-08-12,42.0,1.1893
1991-08-13,36.0,1.0194
1991-08-14,61.0,1.7273
1991-08-15,55.0,1.5574
1991-08-16,50.0,1.4158
1991-08-17,50.0,1.4158
1991-08-18,41.0,1.161
1991-08-19,36.0,1.0194
1991-08-20,38.0,1.076
1991-08-21,34.0,0.9628
1991-08-22,31.0,0.8778
1991-08-23,31.0,0.8778
1991-08-24,31.0,0.8778
1991-08-25,30.0,0.8495
1991-08-26,28.0,0.7929
1991-08-27,25.0,0.7079
1991-08-28,21.0,0.5947
1991-08-29,19.0,0.538
1991-08-30,19.0,0.538
1991-08-31,24.0,0.6796
1991-09-01,27.0,0.7646
1991-09-02,26.0,0.7362
1991-09-03,27.0,0.7646
1991-09-04,26.0,0.7362
1991-09-05,31.0,0.8778
1991-09-06,59.0,1.6707
1991-09-07,843.0,23.8711
1991-09-08,143.0,4.0493
1991-09-09,76.0,2.1521
1991-09-10,178.0,5.0404
1991-09-11,280.0,7.9287
1991-09-12,175.0,4.9554
1991-09-13,136.0,3.8511
1991-09-14,282.0,7.9853
1991-09-15,194.0,5.4935
1991-09-16,262.0,7.419
1991-09-17,523.0,14.8097
1991-09-18,713.0,20.1899
1991-09-19,850.0,24.0693
1991-09-20,804.0,22.7667
1991-09-21,714.0,20.2182
1991-09-22,714.0,20.2182
1991-09-23,721.0,20.4164
1991-09-24,717.0,20.3031
1991-09-25,718.0,20.3315
1991-09-26,719.0,20.3598
1991-09-27,698.0,19.7651
1991-09-28,703.0,19.9067
1991-09-29,696.0,19.7085
1991-09-30,689.0,19.5103
1991-10-01,693.0,19.6235
1991-10-02,659.0,18.6608
1991-10-03,601.0,17.0184
1991-10-04,595.0,16.8485
1991-10-05,592.0,16.7635
1991-10-06,542.0,15.3477
1991-10-07,247.0,6.9942
1991-10-08,175.0,4.9554
1991-10-09,120.0,3.398
1991-10-10,87.0,2.4636
1991-10-11,93.0,2.6335
1991-10-12,82.0,2.322
1991-10-13,78.0,2.2087
1991-10-14,71.0,2.0105
1991-10-15,77.0,2.1804
1991-10-16,74.0,2.0954
1991-10-17,72.0,2.0388
1991-10-18,70.0,1.9822
1991-10-19,69.0,1.9539
1991-10-20,67.0,1.8972
1991-10-21,65.0,1.8406
1991-10-22,77.0,2.1804
1991-10-23,85.0,2.4069
1991-10-24,76.0,2.1521
1991-10-25,68.0,1.9255
1991-10-26,71.0,2.0105
1991-10-27,73.0,2.0671
1991-10-28,66.0,1.8689
1991-10-29,61.0,1.7273
1991-10-30,75.0,2.1238
1991-10-31,82.0,2.322
1991-11-01,104.0,2.9449
1991-11-02,104.0,2.9449
1991-11-03,475.0,13.4505
1991-11-04,650.0,18.4059
1991-11-05,678.0,19.1988
1991-11-06,696.0,19.7085
1991-11-07,691.0,19.5669
1991-11-08,675.0,19.1138
1991-11-09,657.0,18.6041
1991-11-10,339.0,9.5994
1991-11-11,153.0,4.3325
1991-11-12,122.0,3.4546
1991-11-13,113.0,3.1998
1991-11-14,108.0,3.0582
1991-11-15,103.0,2.9166
1991-11-16,102.0,2.8883
1991-11-17,98.0,2.775
1991-11-18,98.0,2.775
1991-11-19,92.0,2.6051
1991-11-20,89.0,2.5202
1991-11-21,86.0,2.4352
1991-11-22,87.0,2.4636
1991-11-23,88.0,2.4919
1991-11-24,87.0,2.4636
1991-11-25,87.0,2.4636
1991-11-26,87.0,2.4636
1991-11-27,88.0,2.4919
1991-11-28,88.0,2.4919
1991-11-29,88.0,2.4919
1991-11-30,89.0,2.5202
1991-12-01,584.0,16.537
1991-12-02,780.0,22.0871
1991-12-03,770.0,21.8039
1991-12-04,755.0,21.3792
1991-12-05,744.0,21.0677
1991-12-06,736.0,20.8412
1991-12-07,717.0,20.3031
1991-12-08,667.0,18.8873
1991-12-09,657.0,18.6041
1991-12-10,653.0,18.4909
1991-12-11,654.0,18.5192
1991-12-12,654.0,18.5192
1991-12-13,627.0,17.7546
1991-12-14,625.0,17.698
1991-12-15,636.0,18.0095
1991-12-16,638.0,18.0661
1991-12-17,636.0,18.0095
1991-12-18,639.0,18.0944
1991-12-19,657.0,18.6041
1991-12-20,656.0,18.5758
1991-12-21,709.0,20.0766
1991-12-22,795.0,22.5119
1991-12-23,707.0,20.02
1991-12-24,674.0,19.0855
1991-12-25,680.0,19.2554
1991-12-26,712.0,20.1616
1991-12-27,677.0,19.1705
1991-12-28,350.0,9.9109
1991-12-29,167.0,4.7289
1991-12-30,126.0,3.5679
1991-12-31,114.0,3.2281
1992-01-01,106.0,3.0016
1992-01-02,101.0,2.86
1992-01-03,97.0,2.7467
1992-01-04,95.0,2.6901
1992-01-05,90.0,2.5485
1992-01-06,91.0,2.5768
1992-01-07,90.0,2.5485
1992-01-08,88.0,2.4919
1992-01-09,88.0,2.4919
1992-01-10,84.0,2.3786
1992-01-11,86.0,2.4352
1992-01-12,87.0,2.4636
1992-01-13,89.0,2.5202
1992-01-14,89.0,2.5202
1992-01-15,86.0,2.4352
1992-01-16,81.0,2.2937
1992-01-17,82.0,2.322
1992-01-18,82.0,2.322
1992-01-19,81.0,2.2937
1992-01-20,80.0,2.2653
1992-01-21,80.0,2.2653
1992-01-22,80.0,2.2653
1992-01-23,81.0,2.2937
1992-01-24,79.0,2.237
1992-01-25,78.0,2.2087
1992-01-26,79.0,2.237
1992-01-27,81.0,2.2937
1992-01-28,83.0,2.3503
1992-01-29,83.0,2.3503
1992-01-30,81.0,2.2937
1992-01-31,81.0,2.2937
1992-02-01,81.0,2.2937
1992-02-02,83.0,2.3503
1992-02-03,84.0,2.3786
1992-02-04,90.0,2.5485
1992-02-05,91.0,2.5768
1992-02-06,92.0,2.6051
1992-02-07,88.0,2.4919
1992-02-08,84.0,2.3786
1992-02-09,82.0,2.322
1992-02-10,82.0,2.322
1992-02-11,83.0,2.3503
1992-02-12,84.0,2.3786
1992-02-13,140.0,3.9644
1992-02-14,281.0,7.957
1992-02-15,208.0,5.8899
1992-02-16,181.0,5.1253
1992-02-17,181.0,5.1253
1992-02-18,158.0,4.4741
1992-02-19,130.0,3.6812
1992-02-20,129.0,3.6529
1992-02-21,144.0,4.0776
1992-02-22,169.0,4.7855
1992-02-23,163.0,4.6156
1992-02-24,159.0,4.5024
1992-02-25,172.0,4.8705
1992-02-26,182.0,5.1537
1992-02-27,165.0,4.6723
1992-02-28,159.0,4.5024
1992-02-29,131.0,3.7095
1992-03-01,102.0,2.8883
1992-03-02,94.0,2.6618
1992-03-03,95.0,2.6901
1992-03-04,96.0,2.7184
1992-03-05,93.0,2.6335
1992-03-06,90.0,2.5485
1992-03-07,88.0,2.4919
1992-03-08,84.0,2.3786
1992-03-09,85.0,2.4069
1992-03-10,86.0,2.4352
1992-03-11,83.0,2.3503
1992-03-12,82.0,2.322
1992-03-13,81.0,2.2937
1992-03-14,99.0,2.8034
1992-03-15,115.0,3.2564
1992-03-16,140.0,3.9644
1992-03-17,154.0,4.3608
1992-03-18,124.0,3.5113
1992-03-19,112.0,3.1715
1992-03-20,108.0,3.0582
1992-03-21,92.0,2.6051
1992-03-22,94.0,2.6618
1992-03-23,78.0,2.2087
1992-03-24,71.0,2.0105
1992-03-25,69.0,1.9539
1992-03-26,76.0,2.1521
1992-03-27,76.0,2.1521
1992-03-28,70.0,1.9822
1992-03-29,72.0,2.0388
1992-03-30,83.0,2.3503
1992-03-31,82.0,2.322
1992-04-01,72.0,2.0388
1992-04-02,77.0,2.1804
1992-04-03,81.0,2.2937
1992-04-04,75.0,2.1238
1992-04-05,75.0,2.1238
1992-04-06,73.0,2.0671
1992-04-07,74.0,2.0954
1992-04-08,85.0,2.4069
1992-04-09,81.0,2.2937
1992-04-10,82.0,2.322
1992-04-11,56.0,1.5857
1992-04-12,68.0,1.9255
1992-04-13,74.0,2.0954
1992-04-14,77.0,2.1804
1992-04-15,81.0,2.2937
1992-04-16,77.0,2.1804
1992-04-17,75.0,2.1238
1992-04-18,77.0,2.1804
1992-04-19,79.0,2.237
1992-04-20,83.0,2.3503
1992-04-21,89.0,2.5202
1992-04-22,95.0,2.6901
1992-04-23,89.0,2.5202
1992-04-24,79.0,2.237
1992-04-25,77.0,2.1804
1992-04-26,78.0,2.2087
1992-04-27,79.0,2.237
1992-04-28,76.0,2.1521
1992-04-29,98.0,2.775
1992-04-30,109.0,3.0865
1992-05-01,84.0,2.3786
1992-05-02,62.0,1.7556
1992-05-03,49.0,1.3875
1992-05-04,45.0,1.2743
1992-05-05,47.0,1.3309
1992-05-06,58.0,1.6424
1992-05-07,66.0,1.8689
1992-05-08,83.0,2.3503
1992-05-09,79.0,2.237
1992-05-10,79.0,2.237
1992-05-11,82.0,2.322
1992-05-12,76.0,2.1521
1992-05-13,72.0,2.0388
1992-05-14,74.0,2.0954
1992-05-15,74.0,2.0954
1992-05-16,75.0,2.1238
1992-05-17,76.0,2.1521
1992-05-18,90.0,2.5485
1992-05-19,94.0,2.6618
1992-05-20,97.0,2.7467
1992-05-21,97.0,2.7467
1992-05-22,90.0,2.5485
1992-05-23,112.0,3.1715
1992-05-24,115.0,3.2564
1992-05-25,166.0,4.7006
1992-05-26,584.0,16.537
1992-05-27,834.0,23.6162
1992-05-28,940.0,26.6178
1992-05-29,1080.0,30.5821
1992-05-30,1150.0,32.5643
1992-05-31,936.0,26.5045
1992-06-01,870.0,24.6356
1992-06-02,1060.0,30.0158
1992-06-03,1320.0,37.3782
1992-06-04,1290.0,36.5287
1992-06-05,1340.0,37.9445
1992-06-06,1370.0,38.794
1992-06-07,1160.0,32.8475
1992-06-08,980.0,27.7505
1992-06-09,926.0,26.2214
1992-06-10,815.0,23.0782
1992-06-11,787.0,22.2853
1992-06-12,763.0,21.6057
1992-06-13,701.0,19.8501
1992-06-14,506.0,14.3283
1992-06-15,440.0,12.4594
1992-06-16,345.0,9.7693
1992-06-17,361.0,10.2224
1992-06-18,444.0,12.5727
1992-06-19,403.0,11.4117
1992-06-20,394.0,11.1568
1992-06-21,504.0,14.2717
1992-06-22,712.0,20.1616
1992-06-23,392.0,11.1002
1992-06-24,192.0,5.4368
1992-06-25,134.0,3.7945
1992-06-26,110.0,3.1148
1992-06-27,106.0,3.0016
1992-06-28,108.0,3.0582
1992-06-29,101.0,2.86
1992-06-30,95.0,2.6901
1992-07-01,90.0,2.5485
1992-07-02,86.0,2.4352
1992-07-03,80.0,2.2653
1992-07-04,77.0,2.1804
1992-07-05,74.0,2.0954
1992-07-06,74.0,2.0954
1992-07-07,69.0,1.9539
1992-07-08,63.0,1.784
1992-07-09,65.0,1.8406
1992-07-10,65.0,1.8406
1992-07-11,70.0,1.9822
1992-07-12,73.0,2.0671
1992-07-13,73.0,2.0671
1992-07-14,76.0,2.1521
1992-07-15,79.0,2.237
1992-07-16,73.0,2.0671
1992-07-17,67.0,1.8972
1992-07-18,219.0,6.2014
1992-07-19,630.0,17.8396
1992-07-20,703.0,19.9067
1992-07-21,723.0,20.473
1992-07-22,693.0,19.6235
1992-07-23,457.0,12.9408
1992-07-24,184.0,5.2103
1992-07-25,129.0,3.6529
1992-07-26,109.0,3.0865
1992-07-27,108.0,3.0582
1992-07-28,112.0,3.1715
1992-07-29,91.0,2.5768
1992-07-30,95.0,2.6901
1992-07-31,101.0,2.86
1992-08-01,109.0,3.0865
1992-08-02,121.0,3.4263
1992-08-03,107.0,3.0299
1992-08-04,101.0,2.86
1992-08-05,98.0,2.775
1992-08-06,95.0,2.6901
1992-08-07,90.0,2.5485
1992-08-08,86.0,2.4352
1992-08-09,85.0,2.4069
1992-08-10,85.0,2.4069
1992-08-11,86.0,2.4352
1992-08-12,81.0,2.2937
1992-08-13,83.0,2.3503
1992-08-14,84.0,2.3786
1992-08-15,82.0,2.322
1992-08-16,80.0,2.2653
1992-08-17,81.0,2.2937
1992-08-18,92.0,2.6051
1992-08-19,88.0,2.4919
1992-08-20,82.0,2.322
1992-08-21,81.0,2.2937
1992-08-22,78.0,2.2087
1992-08-23,78.0,2.2087
1992-08-24,85.0,2.4069
1992-08-25,85.0,2.4069
1992-08-26,87.0,2.4636
1992-08-27,89.0,2.5202
1992-08-28,90.0,2.5485
1992-08-29,90.0,2.5485
1992-08-30,86.0,2.4352
1992-08-31,88.0,2.4919
1992-09-01,85.0,2.4069
1992-09-02,140.0,3.9644
1992-09-03,123.0,3.483
1992-09-04,93.0,2.6335
1992-09-05,86.0,2.4352
1992-09-06,80.0,2.2653
1992-09-07,82.0,2.322
1992-09-08,80.0,2.2653
1992-09-09,80.0,2.2653
1992-09-10,82.0,2.322
1992-09-11,85.0,2.4069
1992-09-12,85.0,2.4069
1992-09-13,76.0,2.1521
1992-09-14,72.0,2.0388
1992-09-15,82.0,2.322
1992-09-16,92.0,2.6051
1992-09-17,90.0,2.5485
1992-09-18,91.0,2.5768
1992-09-19,84.0,2.3786
1992-09-20,81.0,2.2937
1992-09-21,86.0,2.4352
1992-09-22,91.0,2.5768
1992-09-23,87.0,2.4636
1992-09-24,85.0,2.4069
1992-09-25,85.0,2.4069
1992-09-26,81.0,2.2937
1992-09-27,80.0,2.2653
1992-09-28,84.0,2.3786
1992-09-29,81.0,2.2937
1992-09-30,76.0,2.1521
1992-10-01,69.0,1.9539
1992-10-02,68.0,1.9255
1992-10-03,70.0,1.9822
1992-10-04,67.0,1.8972
1992-10-05,69.0,1.9539
1992-10-06,84.0,2.3786
1992-10-07,83.0,2.3503
1992-10-08,79.0,2.237
1992-10-09,81.0,2.2937
1992-10-10,576.0,16.3105
1992-10-11,681.0,19.2837
1992-10-12,691.0,19.5669
1992-10-13,706.0,19.9917
1992-10-14,710.0,20.1049
1992-10-15,633.0,17.9245
1992-10-16,342.0,9.6843
1992-10-17,157.0,4.4457
1992-10-18,121.0,3.4263
1992-10-19,106.0,3.0016
1992-10-20,96.0,2.7184
1992-10-21,95.0,2.6901
1992-10-22,94.0,2.6618
1992-10-23,92.0,2.6051
1992-10-24,94.0,2.6618
1992-10-25,90.0,2.5485
1992-10-26,89.0,2.5202
1992-10-27,84.0,2.3786
1992-10-28,103.0,2.9166
1992-10-29,112.0,3.1715
1992-10-30,100.0,2.8317
1992-10-31,102.0,2.8883
1992-11-01,226.0,6.3996
1992-11-02,218.0,6.1731
1992-11-03,136.0,3.8511
1992-11-04,102.0,2.8883
1992-11-05,95.0,2.6901
1992-11-06,94.0,2.6618
1992-11-07,93.0,2.6335
1992-11-08,94.0,2.6618
1992-11-09,93.0,2.6335
1992-11-10,93.0,2.6335
1992-11-11,93.0,2.6335
1992-11-12,91.0,2.5768
1992-11-13,90.0,2.5485
1992-11-14,88.0,2.4919
1992-11-15,88.0,2.4919
1992-11-16,89.0,2.5202
1992-11-17,89.0,2.5202
1992-11-18,90.0,2.5485
1992-11-19,90.0,2.5485
1992-11-20,90.0,2.5485
1992-11-21,92.0,2.6051
1992-11-22,94.0,2.6618
1992-11-23,96.0,2.7184
1992-11-24,90.0,2.5485
1992-11-25,89.0,2.5202
1992-11-26,87.0,2.4636
1992-11-27,86.0,2.4352
1992-11-28,86.0,2.4352
1992-11-29,86.0,2.4352
1992-11-30,86.0,2.4352
1992-12-01,87.0,2.4636
1992-12-02,85.0,2.4069
1992-12-03,86.0,2.4352
1992-12-04,86.0,2.4352
1992-12-05,87.0,2.4636
1992-12-06,89.0,2.5202
1992-12-07,91.0,2.5768
1992-12-08,89.0,2.5202
1992-12-09,89.0,2.5202
1992-12-10,89.0,2.5202
1992-12-11,87.0,2.4636
1992-12-12,86.0,2.4352
1992-12-13,86.0,2.4352
1992-12-14,87.0,2.4636
1992-12-15,86.0,2.4352
1992-12-16,86.0,2.4352
1992-12-17,86.0,2.4352
1992-12-18,86.0,2.4352
1992-12-19,86.0,2.4352
1992-12-20,86.0,2.4352
1992-12-21,86.0,2.4352
1992-12-22,86.0,2.4352
1992-12-23,85.0,2.4069
1992-12-24,85.0,2.4069
1992-12-25,84.0,2.3786
1992-12-26,83.0,2.3503
1992-12-27,83.0,2.3503
1992-12-28,84.0,2.3786
1992-12-29,85.0,2.4069
1992-12-30,86.0,2.4352
1992-12-31,86.0,2.4352
1993-01-01,90.0,2.5485
1993-01-02,92.0,2.6051
1993-01-03,91.0,2.5768
1993-01-04,89.0,2.5202
1993-01-05,86.0,2.4352
1993-01-06,91.0,2.5768
1993-01-07,126.0,3.5679
1993-01-08,137.0,3.8794
1993-01-09,137.0,3.8794
1993-01-10,139.0,3.936
1993-01-11,139.0,3.936
1993-01-12,129.0,3.6529
1993-01-13,125.0,3.5396
1993-01-14,121.0,3.4263
1993-01-15,113.0,3.1998
1993-01-16,108.0,3.0582
1993-01-17,105.0,2.9733
1993-01-18,104.0,2.9449
1993-01-19,106.0,3.0016
1993-01-20,109.0,3.0865
1993-01-21,111.0,3.1432
1993-01-22,103.0,2.9166
1993-01-23,100.0,2.8317
1993-01-24,98.0,2.775
1993-01-25,95.0,2.6901
1993-01-26,94.0,2.6618
1993-01-27,96.0,2.7184
1993-01-28,96.0,2.7184
1993-01-29,97.0,2.7467
1993-01-30,98.0,2.775
1993-01-31,98.0,2.775
1993-02-01,97.0,2.7467
1993-02-02,97.0,2.7467
1993-02-03,97.0,2.7467
1993-02-04,95.0,2.6901
1993-02-05,93.0,2.6335
1993-02-06,93.0,2.6335
1993-02-07,93.0,2.6335
1993-02-08,93.0,2.6335
1993-02-09,93.0,2.6335
1993-02-10,94.0,2.6618
1993-02-11,94.0,2.6618
1993-02-12,93.0,2.6335
1993-02-13,91.0,2.5768
1993-02-14,93.0,2.6335
1993-02-15,94.0,2.6618
1993-02-16,94.0,2.6618
1993-02-17,97.0,2.7467
1993-02-18,126.0,3.5679
1993-02-19,116.0,3.2847
1993-02-20,96.0,2.7184
1993-02-21,94.0,2.6618
1993-02-22,95.0,2.6901
1993-02-23,88.0,2.4919
1993-02-24,82.0,2.322
1993-02-25,80.0,2.2653
1993-02-26,80.0,2.2653
1993-02-27,78.0,2.2087
1993-02-28,77.0,2.1804
1993-03-01,68.0,1.9255
1993-03-02,55.0,1.5574
1993-03-03,52.0,1.4725
1993-03-04,51.0,1.4442
1993-03-05,47.0,1.3309
1993-03-06,52.0,1.4725
1993-03-07,54.0,1.5291
1993-03-08,55.0,1.5574
1993-03-09,49.0,1.3875
1993-03-10,52.0,1.4725
1993-03-11,53.0,1.5008
1993-03-12,48.0,1.3592
1993-03-13,45.0,1.2743
1993-03-14,43.0,1.2176
1993-03-15,43.0,1.2176
1993-03-16,51.0,1.4442
1993-03-17,52.0,1.4725
1993-03-18,59.0,1.6707
1993-03-19,60.0,1.699
1993-03-20,54.0,1.5291
1993-03-21,54.0,1.5291
1993-03-22,56.0,1.5857
1993-03-23,55.0,1.5574
1993-03-24,61.0,1.7273
1993-03-25,61.0,1.7273
1993-03-26,59.0,1.6707
1993-03-27,60.0,1.699
1993-03-28,55.0,1.5574
1993-03-29,52.0,1.4725
1993-03-30,50.0,1.4158
1993-03-31,55.0,1.5574
1993-04-01,57.0,1.6141
1993-04-02,52.0,1.4725
1993-04-03,52.0,1.4725
1993-04-04,49.0,1.3875
1993-04-05,50.0,1.4158
1993-04-06,51.0,1.4442
1993-04-07,55.0,1.5574
1993-04-08,58.0,1.6424
1993-04-09,55.0,1.5574
1993-04-10,52.0,1.4725
1993-04-11,59.0,1.6707
1993-04-12,58.0,1.6424
1993-04-13,51.0,1.4442
1993-04-14,56.0,1.5857
1993-04-15,58.0,1.6424
1993-04-16,75.0,2.1238
1993-04-17,72.0,2.0388
1993-04-18,60.0,1.699
1993-04-19,53.0,1.5008
1993-04-20,50.0,1.4158
1993-04-21,55.0,1.5574
1993-04-22,41.0,1.161
1993-04-23,70.0,1.9822
1993-04-24,60.0,1.699
1993-04-25,48.0,1.3592
1993-04-26,44.0,1.2459
1993-04-27,47.0,1.3309
1993-04-28,51.0,1.4442
1993-04-29,55.0,1.5574
1993-04-30,61.0,1.7273
1993-05-01,45.0,1.2743
1993-05-02,43.0,1.2176
1993-05-03,50.0,1.4158
1993-05-04,51.0,1.4442
1993-05-05,45.0,1.2743
1993-05-06,46.0,1.3026
1993-05-07,46.0,1.3026
1993-05-08,45.0,1.2743
1993-05-09,43.0,1.2176
1993-05-10,43.0,1.2176
1993-05-11,41.0,1.161
1993-05-12,42.0,1.1893
1993-05-13,42.0,1.1893
1993-05-14,42.0,1.1893
1993-05-15,50.0,1.4158
1993-05-16,52.0,1.4725
1993-05-17,45.0,1.2743
1993-05-18,41.0,1.161
1993-05-19,43.0,1.2176
1993-05-20,50.0,1.4158
1993-05-21,54.0,1.5291
1993-05-22,60.0,1.699
1993-05-23,70.0,1.9822
1993-05-24,66.0,1.8689
1993-05-25,57.0,1.6141
1993-05-26,48.0,1.3592
1993-05-27,49.0,1.3875
1993-05-28,51.0,1.4442
1993-05-29,56.0,1.5857
1993-05-30,47.0,1.3309
1993-05-31,47.0,1.3309
1993-06-01,42.0,1.1893
1993-06-02,38.0,1.076
1993-06-03,40.0,1.1327
1993-06-04,41.0,1.161
1993-06-05,36.0,1.0194
1993-06-06,37.0,1.0477
1993-06-07,38.0,1.076
1993-06-08,41.0,1.161
1993-06-09,43.0,1.2176
1993-06-10,39.0,1.1044
1993-06-11,50.0,1.4158
1993-06-12,44.0,1.2459
1993-06-13,41.0,1.161
1993-06-14,43.0,1.2176
1993-06-15,45.0,1.2743
1993-06-16,41.0,1.161
1993-06-17,44.0,1.2459
1993-06-18,43.0,1.2176
1993-06-19,64.0,1.8123
1993-06-20,49.0,1.3875
1993-06-21,63.0,1.784
1993-06-22,56.0,1.5857
1993-06-23,51.0,1.4442
1993-06-24,49.0,1.3875
1993-06-25,45.0,1.2743
1993-06-26,40.0,1.1327
1993-06-27,44.0,1.2459
1993-06-28,43.0,1.2176
1993-06-29,53.0,1.5008
1993-06-30,54.0,1.5291
1993-07-01,44.0,1.2459
1993-07-02,50.0,1.4158
1993-07-03,53.0,1.5008
1993-07-04,47.0,1.3309
1993-07-05,48.0,1.3592
1993-07-06,44.0,1.2459
1993-07-07,35.0,0.9911
1993-07-08,31.0,0.8778
1993-07-09,33.0,0.9345
1993-07-10,39.0,1.1044
1993-07-11,45.0,1.2743
1993-07-12,47.0,1.3309
1993-07-13,41.0,1.161
1993-07-14,48.0,1.3592
1993-07-15,52.0,1.4725
1993-07-16,51.0,1.4442
1993-07-17,369.0,10.4489
1993-07-18,633.0,17.9245
1993-07-19,627.0,17.7546
1993-07-20,645.0,18.2643
1993-07-21,644.0,18.236
1993-07-22,653.0,18.4909
1993-07-23,661.0,18.7174
1993-07-24,325.0,9.203
1993-07-25,135.0,3.8228
1993-07-26,88.0,2.4919
1993-07-27,76.0,2.1521
1993-07-28,65.0,1.8406
1993-07-29,50.0,1.4158
1993-07-30,51.0,1.4442
1993-07-31,49.0,1.3875
1993-08-01,47.0,1.3309
1993-08-02,45.0,1.2743
1993-08-03,42.0,1.1893
1993-08-04,43.0,1.2176
1993-08-05,51.0,1.4442
1993-08-06,55.0,1.5574
1993-08-07,79.0,2.237
1993-08-08,107.0,3.0299
1993-08-09,63.0,1.784
1993-08-10,53.0,1.5008
1993-08-11,49.0,1.3875
1993-08-12,51.0,1.4442
1993-08-13,47.0,1.3309
1993-08-14,41.0,1.161
1993-08-15,39.0,1.1044
1993-08-16,39.0,1.1044
1993-08-17,47.0,1.3309
1993-08-18,52.0,1.4725
1993-08-19,52.0,1.4725
1993-08-20,53.0,1.5008
1993-08-21,52.0,1.4725
1993-08-22,57.0,1.6141
1993-08-23,50.0,1.4158
1993-08-24,46.0,1.3026
1993-08-25,50.0,1.4158
1993-08-26,54.0,1.5291
1993-08-27,47.0,1.3309
1993-08-28,48.0,1.3592
1993-08-29,52.0,1.4725
1993-08-30,56.0,1.5857
1993-08-31,63.0,1.784
1993-09-01,136.0,3.8511
1993-09-02,109.0,3.0865
1993-09-03,84.0,2.3786
1993-09-04,68.0,1.9255
1993-09-05,64.0,1.8123
1993-09-06,59.0,1.6707
1993-09-07,57.0,1.6141
1993-09-08,65.0,1.8406
1993-09-09,49.0,1.3875
1993-09-10,49.0,1.3875
1993-09-11,47.0,1.3309
1993-09-12,51.0,1.4442
1993-09-13,52.0,1.4725
1993-09-14,60.0,1.699
1993-09-15,60.0,1.699
1993-09-16,58.0,1.6424
1993-09-17,54.0,1.5291
1993-09-18,62.0,1.7556
1993-09-19,69.0,1.9539
1993-09-20,60.0,1.699
1993-09-21,55.0,1.5574
1993-09-22,57.0,1.6141
1993-09-23,61.0,1.7273
1993-09-24,59.0,1.6707
1993-09-25,60.0,1.699
1993-09-26,63.0,1.784
1993-09-27,56.0,1.5857
1993-09-28,55.0,1.5574
1993-09-29,55.0,1.5574
1993-09-30,53.0,1.5008
1993-10-01,54.0,1.5291
1993-10-02,58.0,1.6424
1993-10-03,54.0,1.5291
1993-10-04,56.0,1.5857
1993-10-05,56.0,1.5857
1993-10-06,58.0,1.6424
1993-10-07,52.0,1.4725
1993-10-08,49.0,1.3875
1993-10-09,49.0,1.3875
1993-10-10,51.0,1.4442
1993-10-11,52.0,1.4725
1993-10-12,58.0,1.6424
1993-10-13,65.0,1.8406
1993-10-14,57.0,1.6141
1993-10-15,55.0,1.5574
1993-10-16,63.0,1.784
1993-10-17,67.0,1.8972
1993-10-18,66.0,1.8689
1993-10-19,58.0,1.6424
1993-10-20,562.0,15.914
1993-10-21,771.0,21.8323
1993-10-22,762.0,21.5774
1993-10-23,766.0,21.6907
1993-10-24,768.0,21.7473
1993-10-25,769.0,21.7756
1993-10-26,749.0,21.2093
1993-10-27,388.0,10.9869
1993-10-28,162.0,4.5873
1993-10-29,110.0,3.1148
1993-10-30,92.0,2.6051
1993-10-31,86.0,2.4352
1993-11-01,85.0,2.4069
1993-11-02,84.0,2.3786
1993-11-03,81.0,2.2937
1993-11-04,76.0,2.1521
1993-11-05,80.0,2.2653
1993-11-06,82.0,2.322
1993-11-07,79.0,2.237
1993-11-08,79.0,2.237
1993-11-09,80.0,2.2653
1993-11-10,80.0,2.2653
1993-11-11,80.0,2.2653
1993-11-12,80.0,2.2653
1993-11-13,81.0,2.2937
1993-11-14,80.0,2.2653
1993-11-15,79.0,2.237
1993-11-16,78.0,2.2087
1993-11-17,80.0,2.2653
1993-11-18,84.0,2.3786
1993-11-19,82.0,2.322
1993-11-20,79.0,2.237
1993-11-21,77.0,2.1804
1993-11-22,76.0,2.1521
1993-11-23,77.0,2.1804
1993-11-24,78.0,2.2087
1993-11-25,77.0,2.1804
1993-11-26,76.0,2.1521
1993-11-27,75.0,2.1238
1993-11-28,75.0,2.1238
1993-11-29,76.0,2.1521
1993-11-30,76.0,2.1521
1993-12-01,76.0,2.1521
1993-12-02,76.0,2.1521
1993-12-03,76.0,2.1521
1993-12-04,75.0,2.1238
1993-12-05,74.0,2.0954
1993-12-06,73.0,2.0671
1993-12-07,73.0,2.0671
1993-12-08,73.0,2.0671
1993-12-09,80.0,2.2653
1993-12-10,235.0,6.6544
1993-12-11,186.0,5.2669
1993-12-12,105.0,2.9733
1993-12-13,81.0,2.2937
1993-12-14,78.0,2.2087
1993-12-15,75.0,2.1238
1993-12-16,72.0,2.0388
1993-12-17,73.0,2.0671
1993-12-18,74.0,2.0954
1993-12-19,73.0,2.0671
1993-12-20,74.0,2.0954
1993-12-21,75.0,2.1238
1993-12-22,75.0,2.1238
1993-12-23,75.0,2.1238
1993-12-24,74.0,2.0954
1993-12-25,74.0,2.0954
1993-12-26,74.0,2.0954
1993-12-27,74.0,2.0954
1993-12-28,74.0,2.0954
1993-12-29,76.0,2.1521
1993-12-30,76.0,2.1521
1993-12-31,76.0,2.1521
1994-01-01,77.0,2.1804
1994-01-02,77.0,2.1804
1994-01-03,75.0,2.1238
1994-01-04,75.0,2.1238
1994-01-05,75.0,2.1238
1994-01-06,74.0,2.0954
1994-01-07,73.0,2.0671
1994-01-08,74.0,2.0954
1994-01-09,71.0,2.0105
1994-01-10,72.0,2.0388
1994-01-11,73.0,2.0671
1994-01-12,67.0,1.8972
1994-01-13,63.0,1.784
1994-01-14,62.0,1.7556
1994-01-15,62.0,1.7556
1994-01-16,62.0,1.7556
1994-01-17,62.0,1.7556
1994-01-18,62.0,1.7556
1994-01-19,61.0,1.7273
1994-01-20,60.0,1.699
1994-01-21,60.0,1.699
1994-01-22,62.0,1.7556
1994-01-23,63.0,1.784
1994-01-24,62.0,1.7556
1994-01-25,61.0,1.7273
1994-01-26,60.0,1.699
1994-01-27,59.0,1.6707
1994-01-28,58.0,1.6424
1994-01-29,58.0,1.6424
1994-01-30,60.0,1.699
1994-01-31,120.0,3.398
1994-02-01,136.0,3.8511
1994-02-02,138.0,3.9077
1994-02-03,140.0,3.9644
1994-02-04,131.0,3.7095
1994-02-05,112.0,3.1715
1994-02-06,115.0,3.2564
1994-02-07,97.0,2.7467
1994-02-08,93.0,2.6335
1994-02-09,92.0,2.6051
1994-02-10,95.0,2.6901
1994-02-11,98.0,2.775
1994-02-12,98.0,2.775
1994-02-13,98.0,2.775
1994-02-14,94.0,2.6618
1994-02-15,90.0,2.5485
1994-02-16,84.0,2.3786
1994-02-17,83.0,2.3503
1994-02-18,82.0,2.322
1994-02-19,83.0,2.3503
1994-02-20,83.0,2.3503
1994-02-21,81.0,2.2937
1994-02-22,81.0,2.2937
1994-02-23,82.0,2.322
1994-02-24,76.0,2.1521
1994-02-25,73.0,2.0671
1994-02-26,72.0,2.0388
1994-02-27,66.0,1.8689
1994-02-28,56.0,1.5857
1994-03-01,45.0,1.2743
1994-03-02,54.0,1.5291
1994-03-03,53.0,1.5008
1994-03-04,89.0,2.5202
1994-03-05,78.0,2.2087
1994-03-06,63.0,1.784
1994-03-07,58.0,1.6424
1994-03-08,59.0,1.6707
1994-03-09,58.0,1.6424
1994-03-10,58.0,1.6424
1994-03-11,59.0,1.6707
1994-03-12,57.0,1.6141
1994-03-13,55.0,1.5574
1994-03-14,52.0,1.4725
1994-03-15,51.0,1.4442
1994-03-16,54.0,1.5291
1994-03-17,48.0,1.3592
1994-03-18,48.0,1.3592
1994-03-19,48.0,1.3592
1994-03-20,43.0,1.2176
1994-03-21,42.0,1.1893
1994-03-22,47.0,1.3309
1994-03-23,55.0,1.5574
1994-03-24,63.0,1.784
1994-03-25,49.0,1.3875
1994-03-26,46.0,1.3026
1994-03-27,47.0,1.3309
1994-03-28,52.0,1.4725
1994-03-29,60.0,1.699
1994-03-30,65.0,1.8406
1994-03-31,51.0,1.4442
1994-04-01,45.0,1.2743
1994-04-02,48.0,1.3592
1994-04-03,51.0,1.4442
1994-04-04,47.0,1.3309
1994-04-05,45.0,1.2743
1994-04-06,46.0,1.3026
1994-04-07,44.0,1.2459
1994-04-08,43.0,1.2176
1994-04-09,43.0,1.2176
1994-04-10,44.0,1.2459
1994-04-11,45.0,1.2743
1994-04-12,44.0,1.2459
1994-04-13,48.0,1.3592
1994-04-14,48.0,1.3592
1994-04-15,48.0,1.3592
1994-04-16,49.0,1.3875
1994-04-17,44.0,1.2459
1994-04-18,45.0,1.2743
1994-04-19,42.0,1.1893
1994-04-20,39.0,1.1044
1994-04-21,38.0,1.076
1994-04-22,38.0,1.076
1994-04-23,40.0,1.1327
1994-04-24,47.0,1.3309
1994-04-25,58.0,1.6424
1994-04-26,57.0,1.6141
1994-04-27,50.0,1.4158
1994-04-28,47.0,1.3309
1994-04-29,53.0,1.5008
1994-04-30,57.0,1.6141
1994-05-01,53.0,1.5008
1994-05-02,55.0,1.5574
1994-05-03,65.0,1.8406
1994-05-04,61.0,1.7273
1994-05-05,54.0,1.5291
1994-05-06,56.0,1.5857
1994-05-07,54.0,1.5291
1994-05-08,52.0,1.4725
1994-05-09,55.0,1.5574
1994-05-10,141.0,3.9927
1994-05-11,232.0,6.5695
1994-05-12,430.0,12.1762
1994-05-13,143.0,4.0493
1994-05-14,102.0,2.8883
1994-05-15,70.0,1.9822
1994-05-16,57.0,1.6141
1994-05-17,51.0,1.4442
1994-05-18,45.0,1.2743
1994-05-19,52.0,1.4725
1994-05-20,67.0,1.8972
1994-05-21,72.0,2.0388
1994-05-22,71.0,2.0105
1994-05-23,79.0,2.237
1994-05-24,78.0,2.2087
1994-05-25,74.0,2.0954
1994-05-26,61.0,1.7273
1994-05-27,53.0,1.5008
1994-05-28,56.0,1.5857
1994-05-29,53.0,1.5008
1994-05-30,50.0,1.4158
1994-05-31,52.0,1.4725
1994-06-01,53.0,1.5008
1994-06-02,52.0,1.4725
1994-06-03,48.0,1.3592
1994-06-04,51.0,1.4442
1994-06-05,42.0,1.1893
1994-06-06,37.0,1.0477
1994-06-07,40.0,1.1327
1994-06-08,41.0,1.161
1994-06-09,39.0,1.1044
1994-06-10,44.0,1.2459
1994-06-11,47.0,1.3309
1994-06-12,51.0,1.4442
1994-06-13,53.0,1.5008
1994-06-14,142.0,4.021
1994-06-15,128.0,3.6246
1994-06-16,47.0,1.3309
1994-06-17,45.0,1.2743
1994-06-18,40.0,1.1327
1994-06-19,37.0,1.0477
1994-06-20,40.0,1.1327
1994-06-21,42.0,1.1893
1994-06-22,49.0,1.3875
1994-06-23,44.0,1.2459
1994-06-24,37.0,1.0477
1994-06-25,42.0,1.1893
1994-06-26,40.0,1.1327
1994-06-27,46.0,1.3026
1994-06-28,38.0,1.076
1994-06-29,39.0,1.1044
1994-06-30,40.0,1.1327
1994-07-01,47.0,1.3309
1994-07-02,42.0,1.1893
1994-07-03,40.0,1.1327
1994-07-04,43.0,1.2176
1994-07-05,43.0,1.2176
1994-07-06,46.0,1.3026
1994-07-07,47.0,1.3309
1994-07-08,42.0,1.1893
1994-07-09,34.0,0.9628
1994-07-10,32.0,0.9061
1994-07-11,33.0,0.9345
1994-07-12,44.0,1.2459
1994-07-13,48.0,1.3592
1994-07-14,38.0,1.076
1994-07-15,39.0,1.1044
1994-07-16,40.0,1.1327
1994-07-17,50.0,1.4158
1994-07-18,48.0,1.3592
1994-07-19,54.0,1.5291
1994-07-20,303.0,8.58
1994-07-21,526.0,14.8946
1994-07-22,444.0,12.5727
1994-07-23,394.0,11.1568
1994-07-24,233.0,6.5978
1994-07-25,103.0,2.9166
1994-07-26,65.0,1.8406
1994-07-27,53.0,1.5008
1994-07-28,48.0,1.3592
1994-07-29,45.0,1.2743
1994-07-30,45.0,1.2743
1994-07-31,49.0,1.3875
1994-08-01,52.0,1.4725
1994-08-02,48.0,1.3592
1994-08-03,45.0,1.2743
1994-08-04,42.0,1.1893
1994-08-05,45.0,1.2743
1994-08-06,40.0,1.1327
1994-08-07,44.0,1.2459
1994-08-08,46.0,1.3026
1994-08-09,38.0,1.076
1994-08-10,41.0,1.161
1994-08-11,42.0,1.1893
1994-08-12,38.0,1.076
1994-08-13,36.0,1.0194
1994-08-14,35.0,0.9911
1994-08-15,36.0,1.0194
1994-08-16,42.0,1.1893
1994-08-17,48.0,1.3592
1994-08-18,49.0,1.3875
1994-08-19,45.0,1.2743
1994-08-20,41.0,1.161
1994-08-21,89.0,2.5202
1994-08-22,73.0,2.0671
1994-08-23,158.0,4.4741
1994-08-24,98.0,2.775
1994-08-25,54.0,1.5291
1994-08-26,49.0,1.3875
1994-08-27,51.0,1.4442
1994-08-28,49.0,1.3875
1994-08-29,47.0,1.3309
1994-08-30,42.0,1.1893
1994-08-31,42.0,1.1893
1994-09-01,44.0,1.2459
1994-09-02,57.0,1.6141
1994-09-03,59.0,1.6707
1994-09-04,46.0,1.3026
1994-09-05,48.0,1.3592
1994-09-06,66.0,1.8689
1994-09-07,115.0,3.2564
1994-09-08,94.0,2.6618
1994-09-09,66.0,1.8689
1994-09-10,60.0,1.699
1994-09-11,56.0,1.5857
1994-09-12,53.0,1.5008
1994-09-13,50.0,1.4158
1994-09-14,55.0,1.5574
1994-09-15,65.0,1.8406
1994-09-16,62.0,1.7556
1994-09-17,54.0,1.5291
1994-09-18,54.0,1.5291
1994-09-19,55.0,1.5574
1994-09-20,55.0,1.5574
1994-09-21,55.0,1.5574
1994-09-22,55.0,1.5574
1994-09-23,55.0,1.5574
1994-09-24,57.0,1.6141
1994-09-25,64.0,1.8123
1994-09-26,66.0,1.8689
1994-09-27,66.0,1.8689
1994-09-28,61.0,1.7273
1994-09-29,52.0,1.4725
1994-09-30,48.0,1.3592
1994-10-01,52.0,1.4725
1994-10-02,57.0,1.6141
1994-10-03,57.0,1.6141
1994-10-04,55.0,1.5574
1994-10-05,72.0,2.0388
1994-10-06,330.0,9.3445
1994-10-07,401.0,11.355
1994-10-08,402.0,11.3834
1994-10-09,413.0,11.6948
1994-10-10,411.0,11.6382
1994-10-11,409.0,11.5816
1994-10-12,407.0,11.5249
1994-10-13,407.0,11.5249
1994-10-14,407.0,11.5249
1994-10-15,407.0,11.5249
1994-10-16,413.0,11.6948
1994-10-17,415.0,11.7515
1994-10-18,417.0,11.8081
1994-10-19,416.0,11.7798
1994-10-20,414.0,11.7232
1994-10-21,420.0,11.8931
1994-10-22,432.0,12.2329
1994-10-23,430.0,12.1762
1994-10-24,425.0,12.0346
1994-10-25,422.0,11.9497
1994-10-26,406.0,11.4966
1994-10-27,232.0,6.5695
1994-10-28,129.0,3.6529
1994-10-29,101.0,2.86
1994-10-30,94.0,2.6618
1994-10-31,89.0,2.5202
1994-11-01,96.0,2.7184
1994-11-02,104.0,2.9449
1994-11-03,126.0,3.5679
1994-11-04,176.0,4.9838
1994-11-05,162.0,4.5873
1994-11-06,140.0,3.9644
1994-11-07,119.0,3.3697
1994-11-08,111.0,3.1432
1994-11-09,105.0,2.9733
1994-11-10,100.0,2.8317
1994-11-11,100.0,2.8317
1994-11-12,98.0,2.775
1994-11-13,99.0,2.8034
1994-11-14,101.0,2.86
1994-11-15,102.0,2.8883
1994-11-16,94.0,2.6618
1994-11-17,92.0,2.6051
1994-11-18,91.0,2.5768
1994-11-19,90.0,2.5485
1994-11-20,87.0,2.4636
1994-11-21,89.0,2.5202
1994-11-22,87.0,2.4636
1994-11-23,80.0,2.2653
1994-11-24,84.0,2.3786
1994-11-25,88.0,2.4919
1994-11-26,90.0,2.5485
1994-11-27,85.0,2.4069
1994-11-28,84.0,2.3786
1994-11-29,81.0,2.2937
1994-11-30,77.0,2.1804
1994-12-01,77.0,2.1804
1994-12-02,77.0,2.1804
1994-12-03,78.0,2.2087
1994-12-04,78.0,2.2087
1994-12-05,78.0,2.2087
1994-12-06,78.0,2.2087
1994-12-07,78.0,2.2087
1994-12-08,78.0,2.2087
1994-12-09,76.0,2.1521
1994-12-10,76.0,2.1521
1994-12-11,75.0,2.1238
1994-12-12,75.0,2.1238
1994-12-13,76.0,2.1521
1994-12-14,77.0,2.1804
1994-12-15,78.0,2.2087
1994-12-16,77.0,2.1804
1994-12-17,76.0,2.1521
1994-12-18,75.0,2.1238
1994-12-19,77.0,2.1804
1994-12-20,77.0,2.1804
1994-12-21,77.0,2.1804
1994-12-22,76.0,2.1521
1994-12-23,76.0,2.1521
1994-12-24,77.0,2.1804
1994-12-25,79.0,2.237
1994-12-26,80.0,2.2653
1994-12-27,79.0,2.237
1994-12-28,78.0,2.2087
1994-12-29,78.0,2.2087
1994-12-30,79.0,2.237
1994-12-31,78.0,2.2087
1995-01-01,77.0,2.1804
1995-01-02,77.0,2.1804
1995-01-03,76.0,2.1521
1995-01-04,76.0,2.1521
1995-01-05,77.0,2.1804
1995-01-06,78.0,2.2087
1995-01-07,78.0,2.2087
1995-01-08,81.0,2.2937
1995-01-09,77.0,2.1804
1995-01-10,80.0,2.2653
1995-01-11,78.0,2.2087
1995-01-12,77.0,2.1804
1995-01-13,75.0,2.1238
1995-01-14,73.0,2.0671
1995-01-15,79.0,2.237
1995-01-16,153.0,4.3325
1995-01-17,165.0,4.6723
1995-01-18,162.0,4.5873
1995-01-19,145.0,4.1059
1995-01-20,126.0,3.5679
1995-01-21,111.0,3.1432
1995-01-22,106.0,3.0016
1995-01-23,103.0,2.9166
1995-01-24,99.0,2.8034
1995-01-25,98.0,2.775
1995-01-26,99.0,2.8034
1995-01-27,99.0,2.8034
1995-01-28,98.0,2.775
1995-01-29,98.0,2.775
1995-01-30,101.0,2.86
1995-01-31,99.0,2.8034
1995-02-01,98.0,2.775
1995-02-02,98.0,2.775
1995-02-03,97.0,2.7467
1995-02-04,94.0,2.6618
1995-02-05,88.0,2.4919
1995-02-06,93.0,2.6335
1995-02-07,92.0,2.6051
1995-02-08,91.0,2.5768
1995-02-09,88.0,2.4919
1995-02-10,74.0,2.0954
1995-02-11,72.0,2.0388
1995-02-12,86.0,2.4352
1995-02-13,89.0,2.5202
1995-02-14,91.0,2.5768
1995-02-15,91.0,2.5768
1995-02-16,93.0,2.6335
1995-02-17,89.0,2.5202
1995-02-18,86.0,2.4352
1995-02-19,83.0,2.3503
1995-02-20,84.0,2.3786
1995-02-21,84.0,2.3786
1995-02-22,82.0,2.322
1995-02-23,77.0,2.1804
1995-02-24,81.0,2.2937
1995-02-25,82.0,2.322
1995-02-26,82.0,2.322
1995-02-27,83.0,2.3503
1995-02-28,81.0,2.2937
1995-03-01,79.0,2.237
1995-03-02,79.0,2.237
1995-03-03,80.0,2.2653
1995-03-04,81.0,2.2937
1995-03-05,82.0,2.322
1995-03-06,83.0,2.3503
1995-03-07,83.0,2.3503
1995-03-08,82.0,2.322
1995-03-09,89.0,2.5202
1995-03-10,95.0,2.6901
1995-03-11,81.0,2.2937
1995-03-12,82.0,2.322
1995-03-13,80.0,2.2653
1995-03-14,83.0,2.3503
1995-03-15,77.0,2.1804
1995-03-16,75.0,2.1238
1995-03-17,78.0,2.2087
1995-03-18,82.0,2.322
1995-03-19,84.0,2.3786
1995-03-20,90.0,2.5485
1995-03-21,89.0,2.5202
1995-03-22,87.0,2.4636
1995-03-23,120.0,3.398
1995-03-24,98.0,2.775
1995-03-25,60.0,1.699
1995-03-26,43.0,1.2176
1995-03-27,36.0,1.0194
1995-03-28,32.0,0.9061
1995-03-29,34.0,0.9628
1995-03-30,32.0,0.9061
1995-03-31,32.0,0.9061
1995-04-01,50.0,1.4158
1995-04-02,57.0,1.6141
1995-04-03,53.0,1.5008
1995-04-04,49.0,1.3875
1995-04-05,45.0,1.2743
1995-04-06,41.0,1.161
1995-04-07,41.0,1.161
1995-04-08,38.0,1.076
1995-04-09,37.0,1.0477
1995-04-10,36.0,1.0194
1995-04-11,32.0,0.9061
1995-04-12,31.0,0.8778
1995-04-13,30.0,0.8495
1995-04-14,32.0,0.9061
1995-04-15,34.0,0.9628
1995-04-16,36.0,1.0194
1995-04-17,36.0,1.0194
1995-04-18,35.0,0.9911
1995-04-19,37.0,1.0477
1995-04-20,36.0,1.0194
1995-04-21,33.0,0.9345
1995-04-22,31.0,0.8778
1995-04-23,33.0,0.9345
1995-04-24,39.0,1.1044
1995-04-25,37.0,1.0477
1995-04-26,32.0,0.9061
1995-04-27,31.0,0.8778
1995-04-28,34.0,0.9628
1995-04-29,36.0,1.0194
1995-04-30,37.0,1.0477
1995-05-01,38.0,1.076
1995-05-02,36.0,1.0194
1995-05-03,34.0,0.9628
1995-05-04,32.0,0.9061
1995-05-05,45.0,1.2743
1995-05-06,45.0,1.2743
1995-05-07,41.0,1.161
1995-05-08,36.0,1.0194
1995-05-09,32.0,0.9061
1995-05-10,31.0,0.8778
1995-05-11,40.0,1.1327
1995-05-12,38.0,1.076
1995-05-13,35.0,0.9911
1995-05-14,34.0,0.9628
1995-05-15,35.0,0.9911
1995-05-16,46.0,1.3026
1995-05-17,36.0,1.0194
1995-05-18,35.0,0.9911
1995-05-19,38.0,1.076
1995-05-20,45.0,1.2743
1995-05-21,45.0,1.2743
1995-05-22,42.0,1.1893
1995-05-23,45.0,1.2743
1995-05-24,34.0,0.9628
1995-05-25,43.0,1.2176
1995-05-26,77.0,2.1804
1995-05-27,113.0,3.1998
1995-05-28,103.0,2.9166
1995-05-29,75.0,2.1238
1995-05-30,74.0,2.0954
1995-05-31,66.0,1.8689
1995-06-01,59.0,1.6707
1995-06-02,75.0,2.1238
1995-06-03,68.0,1.9255
1995-06-04,56.0,1.5857
1995-06-05,46.0,1.3026
1995-06-06,41.0,1.161
1995-06-07,38.0,1.076
1995-06-08,35.0,0.9911
1995-06-09,32.0,0.9061
1995-06-10,34.0,0.9628
1995-06-11,41.0,1.161
1995-06-12,40.0,1.1327
1995-06-13,41.0,1.161
1995-06-14,41.0,1.161
1995-06-15,37.0,1.0477
1995-06-16,32.0,0.9061
1995-06-17,31.0,0.8778
1995-06-18,32.0,0.9061
1995-06-19,35.0,0.9911
1995-06-20,36.0,1.0194
1995-06-21,42.0,1.1893
1995-06-22,35.0,0.9911
1995-06-23,35.0,0.9911
1995-06-24,41.0,1.161
1995-06-25,44.0,1.2459
1995-06-26,48.0,1.3592
1995-06-27,47.0,1.3309
1995-06-28,54.0,1.5291
1995-06-29,60.0,1.699
1995-06-30,279.0,7.9004
1995-07-01,219.0,6.2014
1995-07-02,188.0,5.3236
1995-07-03,102.0,2.8883
1995-07-04,61.0,1.7273
1995-07-05,50.0,1.4158
1995-07-06,48.0,1.3592
1995-07-07,45.0,1.2743
1995-07-08,42.0,1.1893
1995-07-09,43.0,1.2176
1995-07-10,64.0,1.8123
1995-07-11,50.0,1.4158
1995-07-12,91.0,2.5768
1995-07-13,298.0,8.4384
1995-07-14,333.0,9.4295
1995-07-15,330.0,9.3445
1995-07-16,346.0,9.7976
1995-07-17,363.0,10.279
1995-07-18,366.0,10.3639
1995-07-19,357.0,10.1091
1995-07-20,351.0,9.9392
1995-07-21,355.0,10.0525
1995-07-22,366.0,10.3639
1995-07-23,372.0,10.5338
1995-07-24,359.0,10.1657
1995-07-25,362.0,10.2507
1995-07-26,360.0,10.194
1995-07-27,251.0,7.1075
1995-07-28,123.0,3.483
1995-07-29,73.0,2.0671
1995-07-30,62.0,1.7556
1995-07-31,61.0,1.7273
1995-08-01,63.0,1.784
1995-08-02,63.0,1.784
1995-08-03,65.0,1.8406
1995-08-04,60.0,1.699
1995-08-05,54.0,1.5291
1995-08-06,52.0,1.4725
1995-08-07,57.0,1.6141
1995-08-08,55.0,1.5574
1995-08-09,50.0,1.4158
1995-08-10,48.0,1.3592
1995-08-11,48.0,1.3592
1995-08-12,49.0,1.3875
1995-08-13,52.0,1.4725
1995-08-14,50.0,1.4158
1995-08-15,54.0,1.5291
1995-08-16,51.0,1.4442
1995-08-17,46.0,1.3026
1995-08-18,55.0,1.5574
1995-08-19,54.0,1.5291
1995-08-20,54.0,1.5291
1995-08-21,53.0,1.5008
1995-08-22,53.0,1.5008
1995-08-23,52.0,1.4725
1995-08-24,51.0,1.4442
1995-08-25,55.0,1.5574
1995-08-26,58.0,1.6424
1995-08-27,51.0,1.4442
1995-08-28,57.0,1.6141
1995-08-29,63.0,1.784
1995-08-30,59.0,1.6707
1995-08-31,54.0,1.5291
1995-09-01,56.0,1.5857
1995-09-02,67.0,1.8972
1995-09-03,72.0,2.0388
1995-09-04,69.0,1.9539
1995-09-05,56.0,1.5857
1995-09-06,55.0,1.5574
1995-09-07,44.0,1.2459
1995-09-08,173.0,4.8988
1995-09-09,126.0,3.5679
1995-09-10,121.0,3.4263
1995-09-11,102.0,2.8883
1995-09-12,127.0,3.5962
1995-09-13,133.0,3.7661
1995-09-14,82.0,2.322
1995-09-15,110.0,3.1148
1995-09-16,125.0,3.5396
1995-09-17,127.0,3.5962
1995-09-18,95.0,2.6901
1995-09-19,73.0,2.0671
1995-09-20,66.0,1.8689
1995-09-21,63.0,1.784
1995-09-22,61.0,1.7273
1995-09-23,77.0,2.1804
1995-09-24,83.0,2.3503
1995-09-25,79.0,2.237
1995-09-26,75.0,2.1238
1995-09-27,66.0,1.8689
1995-09-28,68.0,1.9255
1995-09-29,74.0,2.0954
1995-09-30,63.0,1.784
1995-10-01,62.0,1.7556
1995-10-02,72.0,2.0388
1995-10-03,71.0,2.0105
1995-10-04,71.0,2.0105
1995-10-05,69.0,1.9539
1995-10-06,72.0,2.0388
1995-10-07,58.0,1.6424
1995-10-08,86.0,2.4352
1995-10-09,361.0,10.2224
1995-10-10,404.0,11.44
1995-10-11,389.0,11.0152
1995-10-12,394.0,11.1568
1995-10-13,410.0,11.6099
1995-10-14,418.0,11.8364
1995-10-15,420.0,11.8931
1995-10-16,415.0,11.7515
1995-10-17,402.0,11.3834
1995-10-18,405.0,11.4683
1995-10-19,427.0,12.0913
1995-10-20,424.0,12.0063
1995-10-21,246.0,6.9659
1995-10-22,121.0,3.4263
1995-10-23,87.0,2.4636
1995-10-24,84.0,2.3786
1995-10-25,73.0,2.0671
1995-10-26,70.0,1.9822
1995-10-27,89.0,2.5202
1995-10-28,86.0,2.4352
1995-10-29,84.0,2.3786
1995-10-30,88.0,2.4919
1995-10-31,89.0,2.5202
1995-11-01,93.0,2.6335
1995-11-02,143.0,4.0493
1995-11-03,153.0,4.3325
1995-11-04,132.0,3.7378
1995-11-05,108.0,3.0582
1995-11-06,105.0,2.9733
1995-11-07,96.0,2.7184
1995-11-08,96.0,2.7184
1995-11-09,91.0,2.5768
1995-11-10,90.0,2.5485
1995-11-11,91.0,2.5768
1995-11-12,88.0,2.4919
1995-11-13,82.0,2.322
1995-11-14,86.0,2.4352
1995-11-15,89.0,2.5202
1995-11-16,89.0,2.5202
1995-11-17,90.0,2.5485
1995-11-18,91.0,2.5768
1995-11-19,91.0,2.5768
1995-11-20,91.0,2.5768
1995-11-21,90.0,2.5485
1995-11-22,90.0,2.5485
1995-11-23,90.0,2.5485
1995-11-24,89.0,2.5202
1995-11-25,89.0,2.5202
1995-11-26,90.0,2.5485
1995-11-27,90.0,2.5485
1995-11-28,89.0,2.5202
1995-11-29,85.0,2.4069
1995-11-30,86.0,2.4352
1995-12-01,88.0,2.4919
1995-12-02,89.0,2.5202
1995-12-03,89.0,2.5202
1995-12-04,90.0,2.5485
1995-12-05,87.0,2.4636
1995-12-06,86.0,2.4352
1995-12-07,85.0,2.4069
1995-12-08,88.0,2.4919
1995-12-09,86.0,2.4352
1995-12-10,87.0,2.4636
1995-12-11,88.0,2.4919
1995-12-12,89.0,2.5202
1995-12-13,90.0,2.5485
1995-12-14,92.0,2.6051
1995-12-15,90.0,2.5485
1995-12-16,87.0,2.4636
1995-12-17,90.0,2.5485
1995-12-18,95.0,2.6901
1995-12-19,96.0,2.7184
1995-12-20,101.0,2.86
1995-12-21,99.0,2.8034
1995-12-22,92.0,2.6051
1995-12-23,93.0,2.6335
1995-12-24,94.0,2.6618
1995-12-25,93.0,2.6335
1995-12-26,92.0,2.6051
1995-12-27,95.0,2.6901
1995-12-28,94.0,2.6618
1995-12-29,93.0,2.6335
1995-12-30,93.0,2.6335
1995-12-31,91.0,2.5768
1996-01-01,99.0,2.8034
1996-01-02,102.0,2.8883
1996-01-03,107.0,3.0299
1996-01-04,105.0,2.9733
1996-01-05,95.0,2.6901
1996-01-06,91.0,2.5768
1996-01-07,97.0,2.7467
1996-01-08,109.0,3.0865
1996-01-09,94.0,2.6618
1996-01-10,88.0,2.4919
1996-01-11,88.0,2.4919
1996-01-12,80.0,2.2653
1996-01-13,76.0,2.1521
1996-01-14,74.0,2.0954
1996-01-15,74.0,2.0954
1996-01-16,74.0,2.0954
1996-01-17,71.0,2.0105
1996-01-18,69.0,1.9539
1996-01-19,74.0,2.0954
1996-01-20,69.0,1.9539
1996-01-21,66.0,1.8689
1996-01-22,70.0,1.9822
1996-01-23,69.0,1.9539
1996-01-24,67.0,1.8972
1996-01-25,69.0,1.9539
1996-01-26,64.0,1.8123
1996-01-27,61.0,1.7273
1996-01-28,68.0,1.9255
1996-01-29,66.0,1.8689
1996-01-30,67.0,1.8972
1996-01-31,64.0,1.8123
1996-02-01,74.0,2.0954
1996-02-02,66.0,1.8689
1996-02-03,62.0,1.7556
1996-02-04,67.0,1.8972
1996-02-05,69.0,1.9539
1996-02-06,71.0,2.0105
1996-02-07,73.0,2.0671
1996-02-08,71.0,2.0105
1996-02-09,64.0,1.8123
1996-02-10,61.0,1.7273
1996-02-11,64.0,1.8123
1996-02-12,68.0,1.9255
1996-02-13,67.0,1.8972
1996-02-14,65.0,1.8406
1996-02-15,66.0,1.8689
1996-02-16,67.0,1.8972
1996-02-17,61.0,1.7273
1996-02-18,55.0,1.5574
1996-02-19,54.0,1.5291
1996-02-20,55.0,1.5574
1996-02-21,58.0,1.6424
1996-02-22,58.0,1.6424
1996-02-23,54.0,1.5291
1996-02-24,56.0,1.5857
1996-02-25,57.0,1.6141
1996-02-26,53.0,1.5008
1996-02-27,51.0,1.4442
1996-02-28,52.0,1.4725
1996-02-29,55.0,1.5574
1996-03-01,51.0,1.4442
1996-03-02,50.0,1.4158
1996-03-03,51.0,1.4442
1996-03-04,51.0,1.4442
1996-03-05,51.0,1.4442
1996-03-06,52.0,1.4725
1996-03-07,52.0,1.4725
1996-03-08,54.0,1.5291
1996-03-09,52.0,1.4725
1996-03-10,63.0,1.784
1996-03-11,69.0,1.9539
1996-03-12,60.0,1.699
1996-03-13,61.0,1.7273
1996-03-14,54.0,1.5291
1996-03-15,52.0,1.4725
1996-03-16,52.0,1.4725
1996-03-17,51.0,1.4442
1996-03-18,50.0,1.4158
1996-03-19,53.0,1.5008
1996-03-20,55.0,1.5574
1996-03-21,50.0,1.4158
1996-03-22,50.0,1.4158
1996-03-23,55.0,1.5574
1996-03-24,55.0,1.5574
1996-03-25,55.0,1.5574
1996-03-26,47.0,1.3309
1996-03-27,53.0,1.5008
1996-03-28,46.0,1.3026
1996-03-29,48.0,1.3592
1996-03-30,52.0,1.4725
1996-03-31,60.0,1.699
1996-04-01,58.0,1.6424
1996-04-02,54.0,1.5291
1996-04-03,52.0,1.4725
1996-04-04,52.0,1.4725
1996-04-05,62.0,1.7556
1996-04-06,71.0,2.0105
1996-04-07,70.0,1.9822
1996-04-08,66.0,1.8689
1996-04-09,58.0,1.6424
1996-04-10,57.0,1.6141
1996-04-11,59.0,1.6707
1996-04-12,53.0,1.5008
1996-04-13,53.0,1.5008
1996-04-14,51.0,1.4442
1996-04-15,49.0,1.3875
1996-04-16,49.0,1.3875
1996-04-17,48.0,1.3592
1996-04-18,43.0,1.2176
1996-04-19,45.0,1.2743
1996-04-20,50.0,1.4158
1996-04-21,51.0,1.4442
1996-04-22,49.0,1.3875
1996-04-23,50.0,1.4158
1996-04-24,56.0,1.5857
1996-04-25,49.0,1.3875
1996-04-26,45.0,1.2743
1996-04-27,51.0,1.4442
1996-04-28,53.0,1.5008
1996-04-29,50.0,1.4158
1996-04-30,52.0,1.4725
1996-05-01,48.0,1.3592
1996-05-02,57.0,1.6141
1996-05-03,56.0,1.5857
1996-05-04,50.0,1.4158
1996-05-05,57.0,1.6141
1996-05-06,60.0,1.699
1996-05-07,50.0,1.4158
1996-05-08,44.0,1.2459
1996-05-09,40.0,1.1327
1996-05-10,37.0,1.0477
1996-05-11,37.0,1.0477
1996-05-12,42.0,1.1893
1996-05-13,40.0,1.1327
1996-05-14,37.0,1.0477
1996-05-15,37.0,1.0477
1996-05-16,40.0,1.1327
1996-05-17,38.0,1.076
1996-05-18,36.0,1.0194
1996-05-19,36.0,1.0194
1996-05-20,36.0,1.0194
1996-05-21,33.0,0.9345
1996-05-22,30.0,0.8495
1996-05-23,29.0,0.8212
1996-05-24,72.0,2.0388
1996-05-25,310.0,8.7782
1996-05-26,340.0,9.6277
1996-05-27,336.0,9.5144
1996-05-28,336.0,9.5144
1996-05-29,335.0,9.4861
1996-05-30,321.0,9.0897
1996-05-31,344.0,9.741
1996-06-01,353.0,9.9958
1996-06-02,347.0,9.8259
1996-06-03,340.0,9.6277
1996-06-04,336.0,9.5144
1996-06-05,320.0,9.0614
1996-06-06,217.0,6.1447
1996-06-07,107.0,3.0299
1996-06-08,70.0,1.9822
1996-06-09,58.0,1.6424
1996-06-10,52.0,1.4725
1996-06-11,49.0,1.3875
1996-06-12,47.0,1.3309
1996-06-13,46.0,1.3026
1996-06-14,55.0,1.5574
1996-06-15,79.0,2.237
1996-06-16,91.0,2.5768
1996-06-17,63.0,1.784
1996-06-18,51.0,1.4442
1996-06-19,49.0,1.3875
1996-06-20,47.0,1.3309
1996-06-21,45.0,1.2743
1996-06-22,42.0,1.1893
1996-06-23,47.0,1.3309
1996-06-24,50.0,1.4158
1996-06-25,51.0,1.4442
1996-06-26,65.0,1.8406
1996-06-27,60.0,1.699
1996-06-28,58.0,1.6424
1996-06-29,71.0,2.0105
1996-06-30,56.0,1.5857
1996-07-01,55.0,1.5574
1996-07-02,51.0,1.4442
1996-07-03,49.0,1.3875
1996-07-04,51.0,1.4442
1996-07-05,50.0,1.4158
1996-07-06,50.0,1.4158
1996-07-07,47.0,1.3309
1996-07-08,45.0,1.2743
1996-07-09,42.0,1.1893
1996-07-10,94.0,2.6618
1996-07-11,326.0,9.2313
1996-07-12,339.0,9.5994
1996-07-13,334.0,9.4578
1996-07-14,318.0,9.0047
1996-07-15,316.0,8.9481
1996-07-16,346.0,9.7976
1996-07-17,324.0,9.1746
1996-07-18,350.0,9.9109
1996-07-19,366.0,10.3639
1996-07-20,341.0,9.656
1996-07-21,355.0,10.0525
1996-07-22,253.0,7.1642
1996-07-23,127.0,3.5962
1996-07-24,83.0,2.3503
1996-07-25,78.0,2.2087
1996-07-26,75.0,2.1238
1996-07-27,71.0,2.0105
1996-07-28,68.0,1.9255
1996-07-29,72.0,2.0388
1996-07-30,64.0,1.8123
1996-07-31,56.0,1.5857
1996-08-01,52.0,1.4725
1996-08-02,49.0,1.3875
1996-08-03,50.0,1.4158
1996-08-04,47.0,1.3309
1996-08-05,48.0,1.3592
1996-08-06,48.0,1.3592
1996-08-07,51.0,1.4442
1996-08-08,47.0,1.3309
1996-08-09,45.0,1.2743
1996-08-10,48.0,1.3592
1996-08-11,52.0,1.4725
1996-08-12,48.0,1.3592
1996-08-13,52.0,1.4725
1996-08-14,42.0,1.1893
1996-08-15,41.0,1.161
1996-08-16,40.0,1.1327
1996-08-17,41.0,1.161
1996-08-18,42.0,1.1893
1996-08-19,60.0,1.699
1996-08-20,165.0,4.6723
1996-08-21,59.0,1.6707
1996-08-22,53.0,1.5008
1996-08-23,44.0,1.2459
1996-08-24,44.0,1.2459
1996-08-25,60.0,1.699
1996-08-26,135.0,3.8228
1996-08-27,178.0,5.0404
1996-08-28,134.0,3.7945
1996-08-29,114.0,3.2281
1996-08-30,95.0,2.6901
1996-08-31,191.0,5.4085
1996-09-01,409.0,11.5816
1996-09-02,186.0,5.2669
1996-09-03,90.0,2.5485
1996-09-04,66.0,1.8689
1996-09-05,64.0,1.8123
1996-09-06,58.0,1.6424
1996-09-07,55.0,1.5574
1996-09-08,69.0,1.9539
1996-09-09,55.0,1.5574
1996-09-10,58.0,1.6424
1996-09-11,84.0,2.3786
1996-09-12,632.0,17.8962
1996-09-13,627.0,17.7546
1996-09-14,187.0,5.2952
1996-09-15,110.0,3.1148
1996-09-16,87.0,2.4636
1996-09-17,79.0,2.237
1996-09-18,79.0,2.237
1996-09-19,73.0,2.0671
1996-09-20,69.0,1.9539
1996-09-21,66.0,1.8689
1996-09-22,65.0,1.8406
1996-09-23,64.0,1.8123
1996-09-24,63.0,1.784
1996-09-25,67.0,1.8972
1996-09-26,68.0,1.9255
1996-09-27,69.0,1.9539
1996-09-28,62.0,1.7556
1996-09-29,55.0,1.5574
1996-09-30,66.0,1.8689
1996-10-01,81.0,2.2937
1996-10-02,81.0,2.2937
1996-10-03,77.0,2.1804
1996-10-04,76.0,2.1521
1996-10-05,87.0,2.4636
1996-10-06,86.0,2.4352
1996-10-07,86.0,2.4352
1996-10-08,68.0,1.9255
1996-10-09,62.0,1.7556
1996-10-10,62.0,1.7556
1996-10-11,69.0,1.9539
1996-10-12,68.0,1.9255
1996-10-13,64.0,1.8123
1996-10-14,65.0,1.8406
1996-10-15,65.0,1.8406
1996-10-16,64.0,1.8123
1996-10-17,57.0,1.6141
1996-10-18,54.0,1.5291
1996-10-19,58.0,1.6424
1996-10-20,77.0,2.1804
1996-10-21,76.0,2.1521
1996-10-22,71.0,2.0105
1996-10-23,78.0,2.2087
1996-10-24,77.0,2.1804
1996-10-25,72.0,2.0388
1996-10-26,72.0,2.0388
1996-10-27,70.0,1.9822
1996-10-28,73.0,2.0671
1996-10-29,80.0,2.2653
1996-10-30,71.0,2.0105
1996-10-31,70.0,1.9822
1996-11-01,79.0,2.237
1996-11-02,125.0,3.5396
1996-11-03,168.0,4.7572
1996-11-04,311.0,8.8065
1996-11-05,324.0,9.1746
1996-11-06,328.0,9.2879
1996-11-07,330.0,9.3445
1996-11-08,340.0,9.6277
1996-11-09,351.0,9.9392
1996-11-10,363.0,10.279
1996-11-11,344.0,9.741
1996-11-12,351.0,9.9392
1996-11-13,356.0,10.0808
1996-11-14,359.0,10.1657
1996-11-15,356.0,10.0808
1996-11-16,347.0,9.8259
1996-11-17,231.0,6.5412
1996-11-18,136.0,3.8511
1996-11-19,105.0,2.9733
1996-11-20,99.0,2.8034
1996-11-21,96.0,2.7184
1996-11-22,93.0,2.6335
1996-11-23,91.0,2.5768
1996-11-24,88.0,2.4919
1996-11-25,87.0,2.4636
1996-11-26,84.0,2.3786
1996-11-27,80.0,2.2653
1996-11-28,84.0,2.3786
1996-11-29,89.0,2.5202
1996-11-30,91.0,2.5768
1996-12-01,92.0,2.6051
1996-12-02,88.0,2.4919
1996-12-03,81.0,2.2937
1996-12-04,81.0,2.2937
1996-12-05,81.0,2.2937
1996-12-06,80.0,2.2653
1996-12-07,81.0,2.2937
1996-12-08,83.0,2.3503
1996-12-09,98.0,2.775
1996-12-10,92.0,2.6051
1996-12-11,87.0,2.4636
1996-12-12,89.0,2.5202
1996-12-13,84.0,2.3786
1996-12-14,82.0,2.322
1996-12-15,79.0,2.237
1996-12-16,78.0,2.2087
1996-12-17,76.0,2.1521
1996-12-18,74.0,2.0954
1996-12-19,76.0,2.1521
1996-12-20,75.0,2.1238
1996-12-21,77.0,2.1804
1996-12-22,79.0,2.237
1996-12-23,81.0,2.2937
1996-12-24,79.0,2.237
1996-12-25,79.0,2.237
1996-12-26,78.0,2.2087
1996-12-27,77.0,2.1804
1996-12-28,78.0,2.2087
1996-12-29,79.0,2.237
1996-12-30,77.0,2.1804
1996-12-31,76.0,2.1521
1997-01-01,76.0,2.1521
1997-01-02,76.0,2.1521
1997-01-03,76.0,2.1521
1997-01-04,78.0,2.2087
1997-01-05,85.0,2.4069
1997-01-06,76.0,2.1521
1997-01-07,74.0,2.0954
1997-01-08,78.0,2.2087
1997-01-09,80.0,2.2653
1997-01-10,79.0,2.237
1997-01-11,77.0,2.1804
1997-01-12,76.0,2.1521
1997-01-13,74.0,2.0954
1997-01-14,75.0,2.1238
1997-01-15,75.0,2.1238
1997-01-16,75.0,2.1238
1997-01-17,76.0,2.1521
1997-01-18,76.0,2.1521
1997-01-19,75.0,2.1238
1997-01-20,75.0,2.1238
1997-01-21,75.0,2.1238
1997-01-22,74.0,2.0954
1997-01-23,71.0,2.0105
1997-01-24,68.0,1.9255
1997-01-25,69.0,1.9539
1997-01-26,71.0,2.0105
1997-01-27,71.0,2.0105
1997-01-28,71.0,2.0105
1997-01-29,70.0,1.9822
1997-01-30,68.0,1.9255
1997-01-31,65.0,1.8406
1997-02-01,69.0,1.9539
1997-02-02,71.0,2.0105
1997-02-03,71.0,2.0105
1997-02-04,69.0,1.9539
1997-02-05,69.0,1.9539
1997-02-06,69.0,1.9539
1997-02-07,69.0,1.9539
1997-02-08,69.0,1.9539
1997-02-09,70.0,1.9822
1997-02-10,69.0,1.9539
1997-02-11,69.0,1.9539
1997-02-12,76.0,2.1521
1997-02-13,85.0,2.4069
1997-02-14,112.0,3.1715
1997-02-15,94.0,2.6618
1997-02-16,81.0,2.2937
1997-02-17,75.0,2.1238
1997-02-18,73.0,2.0671
1997-02-19,74.0,2.0954
1997-02-20,68.0,1.9255
1997-02-21,69.0,1.9539
1997-02-22,66.0,1.8689
1997-02-23,61.0,1.7273
1997-02-24,60.0,1.699
1997-02-25,61.0,1.7273
1997-02-26,64.0,1.8123
1997-02-27,65.0,1.8406
1997-02-28,64.0,1.8123
1997-03-01,63.0,1.784
1997-03-02,63.0,1.784
1997-03-03,63.0,1.784
1997-03-04,63.0,1.784
1997-03-05,63.0,1.784
1997-03-06,62.0,1.7556
1997-03-07,60.0,1.699
1997-03-08,56.0,1.5857
1997-03-09,59.0,1.6707
1997-03-10,60.0,1.699
1997-03-11,60.0,1.699
1997-03-12,57.0,1.6141
1997-03-13,55.0,1.5574
1997-03-14,56.0,1.5857
1997-03-15,56.0,1.5857
1997-03-16,54.0,1.5291
1997-03-17,52.0,1.4725
1997-03-18,56.0,1.5857
1997-03-19,58.0,1.6424
1997-03-20,55.0,1.5574
1997-03-21,52.0,1.4725
1997-03-22,52.0,1.4725
1997-03-23,51.0,1.4442
1997-03-24,50.0,1.4158
1997-03-25,48.0,1.3592
1997-03-26,52.0,1.4725
1997-03-27,57.0,1.6141
1997-03-28,61.0,1.7273
1997-03-29,70.0,1.9822
1997-03-30,55.0,1.5574
1997-03-31,45.0,1.2743
1997-04-01,42.0,1.1893
1997-04-02,41.0,1.161
1997-04-03,52.0,1.4725
1997-04-04,58.0,1.6424
1997-04-05,61.0,1.7273
1997-04-06,69.0,1.9539
1997-04-07,60.0,1.699
1997-04-08,64.0,1.8123
1997-04-09,56.0,1.5857
1997-04-10,52.0,1.4725
1997-04-11,53.0,1.5008
1997-04-12,54.0,1.5291
1997-04-13,48.0,1.3592
1997-04-14,46.0,1.3026
1997-04-15,47.0,1.3309
1997-04-16,50.0,1.4158
1997-04-17,50.0,1.4158
1997-04-18,53.0,1.5008
1997-04-19,51.0,1.4442
1997-04-20,45.0,1.2743
1997-04-21,46.0,1.3026
1997-04-22,58.0,1.6424
1997-04-23,53.0,1.5008
1997-04-24,49.0,1.3875
1997-04-25,52.0,1.4725
1997-04-26,62.0,1.7556
1997-04-27,76.0,2.1521
1997-04-28,80.0,2.2653
1997-04-29,68.0,1.9255
1997-04-30,60.0,1.699
1997-05-01,57.0,1.6141
1997-05-02,55.0,1.5574
1997-05-03,52.0,1.4725
1997-05-04,49.0,1.3875
1997-05-05,47.0,1.3309
1997-05-06,47.0,1.3309
1997-05-07,48.0,1.3592
1997-05-08,51.0,1.4442
1997-05-09,66.0,1.8689
1997-05-10,61.0,1.7273
1997-05-11,59.0,1.6707
1997-05-12,66.0,1.8689
1997-05-13,67.0,1.8972
1997-05-14,61.0,1.7273
1997-05-15,54.0,1.5291
1997-05-16,51.0,1.4442
1997-05-17,49.0,1.3875
1997-05-18,47.0,1.3309
1997-05-19,54.0,1.5291
1997-05-20,49.0,1.3875
1997-05-21,52.0,1.4725
1997-05-22,64.0,1.8123
1997-05-23,100.0,2.8317
1997-05-24,100.0,2.8317
1997-05-25,63.0,1.784
1997-05-26,52.0,1.4725
1997-05-27,55.0,1.5574
1997-05-28,50.0,1.4158
1997-05-29,53.0,1.5008
1997-05-30,57.0,1.6141
1997-05-31,56.0,1.5857
1997-06-01,64.0,1.8123
1997-06-02,68.0,1.9255
1997-06-03,55.0,1.5574
1997-06-04,55.0,1.5574
1997-06-05,54.0,1.5291
1997-06-06,97.0,2.7467
1997-06-07,60.0,1.699
1997-06-08,229.0,6.4845
1997-06-09,90.0,2.5485
1997-06-10,55.0,1.5574
1997-06-11,49.0,1.3875
1997-06-12,51.0,1.4442
1997-06-13,49.0,1.3875
1997-06-14,49.0,1.3875
1997-06-15,50.0,1.4158
1997-06-16,51.0,1.4442
1997-06-17,60.0,1.699
1997-06-18,59.0,1.6707
1997-06-19,49.0,1.3875
1997-06-20,43.0,1.2176
1997-06-21,59.0,1.6707
1997-06-22,62.0,1.7556
1997-06-23,57.0,1.6141
1997-06-24,47.0,1.3309
1997-06-25,43.0,1.2176
1997-06-26,43.0,1.2176
1997-06-27,62.0,1.7556
1997-06-28,104.0,2.9449
1997-06-29,116.0,3.2847
1997-06-30,87.0,2.4636
1997-07-01,64.0,1.8123
1997-07-02,61.0,1.7273
1997-07-03,51.0,1.4442
1997-07-04,108.0,3.0582
1997-07-05,386.0,10.9303
1997-07-06,194.0,5.4935
1997-07-07,108.0,3.0582
1997-07-08,82.0,2.322
1997-07-09,63.0,1.784
1997-07-10,52.0,1.4725
1997-07-11,47.0,1.3309
1997-07-12,49.0,1.3875
1997-07-13,51.0,1.4442
1997-07-14,46.0,1.3026
1997-07-15,50.0,1.4158
1997-07-16,129.0,3.6529
1997-07-17,321.0,9.0897
1997-07-18,333.0,9.4295
1997-07-19,333.0,9.4295
1997-07-20,331.0,9.3729
1997-07-21,339.0,9.5994
1997-07-22,338.0,9.5711
1997-07-23,340.0,9.6277
1997-07-24,301.0,8.5234
1997-07-25,188.0,5.3236
1997-07-26,101.0,2.86
1997-07-27,82.0,2.322
1997-07-28,66.0,1.8689
1997-07-29,61.0,1.7273
1997-07-30,64.0,1.8123
1997-07-31,61.0,1.7273
1997-08-01,65.0,1.8406
1997-08-02,57.0,1.6141
1997-08-03,58.0,1.6424
1997-08-04,64.0,1.8123
1997-08-05,65.0,1.8406
1997-08-06,148.0,4.1909
1997-08-07,94.0,2.6618
1997-08-08,70.0,1.9822
1997-08-09,65.0,1.8406
1997-08-10,60.0,1.699
1997-08-11,52.0,1.4725
1997-08-12,49.0,1.3875
1997-08-13,60.0,1.699
1997-08-14,90.0,2.5485
1997-08-15,72.0,2.0388
1997-08-16,62.0,1.7556
1997-08-17,86.0,2.4352
1997-08-18,85.0,2.4069
1997-08-19,71.0,2.0105
1997-08-20,74.0,2.0954
1997-08-21,67.0,1.8972
1997-08-22,66.0,1.8689
1997-08-23,78.0,2.2087
1997-08-24,65.0,1.8406
1997-08-25,60.0,1.699
1997-08-26,56.0,1.5857
1997-08-27,55.0,1.5574
1997-08-28,56.0,1.5857
1997-08-29,63.0,1.784
1997-08-30,66.0,1.8689
1997-08-31,59.0,1.6707
1997-09-01,47.0,1.3309
1997-09-02,43.0,1.2176
1997-09-03,43.0,1.2176
1997-09-04,59.0,1.6707
1997-09-05,69.0,1.9539
1997-09-06,72.0,2.0388
1997-09-07,56.0,1.5857
1997-09-08,59.0,1.6707
1997-09-09,53.0,1.5008
1997-09-10,61.0,1.7273
1997-09-11,63.0,1.784
1997-09-12,62.0,1.7556
1997-09-13,62.0,1.7556
1997-09-14,76.0,2.1521
1997-09-15,70.0,1.9822
1997-09-16,58.0,1.6424
1997-09-17,58.0,1.6424
1997-09-18,56.0,1.5857
1997-09-19,54.0,1.5291
1997-09-20,54.0,1.5291
1997-09-21,62.0,1.7556
1997-09-22,99.0,2.8034
1997-09-23,112.0,3.1715
1997-09-24,118.0,3.3414
1997-09-25,81.0,2.2937
1997-09-26,67.0,1.8972
1997-09-27,70.0,1.9822
1997-09-28,65.0,1.8406
1997-09-29,61.0,1.7273
1997-09-30,60.0,1.699
1997-10-01,60.0,1.699
1997-10-02,67.0,1.8972
1997-10-03,65.0,1.8406
1997-10-04,60.0,1.699
1997-10-05,59.0,1.6707
1997-10-06,70.0,1.9822
1997-10-07,141.0,3.9927
1997-10-08,217.0,6.1447
1997-10-09,196.0,5.5501
1997-10-10,140.0,3.9644
1997-10-11,98.0,2.775
1997-10-12,68.0,1.9255
1997-10-13,63.0,1.784
1997-10-14,62.0,1.7556
1997-10-15,61.0,1.7273
1997-10-16,61.0,1.7273
1997-10-17,70.0,1.9822
1997-10-18,87.0,2.4636
1997-10-19,299.0,8.4667
1997-10-20,334.0,9.4578
1997-10-21,335.0,9.4861
1997-10-22,340.0,9.6277
1997-10-23,391.0,11.0719
1997-10-24,437.0,12.3744
1997-10-25,428.0,12.1196
1997-10-26,502.0,14.215
1997-10-27,568.0,16.0839
1997-10-28,614.0,17.3865
1997-10-29,631.0,17.8679
1997-10-30,622.0,17.613
1997-10-31,668.0,18.9156
1997-11-01,697.0,19.7368
1997-11-02,715.0,20.2465
1997-11-03,718.0,20.3315
1997-11-04,704.0,19.935
1997-11-05,699.0,19.7934
1997-11-06,693.0,19.6235
1997-11-07,687.0,19.4536
1997-11-08,675.0,19.1138
1997-11-09,671.0,19.0006
1997-11-10,671.0,19.0006
1997-11-11,683.0,19.3404
1997-11-12,697.0,19.7368
1997-11-13,705.0,19.9633
1997-11-14,705.0,19.9633
1997-11-15,700.0,19.8218
1997-11-16,699.0,19.7934
1997-11-17,704.0,19.935
1997-11-18,712.0,20.1616
1997-11-19,721.0,20.4164
1997-11-20,722.0,20.4447
1997-11-21,716.0,20.2748
1997-11-22,710.0,20.1049
1997-11-23,634.0,17.9529
1997-11-24,366.0,10.3639
1997-11-25,194.0,5.4935
1997-11-26,114.0,3.2281
1997-11-27,100.0,2.8317
1997-11-28,104.0,2.9449
1997-11-29,100.0,2.8317
1997-11-30,96.0,2.7184
1997-12-01,92.0,2.6051
1997-12-02,90.0,2.5485
1997-12-03,90.0,2.5485
1997-12-04,94.0,2.6618
1997-12-05,89.0,2.5202
1997-12-06,85.0,2.4069
1997-12-07,84.0,2.3786
1997-12-08,83.0,2.3503
1997-12-09,83.0,2.3503
1997-12-10,207.0,5.8616
1997-12-11,310.0,8.7782
1997-12-12,142.0,4.021
1997-12-13,93.0,2.6335
1997-12-14,85.0,2.4069
1997-12-15,285.0,8.0703
1997-12-16,472.0,13.3655
1997-12-17,268.0,7.5889
1997-12-18,131.0,3.7095
1997-12-19,95.0,2.6901
1997-12-20,97.0,2.7467
1997-12-21,105.0,2.9733
1997-12-22,105.0,2.9733
1997-12-23,110.0,3.1148
1997-12-24,115.0,3.2564
1997-12-25,123.0,3.483
1997-12-26,110.0,3.1148
1997-12-27,99.0,2.8034
1997-12-28,94.0,2.6618
1997-12-29,88.0,2.4919
1997-12-30,87.0,2.4636
1997-12-31,86.0,2.4352
1998-01-01,86.0,2.4352
1998-01-02,87.0,2.4636
1998-01-03,90.0,2.5485
1998-01-04,95.0,2.6901
1998-01-05,136.0,3.8511
1998-01-06,108.0,3.0582
1998-01-07,102.0,2.8883
1998-01-08,99.0,2.8034
1998-01-09,101.0,2.86
1998-01-10,114.0,3.2281
1998-01-11,118.0,3.3414
1998-01-12,133.0,3.7661
1998-01-13,129.0,3.6529
1998-01-14,127.0,3.5962
1998-01-15,147.0,4.1626
1998-01-16,146.0,4.1343
1998-01-17,123.0,3.483
1998-01-18,118.0,3.3414
1998-01-19,117.0,3.3131
1998-01-20,108.0,3.0582
1998-01-21,107.0,3.0299
1998-01-22,104.0,2.9449
1998-01-23,110.0,3.1148
1998-01-24,113.0,3.1998
1998-01-25,104.0,2.9449
1998-01-26,103.0,2.9166
1998-01-27,102.0,2.8883
1998-01-28,101.0,2.86
1998-01-29,102.0,2.8883
1998-01-30,101.0,2.86
1998-01-31,100.0,2.8317
1998-02-01,99.0,2.8034
1998-02-02,98.0,2.775
1998-02-03,97.0,2.7467
1998-02-04,95.0,2.6901
1998-02-05,98.0,2.775
1998-02-06,98.0,2.775
1998-02-07,98.0,2.775
1998-02-08,96.0,2.7184
1998-02-09,97.0,2.7467
1998-02-10,96.0,2.7184
1998-02-11,95.0,2.6901
1998-02-12,93.0,2.6335
1998-02-13,93.0,2.6335
1998-02-14,93.0,2.6335
1998-02-15,92.0,2.6051
1998-02-16,94.0,2.6618
1998-02-17,94.0,2.6618
1998-02-18,94.0,2.6618
1998-02-19,91.0,2.5768
1998-02-20,93.0,2.6335
1998-02-21,92.0,2.6051
1998-02-22,92.0,2.6051
1998-02-23,90.0,2.5485
1998-02-24,90.0,2.5485
1998-02-25,82.0,2.322
1998-02-26,78.0,2.2087
1998-02-27,76.0,2.1521
1998-02-28,74.0,2.0954
1998-03-01,74.0,2.0954
1998-03-02,75.0,2.1238
1998-03-03,75.0,2.1238
1998-03-04,75.0,2.1238
1998-03-05,75.0,2.1238
1998-03-06,75.0,2.1238
1998-03-07,73.0,2.0671
1998-03-08,70.0,1.9822
1998-03-09,79.0,2.237
1998-03-10,79.0,2.237
1998-03-11,76.0,2.1521
1998-03-12,73.0,2.0671
1998-03-13,73.0,2.0671
1998-03-14,74.0,2.0954
1998-03-15,75.0,2.1238
1998-03-16,78.0,2.2087
1998-03-17,88.0,2.4919
1998-03-18,82.0,2.322
1998-03-19,75.0,2.1238
1998-03-20,71.0,2.0105
1998-03-21,69.0,1.9539
1998-03-22,69.0,1.9539
1998-03-23,68.0,1.9255
1998-03-24,67.0,1.8972
1998-03-25,67.0,1.8972
1998-03-26,67.0,1.8972
1998-03-27,65.0,1.8406
1998-03-28,70.0,1.9822
1998-03-29,69.0,1.9539
1998-03-30,67.0,1.8972
1998-03-31,65.0,1.8406
1998-04-01,66.0,1.8689
1998-04-02,72.0,2.0388
1998-04-03,61.0,1.7273
1998-04-04,57.0,1.6141
1998-04-05,69.0,1.9539
1998-04-06,62.0,1.7556
1998-04-07,59.0,1.6707
1998-04-08,55.0,1.5574
1998-04-09,57.0,1.6141
1998-04-10,55.0,1.5574
1998-04-11,62.0,1.7556
1998-04-12,64.0,1.8123
1998-04-13,60.0,1.699
1998-04-14,59.0,1.6707
1998-04-15,57.0,1.6141
1998-04-16,56.0,1.5857
1998-04-17,57.0,1.6141
1998-04-18,65.0,1.8406
1998-04-19,71.0,2.0105
1998-04-20,66.0,1.8689
1998-04-21,61.0,1.7273
1998-04-22,62.0,1.7556
1998-04-23,61.0,1.7273
1998-04-24,62.0,1.7556
1998-04-25,63.0,1.784
1998-04-26,57.0,1.6141
1998-04-27,57.0,1.6141
1998-04-28,63.0,1.784
1998-04-29,63.0,1.784
1998-04-30,73.0,2.0671
1998-05-01,79.0,2.237
1998-05-02,75.0,2.1238
1998-05-03,70.0,1.9822
1998-05-04,65.0,1.8406
1998-05-05,52.0,1.4725
1998-05-06,45.0,1.2743
1998-05-07,42.0,1.1893
1998-05-08,49.0,1.3875
1998-05-09,49.0,1.3875
1998-05-10,45.0,1.2743
1998-05-11,54.0,1.5291
1998-05-12,46.0,1.3026
1998-05-13,36.0,1.0194
1998-05-14,34.0,0.9628
1998-05-15,34.0,0.9628
1998-05-16,39.0,1.1044
1998-05-17,39.0,1.1044
1998-05-18,35.0,0.9911
1998-05-19,34.0,0.9628
1998-05-20,34.0,0.9628
1998-05-21,43.0,1.2176
1998-05-22,42.0,1.1893
1998-05-23,40.0,1.1327
1998-05-24,41.0,1.161
1998-05-25,35.0,0.9911
1998-05-26,36.0,1.0194
1998-05-27,41.0,1.161
1998-05-28,36.0,1.0194
1998-05-29,35.0,0.9911
1998-05-30,34.0,0.9628
1998-05-31,33.0,0.9345
1998-06-01,33.0,0.9345
1998-06-02,33.0,0.9345
1998-06-03,33.0,0.9345
1998-06-04,33.0,0.9345
1998-06-05,32.0,0.9061
1998-06-06,34.0,0.9628
1998-06-07,39.0,1.1044
1998-06-08,39.0,1.1044
1998-06-09,33.0,0.9345
1998-06-10,32.0,0.9061
1998-06-11,32.0,0.9061
1998-06-12,33.0,0.9345
1998-06-13,34.0,0.9628
1998-06-14,39.0,1.1044
1998-06-15,41.0,1.161
1998-06-16,40.0,1.1327
1998-06-17,36.0,1.0194
1998-06-18,32.0,0.9061
1998-06-19,32.0,0.9061
1998-06-20,32.0,0.9061
1998-06-21,33.0,0.9345
1998-06-22,41.0,1.161
1998-06-23,40.0,1.1327
1998-06-24,34.0,0.9628
1998-06-25,32.0,0.9061
1998-06-26,32.0,0.9061
1998-06-27,33.0,0.9345
1998-06-28,33.0,0.9345
1998-06-29,33.0,0.9345
1998-06-30,33.0,0.9345
1998-07-01,33.0,0.9345
1998-07-02,34.0,0.9628
1998-07-03,39.0,1.1044
1998-07-04,36.0,1.0194
1998-07-05,46.0,1.3026
1998-07-06,63.0,1.784
1998-07-07,38.0,1.076
1998-07-08,36.0,1.0194
1998-07-09,34.0,0.9628
1998-07-10,32.0,0.9061
1998-07-11,32.0,0.9061
1998-07-12,33.0,0.9345
1998-07-13,36.0,1.0194
1998-07-14,36.0,1.0194
1998-07-15,34.0,0.9628
1998-07-16,49.0,1.3875
1998-07-17,41.0,1.161
1998-07-18,39.0,1.1044
1998-07-19,190.0,5.3802
1998-07-20,464.0,13.139
1998-07-21,449.0,12.7142
1998-07-22,450.0,12.7426
1998-07-23,423.0,11.978
1998-07-24,429.0,12.1479
1998-07-25,254.0,7.1925
1998-07-26,102.0,2.8883
1998-07-27,69.0,1.9539
1998-07-28,57.0,1.6141
1998-07-29,52.0,1.4725
1998-07-30,49.0,1.3875
1998-07-31,49.0,1.3875
1998-08-01,48.0,1.3592
1998-08-02,46.0,1.3026
1998-08-03,45.0,1.2743
1998-08-04,45.0,1.2743
1998-08-05,52.0,1.4725
1998-08-06,62.0,1.7556
1998-08-07,46.0,1.3026
1998-08-08,62.0,1.7556
1998-08-09,51.0,1.4442
1998-08-10,45.0,1.2743
1998-08-11,45.0,1.2743
1998-08-12,44.0,1.2459
1998-08-13,44.0,1.2459
1998-08-14,45.0,1.2743
1998-08-15,70.0,1.9822
1998-08-16,66.0,1.8689
1998-08-17,47.0,1.3309
1998-08-18,44.0,1.2459
1998-08-19,47.0,1.3309
1998-08-20,49.0,1.3875
1998-08-21,50.0,1.4158
1998-08-22,57.0,1.6141
1998-08-23,76.0,2.1521
1998-08-24,59.0,1.6707
1998-08-25,52.0,1.4725
1998-08-26,51.0,1.4442
1998-08-27,49.0,1.3875
1998-08-28,48.0,1.3592
1998-08-29,52.0,1.4725
1998-08-30,80.0,2.2653
1998-08-31,60.0,1.699
1998-09-01,47.0,1.3309
1998-09-02,46.0,1.3026
1998-09-03,49.0,1.3875
1998-09-04,53.0,1.5008
1998-09-05,54.0,1.5291
1998-09-06,53.0,1.5008
1998-09-07,49.0,1.3875
1998-09-08,47.0,1.3309
1998-09-09,46.0,1.3026
1998-09-10,48.0,1.3592
1998-09-11,49.0,1.3875
1998-09-12,47.0,1.3309
1998-09-13,47.0,1.3309
1998-09-14,45.0,1.2743
1998-09-15,46.0,1.3026
1998-09-16,56.0,1.5857
1998-09-17,52.0,1.4725
1998-09-18,62.0,1.7556
1998-09-19,54.0,1.5291
1998-09-20,48.0,1.3592
1998-09-21,52.0,1.4725
1998-09-22,53.0,1.5008
1998-09-23,51.0,1.4442
1998-09-24,48.0,1.3592
1998-09-25,45.0,1.2743
1998-09-26,44.0,1.2459
1998-09-27,41.0,1.161
1998-09-28,40.0,1.1327
1998-09-29,56.0,1.5857
1998-09-30,58.0,1.6424
1998-10-01,50.0,1.4158
1998-10-02,46.0,1.3026
1998-10-03,44.0,1.2459
1998-10-04,44.0,1.2459
1998-10-05,40.0,1.1327
1998-10-06,53.0,1.5008
1998-10-07,50.0,1.4158
1998-10-08,46.0,1.3026
1998-10-09,46.0,1.3026
1998-10-10,47.0,1.3309
1998-10-11,49.0,1.3875
1998-10-12,50.0,1.4158
1998-10-13,49.0,1.3875
1998-10-14,49.0,1.3875
1998-10-15,50.0,1.4158
1998-10-16,49.0,1.3875
1998-10-17,50.0,1.4158
1998-10-18,52.0,1.4725
1998-10-19,45.0,1.2743
1998-10-20,50.0,1.4158
1998-10-21,61.0,1.7273
1998-10-22,59.0,1.6707
1998-10-23,63.0,1.784
1998-10-24,56.0,1.5857
1998-10-25,55.0,1.5574
1998-10-26,270.0,7.6455
1998-10-27,469.0,13.2806
1998-10-28,523.0,14.8097
1998-10-29,520.0,14.7247
1998-10-30,467.0,13.2239
1998-10-31,642.0,18.1794
1998-11-01,505.0,14.3
1998-11-02,456.0,12.9125
1998-11-03,448.0,12.6859
1998-11-04,447.0,12.6576
1998-11-05,446.0,12.6293
1998-11-06,451.0,12.7709
1998-11-07,463.0,13.1107
1998-11-08,475.0,13.4505
1998-11-09,481.0,13.6204
1998-11-10,483.0,13.677
1998-11-11,482.0,13.6487
1998-11-12,488.0,13.8186
1998-11-13,492.0,13.9319
1998-11-14,475.0,13.4505
1998-11-15,244.0,6.9093
1998-11-16,125.0,3.5396
1998-11-17,97.0,2.7467
1998-11-18,88.0,2.4919
1998-11-19,83.0,2.3503
1998-11-20,80.0,2.2653
1998-11-21,77.0,2.1804
1998-11-22,76.0,2.1521
1998-11-23,74.0,2.0954
1998-11-24,73.0,2.0671
1998-11-25,73.0,2.0671
1998-11-26,71.0,2.0105
1998-11-27,71.0,2.0105
1998-11-28,71.0,2.0105
1998-11-29,72.0,2.0388
1998-11-30,71.0,2.0105
1998-12-01,71.0,2.0105
1998-12-02,69.0,1.9539
1998-12-03,68.0,1.9255
1998-12-04,69.0,1.9539
1998-12-05,73.0,2.0671
1998-12-06,70.0,1.9822
1998-12-07,67.0,1.8972
1998-12-08,66.0,1.8689
1998-12-09,65.0,1.8406
1998-12-10,64.0,1.8123
1998-12-11,68.0,1.9255
1998-12-12,71.0,2.0105
1998-12-13,70.0,1.9822
1998-12-14,67.0,1.8972
1998-12-15,67.0,1.8972
1998-12-16,67.0,1.8972
1998-12-17,66.0,1.8689
1998-12-18,67.0,1.8972
1998-12-19,67.0,1.8972
1998-12-20,66.0,1.8689
1998-12-21,66.0,1.8689
1998-12-22,64.0,1.8123
1998-12-23,63.0,1.784
1998-12-24,63.0,1.784
1998-12-25,62.0,1.7556
1998-12-26,63.0,1.784
1998-12-27,64.0,1.8123
1998-12-28,63.0,1.784
1998-12-29,63.0,1.784
1998-12-30,64.0,1.8123
1998-12-31,64.0,1.8123
1999-01-01,63.0,1.784
1999-01-02,62.0,1.7556
1999-01-03,62.0,1.7556
1999-01-04,60.0,1.699
1999-01-05,58.0,1.6424
1999-01-06,57.0,1.6141
1999-01-07,56.0,1.5857
1999-01-08,56.0,1.5857
1999-01-09,54.0,1.5291
1999-01-10,54.0,1.5291
1999-01-11,54.0,1.5291
1999-01-12,52.0,1.4725
1999-01-13,52.0,1.4725
1999-01-14,52.0,1.4725
1999-01-15,52.0,1.4725
1999-01-16,51.0,1.4442
1999-01-17,52.0,1.4725
1999-01-18,52.0,1.4725
1999-01-19,52.0,1.4725
1999-01-20,52.0,1.4725
1999-01-21,52.0,1.4725
1999-01-22,51.0,1.4442
1999-01-23,53.0,1.5008
1999-01-24,52.0,1.4725
1999-01-25,47.0,1.3309
1999-01-26,48.0,1.3592
1999-01-27,50.0,1.4158
1999-01-28,52.0,1.4725
1999-01-29,58.0,1.6424
1999-01-30,65.0,1.8406
1999-01-31,69.0,1.9539
1999-02-01,68.0,1.9255
1999-02-02,61.0,1.7273
1999-02-03,57.0,1.6141
1999-02-04,56.0,1.5857
1999-02-05,56.0,1.5857
1999-02-06,56.0,1.5857
1999-02-07,55.0,1.5574
1999-02-08,56.0,1.5857
1999-02-09,54.0,1.5291
1999-02-10,55.0,1.5574
1999-02-11,56.0,1.5857
1999-02-12,53.0,1.5008
1999-02-13,51.0,1.4442
1999-02-14,50.0,1.4158
1999-02-15,50.0,1.4158
1999-02-16,52.0,1.4725
1999-02-17,55.0,1.5574
1999-02-18,54.0,1.5291
1999-02-19,53.0,1.5008
1999-02-20,53.0,1.5008
1999-02-21,52.0,1.4725
1999-02-22,52.0,1.4725
1999-02-23,51.0,1.4442
1999-02-24,56.0,1.5857
1999-02-25,61.0,1.7273
1999-02-26,61.0,1.7273
1999-02-27,57.0,1.6141
1999-02-28,54.0,1.5291
1999-03-01,53.0,1.5008
1999-03-02,53.0,1.5008
1999-03-03,53.0,1.5008
1999-03-04,53.0,1.5008
1999-03-05,52.0,1.4725
1999-03-06,52.0,1.4725
1999-03-07,53.0,1.5008
1999-03-08,54.0,1.5291
1999-03-09,54.0,1.5291
1999-03-10,58.0,1.6424
1999-03-11,55.0,1.5574
1999-03-12,52.0,1.4725
1999-03-13,52.0,1.4725
1999-03-14,51.0,1.4442
1999-03-15,51.0,1.4442
1999-03-16,56.0,1.5857
1999-03-17,55.0,1.5574
1999-03-18,53.0,1.5008
1999-03-19,53.0,1.5008
1999-03-20,54.0,1.5291
1999-03-21,50.0,1.4158
1999-03-22,49.0,1.3875
1999-03-23,50.0,1.4158
1999-03-24,50.0,1.4158
1999-03-25,49.0,1.3875
1999-03-26,47.0,1.3309
1999-03-27,55.0,1.5574
1999-03-28,67.0,1.8972
1999-03-29,67.0,1.8972
1999-03-30,57.0,1.6141
1999-03-31,57.0,1.6141
1999-04-01,56.0,1.5857
1999-04-02,49.0,1.3875
1999-04-03,47.0,1.3309
1999-04-04,44.0,1.2459
1999-04-05,44.0,1.2459
1999-04-06,45.0,1.2743
1999-04-07,44.0,1.2459
1999-04-08,40.0,1.1327
1999-04-09,51.0,1.4442
1999-04-10,54.0,1.5291
1999-04-11,46.0,1.3026
1999-04-12,102.0,2.8883
1999-04-13,265.0,7.504
1999-04-14,63.0,1.784
1999-04-15,51.0,1.4442
1999-04-16,47.0,1.3309
1999-04-17,43.0,1.2176
1999-04-18,44.0,1.2459
1999-04-19,42.0,1.1893
1999-04-20,39.0,1.1044
1999-04-21,46.0,1.3026
1999-04-22,47.0,1.3309
1999-04-23,43.0,1.2176
1999-04-24,40.0,1.1327
1999-04-25,46.0,1.3026
1999-04-26,48.0,1.3592
1999-04-27,50.0,1.4158
1999-04-28,49.0,1.3875
1999-04-29,47.0,1.3309
1999-04-30,45.0,1.2743
1999-05-01,48.0,1.3592
1999-05-02,79.0,2.237
1999-05-03,62.0,1.7556
1999-05-04,51.0,1.4442
1999-05-05,49.0,1.3875
1999-05-06,47.0,1.3309
1999-05-07,44.0,1.2459
1999-05-08,38.0,1.076
1999-05-09,40.0,1.1327
1999-05-10,45.0,1.2743
1999-05-11,45.0,1.2743
1999-05-12,41.0,1.161
1999-05-13,40.0,1.1327
1999-05-14,38.0,1.076
1999-05-15,39.0,1.1044
1999-05-16,38.0,1.076
1999-05-17,40.0,1.1327
1999-05-18,40.0,1.1327
1999-05-19,41.0,1.161
1999-05-20,35.0,0.9911
1999-05-21,31.0,0.8778
1999-05-22,36.0,1.0194
1999-05-23,41.0,1.161
1999-05-24,63.0,1.784
1999-05-25,60.0,1.699
1999-05-26,77.0,2.1804
1999-05-27,66.0,1.8689
1999-05-28,53.0,1.5008
1999-05-29,105.0,2.9733
1999-05-30,97.0,2.7467
1999-05-31,151.0,4.2758
1999-06-01,91.0,2.5768
1999-06-02,62.0,1.7556
1999-06-03,55.0,1.5574
1999-06-04,50.0,1.4158
1999-06-05,46.0,1.3026
1999-06-06,43.0,1.2176
1999-06-07,46.0,1.3026
1999-06-08,46.0,1.3026
1999-06-09,56.0,1.5857
1999-06-10,45.0,1.2743
1999-06-11,40.0,1.1327
1999-06-12,36.0,1.0194
1999-06-13,58.0,1.6424
1999-06-14,59.0,1.6707
1999-06-15,73.0,2.0671
1999-06-16,67.0,1.8972
1999-06-17,54.0,1.5291
1999-06-18,49.0,1.3875
1999-06-19,51.0,1.4442
1999-06-20,61.0,1.7273
1999-06-21,3400.0,96.2771
1999-06-22,3070.0,86.9326
1999-06-23,232.0,6.5695
1999-06-24,140.0,3.9644
1999-06-25,104.0,2.9449
1999-06-26,83.0,2.3503
1999-06-27,70.0,1.9822
1999-06-28,61.0,1.7273
1999-06-29,61.0,1.7273
1999-06-30,61.0,1.7273
1999-07-01,58.0,1.6424
1999-07-02,54.0,1.5291
1999-07-03,53.0,1.5008
1999-07-04,52.0,1.4725
1999-07-05,48.0,1.3592
1999-07-06,43.0,1.2176
1999-07-07,39.0,1.1044
1999-07-08,41.0,1.161
1999-07-09,42.0,1.1893
1999-07-10,119.0,3.3697
1999-07-11,220.0,6.2297
1999-07-12,221.0,6.258
1999-07-13,114.0,3.2281
1999-07-14,90.0,2.5485
1999-07-15,83.0,2.3503
1999-07-16,62.0,1.7556
1999-07-17,271.0,7.6739
1999-07-18,440.0,12.4594
1999-07-19,416.0,11.7798
1999-07-20,423.0,11.978
1999-07-21,438.0,12.4028
1999-07-22,454.0,12.8558
1999-07-23,463.0,13.1107
1999-07-24,460.0,13.0257
1999-07-25,459.0,12.9974
1999-07-26,457.0,12.9408
1999-07-27,453.0,12.8275
1999-07-28,411.0,11.6382
1999-07-29,210.0,5.9465
1999-07-30,126.0,3.5679
1999-07-31,107.0,3.0299
1999-08-01,104.0,2.9449
1999-08-02,94.0,2.6618
1999-08-03,86.0,2.4352
1999-08-04,78.0,2.2087
1999-08-05,74.0,2.0954
1999-08-06,71.0,2.0105
1999-08-07,70.0,1.9822
1999-08-08,68.0,1.9255
1999-08-09,65.0,1.8406
1999-08-10,62.0,1.7556
1999-08-11,61.0,1.7273
1999-08-12,59.0,1.6707
1999-08-13,58.0,1.6424
1999-08-14,56.0,1.5857
1999-08-15,55.0,1.5574
1999-08-16,53.0,1.5008
1999-08-17,50.0,1.4158
1999-08-18,53.0,1.5008
1999-08-19,55.0,1.5574
1999-08-20,52.0,1.4725
1999-08-21,51.0,1.4442
1999-08-22,49.0,1.3875
1999-08-23,52.0,1.4725
1999-08-24,52.0,1.4725
1999-08-25,54.0,1.5291
1999-08-26,53.0,1.5008
1999-08-27,51.0,1.4442
1999-08-28,46.0,1.3026
1999-08-29,43.0,1.2176
1999-08-30,43.0,1.2176
1999-08-31,46.0,1.3026
1999-09-01,47.0,1.3309
1999-09-02,51.0,1.4442
1999-09-03,53.0,1.5008
1999-09-04,58.0,1.6424
1999-09-05,55.0,1.5574
1999-09-06,52.0,1.4725
1999-09-07,58.0,1.6424
1999-09-08,56.0,1.5857
1999-09-09,54.0,1.5291
1999-09-10,58.0,1.6424
1999-09-11,59.0,1.6707
1999-09-12,61.0,1.7273
1999-09-13,59.0,1.6707
1999-09-14,58.0,1.6424
1999-09-15,58.0,1.6424
1999-09-16,59.0,1.6707
1999-09-17,60.0,1.699
1999-09-18,61.0,1.7273
1999-09-19,64.0,1.8123
1999-09-20,64.0,1.8123
1999-09-21,64.0,1.8123
1999-09-22,63.0,1.784
1999-09-23,64.0,1.8123
1999-09-24,65.0,1.8406
1999-09-25,65.0,1.8406
1999-09-26,65.0,1.8406
1999-09-27,66.0,1.8689
1999-09-28,68.0,1.9255
1999-09-29,64.0,1.8123
1999-09-30,67.0,1.8972
1999-10-01,64.0,1.8123
1999-10-02,64.0,1.8123
1999-10-03,65.0,1.8406
1999-10-04,66.0,1.8689
1999-10-05,66.0,1.8689
1999-10-06,65.0,1.8406
1999-10-07,61.0,1.7273
1999-10-08,62.0,1.7556
1999-10-09,62.0,1.7556
1999-10-10,67.0,1.8972
1999-10-11,66.0,1.8689
1999-10-12,64.0,1.8123
1999-10-13,70.0,1.9822
1999-10-14,65.0,1.8406
1999-10-15,80.0,2.2653
1999-10-16,92.0,2.6051
1999-10-17,440.0,12.4594
1999-10-18,480.0,13.5921
1999-10-19,494.0,13.9885
1999-10-20,470.0,13.3089
1999-10-21,500.0,14.1584
1999-10-22,513.0,14.5265
1999-10-23,516.0,14.6115
1999-10-24,500.0,14.1584
1999-10-25,480.0,13.5921
1999-10-26,325.0,9.203
1999-10-27,160.0,4.5307
1999-10-28,122.0,3.4546
1999-10-29,100.0,2.8317
1999-10-30,95.0,2.6901
1999-10-31,84.0,2.3786
1999-11-01,69.0,1.9539
1999-11-02,75.0,2.1238
1999-11-03,76.0,2.1521
1999-11-04,75.0,2.1238
1999-11-05,80.0,2.2653
1999-11-06,164.0,4.644
1999-11-07,179.0,5.0687
1999-11-08,156.0,4.4174
1999-11-09,117.0,3.3131
1999-11-10,100.0,2.8317
1999-11-11,94.0,2.6618
1999-11-12,93.0,2.6335
1999-11-13,91.0,2.5768
1999-11-14,83.0,2.3503
1999-11-15,75.0,2.1238
1999-11-16,70.0,1.9822
1999-11-17,67.0,1.8972
1999-11-18,66.0,1.8689
1999-11-19,65.0,1.8406
1999-11-20,64.0,1.8123
1999-11-21,63.0,1.784
1999-11-22,61.0,1.7273
1999-11-23,61.0,1.7273
1999-11-24,62.0,1.7556
1999-11-25,60.0,1.699
1999-11-26,60.0,1.699
1999-11-27,61.0,1.7273
1999-11-28,62.0,1.7556
1999-11-29,61.0,1.7273
1999-11-30,61.0,1.7273
1999-12-01,61.0,1.7273
1999-12-02,60.0,1.699
1999-12-03,59.0,1.6707
1999-12-04,61.0,1.7273
1999-12-05,59.0,1.6707
1999-12-06,59.0,1.6707
1999-12-07,59.0,1.6707
1999-12-08,58.0,1.6424
1999-12-09,60.0,1.699
1999-12-10,60.0,1.699
1999-12-11,60.0,1.699
1999-12-12,58.0,1.6424
1999-12-13,59.0,1.6707
1999-12-14,60.0,1.699
1999-12-15,59.0,1.6707
1999-12-16,59.0,1.6707
1999-12-17,59.0,1.6707
1999-12-18,58.0,1.6424
1999-12-19,59.0,1.6707
1999-12-20,59.0,1.6707
1999-12-21,59.0,1.6707
1999-12-22,60.0,1.699
1999-12-23,59.0,1.6707
1999-12-24,59.0,1.6707
1999-12-25,60.0,1.699
1999-12-26,60.0,1.699
1999-12-27,60.0,1.699
1999-12-28,60.0,1.699
1999-12-29,60.0,1.699
1999-12-30,59.0,1.6707
1999-12-31,59.0,1.6707
2000-01-01,59.0,1.6707
2000-01-02,59.0,1.6707
2000-01-03,58.0,1.6424
2000-01-04,56.0,1.5857
2000-01-05,57.0,1.6141
2000-01-06,56.0,1.5857
2000-01-07,55.0,1.5574
2000-01-08,55.0,1.5574
2000-01-09,57.0,1.6141
2000-01-10,61.0,1.7273
2000-01-11,61.0,1.7273
2000-01-12,58.0,1.6424
2000-01-13,55.0,1.5574
2000-01-14,54.0,1.5291
2000-01-15,54.0,1.5291
2000-01-16,55.0,1.5574
2000-01-17,58.0,1.6424
2000-01-18,60.0,1.699
2000-01-19,61.0,1.7273
2000-01-20,60.0,1.699
2000-01-21,60.0,1.699
2000-01-22,59.0,1.6707
2000-01-23,59.0,1.6707
2000-01-24,59.0,1.6707
2000-01-25,59.0,1.6707
2000-01-26,56.0,1.5857
2000-01-27,53.0,1.5008
2000-01-28,52.0,1.4725
2000-01-29,51.0,1.4442
2000-01-30,52.0,1.4725
2000-01-31,51.0,1.4442
2000-02-01,54.0,1.5291
2000-02-02,55.0,1.5574
2000-02-03,55.0,1.5574
2000-02-04,54.0,1.5291
2000-02-05,52.0,1.4725
2000-02-06,51.0,1.4442
2000-02-07,51.0,1.4442
2000-02-08,51.0,1.4442
2000-02-09,51.0,1.4442
2000-02-10,51.0,1.4442
2000-02-11,51.0,1.4442
2000-02-12,57.0,1.6141
2000-02-13,55.0,1.5574
2000-02-14,55.0,1.5574
2000-02-15,57.0,1.6141
2000-02-16,55.0,1.5574
2000-02-17,53.0,1.5008
2000-02-18,51.0,1.4442
2000-02-19,48.0,1.3592
2000-02-20,49.0,1.3875
2000-02-21,55.0,1.5574
2000-02-22,56.0,1.5857
2000-02-23,56.0,1.5857
2000-02-24,57.0,1.6141
2000-02-25,75.0,2.1238
2000-02-26,79.0,2.237
2000-02-27,75.0,2.1238
2000-02-28,70.0,1.9822
2000-02-29,66.0,1.8689
2000-03-01,67.0,1.8972
2000-03-02,65.0,1.8406
2000-03-03,63.0,1.784
2000-03-04,64.0,1.8123
2000-03-05,63.0,1.784
2000-03-06,62.0,1.7556
2000-03-07,62.0,1.7556
2000-03-08,61.0,1.7273
2000-03-09,61.0,1.7273
2000-03-10,60.0,1.699
2000-03-11,55.0,1.5574
2000-03-12,55.0,1.5574
2000-03-13,53.0,1.5008
2000-03-14,52.0,1.4725
2000-03-15,52.0,1.4725
2000-03-16,51.0,1.4442
2000-03-17,50.0,1.4158
2000-03-18,49.0,1.3875
2000-03-19,49.0,1.3875
2000-03-20,48.0,1.3592
2000-03-21,46.0,1.3026
2000-03-22,46.0,1.3026
2000-03-23,48.0,1.3592
2000-03-24,61.0,1.7273
2000-03-25,57.0,1.6141
2000-03-26,56.0,1.5857
2000-03-27,52.0,1.4725
2000-03-28,48.0,1.3592
2000-03-29,47.0,1.3309
2000-03-30,46.0,1.3026
2000-03-31,46.0,1.3026
2000-04-01,52.0,1.4725
2000-04-02,47.0,1.3309
2000-04-03,45.0,1.2743
2000-04-04,45.0,1.2743
2000-04-05,53.0,1.5008
2000-04-06,52.0,1.4725
2000-04-07,45.0,1.2743
2000-04-08,43.0,1.2176
2000-04-09,41.0,1.161
2000-04-10,40.0,1.1327
2000-04-11,42.0,1.1893
2000-04-12,42.0,1.1893
2000-04-13,44.0,1.2459
2000-04-14,43.0,1.2176
2000-04-15,43.0,1.2176
2000-04-16,41.0,1.161
2000-04-17,40.0,1.1327
2000-04-18,38.0,1.076
2000-04-19,37.0,1.0477
2000-04-20,39.0,1.1044
2000-04-21,38.0,1.076
2000-04-22,37.0,1.0477
2000-04-23,36.0,1.0194
2000-04-24,35.0,0.9911
2000-04-25,40.0,1.1327
2000-04-26,42.0,1.1893
2000-04-27,41.0,1.161
2000-04-28,40.0,1.1327
2000-04-29,40.0,1.1327
2000-04-30,40.0,1.1327
2000-05-01,39.0,1.1044
2000-05-02,43.0,1.2176
2000-05-03,43.0,1.2176
2000-05-04,44.0,1.2459
2000-05-05,48.0,1.3592
2000-05-06,47.0,1.3309
2000-05-07,44.0,1.2459
2000-05-08,44.0,1.2459
2000-05-09,42.0,1.1893
2000-05-10,40.0,1.1327
2000-05-11,37.0,1.0477
2000-05-12,37.0,1.0477
2000-05-13,36.0,1.0194
2000-05-14,36.0,1.0194
2000-05-15,35.0,0.9911
2000-05-16,36.0,1.0194
2000-05-17,35.0,0.9911
2000-05-18,33.0,0.9345
2000-05-19,33.0,0.9345
2000-05-20,36.0,1.0194
2000-05-21,38.0,1.076
2000-05-22,39.0,1.1044
2000-05-23,37.0,1.0477
2000-05-24,37.0,1.0477
2000-05-25,43.0,1.2176
2000-05-26,40.0,1.1327
2000-05-27,38.0,1.076
2000-05-28,38.0,1.076
2000-05-29,38.0,1.076
2000-05-30,37.0,1.0477
2000-05-31,36.0,1.0194
2000-06-01,35.0,0.9911
2000-06-02,65.0,1.8406
2000-06-03,57.0,1.6141
2000-06-04,54.0,1.5291
2000-06-05,51.0,1.4442
2000-06-06,49.0,1.3875
2000-06-07,82.0,2.322
2000-06-08,68.0,1.9255
2000-06-09,52.0,1.4725
2000-06-10,44.0,1.2459
2000-06-11,45.0,1.2743
2000-06-12,46.0,1.3026
2000-06-13,44.0,1.2459
2000-06-14,62.0,1.7556
2000-06-15,53.0,1.5008
2000-06-16,45.0,1.2743
2000-06-17,43.0,1.2176
2000-06-18,43.0,1.2176
2000-06-19,44.0,1.2459
2000-06-20,110.0,3.1148
2000-06-21,106.0,3.0016
2000-06-22,93.0,2.6335
2000-06-23,71.0,2.0105
2000-06-24,57.0,1.6141
2000-06-25,50.0,1.4158
2000-06-26,52.0,1.4725
2000-06-27,47.0,1.3309
2000-06-28,59.0,1.6707
2000-06-29,154.0,4.3608
2000-06-30,84.0,2.3786
2000-07-01,79.0,2.237
2000-07-02,69.0,1.9539
2000-07-03,60.0,1.699
2000-07-04,54.0,1.5291
2000-07-05,47.0,1.3309
2000-07-06,44.0,1.2459
2000-07-07,42.0,1.1893
2000-07-08,41.0,1.161
2000-07-09,115.0,3.2564
2000-07-10,366.0,10.3639
2000-07-11,116.0,3.2847
2000-07-12,100.0,2.8317
2000-07-13,106.0,3.0016
2000-07-14,62.0,1.7556
2000-07-15,56.0,1.5857
2000-07-16,48.0,1.3592
2000-07-17,242.0,6.8527
2000-07-18,322.0,9.118
2000-07-19,324.0,9.1746
2000-07-20,325.0,9.203
2000-07-21,322.0,9.118
2000-07-22,327.0,9.2596
2000-07-23,328.0,9.2879
2000-07-24,332.0,9.4012
2000-07-25,340.0,9.6277
2000-07-26,316.0,8.9481
2000-07-27,168.0,4.7572
2000-07-28,86.0,2.4352
2000-07-29,64.0,1.8123
2000-07-30,56.0,1.5857
2000-07-31,53.0,1.5008
2000-08-01,52.0,1.4725
2000-08-02,57.0,1.6141
2000-08-03,50.0,1.4158
2000-08-04,48.0,1.3592
2000-08-05,48.0,1.3592
2000-08-06,41.0,1.161
2000-08-07,43.0,1.2176
2000-08-08,47.0,1.3309
2000-08-09,46.0,1.3026
2000-08-10,45.0,1.2743
2000-08-11,44.0,1.2459
2000-08-12,47.0,1.3309
2000-08-13,43.0,1.2176
2000-08-14,43.0,1.2176
2000-08-15,49.0,1.3875
2000-08-16,44.0,1.2459
2000-08-17,41.0,1.161
2000-08-18,41.0,1.161
2000-08-19,40.0,1.1327
2000-08-20,40.0,1.1327
2000-08-21,39.0,1.1044
2000-08-22,37.0,1.0477
2000-08-23,38.0,1.076
2000-08-24,40.0,1.1327
2000-08-25,40.0,1.1327
2000-08-26,40.0,1.1327
2000-08-27,40.0,1.1327
2000-08-28,40.0,1.1327
2000-08-29,39.0,1.1044
2000-08-30,40.0,1.1327
2000-08-31,141.0,3.9927
2000-09-01,50.0,1.4158
2000-09-02,48.0,1.3592
2000-09-03,47.0,1.3309
2000-09-04,47.0,1.3309
2000-09-05,46.0,1.3026
2000-09-06,46.0,1.3026
2000-09-07,45.0,1.2743
2000-09-08,44.0,1.2459
2000-09-09,41.0,1.161
2000-09-10,36.0,1.0194
2000-09-11,32.0,0.9061
2000-09-12,34.0,0.9628
2000-09-13,38.0,1.076
2000-09-14,38.0,1.076
2000-09-15,40.0,1.1327
2000-09-16,47.0,1.3309
2000-09-17,45.0,1.2743
2000-09-18,40.0,1.1327
2000-09-19,37.0,1.0477
2000-09-20,34.0,0.9628
2000-09-21,39.0,1.1044
2000-09-22,43.0,1.2176
2000-09-23,41.0,1.161
2000-09-24,40.0,1.1327
2000-09-25,40.0,1.1327
2000-09-26,40.0,1.1327
2000-09-27,43.0,1.2176
2000-09-28,47.0,1.3309
2000-09-29,42.0,1.1893
2000-09-30,41.0,1.161
2000-10-01,36.0,1.0194
2000-10-02,33.0,0.9345
2000-10-03,36.0,1.0194
2000-10-04,229.0,6.4845
2000-10-05,303.0,8.58
2000-10-06,316.0,8.9481
2000-10-07,317.0,8.9764
2000-10-08,322.0,9.118
2000-10-09,333.0,9.4295
2000-10-10,344.0,9.741
2000-10-11,350.0,9.9109
2000-10-12,345.0,9.7693
2000-10-13,228.0,6.4562
2000-10-14,114.0,3.2281
2000-10-15,84.0,2.3786
2000-10-16,77.0,2.1804
2000-10-17,98.0,2.775
2000-10-18,234.0,6.6261
2000-10-19,170.0,4.8139
2000-10-20,114.0,3.2281
2000-10-21,87.0,2.4636
2000-10-22,75.0,2.1238
2000-10-23,109.0,3.0865
2000-10-24,153.0,4.3325
2000-10-25,102.0,2.8883
2000-10-26,90.0,2.5485
2000-10-27,74.0,2.0954
2000-10-28,73.0,2.0671
2000-10-29,87.0,2.4636
2000-10-30,115.0,3.2564
2000-10-31,93.0,2.6335
2000-11-01,82.0,2.322
2000-11-02,80.0,2.2653
2000-11-03,103.0,2.9166
2000-11-04,355.0,10.0525
2000-11-05,470.0,13.3089
2000-11-06,442.0,12.516
2000-11-07,447.0,12.6576
2000-11-08,481.0,13.6204
2000-11-09,349.0,9.8826
2000-11-10,155.0,4.3891
2000-11-11,108.0,3.0582
2000-11-12,96.0,2.7184
2000-11-13,91.0,2.5768
2000-11-14,88.0,2.4919
2000-11-15,87.0,2.4636
2000-11-16,86.0,2.4352
2000-11-17,86.0,2.4352
2000-11-18,85.0,2.4069
2000-11-19,85.0,2.4069
2000-11-20,87.0,2.4636
2000-11-21,86.0,2.4352
2000-11-22,84.0,2.3786
2000-11-23,83.0,2.3503
2000-11-24,83.0,2.3503
2000-11-25,83.0,2.3503
2000-11-26,82.0,2.322
2000-11-27,81.0,2.2937
2000-11-28,81.0,2.2937
2000-11-29,81.0,2.2937
2000-11-30,81.0,2.2937
2000-12-01,81.0,2.2937
2000-12-02,80.0,2.2653
2000-12-03,80.0,2.2653
2000-12-04,80.0,2.2653
2000-12-05,80.0,2.2653
2000-12-06,97.0,2.7467
2000-12-07,127.0,3.5962
2000-12-08,88.0,2.4919
2000-12-09,77.0,2.1804
2000-12-10,75.0,2.1238
2000-12-11,74.0,2.0954
2000-12-12,73.0,2.0671
2000-12-13,73.0,2.0671
2000-12-14,73.0,2.0671
2000-12-15,73.0,2.0671
2000-12-16,74.0,2.0954
2000-12-17,73.0,2.0671
2000-12-18,71.0,2.0105
2000-12-19,71.0,2.0105
2000-12-20,70.0,1.9822
2000-12-21,70.0,1.9822
2000-12-22,70.0,1.9822
2000-12-23,71.0,2.0105
2000-12-24,71.0,2.0105
2000-12-25,72.0,2.0388
2000-12-26,74.0,2.0954
2000-12-27,74.0,2.0954
2000-12-28,74.0,2.0954
2000-12-29,73.0,2.0671
2000-12-30,72.0,2.0388
2000-12-31,72.0,2.0388
2001-01-01,71.0,2.0105
2001-01-02,71.0,2.0105
2001-01-03,71.0,2.0105
2001-01-04,73.0,2.0671
2001-01-05,95.0,2.6901
2001-01-06,83.0,2.3503
2001-01-07,71.0,2.0105
2001-01-08,64.0,1.8123
2001-01-09,72.0,2.0388
2001-01-10,73.0,2.0671
2001-01-11,73.0,2.0671
2001-01-12,75.0,2.1238
2001-01-13,75.0,2.1238
2001-01-14,75.0,2.1238
2001-01-15,75.0,2.1238
2001-01-16,74.0,2.0954
2001-01-17,74.0,2.0954
2001-01-18,76.0,2.1521
2001-01-19,85.0,2.4069
2001-01-20,86.0,2.4352
2001-01-21,86.0,2.4352
2001-01-22,86.0,2.4352
2001-01-23,86.0,2.4352
2001-01-24,85.0,2.4069
2001-01-25,85.0,2.4069
2001-01-26,85.0,2.4069
2001-01-27,89.0,2.5202
2001-01-28,94.0,2.6618
2001-01-29,93.0,2.6335
2001-01-30,88.0,2.4919
2001-01-31,85.0,2.4069
2001-02-01,81.0,2.2937
2001-02-02,80.0,2.2653
2001-02-03,89.0,2.5202
2001-02-04,91.0,2.5768
2001-02-05,91.0,2.5768
2001-02-06,90.0,2.5485
2001-02-07,90.0,2.5485
2001-02-08,90.0,2.5485
2001-02-09,98.0,2.775
2001-02-10,98.0,2.775
2001-02-11,93.0,2.6335
2001-02-12,92.0,2.6051
2001-02-13,92.0,2.6051
2001-02-14,92.0,2.6051
2001-02-15,89.0,2.5202
2001-02-16,78.0,2.2087
2001-02-17,75.0,2.1238
2001-02-18,79.0,2.237
2001-02-19,80.0,2.2653
2001-02-20,80.0,2.2653
2001-02-21,81.0,2.2937
2001-02-22,82.0,2.322
2001-02-23,81.0,2.2937
2001-02-24,78.0,2.2087
2001-02-25,75.0,2.1238
2001-02-26,77.0,2.1804
2001-02-27,74.0,2.0954
2001-02-28,79.0,2.237
2001-03-01,81.0,2.2937
2001-03-02,83.0,2.3503
2001-03-03,81.0,2.2937
2001-03-04,82.0,2.322
2001-03-05,81.0,2.2937
2001-03-06,77.0,2.1804
2001-03-07,76.0,2.1521
2001-03-08,95.0,2.6901
2001-03-09,98.0,2.775
2001-03-10,96.0,2.7184
2001-03-11,79.0,2.237
2001-03-12,75.0,2.1238
2001-03-13,72.0,2.0388
2001-03-14,70.0,1.9822
2001-03-15,65.0,1.8406
2001-03-16,65.0,1.8406
2001-03-17,63.0,1.784
2001-03-18,72.0,2.0388
2001-03-19,76.0,2.1521
2001-03-20,73.0,2.0671
2001-03-21,68.0,1.9255
2001-03-22,66.0,1.8689
2001-03-23,66.0,1.8689
2001-03-24,65.0,1.8406
2001-03-25,64.0,1.8123
2001-03-26,63.0,1.784
2001-03-27,62.0,1.7556
2001-03-28,65.0,1.8406
2001-03-29,64.0,1.8123
2001-03-30,64.0,1.8123
2001-03-31,73.0,2.0671
2001-04-01,72.0,2.0388
2001-04-02,69.0,1.9539
2001-04-03,67.0,1.8972
2001-04-04,60.0,1.699
2001-04-05,55.0,1.5574
2001-04-06,54.0,1.5291
2001-04-07,53.0,1.5008
2001-04-08,66.0,1.8689
2001-04-09,60.0,1.699
2001-04-10,56.0,1.5857
2001-04-11,62.0,1.7556
2001-04-12,73.0,2.0671
2001-04-13,64.0,1.8123
2001-04-14,48.0,1.3592
2001-04-15,61.0,1.7273
2001-04-16,67.0,1.8972
2001-04-17,77.0,2.1804
2001-04-18,73.0,2.0671
2001-04-19,73.0,2.0671
2001-04-20,50.0,1.4158
2001-04-21,44.0,1.2459
2001-04-22,42.0,1.1893
2001-04-23,40.0,1.1327
2001-04-24,43.0,1.2176
2001-04-25,43.0,1.2176
2001-04-26,42.0,1.1893
2001-04-27,39.0,1.1044
2001-04-28,37.0,1.0477
2001-04-29,40.0,1.1327
2001-04-30,54.0,1.5291
2001-05-01,44.0,1.2459
2001-05-02,38.0,1.076
2001-05-03,37.0,1.0477
2001-05-04,32.0,0.9061
2001-05-05,31.0,0.8778
2001-05-06,34.0,0.9628
2001-05-07,30.0,0.8495
2001-05-08,30.0,0.8495
2001-05-09,33.0,0.9345
2001-05-10,35.0,0.9911
2001-05-11,41.0,1.161
2001-05-12,37.0,1.0477
2001-05-13,37.0,1.0477
2001-05-14,38.0,1.076
2001-05-15,40.0,1.1327
2001-05-16,34.0,0.9628
2001-05-17,29.0,0.8212
2001-05-18,29.0,0.8212
2001-05-19,32.0,0.9061
2001-05-20,31.0,0.8778
2001-05-21,30.0,0.8495
2001-05-22,30.0,0.8495
2001-05-23,31.0,0.8778
2001-05-24,38.0,1.076
2001-05-25,39.0,1.1044
2001-05-26,35.0,0.9911
2001-05-27,34.0,0.9628
2001-05-28,35.0,0.9911
2001-05-29,35.0,0.9911
2001-05-30,35.0,0.9911
2001-05-31,33.0,0.9345
2001-06-01,32.0,0.9061
2001-06-02,29.0,0.8212
2001-06-03,28.0,0.7929
2001-06-04,29.0,0.8212
2001-06-05,28.0,0.7929
2001-06-06,34.0,0.9628
2001-06-07,41.0,1.161
2001-06-08,37.0,1.0477
2001-06-09,39.0,1.1044
2001-06-10,36.0,1.0194
2001-06-11,51.0,1.4442
2001-06-12,54.0,1.5291
2001-06-13,45.0,1.2743
2001-06-14,42.0,1.1893
2001-06-15,39.0,1.1044
2001-06-16,36.0,1.0194
2001-06-17,32.0,0.9061
2001-06-18,29.0,0.8212
2001-06-19,29.0,0.8212
2001-06-20,29.0,0.8212
2001-06-21,30.0,0.8495
2001-06-22,29.0,0.8212
2001-06-23,28.0,0.7929
2001-06-24,29.0,0.8212
2001-06-25,31.0,0.8778
2001-06-26,36.0,1.0194
2001-06-27,34.0,0.9628
2001-06-28,30.0,0.8495
2001-06-29,30.0,0.8495
2001-06-30,31.0,0.8778
2001-07-01,28.0,0.7929
2001-07-02,28.0,0.7929
2001-07-03,28.0,0.7929
2001-07-04,35.0,0.9911
2001-07-05,31.0,0.8778
2001-07-06,34.0,0.9628
2001-07-07,28.0,0.7929
2001-07-08,25.0,0.7079
2001-07-09,24.0,0.6796
2001-07-10,25.0,0.7079
2001-07-11,24.0,0.6796
2001-07-12,29.0,0.8212
2001-07-13,32.0,0.9061
2001-07-14,32.0,0.9061
2001-07-15,30.0,0.8495
2001-07-16,29.0,0.8212
2001-07-17,28.0,0.7929
2001-07-18,30.0,0.8495
2001-07-19,34.0,0.9628
2001-07-20,36.0,1.0194
2001-07-21,54.0,1.5291
2001-07-22,31.0,0.8778
2001-07-23,31.0,0.8778
2001-07-24,33.0,0.9345
2001-07-25,33.0,0.9345
2001-07-26,32.0,0.9061
2001-07-27,30.0,0.8495
2001-07-28,31.0,0.8778
2001-07-29,32.0,0.9061
2001-07-30,35.0,0.9911
2001-07-31,33.0,0.9345
2001-08-01,30.0,0.8495
2001-08-02,29.0,0.8212
2001-08-03,31.0,0.8778
2001-08-04,30.0,0.8495
2001-08-05,28.0,0.7929
2001-08-06,28.0,0.7929
2001-08-07,29.0,0.8212
2001-08-08,29.0,0.8212
2001-08-09,28.0,0.7929
2001-08-10,27.0,0.7646
2001-08-11,28.0,0.7929
2001-08-12,28.0,0.7929
2001-08-13,27.0,0.7646
2001-08-14,27.0,0.7646
2001-08-15,27.0,0.7646
2001-08-16,28.0,0.7929
2001-08-17,29.0,0.8212
2001-08-18,33.0,0.9345
2001-08-19,30.0,0.8495
2001-08-20,32.0,0.9061
2001-08-21,31.0,0.8778
2001-08-22,31.0,0.8778
2001-08-23,30.0,0.8495
2001-08-24,29.0,0.8212
2001-08-25,29.0,0.8212
2001-08-26,45.0,1.2743
2001-08-27,46.0,1.3026
2001-08-28,35.0,0.9911
2001-08-29,30.0,0.8495
2001-08-30,29.0,0.8212
2001-08-31,27.0,0.7646
2001-09-01,26.0,0.7362
2001-09-02,26.0,0.7362
2001-09-03,27.0,0.7646
2001-09-04,26.0,0.7362
2001-09-05,24.0,0.6796
2001-09-06,22.0,0.623
2001-09-07,20.0,0.5663
2001-09-08,20.0,0.5663
2001-09-09,19.0,0.538
2001-09-10,18.0,0.5097
2001-09-11,18.0,0.5097
2001-09-12,19.0,0.538
2001-09-13,21.0,0.5947
2001-09-14,26.0,0.7362
2001-09-15,27.0,0.7646
2001-09-16,29.0,0.8212
2001-09-17,28.0,0.7929
2001-09-18,30.0,0.8495
2001-09-19,28.0,0.7929
2001-09-20,24.0,0.6796
2001-09-21,29.0,0.8212
2001-09-22,86.0,2.4352
2001-09-23,132.0,3.7378
2001-09-24,60.0,1.699
2001-09-25,39.0,1.1044
2001-09-26,35.0,0.9911
2001-09-27,39.0,1.1044
2001-09-28,38.0,1.076
2001-09-29,36.0,1.0194
2001-09-30,35.0,0.9911
2001-10-01,33.0,0.9345
2001-10-02,31.0,0.8778
2001-10-03,34.0,0.9628
2001-10-04,37.0,1.0477
2001-10-05,43.0,1.2176
2001-10-06,45.0,1.2743
2001-10-07,40.0,1.1327
2001-10-08,36.0,1.0194
2001-10-09,36.0,1.0194
2001-10-10,36.0,1.0194
2001-10-11,37.0,1.0477
2001-10-12,39.0,1.1044
2001-10-13,37.0,1.0477
2001-10-14,38.0,1.076
2001-10-15,36.0,1.0194
2001-10-16,33.0,0.9345
2001-10-17,34.0,0.9628
2001-10-18,36.0,1.0194
2001-10-19,37.0,1.0477
2001-10-20,36.0,1.0194
2001-10-21,36.0,1.0194
2001-10-22,36.0,1.0194
2001-10-23,36.0,1.0194
2001-10-24,36.0,1.0194
2001-10-25,35.0,0.9911
2001-10-26,34.0,0.9628
2001-10-27,33.0,0.9345
2001-10-28,34.0,0.9628
2001-10-29,34.0,0.9628
2001-10-30,31.0,0.8778
2001-10-31,37.0,1.0477
2001-11-01,39.0,1.1044
2001-11-02,36.0,1.0194
2001-11-03,44.0,1.2459
2001-11-04,46.0,1.3026
2001-11-05,43.0,1.2176
2001-11-06,41.0,1.161
2001-11-07,40.0,1.1327
2001-11-08,41.0,1.161
2001-11-09,39.0,1.1044
2001-11-10,38.0,1.076
2001-11-11,40.0,1.1327
2001-11-12,41.0,1.161
2001-11-13,41.0,1.161
2001-11-14,51.0,1.4442
2001-11-15,57.0,1.6141
2001-11-16,116.0,3.2847
2001-11-17,364.0,10.3073
2001-11-18,380.0,10.7604
2001-11-19,376.0,10.6471
2001-11-20,366.0,10.3639
2001-11-21,368.0,10.4206
2001-11-22,383.0,10.8453
2001-11-23,387.0,10.9586
2001-11-24,339.0,9.5994
2001-11-25,185.0,5.2386
2001-11-26,91.0,2.5768
2001-11-27,66.0,1.8689
2001-11-28,64.0,1.8123
2001-11-29,61.0,1.7273
2001-11-30,53.0,1.5008
2001-12-01,55.0,1.5574
2001-12-02,58.0,1.6424
2001-12-03,62.0,1.7556
2001-12-04,62.0,1.7556
2001-12-05,61.0,1.7273
2001-12-06,60.0,1.699
2001-12-07,59.0,1.6707
2001-12-08,58.0,1.6424
2001-12-09,57.0,1.6141
2001-12-10,56.0,1.5857
2001-12-11,56.0,1.5857
2001-12-12,56.0,1.5857
2001-12-13,58.0,1.6424
2001-12-14,61.0,1.7273
2001-12-15,59.0,1.6707
2001-12-16,56.0,1.5857
2001-12-17,54.0,1.5291
2001-12-18,55.0,1.5574
2001-12-19,55.0,1.5574
2001-12-20,54.0,1.5291
2001-12-21,180.0,5.097
2001-12-22,484.0,13.7053
2001-12-23,446.0,12.6293
2001-12-24,168.0,4.7572
2001-12-25,79.0,2.237
2001-12-26,66.0,1.8689
2001-12-27,61.0,1.7273
2001-12-28,59.0,1.6707
2001-12-29,58.0,1.6424
2001-12-30,57.0,1.6141
2001-12-31,56.0,1.5857
2002-01-01,55.0,1.5574
2002-01-02,55.0,1.5574
2002-01-03,55.0,1.5574
2002-01-04,55.0,1.5574
2002-01-05,54.0,1.5291
2002-01-06,52.0,1.4725
2002-01-07,51.0,1.4442
2002-01-08,50.0,1.4158
2002-01-09,49.0,1.3875
2002-01-10,49.0,1.3875
2002-01-11,48.0,1.3592
2002-01-12,47.0,1.3309
2002-01-13,46.0,1.3026
2002-01-14,46.0,1.3026
2002-01-15,44.0,1.2459
2002-01-16,45.0,1.2743
2002-01-17,44.0,1.2459
2002-01-18,44.0,1.2459
2002-01-19,46.0,1.3026
2002-01-20,45.0,1.2743
2002-01-21,43.0,1.2176
2002-01-22,43.0,1.2176
2002-01-23,44.0,1.2459
2002-01-24,44.0,1.2459
2002-01-25,44.0,1.2459
2002-01-26,45.0,1.2743
2002-01-27,45.0,1.2743
2002-01-28,44.0,1.2459
2002-01-29,45.0,1.2743
2002-01-30,47.0,1.3309
2002-01-31,47.0,1.3309
2002-02-01,45.0,1.2743
2002-02-02,44.0,1.2459
2002-02-03,45.0,1.2743
2002-02-04,45.0,1.2743
2002-02-05,49.0,1.3875
2002-02-06,49.0,1.3875
2002-02-07,51.0,1.4442
2002-02-08,53.0,1.5008
2002-02-09,47.0,1.3309
2002-02-10,42.0,1.1893
2002-02-11,42.0,1.1893
2002-02-12,41.0,1.161
2002-02-13,39.0,1.1044
2002-02-14,39.0,1.1044
2002-02-15,39.0,1.1044
2002-02-16,40.0,1.1327
2002-02-17,41.0,1.161
2002-02-18,41.0,1.161
2002-02-19,42.0,1.1893
2002-02-20,41.0,1.161
2002-02-21,42.0,1.1893
2002-02-22,41.0,1.161
2002-02-23,40.0,1.1327
2002-02-24,40.0,1.1327
2002-02-25,39.0,1.1044
2002-02-26,38.0,1.076
2002-02-27,38.0,1.076
2002-02-28,37.0,1.0477
2002-03-01,38.0,1.076
2002-03-02,37.0,1.0477
2002-03-03,38.0,1.076
2002-03-04,38.0,1.076
2002-03-05,37.0,1.0477
2002-03-06,37.0,1.0477
2002-03-07,37.0,1.0477
2002-03-08,38.0,1.076
2002-03-09,39.0,1.1044
2002-03-10,40.0,1.1327
2002-03-11,40.0,1.1327
2002-03-12,37.0,1.0477
2002-03-13,37.0,1.0477
2002-03-14,37.0,1.0477
2002-03-15,37.0,1.0477
2002-03-16,36.0,1.0194
2002-03-17,37.0,1.0477
2002-03-18,36.0,1.0194
2002-03-19,38.0,1.076
2002-03-20,42.0,1.1893
2002-03-21,47.0,1.3309
2002-03-22,48.0,1.3592
2002-03-23,45.0,1.2743
2002-03-24,40.0,1.1327
2002-03-25,38.0,1.076
2002-03-26,38.0,1.076
2002-03-27,39.0,1.1044
2002-03-28,37.0,1.0477
2002-03-29,37.0,1.0477
2002-03-30,47.0,1.3309
2002-03-31,49.0,1.3875
2002-04-01,60.0,1.699
2002-04-02,65.0,1.8406
2002-04-03,49.0,1.3875
2002-04-04,44.0,1.2459
2002-04-05,41.0,1.161
2002-04-06,39.0,1.1044
2002-04-07,38.0,1.076
2002-04-08,38.0,1.076
2002-04-09,38.0,1.076
2002-04-10,38.0,1.076
2002-04-11,42.0,1.1893
2002-04-12,47.0,1.3309
2002-04-13,48.0,1.3592
2002-04-14,50.0,1.4158
2002-04-15,43.0,1.2176
2002-04-16,36.0,1.0194
2002-04-17,37.0,1.0477
2002-04-18,41.0,1.161
2002-04-19,38.0,1.076
2002-04-20,35.0,0.9911
2002-04-21,33.0,0.9345
2002-04-22,32.0,0.9061
2002-04-23,31.0,0.8778
2002-04-24,31.0,0.8778
2002-04-25,31.0,0.8778
2002-04-26,32.0,0.9061
2002-04-27,30.0,0.8495
2002-04-28,28.0,0.7929
2002-04-29,29.0,0.8212
2002-04-30,28.0,0.7929
2002-05-01,26.0,0.7362
2002-05-02,25.0,0.7079
2002-05-03,25.0,0.7079
2002-05-04,26.0,0.7362
2002-05-05,25.0,0.7079
2002-05-06,24.0,0.6796
2002-05-07,23.0,0.6513
2002-05-08,23.0,0.6513
2002-05-09,23.0,0.6513
2002-05-10,21.0,0.5947
2002-05-11,19.0,0.538
2002-05-12,17.0,0.4814
2002-05-13,15.0,0.4248
2002-05-14,16.0,0.4531
2002-05-15,22.0,0.623
2002-05-16,24.0,0.6796
2002-05-17,20.0,0.5663
2002-05-18,17.0,0.4814
2002-05-19,17.0,0.4814
2002-05-20,17.0,0.4814
2002-05-21,16.0,0.4531
2002-05-22,15.0,0.4248
2002-05-23,16.0,0.4531
2002-05-24,15.0,0.4248
2002-05-25,15.0,0.4248
2002-05-26,14.0,0.3964
2002-05-27,15.0,0.4248
2002-05-28,18.0,0.5097
2002-05-29,17.0,0.4814
2002-05-30,17.0,0.4814
2002-05-31,16.0,0.4531
2002-06-01,16.0,0.4531
2002-06-02,15.0,0.4248
2002-06-03,14.0,0.3964
2002-06-04,14.0,0.3964
2002-06-05,15.0,0.4248
2002-06-06,15.0,0.4248
2002-06-07,14.0,0.3964
2002-06-08,14.0,0.3964
2002-06-09,13.0,0.3681
2002-06-10,13.0,0.3681
2002-06-11,12.0,0.3398
2002-06-12,13.0,0.3681
2002-06-13,12.0,0.3398
2002-06-14,12.0,0.3398
2002-06-15,12.0,0.3398
2002-06-16,12.0,0.3398
2002-06-17,12.0,0.3398
2002-06-18,11.0,0.3115
2002-06-19,10.0,0.2832
2002-06-20,19.0,0.538
2002-06-21,264.0,7.4756
2002-06-22,274.0,7.7588
2002-06-23,120.0,3.398
2002-06-24,54.0,1.5291
2002-06-25,34.0,0.9628
2002-06-26,26.0,0.7362
2002-06-27,23.0,0.6513
2002-06-28,19.0,0.538
2002-06-29,18.0,0.5097
2002-06-30,17.0,0.4814
2002-07-01,16.0,0.4531
2002-07-02,16.0,0.4531
2002-07-03,17.0,0.4814
2002-07-04,22.0,0.623
2002-07-05,339.0,9.5994
2002-07-06,322.0,9.118
2002-07-07,236.0,6.6828
2002-07-08,192.0,5.4368
2002-07-09,94.0,2.6618
2002-07-10,60.0,1.699
2002-07-11,46.0,1.3026
2002-07-12,36.0,1.0194
2002-07-13,32.0,0.9061
2002-07-14,29.0,0.8212
2002-07-15,27.0,0.7646
2002-07-16,26.0,0.7362
2002-07-17,25.0,0.7079
2002-07-18,24.0,0.6796
2002-07-19,62.0,1.7556
2002-07-20,112.0,3.1715
2002-07-21,56.0,1.5857
2002-07-22,39.0,1.1044
2002-07-23,31.0,0.8778
2002-07-24,27.0,0.7646
2002-07-25,24.0,0.6796
2002-07-26,23.0,0.6513
2002-07-27,22.0,0.623
2002-07-28,23.0,0.6513
2002-07-29,20.0,0.5663
2002-07-30,20.0,0.5663
2002-07-31,21.0,0.5947
2002-08-01,17.0,0.4814
2002-08-02,249.0,7.0509
2002-08-03,216.0,6.1164
2002-08-04,86.0,2.4352
2002-08-05,41.0,1.161
2002-08-06,32.0,0.9061
2002-08-07,28.0,0.7929
2002-08-08,23.0,0.6513
2002-08-09,20.0,0.5663
2002-08-10,19.0,0.538
2002-08-11,19.0,0.538
2002-08-12,18.0,0.5097
2002-08-13,18.0,0.5097
2002-08-14,18.0,0.5097
2002-08-15,17.0,0.4814
2002-08-16,16.0,0.4531
2002-08-17,15.0,0.4248
2002-08-18,15.0,0.4248
2002-08-19,14.0,0.3964
2002-08-20,38.0,1.076
2002-08-21,21.0,0.5947
2002-08-22,18.0,0.5097
2002-08-23,16.0,0.4531
2002-08-24,15.0,0.4248
2002-08-25,14.0,0.3964
2002-08-26,13.0,0.3681
2002-08-27,11.0,0.3115
2002-08-28,11.0,0.3115
2002-08-29,12.0,0.3398
2002-08-30,39.0,1.1044
2002-08-31,38.0,1.076
2002-09-01,21.0,0.5947
2002-09-02,20.0,0.5663
2002-09-03,19.0,0.538
2002-09-04,15.0,0.4248
2002-09-05,15.0,0.4248
2002-09-06,15.0,0.4248
2002-09-07,13.0,0.3681
2002-09-08,12.0,0.3398
2002-09-09,11.0,0.3115
2002-09-10,10.0,0.2832
2002-09-11,19.0,0.538
2002-09-12,13.0,0.3681
2002-09-13,42.0,1.1893
2002-09-14,36.0,1.0194
2002-09-15,21.0,0.5947
2002-09-16,184.0,5.2103
2002-09-17,111.0,3.1432
2002-09-18,49.0,1.3875
2002-09-19,33.0,0.9345
2002-09-20,25.0,0.7079
2002-09-21,23.0,0.6513
2002-09-22,20.0,0.5663
2002-09-23,19.0,0.538
2002-09-24,19.0,0.538
2002-09-25,18.0,0.5097
2002-09-26,17.0,0.4814
2002-09-27,16.0,0.4531
2002-09-28,16.0,0.4531
2002-09-29,16.0,0.4531
2002-09-30,14.0,0.3964
2002-10-01,14.6,0.4134
2002-10-02,15.9,0.4502
2002-10-03,17.5,0.4955
2002-10-04,18.9,0.5352
2002-10-05,18.8,0.5324
2002-10-06,19.0,0.538
2002-10-07,73.8,2.0898
2002-10-08,20.0,0.5663
2002-10-09,20.1,0.5692
2002-10-10,24.3,0.6881
2002-10-11,28.8,0.8155
2002-10-12,28.9,0.8184
2002-10-13,30.8,0.8722
2002-10-14,29.6,0.8382
2002-10-15,31.4,0.8891
2002-10-16,34.3,0.9713
2002-10-17,29.9,0.8467
2002-10-18,29.5,0.8353
2002-10-19,30.7,0.8693
2002-10-20,30.6,0.8665
2002-10-21,30.1,0.8523
2002-10-22,35.1,0.9939
2002-10-23,34.6,0.9798
2002-10-24,34.0,0.9628
2002-10-25,39.1,1.1072
2002-10-26,41.4,1.1723
2002-10-27,75.3,2.1323
2002-10-28,64.8,1.8349
2002-10-29,56.5,1.5999
2002-10-30,53.7,1.5206
2002-10-31,46.6,1.3196
2002-11-01,42.3,1.1978
2002-11-02,39.8,1.127
2002-11-03,39.7,1.1242
2002-11-04,39.4,1.1157
2002-11-05,39.0,1.1044
2002-11-06,38.0,1.076
2002-11-07,38.4,1.0874
2002-11-08,37.0,1.0477
2002-11-09,36.8,1.0421
2002-11-10,35.5,1.0052
2002-11-11,35.3,0.9996
2002-11-12,36.0,1.0194
2002-11-13,34.1,0.9656
2002-11-14,34.0,0.9628
2002-11-15,35.8,1.0137
2002-11-16,37.7,1.0675
2002-11-17,38.7,1.0959
2002-11-18,40.4,1.144
2002-11-19,40.0,1.1327
2002-11-20,36.5,1.0336
2002-11-21,36.7,1.0392
2002-11-22,37.0,1.0477
2002-11-23,36.8,1.0421
2002-11-24,36.7,1.0392
2002-11-25,36.4,1.0307
2002-11-26,36.6,1.0364
2002-11-27,36.2,1.0251
2002-11-28,36.8,1.0421
2002-11-29,36.8,1.0421
2002-11-30,37.6,1.0647
2002-12-01,38.0,1.076
2002-12-02,38.7,1.0959
2002-12-03,43.0,1.2176
2002-12-04,44.2,1.2516
2002-12-05,44.5,1.2601
2002-12-06,173.0,4.8988
2002-12-07,483.0,13.677
2002-12-08,528.0,14.9513
2002-12-09,530.0,15.0079
2002-12-10,536.0,15.1778
2002-12-11,537.0,15.2061
2002-12-12,537.0,15.2061
2002-12-13,576.0,16.3105
2002-12-14,530.0,15.0079
2002-12-15,462.0,13.0824
2002-12-16,396.0,11.2135
2002-12-17,381.0,10.7887
2002-12-18,296.0,8.3818
2002-12-19,173.0,4.8988
2002-12-20,92.0,2.6051
2002-12-21,73.0,2.0671
2002-12-22,60.0,1.699
2002-12-23,56.6,1.6027
2002-12-24,54.0,1.5291
2002-12-25,51.0,1.4442
2002-12-26,51.0,1.4442
2002-12-27,49.0,1.3875
2002-12-28,47.0,1.3309
2002-12-29,49.6,1.4045
2002-12-30,47.0,1.3309
2002-12-31,44.0,1.2459
2003-01-01,45.8,1.2969
2003-01-02,46.0,1.3026
2003-01-03,47.0,1.3309
2003-01-04,47.0,1.3309
2003-01-05,47.0,1.3309
2003-01-06,44.2,1.2516
2003-01-07,45.4,1.2856
2003-01-08,46.0,1.3026
2003-01-09,44.6,1.2629
2003-01-10,41.4,1.1723
2003-01-11,42.0,1.1893
2003-01-12,40.2,1.1383
2003-01-13,39.0,1.1044
2003-01-14,39.7,1.1242
2003-01-15,41.4,1.1723
2003-01-16,45.4,1.2856
2003-01-17,58.7,1.6622
2003-01-18,60.0,1.699
2003-01-19,58.8,1.665
2003-01-20,59.2,1.6764
2003-01-21,59.8,1.6933
2003-01-22,59.7,1.6905
2003-01-23,59.6,1.6877
2003-01-24,65.5,1.8548
2003-01-25,72.0,2.0388
2003-01-26,70.5,1.9963
2003-01-27,68.2,1.9312
2003-01-28,67.8,1.9199
2003-01-29,64.9,1.8378
2003-01-30,57.3,1.6226
2003-01-31,52.0,1.4725
2003-02-01,49.1,1.3904
2003-02-02,56.6,1.6027
2003-02-03,59.7,1.6905
2003-02-04,57.8,1.6367
2003-02-05,55.8,1.5801
2003-02-06,50.6,1.4328
2003-02-07,43.8,1.2403
2003-02-08,45.0,1.2743
2003-02-09,48.4,1.3705
2003-02-10,51.5,1.4583
2003-02-11,52.4,1.4838
2003-02-12,51.0,1.4442
2003-02-13,46.6,1.3196
2003-02-14,43.0,1.2176
2003-02-15,40.9,1.1582
2003-02-16,45.6,1.2912
2003-02-17,48.2,1.3649
2003-02-18,47.7,1.3507
2003-02-19,48.4,1.3705
2003-02-20,56.6,1.6027
2003-02-21,62.3,1.7641
2003-02-22,69.7,1.9737
2003-02-23,70.2,1.9878
2003-02-24,54.9,1.5546
2003-02-25,46.2,1.3082
2003-02-26,42.2,1.195
2003-02-27,46.6,1.3196
2003-02-28,48.3,1.3677
2003-03-01,44.7,1.2658
2003-03-02,43.3,1.2261
2003-03-03,43.3,1.2261
2003-03-04,44.2,1.2516
2003-03-05,45.5,1.2884
2003-03-06,44.6,1.2629
2003-03-07,44.4,1.2573
2003-03-08,42.5,1.2035
2003-03-09,41.5,1.1751
2003-03-10,41.8,1.1836
2003-03-11,41.9,1.1865
2003-03-12,42.2,1.195
2003-03-13,40.5,1.1468
2003-03-14,37.7,1.0675
2003-03-15,36.9,1.0449
2003-03-16,68.2,1.9312
2003-03-17,55.4,1.5688
2003-03-18,46.4,1.3139
2003-03-19,38.9,1.1015
2003-03-20,37.1,1.0506
2003-03-21,39.0,1.1044
2003-03-22,35.5,1.0052
2003-03-23,36.5,1.0336
2003-03-24,38.3,1.0845
2003-03-25,38.3,1.0845
2003-03-26,37.2,1.0534
2003-03-27,36.9,1.0449
2003-03-28,35.1,0.9939
2003-03-29,36.0,1.0194
2003-03-30,35.3,0.9996
2003-03-31,34.3,0.9713
2003-04-01,35.5,1.0052
2003-04-02,36.2,1.0251
2003-04-03,34.5,0.9769
2003-04-04,29.7,0.841
2003-04-05,24.7,0.6994
2003-04-06,21.6,0.6116
2003-04-07,19.6,0.555
2003-04-08,18.9,0.5352
2003-04-09,19.2,0.5437
2003-04-10,19.3,0.5465
2003-04-11,21.8,0.6173
2003-04-12,20.7,0.5862
2003-04-13,17.9,0.5069
2003-04-14,16.0,0.4531
2003-04-15,14.3,0.4049
2003-04-16,13.8,0.3908
2003-04-17,11.7,0.3313
2003-04-18,10.8,0.3058
2003-04-19,10.6,0.3002
2003-04-20,10.4,0.2945
2003-04-21,9.7,0.2747
2003-04-22,9.78,0.2769
2003-04-23,12.2,0.3455
2003-04-24,12.9,0.3653
2003-04-25,10.6,0.3002
2003-04-26,9.25,0.2619
2003-04-27,9.98,0.2826
2003-04-28,12.8,0.3625
2003-04-29,12.4,0.3511
2003-04-30,13.0,0.3681
2003-05-01,14.7,0.4163
2003-05-02,11.9,0.337
2003-05-03,10.0,0.2832
2003-05-04,8.93,0.2529
2003-05-05,8.58,0.243
2003-05-06,8.39,0.2376
2003-05-07,7.8,0.2209
2003-05-08,7.44,0.2107
2003-05-09,7.38,0.209
2003-05-10,7.28,0.2061
2003-05-11,7.34,0.2078
2003-05-12,8.26,0.2339
2003-05-13,9.05,0.2563
2003-05-14,9.27,0.2625
2003-05-15,8.73,0.2472
2003-05-16,8.43,0.2387
2003-05-17,8.14,0.2305
2003-05-18,7.7,0.218
2003-05-19,7.73,0.2189
2003-05-20,7.68,0.2175
2003-05-21,7.61,0.2155
2003-05-22,7.72,0.2186
2003-05-23,7.84,0.222
2003-05-24,8.23,0.233
2003-05-25,18.5,0.5239
2003-05-26,166.0,4.7006
2003-05-27,37.0,1.0477
2003-05-28,64.0,1.8123
2003-05-29,46.9,1.3281
2003-05-30,30.2,0.8552
2003-05-31,22.0,0.623
2003-06-01,18.7,0.5295
2003-06-02,15.7,0.4446
2003-06-03,14.2,0.4021
2003-06-04,13.2,0.3738
2003-06-05,12.2,0.3455
2003-06-06,11.7,0.3313
2003-06-07,12.4,0.3511
2003-06-08,13.1,0.371
2003-06-09,12.4,0.3511
2003-06-10,11.9,0.337
2003-06-11,11.6,0.3285
2003-06-12,11.8,0.3341
2003-06-13,11.4,0.3228
2003-06-14,10.8,0.3058
2003-06-15,10.7,0.303
2003-06-16,10.7,0.303
2003-06-17,11.0,0.3115
2003-06-18,10.9,0.3087
2003-06-19,10.4,0.2945
2003-06-20,10.7,0.303
2003-06-21,10.0,0.2832
2003-06-22,9.6,0.2718
2003-06-23,15.0,0.4248
2003-06-24,45.8,1.2969
2003-06-25,18.0,0.5097
2003-06-26,14.6,0.4134
2003-06-27,12.2,0.3455
2003-06-28,10.5,0.2973
2003-06-29,13.5,0.3823
2003-06-30,321.0,9.0897
2003-07-01,12.4,0.3511
2003-07-02,7.36,0.2084
2003-07-03,9.82,0.2781
2003-07-04,12.0,0.3398
2003-07-05,12.7,0.3596
2003-07-06,7.1,0.201
2003-07-07,8.64,0.2447
2003-07-08,9.46,0.2679
2003-07-09,7.95,0.2251
2003-07-10,6.36,0.1801
2003-07-11,6.56,0.1858
2003-07-12,6.27,0.1775
2003-07-13,5.61,0.1589
2003-07-14,5.15,0.1458
2003-07-15,4.81,0.1362
2003-07-16,4.63,0.1311
2003-07-17,4.69,0.1328
2003-07-18,5.03,0.1424
2003-07-19,4.93,0.1396
2003-07-20,4.89,0.1385
2003-07-21,5.07,0.1436
2003-07-22,5.38,0.1523
2003-07-23,5.46,0.1546
2003-07-24,6.2,0.1756
2003-07-25,6.29,0.1781
2003-07-26,6.52,0.1846
2003-07-27,6.78,0.192
2003-07-28,7.79,0.2206
2003-07-29,8.97,0.254
2003-07-30,8.56,0.2424
2003-07-31,8.13,0.2302
2003-08-01,7.56,0.2141
2003-08-02,7.18,0.2033
2003-08-03,6.95,0.1968
2003-08-04,6.59,0.1866
2003-08-05,6.33,0.1792
2003-08-06,6.21,0.1758
2003-08-07,6.4,0.1812
2003-08-08,6.15,0.1741
2003-08-09,6.47,0.1832
2003-08-10,6.3,0.1784
2003-08-11,6.2,0.1756
2003-08-12,6.1,0.1727
2003-08-13,5.53,0.1566
2003-08-14,5.01,0.1419
2003-08-15,4.94,0.1399
2003-08-16,5.27,0.1492
2003-08-17,5.19,0.147
2003-08-18,5.86,0.1659
2003-08-19,6.87,0.1945
2003-08-20,7.51,0.2127
2003-08-21,7.49,0.2121
2003-08-22,7.29,0.2064
2003-08-23,7.14,0.2022
2003-08-24,6.92,0.196
2003-08-25,8.89,0.2517
2003-08-26,9.03,0.2557
2003-08-27,7.56,0.2141
2003-08-28,7.53,0.2132
2003-08-29,8.53,0.2415
2003-08-30,9.4,0.2662
2003-08-31,9.17,0.2597
2003-09-01,9.17,0.2597
2003-09-02,8.2,0.2322
2003-09-03,8.19,0.2319
2003-09-04,8.25,0.2336
2003-09-05,8.38,0.2373
2003-09-06,7.96,0.2254
2003-09-07,8.22,0.2328
2003-09-08,8.43,0.2387
2003-09-09,8.63,0.2444
2003-09-10,10.6,0.3002
2003-09-11,10.0,0.2832
2003-09-12,9.7,0.2747
2003-09-13,9.67,0.2738
2003-09-14,10.5,0.2973
2003-09-15,10.3,0.2917
2003-09-16,9.64,0.273
2003-09-17,11.3,0.32
2003-09-18,11.9,0.337
2003-09-19,12.0,0.3398
2003-09-20,11.0,0.3115
2003-09-21,10.7,0.303
2003-09-22,10.5,0.2973
2003-09-23,10.7,0.303
2003-09-24,10.6,0.3002
2003-09-25,53.7,1.5206
2003-09-26,20.8,0.589
2003-09-27,15.1,0.4276
2003-09-28,12.7,0.3596
2003-09-29,12.0,0.3398
2003-09-30,11.4,0.3228
2003-10-01,11.0,0.3115
2003-10-02,11.0,0.3115
2003-10-03,10.0,0.2832
2003-10-04,11.0,0.3115
2003-10-05,12.0,0.3398
2003-10-06,13.0,0.3681
2003-10-07,13.0,0.3681
2003-10-08,48.0,1.3592
2003-10-09,15.0,0.4248
2003-10-10,14.0,0.3964
2003-10-11,14.0,0.3964
2003-10-12,18.0,0.5097
2003-10-13,18.0,0.5097
2003-10-14,18.0,0.5097
2003-10-15,16.0,0.4531
2003-10-16,15.0,0.4248
2003-10-17,14.0,0.3964
2003-10-18,14.0,0.3964
2003-10-19,13.0,0.3681
2003-10-20,13.0,0.3681
2003-10-21,13.0,0.3681
2003-10-22,13.0,0.3681
2003-10-23,13.0,0.3681
2003-10-24,13.0,0.3681
2003-10-25,12.0,0.3398
2003-10-26,13.0,0.3681
2003-10-27,13.0,0.3681
2003-10-28,13.0,0.3681
2003-10-29,13.0,0.3681
2003-10-30,13.0,0.3681
2003-10-31,13.0,0.3681
2003-11-01,13.0,0.3681
2003-11-02,13.0,0.3681
2003-11-03,14.0,0.3964
2003-11-04,15.0,0.4248
2003-11-05,15.0,0.4248
2003-11-06,15.0,0.4248
2003-11-07,15.0,0.4248
2003-11-08,15.0,0.4248
2003-11-09,15.0,0.4248
2003-11-10,16.0,0.4531
2003-11-11,16.0,0.4531
2003-11-12,17.0,0.4814
2003-11-13,17.0,0.4814
2003-11-14,20.0,0.5663
2003-11-15,19.0,0.538
2003-11-16,19.0,0.538
2003-11-17,18.0,0.5097
2003-11-18,18.0,0.5097
2003-11-19,17.0,0.4814
2003-11-20,18.0,0.5097
2003-11-21,18.0,0.5097
2003-11-22,38.0,1.076
2003-11-23,360.0,10.194
2003-11-24,456.0,12.9125
2003-11-25,467.0,13.2239
2003-11-26,477.0,13.5071
2003-11-27,449.0,12.7142
2003-11-28,221.0,6.258
2003-11-29,81.0,2.2937
2003-11-30,57.0,1.6141
2003-12-01,49.0,1.3875
2003-12-02,41.0,1.161
2003-12-03,38.0,1.076
2003-12-04,35.0,0.9911
2003-12-05,33.0,0.9345
2003-12-06,31.0,0.8778
2003-12-07,31.0,0.8778
2003-12-08,31.0,0.8778
2003-12-09,31.0,0.8778
2003-12-10,30.0,0.8495
2003-12-11,31.0,0.8778
2003-12-12,29.0,0.8212
2003-12-13,28.0,0.7929
2003-12-14,28.0,0.7929
2003-12-15,28.0,0.7929
2003-12-16,27.0,0.7646
2003-12-17,28.0,0.7929
2003-12-18,29.0,0.8212
2003-12-19,30.0,0.8495
2003-12-20,27.0,0.7646
2003-12-21,26.0,0.7362
2003-12-22,25.0,0.7079
2003-12-23,26.0,0.7362
2003-12-24,27.0,0.7646
2003-12-25,29.0,0.8212
2003-12-26,30.0,0.8495
2003-12-27,28.0,0.7929
2003-12-28,26.0,0.7362
2003-12-29,26.0,0.7362
2003-12-30,26.0,0.7362
2003-12-31,27.0,0.7646
2004-01-01,26.1,0.7391
2004-01-02,25.9,0.7334
2004-01-03,26.6,0.7532
2004-01-04,27.4,0.7759
2004-01-05,27.0,0.7646
2004-01-06,26.7,0.7561
2004-01-07,25.6,0.7249
2004-01-08,23.6,0.6683
2004-01-09,22.6,0.64
2004-01-10,22.1,0.6258
2004-01-11,21.8,0.6173
2004-01-12,21.9,0.6201
2004-01-13,22.2,0.6286
2004-01-14,22.1,0.6258
2004-01-15,22.6,0.64
2004-01-16,23.3,0.6598
2004-01-17,23.9,0.6768
2004-01-18,24.3,0.6881
2004-01-19,25.0,0.7079
2004-01-20,24.0,0.6796
2004-01-21,23.9,0.6768
2004-01-22,23.0,0.6513
2004-01-23,22.4,0.6343
2004-01-24,22.4,0.6343
2004-01-25,22.6,0.64
2004-01-26,22.0,0.623
2004-01-27,21.1,0.5975
2004-01-28,22.4,0.6343
2004-01-29,22.9,0.6485
2004-01-30,21.5,0.6088
2004-01-31,20.1,0.5692
2004-02-01,20.3,0.5748
2004-02-02,21.0,0.5947
2004-02-03,21.9,0.6201
2004-02-04,22.3,0.6315
2004-02-05,22.0,0.623
2004-02-06,21.0,0.5947
2004-02-07,20.9,0.5918
2004-02-08,21.4,0.606
2004-02-09,22.2,0.6286
2004-02-10,21.6,0.6116
2004-02-11,21.5,0.6088
2004-02-12,22.5,0.6371
2004-02-13,22.7,0.6428
2004-02-14,23.5,0.6654
2004-02-15,24.0,0.6796
2004-02-16,27.1,0.7674
2004-02-17,26.0,0.7362
2004-02-18,24.3,0.6881
2004-02-19,23.4,0.6626
2004-02-20,23.2,0.6569
2004-02-21,22.8,0.6456
2004-02-22,23.7,0.6711
2004-02-23,25.1,0.7108
2004-02-24,27.1,0.7674
2004-02-25,25.2,0.7136
2004-02-26,26.5,0.7504
2004-02-27,35.1,0.9939
2004-02-28,34.5,0.9769
2004-02-29,30.3,0.858
2004-03-01,26.3,0.7447
2004-03-02,25.3,0.7164
2004-03-03,25.3,0.7164
2004-03-04,27.4,0.7759
2004-03-05,28.3,0.8014
2004-03-06,31.6,0.8948
2004-03-07,38.7,1.0959
2004-03-08,33.2,0.9401
2004-03-09,28.1,0.7957
2004-03-10,24.8,0.7023
2004-03-11,25.5,0.7221
2004-03-12,28.1,0.7957
2004-03-13,30.9,0.875
2004-03-14,32.0,0.9061
2004-03-15,38.6,1.093
2004-03-16,45.4,1.2856
2004-03-17,36.9,1.0449
2004-03-18,35.1,0.9939
2004-03-19,33.8,0.9571
2004-03-20,33.2,0.9401
2004-03-21,34.0,0.9628
2004-03-22,32.5,0.9203
2004-03-23,31.7,0.8976
2004-03-24,32.9,0.9316
2004-03-25,34.0,0.9628
2004-03-26,33.2,0.9401
2004-03-27,32.1,0.909
2004-03-28,32.8,0.9288
2004-03-29,32.4,0.9175
2004-03-30,32.7,0.926
2004-03-31,32.4,0.9175
2004-04-01,32.1,0.909
2004-04-02,48.7,1.379
2004-04-03,33.9,0.9599
2004-04-04,4990.0,141.3008
2004-04-05,15900.0,450.2371
2004-04-06,1290.0,36.5287
2004-04-07,892.0,25.2586
2004-04-08,341.0,9.656
2004-04-09,164.0,4.644
2004-04-10,119.0,3.3697
2004-04-11,94.0,2.6618
2004-04-12,77.6,2.1974
2004-04-13,68.4,1.9369
2004-04-14,62.4,1.767
2004-04-15,56.3,1.5942
2004-04-16,51.9,1.4696
2004-04-17,48.6,1.3762
2004-04-18,46.6,1.3196
2004-04-19,44.1,1.2488
2004-04-20,39.4,1.1157
2004-04-21,36.8,1.0421
2004-04-22,35.1,0.9939
2004-04-23,32.5,0.9203
2004-04-24,28.1,0.7957
2004-04-25,24.6,0.6966
2004-04-26,22.2,0.6286
2004-04-27,24.2,0.6853
2004-04-28,25.0,0.7079
2004-04-29,26.6,0.7532
2004-04-30,28.2,0.7985
2004-05-01,28.4,0.8042
2004-05-02,28.6,0.8099
2004-05-03,26.9,0.7617
2004-05-04,27.6,0.7815
2004-05-05,28.8,0.8155
2004-05-06,28.0,0.7929
2004-05-07,29.2,0.8269
2004-05-08,30.1,0.8523
2004-05-09,30.4,0.8608
2004-05-10,31.1,0.8807
2004-05-11,31.5,0.892
2004-05-12,33.4,0.9458
2004-05-13,34.8,0.9854
2004-05-14,36.9,1.0449
2004-05-15,87.7,2.4834
2004-05-16,41.2,1.1667
2004-05-17,32.8,0.9288
2004-05-18,33.0,0.9345
2004-05-19,32.6,0.9231
2004-05-20,30.5,0.8637
2004-05-21,31.1,0.8807
2004-05-22,34.7,0.9826
2004-05-23,40.1,1.1355
2004-05-24,47.4,1.3422
2004-05-25,42.4,1.2006
2004-05-26,38.9,1.1015
2004-05-27,38.4,1.0874
2004-05-28,40.1,1.1355
2004-05-29,42.5,1.2035
2004-05-30,42.0,1.1893
2004-05-31,41.8,1.1836
2004-06-01,39.2,1.11
2004-06-02,37.5,1.0619
2004-06-03,36.3,1.0279
2004-06-04,37.6,1.0647
2004-06-05,40.6,1.1497
2004-06-06,41.1,1.1638
2004-06-07,42.5,1.2035
2004-06-08,42.3,1.1978
2004-06-09,40.9,1.1582
2004-06-10,41.5,1.1751
2004-06-11,44.8,1.2686
2004-06-12,42.3,1.1978
2004-06-13,40.9,1.1582
2004-06-14,40.7,1.1525
2004-06-15,37.6,1.0647
2004-06-16,35.5,1.0052
2004-06-17,40.1,1.1355
2004-06-18,34.1,0.9656
2004-06-19,39.3,1.1129
2004-06-20,46.1,1.3054
2004-06-21,48.9,1.3847
2004-06-22,46.3,1.3111
2004-06-23,44.2,1.2516
2004-06-24,59.5,1.6848
2004-06-25,103.0,2.9166
2004-06-26,47.8,1.3535
2004-06-27,55.0,1.5574
2004-06-28,133.0,3.7661
2004-06-29,87.2,2.4692
2004-06-30,59.0,1.6707
2004-07-01,49.0,1.3875
2004-07-02,47.8,1.3535
2004-07-03,47.3,1.3394
2004-07-04,45.7,1.2941
2004-07-05,43.5,1.2318
2004-07-06,41.8,1.1836
2004-07-07,41.5,1.1751
2004-07-08,41.9,1.1865
2004-07-09,40.2,1.1383
2004-07-10,38.9,1.1015
2004-07-11,45.1,1.2771
2004-07-12,44.2,1.2516
2004-07-13,46.1,1.3054
2004-07-14,46.9,1.3281
2004-07-15,41.3,1.1695
2004-07-16,38.3,1.0845
2004-07-17,35.8,1.0137
2004-07-18,33.7,0.9543
2004-07-19,38.8,1.0987
2004-07-20,39.1,1.1072
2004-07-21,38.4,1.0874
2004-07-22,36.5,1.0336
2004-07-23,33.7,0.9543
2004-07-24,35.3,0.9996
2004-07-25,384.0,10.8737
2004-07-26,228.0,6.4562
2004-07-27,527.0,14.923
2004-07-28,224.0,6.343
2004-07-29,117.0,3.3131
2004-07-30,84.5,2.3928
2004-07-31,66.4,1.8802
2004-08-01,57.9,1.6395
2004-08-02,54.2,1.5348
2004-08-03,51.3,1.4527
2004-08-04,49.7,1.4073
2004-08-05,48.3,1.3677
2004-08-06,45.7,1.2941
2004-08-07,44.2,1.2516
2004-08-08,43.2,1.2233
2004-08-09,44.2,1.2516
2004-08-10,42.9,1.2148
2004-08-11,42.3,1.1978
2004-08-12,41.0,1.161
2004-08-13,88.3,2.5004
2004-08-14,146.0,4.1343
2004-08-15,172.0,4.8705
2004-08-16,96.4,2.7297
2004-08-17,74.2,2.1011
2004-08-18,64.2,1.8179
2004-08-19,60.4,1.7103
2004-08-20,56.9,1.6112
2004-08-21,54.3,1.5376
2004-08-22,51.8,1.4668
2004-08-23,50.6,1.4328
2004-08-24,50.0,1.4158
2004-08-25,47.6,1.3479
2004-08-26,51.3,1.4527
2004-08-27,51.2,1.4498
2004-08-28,47.0,1.3309
2004-08-29,46.2,1.3082
2004-08-30,49.2,1.3932
2004-08-31,66.8,1.8916
2004-09-01,93.6,2.6505
2004-09-02,125.0,3.5396
2004-09-03,86.6,2.4522
2004-09-04,72.8,2.0615
2004-09-05,68.0,1.9255
2004-09-06,53.2,1.5065
2004-09-07,48.4,1.3705
2004-09-08,52.9,1.498
2004-09-09,53.1,1.5036
2004-09-10,52.6,1.4895
2004-09-11,53.9,1.5263
2004-09-12,56.2,1.5914
2004-09-13,48.2,1.3649
2004-09-14,41.7,1.1808
2004-09-15,39.2,1.11
2004-09-16,39.1,1.1072
2004-09-17,49.1,1.3904
2004-09-18,61.6,1.7443
2004-09-19,67.0,1.8972
2004-09-20,54.9,1.5546
2004-09-21,163.0,4.6156
2004-09-22,116.0,3.2847
2004-09-23,211.0,5.9748
2004-09-24,109.0,3.0865
2004-09-25,709.0,20.0766
2004-09-26,972.0,27.5239
2004-09-27,383.0,10.8453
2004-09-28,545.0,15.4327
2004-09-29,349.0,9.8826
2004-09-30,846.0,23.956
2004-10-01,899.0,25.4568
2004-10-02,634.0,17.9529
2004-10-03,190.0,5.3802
2004-10-04,184.0,5.2103
2004-10-05,242.0,6.8527
2004-10-06,299.0,8.4667
2004-10-07,439.0,12.4311
2004-10-08,265.0,7.504
2004-10-09,158.0,4.4741
2004-10-10,106.0,3.0016
2004-10-11,90.9,2.574
2004-10-12,82.3,2.3305
2004-10-13,78.5,2.2229
2004-10-14,75.4,2.1351
2004-10-15,74.0,2.0954
2004-10-16,72.0,2.0388
2004-10-17,70.1,1.985
2004-10-18,64.2,1.8179
2004-10-19,65.2,1.8463
2004-10-20,65.7,1.8604
2004-10-21,66.9,1.8944
2004-10-22,67.4,1.9086
2004-10-23,62.7,1.7755
2004-10-24,53.0,1.5008
2004-10-25,46.9,1.3281
2004-10-26,44.5,1.2601
2004-10-27,43.1,1.2205
2004-10-28,55.9,1.5829
2004-10-29,63.0,1.784
2004-10-30,63.8,1.8066
2004-10-31,66.5,1.8831
2004-11-01,62.9,1.7811
2004-11-02,63.6,1.8009
2004-11-03,281.0,7.957
2004-11-04,465.0,13.1673
2004-11-05,482.0,13.6487
2004-11-06,508.0,14.3849
2004-11-07,501.0,14.1867
2004-11-08,525.0,14.8663
2004-11-09,543.0,15.376
2004-11-10,554.0,15.6875
2004-11-11,548.0,15.5176
2004-11-12,536.0,15.1778
2004-11-13,534.0,15.1212
2004-11-14,564.0,15.9707
2004-11-15,649.0,18.3776
2004-11-16,747.0,21.1526
2004-11-17,684.0,19.3687
2004-11-18,624.0,17.6697
2004-11-19,606.0,17.16
2004-11-20,594.0,16.8202
2004-11-21,587.0,16.622
2004-11-22,607.0,17.1883
2004-11-23,700.0,19.8218
2004-11-24,658.0,18.6325
2004-11-25,614.0,17.3865
2004-11-26,603.0,17.075
2004-11-27,589.0,16.6786
2004-11-28,581.0,16.4521
2004-11-29,553.0,15.6592
2004-11-30,298.0,8.4384
2004-12-01,146.0,4.1343
2004-12-02,113.0,3.1998
2004-12-03,103.0,2.9166
2004-12-04,98.4,2.7864
2004-12-05,95.5,2.7043
2004-12-06,94.3,2.6703
2004-12-07,91.9,2.6023
2004-12-08,91.0,2.5768
2004-12-09,84.7,2.3984
2004-12-10,84.0,2.3786
2004-12-11,82.4,2.3333
2004-12-12,81.4,2.305
2004-12-13,80.3,2.2738
2004-12-14,79.4,2.2484
2004-12-15,78.1,2.2115
2004-12-16,77.3,2.1889
2004-12-17,77.4,2.1917
2004-12-18,77.7,2.2002
2004-12-19,76.1,2.1549
2004-12-20,76.6,2.1691
2004-12-21,76.9,2.1776
2004-12-22,78.5,2.2229
2004-12-23,80.8,2.288
2004-12-24,83.6,2.3673
2004-12-25,81.9,2.3191
2004-12-26,79.8,2.2597
2004-12-27,77.9,2.2059
2004-12-28,76.8,2.1747
2004-12-29,76.5,2.1662
2004-12-30,76.5,2.1662
2004-12-31,76.0,2.1521
2005-01-01,76.1,2.1549
2005-01-02,75.1,2.1266
2005-01-03,75.3,2.1323
2005-01-04,76.7,2.1719
2005-01-05,78.4,2.22
2005-01-06,77.6,2.1974
2005-01-07,75.2,2.1294
2005-01-08,72.6,2.0558
2005-01-09,72.9,2.0643
2005-01-10,73.2,2.0728
2005-01-11,73.4,2.0785
2005-01-12,73.2,2.0728
2005-01-13,71.7,2.0303
2005-01-14,73.1,2.07
2005-01-15,68.6,1.9425
2005-01-16,69.1,1.9567
2005-01-17,70.7,2.002
2005-01-18,70.1,1.985
2005-01-19,69.8,1.9765
2005-01-20,70.3,1.9907
2005-01-21,71.1,2.0133
2005-01-22,70.6,1.9992
2005-01-23,70.4,1.9935
2005-01-24,69.7,1.9737
2005-01-25,69.1,1.9567
2005-01-26,69.1,1.9567
2005-01-27,71.4,2.0218
2005-01-28,72.1,2.0416
2005-01-29,73.0,2.0671
2005-01-30,72.5,2.053
2005-01-31,69.9,1.9793
2005-02-01,70.8,2.0048
2005-02-02,67.6,1.9142
2005-02-03,67.9,1.9227
2005-02-04,69.5,1.968
2005-02-05,71.3,2.019
2005-02-06,76.8,2.1747
2005-02-07,82.3,2.3305
2005-02-08,89.3,2.5287
2005-02-09,75.9,2.1492
2005-02-10,71.5,2.0247
2005-02-11,71.1,2.0133
2005-02-12,70.6,1.9992
2005-02-13,71.7,2.0303
2005-02-14,71.2,2.0162
2005-02-15,70.3,1.9907
2005-02-16,68.3,1.934
2005-02-17,68.7,1.9454
2005-02-18,68.8,1.9482
2005-02-19,69.6,1.9708
2005-02-20,133.0,3.7661
2005-02-21,276.0,7.8154
2005-02-22,197.0,5.5784
2005-02-23,192.0,5.4368
2005-02-24,200.0,5.6634
2005-02-25,210.0,5.9465
2005-02-26,209.0,5.9182
2005-02-27,241.0,6.8243
2005-02-28,226.0,6.3996
2005-03-01,170.0,4.8139
2005-03-02,159.0,4.5024
2005-03-03,158.0,4.4741
2005-03-04,148.0,4.1909
2005-03-05,149.0,4.2192
2005-03-06,146.0,4.1343
2005-03-07,128.0,3.6246
2005-03-08,119.0,3.3697
2005-03-09,102.0,2.8883
2005-03-10,90.8,2.5712
2005-03-11,101.0,2.86
2005-03-12,109.0,3.0865
2005-03-13,96.1,2.7212
2005-03-14,89.5,2.5344
2005-03-15,86.1,2.4381
2005-03-16,88.9,2.5174
2005-03-17,102.0,2.8883
2005-03-18,393.0,11.1285
2005-03-19,515.0,14.5832
2005-03-20,581.0,16.4521
2005-03-21,587.0,16.622
2005-03-22,584.0,16.537
2005-03-23,585.0,16.5653
2005-03-24,521.0,14.7531
2005-03-25,216.0,6.1164
2005-03-26,124.0,3.5113
2005-03-27,93.7,2.6533
2005-03-28,83.2,2.356
2005-03-29,84.6,2.3956
2005-03-30,75.8,2.1464
2005-03-31,74.5,2.1096
2005-04-01,67.5,1.9114
2005-04-02,71.4,2.0218
2005-04-03,73.7,2.0869
2005-04-04,68.7,1.9454
2005-04-05,76.4,2.1634
2005-04-06,73.8,2.0898
2005-04-07,73.8,2.0898
2005-04-08,71.7,2.0303
2005-04-09,69.0,1.9539
2005-04-10,69.1,1.9567
2005-04-11,69.8,1.9765
2005-04-12,72.8,2.0615
2005-04-13,83.9,2.3758
2005-04-14,86.4,2.4466
2005-04-15,84.4,2.3899
2005-04-16,77.8,2.203
2005-04-17,95.9,2.7156
2005-04-18,137.0,3.8794
2005-04-19,212.0,6.0032
2005-04-20,106.0,3.0016
2005-04-21,82.4,2.3333
2005-04-22,78.4,2.22
2005-04-23,77.3,2.1889
2005-04-24,75.1,2.1266
2005-04-25,74.5,2.1096
2005-04-26,73.6,2.0841
2005-04-27,72.9,2.0643
2005-04-28,71.6,2.0275
2005-04-29,71.0,2.0105
2005-04-30,71.0,2.0105
2005-05-01,71.6,2.0275
2005-05-02,69.6,1.9708
2005-05-03,69.1,1.9567
2005-05-04,75.7,2.1436
2005-05-05,85.0,2.4069
2005-05-06,81.3,2.3022
2005-05-07,74.8,2.1181
2005-05-08,72.7,2.0586
2005-05-09,76.7,2.1719
2005-05-10,75.5,2.1379
2005-05-11,70.5,1.9963
2005-05-12,71.3,2.019
2005-05-13,68.8,1.9482
2005-05-14,67.7,1.917
2005-05-15,68.6,1.9425
2005-05-16,71.6,2.0275
2005-05-17,112.0,3.1715
2005-05-18,100.0,2.8317
2005-05-19,80.6,2.2823
2005-05-20,72.5,2.053
2005-05-21,68.7,1.9454
2005-05-22,68.1,1.9284
2005-05-23,66.0,1.8689
2005-05-24,68.0,1.9255
2005-05-25,71.8,2.0331
2005-05-26,70.8,2.0048
2005-05-27,111.0,3.1432
2005-05-28,148.0,4.1909
2005-05-29,254.0,7.1925
2005-05-30,143.0,4.0493
2005-05-31,90.5,2.5627
2005-06-01,80.8,2.288
2005-06-02,77.4,2.1917
2005-06-03,78.3,2.2172
2005-06-04,72.7,2.0586
2005-06-05,72.0,2.0388
2005-06-06,72.9,2.0643
2005-06-07,76.6,2.1691
2005-06-08,73.7,2.0869
2005-06-09,69.4,1.9652
2005-06-10,63.5,1.7981
2005-06-11,61.4,1.7387
2005-06-12,68.3,1.934
2005-06-13,59.2,1.6764
2005-06-14,52.2,1.4781
2005-06-15,61.2,1.733
2005-06-16,61.8,1.75
2005-06-17,58.5,1.6565
2005-06-18,64.7,1.8321
2005-06-19,71.0,2.0105
2005-06-20,70.0,1.9822
2005-06-21,70.9,2.0077
2005-06-22,67.3,1.9057
2005-06-23,59.0,1.6707
2005-06-24,56.5,1.5999
2005-06-25,52.4,1.4838
2005-06-26,51.3,1.4527
2005-06-27,53.4,1.5121
2005-06-28,57.7,1.6339
2005-06-29,60.3,1.7075
2005-06-30,62.0,1.7556
2005-07-01,59.6,1.6877
2005-07-02,60.3,1.7075
2005-07-03,56.6,1.6027
2005-07-04,56.1,1.5886
2005-07-05,50.9,1.4413
2005-07-06,52.5,1.4866
2005-07-07,69.1,1.9567
2005-07-08,64.7,1.8321
2005-07-09,60.5,1.7132
2005-07-10,80.7,2.2852
2005-07-11,70.8,2.0048
2005-07-12,66.8,1.8916
2005-07-13,69.0,1.9539
2005-07-14,60.8,1.7217
2005-07-15,64.0,1.8123
2005-07-16,69.2,1.9595
2005-07-17,63.9,1.8094
2005-07-18,62.5,1.7698
2005-07-19,55.7,1.5772
2005-07-20,51.8,1.4668
2005-07-21,53.2,1.5065
2005-07-22,56.0,1.5857
2005-07-23,49.2,1.3932
2005-07-24,45.9,1.2997
2005-07-25,59.2,1.6764
2005-07-26,67.4,1.9086
2005-07-27,71.4,2.0218
2005-07-28,69.2,1.9595
2005-07-29,71.8,2.0331
2005-07-30,74.1,2.0983
2005-07-31,64.5,1.8264
2005-08-01,60.4,1.7103
2005-08-02,58.7,1.6622
2005-08-03,62.1,1.7585
2005-08-04,71.2,2.0162
2005-08-05,70.8,2.0048
2005-08-06,64.1,1.8151
2005-08-07,61.9,1.7528
2005-08-08,54.0,1.5291
2005-08-09,64.2,1.8179
2005-08-10,70.0,1.9822
2005-08-11,97.7,2.7666
2005-08-12,73.0,2.0671
2005-08-13,74.0,2.0954
2005-08-14,327.0,9.2596
2005-08-15,417.0,11.8081
2005-08-16,301.0,8.5234
2005-08-17,104.0,2.9449
2005-08-18,88.2,2.4975
2005-08-19,80.7,2.2852
2005-08-20,81.1,2.2965
2005-08-21,102.0,2.8883
2005-08-22,119.0,3.3697
2005-08-23,89.6,2.5372
2005-08-24,87.3,2.4721
2005-08-25,81.9,2.3191
2005-08-26,87.6,2.4806
2005-08-27,83.2,2.356
2005-08-28,78.1,2.2115
2005-08-29,78.9,2.2342
2005-08-30,91.3,2.5853
2005-08-31,89.9,2.5457
2005-09-01,78.8,2.2314
2005-09-02,67.2,1.9029
2005-09-03,61.2,1.733
2005-09-04,58.8,1.665
2005-09-05,65.8,1.8632
2005-09-06,73.7,2.0869
2005-09-07,67.7,1.917
2005-09-08,62.2,1.7613
2005-09-09,65.8,1.8632
2005-09-10,61.8,1.75
2005-09-11,63.2,1.7896
2005-09-12,65.1,1.8434
2005-09-13,80.0,2.2653
2005-09-14,72.7,2.0586
2005-09-15,60.5,1.7132
2005-09-16,59.3,1.6792
2005-09-17,60.9,1.7245
2005-09-18,58.4,1.6537
2005-09-19,58.5,1.6565
2005-09-20,72.8,2.0615
2005-09-21,78.9,2.2342
2005-09-22,79.1,2.2399
2005-09-23,65.7,1.8604
2005-09-24,63.1,1.7868
2005-09-25,61.6,1.7443
2005-09-26,68.7,1.9454
2005-09-27,74.1,2.0983
2005-09-28,65.3,1.8491
2005-09-29,58.6,1.6594
2005-09-30,65.6,1.8576
2005-10-01,58.3,1.6509
2005-10-02,57.2,1.6197
2005-10-03,62.0,1.7556
2005-10-04,75.8,2.1464
2005-10-05,75.6,2.1408
2005-10-06,89.3,2.5287
2005-10-07,92.7,2.625
2005-10-08,82.2,2.3276
2005-10-09,88.5,2.506
2005-10-10,87.9,2.489
2005-10-11,99.8,2.826
2005-10-12,95.8,2.7127
2005-10-13,85.1,2.4098
2005-10-14,90.9,2.574
2005-10-15,90.6,2.5655
2005-10-16,85.2,2.4126
2005-10-17,85.0,2.4069
2005-10-18,84.1,2.3814
2005-10-19,80.8,2.288
2005-10-20,78.9,2.2342
2005-10-21,77.8,2.203
2005-10-22,75.8,2.1464
2005-10-23,75.4,2.1351
2005-10-24,73.8,2.0898
2005-10-25,73.9,2.0926
2005-10-26,89.0,2.5202
2005-10-27,94.0,2.6618
2005-10-28,97.6,2.7637
2005-10-29,90.5,2.5627
2005-10-30,84.4,2.3899
2005-10-31,91.0,2.5768
2005-11-01,95.9,2.7156
2005-11-02,96.6,2.7354
2005-11-03,95.4,2.7014
2005-11-04,85.0,2.4069
2005-11-05,79.8,2.2597
2005-11-06,78.1,2.2115
2005-11-07,76.4,2.1634
2005-11-08,75.8,2.1464
2005-11-09,75.6,2.1408
2005-11-10,76.1,2.1549
2005-11-11,74.5,2.1096
2005-11-12,74.3,2.1039
2005-11-13,75.2,2.1294
2005-11-14,78.8,2.2314
2005-11-15,75.4,2.1351
2005-11-16,288.0,8.1552
2005-11-17,490.0,13.8752
2005-11-18,521.0,14.7531
2005-11-19,534.0,15.1212
2005-11-20,539.0,15.2628
2005-11-21,545.0,15.4327
2005-11-22,551.0,15.6026
2005-11-23,554.0,15.6875
2005-11-24,558.0,15.8008
2005-11-25,559.0,15.8291
2005-11-26,561.0,15.8857
2005-11-27,567.0,16.0556
2005-11-28,563.0,15.9424
2005-11-29,562.0,15.914
2005-11-30,570.0,16.1406
2005-12-01,571.0,16.1689
2005-12-02,323.0,9.1463
2005-12-03,397.0,11.2418
2005-12-04,573.0,16.2255
2005-12-05,582.0,16.4804
2005-12-06,588.0,16.6503
2005-12-07,597.0,16.9051
2005-12-08,597.0,16.9051
2005-12-09,597.0,16.9051
2005-12-10,605.0,17.1317
2005-12-11,601.0,17.0184
2005-12-12,601.0,17.0184
2005-12-13,604.0,17.1033
2005-12-14,608.0,17.2166
2005-12-15,604.0,17.1033
2005-12-16,609.0,17.2449
2005-12-17,609.0,17.2449
2005-12-18,613.0,17.3582
2005-12-19,620.0,17.5564
2005-12-20,618.0,17.4998
2005-12-21,612.0,17.3299
2005-12-22,613.0,17.3582
2005-12-23,618.0,17.4998
2005-12-24,619.0,17.5281
2005-12-25,612.0,17.3299
2005-12-26,397.0,11.2418
2005-12-27,155.0,4.3891
2005-12-28,111.0,3.1432
2005-12-29,104.0,2.9449
2005-12-30,102.0,2.8883
2005-12-31,100.0,2.8317
2006-01-01,98.5,2.7892
2006-01-02,97.4,2.7581
2006-01-03,96.7,2.7382
2006-01-04,92.1,2.608
2006-01-05,100.0,2.8317
2006-01-06,134.0,3.7945
2006-01-07,130.0,3.6812
2006-01-08,123.0,3.483
2006-01-09,114.0,3.2281
2006-01-10,109.0,3.0865
2006-01-11,104.0,2.9449
2006-01-12,98.7,2.7949
2006-01-13,97.5,2.7609
2006-01-14,97.0,2.7467
2006-01-15,96.8,2.7411
2006-01-16,97.4,2.7581
2006-01-17,97.3,2.7552
2006-01-18,96.0,2.7184
2006-01-19,94.5,2.6759
2006-01-20,96.8,2.7411
2006-01-21,99.9,2.8288
2006-01-22,96.1,2.7212
2006-01-23,90.8,2.5712
2006-01-24,89.6,2.5372
2006-01-25,89.6,2.5372
2006-01-26,90.6,2.5655
2006-01-27,90.5,2.5627
2006-01-28,91.1,2.5797
2006-01-29,90.0,2.5485
2006-01-30,89.5,2.5344
2006-01-31,85.1,2.4098
2006-02-01,91.8,2.5995
2006-02-02,92.2,2.6108
2006-02-03,91.8,2.5995
2006-02-04,87.0,2.4636
2006-02-05,84.5,2.3928
2006-02-06,84.3,2.3871
2006-02-07,83.9,2.3758
2006-02-08,81.7,2.3135
2006-02-09,83.9,2.3758
2006-02-10,83.2,2.356
2006-02-11,84.6,2.3956
2006-02-12,81.0,2.2937
2006-02-13,79.7,2.2568
2006-02-14,80.4,2.2767
2006-02-15,80.7,2.2852
2006-02-16,80.0,2.2653
2006-02-17,92.2,2.6108
2006-02-18,104.0,2.9449
2006-02-19,101.0,2.86
2006-02-20,94.0,2.6618
2006-02-21,86.7,2.4551
2006-02-22,85.3,2.4154
2006-02-23,85.4,2.4183
2006-02-24,85.1,2.4098
2006-02-25,86.2,2.4409
2006-02-26,84.6,2.3956
2006-02-27,82.3,2.3305
2006-02-28,81.8,2.3163
2006-03-01,86.2,2.4409
2006-03-02,85.5,2.4211
2006-03-03,84.0,2.3786
2006-03-04,81.3,2.3022
2006-03-05,82.5,2.3361
2006-03-06,82.0,2.322
2006-03-07,75.1,2.1266
2006-03-08,72.2,2.0445
2006-03-09,69.9,1.9793
2006-03-10,68.6,1.9425
2006-03-11,73.4,2.0785
2006-03-12,79.1,2.2399
2006-03-13,62.5,1.7698
2006-03-14,46.6,1.3196
2006-03-15,37.5,1.0619
2006-03-16,54.4,1.5404
2006-03-17,43.2,1.2233
2006-03-18,33.7,0.9543
2006-03-19,52.6,1.4895
2006-03-20,61.6,1.7443
2006-03-21,59.3,1.6792
2006-03-22,59.1,1.6735
2006-03-23,48.4,1.3705
2006-03-24,35.7,1.0109
2006-03-25,30.1,0.8523
2006-03-26,36.2,1.0251
2006-03-27,61.3,1.7358
2006-03-28,56.7,1.6056
2006-03-29,51.4,1.4555
2006-03-30,49.2,1.3932
2006-03-31,49.6,1.4045
2006-04-01,50.8,1.4385
2006-04-02,49.1,1.3904
2006-04-03,48.7,1.379
2006-04-04,54.1,1.5319
2006-04-05,43.6,1.2346
2006-04-06,34.3,0.9713
2006-04-07,36.1,1.0222
2006-04-08,35.7,1.0109
2006-04-09,34.6,0.9798
2006-04-10,36.8,1.0421
2006-04-11,40.4,1.144
2006-04-12,42.1,1.1921
2006-04-13,48.0,1.3592
2006-04-14,52.1,1.4753
2006-04-15,51.9,1.4696
2006-04-16,45.5,1.2884
2006-04-17,40.7,1.1525
2006-04-18,39.8,1.127
2006-04-19,42.3,1.1978
2006-04-20,48.2,1.3649
2006-04-21,47.6,1.3479
2006-04-22,46.8,1.3252
2006-04-23,45.8,1.2969
2006-04-24,46.6,1.3196
2006-04-25,57.1,1.6169
2006-04-26,53.4,1.5121
2006-04-27,46.8,1.3252
2006-04-28,49.6,1.4045
2006-04-29,45.4,1.2856
2006-04-30,47.9,1.3564
2006-05-01,51.9,1.4696
2006-05-02,47.5,1.345
2006-05-03,220.0,6.2297
2006-05-04,433.0,12.2612
2006-05-05,465.0,13.1673
2006-05-06,487.0,13.7903
2006-05-07,479.0,13.5637
2006-05-08,195.0,5.5218
2006-05-09,82.0,2.322
2006-05-10,58.9,1.6679
2006-05-11,48.9,1.3847
2006-05-12,44.4,1.2573
2006-05-13,45.7,1.2941
2006-05-14,47.2,1.3366
2006-05-15,46.9,1.3281
2006-05-16,47.1,1.3337
2006-05-17,43.4,1.2289
2006-05-18,39.7,1.1242
2006-05-19,39.2,1.11
2006-05-20,42.1,1.1921
2006-05-21,42.7,1.2091
2006-05-22,38.3,1.0845
2006-05-23,35.2,0.9968
2006-05-24,33.3,0.9429
2006-05-25,35.8,1.0137
2006-05-26,40.8,1.1553
2006-05-27,45.0,1.2743
2006-05-28,47.2,1.3366
2006-05-29,45.8,1.2969
2006-05-30,43.0,1.2176
2006-05-31,44.4,1.2573
2006-06-01,46.0,1.3026
2006-06-02,45.7,1.2941
2006-06-03,50.2,1.4215
2006-06-04,54.5,1.5433
2006-06-05,47.2,1.3366
2006-06-06,42.7,1.2091
2006-06-07,46.2,1.3082
2006-06-08,43.3,1.2261
2006-06-09,41.1,1.1638
2006-06-10,40.0,1.1327
2006-06-11,40.4,1.144
2006-06-12,53.4,1.5121
2006-06-13,64.3,1.8208
2006-06-14,57.2,1.6197
2006-06-15,55.7,1.5772
2006-06-16,56.0,1.5857
2006-06-17,68.8,1.9482
2006-06-18,64.0,1.8123
2006-06-19,55.9,1.5829
2006-06-20,54.0,1.5291
2006-06-21,46.0,1.3026
2006-06-22,46.0,1.3026
2006-06-23,42.0,1.1893
2006-06-24,60.0,1.699
2006-06-25,182.0,5.1537
2006-06-26,100.0,2.8317
2006-06-27,60.0,1.699
2006-06-28,58.0,1.6424
2006-06-29,54.0,1.5291
2006-06-30,46.3,1.3111
2006-07-01,43.7,1.2374
2006-07-02,43.5,1.2318
2006-07-03,41.4,1.1723
2006-07-04,40.7,1.1525
2006-07-05,41.9,1.1865
2006-07-06,46.1,1.3054
2006-07-07,43.6,1.2346
2006-07-08,50.9,1.4413
2006-07-09,50.3,1.4243
2006-07-10,43.2,1.2233
2006-07-11,40.1,1.1355
2006-07-12,40.7,1.1525
2006-07-13,43.6,1.2346
2006-07-14,45.0,1.2743
2006-07-15,40.5,1.1468
2006-07-16,40.7,1.1525
2006-07-17,43.0,1.2176
2006-07-18,43.6,1.2346
2006-07-19,48.1,1.362
2006-07-20,35.2,0.9968
2006-07-21,33.3,0.9429
2006-07-22,36.7,1.0392
2006-07-23,44.7,1.2658
2006-07-24,42.4,1.2006
2006-07-25,37.4,1.059
2006-07-26,36.8,1.0421
2006-07-27,37.8,1.0704
2006-07-28,44.0,1.2459
2006-07-29,53.4,1.5121
2006-07-30,82.5,2.3361
2006-07-31,91.8,2.5995
2006-08-01,72.7,2.0586
2006-08-02,58.5,1.6565
2006-08-03,48.7,1.379
2006-08-04,48.7,1.379
2006-08-05,52.7,1.4923
2006-08-06,59.0,1.6707
2006-08-07,53.5,1.5149
2006-08-08,50.3,1.4243
2006-08-09,47.8,1.3535
2006-08-10,46.6,1.3196
2006-08-11,47.5,1.345
2006-08-12,48.3,1.3677
2006-08-13,46.5,1.3167
2006-08-14,49.7,1.4073
2006-08-15,64.1,1.8151
2006-08-16,146.0,4.1343
2006-08-17,251.0,7.1075
2006-08-18,259.0,7.3341
2006-08-19,164.0,4.644
2006-08-20,93.0,2.6335
2006-08-21,102.0,2.8883
2006-08-22,90.8,2.5712
2006-08-23,112.0,3.1715
2006-08-24,108.0,3.0582
2006-08-25,76.9,2.1776
2006-08-26,65.1,1.8434
2006-08-27,61.5,1.7415
2006-08-28,60.6,1.716
2006-08-29,59.3,1.6792
2006-08-30,60.5,1.7132
2006-08-31,124.0,3.5113
2006-09-01,65.8,1.8632
2006-09-02,315.0,8.9198
2006-09-03,198.0,5.6067
2006-09-04,244.0,6.9093
2006-09-05,271.0,7.6739
2006-09-06,355.0,10.0525
2006-09-07,176.0,4.9838
2006-09-08,110.0,3.1148
2006-09-09,89.9,2.5457
2006-09-10,83.3,2.3588
2006-09-11,79.9,2.2625
2006-09-12,77.8,2.203
2006-09-13,75.8,2.1464
2006-09-14,74.9,2.1209
2006-09-15,75.4,2.1351
2006-09-16,73.5,2.0813
2006-09-17,76.0,2.1521
2006-09-18,72.5,2.053
2006-09-19,67.8,1.9199
2006-09-20,70.2,1.9878
2006-09-21,63.5,1.7981
2006-09-22,61.6,1.7443
2006-09-23,74.7,2.1153
2006-09-24,80.9,2.2908
2006-09-25,76.0,2.1521
2006-09-26,82.4,2.3333
2006-09-27,85.7,2.4267
2006-09-28,84.1,2.3814
2006-09-29,84.6,2.3956
2006-09-30,67.5,1.9114
2006-10-01,69.9,1.9793
2006-10-02,78.7,2.2285
2006-10-03,84.4,2.3899
2006-10-04,82.8,2.3446
2006-10-05,76.7,2.1719
2006-10-06,70.9,2.0077
2006-10-07,75.3,2.1323
2006-10-08,72.9,2.0643
2006-10-09,73.3,2.0756
2006-10-10,94.1,2.6646
2006-10-11,97.9,2.7722
2006-10-12,87.9,2.489
2006-10-13,86.3,2.4437
2006-10-14,90.6,2.5655
2006-10-15,104.0,2.9449
2006-10-16,100.0,2.8317
2006-10-17,117.0,3.3131
2006-10-18,86.1,2.4381
2006-10-19,81.1,2.2965
2006-10-20,88.7,2.5117
2006-10-21,85.4,2.4183
2006-10-22,79.7,2.2568
2006-10-23,76.1,2.1549
2006-10-24,76.5,2.1662
2006-10-25,76.1,2.1549
2006-10-26,84.5,2.3928
2006-10-27,80.7,2.2852
2006-10-28,69.6,1.9708
2006-10-29,71.4,2.0218
2006-10-30,72.2,2.0445
2006-10-31,78.9,2.2342
2006-11-01,74.9,2.1209
2006-11-02,89.3,2.5287
2006-11-03,94.9,2.6873
2006-11-04,78.5,2.2229
2006-11-05,75.2,2.1294
2006-11-06,75.2,2.1294
2006-11-07,75.6,2.1408
2006-11-08,75.3,2.1323
2006-11-09,74.9,2.1209
2006-11-10,74.6,2.1124
2006-11-11,73.9,2.0926
2006-11-12,70.2,1.9878
2006-11-13,70.3,1.9907
2006-11-14,72.0,2.0388
2006-11-15,72.0,2.0388
2006-11-16,73.5,2.0813
2006-11-17,68.8,1.9482
2006-11-18,68.2,1.9312
2006-11-19,67.2,1.9029
2006-11-20,68.0,1.9255
2006-11-21,73.6,2.0841
2006-11-22,545.0,15.4327
2006-11-23,882.0,24.9754
2006-11-24,934.0,26.4479
2006-11-25,971.0,27.4956
2006-11-26,976.0,27.6372
2006-11-27,931.0,26.3629
2006-11-28,532.0,15.0645
2006-11-29,172.0,4.8705
2006-11-30,111.0,3.1432
2006-12-01,93.3,2.642
2006-12-02,86.7,2.4551
2006-12-03,80.5,2.2795
2006-12-04,77.9,2.2059
2006-12-05,75.1,2.1266
2006-12-06,73.0,2.0671
2006-12-07,72.2,2.0445
2006-12-08,71.4,2.0218
2006-12-09,69.5,1.968
2006-12-10,69.4,1.9652
2006-12-11,70.0,1.9822
2006-12-12,69.8,1.9765
2006-12-13,70.1,1.985
2006-12-14,68.2,1.9312
2006-12-15,68.3,1.934
2006-12-16,68.7,1.9454
2006-12-17,68.1,1.9284
2006-12-18,65.7,1.8604
2006-12-19,65.1,1.8434
2006-12-20,71.7,2.0303
2006-12-21,70.9,2.0077
2006-12-22,72.9,2.0643
2006-12-23,68.0,1.9255
2006-12-24,66.4,1.8802
2006-12-25,65.7,1.8604
2006-12-26,66.6,1.8859
2006-12-27,65.6,1.8576
2006-12-28,64.7,1.8321
2006-12-29,67.8,1.9199
2006-12-30,73.0,2.0671
2006-12-31,72.7,2.0586
2007-01-01,67.7,1.917
2007-01-02,65.2,1.8463
2007-01-03,65.6,1.8576
2007-01-04,66.0,1.8689
2007-01-05,66.2,1.8746
2007-01-06,66.2,1.8746
2007-01-07,65.5,1.8548
2007-01-08,59.7,1.6905
2007-01-09,55.8,1.5801
2007-01-10,55.6,1.5744
2007-01-11,55.7,1.5772
2007-01-12,55.7,1.5772
2007-01-13,56.9,1.6112
2007-01-14,57.7,1.6339
2007-01-15,62.2,1.7613
2007-01-16,64.3,1.8208
2007-01-17,61.2,1.733
2007-01-18,59.9,1.6962
2007-01-19,57.6,1.631
2007-01-20,67.1,1.9001
2007-01-21,74.7,2.1153
2007-01-22,76.5,2.1662
2007-01-23,75.0,2.1238
2007-01-24,70.5,1.9963
2007-01-25,69.8,1.9765
2007-01-26,69.0,1.9539
2007-01-27,66.1,1.8717
2007-01-28,64.2,1.8179
2007-01-29,64.2,1.8179
2007-01-30,63.4,1.7953
2007-01-31,63.6,1.8009
2007-02-01,64.0,1.8123
2007-02-02,63.8,1.8066
2007-02-03,64.1,1.8151
2007-02-04,62.8,1.7783
2007-02-05,62.0,1.7556
2007-02-06,62.3,1.7641
2007-02-07,62.2,1.7613
2007-02-08,62.6,1.7726
2007-02-09,62.6,1.7726
2007-02-10,62.0,1.7556
2007-02-11,61.3,1.7358
2007-02-12,61.8,1.75
2007-02-13,62.3,1.7641
2007-02-14,66.9,1.8944
2007-02-15,66.6,1.8859
2007-02-16,66.5,1.8831
2007-02-17,64.5,1.8264
2007-02-18,62.5,1.7698
2007-02-19,61.5,1.7415
2007-02-20,60.5,1.7132
2007-02-21,59.9,1.6962
2007-02-22,62.4,1.767
2007-02-23,60.3,1.7075
2007-02-24,59.9,1.6962
2007-02-25,58.6,1.6594
2007-02-26,64.6,1.8293
2007-02-27,58.2,1.648
2007-02-28,56.7,1.6056
2007-03-01,58.9,1.6679
2007-03-02,55.9,1.5829
2007-03-03,55.4,1.5688
2007-03-04,52.2,1.4781
2007-03-05,50.5,1.43
2007-03-06,54.4,1.5404
2007-03-07,59.3,1.6792
2007-03-08,56.5,1.5999
2007-03-09,53.9,1.5263
2007-03-10,52.4,1.4838
2007-03-11,49.1,1.3904
2007-03-12,51.6,1.4611
2007-03-13,59.5,1.6848
2007-03-14,65.3,1.8491
2007-03-15,59.7,1.6905
2007-03-16,53.3,1.5093
2007-03-17,50.0,1.4158
2007-03-18,48.1,1.362
2007-03-19,48.0,1.3592
2007-03-20,47.9,1.3564
2007-03-21,47.8,1.3535
2007-03-22,48.5,1.3734
2007-03-23,57.7,1.6339
2007-03-24,153.0,4.3325
2007-03-25,312.0,8.8348
2007-03-26,153.0,4.3325
2007-03-27,84.0,2.3786
2007-03-28,70.8,2.0048
2007-03-29,65.2,1.8463
2007-03-30,61.3,1.7358
2007-03-31,59.1,1.6735
2007-04-01,58.4,1.6537
2007-04-02,55.5,1.5716
2007-04-03,52.3,1.481
2007-04-04,51.3,1.4527
2007-04-05,49.4,1.3988
2007-04-06,50.1,1.4187
2007-04-07,56.5,1.5999
2007-04-08,58.4,1.6537
2007-04-09,56.6,1.6027
2007-04-10,74.1,2.0983
2007-04-11,69.8,1.9765
2007-04-12,61.2,1.733
2007-04-13,53.4,1.5121
2007-04-14,49.5,1.4017
2007-04-15,58.0,1.6424
2007-04-16,65.8,1.8632
2007-04-17,57.5,1.6282
2007-04-18,57.1,1.6169
2007-04-19,54.1,1.5319
2007-04-20,49.7,1.4073
2007-04-21,54.7,1.5489
2007-04-22,51.0,1.4442
2007-04-23,50.4,1.4272
2007-04-24,55.0,1.5574
2007-04-25,49.5,1.4017
2007-04-26,49.0,1.3875
2007-04-27,51.2,1.4498
2007-04-28,56.6,1.6027
2007-04-29,67.8,1.9199
2007-04-30,62.7,1.7755
2007-05-01,59.7,1.6905
2007-05-02,92.0,2.6051
2007-05-03,69.4,1.9652
2007-05-04,82.4,2.3333
2007-05-05,67.5,1.9114
2007-05-06,52.9,1.498
2007-05-07,49.4,1.3988
2007-05-08,54.5,1.5433
2007-05-09,94.6,2.6788
2007-05-10,287.0,8.1269
2007-05-11,139.0,3.936
2007-05-12,86.7,2.4551
2007-05-13,68.9,1.951
2007-05-14,62.8,1.7783
2007-05-15,62.0,1.7556
2007-05-16,110.0,3.1148
2007-05-17,82.2,2.3276
2007-05-18,78.0,2.2087
2007-05-19,82.2,2.3276
2007-05-20,74.4,2.1068
2007-05-21,69.5,1.968
2007-05-22,65.0,1.8406
2007-05-23,63.3,1.7925
2007-05-24,60.6,1.716
2007-05-25,54.2,1.5348
2007-05-26,55.2,1.5631
2007-05-27,67.1,1.9001
2007-05-28,74.5,2.1096
2007-05-29,67.6,1.9142
2007-05-30,62.3,1.7641
2007-05-31,57.6,1.631
2007-06-01,52.3,1.481
2007-06-02,50.4,1.4272
2007-06-03,51.0,1.4442
2007-06-04,50.4,1.4272
2007-06-05,52.6,1.4895
2007-06-06,47.2,1.3366
2007-06-07,43.0,1.2176
2007-06-08,45.6,1.2912
2007-06-09,47.8,1.3535
2007-06-10,61.1,1.7302
2007-06-11,71.0,2.0105
2007-06-12,80.9,2.2908
2007-06-13,73.1,2.07
2007-06-14,70.2,1.9878
2007-06-15,63.3,1.7925
2007-06-16,58.2,1.648
2007-06-17,57.8,1.6367
2007-06-18,54.0,1.5291
2007-06-19,63.8,1.8066
2007-06-20,63.5,1.7981
2007-06-21,58.3,1.6509
2007-06-22,53.2,1.5065
2007-06-23,55.1,1.5603
2007-06-24,63.7,1.8038
2007-06-25,61.7,1.7471
2007-06-26,56.0,1.5857
2007-06-27,61.9,1.7528
2007-06-28,121.0,3.4263
2007-06-29,96.6,2.7354
2007-06-30,89.6,2.5372
2007-07-01,70.4,1.9935
2007-07-02,66.7,1.8887
2007-07-03,65.1,1.8434
2007-07-04,59.6,1.6877
2007-07-05,57.8,1.6367
2007-07-06,224.0,6.343
2007-07-07,140.0,3.9644
2007-07-08,87.2,2.4692
2007-07-09,94.6,2.6788
2007-07-10,80.4,2.2767
2007-07-11,108.0,3.0582
2007-07-12,119.0,3.3697
2007-07-13,72.9,2.0643
2007-07-14,71.0,2.0105
2007-07-15,65.2,1.8463
2007-07-16,62.8,1.7783
2007-07-17,58.4,1.6537
2007-07-18,57.7,1.6339
2007-07-19,53.0,1.5008
2007-07-20,52.5,1.4866
2007-07-21,78.5,2.2229
2007-07-22,91.2,2.5825
2007-07-23,115.0,3.2564
2007-07-24,92.1,2.608
2007-07-25,79.5,2.2512
2007-07-26,65.5,1.8548
2007-07-27,56.7,1.6056
2007-07-28,55.5,1.5716
2007-07-29,57.3,1.6226
2007-07-30,56.7,1.6056
2007-07-31,62.2,1.7613
2007-08-01,72.2,2.0445
2007-08-02,128.0,3.6246
2007-08-03,149.0,4.2192
2007-08-04,112.0,3.1715
2007-08-05,89.6,2.5372
2007-08-06,80.2,2.271
2007-08-07,70.3,1.9907
2007-08-08,65.0,1.8406
2007-08-09,65.5,1.8548
2007-08-10,62.8,1.7783
2007-08-11,58.8,1.665
2007-08-12,56.6,1.6027
2007-08-13,56.1,1.5886
2007-08-14,54.8,1.5518
2007-08-15,52.7,1.4923
2007-08-16,50.5,1.43
2007-08-17,49.0,1.3875
2007-08-18,56.0,1.5857
2007-08-19,74.4,2.1068
2007-08-20,67.8,1.9199
2007-08-21,57.6,1.631
2007-08-22,52.4,1.4838
2007-08-23,49.4,1.3988
2007-08-24,46.7,1.3224
2007-08-25,47.6,1.3479
2007-08-26,49.8,1.4102
2007-08-27,51.6,1.4611
2007-08-28,55.2,1.5631
2007-08-29,50.0,1.4158
2007-08-30,51.5,1.4583
2007-08-31,49.9,1.413
2007-09-01,51.8,1.4668
2007-09-02,53.5,1.5149
2007-09-03,54.1,1.5319
2007-09-04,60.1,1.7018
2007-09-05,70.1,1.985
2007-09-06,55.6,1.5744
2007-09-07,53.1,1.5036
2007-09-08,54.2,1.5348
2007-09-09,52.0,1.4725
2007-09-10,243.0,6.881
2007-09-11,148.0,4.1909
2007-09-12,123.0,3.483
2007-09-13,119.0,3.3697
2007-09-14,87.5,2.4777
2007-09-15,72.8,2.0615
2007-09-16,65.0,1.8406
2007-09-17,56.5,1.5999
2007-09-18,52.4,1.4838
2007-09-19,51.6,1.4611
2007-09-20,56.7,1.6056
2007-09-21,89.4,2.5315
2007-09-22,277.0,7.8438
2007-09-23,195.0,5.5218
2007-09-24,111.0,3.1432
2007-09-25,90.0,2.5485
2007-09-26,85.0,2.4069
2007-09-27,82.0,2.322
2007-09-28,80.3,2.2738
2007-09-29,72.1,2.0416
2007-09-30,76.9,2.1776
2007-10-01,82.6,2.339
2007-10-02,132.0,3.7378
2007-10-03,96.4,2.7297
2007-10-04,75.6,2.1408
2007-10-05,68.9,1.951
2007-10-06,65.9,1.8661
2007-10-07,64.8,1.8349
2007-10-08,63.9,1.8094
2007-10-09,63.0,1.784
2007-10-10,62.1,1.7585
2007-10-11,70.9,2.0077
2007-10-12,69.4,1.9652
2007-10-13,65.1,1.8434
2007-10-14,56.7,1.6056
2007-10-15,51.6,1.4611
2007-10-16,64.5,1.8264
2007-10-17,57.9,1.6395
2007-10-18,53.0,1.5008
2007-10-19,59.8,1.6933
2007-10-20,61.1,1.7302
2007-10-21,79.7,2.2568
2007-10-22,87.1,2.4664
2007-10-23,93.1,2.6363
2007-10-24,81.4,2.305
2007-10-25,87.2,2.4692
2007-10-26,85.5,2.4211
2007-10-27,80.9,2.2908
2007-10-28,73.0,2.0671
2007-10-29,74.2,2.1011
2007-10-30,72.5,2.053
2007-10-31,73.5,2.0813
2007-11-01,80.2,2.271
2007-11-02,101.0,2.86
2007-11-03,526.0,14.8946
2007-11-04,803.0,22.7384
2007-11-05,868.0,24.579
2007-11-06,887.0,25.117
2007-11-07,888.0,25.1453
2007-11-08,890.0,25.202
2007-11-09,899.0,25.4568
2007-11-10,897.0,25.4002
2007-11-11,882.0,24.9754
2007-11-12,701.0,19.8501
2007-11-13,262.0,7.419
2007-11-14,150.0,4.2475
2007-11-15,113.0,3.1998
2007-11-16,96.0,2.7184
2007-11-17,89.4,2.5315
2007-11-18,86.7,2.4551
2007-11-19,85.8,2.4296
2007-11-20,83.0,2.3503
2007-11-21,80.8,2.288
2007-11-22,79.7,2.2568
2007-11-23,79.3,2.2455
2007-11-24,80.2,2.271
2007-11-25,83.6,2.3673
2007-11-26,85.3,2.4154
2007-11-27,83.2,2.356
2007-11-28,80.6,2.2823
2007-11-29,78.9,2.2342
2007-11-30,78.2,2.2144
2007-12-01,78.5,2.2229
2007-12-02,79.1,2.2399
2007-12-03,78.5,2.2229
2007-12-04,75.8,2.1464
2007-12-05,73.3,2.0756
2007-12-06,73.8,2.0898
2007-12-07,74.1,2.0983
2007-12-08,74.4,2.1068
2007-12-09,75.2,2.1294
2007-12-10,75.2,2.1294
2007-12-11,82.9,2.3475
2007-12-12,90.1,2.5513
2007-12-13,94.4,2.6731
2007-12-14,83.1,2.3531
2007-12-15,78.7,2.2285
2007-12-16,78.1,2.2115
2007-12-17,74.2,2.1011
2007-12-18,73.7,2.0869
2007-12-19,73.5,2.0813
2007-12-20,74.1,2.0983
2007-12-21,74.1,2.0983
2007-12-22,72.1,2.0416
2007-12-23,74.3,2.1039
2007-12-24,71.8,2.0331
2007-12-25,71.0,2.0105
2007-12-26,71.7,2.0303
2007-12-27,72.3,2.0473
2007-12-28,72.9,2.0643
2007-12-29,72.8,2.0615
2007-12-30,71.1,2.0133
2007-12-31,71.3,2.019
2008-01-01,72.4,2.0501
2008-01-02,71.3,2.019
2008-01-03,71.0,2.0105
2008-01-04,71.4,2.0218
2008-01-05,72.5,2.053
2008-01-06,73.9,2.0926
2008-01-07,74.4,2.1068
2008-01-08,74.1,2.0983
2008-01-09,73.5,2.0813
2008-01-10,79.5,2.2512
2008-01-11,111.0,3.1432
2008-01-12,138.0,3.9077
2008-01-13,136.0,3.8511
2008-01-14,125.0,3.5396
2008-01-15,115.0,3.2564
2008-01-16,108.0,3.0582
2008-01-17,102.0,2.8883
2008-01-18,96.7,2.7382
2008-01-19,93.7,2.6533
2008-01-20,90.9,2.574
2008-01-21,89.9,2.5457
2008-01-22,89.6,2.5372
2008-01-23,88.9,2.5174
2008-01-24,87.9,2.489
2008-01-25,89.0,2.5202
2008-01-26,89.0,2.5202
2008-01-27,88.2,2.4975
2008-01-28,88.5,2.506
2008-01-29,89.9,2.5457
2008-01-30,88.9,2.5174
2008-01-31,80.4,2.2767
2008-02-01,80.6,2.2823
2008-02-02,77.0,2.1804
2008-02-03,76.2,2.1577
2008-02-04,77.6,2.1974
2008-02-05,80.4,2.2767
2008-02-06,76.9,2.1776
2008-02-07,73.8,2.0898
2008-02-08,73.1,2.07
2008-02-09,72.1,2.0416
2008-02-10,72.0,2.0388
2008-02-11,72.9,2.0643
2008-02-12,74.2,2.1011
2008-02-13,73.6,2.0841
2008-02-14,72.6,2.0558
2008-02-15,71.0,2.0105
2008-02-16,72.0,2.0388
2008-02-17,73.3,2.0756
2008-02-18,79.5,2.2512
2008-02-19,76.8,2.1747
2008-02-20,78.0,2.2087
2008-02-21,79.0,2.237
2008-02-22,76.7,2.1719
2008-02-23,76.3,2.1606
2008-02-24,74.9,2.1209
2008-02-25,76.9,2.1776
2008-02-26,73.7,2.0869
2008-02-27,72.6,2.0558
2008-02-28,71.6,2.0275
2008-02-29,72.9,2.0643
2008-03-01,73.6,2.0841
2008-03-02,73.8,2.0898
2008-03-03,77.8,2.203
2008-03-04,80.3,2.2738
2008-03-05,80.1,2.2682
2008-03-06,69.2,1.9595
2008-03-07,56.6,1.6027
2008-03-08,48.4,1.3705
2008-03-09,43.9,1.2431
2008-03-10,45.4,1.2856
2008-03-11,46.9,1.3281
2008-03-12,48.9,1.3847
2008-03-13,44.2,1.2516
2008-03-14,40.4,1.144
2008-03-15,35.6,1.0081
2008-03-16,39.2,1.11
2008-03-17,42.6,1.2063
2008-03-18,38.1,1.0789
2008-03-19,37.1,1.0506
2008-03-20,37.4,1.059
2008-03-21,36.0,1.0194
2008-03-22,35.5,1.0052
2008-03-23,37.0,1.0477
2008-03-24,45.5,1.2884
2008-03-25,37.4,1.059
2008-03-26,40.3,1.1412
2008-03-27,41.7,1.1808
2008-03-28,49.2,1.3932
2008-03-29,53.7,1.5206
2008-03-30,44.7,1.2658
2008-03-31,32.9,0.9316
2008-04-01,30.0,0.8495
2008-04-02,35.5,1.0052
2008-04-03,36.3,1.0279
2008-04-04,36.7,1.0392
2008-04-05,39.6,1.1213
2008-04-06,41.6,1.178
2008-04-07,35.5,1.0052
2008-04-08,34.0,0.9628
2008-04-09,35.0,0.9911
2008-04-10,40.6,1.1497
2008-04-11,45.3,1.2828
2008-04-12,43.3,1.2261
2008-04-13,39.8,1.127
2008-04-14,33.2,0.9401
2008-04-15,32.5,0.9203
2008-04-16,38.0,1.076
2008-04-17,40.4,1.144
2008-04-18,46.6,1.3196
2008-04-19,45.2,1.2799
2008-04-20,41.7,1.1808
2008-04-21,43.0,1.2176
2008-04-22,43.3,1.2261
2008-04-23,41.2,1.1667
2008-04-24,38.5,1.0902
2008-04-25,38.4,1.0874
2008-04-26,45.3,1.2828
2008-04-27,42.9,1.2148
2008-04-28,40.1,1.1355
2008-04-29,41.6,1.178
2008-04-30,42.0,1.1893
2008-05-01,40.0,1.1327
2008-05-02,40.7,1.1525
2008-05-03,45.6,1.2912
2008-05-04,45.5,1.2884
2008-05-05,41.0,1.161
2008-05-06,53.3,1.5093
2008-05-07,66.3,1.8774
2008-05-08,56.6,1.6027
2008-05-09,55.2,1.5631
2008-05-10,49.5,1.4017
2008-05-11,45.8,1.2969
2008-05-12,44.7,1.2658
2008-05-13,40.4,1.144
2008-05-14,40.6,1.1497
2008-05-15,36.2,1.0251
2008-05-16,35.4,1.0024
2008-05-17,43.3,1.2261
2008-05-18,42.3,1.1978
2008-05-19,41.1,1.1638
2008-05-20,40.5,1.1468
2008-05-21,40.6,1.1497
2008-05-22,37.7,1.0675
2008-05-23,35.9,1.0166
2008-05-24,34.4,0.9741
2008-05-25,31.5,0.892
2008-05-26,37.9,1.0732
2008-05-27,37.4,1.059
2008-05-28,34.9,0.9883
2008-05-29,37.0,1.0477
2008-05-30,33.5,0.9486
2008-05-31,34.0,0.9628
2008-06-01,32.9,0.9316
2008-06-02,33.5,0.9486
2008-06-03,36.4,1.0307
2008-06-04,32.8,0.9288
2008-06-05,29.3,0.8297
2008-06-06,29.2,0.8269
2008-06-07,28.0,0.7929
2008-06-08,34.1,0.9656
2008-06-09,30.1,0.8523
2008-06-10,30.1,0.8523
2008-06-11,37.6,1.0647
2008-06-12,28.7,0.8127
2008-06-13,21.6,0.6116
2008-06-14,18.3,0.5182
2008-06-15,23.3,0.6598
2008-06-16,36.4,1.0307
2008-06-17,49.3,1.396
2008-06-18,47.6,1.3479
2008-06-19,37.3,1.0562
2008-06-20,39.1,1.1072
2008-06-21,57.8,1.6367
2008-06-22,53.1,1.5036
2008-06-23,56.1,1.5886
2008-06-24,66.0,1.8689
2008-06-25,69.0,1.9539
2008-06-26,60.7,1.7188
2008-06-27,57.9,1.6395
2008-06-28,57.4,1.6254
2008-06-29,62.9,1.7811
2008-06-30,70.2,1.9878
2008-07-01,72.2,2.0445
2008-07-02,78.7,2.2285
2008-07-03,86.7,2.4551
2008-07-04,75.1,2.1266
2008-07-05,69.7,1.9737
2008-07-06,73.9,2.0926
2008-07-07,80.0,2.2653
2008-07-08,69.6,1.9708
2008-07-09,79.8,2.2597
2008-07-10,97.5,2.7609
2008-07-11,119.0,3.3697
2008-07-12,172.0,4.8705
2008-07-13,151.0,4.2758
2008-07-14,121.0,3.4263
2008-07-15,81.2,2.2993
2008-07-16,63.9,1.8094
2008-07-17,60.6,1.716
2008-07-18,60.1,1.7018
2008-07-19,55.9,1.5829
2008-07-20,48.5,1.3734
2008-07-21,44.3,1.2544
2008-07-22,46.1,1.3054
2008-07-23,46.6,1.3196
2008-07-24,54.5,1.5433
2008-07-25,41.4,1.1723
2008-07-26,43.8,1.2403
2008-07-27,54.5,1.5433
2008-07-28,46.6,1.3196
2008-07-29,47.1,1.3337
2008-07-30,44.3,1.2544
2008-07-31,38.6,1.093
2008-08-01,35.4,1.0024
2008-08-02,37.3,1.0562
2008-08-03,33.7,0.9543
2008-08-04,36.5,1.0336
2008-08-05,39.1,1.1072
2008-08-06,32.2,0.9118
2008-08-07,31.4,0.8891
2008-08-08,31.8,0.9005
2008-08-09,33.0,0.9345
2008-08-10,33.0,0.9345
2008-08-11,26.7,0.7561
2008-08-12,26.4,0.7476
2008-08-13,18.8,0.5324
2008-08-14,18.9,0.5352
2008-08-15,20.5,0.5805
2008-08-16,22.1,0.6258
2008-08-17,34.4,0.9741
2008-08-18,44.5,1.2601
2008-08-19,45.2,1.2799
2008-08-20,40.5,1.1468
2008-08-21,29.1,0.824
2008-08-22,23.6,0.6683
2008-08-23,19.9,0.5635
2008-08-24,18.4,0.521
2008-08-25,17.5,0.4955
2008-08-26,21.6,0.6116
2008-08-27,21.6,0.6116
2008-08-28,26.1,0.7391
2008-08-29,28.5,0.807
2008-08-30,30.6,0.8665
2008-08-31,31.5,0.892
2008-09-01,30.6,0.8665
2008-09-02,46.4,1.3139
2008-09-03,73.5,2.0813
2008-09-04,28.9,0.8184
2008-09-05,23.1,0.6541
2008-09-06,23.6,0.6683
2008-09-07,17.3,0.4899
2008-09-08,49.4,1.3988
2008-09-09,22.6,0.64
2008-09-10,29.2,0.8269
2008-09-11,37.9,1.0732
2008-09-12,35.8,1.0137
2008-09-13,40.0,1.1327
2008-09-14,43.8,1.2403
2008-09-15,47.9,1.3564
2008-09-16,43.9,1.2431
2008-09-17,43.1,1.2205
2008-09-18,35.1,0.9939
2008-09-19,26.1,0.7391
2008-09-20,22.9,0.6485
2008-09-21,21.1,0.5975
2008-09-22,22.4,0.6343
2008-09-23,30.8,0.8722
2008-09-24,34.2,0.9684
2008-09-25,41.3,1.1695
2008-09-26,40.9,1.1582
2008-09-27,42.8,1.212
2008-09-28,41.3,1.1695
2008-09-29,39.6,1.1213
2008-09-30,39.3,1.1129
2008-10-01,41.3,1.1695
2008-10-02,42.2,1.195
2008-10-03,58.2,1.648
2008-10-04,68.7,1.9454
2008-10-05,49.2,1.3932
2008-10-06,52.1,1.4753
2008-10-07,60.6,1.716
2008-10-08,51.6,1.4611
2008-10-09,55.4,1.5688
2008-10-10,71.5,2.0247
2008-10-11,72.6,2.0558
2008-10-12,76.3,2.1606
2008-10-13,73.3,2.0756
2008-10-14,103.0,2.9166
2008-10-15,96.2,2.7241
2008-10-16,69.0,1.9539
2008-10-17,54.3,1.5376
2008-10-18,54.5,1.5433
2008-10-19,56.5,1.5999
2008-10-20,56.9,1.6112
2008-10-21,62.5,1.7698
2008-10-22,65.7,1.8604
2008-10-23,67.4,1.9086
2008-10-24,63.0,1.784
2008-10-25,58.7,1.6622
2008-10-26,54.9,1.5546
2008-10-27,49.4,1.3988
2008-10-28,51.5,1.4583
2008-10-29,51.5,1.4583
2008-10-30,53.0,1.5008
2008-10-31,51.1,1.447
2008-11-01,53.6,1.5178
2008-11-02,58.9,1.6679
2008-11-03,601.0,17.0184
2008-11-04,982.0,27.8071
2008-11-05,1060.0,30.0158
2008-11-06,1080.0,30.5821
2008-11-07,1080.0,30.5821
2008-11-08,1090.0,30.8653
2008-11-09,1100.0,31.1485
2008-11-10,1100.0,31.1485
2008-11-11,1060.0,30.0158
2008-11-12,502.0,14.215
2008-11-13,166.0,4.7006
2008-11-14,108.0,3.0582
2008-11-15,86.9,2.4607
2008-11-16,77.6,2.1974
2008-11-17,72.5,2.053
2008-11-18,69.4,1.9652
2008-11-19,67.6,1.9142
2008-11-20,65.9,1.8661
2008-11-21,64.0,1.8123
2008-11-22,62.8,1.7783
2008-11-23,61.2,1.733
2008-11-24,58.1,1.6452
2008-11-25,59.0,1.6707
2008-11-26,60.1,1.7018
2008-11-27,59.8,1.6933
2008-11-28,60.2,1.7047
2008-11-29,60.8,1.7217
2008-11-30,59.8,1.6933
2008-12-01,58.2,1.648
2008-12-02,58.3,1.6509
2008-12-03,58.9,1.6679
2008-12-04,58.2,1.648
2008-12-05,57.8,1.6367
2008-12-06,55.7,1.5772
2008-12-07,56.0,1.5857
2008-12-08,57.6,1.631
2008-12-09,58.0,1.6424
2008-12-10,59.4,1.682
2008-12-11,58.3,1.6509
2008-12-12,56.3,1.5942
2008-12-13,57.2,1.6197
2008-12-14,58.0,1.6424
2008-12-15,56.2,1.5914
2008-12-16,57.3,1.6226
2008-12-17,57.1,1.6169
2008-12-18,56.2,1.5914
2008-12-19,57.8,1.6367
2008-12-20,58.4,1.6537
2008-12-21,58.9,1.6679
2008-12-22,56.8,1.6084
2008-12-23,55.7,1.5772
2008-12-24,55.9,1.5829
2008-12-25,57.5,1.6282
2008-12-26,57.8,1.6367
2008-12-27,55.8,1.5801
2008-12-28,56.3,1.5942
2008-12-29,60.5,1.7132
2008-12-30,61.7,1.7471
2008-12-31,59.1,1.6735
2009-01-01,58.6,1.6594
2009-01-02,58.1,1.6452
2009-01-03,58.5,1.6565
2009-01-04,59.3,1.6792
2009-01-05,59.1,1.6735
2009-01-06,59.0,1.6707
2009-01-07,57.0,1.6141
2009-01-08,58.5,1.6565
2009-01-09,56.8,1.6084
2009-01-10,56.0,1.5857
2009-01-11,56.7,1.6056
2009-01-12,56.3,1.5942
2009-01-13,54.8,1.5518
2009-01-14,55.8,1.5801
2009-01-15,57.7,1.6339
2009-01-16,54.9,1.5546
2009-01-17,50.8,1.4385
2009-01-18,49.2,1.3932
2009-01-19,49.5,1.4017
2009-01-20,50.8,1.4385
2009-01-21,51.0,1.4442
2009-01-22,50.5,1.43
2009-01-23,50.0,1.4158
2009-01-24,49.6,1.4045
2009-01-25,49.3,1.396
2009-01-26,47.9,1.3564
2009-01-27,48.3,1.3677
2009-01-28,50.7,1.4357
2009-01-29,50.5,1.43
2009-01-30,49.5,1.4017
2009-01-31,50.3,1.4243
2009-02-01,49.8,1.4102
2009-02-02,49.5,1.4017
2009-02-03,49.3,1.396
2009-02-04,48.5,1.3734
2009-02-05,49.0,1.3875
2009-02-06,48.8,1.3819
2009-02-07,49.9,1.413
2009-02-08,49.4,1.3988
2009-02-09,51.0,1.4442
2009-02-10,50.8,1.4385
2009-02-11,52.5,1.4866
2009-02-12,51.3,1.4527
2009-02-13,52.8,1.4951
2009-02-14,46.2,1.3082
2009-02-15,47.5,1.345
2009-02-16,48.8,1.3819
2009-02-17,48.7,1.379
2009-02-18,49.2,1.3932
2009-02-19,59.8,1.6933
2009-02-20,79.3,2.2455
2009-02-21,77.2,2.1861
2009-02-22,66.3,1.8774
2009-02-23,57.1,1.6169
2009-02-24,52.7,1.4923
2009-02-25,51.9,1.4696
2009-02-26,50.9,1.4413
2009-02-27,49.1,1.3904
2009-02-28,48.2,1.3649
2009-03-01,47.5,1.345
2009-03-02,45.3,1.2828
2009-03-03,46.4,1.3139
2009-03-04,47.3,1.3394
2009-03-05,47.6,1.3479
2009-03-06,48.9,1.3847
2009-03-07,47.8,1.3535
2009-03-08,47.3,1.3394
2009-03-09,46.3,1.3111
2009-03-10,47.9,1.3564
2009-03-11,46.7,1.3224
2009-03-12,47.6,1.3479
2009-03-13,47.0,1.3309
2009-03-14,48.1,1.362
2009-03-15,48.5,1.3734
2009-03-16,49.3,1.396
2009-03-17,48.6,1.3762
2009-03-18,48.2,1.3649
2009-03-19,47.9,1.3564
2009-03-20,46.6,1.3196
2009-03-21,45.6,1.2912
2009-03-22,44.6,1.2629
2009-03-23,44.6,1.2629
2009-03-24,43.7,1.2374
2009-03-25,43.2,1.2233
2009-03-26,41.1,1.1638
2009-03-27,41.2,1.1667
2009-03-28,53.2,1.5065
2009-03-29,61.7,1.7471
2009-03-30,51.1,1.447
2009-03-31,46.8,1.3252
2009-04-01,53.9,1.5263
2009-04-02,57.3,1.6226
2009-04-03,40.1,1.1355
2009-04-04,36.4,1.0307
2009-04-05,42.3,1.1978
2009-04-06,39.3,1.1129
2009-04-07,41.0,1.161
2009-04-08,40.5,1.1468
2009-04-09,41.6,1.178
2009-04-10,46.7,1.3224
2009-04-11,41.7,1.1808
2009-04-12,40.6,1.1497
2009-04-13,34.3,0.9713
2009-04-14,32.8,0.9288
2009-04-15,29.1,0.824
2009-04-16,29.6,0.8382
2009-04-17,27.6,0.7815
2009-04-18,25.7,0.7277
2009-04-19,24.6,0.6966
2009-04-20,23.7,0.6711
2009-04-21,30.9,0.875
2009-04-22,33.9,0.9599
2009-04-23,32.7,0.926
2009-04-24,33.9,0.9599
2009-04-25,32.0,0.9061
2009-04-26,29.6,0.8382
2009-04-27,29.4,0.8325
2009-04-28,37.7,1.0675
2009-04-29,39.2,1.11
2009-04-30,30.5,0.8637
2009-05-01,30.0,0.8495
2009-05-02,45.9,1.2997
2009-05-03,39.6,1.1213
2009-05-04,33.7,0.9543
2009-05-05,32.3,0.9146
2009-05-06,30.3,0.858
2009-05-07,29.4,0.8325
2009-05-08,30.5,0.8637
2009-05-09,30.8,0.8722
2009-05-10,29.2,0.8269
2009-05-11,29.1,0.824
2009-05-12,28.8,0.8155
2009-05-13,28.6,0.8099
2009-05-14,27.2,0.7702
2009-05-15,25.0,0.7079
2009-05-16,30.0,0.8495
2009-05-17,38.0,1.076
2009-05-18,48.0,1.3592
2009-05-19,47.0,1.3309
2009-05-20,30.0,0.8495
2009-05-21,24.4,0.6909
2009-05-22,26.8,0.7589
2009-05-23,31.7,0.8976
2009-05-24,35.6,1.0081
2009-05-25,43.9,1.2431
2009-05-26,58.7,1.6622
2009-05-27,46.7,1.3224
2009-05-28,35.1,0.9939
2009-05-29,29.7,0.841
2009-05-30,27.6,0.7815
2009-05-31,26.6,0.7532
2009-06-01,26.0,0.7362
2009-06-02,27.6,0.7815
2009-06-03,30.6,0.8665
2009-06-04,29.8,0.8438
2009-06-05,26.3,0.7447
2009-06-06,24.1,0.6824
2009-06-07,25.0,0.7079
2009-06-08,32.9,0.9316
2009-06-09,28.4,0.8042
2009-06-10,24.5,0.6938
2009-06-11,23.7,0.6711
2009-06-12,22.6,0.64
2009-06-13,23.4,0.6626
2009-06-14,23.8,0.6739
2009-06-15,21.4,0.606
2009-06-16,23.2,0.6569
2009-06-17,24.1,0.6824
2009-06-18,21.5,0.6088
2009-06-19,19.8,0.5607
2009-06-20,447.0,12.6576
2009-06-21,679.0,19.2271
2009-06-22,300.0,8.495
2009-06-23,134.0,3.7945
2009-06-24,79.0,2.237
2009-06-25,57.8,1.6367
2009-06-26,48.7,1.379
2009-06-27,43.7,1.2374
2009-06-28,39.5,1.1185
2009-06-29,37.4,1.059
2009-06-30,585.0,16.5653
2009-07-01,287.0,8.1269
2009-07-02,129.0,3.6529
2009-07-03,92.1,2.608
2009-07-04,68.8,1.9482
2009-07-05,59.7,1.6905
2009-07-06,59.2,1.6764
2009-07-07,72.9,2.0643
2009-07-08,69.3,1.9624
2009-07-09,61.6,1.7443
2009-07-10,50.3,1.4243
2009-07-11,42.6,1.2063
2009-07-12,39.9,1.1298
2009-07-13,38.6,1.093
2009-07-14,36.7,1.0392
2009-07-15,37.8,1.0704
2009-07-16,40.1,1.1355
2009-07-17,43.1,1.2205
2009-07-18,51.3,1.4527
2009-07-19,48.8,1.3819
2009-07-20,37.6,1.0647
2009-07-21,29.8,0.8438
2009-07-22,58.9,1.6679
2009-07-23,66.7,1.8887
2009-07-24,84.2,2.3843
2009-07-25,84.7,2.3984
2009-07-26,67.9,1.9227
2009-07-27,48.0,1.3592
2009-07-28,54.7,1.5489
2009-07-29,59.6,1.6877
2009-07-30,70.8,2.0048
2009-07-31,1320.0,37.3782
2009-08-01,575.0,16.2822
2009-08-02,210.0,5.9465
2009-08-03,113.0,3.1998
2009-08-04,80.0,2.2653
2009-08-05,68.0,1.9255
2009-08-06,61.0,1.7273
2009-08-07,56.4,1.5971
2009-08-08,53.8,1.5234
2009-08-09,51.9,1.4696
2009-08-10,51.5,1.4583
2009-08-11,51.9,1.4696
2009-08-12,50.4,1.4272
2009-08-13,48.2,1.3649
2009-08-14,44.4,1.2573
2009-08-15,47.9,1.3564
2009-08-16,51.1,1.447
2009-08-17,49.4,1.3988
2009-08-18,49.9,1.413
2009-08-19,46.6,1.3196
2009-08-20,39.4,1.1157
2009-08-21,33.6,0.9514
2009-08-22,32.4,0.9175
2009-08-23,36.2,1.0251
2009-08-24,34.8,0.9854
2009-08-25,37.0,1.0477
2009-08-26,34.4,0.9741
2009-08-27,41.2,1.1667
2009-08-28,52.4,1.4838
2009-08-29,64.3,1.8208
2009-08-30,64.0,1.8123
2009-08-31,49.8,1.4102
2009-09-01,41.6,1.178
2009-09-02,40.4,1.144
2009-09-03,40.4,1.144
2009-09-04,40.8,1.1553
2009-09-05,39.4,1.1157
2009-09-06,40.9,1.1582
2009-09-07,43.7,1.2374
2009-09-08,51.6,1.4611
2009-09-09,53.8,1.5234
2009-09-10,54.2,1.5348
2009-09-11,63.0,1.784
2009-09-12,151.0,4.2758
2009-09-13,102.0,2.8883
2009-09-14,76.4,2.1634
2009-09-15,67.5,1.9114
2009-09-16,60.4,1.7103
2009-09-17,48.0,1.3592
2009-09-18,49.6,1.4045
2009-09-19,60.7,1.7188
2009-09-20,54.4,1.5404
2009-09-21,46.2,1.3082
2009-09-22,51.6,1.4611
2009-09-23,56.2,1.5914
2009-09-24,51.3,1.4527
2009-09-25,46.6,1.3196
2009-09-26,48.1,1.362
2009-09-27,45.6,1.2912
2009-09-28,43.0,1.2176
2009-09-29,47.8,1.3535
2009-09-30,50.9,1.4413
2009-10-01,46.3,1.3111
2009-10-02,43.1,1.2205
2009-10-03,44.4,1.2573
2009-10-04,55.0,1.5574
2009-10-05,60.4,1.7103
2009-10-06,64.4,1.8236
2009-10-07,56.4,1.5971
2009-10-08,48.3,1.3677
2009-10-09,49.7,1.4073
2009-10-10,47.8,1.3535
2009-10-11,46.1,1.3054
2009-10-12,47.5,1.345
2009-10-13,62.8,1.7783
2009-10-14,63.5,1.7981
2009-10-15,64.7,1.8321
2009-10-16,57.9,1.6395
2009-10-17,50.8,1.4385
2009-10-18,58.5,1.6565
2009-10-19,51.7,1.464
2009-10-20,50.5,1.43
2009-10-21,57.1,1.6169
2009-10-22,61.6,1.7443
2009-10-23,58.1,1.6452
2009-10-24,55.8,1.5801
2009-10-25,51.1,1.447
2009-10-26,55.9,1.5829
2009-10-27,56.6,1.6027
2009-10-28,59.0,1.6707
2009-10-29,63.0,1.784
2009-10-30,59.3,1.6792
2009-10-31,59.2,1.6764
2009-11-01,61.7,1.7471
2009-11-02,59.1,1.6735
2009-11-03,59.2,1.6764
2009-11-04,58.9,1.6679
2009-11-05,58.8,1.665
2009-11-06,58.4,1.6537
2009-11-07,58.6,1.6594
2009-11-08,58.3,1.6509
2009-11-09,59.1,1.6735
2009-11-10,59.5,1.6848
2009-11-11,58.8,1.665
2009-11-12,58.3,1.6509
2009-11-13,58.4,1.6537
2009-11-14,54.6,1.5461
2009-11-15,52.8,1.4951
2009-11-16,54.5,1.5433
2009-11-17,55.9,1.5829
2009-11-18,55.5,1.5716
2009-11-19,55.9,1.5829
2009-11-20,57.2,1.6197
2009-11-21,57.1,1.6169
2009-11-22,56.9,1.6112
2009-11-23,56.6,1.6027
2009-11-24,57.0,1.6141
2009-11-25,57.2,1.6197
2009-11-26,56.3,1.5942
2009-11-27,56.2,1.5914
2009-11-28,56.3,1.5942
2009-11-29,55.9,1.5829
2009-11-30,57.3,1.6226
2009-12-01,69.0,1.9539
2009-12-02,75.2,2.1294
2009-12-03,75.6,2.1408
2009-12-04,73.4,2.0785
2009-12-05,65.3,1.8491
2009-12-06,61.6,1.7443
2009-12-07,60.0,1.699
2009-12-08,58.5,1.6565
2009-12-09,58.6,1.6594
2009-12-10,59.8,1.6933
2009-12-11,58.9,1.6679
2009-12-12,53.0,1.5008
2009-12-13,55.5,1.5716
2009-12-14,56.2,1.5914
2009-12-15,56.2,1.5914
2009-12-16,55.4,1.5688
2009-12-17,57.7,1.6339
2009-12-18,59.6,1.6877
2009-12-19,56.7,1.6056
2009-12-20,55.3,1.5659
2009-12-21,54.3,1.5376
2009-12-22,54.4,1.5404
2009-12-23,55.3,1.5659
2009-12-24,55.8,1.5801
2009-12-25,55.2,1.5631
2009-12-26,56.1,1.5886
2009-12-27,55.1,1.5603
2009-12-28,53.3,1.5093
2009-12-29,54.5,1.5433
2009-12-30,56.5,1.5999
2009-12-31,58.2,1.648
2010-01-01,59.3,1.6792
2010-01-02,57.2,1.6197
2010-01-03,54.1,1.5319
2010-01-04,52.6,1.4895
2010-01-05,52.7,1.4923
2010-01-06,52.8,1.4951
2010-01-07,52.3,1.481
2010-01-08,52.4,1.4838
2010-01-09,51.9,1.4696
2010-01-10,52.0,1.4725
2010-01-11,51.2,1.4498
2010-01-12,51.3,1.4527
2010-01-13,52.2,1.4781
2010-01-14,52.9,1.498
2010-01-15,52.9,1.498
2010-01-16,52.3,1.481
2010-01-17,50.6,1.4328
2010-01-18,50.7,1.4357
2010-01-19,51.7,1.464
2010-01-20,52.1,1.4753
2010-01-21,52.6,1.4895
2010-01-22,53.5,1.5149
2010-01-23,53.8,1.5234
2010-01-24,50.1,1.4187
2010-01-25,53.9,1.5263
2010-01-26,53.8,1.5234
2010-01-27,48.3,1.3677
2010-01-28,55.8,1.5801
2010-01-29,63.3,1.7925
2010-01-30,72.3,2.0473
2010-01-31,72.5,2.053
2010-02-01,60.1,1.7018
2010-02-02,55.9,1.5829
2010-02-03,62.5,1.7698
2010-02-04,69.4,1.9652
2010-02-05,77.1,2.1832
2010-02-06,80.4,2.2767
2010-02-07,66.2,1.8746
2010-02-08,59.8,1.6933
2010-02-09,57.4,1.6254
2010-02-10,56.9,1.6112
2010-02-11,62.0,1.7556
2010-02-12,61.7,1.7471
2010-02-13,62.1,1.7585
2010-02-14,61.4,1.7387
2010-02-15,56.3,1.5942
2010-02-16,54.2,1.5348
2010-02-17,53.3,1.5093
2010-02-18,53.2,1.5065
2010-02-19,53.8,1.5234
2010-02-20,54.1,1.5319
2010-02-21,54.6,1.5461
2010-02-22,54.1,1.5319
2010-02-23,55.3,1.5659
2010-02-24,54.8,1.5518
2010-02-25,55.5,1.5716
2010-02-26,56.1,1.5886
2010-02-27,53.4,1.5121
2010-02-28,52.1,1.4753
2010-03-01,53.0,1.5008
2010-03-02,53.2,1.5065
2010-03-03,54.5,1.5433
2010-03-04,54.0,1.5291
2010-03-05,53.3,1.5093
2010-03-06,54.2,1.5348
2010-03-07,54.4,1.5404
2010-03-08,53.7,1.5206
2010-03-09,53.4,1.5121
2010-03-10,56.4,1.5971
2010-03-11,57.0,1.6141
2010-03-12,47.4,1.3422
2010-03-13,49.5,1.4017
2010-03-14,47.1,1.3337
2010-03-15,47.7,1.3507
2010-03-16,50.6,1.4328
2010-03-17,52.8,1.4951
2010-03-18,52.7,1.4923
2010-03-19,50.1,1.4187
2010-03-20,46.9,1.3281
2010-03-21,46.8,1.3252
2010-03-22,48.8,1.3819
2010-03-23,46.5,1.3167
2010-03-24,46.0,1.3026
2010-03-25,46.2,1.3082
2010-03-26,46.4,1.3139
2010-03-27,44.8,1.2686
2010-03-28,42.5,1.2035
2010-03-29,46.6,1.3196
2010-03-30,42.1,1.1921
2010-03-31,42.4,1.2006
2010-04-01,45.5,1.2884
2010-04-02,44.9,1.2714
2010-04-03,43.4,1.2289
2010-04-04,43.7,1.2374
2010-04-05,45.0,1.2743
2010-04-06,44.4,1.2573
2010-04-07,44.1,1.2488
2010-04-08,43.6,1.2346
2010-04-09,45.0,1.2743
2010-04-10,36.3,1.0279
2010-04-11,31.9,0.9033
2010-04-12,31.3,0.8863
2010-04-13,37.5,1.0619
2010-04-14,37.5,1.0619
2010-04-15,35.3,0.9996
2010-04-16,50.9,1.4413
2010-04-17,60.1,1.7018
2010-04-18,58.1,1.6452
2010-04-19,52.5,1.4866
2010-04-20,54.3,1.5376
2010-04-21,64.7,1.8321
2010-04-22,60.0,1.699
2010-04-23,63.3,1.7925
2010-04-24,60.3,1.7075
2010-04-25,60.9,1.7245
2010-04-26,63.1,1.7868
2010-04-27,56.8,1.6084
2010-04-28,57.6,1.631
2010-04-29,53.8,1.5234
2010-04-30,50.5,1.43
2010-05-01,50.3,1.4243
2010-05-02,49.8,1.4102
2010-05-03,50.9,1.4413
2010-05-04,50.4,1.4272
2010-05-05,50.2,1.4215
2010-05-06,46.0,1.3026
2010-05-07,44.9,1.2714
2010-05-08,41.9,1.1865
2010-05-09,42.4,1.2006
2010-05-10,39.7,1.1242
2010-05-11,42.8,1.212
2010-05-12,48.4,1.3705
2010-05-13,56.8,1.6084
2010-05-14,41.7,1.1808
2010-05-15,32.5,0.9203
2010-05-16,30.7,0.8693
2010-05-17,40.8,1.1553
2010-05-18,60.6,1.716
2010-05-19,65.4,1.8519
2010-05-20,55.9,1.5829
2010-05-21,44.5,1.2601
2010-05-22,39.2,1.11
2010-05-23,37.4,1.059
2010-05-24,34.8,0.9854
2010-05-25,43.6,1.2346
2010-05-26,48.8,1.3819
2010-05-27,45.3,1.2828
2010-05-28,46.5,1.3167
2010-05-29,46.0,1.3026
2010-05-30,37.5,1.0619
2010-05-31,29.7,0.841
2010-06-01,28.0,0.7929
2010-06-02,32.1,0.909
2010-06-03,34.2,0.9684
2010-06-04,37.5,1.0619
2010-06-05,41.7,1.1808
2010-06-06,42.4,1.2006
2010-06-07,47.4,1.3422
2010-06-08,47.7,1.3507
2010-06-09,45.2,1.2799
2010-06-10,39.1,1.1072
2010-06-11,34.5,0.9769
2010-06-12,28.2,0.7985
2010-06-13,22.6,0.64
2010-06-14,21.3,0.6031
2010-06-15,26.5,0.7504
2010-06-16,28.0,0.7929
2010-06-17,30.6,0.8665
2010-06-18,32.1,0.909
2010-06-19,30.7,0.8693
2010-06-20,32.4,0.9175
2010-06-21,35.4,1.0024
2010-06-22,42.4,1.2006
2010-06-23,34.3,0.9713
2010-06-24,27.7,0.7844
2010-06-25,28.5,0.807
2010-06-26,30.8,0.8722
2010-06-27,33.2,0.9401
2010-06-28,33.5,0.9486
2010-06-29,37.4,1.059
2010-06-30,45.9,1.2997
2010-07-01,55.0,1.5574
2010-07-02,75.9,2.1492
2010-07-03,120.0,3.398
2010-07-04,180.0,5.097
2010-07-05,163.0,4.6156
2010-07-06,106.0,3.0016
2010-07-07,71.0,2.0105
2010-07-08,187.0,5.2952
2010-07-09,153.0,4.3325
2010-07-10,109.0,3.0865
2010-07-11,106.0,3.0016
2010-07-12,190.0,5.3802
2010-07-13,97.8,2.7694
2010-07-14,96.7,2.7382
2010-07-15,86.9,2.4607
2010-07-16,67.4,1.9086
2010-07-17,61.5,1.7415
2010-07-18,58.4,1.6537
2010-07-19,56.2,1.5914
2010-07-20,54.1,1.5319
2010-07-21,53.0,1.5008
2010-07-22,52.0,1.4725
2010-07-23,50.6,1.4328
2010-07-24,51.5,1.4583
2010-07-25,63.3,1.7925
2010-07-26,84.7,2.3984
2010-07-27,89.3,2.5287
2010-07-28,79.7,2.2568
2010-07-29,105.0,2.9733
2010-07-30,92.2,2.6108
2010-07-31,92.5,2.6193
2010-08-01,105.0,2.9733
2010-08-02,78.1,2.2115
2010-08-03,72.0,2.0388
2010-08-04,71.4,2.0218
2010-08-05,63.2,1.7896
2010-08-06,54.5,1.5433
2010-08-07,56.5,1.5999
2010-08-08,64.8,1.8349
2010-08-09,58.3,1.6509
2010-08-10,48.7,1.379
2010-08-11,47.4,1.3422
2010-08-12,59.0,1.6707
2010-08-13,51.4,1.4555
2010-08-14,47.2,1.3366
2010-08-15,50.5,1.43
2010-08-16,50.2,1.4215
2010-08-17,50.1,1.4187
2010-08-18,50.6,1.4328
2010-08-19,47.6,1.3479
2010-08-20,47.2,1.3366
2010-08-21,55.9,1.5829
2010-08-22,67.1,1.9001
2010-08-23,59.4,1.682
2010-08-24,58.7,1.6622
2010-08-25,57.2,1.6197
2010-08-26,53.9,1.5263
2010-08-27,55.9,1.5829
2010-08-28,53.7,1.5206
2010-08-29,52.1,1.4753
2010-08-30,58.9,1.6679
2010-08-31,67.2,1.9029
2010-09-01,68.8,1.9482
2010-09-02,68.6,1.9425
2010-09-03,149.0,4.2192
2010-09-04,67.6,1.9142
2010-09-05,81.8,2.3163
2010-09-06,86.3,2.4437
2010-09-07,63.6,1.8009
2010-09-08,56.3,1.5942
2010-09-09,54.7,1.5489
2010-09-10,53.8,1.5234
2010-09-11,67.5,1.9114
2010-09-12,67.7,1.917
2010-09-13,59.5,1.6848
2010-09-14,68.4,1.9369
2010-09-15,53.6,1.5178
2010-09-16,54.7,1.5489
2010-09-17,173.0,4.8988
2010-09-18,163.0,4.6156
2010-09-19,132.0,3.7378
2010-09-20,99.5,2.8175
2010-09-21,76.5,2.1662
2010-09-22,68.5,1.9397
2010-09-23,69.1,1.9567
2010-09-24,121.0,3.4263
2010-09-25,236.0,6.6828
2010-09-26,133.0,3.7661
2010-09-27,89.8,2.5428
2010-09-28,79.8,2.2597
2010-09-29,74.1,2.0983
2010-09-30,70.6,1.9992
2010-10-01,68.3,1.934
2010-10-02,64.0,1.8123
2010-10-03,57.4,1.6254
2010-10-04,57.6,1.631
2010-10-05,64.9,1.8378
2010-10-06,70.4,1.9935
2010-10-07,85.3,2.4154
2010-10-08,82.6,2.339
2010-10-09,74.0,2.0954
2010-10-10,64.0,1.8123
2010-10-11,61.3,1.7358
2010-10-12,64.1,1.8151
2010-10-13,77.4,2.1917
2010-10-14,72.2,2.0445
2010-10-15,64.3,1.8208
2010-10-16,64.7,1.8321
2010-10-17,64.8,1.8349
2010-10-18,63.8,1.8066
2010-10-19,65.9,1.8661
2010-10-20,83.6,2.3673
2010-10-21,75.4,2.1351
2010-10-22,72.6,2.0558
2010-10-23,72.7,2.0586
2010-10-24,71.8,2.0331
2010-10-25,74.7,2.1153
2010-10-26,77.8,2.203
2010-10-27,80.0,2.2653
2010-10-28,69.7,1.9737
2010-10-29,65.3,1.8491
2010-10-30,61.9,1.7528
2010-10-31,61.6,1.7443
2010-11-01,70.1,1.985
2010-11-02,96.5,2.7326
2010-11-03,555.0,15.7158
2010-11-04,791.0,22.3986
2010-11-05,709.0,20.0766
2010-11-06,749.0,21.2093
2010-11-07,838.0,23.7295
2010-11-08,835.0,23.6445
2010-11-09,833.0,23.5879
2010-11-10,835.0,23.6445
2010-11-11,750.0,21.2376
2010-11-12,618.0,17.4998
2010-11-13,370.0,10.4772
2010-11-14,185.0,5.2386
2010-11-15,134.0,3.7945
2010-11-16,114.0,3.2281
2010-11-17,104.0,2.9449
2010-11-18,99.2,2.809
2010-11-19,94.1,2.6646
2010-11-20,91.9,2.6023
2010-11-21,91.6,2.5938
2010-11-22,90.9,2.574
2010-11-23,90.0,2.5485
2010-11-24,88.6,2.5089
2010-11-25,86.7,2.4551
2010-11-26,85.2,2.4126
2010-11-27,83.4,2.3616
2010-11-28,82.5,2.3361
2010-11-29,82.3,2.3305
2010-11-30,80.5,2.2795
2010-12-01,80.4,2.2767
2010-12-02,79.2,2.2427
2010-12-03,79.5,2.2512
2010-12-04,80.6,2.2823
2010-12-05,80.0,2.2653
2010-12-06,79.3,2.2455
2010-12-07,78.9,2.2342
2010-12-08,78.6,2.2257
2010-12-09,78.8,2.2314
2010-12-10,78.4,2.22
2010-12-11,77.8,2.203
2010-12-12,75.8,2.1464
2010-12-13,74.9,2.1209
2010-12-14,76.1,2.1549
2010-12-15,76.5,2.1662
2010-12-16,77.2,2.1861
2010-12-17,77.4,2.1917
2010-12-18,74.6,2.1124
2010-12-19,74.2,2.1011
2010-12-20,76.5,2.1662
2010-12-21,76.6,2.1691
2010-12-22,75.8,2.1464
2010-12-23,75.1,2.1266
2010-12-24,74.6,2.1124
2010-12-25,76.1,2.1549
2010-12-26,85.7,2.4267
2010-12-27,89.7,2.54
2010-12-28,88.3,2.5004
2010-12-29,87.7,2.4834
2010-12-30,93.4,2.6448
2010-12-31,87.9,2.489
2011-01-01,84.5,2.3928
2011-01-02,77.9,2.2059
2011-01-03,73.4,2.0785
2011-01-04,73.1,2.07
2011-01-05,72.7,2.0586
2011-01-06,70.0,1.9822
2011-01-07,67.8,1.9199
2011-01-08,68.1,1.9284
2011-01-09,68.2,1.9312
2011-01-10,67.4,1.9086
2011-01-11,65.4,1.8519
2011-01-12,63.9,1.8094
2011-01-13,63.0,1.784
2011-01-14,63.4,1.7953
2011-01-15,64.8,1.8349
2011-01-16,65.8,1.8632
2011-01-17,66.6,1.8859
2011-01-18,66.8,1.8916
2011-01-19,66.1,1.8717
2011-01-20,64.8,1.8349
2011-01-21,64.4,1.8236
2011-01-22,62.9,1.7811
2011-01-23,63.7,1.8038
2011-01-24,62.8,1.7783
2011-01-25,63.5,1.7981
2011-01-26,63.8,1.8066
2011-01-27,63.8,1.8066
2011-01-28,61.8,1.75
2011-01-29,60.9,1.7245
2011-01-30,60.4,1.7103
2011-01-31,60.9,1.7245
2011-02-01,60.0,1.699
2011-02-02,59.5,1.6848
2011-02-03,61.8,1.75
2011-02-04,66.9,1.8944
2011-02-05,66.9,1.8944
2011-02-06,67.3,1.9057
2011-02-07,68.5,1.9397
2011-02-08,69.4,1.9652
2011-02-09,64.3,1.8208
2011-02-10,61.5,1.7415
2011-02-11,62.8,1.7783
2011-02-12,61.9,1.7528
2011-02-13,60.2,1.7047
2011-02-14,61.5,1.7415
2011-02-15,61.1,1.7302
2011-02-16,61.1,1.7302
2011-02-17,60.7,1.7188
2011-02-18,60.3,1.7075
2011-02-19,61.9,1.7528
2011-02-20,60.7,1.7188
2011-02-21,58.6,1.6594
2011-02-22,58.4,1.6537
2011-02-23,57.6,1.631
2011-02-24,56.6,1.6027
2011-02-25,55.2,1.5631
2011-02-26,55.4,1.5688
2011-02-27,54.6,1.5461
2011-02-28,53.7,1.5206
2011-03-01,56.5,1.5999
2011-03-02,55.3,1.5659
2011-03-03,52.9,1.498
2011-03-04,55.7,1.5772
2011-03-05,55.3,1.5659
2011-03-06,55.0,1.5574
2011-03-07,53.5,1.5149
2011-03-08,54.1,1.5319
2011-03-09,53.7,1.5206
2011-03-10,55.3,1.5659
2011-03-11,53.2,1.5065
2011-03-12,54.3,1.5376
2011-03-13,54.4,1.5404
2011-03-14,54.9,1.5546
2011-03-15,54.2,1.5348
2011-03-16,53.7,1.5206
2011-03-17,53.5,1.5149
2011-03-18,54.5,1.5433
2011-03-19,52.5,1.4866
2011-03-20,51.9,1.4696
2011-03-21,51.7,1.464
2011-03-22,51.4,1.4555
2011-03-23,51.8,1.4668
2011-03-24,51.2,1.4498
2011-03-25,48.8,1.3819
2011-03-26,47.7,1.3507
2011-03-27,48.5,1.3734
2011-03-28,55.7,1.5772
2011-03-29,62.1,1.7585
2011-03-30,54.7,1.5489
2011-03-31,51.9,1.4696
2011-04-01,50.1,1.4187
2011-04-02,47.5,1.345
2011-04-03,45.7,1.2941
2011-04-04,42.9,1.2148
2011-04-05,46.2,1.3082
2011-04-06,45.3,1.2828
2011-04-07,36.7,1.0392
2011-04-08,34.0,0.9628
2011-04-09,41.7,1.1808
2011-04-10,44.6,1.2629
2011-04-11,43.1,1.2205
2011-04-12,43.3,1.2261
2011-04-13,39.4,1.1157
2011-04-14,37.3,1.0562
2011-04-15,37.9,1.0732
2011-04-16,41.6,1.178
2011-04-17,48.1,1.362
2011-04-18,44.7,1.2658
2011-04-19,33.1,0.9373
2011-04-20,26.6,0.7532
2011-04-21,28.3,0.8014
2011-04-22,24.7,0.6994
2011-04-23,22.0,0.623
2011-04-24,21.7,0.6145
2011-04-25,32.3,0.9146
2011-04-26,40.7,1.1525
2011-04-27,40.0,1.1327
2011-04-28,36.6,1.0364
2011-04-29,36.7,1.0392
2011-04-30,33.1,0.9373
2011-05-01,32.5,0.9203
2011-05-02,34.8,0.9854
2011-05-03,34.9,0.9883
2011-05-04,34.2,0.9684
2011-05-05,33.8,0.9571
2011-05-06,33.1,0.9373
2011-05-07,33.1,0.9373
2011-05-08,32.6,0.9231
2011-05-09,31.6,0.8948
2011-05-10,34.9,0.9883
2011-05-11,44.6,1.2629
2011-05-12,40.1,1.1355
2011-05-13,31.5,0.892
2011-05-14,36.4,1.0307
2011-05-15,35.5,1.0052
2011-05-16,31.0,0.8778
2011-05-17,39.7,1.1242
2011-05-18,42.3,1.1978
2011-05-19,38.5,1.0902
2011-05-20,35.7,1.0109
2011-05-21,30.6,0.8665
2011-05-22,28.3,0.8014
2011-05-23,27.8,0.7872
2011-05-24,26.7,0.7561
2011-05-25,27.2,0.7702
2011-05-26,27.2,0.7702
2011-05-27,30.5,0.8637
2011-05-28,29.2,0.8269
2011-05-29,24.3,0.6881
2011-05-30,24.1,0.6824
2011-05-31,25.6,0.7249
2011-06-01,24.2,0.6853
2011-06-02,24.2,0.6853
2011-06-03,24.8,0.7023
2011-06-04,24.7,0.6994
2011-06-05,24.1,0.6824
2011-06-06,23.9,0.6768
2011-06-07,22.0,0.623
2011-06-08,22.5,0.6371
2011-06-09,26.0,0.7362
2011-06-10,25.0,0.7079
2011-06-11,20.0,0.5663
2011-06-12,19.0,0.538
2011-06-13,22.0,0.623
2011-06-14,25.0,0.7079
2011-06-15,26.0,0.7362
2011-06-16,28.0,0.7929
2011-06-17,24.1,0.6824
2011-06-18,23.3,0.6598
2011-06-19,20.2,0.572
2011-06-20,19.7,0.5578
2011-06-21,24.4,0.6909
2011-06-22,22.3,0.6315
2011-06-23,19.8,0.5607
2011-06-24,18.8,0.5324
2011-06-25,20.3,0.5748
2011-06-26,24.0,0.6796
2011-06-27,23.1,0.6541
2011-06-28,20.3,0.5748
2011-06-29,19.4,0.5493
2011-06-30,18.5,0.5239
2011-07-01,17.8,0.504
2011-07-02,17.0,0.4814
2011-07-03,21.3,0.6031
2011-07-04,23.0,0.6513
2011-07-05,21.7,0.6145
2011-07-06,20.5,0.5805
2011-07-07,21.0,0.5947
2011-07-08,20.0,0.5663
2011-07-09,17.8,0.504
2011-07-10,15.9,0.4502
2011-07-11,16.4,0.4644
2011-07-12,16.9,0.4786
2011-07-13,19.8,0.5607
2011-07-14,20.9,0.5918
2011-07-15,21.9,0.6201
2011-07-16,24.7,0.6994
2011-07-17,25.0,0.7079
2011-07-18,20.4,0.5777
2011-07-19,18.4,0.521
2011-07-20,19.7,0.5578
2011-07-21,22.0,0.623
2011-07-22,21.6,0.6116
2011-07-23,20.3,0.5748
2011-07-24,18.3,0.5182
2011-07-25,16.8,0.4757
2011-07-26,16.9,0.4786
2011-07-27,18.0,0.5097
2011-07-28,18.9,0.5352
2011-07-29,17.1,0.4842
2011-07-30,15.9,0.4502
2011-07-31,15.2,0.4304
2011-08-01,15.8,0.4474
2011-08-02,18.0,0.5097
2011-08-03,21.3,0.6031
2011-08-04,24.3,0.6881
2011-08-05,19.7,0.5578
2011-08-06,17.8,0.504
2011-08-07,19.2,0.5437
2011-08-08,18.4,0.521
2011-08-09,19.4,0.5493
2011-08-10,16.6,0.4701
2011-08-11,14.3,0.4049
2011-08-12,12.8,0.3625
2011-08-13,13.5,0.3823
2011-08-14,13.7,0.3879
2011-08-15,17.0,0.4814
2011-08-16,18.5,0.5239
2011-08-17,18.9,0.5352
2011-08-18,17.0,0.4814
2011-08-19,15.5,0.4389
2011-08-20,14.4,0.4078
2011-08-21,14.6,0.4134
2011-08-22,13.9,0.3936
2011-08-23,13.6,0.3851
2011-08-24,13.3,0.3766
2011-08-25,13.1,0.371
2011-08-26,13.0,0.3681
2011-08-27,13.1,0.371
2011-08-28,12.8,0.3625
2011-08-29,12.5,0.354
2011-08-30,12.2,0.3455
2011-08-31,12.8,0.3625
2011-09-01,11.9,0.337
2011-09-02,11.1,0.3143
2011-09-03,10.7,0.303
2011-09-04,10.7,0.303
2011-09-05,12.0,0.3398
2011-09-06,13.2,0.3738
2011-09-07,13.6,0.3851
2011-09-08,12.6,0.3568
2011-09-09,13.1,0.371
2011-09-10,13.0,0.3681
2011-09-11,12.9,0.3653
2011-09-12,12.6,0.3568
2011-09-13,12.3,0.3483
2011-09-14,12.1,0.3426
2011-09-15,16.8,0.4757
2011-09-16,33.5,0.9486
2011-09-17,51.3,1.4527
2011-09-18,67.2,1.9029
2011-09-19,44.9,1.2714
2011-09-20,29.1,0.824
2011-09-21,21.4,0.606
2011-09-22,17.8,0.504
2011-09-23,16.6,0.4701
2011-09-24,16.4,0.4644
2011-09-25,16.0,0.4531
2011-09-26,15.5,0.4389
2011-09-27,15.6,0.4417
2011-09-28,15.8,0.4474
2011-09-29,16.5,0.4672
2011-09-30,16.5,0.4672
2011-10-01,16.7,0.4729
2011-10-02,16.5,0.4672
2011-10-03,15.8,0.4474
2011-10-04,16.6,0.4701
2011-10-05,16.9,0.4786
2011-10-06,17.2,0.487
2011-10-07,17.2,0.487
2011-10-08,15.8,0.4474
2011-10-09,14.3,0.4049
2011-10-10,13.4,0.3794
2011-10-11,13.8,0.3908
2011-10-12,16.6,0.4701
2011-10-13,18.2,0.5154
2011-10-14,19.0,0.538
2011-10-15,19.6,0.555
2011-10-16,18.1,0.5125
2011-10-17,18.3,0.5182
2011-10-18,18.1,0.5125
2011-10-19,19.8,0.5607
2011-10-20,20.9,0.5918
2011-10-21,21.8,0.6173
2011-10-22,20.5,0.5805
2011-10-23,19.4,0.5493
2011-10-24,19.1,0.5409
2011-10-25,20.5,0.5805
2011-10-26,22.8,0.6456
2011-10-27,21.3,0.6031
2011-10-28,22.4,0.6343
2011-10-29,23.4,0.6626
2011-10-30,21.6,0.6116
2011-10-31,22.6,0.64
2011-11-01,22.9,0.6485
2011-11-02,22.3,0.6315
2011-11-03,21.8,0.6173
2011-11-04,23.7,0.6711
2011-11-05,23.1,0.6541
2011-11-06,24.2,0.6853
2011-11-07,24.2,0.6853
2011-11-08,23.1,0.6541
2011-11-09,23.8,0.6739
2011-11-10,24.4,0.6909
2011-11-11,25.3,0.7164
2011-11-12,25.4,0.7192
2011-11-13,24.4,0.6909
2011-11-14,25.0,0.7079
2011-11-15,26.5,0.7504
2011-11-16,27.5,0.7787
2011-11-17,26.7,0.7561
2011-11-18,27.3,0.773
2011-11-19,27.4,0.7759
2011-11-20,27.3,0.773
2011-11-21,27.4,0.7759
2011-11-22,27.7,0.7844
2011-11-23,28.0,0.7929
2011-11-24,28.8,0.8155
2011-11-25,29.1,0.824
2011-11-26,28.9,0.8184
2011-11-27,27.6,0.7815
2011-11-28,29.8,0.8438
2011-11-29,29.1,0.824
2011-11-30,29.9,0.8467
2011-12-01,29.2,0.8269
2011-12-02,27.3,0.773
2011-12-03,28.9,0.8184
2011-12-04,29.5,0.8353
2011-12-05,32.3,0.9146
2011-12-06,33.5,0.9486
2011-12-07,33.9,0.9599
2011-12-08,34.2,0.9684
2011-12-09,34.4,0.9741
2011-12-10,32.8,0.9288
2011-12-11,32.5,0.9203
2011-12-12,33.5,0.9486
2011-12-13,37.8,1.0704
2011-12-14,39.3,1.1129
2011-12-15,37.6,1.0647
2011-12-16,36.9,1.0449
2011-12-17,36.1,1.0222
2011-12-18,33.2,0.9401
2011-12-19,34.6,0.9798
2011-12-20,34.8,0.9854
2011-12-21,35.4,1.0024
2011-12-22,36.5,1.0336
2011-12-23,35.5,1.0052
2011-12-24,37.0,1.0477
2011-12-25,38.8,1.0987
2011-12-26,40.2,1.1383
2011-12-27,39.5,1.1185
2011-12-28,38.0,1.076
2011-12-29,35.9,1.0166
2011-12-30,34.6,0.9798
2011-12-31,34.5,0.9769
2012-01-01,33.8,0.9571
2012-01-02,33.4,0.9458
2012-01-03,33.0,0.9345
2012-01-04,32.9,0.9316
2012-01-05,32.6,0.9231
2012-01-06,32.3,0.9146
2012-01-07,30.6,0.8665
2012-01-08,30.0,0.8495
2012-01-09,30.1,0.8523
2012-01-10,32.6,0.9231
2012-01-11,32.4,0.9175
2012-01-12,32.1,0.909
2012-01-13,32.4,0.9175
2012-01-14,31.3,0.8863
2012-01-15,30.4,0.8608
2012-01-16,29.6,0.8382
2012-01-17,29.8,0.8438
2012-01-18,29.2,0.8269
2012-01-19,30.0,0.8495
2012-01-20,29.0,0.8212
2012-01-21,28.1,0.7957
2012-01-22,29.9,0.8467
2012-01-23,29.5,0.8353
2012-01-24,29.1,0.824
2012-01-25,32.0,0.9061
2012-01-26,32.1,0.909
2012-01-27,32.1,0.909
2012-01-28,33.4,0.9458
2012-01-29,32.7,0.926
2012-01-30,30.8,0.8722
2012-01-31,30.6,0.8665
2012-02-01,30.4,0.8608
2012-02-02,30.2,0.8552
2012-02-03,31.0,0.8778
2012-02-04,30.5,0.8637
2012-02-05,30.1,0.8523
2012-02-06,30.4,0.8608
2012-02-07,30.4,0.8608
2012-02-08,30.0,0.8495
2012-02-09,30.8,0.8722
2012-02-10,28.8,0.8155
2012-02-11,29.3,0.8297
2012-02-12,28.7,0.8127
2012-02-13,29.8,0.8438
2012-02-14,29.9,0.8467
2012-02-15,31.6,0.8948
2012-02-16,31.2,0.8835
2012-02-17,31.5,0.892
2012-02-18,31.9,0.9033
2012-02-19,31.2,0.8835
2012-02-20,31.5,0.892
2012-02-21,30.2,0.8552
2012-02-22,29.8,0.8438
2012-02-23,29.5,0.8353
2012-02-24,27.9,0.79
2012-02-25,28.4,0.8042
2012-02-26,28.2,0.7985
2012-02-27,26.7,0.7561
2012-02-28,24.5,0.6938
2012-02-29,25.9,0.7334
2012-03-01,27.1,0.7674
2012-03-02,29.7,0.841
2012-03-03,27.7,0.7844
2012-03-04,26.9,0.7617
2012-03-05,26.3,0.7447
2012-03-06,25.2,0.7136
2012-03-07,24.9,0.7051
2012-03-08,26.4,0.7476
2012-03-09,26.2,0.7419
2012-03-10,28.4,0.8042
2012-03-11,26.6,0.7532
2012-03-12,27.2,0.7702
2012-03-13,27.7,0.7844
2012-03-14,28.8,0.8155
2012-03-15,29.6,0.8382
2012-03-16,28.2,0.7985
2012-03-17,27.3,0.773
2012-03-18,26.0,0.7362
2012-03-19,25.4,0.7192
2012-03-20,25.3,0.7164
2012-03-21,26.0,0.7362
2012-03-22,27.0,0.7646
2012-03-23,26.0,0.7362
2012-03-24,24.3,0.6881
2012-03-25,23.2,0.6569
2012-03-26,22.9,0.6485
2012-03-27,24.1,0.6824
2012-03-28,23.8,0.6739
2012-03-29,23.2,0.6569
2012-03-30,23.9,0.6768
2012-03-31,23.4,0.6626
2012-04-01,22.0,0.623
2012-04-02,20.8,0.589
2012-04-03,20.1,0.5692
2012-04-04,19.2,0.5437
2012-04-05,24.0,0.6796
2012-04-06,30.5,0.8637
2012-04-07,26.0,0.7362
2012-04-08,21.2,0.6003
2012-04-09,26.6,0.7532
2012-04-10,30.5,0.8637
2012-04-11,42.9,1.2148
2012-04-12,30.0,0.8495
2012-04-13,24.6,0.6966
2012-04-14,19.4,0.5493
2012-04-15,20.9,0.5918
2012-04-16,27.1,0.7674
2012-04-17,30.5,0.8637
2012-04-18,22.7,0.6428
2012-04-19,19.4,0.5493
2012-04-20,18.6,0.5267
2012-04-21,18.2,0.5154
2012-04-22,18.0,0.5097
2012-04-23,15.4,0.4361
2012-04-24,16.9,0.4786
2012-04-25,18.4,0.521
2012-04-26,17.8,0.504
2012-04-27,17.8,0.504
2012-04-28,17.1,0.4842
2012-04-29,16.3,0.4616
2012-04-30,15.9,0.4502
2012-05-01,15.5,0.4389
2012-05-02,15.2,0.4304
2012-05-03,14.4,0.4078
2012-05-04,13.8,0.3908
2012-05-05,13.6,0.3851
2012-05-06,13.9,0.3936
2012-05-07,13.7,0.3879
2012-05-08,17.3,0.4899
2012-05-09,26.6,0.7532
2012-05-10,37.8,1.0704
2012-05-11,51.9,1.4696
2012-05-12,44.9,1.2714
2012-05-13,42.7,1.2091
2012-05-14,44.3,1.2544
2012-05-15,35.8,1.0137
2012-05-16,43.2,1.2233
2012-05-17,52.5,1.4866
2012-05-18,39.0,1.1044
2012-05-19,28.2,0.7985
2012-05-20,23.5,0.6654
2012-05-21,21.0,0.5947
2012-05-22,20.6,0.5833
2012-05-23,20.1,0.5692
2012-05-24,19.2,0.5437
2012-05-25,17.7,0.5012
2012-05-26,16.1,0.4559
2012-05-27,15.9,0.4502
2012-05-28,16.8,0.4757
2012-05-29,15.2,0.4304
2012-05-30,16.7,0.4729
2012-05-31,17.1,0.4842
2012-06-01,16.6,0.4701
2012-06-02,18.1,0.5125
2012-06-03,21.4,0.606
2012-06-04,18.8,0.5324
2012-06-05,16.0,0.4531
2012-06-06,14.6,0.4134
2012-06-07,14.4,0.4078
2012-06-08,14.1,0.3993
2012-06-09,13.9,0.3936
2012-06-10,13.9,0.3936
2012-06-11,13.4,0.3794
2012-06-12,12.7,0.3596
2012-06-13,12.2,0.3455
2012-06-14,12.6,0.3568
2012-06-15,13.1,0.371
2012-06-16,12.4,0.3511
2012-06-17,12.4,0.3511
2012-06-18,12.6,0.3568
2012-06-19,12.9,0.3653
2012-06-20,13.0,0.3681
2012-06-21,12.7,0.3596
2012-06-22,12.2,0.3455
2012-06-23,11.9,0.337
2012-06-24,13.3,0.3766
2012-06-25,12.7,0.3596
2012-06-26,11.4,0.3228
2012-06-27,10.8,0.3058
2012-06-28,11.1,0.3143
2012-06-29,15.4,0.4361
2012-06-30,13.5,0.3823
2012-07-01,9.96,0.282
2012-07-02,8.79,0.2489
2012-07-03,9.16,0.2594
2012-07-04,13.5,0.3823
2012-07-05,9.38,0.2656
2012-07-06,16.2,0.4587
2012-07-07,11.0,0.3115
2012-07-08,13.3,0.3766
2012-07-09,16.0,0.4531
2012-07-10,65.0,1.8406
2012-07-11,34.2,0.9684
2012-07-12,37.9,1.0732
2012-07-13,53.9,1.5263
2012-07-14,42.7,1.2091
2012-07-15,30.6,0.8665
2012-07-16,24.6,0.6966
2012-07-17,21.5,0.6088
2012-07-18,20.7,0.5862
2012-07-19,18.5,0.5239
2012-07-20,17.4,0.4927
2012-07-21,15.8,0.4474
2012-07-22,15.0,0.4248
2012-07-23,14.3,0.4049
2012-07-24,14.5,0.4106
2012-07-25,14.6,0.4134
2012-07-26,16.3,0.4616
2012-07-27,17.0,0.4814
2012-07-28,16.1,0.4559
2012-07-29,15.0,0.4248
2012-07-30,13.7,0.3879
2012-07-31,13.2,0.3738
2012-08-01,18.9,0.5352
2012-08-02,16.1,0.4559
2012-08-03,13.0,0.3681
2012-08-04,12.0,0.3398
2012-08-05,11.7,0.3313
2012-08-06,10.9,0.3087
2012-08-07,10.5,0.2973
2012-08-08,10.8,0.3058
2012-08-09,9.22,0.2611
2012-08-10,9.08,0.2571
2012-08-11,8.03,0.2274
2012-08-12,7.5,0.2124
2012-08-13,8.04,0.2277
2012-08-14,7.67,0.2172
2012-08-15,7.81,0.2212
2012-08-16,8.42,0.2384
2012-08-17,19.1,0.5409
2012-08-18,15.5,0.4389
2012-08-19,84.6,2.3956
2012-08-20,26.5,0.7504
2012-08-21,22.2,0.6286
2012-08-22,15.5,0.4389
2012-08-23,15.2,0.4304
2012-08-24,18.0,0.5097
2012-08-25,15.7,0.4446
2012-08-26,13.3,0.3766
2012-08-27,25.1,0.7108
2012-08-28,11.1,0.3143
2012-08-29,20.4,0.5777
2012-08-30,17.3,0.4899
2012-08-31,15.3,0.4332
2012-09-01,14.1,0.3993
2012-09-02,13.2,0.3738
2012-09-03,12.5,0.354
2012-09-04,12.0,0.3398
2012-09-05,11.4,0.3228
2012-09-06,10.4,0.2945
2012-09-07,9.77,0.2767
2012-09-08,10.0,0.2832
2012-09-09,10.0,0.2832
2012-09-10,9.99,0.2829
2012-09-11,9.3,0.2633
2012-09-12,8.72,0.2469
2012-09-13,9.3,0.2633
2012-09-14,10.2,0.2888
2012-09-15,10.4,0.2945
2012-09-16,10.5,0.2973
2012-09-17,10.6,0.3002
2012-09-18,10.9,0.3087
2012-09-19,12.4,0.3511
2012-09-20,14.4,0.4078
2012-09-21,14.5,0.4106
2012-09-22,13.5,0.3823
2012-09-23,12.3,0.3483
2012-09-24,12.1,0.3426
2012-09-25,12.5,0.354
2012-09-26,11.7,0.3313
2012-09-27,13.9,0.3936
2012-09-28,45.0,1.2743
2012-09-29,85.0,2.4069
2012-09-30,170.0,4.8139
2012-10-01,110.0,3.1148
2012-10-02,58.3,1.6509
2012-10-03,41.0,1.161
2012-10-04,31.1,0.8807
2012-10-05,26.3,0.7447
2012-10-06,24.1,0.6824
2012-10-07,22.5,0.6371
2012-10-08,21.1,0.5975
2012-10-09,21.5,0.6088
2012-10-10,22.3,0.6315
2012-10-11,23.4,0.6626
2012-10-12,23.9,0.6768
2012-10-13,23.2,0.6569
2012-10-14,26.4,0.7476
2012-10-15,28.9,0.8184
2012-10-16,30.1,0.8523
2012-10-17,30.5,0.8637
2012-10-18,28.1,0.7957
2012-10-19,25.8,0.7306
2012-10-20,25.1,0.7108
2012-10-21,24.0,0.6796
2012-10-22,22.2,0.6286
2012-10-23,20.9,0.5918
2012-10-24,19.9,0.5635
2012-10-25,21.0,0.5947
2012-10-26,22.8,0.6456
2012-10-27,22.4,0.6343
2012-10-28,21.1,0.5975
2012-10-29,20.8,0.589
2012-10-30,21.1,0.5975
2012-10-31,21.3,0.6031
2012-11-01,21.3,0.6031
2012-11-02,21.9,0.6201
2012-11-03,23.8,0.6739
2012-11-04,24.4,0.6909
2012-11-05,26.2,0.7419
2012-11-06,26.4,0.7476
2012-11-07,27.1,0.7674
2012-11-08,27.5,0.7787
2012-11-09,27.3,0.773
2012-11-10,27.6,0.7815
2012-11-11,27.5,0.7787
2012-11-12,27.1,0.7674
2012-11-13,27.6,0.7815
2012-11-14,27.6,0.7815
2012-11-15,27.4,0.7759
2012-11-16,27.5,0.7787
2012-11-17,30.4,0.8608
2012-11-18,35.6,1.0081
2012-11-19,35.0,0.9911
2012-11-20,35.0,0.9911
2012-11-21,34.3,0.9713
2012-11-22,33.8,0.9571
2012-11-23,34.3,0.9713
2012-11-24,32.8,0.9288
2012-11-25,31.7,0.8976
2012-11-26,31.7,0.8976
2012-11-27,31.0,0.8778
2012-11-28,31.0,0.8778
2012-11-29,31.5,0.892
2012-11-30,31.1,0.8807
2012-12-01,31.3,0.8863
2012-12-02,32.0,0.9061
2012-12-03,32.7,0.926
2012-12-04,30.6,0.8665
2012-12-05,29.1,0.824
2012-12-06,29.6,0.8382
2012-12-07,29.4,0.8325
2012-12-08,29.1,0.824
2012-12-09,29.4,0.8325
2012-12-10,28.9,0.8184
2012-12-11,28.9,0.8184
2012-12-12,28.9,0.8184
2012-12-13,28.5,0.807
2012-12-14,27.6,0.7815
2012-12-15,26.3,0.7447
2012-12-16,28.0,0.7929
2012-12-17,30.4,0.8608
2012-12-18,31.1,0.8807
2012-12-19,30.3,0.858
2012-12-20,28.7,0.8127
2012-12-21,28.7,0.8127
2012-12-22,30.2,0.8552
2012-12-23,31.5,0.892
2012-12-24,28.8,0.8155
2012-12-25,28.4,0.8042
2012-12-26,29.7,0.841
2012-12-27,31.1,0.8807
2012-12-28,31.2,0.8835
2012-12-29,31.5,0.892
2012-12-30,33.4,0.9458
2012-12-31,39.4,1.1157
2013-01-01,39.1,1.1072
2013-01-02,35.0,0.9911
2013-01-03,34.6,0.9798
2013-01-04,35.4,1.0024
2013-01-05,35.5,1.0052
2013-01-06,35.6,1.0081
2013-01-07,35.7,1.0109
2013-01-08,36.0,1.0194
2013-01-09,36.6,1.0364
2013-01-10,39.3,1.1129
2013-01-11,40.0,1.1327
2013-01-12,40.0,1.1327
2013-01-13,41.3,1.1695
2013-01-14,39.8,1.127
2013-01-15,36.8,1.0421
2013-01-16,33.6,0.9514
2013-01-17,32.1,0.909
2013-01-18,31.1,0.8807
2013-01-19,30.0,0.8495
2013-01-20,29.3,0.8297
2013-01-21,28.4,0.8042
2013-01-22,28.8,0.8155
2013-01-23,29.5,0.8353
2013-01-24,29.2,0.8269
2013-01-25,29.7,0.841
2013-01-26,29.4,0.8325
2013-01-27,28.9,0.8184
2013-01-28,28.2,0.7985
2013-01-29,27.3,0.773
2013-01-30,27.6,0.7815
2013-01-31,27.2,0.7702
2013-02-01,28.3,0.8014
2013-02-02,29.9,0.8467
2013-02-03,26.5,0.7504
2013-02-04,25.4,0.7192
2013-02-05,25.9,0.7334
2013-02-06,26.7,0.7561
2013-02-07,29.1,0.824
2013-02-08,30.5,0.8637
2013-02-09,29.8,0.8438
2013-02-10,28.8,0.8155
2013-02-11,26.2,0.7419
2013-02-12,26.7,0.7561
2013-02-13,28.3,0.8014
2013-02-14,28.5,0.807
2013-02-15,27.4,0.7759
2013-02-16,26.6,0.7532
2013-02-17,26.7,0.7561
2013-02-18,26.1,0.7391
2013-02-19,27.1,0.7674
2013-02-20,28.9,0.8184
2013-02-21,28.9,0.8184
2013-02-22,28.5,0.807
2013-02-23,28.0,0.7929
2013-02-24,29.9,0.8467
2013-02-25,29.4,0.8325
2013-02-26,25.5,0.7221
2013-02-27,27.0,0.7646
2013-02-28,28.1,0.7957
2013-03-01,27.8,0.7872
2013-03-02,24.8,0.7023
2013-03-03,23.4,0.6626
2013-03-04,23.4,0.6626
2013-03-05,22.1,0.6258
2013-03-06,22.5,0.6371
2013-03-07,23.5,0.6654
2013-03-08,24.3,0.6881
2013-03-09,23.3,0.6598
2013-03-10,22.2,0.6286
2013-03-11,19.6,0.555
2013-03-12,22.4,0.6343
2013-03-13,27.1,0.7674
2013-03-14,27.0,0.7646
2013-03-15,24.2,0.6853
2013-03-16,22.9,0.6485
2013-03-17,23.6,0.6683
2013-03-18,24.1,0.6824
2013-03-19,24.0,0.6796
2013-03-20,23.3,0.6598
2013-03-21,23.4,0.6626
2013-03-22,23.7,0.6711
2013-03-23,21.0,0.5947
2013-03-24,19.7,0.5578
2013-03-25,18.2,0.5154
2013-03-26,17.4,0.4927
2013-03-27,17.7,0.5012
2013-03-28,19.2,0.5437
2013-03-29,18.6,0.5267
2013-03-30,17.8,0.504
2013-03-31,17.9,0.5069
2013-04-01,18.9,0.5352
2013-04-02,19.9,0.5635
2013-04-03,19.9,0.5635
2013-04-04,19.6,0.555
2013-04-05,20.0,0.5663
2013-04-06,19.3,0.5465
2013-04-07,18.4,0.521
2013-04-08,17.6,0.4984
2013-04-09,16.5,0.4672
2013-04-10,15.9,0.4502
2013-04-11,14.2,0.4021
2013-04-12,14.1,0.3993
2013-04-13,14.4,0.4078
2013-04-14,13.5,0.3823
2013-04-15,13.1,0.371
2013-04-16,12.0,0.3398
2013-04-17,10.3,0.2917
2013-04-18,9.54,0.2701
2013-04-19,10.1,0.286
2013-04-20,10.9,0.3087
2013-04-21,11.1,0.3143
2013-04-22,10.7,0.303
2013-04-23,10.8,0.3058
2013-04-24,17.4,0.4927
2013-04-25,17.4,0.4927
2013-04-26,14.7,0.4163
2013-04-27,12.9,0.3653
2013-04-28,11.9,0.337
2013-04-29,12.7,0.3596
2013-04-30,14.8,0.4191
2013-05-01,13.4,0.3794
2013-05-02,11.2,0.3171
2013-05-03,9.47,0.2682
2013-05-04,8.46,0.2396
2013-05-05,9.16,0.2594
2013-05-06,10.5,0.2973
2013-05-07,10.0,0.2832
2013-05-08,9.96,0.282
2013-05-09,11.2,0.3171
2013-05-10,13.0,0.3681
2013-05-11,14.6,0.4134
2013-05-12,14.6,0.4134
2013-05-13,13.6,0.3851
2013-05-14,12.4,0.3511
2013-05-15,11.0,0.3115
2013-05-16,10.1,0.286
2013-05-17,10.1,0.286
2013-05-18,9.69,0.2744
2013-05-19,9.11,0.258
2013-05-20,8.84,0.2503
2013-05-21,8.47,0.2398
2013-05-22,8.05,0.228
2013-05-23,30.8,0.8722
2013-05-24,17.1,0.4842
2013-05-25,10.7,0.303
2013-05-26,11.2,0.3171
2013-05-27,10.3,0.2917
2013-05-28,9.77,0.2767
2013-05-29,9.04,0.256
2013-05-30,8.62,0.2441
2013-05-31,8.42,0.2384
2013-06-01,8.45,0.2393
2013-06-02,9.95,0.2818
2013-06-03,11.4,0.3228
2013-06-04,10.8,0.3058
2013-06-05,10.1,0.286
2013-06-06,9.14,0.2588
2013-06-07,8.25,0.2336
2013-06-08,7.63,0.2161
2013-06-09,7.24,0.205
2013-06-10,7.11,0.2013
2013-06-11,7.21,0.2042
2013-06-12,7.16,0.2027
2013-06-13,6.94,0.1965
2013-06-14,6.68,0.1892
2013-06-15,6.25,0.177
2013-06-16,7.43,0.2104
2013-06-17,6.35,0.1798
2013-06-18,5.46,0.1546
2013-06-19,6.29,0.1781
2013-06-20,18.0,0.5097
2013-06-21,46.3,1.3111
2013-06-22,52.6,1.4895
2013-06-23,34.6,0.9798
2013-06-24,36.8,1.0421
2013-06-25,41.2,1.1667
2013-06-26,31.8,0.9005
2013-06-27,24.4,0.6909
2013-06-28,19.5,0.5522
2013-06-29,16.6,0.4701
2013-06-30,14.8,0.4191
2013-07-01,13.8,0.3908
2013-07-02,17.4,0.4927
2013-07-03,16.5,0.4672
2013-07-04,14.7,0.4163
2013-07-05,13.5,0.3823
2013-07-06,14.6,0.4134
2013-07-07,16.9,0.4786
2013-07-08,16.4,0.4644
2013-07-09,15.3,0.4332
2013-07-10,14.5,0.4106
2013-07-11,13.9,0.3936
2013-07-12,13.4,0.3794
2013-07-13,13.0,0.3681
2013-07-14,12.7,0.3596
2013-07-15,13.8,0.3908
2013-07-16,14.0,0.3964
2013-07-17,41.2,1.1667
2013-07-18,62.5,1.7698
2013-07-19,123.0,3.483
2013-07-20,190.0,5.3802
2013-07-21,170.0,4.8139
2013-07-22,90.0,2.5485
2013-07-23,55.0,1.5574
2013-07-24,39.4,1.1157
2013-07-25,31.2,0.8835
2013-07-26,27.7,0.7844
2013-07-27,24.4,0.6909
2013-07-28,23.0,0.6513
2013-07-29,20.5,0.5805
2013-07-30,19.7,0.5578
2013-07-31,23.6,0.6683
2013-08-01,20.1,0.5692
2013-08-02,30.0,0.8495
2013-08-03,26.1,0.7391
2013-08-04,21.8,0.6173
2013-08-05,19.6,0.555
2013-08-06,18.3,0.5182
2013-08-07,17.0,0.4814
2013-08-08,16.0,0.4531
2013-08-09,15.7,0.4446
2013-08-10,16.6,0.4701
2013-08-11,17.4,0.4927
2013-08-12,15.1,0.4276
2013-08-13,13.0,0.3681
2013-08-14,11.6,0.3285
2013-08-15,10.7,0.303
2013-08-16,50.2,1.4215
2013-08-17,22.1,0.6258
2013-08-18,16.1,0.4559
2013-08-19,12.7,0.3596
2013-08-20,10.5,0.2973
2013-08-21,9.38,0.2656
2013-08-22,11.5,0.3256
2013-08-23,13.5,0.3823
2013-08-24,12.9,0.3653
2013-08-25,13.5,0.3823
2013-08-26,12.8,0.3625
2013-08-27,12.5,0.354
2013-08-28,12.4,0.3511
2013-08-29,12.5,0.354
2013-08-30,12.4,0.3511
2013-08-31,11.9,0.337
2013-09-01,11.8,0.3341
2013-09-02,11.8,0.3341
2013-09-03,11.7,0.3313
2013-09-04,12.8,0.3625
2013-09-05,13.6,0.3851
2013-09-06,13.3,0.3766
2013-09-07,12.4,0.3511
2013-09-08,11.5,0.3256
2013-09-09,10.6,0.3002
2013-09-10,9.89,0.2801
2013-09-11,9.63,0.2727
2013-09-12,9.73,0.2755
2013-09-13,5100.0,144.4157
2013-09-14,1560.0,44.1742
2013-09-15,250.0,7.0792
2013-09-16,200.0,5.6634
2013-09-17,180.0,5.097
2013-09-18,121.0,3.4263
2013-09-19,71.9,2.036
2013-09-20,51.8,1.4668
2013-09-21,42.6,1.2063
2013-09-22,35.1,0.9939
2013-09-23,199.0,5.635
2013-09-24,684.0,19.3687
2013-09-25,733.0,20.7562
2013-09-26,719.0,20.3598
2013-09-27,778.0,22.0305
2013-09-28,787.0,22.2853
2013-09-29,762.0,21.5774
2013-09-30,769.0,21.7756
2013-10-01,771.0,21.8323
2013-10-02,767.0,21.719
2013-10-03,690.0,19.5386
2013-10-04,587.0,16.622
2013-10-05,323.0,9.1463
2013-10-06,154.0,4.3608
2013-10-07,98.2,2.7807
2013-10-08,79.0,2.237
2013-10-09,75.7,2.1436
2013-10-10,72.0,2.0388
2013-10-11,66.0,1.8689
2013-10-12,59.5,1.6848
2013-10-13,53.2,1.5065
2013-10-14,52.9,1.498
2013-10-15,56.6,1.6027
2013-10-16,68.8,1.9482
2013-10-17,62.4,1.767
2013-10-18,55.2,1.5631
2013-10-19,51.7,1.464
2013-10-20,52.0,1.4725
2013-10-21,49.0,1.3875
2013-10-22,50.0,1.4158
2013-10-23,51.2,1.4498
2013-10-24,44.2,1.2516
2013-10-25,43.4,1.2289
2013-10-26,43.5,1.2318
2013-10-27,42.5,1.2035
2013-10-28,44.2,1.2516
2013-10-29,49.2,1.3932
2013-10-30,45.5,1.2884
2013-10-31,38.7,1.0959
2013-11-01,33.4,0.9458
2013-11-02,31.9,0.9033
2013-11-03,38.5,1.0902
2013-11-04,39.8,1.127
2013-11-05,40.0,1.1327
2013-11-06,40.7,1.1525
2013-11-07,40.7,1.1525
2013-11-08,39.3,1.1129
2013-11-09,38.2,1.0817
2013-11-10,38.3,1.0845
2013-11-11,39.1,1.1072
2013-11-12,39.8,1.127
2013-11-13,39.3,1.1129
2013-11-14,38.9,1.1015
2013-11-15,38.4,1.0874
2013-11-16,37.8,1.0704
2013-11-17,39.4,1.1157
2013-11-18,39.9,1.1298
2013-11-19,39.3,1.1129
2013-11-20,38.0,1.076
2013-11-21,38.1,1.0789
2013-11-22,38.2,1.0817
2013-11-23,41.0,1.161
2013-11-24,44.2,1.2516
2013-11-25,45.7,1.2941
2013-11-26,46.5,1.3167
2013-11-27,44.1,1.2488
2013-11-28,41.2,1.1667
2013-11-29,39.3,1.1129
2013-11-30,38.7,1.0959
2013-12-01,39.1,1.1072
2013-12-02,39.2,1.11
2013-12-03,39.2,1.11
2013-12-04,39.0,1.1044
2013-12-05,39.5,1.1185
2013-12-06,40.0,1.1327
2013-12-07,38.1,1.0789
2013-12-08,37.6,1.0647
2013-12-09,37.2,1.0534
2013-12-10,37.0,1.0477
2013-12-11,37.8,1.0704
2013-12-12,37.7,1.0675
2013-12-13,37.7,1.0675
2013-12-14,37.1,1.0506
2013-12-15,37.4,1.059
2013-12-16,37.9,1.0732
2013-12-17,36.5,1.0336
2013-12-18,36.2,1.0251
2013-12-19,36.7,1.0392
2013-12-20,38.4,1.0874
2013-12-21,41.8,1.1836
2013-12-22,43.9,1.2431
2013-12-23,49.4,1.3988
2013-12-24,43.7,1.2374
2013-12-25,36.5,1.0336
2013-12-26,35.4,1.0024
2013-12-27,35.5,1.0052
2013-12-28,35.1,0.9939
2013-12-29,34.7,0.9826
2013-12-30,35.2,0.9968
2013-12-31,35.1,0.9939
2014-01-01,35.3,0.9996
2014-01-02,34.5,0.9769
2014-01-03,34.4,0.9741
2014-01-04,34.5,0.9769
2014-01-05,41.0,1.161
2014-01-06,43.2,1.2233
2014-01-07,36.3,1.0279
2014-01-08,34.0,0.9628
2014-01-09,48.0,1.3592
2014-01-10,61.6,1.7443
2014-01-11,63.1,1.7868
2014-01-12,64.7,1.8321
2014-01-13,73.5,2.0813
2014-01-14,76.2,2.1577
2014-01-15,68.1,1.9284
2014-01-16,68.2,1.9312
2014-01-17,89.8,2.5428
2014-01-18,86.0,2.4352
2014-01-19,78.6,2.2257
2014-01-20,74.1,2.0983
2014-01-21,65.4,1.8519
2014-01-22,61.5,1.7415
2014-01-23,59.5,1.6848
2014-01-24,55.6,1.5744
2014-01-25,51.9,1.4696
2014-01-26,54.6,1.5461
2014-01-27,55.7,1.5772
2014-01-28,54.3,1.5376
2014-01-29,54.5,1.5433
2014-01-30,55.3,1.5659
2014-01-31,56.3,1.5942
2014-02-01,57.8,1.6367
2014-02-02,57.7,1.6339
2014-02-03,57.6,1.631
2014-02-04,59.2,1.6764
2014-02-05,58.3,1.6509
2014-02-06,55.9,1.5829
2014-02-07,53.9,1.5263
2014-02-08,53.7,1.5206
2014-02-09,54.6,1.5461
2014-02-10,55.7,1.5772
2014-02-11,55.2,1.5631
2014-02-12,54.3,1.5376
2014-02-13,54.6,1.5461
2014-02-14,54.2,1.5348
2014-02-15,50.5,1.43
2014-02-16,52.4,1.4838
2014-02-17,50.3,1.4243
2014-02-18,48.7,1.379
2014-02-19,47.4,1.3422
2014-02-20,46.2,1.3082
2014-02-21,45.1,1.2771
2014-02-22,43.6,1.2346
2014-02-23,42.6,1.2063
2014-02-24,43.5,1.2318
2014-02-25,45.4,1.2856
2014-02-26,45.5,1.2884
2014-02-27,45.8,1.2969
2014-02-28,43.1,1.2205
2014-03-01,44.1,1.2488
2014-03-02,47.1,1.3337
2014-03-03,46.9,1.3281
2014-03-04,45.5,1.2884
2014-03-05,44.5,1.2601
2014-03-06,43.2,1.2233
2014-03-07,43.8,1.2403
2014-03-08,43.5,1.2318
2014-03-09,41.2,1.1667
2014-03-10,37.3,1.0562
2014-03-11,37.6,1.0647
2014-03-12,39.7,1.1242
2014-03-13,42.2,1.195
2014-03-14,40.3,1.1412
2014-03-15,38.3,1.0845
2014-03-16,38.3,1.0845
2014-03-17,39.5,1.1185
2014-03-18,39.3,1.1129
2014-03-19,36.1,1.0222
2014-03-20,36.5,1.0336
2014-03-21,36.0,1.0194
2014-03-22,36.3,1.0279
2014-03-23,43.5,1.2318
2014-03-24,46.6,1.3196
2014-03-25,43.7,1.2374
2014-03-26,40.3,1.1412
2014-03-27,38.4,1.0874
2014-03-28,42.3,1.1978
2014-03-29,44.3,1.2544
2014-03-30,43.3,1.2261
2014-03-31,48.7,1.379
2014-04-01,50.4,1.4272
2014-04-02,52.8,1.4951
2014-04-03,45.9,1.2997
2014-04-04,38.9,1.1015
2014-04-05,47.9,1.3564
2014-04-06,44.5,1.2601
2014-04-07,44.7,1.2658
2014-04-08,42.1,1.1921
2014-04-09,46.8,1.3252
2014-04-10,38.3,1.0845
2014-04-11,34.6,0.9798
2014-04-12,33.5,0.9486
2014-04-13,34.0,0.9628
2014-04-14,41.4,1.1723
2014-04-15,57.0,1.6141
2014-04-16,48.3,1.3677
2014-04-17,37.8,1.0704
2014-04-18,40.8,1.1553
2014-04-19,42.8,1.212
2014-04-20,50.5,1.43
2014-04-21,70.5,1.9963
2014-04-22,82.4,2.3333
2014-04-23,67.0,1.8972
2014-04-24,53.8,1.5234
2014-04-25,35.6,1.0081
2014-04-26,23.0,0.6513
2014-04-27,18.8,0.5324
2014-04-28,19.1,0.5409
2014-04-29,14.8,0.4191
2014-04-30,11.9,0.337
2014-05-01,12.2,0.3455
2014-05-02,525.0,14.8663
2014-05-03,829.0,23.4746
2014-05-04,867.0,24.5507
2014-05-05,897.0,25.4002
2014-05-06,889.0,25.1736
2014-05-07,873.0,24.7206
2014-05-08,874.0,24.7489
2014-05-09,859.0,24.3241
2014-05-10,758.0,21.4641
2014-05-11,343.0,9.7127
2014-05-12,175.0,4.9554
2014-05-13,107.0,3.0299
2014-05-14,76.7,2.1719
2014-05-15,61.4,1.7387
2014-05-16,51.1,1.447
2014-05-17,47.5,1.345
2014-05-18,40.1,1.1355
2014-05-19,34.0,0.9628
2014-05-20,32.1,0.909
2014-05-21,38.2,1.0817
2014-05-22,36.5,1.0336
2014-05-23,35.6,1.0081
2014-05-24,35.7,1.0109
2014-05-25,44.4,1.2573
2014-05-26,86.1,2.4381
2014-05-27,80.1,2.2682
2014-05-28,65.5,1.8548
2014-05-29,50.2,1.4215
2014-05-30,39.4,1.1157
2014-05-31,35.9,1.0166
2014-06-01,35.4,1.0024
2014-06-02,44.2,1.2516
2014-06-03,37.7,1.0675
2014-06-04,32.6,0.9231
2014-06-05,36.5,1.0336
2014-06-06,33.0,0.9345
2014-06-07,30.9,0.875
2014-06-08,50.6,1.4328
2014-06-09,87.5,2.4777
2014-06-10,74.7,2.1153
2014-06-11,48.7,1.379
2014-06-12,38.2,1.0817
2014-06-13,33.1,0.9373
2014-06-14,31.7,0.8976
2014-06-15,27.2,0.7702
2014-06-16,34.9,0.9883
2014-06-17,49.0,1.3875
2014-06-18,39.5,1.1185
2014-06-19,33.6,0.9514
2014-06-20,35.9,1.0166
2014-06-21,35.2,0.9968
2014-06-22,33.2,0.9401
2014-06-23,35.7,1.0109
2014-06-24,32.0,0.9061
2014-06-25,27.3,0.773
2014-06-26,30.0,0.8495
2014-06-27,27.6,0.7815
2014-06-28,28.2,0.7985
2014-06-29,27.8,0.7872
2014-06-30,31.8,0.9005
2014-07-01,30.7,0.8693
2014-07-02,54.6,1.5461
2014-07-03,46.1,1.3054
2014-07-04,39.5,1.1185
2014-07-05,30.3,0.858
2014-07-06,27.1,0.7674
2014-07-07,24.0,0.6796
2014-07-08,25.0,0.7079
2014-07-09,34.1,0.9656
2014-07-10,37.0,1.0477
2014-07-11,42.6,1.2063
2014-07-12,42.0,1.1893
2014-07-13,41.5,1.1751
2014-07-14,37.7,1.0675
2014-07-15,35.4,1.0024
2014-07-16,38.4,1.0874
2014-07-17,39.9,1.1298
2014-07-18,39.1,1.1072
2014-07-19,40.4,1.144
2014-07-20,39.8,1.127
2014-07-21,31.9,0.9033
2014-07-22,30.0,0.8495
2014-07-23,33.0,0.9345
2014-07-24,27.5,0.7787
2014-07-25,25.1,0.7108
2014-07-26,26.0,0.7362
2014-07-27,25.9,0.7334
2014-07-28,24.9,0.7051
2014-07-29,23.5,0.6654
2014-07-30,24.7,0.6994
2014-07-31,23.8,0.6739
2014-08-01,20.7,0.5862
2014-08-02,42.2,1.195
2014-08-03,58.8,1.665
2014-08-04,51.2,1.4498
2014-08-05,107.0,3.0299
2014-08-06,354.0,10.0241
2014-08-07,153.0,4.3325
2014-08-08,81.7,2.3135
2014-08-09,51.8,1.4668
2014-08-10,41.9,1.1865
2014-08-11,33.6,0.9514
2014-08-12,46.3,1.3111
2014-08-13,43.4,1.2289
2014-08-14,33.5,0.9486
2014-08-15,29.7,0.841
2014-08-16,28.6,0.8099
2014-08-17,36.5,1.0336
2014-08-18,39.8,1.127
2014-08-19,31.4,0.8891
2014-08-20,28.7,0.8127
2014-08-21,30.1,0.8523
2014-08-22,33.7,0.9543
2014-08-23,44.9,1.2714
2014-08-24,47.8,1.3535
2014-08-25,40.9,1.1582
2014-08-26,35.2,0.9968
2014-08-27,36.0,1.0194
2014-08-28,44.6,1.2629
2014-08-29,42.2,1.195
2014-08-30,36.1,1.0222
2014-08-31,32.0,0.9061
2014-09-01,29.0,0.8212
2014-09-02,37.0,1.0477
2014-09-03,39.3,1.1129
2014-09-04,37.3,1.0562
2014-09-05,32.1,0.909
2014-09-06,46.8,1.3252
2014-09-07,94.2,2.6674
2014-09-08,96.9,2.7439
2014-09-09,91.2,2.5825
2014-09-10,70.3,1.9907
2014-09-11,52.2,1.4781
2014-09-12,389.0,11.0152
2014-09-13,415.0,11.7515
2014-09-14,203.0,5.7483
2014-09-15,123.0,3.483
2014-09-16,82.2,2.3276
2014-09-17,68.1,1.9284
2014-09-18,528.0,14.9513
2014-09-19,13500.0,382.2768
2014-09-20,7360.0,208.4116
2014-09-21,3800.0,107.6038
2014-09-22,10200.0,288.8314
2014-09-23,5990.0,169.6176
2014-09-24,1490.0,42.192
2014-09-25,1010.0,28.6
2014-09-26,385.0,10.902
2014-09-27,258.0,7.3057
2014-09-28,212.0,6.0032
2014-09-29,183.0,5.182
2014-09-30,155.0,4.3891
2014-10-01,142.0,4.021
2014-10-02,133.0,3.7661
2014-10-03,124.0,3.5113
2014-10-04,119.0,3.3697
2014-10-05,112.0,3.1715
2014-10-06,110.0,3.1148
2014-10-07,112.0,3.1715
2014-10-08,107.0,3.0299
2014-10-09,106.0,3.0016
2014-10-10,106.0,3.0016
2014-10-11,101.0,2.86
2014-10-12,93.0,2.6335
2014-10-13,88.6,2.5089
2014-10-14,88.6,2.5089
2014-10-15,86.8,2.4579
2014-10-16,89.5,2.5344
2014-10-17,92.9,2.6306
2014-10-18,93.3,2.642
2014-10-19,86.5,2.4494
2014-10-20,86.0,2.4352
2014-10-21,91.8,2.5995
2014-10-22,100.0,2.8317
2014-10-23,98.8,2.7977
2014-10-24,92.0,2.6051
2014-10-25,91.0,2.5768
2014-10-26,89.5,2.5344
2014-10-27,87.3,2.4721
2014-10-28,86.0,2.4352
2014-10-29,86.0,2.4352
2014-10-30,83.0,2.3503
2014-10-31,79.0,2.237
2014-11-01,76.0,2.1521
2014-11-02,87.0,2.4636
2014-11-03,97.0,2.7467
2014-11-04,108.0,3.0582
2014-11-05,119.0,3.3697
2014-11-06,121.0,3.4263
2014-11-07,106.0,3.0016
2014-11-08,99.7,2.8232
2014-11-09,97.7,2.7666
2014-11-10,98.4,2.7864
2014-11-11,96.4,2.7297
2014-11-12,95.6,2.7071
2014-11-13,92.2,2.6108
2014-11-14,91.8,2.5995
2014-11-15,92.5,2.6193
2014-11-16,95.0,2.6901
2014-11-17,98.2,2.7807
2014-11-18,99.9,2.8288
2014-11-19,98.8,2.7977
2014-11-20,95.9,2.7156
2014-11-21,96.5,2.7326
2014-11-22,86.8,2.4579
2014-11-23,92.3,2.6136
2014-11-24,87.5,2.4777
2014-11-25,83.7,2.3701
2014-11-26,77.9,2.2059
2014-11-27,76.8,2.1747
2014-11-28,78.6,2.2257
2014-11-29,80.6,2.2823
2014-11-30,81.6,2.3107
2014-12-01,81.7,2.3135
2014-12-02,80.6,2.2823
2014-12-03,79.7,2.2568
2014-12-04,79.7,2.2568
2014-12-05,82.3,2.3305
2014-12-06,72.7,2.0586
2014-12-07,78.8,2.2314
2014-12-08,79.7,2.2568
2014-12-09,80.8,2.288
2014-12-10,80.2,2.271
2014-12-11,80.2,2.271
2014-12-12,82.6,2.339
2014-12-13,84.3,2.3871
2014-12-14,80.0,2.2653
2014-12-15,77.4,2.1917
2014-12-16,78.2,2.2144
2014-12-17,77.7,2.2002
2014-12-18,94.7,2.6816
2014-12-19,81.3,2.3022
2014-12-20,78.6,2.2257
2014-12-21,78.4,2.22
2014-12-22,78.1,2.2115
2014-12-23,79.4,2.2484
2014-12-24,79.2,2.2427
2014-12-25,78.7,2.2285
2014-12-26,78.2,2.2144
2014-12-27,79.3,2.2455
2014-12-28,82.1,2.3248
2014-12-29,83.4,2.3616
2014-12-30,81.2,2.2993
2014-12-31,78.8,2.2314
2015-01-01,78.0,2.2087
2015-01-02,80.9,2.2908
2015-01-03,91.2,2.5825
2015-01-04,88.9,2.5174
2015-01-05,87.2,2.4692
2015-01-06,84.6,2.3956
2015-01-07,80.3,2.2738
2015-01-08,79.2,2.2427
2015-01-09,77.8,2.203
2015-01-10,77.3,2.1889
2015-01-11,78.1,2.2115
2015-01-12,77.7,2.2002
2015-01-13,78.9,2.2342
2015-01-14,79.2,2.2427
2015-01-15,79.1,2.2399
2015-01-16,79.1,2.2399
2015-01-17,78.3,2.2172
2015-01-18,77.2,2.1861
2015-01-19,76.9,2.1776
2015-01-20,77.1,2.1832
2015-01-21,76.7,2.1719
2015-01-22,79.3,2.2455
2015-01-23,81.4,2.305
2015-01-24,84.2,2.3843
2015-01-25,83.1,2.3531
2015-01-26,77.6,2.1974
2015-01-27,75.8,2.1464
2015-01-28,76.5,2.1662
2015-01-29,76.6,2.1691
2015-01-30,79.1,2.2399
2015-01-31,83.7,2.3701
2015-02-01,84.9,2.4041
2015-02-02,87.6,2.4806
2015-02-03,81.9,2.3191
2015-02-04,77.4,2.1917
2015-02-05,75.9,2.1492
2015-02-06,75.4,2.1351
2015-02-07,74.5,2.1096
2015-02-08,73.6,2.0841
2015-02-09,73.9,2.0926
2015-02-10,73.1,2.07
2015-02-11,73.6,2.0841
2015-02-12,74.0,2.0954
2015-02-13,73.7,2.0869
2015-02-14,73.1,2.07
2015-02-15,73.3,2.0756
2015-02-16,73.6,2.0841
2015-02-17,72.8,2.0615
2015-02-18,72.0,2.0388
2015-02-19,71.4,2.0218
2015-02-20,72.5,2.053
2015-02-21,72.3,2.0473
2015-02-22,73.7,2.0869
2015-02-23,72.4,2.0501
2015-02-24,74.1,2.0983
2015-02-25,76.9,2.1776
2015-02-26,74.6,2.1124
2015-02-27,74.5,2.1096
2015-02-28,74.4,2.1068
2015-03-01,73.8,2.0898
2015-03-02,74.8,2.1181
2015-03-03,76.7,2.1719
2015-03-04,78.8,2.2314
2015-03-05,79.0,2.237
2015-03-06,77.4,2.1917
2015-03-07,75.4,2.1351
2015-03-08,72.9,2.0643
2015-03-09,72.0,2.0388
2015-03-10,73.6,2.0841
2015-03-11,74.2,2.1011
2015-03-12,72.7,2.0586
2015-03-13,71.2,2.0162
2015-03-14,71.4,2.0218
2015-03-15,71.3,2.019
2015-03-16,70.5,1.9963
2015-03-17,71.9,2.036
2015-03-18,74.3,2.1039
2015-03-19,69.7,1.9737
2015-03-20,74.7,2.1153
2015-03-21,74.0,2.0954
2015-03-22,73.1,2.07
2015-03-23,72.5,2.053
2015-03-24,73.9,2.0926
2015-03-25,71.7,2.0303
2015-03-26,67.1,1.9001
2015-03-27,62.4,1.767
2015-03-28,59.9,1.6962
2015-03-29,68.0,1.9255
2015-03-30,77.2,2.1861
2015-03-31,70.7,2.002
2015-04-01,56.4,1.5971
2015-04-02,52.6,1.4895
2015-04-03,54.8,1.5518
2015-04-04,57.1,1.6169
2015-04-05,71.7,2.0303
2015-04-06,75.2,2.1294
2015-04-07,93.7,2.6533
2015-04-08,89.2,2.5259
2015-04-09,78.3,2.2172
2015-04-10,74.9,2.1209
2015-04-11,67.3,1.9057
2015-04-12,66.7,1.8887
2015-04-13,74.0,2.0954
2015-04-14,80.6,2.2823
2015-04-15,87.7,2.4834
2015-04-16,85.2,2.4126
2015-04-17,67.2,1.9029
2015-04-18,71.9,2.036
2015-04-19,67.1,1.9001
2015-04-20,66.5,1.8831
2015-04-21,62.5,1.7698
2015-04-22,70.8,2.0048
2015-04-23,73.9,2.0926
2015-04-24,76.0,2.1521
2015-04-25,68.4,1.9369
2015-04-26,58.6,1.6594
2015-04-27,56.5,1.5999
2015-04-28,78.8,2.2314
2015-04-29,93.3,2.642
2015-04-30,91.5,2.591
2015-05-01,95.3,2.6986
2015-05-02,88.7,2.5117
2015-05-03,78.6,2.2257
2015-05-04,67.8,1.9199
2015-05-05,83.3,2.3588
2015-05-06,120.0,3.398
2015-05-07,142.0,4.021
2015-05-08,95.3,2.6986
2015-05-09,71.1,2.0133
2015-05-10,76.2,2.1577
2015-05-11,67.8,1.9199
2015-05-12,67.8,1.9199
2015-05-13,103.0,2.9166
2015-05-14,117.0,3.3131
2015-05-15,126.0,3.5679
2015-05-16,102.0,2.8883
2015-05-17,84.6,2.3956
2015-05-18,77.7,2.2002
2015-05-19,71.8,2.0331
2015-05-20,66.4,1.8802
2015-05-21,71.7,2.0303
2015-05-22,76.5,2.1662
2015-05-23,84.7,2.3984
2015-05-24,91.0,2.5768
2015-05-25,87.7,2.4834
2015-05-26,74.5,2.1096
2015-05-27,68.4,1.9369
2015-05-28,65.8,1.8632
2015-05-29,72.2,2.0445
2015-05-30,88.8,2.5145
2015-05-31,82.1,2.3248
2015-06-01,67.2,1.9029
2015-06-02,60.8,1.7217
2015-06-03,55.1,1.5603
2015-06-04,55.9,1.5829
2015-06-05,58.3,1.6509
2015-06-06,60.2,1.7047
2015-06-07,61.5,1.7415
2015-06-08,51.5,1.4583
2015-06-09,57.9,1.6395
2015-06-10,67.9,1.9227
2015-06-11,66.5,1.8831
2015-06-12,59.0,1.6707
2015-06-13,62.9,1.7811
2015-06-14,75.7,2.1436
2015-06-15,74.6,2.1124
2015-06-16,79.2,2.2427
2015-06-17,74.7,2.1153
2015-06-18,70.5,1.9963
2015-06-19,72.8,2.0615
2015-06-20,64.4,1.8236
2015-06-21,71.0,2.0105
2015-06-22,79.2,2.2427
2015-06-23,88.7,2.5117
2015-06-24,67.3,1.9057
2015-06-25,62.8,1.7783
2015-06-26,65.2,1.8463
2015-06-27,71.6,2.0275
2015-06-28,68.7,1.9454
2015-06-29,56.3,1.5942
2015-06-30,67.1,1.9001
2015-07-01,73.4,2.0785
2015-07-02,96.9,2.7439
2015-07-03,86.5,2.4494
2015-07-04,69.1,1.9567
2015-07-05,70.5,1.9963
2015-07-06,63.9,1.8094
2015-07-07,61.9,1.7528
2015-07-08,68.9,1.951
2015-07-09,82.6,2.339
2015-07-10,81.5,2.3078
2015-07-11,75.1,2.1266
2015-07-12,77.0,2.1804
2015-07-13,73.7,2.0869
2015-07-14,85.4,2.4183
2015-07-15,82.0,2.322
2015-07-16,68.3,1.934
2015-07-17,63.4,1.7953
2015-07-18,60.0,1.699
2015-07-19,63.2,1.7896
2015-07-20,56.6,1.6027
2015-07-21,62.9,1.7811
2015-07-22,61.1,1.7302
2015-07-23,59.1,1.6735
2015-07-24,61.1,1.7302
2015-07-25,75.1,2.1266
2015-07-26,63.7,1.8038
2015-07-27,50.6,1.4328
2015-07-28,59.8,1.6933
2015-07-29,74.0,2.0954
2015-07-30,67.0,1.8972
2015-07-31,75.0,2.1238
2015-08-01,69.2,1.9595
2015-08-02,58.2,1.648
2015-08-03,54.5,1.5433
2015-08-04,79.7,2.2568
2015-08-05,86.4,2.4466
2015-08-06,62.6,1.7726
2015-08-07,251.0,7.1075
2015-08-08,406.0,11.4966
2015-08-09,424.0,12.0063
2015-08-10,434.0,12.2895
2015-08-11,454.0,12.8558
2015-08-12,462.0,13.0824
2015-08-13,464.0,13.139
2015-08-14,465.0,13.1673
2015-08-15,456.0,12.9125
2015-08-16,288.0,8.1552
2015-08-17,155.0,4.3891
2015-08-18,103.0,2.9166
2015-08-19,78.3,2.2172
2015-08-20,283.0,8.0137
2015-08-21,452.0,12.7992
2015-08-22,510.0,14.4416
2015-08-23,500.0,14.1584
2015-08-24,449.0,12.7142
2015-08-25,445.0,12.601
2015-08-26,429.0,12.1479
2015-08-27,428.0,12.1196
2015-08-28,417.0,11.8081
2015-08-29,388.0,10.9869
2015-08-30,371.0,10.5055
2015-08-31,372.0,10.5338
2015-09-01,392.0,11.1002
2015-09-02,431.0,12.2045
2015-09-03,424.0,12.0063
2015-09-04,425.0,12.0346
2015-09-05,424.0,12.0063
2015-09-06,423.0,11.978
2015-09-07,434.0,12.2895
2015-09-08,445.0,12.601
2015-09-09,459.0,12.9974
2015-09-10,476.0,13.4788
2015-09-11,481.0,13.6204
2015-09-12,474.0,13.4222
2015-09-13,460.0,13.0257
2015-09-14,478.0,13.5354
2015-09-15,492.0,13.9319
2015-09-16,465.0,13.1673
2015-09-17,451.0,12.7709
2015-09-18,446.0,12.6293
2015-09-19,445.0,12.601
2015-09-20,432.0,12.2329
2015-09-21,485.0,13.7336
2015-09-22,540.0,15.2911
2015-09-23,558.0,15.8008
2015-09-24,516.0,14.6115
2015-09-25,599.0,16.9618
2015-09-26,480.0,13.5921
2015-09-27,467.0,13.2239
2015-09-28,465.0,13.1673
2015-09-29,463.0,13.1107
2015-09-30,486.0,13.762
2015-10-01,481.0,13.6204
2015-10-02,475.0,13.4505
2015-10-03,434.0,12.2895
2015-10-04,356.0,10.0808
2015-10-05,311.0,8.8065
2015-10-06,232.0,6.5695
2015-10-07,178.0,5.0404
2015-10-08,187.0,5.2952
2015-10-09,182.0,5.1537
2015-10-10,219.0,6.2014
2015-10-11,161.0,4.559
2015-10-12,138.0,3.9077
2015-10-13,129.0,3.6529
2015-10-14,126.0,3.5679
2015-10-15,123.0,3.483
2015-10-16,119.0,3.3697
2015-10-17,114.0,3.2281
2015-10-18,131.0,3.7095
2015-10-19,133.0,3.7661
2015-10-20,125.0,3.5396
2015-10-21,167.0,4.7289
2015-10-22,344.0,9.741
2015-10-23,165.0,4.6723
2015-10-24,130.0,3.6812
2015-10-25,104.0,2.9449
2015-10-26,99.9,2.8288
2015-10-27,105.0,2.9733
2015-10-28,112.0,3.1715
2015-10-29,111.0,3.1432
2015-10-30,92.7,2.625
2015-10-31,89.6,2.5372
2015-11-01,107.0,3.0299
2015-11-02,110.0,3.1148
2015-11-03,107.0,3.0299
2015-11-04,105.0,2.9733
2015-11-05,99.1,2.8062
2015-11-06,95.6,2.7071
2015-11-07,97.6,2.7637
2015-11-08,91.1,2.5797
2015-11-09,96.0,2.7184
2015-11-10,93.0,2.6335
2015-11-11,95.6,2.7071
2015-11-12,93.2,2.6391
2015-11-13,89.9,2.5457
2015-11-14,93.2,2.6391
2015-11-15,97.0,2.7467
2015-11-16,96.5,2.7326
2015-11-17,89.9,2.5457
2015-11-18,87.0,2.4636
2015-11-19,82.4,2.3333
2015-11-20,83.0,2.3503
2015-11-21,84.6,2.3956
2015-11-22,88.8,2.5145
2015-11-23,84.5,2.3928
2015-11-24,85.1,2.4098
2015-11-25,88.4,2.5032
2015-11-26,84.7,2.3984
2015-11-27,89.3,2.5287
2015-11-28,95.8,2.7127
2015-11-29,93.0,2.6335
2015-11-30,87.0,2.4636
2015-12-01,86.6,2.4522
2015-12-02,85.2,2.4126
2015-12-03,82.7,2.3418
2015-12-04,80.7,2.2852
2015-12-05,80.8,2.288
2015-12-06,80.8,2.288
2015-12-07,80.8,2.288
2015-12-08,79.7,2.2568
2015-12-09,79.3,2.2455
2015-12-10,79.9,2.2625
2015-12-11,80.3,2.2738
2015-12-12,80.6,2.2823
2015-12-13,81.3,2.3022
2015-12-14,80.1,2.2682
2015-12-15,78.8,2.2314
2015-12-16,76.5,2.1662
2015-12-17,77.6,2.1974
2015-12-18,75.9,2.1492
2015-12-19,77.4,2.1917
2015-12-20,77.3,2.1889
2015-12-21,79.5,2.2512
2015-12-22,79.5,2.2512
2015-12-23,77.9,2.2059
2015-12-24,77.5,2.1946
2015-12-25,71.2,2.0162
2015-12-26,73.1,2.07
2015-12-27,95.3,2.6986
2015-12-28,111.0,3.1432
2015-12-29,107.0,3.0299
2015-12-30,89.6,2.5372
2015-12-31,86.6,2.4522
2016-01-01,84.9,2.4041
2016-01-02,85.5,2.4211
2016-01-03,84.6,2.3956
2016-01-04,82.9,2.3475
2016-01-05,82.0,2.322
2016-01-06,82.9,2.3475
2016-01-07,86.5,2.4494
2016-01-08,93.3,2.642
2016-01-09,91.8,2.5995
2016-01-10,81.0,2.2937
2016-01-11,159.0,4.5024
2016-01-12,343.0,9.7127
2016-01-13,359.0,10.1657
2016-01-14,368.0,10.4206
2016-01-15,363.0,10.279
2016-01-16,345.0,9.7693
2016-01-17,350.0,9.9109
2016-01-18,351.0,9.9392
2016-01-19,349.0,9.8826
2016-01-20,351.0,9.9392
2016-01-21,350.0,9.9109
2016-01-22,348.0,9.8542
2016-01-23,346.0,9.7976
2016-01-24,347.0,9.8259
2016-01-25,349.0,9.8826
2016-01-26,347.0,9.8259
2016-01-27,347.0,9.8259
2016-01-28,351.0,9.9392
2016-01-29,356.0,10.0808
2016-01-30,315.0,8.9198
2016-01-31,253.0,7.1642
2016-02-01,229.0,6.4845
2016-02-02,221.0,6.258
2016-02-03,215.0,6.0881
2016-02-04,211.0,5.9748
2016-02-05,217.0,6.1447
2016-02-06,220.0,6.2297
2016-02-07,216.0,6.1164
2016-02-08,200.0,5.6634
2016-02-09,200.0,5.6634
2016-02-10,201.0,5.6917
2016-02-11,202.0,5.72
2016-02-12,202.0,5.72
2016-02-13,196.0,5.5501
2016-02-14,198.0,5.6067
2016-02-15,198.0,5.6067
2016-02-16,202.0,5.72
2016-02-17,202.0,5.72
2016-02-18,203.0,5.7483
2016-02-19,193.0,5.4651
2016-02-20,151.0,4.2758
2016-02-21,119.0,3.3697
2016-02-22,102.0,2.8883
2016-02-23,94.4,2.6731
2016-02-24,92.0,2.6051
2016-02-25,90.0,2.5485
2016-02-26,87.2,2.4692
2016-02-27,86.1,2.4381
2016-02-28,84.9,2.4041
2016-02-29,85.5,2.4211
2016-03-01,85.0,2.4069
2016-03-02,84.5,2.3928
2016-03-03,82.5,2.3361
2016-03-04,83.3,2.3588
2016-03-05,81.6,2.3107
2016-03-06,81.7,2.3135
2016-03-07,83.2,2.356
2016-03-08,82.6,2.339
2016-03-09,82.7,2.3418
2016-03-10,80.9,2.2908
2016-03-11,80.7,2.2852
2016-03-12,80.2,2.271
2016-03-13,79.4,2.2484
2016-03-14,78.2,2.2144
2016-03-15,73.5,2.0813
2016-03-16,73.3,2.0756
2016-03-17,74.7,2.1153
2016-03-18,76.0,2.1521
2016-03-19,73.5,2.0813
2016-03-20,84.9,2.4041
2016-03-21,90.7,2.5683
2016-03-22,71.3,2.019
2016-03-23,64.3,1.8208
2016-03-24,63.2,1.7896
2016-03-25,68.9,1.951
2016-03-26,61.8,1.75
2016-03-27,57.3,1.6226
2016-03-28,57.2,1.6197
2016-03-29,66.8,1.8916
2016-03-30,68.5,1.9397
2016-03-31,68.9,1.951
2016-04-01,71.2,2.0162
2016-04-02,74.1,2.0983
2016-04-03,78.5,2.2229
2016-04-04,75.2,2.1294
2016-04-05,69.6,1.9708
2016-04-06,68.8,1.9482
2016-04-07,72.2,2.0445
2016-04-08,73.5,2.0813
2016-04-09,74.7,2.1153
2016-04-10,67.8,1.9199
2016-04-11,70.2,1.9878
2016-04-12,77.0,2.1804
2016-04-13,86.3,2.4437
2016-04-14,84.3,2.3871
2016-04-15,83.2,2.356
2016-04-16,76.0,2.1521
2016-04-17,82.0,2.322
2016-04-18,80.6,2.2823
2016-04-19,80.6,2.2823
2016-04-20,74.0,2.0954
2016-04-21,77.3,2.1889
2016-04-22,75.3,2.1323
2016-04-23,77.4,2.1917
2016-04-24,66.7,1.8887
2016-04-25,69.6,1.9708
2016-04-26,74.3,2.1039
2016-04-27,65.5,1.8548
2016-04-28,61.3,1.7358
2016-04-29,58.8,1.665
2016-04-30,62.5,1.7698
2016-05-01,65.8,1.8632
2016-05-02,65.5,1.8548
2016-05-03,69.9,1.9793
2016-05-04,66.3,1.8774
2016-05-05,68.0,1.9255
2016-05-06,75.0,2.1238
2016-05-07,68.2,1.9312
2016-05-08,57.1,1.6169
2016-05-09,53.0,1.5008
2016-05-10,56.2,1.5914
2016-05-11,58.0,1.6424
2016-05-12,57.2,1.6197
2016-05-13,67.7,1.917
2016-05-14,78.7,2.2285
2016-05-15,75.6,2.1408
2016-05-16,61.5,1.7415
2016-05-17,64.2,1.8179
2016-05-18,72.0,2.0388
2016-05-19,67.0,1.8972
2016-05-20,74.0,2.0954
2016-05-21,72.9,2.0643
2016-05-22,66.6,1.8859
2016-05-23,65.2,1.8463
2016-05-24,61.0,1.7273
2016-05-25,59.2,1.6764
2016-05-26,53.1,1.5036
2016-05-27,52.0,1.4725
2016-05-28,51.4,1.4555
2016-05-29,49.0,1.3875
2016-05-30,53.6,1.5178
2016-05-31,69.2,1.9595
2016-06-01,81.9,2.3191
2016-06-02,80.7,2.2852
2016-06-03,74.3,2.1039
2016-06-04,65.8,1.8632
2016-06-05,67.2,1.9029
2016-06-06,70.0,1.9822
2016-06-07,68.6,1.9425
2016-06-08,61.8,1.75
2016-06-09,52.7,1.4923
2016-06-10,53.6,1.5178
2016-06-11,52.1,1.4753
2016-06-12,54.7,1.5489
2016-06-13,57.1,1.6169
2016-06-14,55.8,1.5801
2016-06-15,49.6,1.4045
2016-06-16,53.2,1.5065
2016-06-17,58.2,1.648
2016-06-18,57.5,1.6282
2016-06-19,54.1,1.5319
2016-06-20,53.8,1.5234
2016-06-21,58.0,1.6424
2016-06-22,57.7,1.6339
2016-06-23,55.7,1.5772
2016-06-24,51.9,1.4696
2016-06-25,51.1,1.447
2016-06-26,51.4,1.4555
2016-06-27,80.7,2.2852
2016-06-28,92.1,2.608
2016-06-29,89.1,2.523
2016-06-30,79.3,2.2455
2016-07-01,77.8,2.203
2016-07-02,75.6,2.1408
2016-07-03,64.3,1.8208
2016-07-04,60.2,1.7047
2016-07-05,57.9,1.6395
2016-07-06,67.1,1.9001
2016-07-07,58.5,1.6565
2016-07-08,49.9,1.413
2016-07-09,53.8,1.5234
2016-07-10,63.9,1.8094
2016-07-11,66.3,1.8774
2016-07-12,58.5,1.6565
2016-07-13,54.1,1.5319
2016-07-14,50.4,1.4272
2016-07-15,46.6,1.3196
2016-07-16,49.2,1.3932
2016-07-17,50.6,1.4328
2016-07-18,59.6,1.6877
2016-07-19,62.3,1.7641
2016-07-20,58.3,1.6509
2016-07-21,63.3,1.7925
2016-07-22,58.6,1.6594
2016-07-23,53.7,1.5206
2016-07-24,63.0,1.784
2016-07-25,69.3,1.9624
2016-07-26,72.8,2.0615
2016-07-27,65.6,1.8576
2016-07-28,52.2,1.4781
2016-07-29,56.9,1.6112
2016-07-30,58.0,1.6424
2016-07-31,56.9,1.6112
2016-08-01,56.0,1.5857
2016-08-02,54.1,1.5319
2016-08-03,57.4,1.6254
2016-08-04,59.4,1.682
2016-08-05,61.9,1.7528
2016-08-06,61.3,1.7358
2016-08-07,64.8,1.8349
2016-08-08,72.7,2.0586
2016-08-09,76.9,2.1776
2016-08-10,66.8,1.8916
2016-08-11,63.0,1.784
2016-08-12,79.3,2.2455
2016-08-13,89.3,2.5287
2016-08-14,99.3,2.8119
2016-08-15,79.2,2.2427
2016-08-16,76.9,2.1776
2016-08-17,68.6,1.9425
2016-08-18,75.4,2.1351
2016-08-19,77.0,2.1804
2016-08-20,65.5,1.8548
2016-08-21,65.7,1.8604
2016-08-22,91.6,2.5938
2016-08-23,263.0,7.4473
2016-08-24,483.0,13.677
2016-08-25,314.0,8.8915
2016-08-26,208.0,5.8899
2016-08-27,131.0,3.7095
2016-08-28,101.0,2.86
2016-08-29,350.0,9.9109
2016-08-30,342.0,9.6843
2016-08-31,226.0,6.3996
2016-09-01,347.0,9.8259
2016-09-02,436.0,12.3461
2016-09-03,188.0,5.3236
2016-09-04,125.0,3.5396
2016-09-05,102.0,2.8883
2016-09-06,91.7,2.5967
2016-09-07,91.3,2.5853
2016-09-08,89.2,2.5259
2016-09-09,92.1,2.608
2016-09-10,87.5,2.4777
2016-09-11,82.5,2.3361
2016-09-12,77.8,2.203
2016-09-13,75.5,2.1379
2016-09-14,76.8,2.1747
2016-09-15,77.8,2.203
2016-09-16,79.8,2.2597
2016-09-17,87.9,2.489
2016-09-18,85.2,2.4126
2016-09-19,78.3,2.2172
2016-09-20,75.0,2.1238
2016-09-21,67.9,1.9227
2016-09-22,64.8,1.8349
2016-09-23,64.8,1.8349
2016-09-24,63.1,1.7868
2016-09-25,70.2,1.9878
2016-09-26,74.1,2.0983
2016-09-27,88.7,2.5117
2016-09-28,83.9,2.3758
2016-09-29,81.7,2.3135
2016-09-30,79.7,2.2568
2016-10-01,78.4,2.22
2016-10-02,71.8,2.0331
2016-10-03,71.4,2.0218
2016-10-04,80.7,2.2852
2016-10-05,84.0,2.3786
2016-10-06,82.8,2.3446
2016-10-07,91.2,2.5825
2016-10-08,90.9,2.574
2016-10-09,84.0,2.3786
2016-10-10,99.9,2.8288
2016-10-11,113.0,3.1998
2016-10-12,96.0,2.7184
2016-10-13,84.2,2.3843
2016-10-14,67.9,1.9227
2016-10-15,72.2,2.0445
2016-10-16,72.3,2.0473
2016-10-17,83.4,2.3616
2016-10-18,108.0,3.0582
2016-10-19,92.7,2.625
2016-10-20,73.9,2.0926
2016-10-21,76.1,2.1549
2016-10-22,69.9,1.9793
2016-10-23,67.5,1.9114
2016-10-24,79.0,2.237
2016-10-25,82.7,2.3418
2016-10-26,68.0,1.9255
2016-10-27,63.9,1.8094
2016-10-28,70.6,1.9992
2016-10-29,70.9,2.0077
2016-10-30,85.1,2.4098
2016-10-31,93.2,2.6391
2016-11-01,95.7,2.7099
2016-11-02,99.4,2.8147
2016-11-03,99.7,2.8232
2016-11-04,90.8,2.5712
2016-11-05,86.3,2.4437
2016-11-06,139.0,3.936
2016-11-07,113.0,3.1998
2016-11-08,96.4,2.7297
2016-11-09,90.0,2.5485
2016-11-10,85.3,2.4154
2016-11-11,78.9,2.2342
2016-11-12,77.6,2.1974
2016-11-13,77.1,2.1832
2016-11-14,75.5,2.1379
2016-11-15,77.3,2.1889
2016-11-16,84.0,2.3786
2016-11-17,85.1,2.4098
2016-11-18,84.2,2.3843
2016-11-19,83.4,2.3616
2016-11-20,82.5,2.3361
2016-11-21,82.7,2.3418
2016-11-22,85.5,2.4211
2016-11-23,83.9,2.3758
2016-11-24,84.0,2.3786
2016-11-25,83.8,2.3729
2016-11-26,85.7,2.4267
2016-11-27,85.1,2.4098
2016-11-28,85.1,2.4098
2016-11-29,85.8,2.4296
2016-11-30,85.6,2.4239
2016-12-01,81.3,2.3022
2016-12-02,84.7,2.3984
2016-12-03,95.3,2.6986
2016-12-04,101.0,2.86
2016-12-05,104.0,2.9449
2016-12-06,96.9,2.7439
2016-12-07,89.8,2.5428
2016-12-08,87.9,2.489
2016-12-09,86.0,2.4352
2016-12-10,84.5,2.3928
2016-12-11,83.7,2.3701
2016-12-12,84.6,2.3956
2016-12-13,85.6,2.4239
2016-12-14,80.9,2.2908
2016-12-15,80.4,2.2767
2016-12-16,81.0,2.2937
2016-12-17,80.4,2.2767
2016-12-18,78.8,2.2314
2016-12-19,79.3,2.2455
2016-12-20,75.8,2.1464
2016-12-21,77.7,2.2002
2016-12-22,75.4,2.1351
2016-12-23,80.6,2.2823
2016-12-24,82.3,2.3305
2016-12-25,83.3,2.3588
2016-12-26,82.6,2.339
2016-12-27,81.5,2.3078
2016-12-28,78.3,2.2172
2016-12-29,78.6,2.2257
2016-12-30,79.4,2.2484
2016-12-31,78.8,2.2314
2017-01-01,77.2,2.1861
2017-01-02,78.2,2.2144
2017-01-03,83.9,2.3758
2017-01-04,88.4,2.5032
2017-01-05,81.2,2.2993
2017-01-06,77.2,2.1861
2017-01-07,77.0,2.1804
2017-01-08,77.3,2.1889
2017-01-09,79.0,2.237
2017-01-10,80.9,2.2908
2017-01-11,81.9,2.3191
2017-01-12,81.0,2.2937
2017-01-13,79.0,2.237
2017-01-14,78.0,2.2087
2017-01-15,80.1,2.2682
2017-01-16,82.7,2.3418
2017-01-17,86.4,2.4466
2017-01-18,84.6,2.3956
2017-01-19,79.9,2.2625
2017-01-20,77.7,2.2002
2017-01-21,78.5,2.2229
2017-01-22,73.5,2.0813
2017-01-23,73.9,2.0926
2017-01-24,72.2,2.0445
2017-01-25,71.2,2.0162
2017-01-26,72.9,2.0643
2017-01-27,68.3,1.934
2017-01-28,67.7,1.917
2017-01-29,69.4,1.9652
2017-01-30,70.7,2.002
2017-01-31,71.0,2.0105
2017-02-01,70.8,2.0048
2017-02-02,69.7,1.9737
2017-02-03,66.8,1.8916
2017-02-04,64.3,1.8208
2017-02-05,65.2,1.8463
2017-02-06,68.8,1.9482
2017-02-07,68.9,1.951
2017-02-08,69.6,1.9708
2017-02-09,66.6,1.8859
2017-02-10,64.3,1.8208
2017-02-11,66.0,1.8689
2017-02-12,67.4,1.9086
2017-02-13,68.1,1.9284
2017-02-14,68.8,1.9482
2017-02-15,68.5,1.9397
2017-02-16,67.2,1.9029
2017-02-17,65.8,1.8632
2017-02-18,64.6,1.8293
2017-02-19,65.5,1.8548
2017-02-20,64.1,1.8151
2017-02-21,65.4,1.8519
2017-02-22,65.3,1.8491
2017-02-23,65.3,1.8491
2017-02-24,64.8,1.8349
2017-02-25,65.0,1.8406
2017-02-26,61.8,1.75
2017-02-27,59.0,1.6707
2017-02-28,58.0,1.6424
2017-03-01,58.2,1.648
2017-03-02,60.4,1.7103
2017-03-03,60.3,1.7075
2017-03-04,58.5,1.6565
2017-03-05,62.9,1.7811
2017-03-06,64.8,1.8349
2017-03-07,65.3,1.8491
2017-03-08,63.6,1.8009
2017-03-09,59.7,1.6905
2017-03-10,59.2,1.6764
2017-03-11,61.0,1.7273
2017-03-12,62.5,1.7698
2017-03-13,57.2,1.6197
2017-03-14,49.6,1.4045
2017-03-15,48.8,1.3819
2017-03-16,47.9,1.3564
2017-03-17,52.7,1.4923
2017-03-18,61.9,1.7528
2017-03-19,61.7,1.7471
2017-03-20,60.3,1.7075
2017-03-21,59.4,1.682
2017-03-22,62.6,1.7726
2017-03-23,53.4,1.5121
2017-03-24,55.7,1.5772
2017-03-25,63.3,1.7925
2017-03-26,65.7,1.8604
2017-03-27,52.2,1.4781
2017-03-28,61.1,1.7302
2017-03-29,62.8,1.7783
2017-03-30,67.8,1.9199
2017-03-31,66.8,1.8916
2017-04-01,76.9,2.1776
2017-04-02,62.4,1.767
2017-04-03,48.7,1.379
2017-04-04,50.5,1.43
2017-04-05,53.3,1.5093
2017-04-06,54.9,1.5546
2017-04-07,61.2,1.733
2017-04-08,61.9,1.7528
2017-04-09,72.9,2.0643
2017-04-10,67.7,1.917
2017-04-11,58.2,1.648
2017-04-12,56.2,1.5914
2017-04-13,57.5,1.6282
2017-04-14,79.3,2.2455
2017-04-15,81.5,2.3078
2017-04-16,69.9,1.9793
2017-04-17,63.8,1.8066
2017-04-18,60.1,1.7018
2017-04-19,56.4,1.5971
2017-04-20,51.8,1.4668
2017-04-21,45.6,1.2912
2017-04-22,40.4,1.144
2017-04-23,42.7,1.2091
2017-04-24,46.0,1.3026
2017-04-25,46.1,1.3054
2017-04-26,48.5,1.3734
2017-04-27,61.2,1.733
2017-04-28,57.5,1.6282
2017-04-29,60.3,1.7075
2017-04-30,79.5,2.2512
2017-05-01,85.2,2.4126
2017-05-02,88.0,2.4919
2017-05-03,75.9,2.1492
2017-05-04,59.7,1.6905
2017-05-05,59.6,1.6877
2017-05-06,58.6,1.6594
2017-05-07,60.1,1.7018
2017-05-08,58.7,1.6622
2017-05-09,69.8,1.9765
2017-05-10,69.3,1.9624
2017-05-11,62.6,1.7726
2017-05-12,61.1,1.7302
2017-05-13,56.0,1.5857
2017-05-14,47.9,1.3564
2017-05-15,44.8,1.2686
2017-05-16,55.3,1.5659
2017-05-17,48.4,1.3705
2017-05-18,42.2,1.195
2017-05-19,45.1,1.2771
2017-05-20,48.0,1.3592
2017-05-21,51.3,1.4527
2017-05-22,52.3,1.481
2017-05-23,57.0,1.6141
2017-05-24,77.1,2.1832
2017-05-25,99.0,2.8034
2017-05-26,62.0,1.7556
2017-05-27,49.0,1.3875
2017-05-28,52.5,1.4866
2017-05-29,60.8,1.7217
2017-05-30,66.0,1.8689
2017-05-31,76.5,2.1662
2017-06-01,102.0,2.8883
2017-06-02,72.8,2.0615
2017-06-03,76.2,2.1577
2017-06-04,70.8,2.0048
2017-06-05,73.9,2.0926
2017-06-06,67.3,1.9057
2017-06-07,60.8,1.7217
2017-06-08,59.8,1.6933
2017-06-09,50.0,1.4158
2017-06-10,66.6,1.8859
2017-06-11,61.6,1.7443
2017-06-12,50.5,1.43
2017-06-13,46.0,1.3026
2017-06-14,44.4,1.2573
2017-06-15,45.9,1.2997
2017-06-16,44.8,1.2686
2017-06-17,46.1,1.3054
2017-06-18,55.5,1.5716
2017-06-19,51.4,1.4555
2017-06-20,44.7,1.2658
2017-06-21,48.6,1.3762
2017-06-22,45.5,1.2884
2017-06-23,53.4,1.5121
2017-06-24,50.1,1.4187
2017-06-25,47.1,1.3337
2017-06-26,45.4,1.2856
2017-06-27,47.5,1.345
2017-06-28,59.8,1.6933
2017-06-29,58.9,1.6679
2017-06-30,51.3,1.4527
2017-07-01,43.1,1.2205
2017-07-02,45.2,1.2799
2017-07-03,46.0,1.3026
2017-07-04,44.8,1.2686
2017-07-05,46.0,1.3026
2017-07-06,45.1,1.2771
2017-07-07,43.3,1.2261
2017-07-08,46.6,1.3196
2017-07-09,46.3,1.3111
2017-07-10,46.3,1.3111
2017-07-11,45.6,1.2912
2017-07-12,49.3,1.396
2017-07-13,44.9,1.2714
2017-07-14,43.2,1.2233
2017-07-15,44.5,1.2601
2017-07-16,57.7,1.6339
2017-07-17,58.1,1.6452
2017-07-18,65.2,1.8463
2017-07-19,56.7,1.6056
2017-07-20,51.1,1.447
2017-07-21,55.3,1.5659
2017-07-22,69.7,1.9737
2017-07-23,70.3,1.9907
2017-07-24,65.0,1.8406
2017-07-25,70.1,1.985
2017-07-26,56.6,1.6027
2017-07-27,50.5,1.43
2017-07-28,69.8,1.9765
2017-07-29,82.7,2.3418
2017-07-30,65.7,1.8604
2017-07-31,56.8,1.6084
2017-08-01,79.1,2.2399
2017-08-02,94.7,2.6816
2017-08-03,94.8,2.6844
2017-08-04,77.1,2.1832
2017-08-05,58.7,1.6622
2017-08-06,67.3,1.9057
2017-08-07,62.5,1.7698
2017-08-08,80.4,2.2767
2017-08-09,60.6,1.716
2017-08-10,58.1,1.6452
2017-08-11,67.0,1.8972
2017-08-12,72.3,2.0473
2017-08-13,87.0,2.4636
2017-08-14,97.2,2.7524
2017-08-15,81.3,2.3022
2017-08-16,64.0,1.8123
2017-08-17,57.6,1.631
2017-08-18,54.8,1.5518
2017-08-19,53.6,1.5178
2017-08-20,55.3,1.5659
2017-08-21,66.0,1.8689
2017-08-22,83.1,2.3531
2017-08-23,103.0,2.9166
2017-08-24,67.9,1.9227
2017-08-25,61.6,1.7443
2017-08-26,67.8,1.9199
2017-08-27,99.4,2.8147
2017-08-28,94.3,2.6703
2017-08-29,67.1,1.9001
2017-08-30,56.1,1.5886
2017-08-31,53.9,1.5263
2017-09-01,54.4,1.5404
2017-09-02,64.6,1.8293
2017-09-03,58.2,1.648
2017-09-04,60.7,1.7188
2017-09-05,55.5,1.5716
2017-09-06,49.0,1.3875
2017-09-07,45.0,1.2743
2017-09-08,46.4,1.3139
2017-09-09,40.3,1.1412
2017-09-10,46.2,1.3082
2017-09-11,52.6,1.4895
2017-09-12,50.1,1.4187
2017-09-13,42.7,1.2091
2017-09-14,40.8,1.1553
2017-09-15,50.0,1.4158
2017-09-16,50.1,1.4187
2017-09-17,49.9,1.413
2017-09-18,51.9,1.4696
2017-09-19,76.5,2.1662
2017-09-20,65.0,1.8406
2017-09-21,56.4,1.5971
2017-09-22,51.5,1.4583
2017-09-23,86.7,2.4551
2017-09-24,164.0,4.644
2017-09-25,162.0,4.5873
2017-09-26,114.0,3.2281
2017-09-27,143.0,4.0493
2017-09-28,148.0,4.1909
2017-09-29,105.0,2.9733
2017-09-30,89.8,2.5428
2017-10-01,86.8,2.4579
2017-10-02,82.9,2.3475
2017-10-03,73.2,2.0728
2017-10-04,72.2,2.0445
2017-10-05,69.7,1.9737
2017-10-06,66.1,1.8717
2017-10-07,65.5,1.8548
2017-10-08,62.5,1.7698
2017-10-09,62.7,1.7755
2017-10-10,61.6,1.7443
2017-10-11,58.7,1.6622
2017-10-12,56.6,1.6027
2017-10-13,58.7,1.6622
2017-10-14,59.3,1.6792
2017-10-15,61.8,1.75
2017-10-16,59.9,1.6962
2017-10-17,53.6,1.5178
2017-10-18,49.4,1.3988
2017-10-19,54.6,1.5461
2017-10-20,62.5,1.7698
2017-10-21,63.4,1.7953
2017-10-22,71.9,2.036
2017-10-23,66.4,1.8802
2017-10-24,59.3,1.6792
2017-10-25,56.5,1.5999
2017-10-26,60.9,1.7245
2017-10-27,62.7,1.7755
2017-10-28,61.8,1.75
2017-10-29,67.2,1.9029
2017-10-30,84.2,2.3843
2017-10-31,76.1,2.1549
2017-11-01,64.6,1.8293
2017-11-02,78.3,2.2172
2017-11-03,88.0,2.4919
2017-11-04,91.4,2.5882
2017-11-05,73.1,2.07
2017-11-06,61.3,1.7358
2017-11-07,62.0,1.7556
2017-11-08,62.4,1.767
2017-11-09,68.7,1.9454
2017-11-10,73.4,2.0785
2017-11-11,74.1,2.0983
2017-11-12,71.0,2.0105
2017-11-13,71.1,2.0133
2017-11-14,72.2,2.0445
2017-11-15,70.4,1.9935
2017-11-16,71.6,2.0275
2017-11-17,70.7,2.002
2017-11-18,69.5,1.968
2017-11-19,69.2,1.9595
2017-11-20,67.5,1.9114
2017-11-21,67.1,1.9001
2017-11-22,66.5,1.8831
2017-11-23,63.8,1.8066
2017-11-24,62.4,1.767
2017-11-25,67.0,1.8972
2017-11-26,68.9,1.951
2017-11-27,67.6,1.9142
2017-11-28,66.4,1.8802
2017-11-29,66.1,1.8717
2017-11-30,65.5,1.8548
2017-12-01,62.6,1.7726
2017-12-02,63.7,1.8038
2017-12-03,59.9,1.6962
2017-12-04,62.4,1.767
2017-12-05,65.8,1.8632
2017-12-06,66.1,1.8717
2017-12-07,66.7,1.8887
2017-12-08,67.3,1.9057
2017-12-09,68.1,1.9284
2017-12-10,67.3,1.9057
2017-12-11,67.1,1.9001
2017-12-12,66.7,1.8887
2017-12-13,66.8,1.8916
2017-12-14,65.5,1.8548
2017-12-15,60.1,1.7018
2017-12-16,60.7,1.7188
2017-12-17,63.8,1.8066
2017-12-18,67.6,1.9142
2017-12-19,68.5,1.9397
2017-12-20,67.9,1.9227
2017-12-21,68.1,1.9284
2017-12-22,62.0,1.7556
2017-12-23,56.6,1.6027
2017-12-24,59.0,1.6707
2017-12-25,56.6,1.6027
2017-12-26,62.3,1.7641
2017-12-27,66.0,1.8689
2017-12-28,67.2,1.9029
2017-12-29,66.8,1.8916
2017-12-30,66.0,1.8689
2017-12-31,61.7,1.7471
2018-01-01,63.2,1.7896
2018-01-02,59.2,1.6764
2018-01-03,61.9,1.7528
2018-01-04,65.2,1.8463
2018-01-05,64.2,1.8179
2018-01-06,64.4,1.8236
2018-01-07,64.8,1.8349
2018-01-08,65.4,1.8519
2018-01-09,65.2,1.8463
2018-01-10,59.8,1.6933
2018-01-11,60.0,1.699
2018-01-12,67.2,1.9029
2018-01-13,69.0,1.9539
2018-01-14,63.3,1.7925
2018-01-15,61.8,1.75
2018-01-16,60.6,1.716
2018-01-17,57.9,1.6395
2018-01-18,60.0,1.699
2018-01-19,62.6,1.7726
2018-01-20,64.4,1.8236
2018-01-21,65.4,1.8519
2018-01-22,63.5,1.7981
2018-01-23,60.9,1.7245
2018-01-24,58.8,1.665
2018-01-25,57.7,1.6339
2018-01-26,58.4,1.6537
2018-01-27,60.2,1.7047
2018-01-28,62.7,1.7755
2018-01-29,64.0,1.8123
2018-01-30,62.7,1.7755
2018-01-31,61.5,1.7415
2018-02-01,61.7,1.7471
2018-02-02,59.6,1.6877
2018-02-03,53.7,1.5206
2018-02-04,54.8,1.5518
2018-02-05,51.5,1.4583
2018-02-06,52.7,1.4923
2018-02-07,54.1,1.5319
2018-02-08,59.4,1.682
2018-02-09,56.9,1.6112
2018-02-10,56.1,1.5886
2018-02-11,55.3,1.5659
2018-02-12,52.5,1.4866
2018-02-13,48.9,1.3847
2018-02-14,49.4,1.3988
2018-02-15,49.6,1.4045
2018-02-16,53.5,1.5149
2018-02-17,55.4,1.5688
2018-02-18,55.7,1.5772
2018-02-19,57.9,1.6395
2018-02-20,56.1,1.5886
2018-02-21,52.2,1.4781
2018-02-22,49.1,1.3904
2018-02-23,46.9,1.3281
2018-02-24,46.1,1.3054
2018-02-25,43.9,1.2431
2018-02-26,45.2,1.2799
2018-02-27,48.5,1.3734
2018-02-28,46.0,1.3026
2018-03-01,42.6,1.2063
2018-03-02,39.9,1.1298
2018-03-03,43.5,1.2318
2018-03-04,41.7,1.1808
2018-03-05,41.3,1.1695
2018-03-06,40.4,1.144
2018-03-07,39.1,1.1072
2018-03-08,39.6,1.1213
2018-03-09,39.1,1.1072
2018-03-10,45.2,1.2799
2018-03-11,44.7,1.2658
2018-03-12,42.9,1.2148
2018-03-13,44.0,1.2459
2018-03-14,45.3,1.2828
2018-03-15,44.7,1.2658
2018-03-16,44.9,1.2714
2018-03-17,44.5,1.2601
2018-03-18,38.9,1.1015
2018-03-19,34.1,0.9656
2018-03-20,34.7,0.9826
2018-03-21,39.1,1.1072
2018-03-22,39.1,1.1072
2018-03-23,48.5,1.3734
2018-03-24,40.2,1.1383
2018-03-25,29.2,0.8269
2018-03-26,32.9,0.9316
2018-03-27,41.1,1.1638
2018-03-28,37.4,1.059
2018-03-29,33.6,0.9514
2018-03-30,32.4,0.9175
2018-03-31,35.7,1.0109
2018-04-01,52.5,1.4866
2018-04-02,50.5,1.43
2018-04-03,45.8,1.2969
2018-04-04,53.9,1.5263
2018-04-05,49.5,1.4017
2018-04-06,39.8,1.127
2018-04-07,47.0,1.3309
2018-04-08,54.4,1.5404
2018-04-09,54.9,1.5546
2018-04-10,64.2,1.8179
2018-04-11,63.9,1.8094
2018-04-12,62.8,1.7783
2018-04-13,52.4,1.4838
2018-04-14,49.9,1.413
2018-04-15,53.4,1.5121
2018-04-16,51.9,1.4696
2018-04-17,46.9,1.3281
2018-04-18,48.6,1.3762
2018-04-19,44.3,1.2544
2018-04-20,40.8,1.1553
2018-04-21,41.5,1.1751
2018-04-22,48.6,1.3762
2018-04-23,53.7,1.5206
2018-04-24,55.7,1.5772
2018-04-25,50.4,1.4272
2018-04-26,45.7,1.2941
2018-04-27,44.8,1.2686
2018-04-28,48.4,1.3705
2018-04-29,53.4,1.5121
2018-04-30,44.6,1.2629
2018-05-01,43.1,1.2205
2018-05-02,42.4,1.2006
2018-05-03,51.4,1.4555
2018-05-04,45.0,1.2743
2018-05-05,41.4,1.1723
2018-05-06,38.6,1.093
2018-05-07,36.6,1.0364
2018-05-08,33.8,0.9571
2018-05-09,28.2,0.7985
2018-05-10,24.8,0.7023
2018-05-11,24.2,0.6853
2018-05-12,30.1,0.8523
2018-05-13,31.6,0.8948
2018-05-14,34.5,0.9769
2018-05-15,36.9,1.0449
2018-05-16,38.7,1.0959
2018-05-17,40.1,1.1355
2018-05-18,30.0,0.8495
2018-05-19,28.3,0.8014
2018-05-20,24.8,0.7023
2018-05-21,22.0,0.623
2018-05-22,29.2,0.8269
2018-05-23,36.7,1.0392
2018-05-24,38.2,1.0817
2018-05-25,41.7,1.1808
2018-05-26,53.5,1.5149
2018-05-27,59.8,1.6933
2018-05-28,48.9,1.3847
2018-05-29,42.4,1.2006
2018-05-30,40.0,1.1327
2018-05-31,34.7,0.9826
2018-06-01,28.3,0.8014
2018-06-02,26.1,0.7391
2018-06-03,32.1,0.909
2018-06-04,33.9,0.9599
2018-06-05,60.9,1.7245
2018-06-06,55.1,1.5603
2018-06-07,51.7,1.464
2018-06-08,54.5,1.5433
2018-06-09,46.5,1.3167
2018-06-10,35.7,1.0109
2018-06-11,31.8,0.9005
2018-06-12,27.3,0.773
2018-06-13,30.7,0.8693
2018-06-14,27.5,0.7787
2018-06-15,25.1,0.7108
2018-06-16,28.8,0.8155
2018-06-17,34.6,0.9798
2018-06-18,44.4,1.2573
2018-06-19,47.9,1.3564
2018-06-20,44.6,1.2629
2018-06-21,39.2,1.11
2018-06-22,39.8,1.127
2018-06-23,48.6,1.3762
2018-06-24,44.6,1.2629
2018-06-25,42.2,1.195
2018-06-26,45.0,1.2743
2018-06-27,44.0,1.2459
2018-06-28,39.1,1.1072
2018-06-29,35.3,0.9996
2018-06-30,31.7,0.8976
2018-07-01,35.5,1.0052
2018-07-02,42.3,1.1978
2018-07-03,65.1,1.8434
2018-07-04,67.7,1.917
2018-07-05,67.0,1.8972
2018-07-06,68.3,1.934
2018-07-07,55.0,1.5574
2018-07-08,52.0,1.4725
2018-07-09,59.8,1.6933
2018-07-10,57.9,1.6395
2018-07-11,50.8,1.4385
2018-07-12,39.5,1.1185
2018-07-13,36.2,1.0251
2018-07-14,33.4,0.9458
2018-07-15,52.4,1.4838
2018-07-16,81.3,2.3022
2018-07-17,56.5,1.5999
2018-07-18,59.7,1.6905
2018-07-19,50.0,1.4158
2018-07-20,46.6,1.3196
2018-07-21,43.4,1.2289
2018-07-22,39.2,1.11
2018-07-23,37.1,1.0506
2018-07-24,36.2,1.0251
2018-07-25,34.2,0.9684
2018-07-26,29.5,0.8353
2018-07-27,35.4,1.0024
2018-07-28,41.2,1.1667
2018-07-29,46.1,1.3054
2018-07-30,51.9,1.4696
2018-07-31,79.5,2.2512
2018-08-01,94.7,2.6816
2018-08-02,89.1,2.523
2018-08-03,72.4,2.0501
2018-08-04,61.0,1.7273
2018-08-05,41.5,1.1751
2018-08-06,39.9,1.1298
2018-08-07,37.4,1.059
2018-08-08,37.3,1.0562
2018-08-09,41.6,1.178
2018-08-10,101.0,2.86
2018-08-11,62.5,1.7698
2018-08-12,55.4,1.5688
2018-08-13,54.6,1.5461
2018-08-14,50.7,1.4357
2018-08-15,46.4,1.3139
2018-08-16,41.1,1.1638
2018-08-17,45.7,1.2941
2018-08-18,50.4,1.4272
2018-08-19,51.1,1.447
2018-08-20,49.9,1.413
2018-08-21,59.8,1.6933
2018-08-22,71.0,2.0105
2018-08-23,56.3,1.5942
2018-08-24,54.7,1.5489
2018-08-25,50.5,1.43
2018-08-26,46.1,1.3054
2018-08-27,49.2,1.3932
2018-08-28,51.1,1.447
2018-08-29,52.8,1.4951
2018-08-30,62.1,1.7585
2018-08-31,57.2,1.6197
2018-09-01,44.9,1.2714
2018-09-02,51.9,1.4696
2018-09-03,60.5,1.7132
2018-09-04,235.0,6.6544
2018-09-05,79.1,2.2399
2018-09-06,187.0,5.2952
2018-09-07,141.0,3.9927
2018-09-08,166.0,4.7006
2018-09-09,152.0,4.3042
2018-09-10,78.9,2.2342
2018-09-11,60.1,1.7018
2018-09-12,60.5,1.7132
2018-09-13,55.7,1.5772
2018-09-14,47.9,1.3564
2018-09-15,45.7,1.2941
2018-09-16,47.4,1.3422
2018-09-17,52.7,1.4923
2018-09-18,52.4,1.4838
2018-09-19,47.8,1.3535
2018-09-20,44.6,1.2629
2018-09-21,45.1,1.2771
2018-09-22,48.3,1.3677
2018-09-23,53.4,1.5121
2018-09-24,55.8,1.5801
2018-09-25,58.2,1.648
2018-09-26,50.0,1.4158
2018-09-27,52.3,1.481
2018-09-28,56.5,1.5999
2018-09-29,69.6,1.9708
2018-09-30,65.7,1.8604
2018-10-01,53.9,1.5263
2018-10-02,67.4,1.9086
2018-10-03,72.9,2.0643
2018-10-04,57.4,1.6254
2018-10-05,49.9,1.413
2018-10-06,46.0,1.3026
2018-10-07,336.0,9.5144
2018-10-08,213.0,6.0315
2018-10-09,109.0,3.0865
2018-10-10,74.9,2.1209
2018-10-11,67.0,1.8972
2018-10-12,64.7,1.8321
2018-10-13,93.7,2.6533
2018-10-14,82.6,2.339
2018-10-15,74.0,2.0954
2018-10-16,65.4,1.8519
2018-10-17,61.2,1.733
2018-10-18,67.0,1.8972
2018-10-19,72.2,2.0445
2018-10-20,78.7,2.2285
2018-10-21,82.6,2.339
2018-10-22,74.1,2.0983
2018-10-23,71.6,2.0275
2018-10-24,217.0,6.1447
2018-10-25,188.0,5.3236
2018-10-26,180.0,5.097
2018-10-27,111.0,3.1432
2018-10-28,84.1,2.3814
2018-10-29,77.2,2.1861
2018-10-30,73.4,2.0785
2018-10-31,74.8,2.1181
2018-11-01,77.3,2.1889
2018-11-02,73.7,2.0869
2018-11-03,74.6,2.1124
2018-11-04,71.0,2.0105
2018-11-05,69.5,1.968
2018-11-06,70.2,1.9878
2018-11-07,99.2,2.809
2018-11-08,116.0,3.2847
2018-11-09,111.0,3.1432
2018-11-10,101.0,2.86
2018-11-11,101.0,2.86
2018-11-12,99.8,2.826
2018-11-13,104.0,2.9449
2018-11-14,111.0,3.1432
2018-11-15,113.0,3.1998
2018-11-16,86.9,2.4607
2018-11-17,70.7,2.002
2018-11-18,67.1,1.9001
2018-11-19,66.6,1.8859
2018-11-20,64.6,1.8293
2018-11-21,65.6,1.8576
2018-11-22,65.7,1.8604
2018-11-23,69.3,1.9624
2018-11-24,70.4,1.9935
2018-11-25,69.3,1.9624
2018-11-26,63.0,1.784
2018-11-27,58.0,1.6424
2018-11-28,61.7,1.7471
2018-11-29,63.3,1.7925
2018-11-30,60.3,1.7075
2018-12-01,61.9,1.7528
2018-12-02,62.6,1.7726
2018-12-03,60.7,1.7188
2018-12-04,57.0,1.6141
2018-12-05,60.7,1.7188
2018-12-06,58.8,1.665
2018-12-07,60.9,1.7245
2018-12-08,66.1,1.8717
2018-12-09,73.4,2.0785
2018-12-10,75.4,2.1351
2018-12-11,73.0,2.0671
2018-12-12,68.1,1.9284
2018-12-13,69.9,1.9793
2018-12-14,71.7,2.0303
2018-12-15,70.9,2.0077
2018-12-16,67.3,1.9057
2018-12-17,65.7,1.8604
2018-12-18,67.4,1.9086
2018-12-19,68.3,1.934
2018-12-20,68.1,1.9284
2018-12-21,66.4,1.8802
2018-12-22,64.2,1.8179
2018-12-23,62.4,1.767
2018-12-24,56.0,1.5857
2018-12-25,54.6,1.5461
2018-12-26,63.8,1.8066
2018-12-27,67.5,1.9114
2018-12-28,67.1,1.9001
2018-12-29,67.3,1.9057
2018-12-30,62.7,1.7755
2018-12-31,62.5,1.7698
2019-01-01,62.5,1.7698
2019-01-02,62.2,1.7613
2019-01-03,59.6,1.6877
2019-01-04,62.5,1.7698
2019-01-05,64.8,1.8349
2019-01-06,65.8,1.8632
2019-01-07,65.4,1.8519
2019-01-08,65.1,1.8434
2019-01-09,64.7,1.8321
2019-01-10,63.4,1.7953
2019-01-11,63.5,1.7981
2019-01-12,64.0,1.8123
2019-01-13,63.9,1.8094
2019-01-14,61.9,1.7528
2019-01-15,61.0,1.7273
2019-01-16,61.8,1.75
2019-01-17,56.9,1.6112
2019-01-18,54.6,1.5461
2019-01-19,48.8,1.3819
2019-01-20,57.2,1.6197
2019-01-21,59.6,1.6877
2019-01-22,57.7,1.6339
2019-01-23,56.1,1.5886
2019-01-24,54.5,1.5433
2019-01-25,49.9,1.413
2019-01-26,53.8,1.5234
2019-01-27,58.5,1.6565
2019-01-28,62.2,1.7613
2019-01-29,58.1,1.6452
2019-01-30,51.7,1.464
2019-01-31,53.9,1.5263
2019-02-01,59.8,1.6933
2019-02-02,62.1,1.7585
2019-02-03,60.2,1.7047
2019-02-04,53.6,1.5178
2019-02-05,51.5,1.4583
2019-02-06,51.2,1.4498
2019-02-07,50.6,1.4328
2019-02-08,52.9,1.498
2019-02-09,51.3,1.4527
2019-02-10,48.4,1.3705
2019-02-11,42.0,1.1893
2019-02-12,41.9,1.1865
2019-02-13,54.6,1.5461
2019-02-14,56.2,1.5914
2019-02-15,54.2,1.5348
2019-02-16,49.7,1.4073
2019-02-17,48.1,1.362
2019-02-18,47.0,1.3309
2019-02-19,50.7,1.4357
2019-02-20,48.2,1.3649
2019-02-21,46.8,1.3252
2019-02-22,52.6,1.4895
2019-02-23,56.0,1.5857
2019-02-24,49.5,1.4017
2019-02-25,47.4,1.3422
2019-02-26,49.0,1.3875
2019-02-27,48.3,1.3677
2019-02-28,41.8,1.1836
2019-03-01,45.8,1.2969
2019-03-02,50.4,1.4272
2019-03-03,49.8,1.4102
2019-03-04,48.5,1.3734
2019-03-05,40.8,1.1553
2019-03-06,39.0,1.1044
2019-03-07,43.4,1.2289
2019-03-08,50.1,1.4187
2019-03-09,49.8,1.4102
2019-03-10,42.8,1.212
2019-03-11,50.4,1.4272
2019-03-12,69.5,1.968
2019-03-13,72.9,2.0643
2019-03-14,58.0,1.6424
2019-03-15,80.3,2.2738
2019-03-16,60.3,1.7075
2019-03-17,41.0,1.161
2019-03-18,34.9,0.9883
2019-03-19,41.7,1.1808
2019-03-20,45.8,1.2969
2019-03-21,42.7,1.2091
2019-03-22,34.7,0.9826
2019-03-23,35.3,0.9996
2019-03-24,40.7,1.1525
2019-03-25,45.0,1.2743
2019-03-26,37.5,1.0619
2019-03-27,30.7,0.8693
2019-03-28,39.2,1.11
2019-03-29,43.1,1.2205
2019-03-30,42.0,1.1893
2019-03-31,36.6,1.0364
2019-04-01,31.2,0.8835
2019-04-02,26.1,0.7391
2019-04-03,37.5,1.0619
2019-04-04,46.6,1.3196
2019-04-05,46.0,1.3026
2019-04-06,39.2,1.11
2019-04-07,36.0,1.0194
2019-04-08,39.5,1.1185
2019-04-09,40.6,1.1497
2019-04-10,41.8,1.1836
2019-04-11,48.3,1.3677
2019-04-12,54.2,1.5348
2019-04-13,49.4,1.3988
2019-04-14,51.6,1.4611
2019-04-15,58.2,1.648
2019-04-16,78.7,2.2285
2019-04-17,69.7,1.9737
2019-04-18,56.9,1.6112
2019-04-19,58.9,1.6679
2019-04-20,56.7,1.6056
2019-04-21,60.7,1.7188
2019-04-22,71.2,2.0162
2019-04-23,240.0,6.796
2019-04-24,178.0,5.0404
2019-04-25,126.0,3.5679
2019-04-26,103.0,2.9166
2019-04-27,82.6,2.339
2019-04-28,73.1,2.07
2019-04-29,72.9,2.0643
2019-04-30,80.8,2.288
2019-05-01,82.2,2.3276
2019-05-02,78.0,2.2087
2019-05-03,72.5,2.053
2019-05-04,64.9,1.8378
2019-05-05,61.2,1.733
2019-05-06,59.3,1.6792
2019-05-07,57.2,1.6197
2019-05-08,51.7,1.464
2019-05-09,70.0,1.9822
2019-05-10,59.9,1.6962
2019-05-11,65.0,1.8406
2019-05-12,75.9,2.1492
2019-05-13,69.2,1.9595
2019-05-14,54.4,1.5404
2019-05-15,50.6,1.4328
2019-05-16,48.2,1.3649
2019-05-17,47.4,1.3422
2019-05-18,41.0,1.161
2019-05-19,44.5,1.2601
2019-05-20,46.9,1.3281
2019-05-21,46.1,1.3054
2019-05-22,44.2,1.2516
2019-05-23,51.4,1.4555
2019-05-24,44.1,1.2488
2019-05-25,41.2,1.1667
2019-05-26,43.4,1.2289
2019-05-27,44.4,1.2573
2019-05-28,39.7,1.1242
2019-05-29,43.5,1.2318
2019-05-30,39.0,1.1044
2019-05-31,35.2,0.9968
2019-06-01,44.7,1.2658
2019-06-02,851.0,24.0976
2019-06-03,282.0,7.9853
2019-06-04,149.0,4.2192
2019-06-05,122.0,3.4546
2019-06-06,92.1,2.608
2019-06-07,94.2,2.6674
2019-06-08,86.1,2.4381
2019-06-09,68.3,1.934
2019-06-10,61.4,1.7387
2019-06-11,58.1,1.6452
2019-06-12,54.0,1.5291
2019-06-13,57.6,1.631
2019-06-14,54.0,1.5291
2019-06-15,51.7,1.464
2019-06-16,56.3,1.5942
2019-06-17,67.2,1.9029
2019-06-18,65.5,1.8548
2019-06-19,46.3,1.3111
2019-06-20,44.9,1.2714
2019-06-21,43.2,1.2233
2019-06-22,37.9,1.0732
2019-06-23,30.5,0.8637
2019-06-24,28.6,0.8099
2019-06-25,27.1,0.7674
2019-06-26,48.8,1.3819
2019-06-27,58.9,1.6679
2019-06-28,55.7,1.5772
2019-06-29,47.4,1.3422
2019-06-30,54.9,1.5546
2019-07-01,60.0,1.699
2019-07-02,52.5,1.4866
2019-07-03,41.9,1.1865
2019-07-04,33.6,0.9514
2019-07-05,38.4,1.0874
2019-07-06,74.5,2.1096
2019-07-07,81.9,2.3191
2019-07-08,84.0,2.3786
2019-07-09,81.0,2.2937
2019-07-10,64.1,1.8151
2019-07-11,58.3,1.6509
2019-07-12,62.2,1.7613
2019-07-13,65.2,1.8463
2019-07-14,73.6,2.0841
2019-07-15,79.9,2.2625
2019-07-16,72.1,2.0416
2019-07-17,57.6,1.631
2019-07-18,52.7,1.4923
2019-07-19,49.5,1.4017
2019-07-20,46.1,1.3054
2019-07-21,41.8,1.1836
2019-07-22,81.5,2.3078
2019-07-23,110.0,3.1148
2019-07-24,173.0,4.8988
2019-07-25,146.0,4.1343
2019-07-26,94.1,2.6646
2019-07-27,67.3,1.9057
2019-07-28,54.1,1.5319
2019-07-29,56.9,1.6112
2019-07-30,51.2,1.4498
2019-07-31,48.3,1.3677
2019-08-01,46.3,1.3111
2019-08-02,55.1,1.5603
2019-08-03,56.2,1.5914
2019-08-04,48.9,1.3847
2019-08-05,64.5,1.8264
2019-08-06,84.2,2.3843
2019-08-07,57.1,1.6169
2019-08-08,48.5,1.3734
2019-08-09,48.1,1.362
2019-08-10,48.2,1.3649
2019-08-11,53.1,1.5036
2019-08-12,53.3,1.5093
2019-08-13,51.3,1.4527
2019-08-14,54.2,1.5348
2019-08-15,51.8,1.4668
2019-08-16,48.5,1.3734
2019-08-17,56.5,1.5999
2019-08-18,53.0,1.5008
2019-08-19,55.3,1.5659
2019-08-20,63.2,1.7896
2019-08-21,56.5,1.5999
2019-08-22,54.4,1.5404
2019-08-23,42.7,1.2091
2019-08-24,47.4,1.3422
2019-08-25,53.6,1.5178
2019-08-26,55.5,1.5716
2019-08-27,56.7,1.6056
2019-08-28,51.8,1.4668
2019-08-29,56.7,1.6056
2019-08-30,57.9,1.6395
2019-08-31,56.3,1.5942
2019-09-01,56.1,1.5886
2019-09-02,55.9,1.5829
2019-09-03,54.4,1.5404
2019-09-04,57.4,1.6254
2019-09-05,52.9,1.498
2019-09-06,53.9,1.5263
2019-09-07,54.4,1.5404
2019-09-08,48.9,1.3847
2019-09-09,48.4,1.3705
2019-09-10,41.4,1.1723
2019-09-11,42.2,1.195
2019-09-12,70.5,1.9963
2019-09-13,84.3,2.3871
2019-09-14,64.0,1.8123
2019-09-15,53.5,1.5149
2019-09-16,47.5,1.345
2019-09-17,44.6,1.2629
2019-09-18,49.1,1.3904
2019-09-19,47.8,1.3535
2019-09-20,51.9,1.4696
2019-09-21,57.2,1.6197
2019-09-22,62.9,1.7811
2019-09-23,102.0,2.8883
2019-09-24,107.0,3.0299
2019-09-25,85.5,2.4211
2019-09-26,68.0,1.9255
2019-09-27,59.4,1.682
2019-09-28,75.7,2.1436
2019-09-29,70.6,1.9992
2019-09-30,62.9,1.7811
2019-10-01,113.0,3.1998
2019-10-02,166.0,4.7006
2019-10-03,162.0,4.5873
2019-10-04,103.0,2.9166
2019-10-05,80.0,2.2653
2019-10-06,71.7,2.0303
2019-10-07,68.4,1.9369
2019-10-08,66.3,1.8774
2019-10-09,64.4,1.8236
2019-10-10,61.8,1.75
2019-10-11,56.7,1.6056
2019-10-12,54.0,1.5291
2019-10-13,57.6,1.631
2019-10-14,54.5,1.5433
2019-10-15,54.3,1.5376
2019-10-16,57.5,1.6282
2019-10-17,55.5,1.5716
2019-10-18,54.3,1.5376
2019-10-19,55.0,1.5574
2019-10-20,57.6,1.631
2019-10-21,56.7,1.6056
2019-10-22,67.8,1.9199
2019-10-23,64.7,1.8321
2019-10-24,62.8,1.7783
2019-10-25,68.3,1.934
2019-10-26,68.1,1.9284
2019-10-27,80.2,2.271
2019-10-28,90.6,2.5655
2019-10-29,89.0,2.5202
2019-10-30,70.6,1.9992
2019-10-31,56.9,1.6112
2019-11-01,79.9,2.2625
2019-11-02,98.2,2.7807
2019-11-03,101.0,2.86
2019-11-04,92.8,2.6278
2019-11-05,71.7,2.0303
2019-11-06,58.7,1.6622
2019-11-07,63.0,1.784
2019-11-08,65.9,1.8661
2019-11-09,62.8,1.7783
2019-11-10,65.0,1.8406
2019-11-11,62.7,1.7755
2019-11-12,61.4,1.7387
2019-11-13,58.8,1.665
2019-11-14,57.5,1.6282
2019-11-15,57.7,1.6339
2019-11-16,59.2,1.6764
2019-11-17,60.5,1.7132
2019-11-18,59.8,1.6933
2019-11-19,58.9,1.6679
2019-11-20,59.1,1.6735
2019-11-21,60.1,1.7018
2019-11-22,61.4,1.7387
2019-11-23,63.0,1.784
2019-11-24,65.1,1.8434
2019-11-25,62.5,1.7698
2019-11-26,61.2,1.733
2019-11-27,59.5,1.6848
2019-11-28,66.1,1.8717
2019-11-29,64.8,1.8349
2019-11-30,70.5,1.9963
2019-12-01,66.5,1.8831
2019-12-02,64.0,1.8123
2019-12-03,61.3,1.7358
2019-12-04,62.4,1.767
2019-12-05,64.9,1.8378
2019-12-06,64.5,1.8264
2019-12-07,63.4,1.7953
2019-12-08,61.5,1.7415
2019-12-09,61.1,1.7302
2019-12-10,62.4,1.767
2019-12-11,61.4,1.7387
2019-12-12,64.1,1.8151
2019-12-13,63.6,1.8009
2019-12-14,62.7,1.7755
2019-12-15,63.2,1.7896
2019-12-16,58.3,1.6509
2019-12-17,50.0,1.4158
2019-12-18,54.4,1.5404
2019-12-19,55.0,1.5574
2019-12-20,50.6,1.4328
2019-12-21,57.0,1.6141
2019-12-22,59.1,1.6735
2019-12-23,60.2,1.7047
2019-12-24,61.4,1.7387
2019-12-25,63.2,1.7896
2019-12-26,63.4,1.7953
2019-12-27,63.7,1.8038
2019-12-28,63.3,1.7925
2019-12-29,60.3,1.7075
2019-12-30,56.5,1.5999
2019-12-31,54.3,1.5376
2020-01-01,50.4,1.4272
2020-01-02,52.2,1.4781
2020-01-03,56.0,1.5857
2020-01-04,63.5,1.7981
2020-01-05,84.9,2.4041
2020-01-06,94.8,2.6844
2020-01-07,89.4,2.5315
2020-01-08,79.3,2.2455
2020-01-09,101.0,2.86
2020-01-10,123.0,3.483
2020-01-11,118.0,3.3414
2020-01-12,101.0,2.86
2020-01-13,88.5,2.506
2020-01-14,83.8,2.3729
2020-01-15,83.2,2.356
2020-01-16,78.0,2.2087
2020-01-17,70.8,2.0048
2020-01-18,74.6,2.1124
2020-01-19,80.9,2.2908
2020-01-20,75.1,2.1266
2020-01-21,68.8,1.9482
2020-01-22,72.8,2.0615
2020-01-23,78.3,2.2172
2020-01-24,73.2,2.0728
2020-01-25,70.6,1.9992
2020-01-26,78.0,2.2087
2020-01-27,79.6,2.254
2020-01-28,79.2,2.2427
2020-01-29,76.3,2.1606
2020-01-30,63.5,1.7981
2020-01-31,59.9,1.6962
2020-02-01,69.3,1.9624
2020-02-02,69.5,1.968
2020-02-03,61.0,1.7273
2020-02-04,61.5,1.7415
2020-02-05,73.6,2.0841
2020-02-06,79.4,2.2484
2020-02-07,74.5,2.1096
2020-02-08,70.7,2.002
2020-02-09,67.5,1.9114
2020-02-10,59.8,1.6933
2020-02-11,59.6,1.6877
2020-02-12,60.9,1.7245
2020-02-13,64.3,1.8208
2020-02-14,71.0,2.0105
2020-02-15,70.7,2.002
2020-02-16,70.8,2.0048
2020-02-17,73.1,2.07
2020-02-18,68.1,1.9284
2020-02-19,65.2,1.8463
2020-02-20,61.9,1.7528
2020-02-21,62.3,1.7641
2020-02-22,59.7,1.6905
2020-02-23,62.4,1.767
2020-02-24,66.6,1.8859
2020-02-25,67.1,1.9001
2020-02-26,59.3,1.6792
2020-02-27,50.7,1.4357
2020-02-28,49.0,1.3875
2020-02-29,58.6,1.6594
2020-03-01,54.1,1.5319
2020-03-02,58.6,1.6594
2020-03-03,51.6,1.4611
2020-03-04,67.0,1.8972
2020-03-05,85.3,2.4154
2020-03-06,96.4,2.7297
2020-03-07,80.1,2.2682
2020-03-08,64.7,1.8321
2020-03-09,63.8,1.8066
2020-03-10,64.6,1.8293
2020-03-11,63.3,1.7925
2020-03-12,64.1,1.8151
2020-03-13,67.3,1.9057
2020-03-14,90.4,2.5598
2020-03-15,72.6,2.0558
2020-03-16,68.7,1.9454
2020-03-17,68.7,1.9454
2020-03-18,72.8,2.0615
2020-03-19,70.0,1.9822
2020-03-20,67.6,1.9142
2020-03-21,63.9,1.8094
2020-03-22,68.7,1.9454
2020-03-23,85.6,2.4239
2020-03-24,80.6,2.2823
2020-03-25,70.8,2.0048
2020-03-26,59.5,1.6848
2020-03-27,53.2,1.5065
2020-03-28,47.2,1.3366
2020-03-29,40.7,1.1525
2020-03-30,45.9,1.2997
2020-03-31,44.5,1.2601
2020-04-01,42.5,1.2035
2020-04-02,44.6,1.2629
2020-04-03,49.1,1.3904
2020-04-04,47.0,1.3309
2020-04-05,47.5,1.345
2020-04-06,50.1,1.4187
2020-04-07,57.3,1.6226
2020-04-08,65.1,1.8434
2020-04-09,58.7,1.6622
2020-04-10,43.0,1.2176
2020-04-11,41.1,1.1638
2020-04-12,47.7,1.3507
2020-04-13,45.6,1.2912
2020-04-14,47.6,1.3479
2020-04-15,40.1,1.1355
2020-04-16,35.2,0.9968
2020-04-17,45.2,1.2799
2020-04-18,50.6,1.4328
2020-04-19,39.4,1.1157
2020-04-20,26.9,0.7617
2020-04-21,33.2,0.9401
2020-04-22,39.0,1.1044
2020-04-23,65.1,1.8434
2020-04-24,56.2,1.5914
2020-04-25,55.0,1.5574
2020-04-26,53.8,1.5234
2020-04-27,45.4,1.2856
2020-04-28,47.3,1.3394
2020-04-29,43.8,1.2403
2020-04-30,41.5,1.1751
2020-05-01,39.1,1.1072
2020-05-02,44.8,1.2686
2020-05-03,60.2,1.7047
2020-05-04,73.4,2.0785
2020-05-05,54.5,1.5433
2020-05-06,48.5,1.3734
2020-05-07,40.4,1.144
2020-05-08,54.6,1.5461
2020-05-09,57.2,1.6197
2020-05-10,55.9,1.5829
2020-05-11,58.8,1.665
2020-05-12,59.2,1.6764
2020-05-13,52.9,1.498
2020-05-14,40.7,1.1525
2020-05-15,42.5,1.2035
2020-05-16,45.4,1.2856
2020-05-17,47.0,1.3309
2020-05-18,39.8,1.127
2020-05-19,38.1,1.0789
2020-05-20,37.8,1.0704
2020-05-21,35.6,1.0081
2020-05-22,38.7,1.0959
2020-05-23,45.0,1.2743
2020-05-24,50.3,1.4243
2020-05-25,52.5,1.4866
2020-05-26,47.2,1.3366
2020-05-27,44.4,1.2573
2020-05-28,43.9,1.2431
2020-05-29,43.7,1.2374
2020-05-30,45.2,1.2799
2020-05-31,43.1,1.2205
2020-06-01,40.0,1.1327
2020-06-02,37.6,1.0647
2020-06-03,38.2,1.0817
2020-06-04,38.4,1.0874
2020-06-05,36.4,1.0307
2020-06-06,37.8,1.0704
2020-06-07,35.1,0.9939
2020-06-08,38.4,1.0874
2020-06-09,41.8,1.1836
2020-06-10,38.8,1.0987
2020-06-11,36.2,1.0251
2020-06-12,31.6,0.8948
2020-06-13,31.2,0.8835
2020-06-14,33.8,0.9571
2020-06-15,42.5,1.2035
2020-06-16,43.8,1.2403
2020-06-17,39.6,1.1213
2020-06-18,43.2,1.2233
2020-06-19,51.0,1.4442
2020-06-20,43.3,1.2261
2020-06-21,38.6,1.093
2020-06-22,46.7,1.3224
2020-06-23,62.5,1.7698
2020-06-24,68.4,1.9369
2020-06-25,59.6,1.6877
2020-06-26,66.4,1.8802
2020-06-27,65.6,1.8576
2020-06-28,50.3,1.4243
2020-06-29,48.3,1.3677
2020-06-30,44.5,1.2601
2020-07-01,40.6,1.1497
2020-07-02,43.1,1.2205
2020-07-03,37.7,1.0675
2020-07-04,36.9,1.0449
2020-07-05,37.6,1.0647
2020-07-06,43.7,1.2374
2020-07-07,42.9,1.2148
2020-07-08,50.4,1.4272
2020-07-09,41.5,1.1751
2020-07-10,31.9,0.9033
2020-07-11,30.3,0.858
2020-07-12,30.8,0.8722
2020-07-13,29.9,0.8467
2020-07-14,28.8,0.8155
2020-07-15,29.3,0.8297
2020-07-16,30.6,0.8665
2020-07-17,32.7,0.926
2020-07-18,32.7,0.926
2020-07-19,32.5,0.9203
2020-07-20,33.4,0.9458
2020-07-21,36.3,1.0279
2020-07-22,46.2,1.3082
2020-07-23,47.2,1.3366
2020-07-24,41.8,1.1836
2020-07-25,43.8,1.2403
2020-07-26,42.5,1.2035
2020-07-27,40.6,1.1497
2020-07-28,38.2,1.0817
2020-07-29,35.6,1.0081
2020-07-30,33.5,0.9486
2020-07-31,37.0,1.0477
2020-08-01,44.0,1.2459
2020-08-02,46.1,1.3054
2020-08-03,54.7,1.5489
2020-08-04,50.1,1.4187
2020-08-05,45.7,1.2941
2020-08-06,44.7,1.2658
2020-08-07,42.6,1.2063
2020-08-08,47.5,1.345
2020-08-09,52.9,1.498
2020-08-10,51.2,1.4498
2020-08-11,44.3,1.2544
2020-08-12,41.1,1.1638
2020-08-13,36.7,1.0392
2020-08-14,36.6,1.0364
2020-08-15,41.6,1.178
2020-08-16,55.6,1.5744
2020-08-17,50.6,1.4328
2020-08-18,46.3,1.3111
2020-08-19,47.5,1.345
2020-08-20,53.8,1.5234
2020-08-21,46.8,1.3252
2020-08-22,48.7,1.379
2020-08-23,52.3,1.481
2020-08-24,42.7,1.2091
2020-08-25,32.2,0.9118
2020-08-26,30.1,0.8523
2020-08-27,32.4,0.9175
2020-08-28,32.9,0.9316
2020-08-29,32.4,0.9175
2020-08-30,32.1,0.909
2020-08-31,32.2,0.9118
2020-09-01,37.2,1.0534
2020-09-02,35.4,1.0024
2020-09-03,32.7,0.926
2020-09-04,29.3,0.8297
2020-09-05,35.4,1.0024
2020-09-06,32.3,0.9146
2020-09-07,29.3,0.8297
2020-09-08,35.7,1.0109
2020-09-09,101.0,2.86
2020-09-10,84.4,2.3899
2020-09-11,61.0,1.7273
2020-09-12,57.5,1.6282
2020-09-13,52.3,1.481
2020-09-14,57.0,1.6141
2020-09-15,61.7,1.7471
2020-09-16,59.5,1.6848
2020-09-17,51.1,1.447
2020-09-18,45.2,1.2799
2020-09-19,49.2,1.3932
2020-09-20,49.7,1.4073
2020-09-21,43.0,1.2176
2020-09-22,39.2,1.11
2020-09-23,37.1,1.0506
2020-09-24,34.4,0.9741
2020-09-25,32.3,0.9146
2020-09-26,32.1,0.909
2020-09-27,36.0,1.0194
2020-09-28,33.6,0.9514
2020-09-29,34.8,0.9854
2020-09-30,39.5,1.1185
2020-10-01,36.2,1.0251
2020-10-02,33.2,0.9401
2020-10-03,37.6,1.0647
2020-10-04,35.3,0.9996
2020-10-05,39.3,1.1129
2020-10-06,43.0,1.2176
2020-10-07,39.3,1.1129
2020-10-08,35.2,0.9968
2020-10-09,36.7,1.0392
2020-10-10,37.0,1.0477
2020-10-11,36.2,1.0251
2020-10-12,37.3,1.0562
2020-10-13,34.9,0.9883
2020-10-14,37.0,1.0477
2020-10-15,37.8,1.0704
2020-10-16,43.4,1.2289
2020-10-17,42.5,1.2035
2020-10-18,39.1,1.1072
2020-10-19,36.7,1.0392
2020-10-20,36.6,1.0364
2020-10-21,39.7,1.1242
2020-10-22,39.3,1.1129
2020-10-23,36.3,1.0279
2020-10-24,33.5,0.9486
2020-10-25,33.4,0.9458
2020-10-26,34.1,0.9656
2020-10-27,33.4,0.9458
2020-10-28,44.9,1.2714
2020-10-29,67.4,1.9086
2020-10-30,57.7,1.6339
2020-10-31,53.4,1.5121
2020-11-01,56.9,1.6112
2020-11-02,51.3,1.4527
2020-11-03,61.4,1.7387
2020-11-04,56.5,1.5999
2020-11-05,49.6,1.4045
2020-11-06,47.1,1.3337
2020-11-07,47.3,1.3394
2020-11-08,47.0,1.3309
2020-11-09,47.0,1.3309
2020-11-10,47.5,1.345
2020-11-11,47.9,1.3564
2020-11-12,47.1,1.3337
2020-11-13,47.2,1.3366
2020-11-14,47.4,1.3422
2020-11-15,47.2,1.3366
2020-11-16,47.1,1.3337
2020-11-17,46.6,1.3196
2020-11-18,46.4,1.3139
2020-11-19,46.7,1.3224
2020-11-20,47.0,1.3309
2020-11-21,46.9,1.3281
2020-11-22,47.1,1.3337
2020-11-23,49.3,1.396
2020-11-24,51.0,1.4442
2020-11-25,49.1,1.3904
2020-11-26,50.8,1.4385
2020-11-27,50.7,1.4357
2020-11-28,47.0,1.3309
2020-11-29,48.5,1.3734
2020-11-30,49.8,1.4102
2020-12-01,50.2,1.4215
2020-12-02,50.3,1.4243
2020-12-03,50.0,1.4158
2020-12-04,50.3,1.4243
2020-12-05,50.1,1.4187
2020-12-06,49.9,1.413
2020-12-07,48.7,1.379
2020-12-08,48.4,1.3705
2020-12-09,48.7,1.379
2020-12-10,48.7,1.379
2020-12-11,47.3,1.3394
2020-12-12,43.4,1.2289
2020-12-13,41.4,1.1723
2020-12-14,41.1,1.1638
2020-12-15,45.6,1.2912
2020-12-16,42.7,1.2091
2020-12-17,36.3,1.0279
2020-12-18,37.4,1.059
2020-12-19,38.9,1.1015
2020-12-20,39.3,1.1129
2020-12-21,38.1,1.0789
2020-12-22,42.5,1.2035
2020-12-23,45.3,1.2828
2020-12-24,44.8,1.2686
2020-12-25,42.0,1.1893
2020-12-26,44.0,1.2459
2020-12-27,48.5,1.3734
2020-12-28,49.6,1.4045
2020-12-29,48.3,1.3677
2020-12-30,46.3,1.3111
2020-12-31,44.8,1.2686
2021-01-01,43.9,1.2431
2021-01-02,42.7,1.2091
2021-01-03,49.1,1.3904
2021-01-04,56.3,1.5942
2021-01-05,56.8,1.6084
2021-01-06,53.3,1.5093
2021-01-07,48.4,1.3705
2021-01-08,46.1,1.3054
2021-01-09,46.2,1.3082
2021-01-10,48.3,1.3677
2021-01-11,49.6,1.4045
2021-01-12,52.0,1.4725
2021-01-13,51.0,1.4442
2021-01-14,48.0,1.3592
2021-01-15,45.8,1.2969
2021-01-16,45.0,1.2743
2021-01-17,44.3,1.2544
2021-01-18,44.5,1.2601
2021-01-19,42.9,1.2148
2021-01-20,44.7,1.2658
2021-01-21,45.1,1.2771
2021-01-22,45.1,1.2771
2021-01-23,45.8,1.2969
2021-01-24,47.1,1.3337
2021-01-25,47.2,1.3366
2021-01-26,45.6,1.2912
2021-01-27,46.2,1.3082
2021-01-28,43.9,1.2431
2021-01-29,41.6,1.178
2021-01-30,41.6,1.178
2021-01-31,41.8,1.1836
2021-02-01,43.1,1.2205
2021-02-02,45.6,1.2912
2021-02-03,45.8,1.2969
2021-02-04,45.2,1.2799
2021-02-05,43.9,1.2431
2021-02-06,44.1,1.2488
2021-02-07,42.9,1.2148
2021-02-08,42.3,1.1978
2021-02-09,41.6,1.178
2021-02-10,41.7,1.1808
2021-02-11,41.4,1.1723
2021-02-12,40.7,1.1525
2021-02-13,43.6,1.2346
2021-02-14,46.0,1.3026
2021-02-15,47.3,1.3394
2021-02-16,47.6,1.3479
2021-02-17,48.8,1.3819
2021-02-18,49.4,1.3988
2021-02-19,51.0,1.4442
2021-02-20,51.5,1.4583
2021-02-21,49.6,1.4045
2021-02-22,47.9,1.3564
2021-02-23,45.1,1.2771
2021-02-24,44.5,1.2601
2021-02-25,42.8,1.212
2021-02-26,43.9,1.2431
2021-02-27,44.3,1.2544
2021-02-28,44.0,1.2459
2021-03-01,41.5,1.1751
2021-03-02,42.0,1.1893
2021-03-03,42.7,1.2091
2021-03-04,43.3,1.2261
2021-03-05,42.9,1.2148
2021-03-06,43.0,1.2176
2021-03-07,41.2,1.1667
2021-03-08,39.1,1.1072
2021-03-09,39.2,1.11
2021-03-10,38.9,1.1015
2021-03-11,37.2,1.0534
2021-03-12,31.0,0.8778
2021-03-13,26.9,0.7617
2021-03-14,28.3,0.8014
2021-03-15,25.4,0.7192
2021-03-16,20.9,0.5918
2021-03-17,27.8,0.7872
2021-03-18,30.0,0.8495
2021-03-19,33.1,0.9373
2021-03-20,33.6,0.9514
2021-03-21,33.5,0.9486
2021-03-22,37.1,1.0506
2021-03-23,35.1,0.9939
2021-03-24,35.3,0.9996
2021-03-25,34.0,0.9628
2021-03-26,36.3,1.0279
2021-03-27,38.9,1.1015
2021-03-28,36.6,1.0364
2021-03-29,34.7,0.9826
2021-03-30,34.2,0.9684
2021-03-31,33.6,0.9514
2021-04-01,30.7,0.8693
2021-04-02,27.3,0.773
2021-04-03,29.9,0.8467
2021-04-04,29.9,0.8467
2021-04-05,26.9,0.7617
2021-04-06,29.7,0.841
2021-04-07,30.6,0.8665
2021-04-08,27.0,0.7646
2021-04-09,29.0,0.8212
2021-04-10,27.4,0.7759
2021-04-11,25.0,0.7079
2021-04-12,29.1,0.824
2021-04-13,30.5,0.8637
2021-04-14,33.5,0.9486
2021-04-15,31.5,0.892
2021-04-16,28.6,0.8099
2021-04-17,24.7,0.6994
2021-04-18,28.7,0.8127
2021-04-19,32.9,0.9316
2021-04-20,30.7,0.8693
2021-04-21,27.3,0.773
2021-04-22,33.9,0.9599
2021-04-23,31.5,0.892
2021-04-24,29.6,0.8382
2021-04-25,24.1,0.6824
2021-04-26,24.6,0.6966
2021-04-27,24.2,0.6853
2021-04-28,27.8,0.7872
2021-04-29,30.0,0.8495
2021-04-30,35.0,0.9911
2021-05-01,45.7,1.2941
2021-05-02,75.5,2.1379
2021-05-03,60.0,1.699
2021-05-04,45.5,1.2884
2021-05-05,38.2,1.0817
2021-05-06,32.6,0.9231
2021-05-07,30.6,0.8665
2021-05-08,29.4,0.8325
2021-05-09,28.9,0.8184
2021-05-10,29.5,0.8353
2021-05-11,28.1,0.7957
2021-05-12,28.5,0.807
2021-05-13,27.8,0.7872
2021-05-14,27.7,0.7844
2021-05-15,37.0,1.0477
2021-05-16,39.9,1.1298
2021-05-17,141.0,3.9927
2021-05-18,86.9,2.4607
2021-05-19,46.5,1.3167
2021-05-20,32.7,0.926
2021-05-21,26.4,0.7476
2021-05-22,23.9,0.6768
2021-05-23,19.7,0.5578
2021-05-24,20.4,0.5777
2021-05-25,41.2,1.1667
2021-05-26,35.7,1.0109
2021-05-27,28.7,0.8127
2021-05-28,29.2,0.8269
2021-05-29,46.8,1.3252
2021-05-30,26.3,0.7447
2021-05-31,72.2,2.0445
2021-06-01,66.0,1.8689
2021-06-02,56.1,1.5886
2021-06-03,76.1,2.1549
2021-06-04,77.5,2.1946
2021-06-05,58.8,1.665
2021-06-06,53.1,1.5036
2021-06-07,40.0,1.1327
2021-06-08,32.9,0.9316
2021-06-09,28.9,0.8184
2021-06-10,26.8,0.7589
2021-06-11,25.4,0.7192
2021-06-12,24.2,0.6853
2021-06-13,22.5,0.6371
2021-06-14,21.4,0.606
2021-06-15,19.7,0.5578
2021-06-16,19.2,0.5437
2021-06-17,17.9,0.5069
2021-06-18,16.8,0.4757
2021-06-19,15.4,0.4361
2021-06-20,14.5,0.4106
2021-06-21,14.0,0.3964
2021-06-22,13.7,0.3879
2021-06-23,15.0,0.4248
2021-06-24,16.2,0.4587
2021-06-25,16.1,0.4559
2021-06-26,16.4,0.4644
2021-06-27,18.6,0.5267
2021-06-28,635.0,17.9812
2021-06-29,86.2,2.4409
2021-06-30,5060.0,143.283
2021-07-01,1760.0,49.8376
2021-07-02,623.0,17.6414
2021-07-03,586.0,16.5936
2021-07-04,752.0,21.2942
2021-07-05,353.0,9.9958
2021-07-06,327.0,9.2596
2021-07-07,393.0,11.1285
2021-07-08,273.0,7.7305
2021-07-09,177.0,5.0121
2021-07-10,115.0,3.2564
2021-07-11,82.3,2.3305
2021-07-12,67.7,1.917
2021-07-13,60.7,1.7188
2021-07-14,57.4,1.6254
2021-07-15,167.0,4.7289
2021-07-16,240.0,6.796
2021-07-17,195.0,5.5218
2021-07-18,164.0,4.644
2021-07-19,125.0,3.5396
2021-07-20,88.0,2.4919
2021-07-21,72.3,2.0473
2021-07-22,60.4,1.7103
2021-07-23,61.4,1.7387
2021-07-24,54.4,1.5404
2021-07-25,56.9,1.6112
2021-07-26,62.4,1.767
2021-07-27,66.5,1.8831
2021-07-28,63.8,1.8066
2021-07-29,65.3,1.8491
2021-07-30,61.1,1.7302
2021-07-31,56.1,1.5886
2021-08-01,60.9,1.7245
2021-08-02,253.0,7.1642
2021-08-03,256.0,7.2491
2021-08-04,168.0,4.7572
2021-08-05,111.0,3.1432
2021-08-06,89.9,2.5457
2021-08-07,85.7,2.4267
2021-08-08,82.1,2.3248
2021-08-09,80.5,2.2795
2021-08-10,80.7,2.2852
2021-08-11,81.8,2.3163
2021-08-12,125.0,3.5396
2021-08-13,84.2,2.3843
2021-08-14,103.0,2.9166
2021-08-15,129.0,3.6529
2021-08-16,492.0,13.9319
2021-08-17,438.0,12.4028
2021-08-18,332.0,9.4012
2021-08-19,274.0,7.7588
2021-08-20,228.0,6.4562
2021-08-21,168.0,4.7572
2021-08-22,108.0,3.0582
2021-08-23,241.0,6.8243
2021-08-24,476.0,13.4788
2021-08-25,480.0,13.5921
2021-08-26,380.0,10.7604
2021-08-27,225.0,6.3713
2021-08-28,141.0,3.9927
2021-08-29,101.0,2.86
2021-08-30,73.0,2.0671
2021-08-31,66.1,1.8717
2021-09-01,69.8,1.9765
2021-09-02,68.5,1.9397
2021-09-03,63.6,1.8009
2021-09-04,69.3,1.9624
2021-09-05,70.7,2.002
2021-09-06,79.2,2.2427
2021-09-07,100.0,2.8317
2021-09-08,76.3,2.1606
2021-09-09,62.8,1.7783
2021-09-10,62.0,1.7556
2021-09-11,60.8,1.7217
2021-09-12,62.7,1.7755
2021-09-13,61.5,1.7415
2021-09-14,68.7,1.9454
2021-09-15,68.5,1.9397
2021-09-16,56.9,1.6112
2021-09-17,52.3,1.481
2021-09-18,48.0,1.3592
2021-09-19,47.8,1.3535
2021-09-20,50.3,1.4243
2021-09-21,44.5,1.2601
2021-09-22,43.8,1.2403
2021-09-23,45.7,1.2941
2021-09-24,53.2,1.5065
2021-09-25,51.9,1.4696
2021-09-26,47.4,1.3422
2021-09-27,50.0,1.4158
2021-09-28,51.5,1.4583
2021-09-29,45.5,1.2884
2021-09-30,38.4,1.0874
2021-10-01,72.7,2.0586
2021-10-02,57.4,1.6254
2021-10-03,61.5,1.7415
2021-10-04,61.8,1.75
2021-10-05,61.3,1.7358
2021-10-06,56.6,1.6027
2021-10-07,52.5,1.4866
2021-10-08,50.0,1.4158
2021-10-09,47.1,1.3337
2021-10-10,50.7,1.4357
2021-10-11,52.0,1.4725
2021-10-12,51.7,1.464
2021-10-13,48.4,1.3705
2021-10-14,60.5,1.7132
2021-10-15,66.3,1.8774
2021-10-16,61.2,1.733
2021-10-17,59.4,1.682
2021-10-18,73.7,2.0869
2021-10-19,84.3,2.3871
2021-10-20,64.6,1.8293
2021-10-21,52.5,1.4866
2021-10-22,48.2,1.3649
2021-10-23,47.2,1.3366
2021-10-24,47.0,1.3309
2021-10-25,48.4,1.3705
2021-10-26,53.0,1.5008
2021-10-27,53.6,1.5178
2021-10-28,55.6,1.5744
2021-10-29,53.0,1.5008
2021-10-30,54.4,1.5404
2021-10-31,58.2,1.648
2021-11-01,57.0,1.6141
2021-11-02,62.3,1.7641
2021-11-03,74.6,2.1124
2021-11-04,64.6,1.8293
2021-11-05,59.9,1.6962
2021-11-06,58.5,1.6565
2021-11-07,63.7,1.8038
2021-11-08,62.4,1.767
2021-11-09,59.3,1.6792
2021-11-10,61.0,1.7273
2021-11-11,55.0,1.5574
2021-11-12,55.4,1.5688
2021-11-13,57.6,1.631
2021-11-14,57.8,1.6367
2021-11-15,59.1,1.6735
2021-11-16,57.0,1.6141
2021-11-17,55.2,1.5631
2021-11-18,51.7,1.464
2021-11-19,51.5,1.4583
2021-11-20,54.5,1.5433
2021-11-21,58.2,1.648
2021-11-22,59.8,1.6933
2021-11-23,59.0,1.6707
2021-11-24,54.4,1.5404
2021-11-25,53.4,1.5121
2021-11-26,54.2,1.5348
2021-11-27,55.9,1.5829
2021-11-28,55.7,1.5772
2021-11-29,59.5,1.6848
2021-11-30,59.4,1.682
2021-12-01,58.5,1.6565
2021-12-02,56.1,1.5886
2021-12-03,53.8,1.5234
2021-12-04,53.0,1.5008
2021-12-05,53.9,1.5263
2021-12-06,54.2,1.5348
2021-12-07,55.8,1.5801
2021-12-08,55.1,1.5603
2021-12-09,53.6,1.5178
2021-12-10,55.5,1.5716
2021-12-11,55.8,1.5801
2021-12-12,56.5,1.5999
2021-12-13,53.7,1.5206
2021-12-14,53.5,1.5149
2021-12-15,55.7,1.5772
2021-12-16,57.1,1.6169
2021-12-17,56.9,1.6112
2021-12-18,55.9,1.5829
2021-12-19,49.1,1.3904
2021-12-20,50.1,1.4187
2021-12-21,48.4,1.3705
2021-12-22,54.6,1.5461
2021-12-23,57.4,1.6254
2021-12-24,56.4,1.5971
2021-12-25,56.6,1.6027
2021-12-26,57.9,1.6395
2021-12-27,59.4,1.682
2021-12-28,60.2,1.7047
2021-12-29,56.9,1.6112
2021-12-30,52.3,1.481
2021-12-31,57.4,1.6254
2022-01-01,60.9,1.7245
2022-01-02,60.9,1.7245
2022-01-03,62.9,1.7811
2022-01-04,58.6,1.6594
2022-01-05,56.9,1.6112
2022-01-06,55.0,1.5574
2022-01-07,56.2,1.5914
2022-01-08,54.8,1.5518
2022-01-09,55.5,1.5716
2022-01-10,57.3,1.6226
2022-01-11,59.4,1.682
2022-01-12,56.2,1.5914
2022-01-13,55.4,1.5688
2022-01-14,51.4,1.4555
2022-01-15,54.4,1.5404
2022-01-16,50.7,1.4357
2022-01-17,48.0,1.3592
2022-01-18,51.3,1.4527
2022-01-19,53.3,1.5093
2022-01-20,50.2,1.4215
2022-01-21,45.5,1.2884
2022-01-22,49.1,1.3904
2022-01-23,45.1,1.2771
2022-01-24,45.6,1.2912
2022-01-25,49.5,1.4017
2022-01-26,48.1,1.362
2022-01-27,46.2,1.3082
2022-01-28,51.0,1.4442
2022-01-29,50.1,1.4187
2022-01-30,52.3,1.481
2022-01-31,48.5,1.3734
2022-02-01,48.5,1.3734
2022-02-02,47.6,1.3479
2022-02-03,50.8,1.4385
2022-02-04,52.9,1.498
2022-02-05,50.8,1.4385
2022-02-06,53.4,1.5121
2022-02-07,51.8,1.4668
2022-02-08,50.0,1.4158
2022-02-09,50.1,1.4187
2022-02-10,46.5,1.3167
2022-02-11,48.0,1.3592
2022-02-12,44.9,1.2714
2022-02-13,49.1,1.3904
2022-02-14,44.4,1.2573
2022-02-15,43.6,1.2346
2022-02-16,43.2,1.2233
2022-02-17,47.8,1.3535
2022-02-18,47.2,1.3366
2022-02-19,53.1,1.5036
2022-02-20,51.3,1.4527
2022-02-21,49.6,1.4045
2022-02-22,50.0,1.4158
2022-02-23,50.8,1.4385
2022-02-24,49.5,1.4017
2022-02-25,45.3,1.2828
2022-02-26,45.1,1.2771
2022-02-27,46.7,1.3224
2022-02-28,49.0,1.3875
2022-03-01,50.3,1.4243
2022-03-02,54.1,1.5319
2022-03-03,53.7,1.5206
2022-03-04,52.0,1.4725
2022-03-05,49.5,1.4017
2022-03-06,46.7,1.3224
2022-03-07,44.6,1.2629
2022-03-08,42.9,1.2148
2022-03-09,43.3,1.2261
2022-03-10,42.3,1.1978
2022-03-11,41.3,1.1695
2022-03-12,41.5,1.1751
2022-03-13,42.1,1.1921
2022-03-14,43.8,1.2403
2022-03-15,42.1,1.1921
2022-03-16,42.2,1.195
2022-03-17,42.7,1.2091
2022-03-18,38.0,1.076
2022-03-19,39.6,1.1213
2022-03-20,39.7,1.1242
2022-03-21,38.1,1.0789
2022-03-22,46.1,1.3054
2022-03-23,47.4,1.3422
2022-03-24,46.1,1.3054
2022-03-25,43.3,1.2261
2022-03-26,40.3,1.1412
2022-03-27,37.2,1.0534
2022-03-28,35.9,1.0166
2022-03-29,33.8,0.9571
2022-03-30,39.1,1.1072
2022-03-31,49.0,1.3875
2022-04-01,63.3,1.7925
2022-04-02,50.9,1.4413
2022-04-03,41.4,1.1723
2022-04-04,36.0,1.0194
2022-04-05,36.9,1.0449
2022-04-06,37.6,1.0647
2022-04-07,37.0,1.0477
2022-04-08,34.1,0.9656
2022-04-09,34.9,0.9883
2022-04-10,33.1,0.9373
2022-04-11,36.5,1.0336
2022-04-12,42.6,1.2063
2022-04-13,40.7,1.1525
2022-04-14,40.3,1.1412
2022-04-15,47.7,1.3507
2022-04-16,45.0,1.2743
2022-04-17,40.3,1.1412
2022-04-18,51.0,1.4442
2022-04-19,53.5,1.5149
2022-04-20,49.9,1.413
2022-04-21,46.5,1.3167
2022-04-22,48.1,1.362
2022-04-23,44.3,1.2544
2022-04-24,40.5,1.1468
2022-04-25,37.5,1.0619
2022-04-26,39.3,1.1129
2022-04-27,41.3,1.1695
2022-04-28,50.1,1.4187
2022-04-29,53.1,1.5036
2022-04-30,42.6,1.2063
2022-05-01,40.8,1.1553
2022-05-02,39.9,1.1298
2022-05-03,41.2,1.1667
2022-05-04,40.9,1.1582
2022-05-05,40.3,1.1412
2022-05-06,36.4,1.0307
2022-05-07,35.2,0.9968
2022-05-08,34.8,0.9854
2022-05-09,33.9,0.9599
2022-05-10,33.5,0.9486
2022-05-11,31.3,0.8863
2022-05-12,28.0,0.7929
2022-05-13,27.1,0.7674
2022-05-14,25.3,0.7164
2022-05-15,26.0,0.7362
2022-05-16,23.1,0.6541
2022-05-17,20.0,0.5663
2022-05-18,22.0,0.623
2022-05-19,23.5,0.6654
2022-05-20,21.1,0.5975
2022-05-21,22.6,0.64
2022-05-22,23.9,0.6768
2022-05-23,24.6,0.6966
2022-05-24,25.9,0.7334
2022-05-25,26.0,0.7362
2022-05-26,33.9,0.9599
2022-05-27,42.3,1.1978
2022-05-28,46.4,1.3139
2022-05-29,40.4,1.144
2022-05-30,32.5,0.9203
2022-05-31,30.8,0.8722
2022-06-01,35.1,0.9939
2022-06-02,32.1,0.909
2022-06-03,36.8,1.0421
2022-06-04,40.2,1.1383
2022-06-05,37.5,1.0619
2022-06-06,44.8,1.2686
2022-06-07,46.5,1.3167
2022-06-08,35.5,1.0052
2022-06-09,29.1,0.824
2022-06-10,33.4,0.9458
2022-06-11,26.6,0.7532
2022-06-12,25.9,0.7334
2022-06-13,27.2,0.7702
2022-06-14,26.5,0.7504
2022-06-15,24.6,0.6966
2022-06-16,21.5,0.6088
2022-06-17,19.2,0.5437
2022-06-18,18.4,0.521
2022-06-19,21.8,0.6173
2022-06-20,23.3,0.6598
2022-06-21,25.5,0.7221
2022-06-22,25.4,0.7192
2022-06-23,21.1,0.5975
2022-06-24,22.7,0.6428
2022-06-25,25.0,0.7079
2022-06-26,30.0,0.8495
2022-06-27,42.5,1.2035
2022-06-28,65.6,1.8576
2022-06-29,50.5,1.43
2022-06-30,52.9,1.498
2022-07-01,37.7,1.0675
2022-07-02,30.8,0.8722
2022-07-03,29.1,0.824
2022-07-04,28.6,0.8099
2022-07-05,25.6,0.7249
2022-07-06,24.5,0.6938
2022-07-07,30.7,0.8693
2022-07-08,38.1,1.0789
2022-07-09,38.7,1.0959
2022-07-10,45.6,1.2912
2022-07-11,47.9,1.3564
2022-07-12,36.9,1.0449
2022-07-13,29.0,0.8212
2022-07-14,30.8,0.8722
2022-07-15,32.9,0.9316
2022-07-16,32.6,0.9231
2022-07-17,27.1,0.7674
2022-07-18,23.8,0.6739
2022-07-19,23.5,0.6654
2022-07-20,28.1,0.7957
2022-07-21,28.6,0.8099
2022-07-22,27.5,0.7787
2022-07-23,29.4,0.8325
2022-07-24,30.3,0.858
2022-07-25,33.4,0.9458
2022-07-26,29.4,0.8325
2022-07-27,26.9,0.7617
2022-07-28,31.3,0.8863
2022-07-29,29.4,0.8325
2022-07-30,26.0,0.7362
2022-07-31,23.7,0.6711
2022-08-01,24.0,0.6796
2022-08-02,24.7,0.6994
2022-08-03,24.0,0.6796
2022-08-04,23.8,0.6739
2022-08-05,23.3,0.6598
2022-08-06,23.5,0.6654
2022-08-07,24.0,0.6796
2022-08-08,24.1,0.6824
2022-08-09,24.0,0.6796
2022-08-10,24.3,0.6881
2022-08-11,26.4,0.7476
2022-08-12,45.5,1.2884
2022-08-13,42.0,1.1893
2022-08-14,30.4,0.8608
2022-08-15,29.3,0.8297
2022-08-16,35.0,0.9911
2022-08-17,30.5,0.8637
2022-08-18,30.6,0.8665
2022-08-19,40.7,1.1525
2022-08-20,57.4,1.6254
2022-08-21,123.0,3.483
2022-08-22,307.0,8.6933
2022-08-23,118.0,3.3414
2022-08-24,65.6,1.8576
2022-08-25,51.0,1.4442
2022-08-26,47.8,1.3535
2022-08-27,43.3,1.2261
2022-08-28,40.5,1.1468
2022-08-29,38.7,1.0959
2022-08-30,40.6,1.1497
2022-08-31,38.7,1.0959
2022-09-01,57.1,1.6169
2022-09-02,150.0,4.2475
2022-09-03,155.0,4.3891
2022-09-04,100.0,2.8317
2022-09-05,69.3,1.9624
2022-09-06,50.5,1.43
2022-09-07,44.6,1.2629
2022-09-08,43.1,1.2205
2022-09-09,42.2,1.195
2022-09-10,41.3,1.1695
2022-09-11,40.5,1.1468
2022-09-12,40.4,1.144
2022-09-13,39.2,1.11
2022-09-14,38.7,1.0959
2022-09-15,37.3,1.0562
2022-09-16,36.0,1.0194
2022-09-17,32.4,0.9175
2022-09-18,27.7,0.7844
2022-09-19,26.2,0.7419
2022-09-20,25.2,0.7136
2022-09-21,30.1,0.8523
2022-09-22,37.1,1.0506
2022-09-23,33.9,0.9599
2022-09-24,34.8,0.9854
2022-09-25,41.9,1.1865
2022-09-26,46.0,1.3026
2022-09-27,41.6,1.178
2022-09-28,35.5,1.0052
2022-09-29,36.5,1.0336
2022-09-30,33.6,0.9514
2022-10-01,31.4,0.8891
2022-10-02,32.0,0.9061
2022-10-03,35.7,1.0109
2022-10-04,45.2,1.2799
2022-10-05,43.4,1.2289
2022-10-06,40.7,1.1525
2022-10-07,38.7,1.0959
2022-10-08,40.1,1.1355
2022-10-09,43.0,1.2176
2022-10-10,53.4,1.5121
2022-10-11,55.6,1.5744
2022-10-12,67.8,1.9199
2022-10-13,74.7,2.1153
2022-10-14,51.7,1.464
2022-10-15,54.2,1.5348
2022-10-16,57.8,1.6367
2022-10-17,60.8,1.7217
2022-10-18,61.8,1.75
2022-10-19,69.6,1.9708
2022-10-20,67.3,1.9057
2022-10-21,62.9,1.7811
2022-10-22,58.1,1.6452
2022-10-23,61.0,1.7273
2022-10-24,61.9,1.7528
2022-10-25,63.8,1.8066
2022-10-26,54.4,1.5404
2022-10-27,49.0,1.3875
2022-10-28,48.1,1.362
2022-10-29,52.8,1.4951
2022-10-30,52.8,1.4951
2022-10-31,56.4,1.5971
2022-11-01,64.8,1.8349
2022-11-02,58.3,1.6509
2022-11-03,79.7,2.2568
2022-11-04,81.5,2.3078
2022-11-05,63.7,1.8038
2022-11-06,55.6,1.5744
2022-11-07,52.6,1.4895
2022-11-08,53.0,1.5008
2022-11-09,54.8,1.5518
2022-11-10,55.9,1.5829
2022-11-11,55.6,1.5744
2022-11-12,53.8,1.5234
2022-11-13,50.0,1.4158
2022-11-14,49.9,1.413
2022-11-15,51.7,1.464
2022-11-16,54.1,1.5319
2022-11-17,55.0,1.5574
2022-11-18,54.6,1.5461
2022-11-19,53.9,1.5263
2022-11-20,54.2,1.5348
2022-11-21,55.1,1.5603
2022-11-22,56.0,1.5857
2022-11-23,56.8,1.6084
2022-11-24,57.5,1.6282
2022-11-25,63.2,1.7896
2022-11-26,80.3,2.2738
2022-11-27,87.6,2.4806
2022-11-28,85.5,2.4211
2022-11-29,71.9,2.036
2022-11-30,61.9,1.7528
2022-12-01,60.2,1.7047
2022-12-02,58.4,1.6537
2022-12-03,57.2,1.6197
2022-12-04,58.3,1.6509
2022-12-05,59.3,1.6792
2022-12-06,60.8,1.7217
2022-12-07,62.5,1.7698
2022-12-08,61.8,1.75
2022-12-09,60.7,1.7188
2022-12-10,59.8,1.6933
2022-12-11,59.1,1.6735
2022-12-12,57.5,1.6282
2022-12-13,56.4,1.5971
2022-12-14,55.7,1.5772
2022-12-15,55.8,1.5801
2022-12-16,54.8,1.5518
2022-12-17,53.9,1.5263
2022-12-18,55.2,1.5631
2022-12-19,56.9,1.6112
2022-12-20,56.3,1.5942
2022-12-21,56.8,1.6084
2022-12-22,56.3,1.5942
2022-12-23,50.8,1.4385
2022-12-24,47.2,1.3366
2022-12-25,50.5,1.43
2022-12-26,53.2,1.5065
2022-12-27,54.8,1.5518
2022-12-28,55.5,1.5716
2022-12-29,54.4,1.5404
2022-12-30,50.9,1.4413
2022-12-31,50.9,1.4413
2023-01-01,51.2,1.4498
2023-01-02,53.5,1.5149
2023-01-03,53.8,1.5234
2023-01-04,54.3,1.5376
2023-01-05,54.2,1.5348
2023-01-06,52.2,1.4781
2023-01-07,51.6,1.4611
2023-01-08,52.4,1.4838
2023-01-09,52.7,1.4923
2023-01-10,52.6,1.4895
2023-01-11,53.1,1.5036
2023-01-12,52.6,1.4895
2023-01-13,52.7,1.4923
2023-01-14,52.2,1.4781
2023-01-15,50.9,1.4413
2023-01-16,52.1,1.4753
2023-01-17,52.5,1.4866
2023-01-18,53.0,1.5008
2023-01-19,51.5,1.4583
2023-01-20,51.6,1.4611
2023-01-21,51.3,1.4527
2023-01-22,49.5,1.4017
2023-01-23,51.6,1.4611
2023-01-24,58.8,1.665
2023-01-25,65.6,1.8576
2023-01-26,69.8,1.9765
2023-01-27,66.0,1.8689
2023-01-28,53.9,1.5263
2023-01-29,47.3,1.3394
2023-01-30,45.2,1.2799
2023-01-31,45.3,1.2828
2023-02-01,46.4,1.3139
2023-02-02,46.5,1.3167
2023-02-03,46.7,1.3224
2023-02-04,46.3,1.3111
2023-02-05,43.6,1.2346
2023-02-06,42.5,1.2035
2023-02-07,42.8,1.212
2023-02-08,42.8,1.212
2023-02-09,42.7,1.2091
2023-02-10,43.7,1.2374
2023-02-11,45.3,1.2828
2023-02-12,45.4,1.2856
2023-02-13,45.2,1.2799
2023-02-14,45.6,1.2912
2023-02-15,47.8,1.3535
2023-02-16,49.0,1.3875
2023-02-17,44.0,1.2459
2023-02-18,39.1,1.1072
2023-02-19,40.2,1.1383
2023-02-20,42.0,1.1893
2023-02-21,42.1,1.1921
2023-02-22,42.9,1.2148
2023-02-23,40.4,1.144
2023-02-24,40.7,1.1525
2023-02-25,39.9,1.1298
2023-02-26,36.4,1.0307
2023-02-27,38.7,1.0959
2023-02-28,41.5,1.1751
2023-03-01,44.3,1.2544
2023-03-02,37.9,1.0732
2023-03-03,38.0,1.076
2023-03-04,38.4,1.0874
2023-03-05,37.5,1.0619
2023-03-06,30.7,0.8693
2023-03-07,31.8,0.9005
2023-03-08,33.6,0.9514
2023-03-09,34.5,0.9769
2023-03-10,38.1,1.0789
2023-03-11,41.0,1.161
2023-03-12,39.2,1.11
2023-03-13,37.6,1.0647
2023-03-14,38.7,1.0959
2023-03-15,36.3,1.0279
2023-03-16,38.1,1.0789
2023-03-17,37.7,1.0675
2023-03-18,37.6,1.0647
2023-03-19,37.5,1.0619
2023-03-20,35.8,1.0137
2023-03-21,36.2,1.0251
2023-03-22,35.7,1.0109
2023-03-23,35.7,1.0109
2023-03-24,35.6,1.0081
2023-03-25,34.2,0.9684
2023-03-26,33.3,0.9429
2023-03-27,33.8,0.9571
2023-03-28,29.9,0.8467
2023-03-29,30.1,0.8523
2023-03-30,30.1,0.8523
2023-03-31,29.6,0.8382
2023-04-01,25.4,0.7192
2023-04-02,24.4,0.6909
2023-04-03,24.0,0.6796
2023-04-04,28.2,0.7985
2023-04-05,31.4,0.8891
2023-04-06,27.9,0.79
2023-04-07,28.9,0.8184
2023-04-08,27.7,0.7844
2023-04-09,31.6,0.8948
2023-04-10,58.3,1.6509
2023-04-11,46.8,1.3252
2023-04-12,43.8,1.2403
2023-04-13,49.4,1.3988
2023-04-14,46.2,1.3082
2023-04-15,43.7,1.2374
2023-04-16,42.2,1.195
2023-04-17,39.3,1.1129
2023-04-18,35.0,0.9911
2023-04-19,34.1,0.9656
2023-04-20,34.8,0.9854
2023-04-21,34.3,0.9713
2023-04-22,33.4,0.9458
2023-04-23,36.9,1.0449
2023-04-24,45.7,1.2941
2023-04-25,43.7,1.2374
2023-04-26,44.1,1.2488
2023-04-27,40.7,1.1525
2023-04-28,43.1,1.2205
2023-04-29,48.6,1.3762
2023-04-30,45.8,1.2969
2023-05-01,38.3,1.0845
2023-05-02,37.5,1.0619
2023-05-03,38.1,1.0789
2023-05-04,38.2,1.0817
2023-05-05,38.9,1.1015
2023-05-06,37.8,1.0704
2023-05-07,34.1,0.9656
2023-05-08,30.3,0.858
2023-05-09,27.6,0.7815
2023-05-10,26.5,0.7504
2023-05-11,29.1,0.824
2023-05-12,31.6,0.8948
2023-05-13,32.9,0.9316
2023-05-14,35.3,0.9996
2023-05-15,46.1,1.3054
2023-05-16,47.3,1.3394
2023-05-17,40.6,1.1497
2023-05-18,37.1,1.0506
2023-05-19,35.8,1.0137
2023-05-20,72.9,2.0643
2023-05-21,33.6,0.9514
2023-05-22,31.1,0.8807
2023-05-23,41.9,1.1865
2023-05-24,55.7,1.5772
2023-05-25,53.5,1.5149
2023-05-26,44.7,1.2658
2023-05-27,42.3,1.1978
2023-05-28,46.4,1.3139
2023-05-29,45.8,1.2969
2023-05-30,44.6,1.2629
2023-05-31,46.0,1.3026
2023-06-01,52.8,1.4951
2023-06-02,38.8,1.0987
2023-06-03,47.5,1.345
2023-06-04,39.8,1.127
2023-06-05,37.9,1.0732
2023-06-06,35.9,1.0166
2023-06-07,96.8,2.7411
2023-06-08,78.1,2.2115
2023-06-09,30.1,0.8523
2023-06-10,26.2,0.7419
2023-06-11,30.3,0.858
2023-06-12,32.8,0.9288
2023-06-13,31.6,0.8948
2023-06-14,30.3,0.858
2023-06-15,30.7,0.8693
2023-06-16,33.9,0.9599
2023-06-17,29.5,0.8353
2023-06-18,28.4,0.8042
2023-06-19,28.3,0.8014
2023-06-20,31.9,0.9033
2023-06-21,36.9,1.0449
2023-06-22,31.4,0.8891
2023-06-23,30.8,0.8722
2023-06-24,26.5,0.7504
2023-06-25,24.3,0.6881
2023-06-26,27.7,0.7844
2023-06-27,29.6,0.8382
2023-06-28,25.1,0.7108
2023-06-29,21.3,0.6031
2023-06-30,20.2,0.572
2023-07-01,21.7,0.6145
2023-07-02,27.6,0.7815
2023-07-03,36.9,1.0449
2023-07-04,36.8,1.0421
2023-07-05,28.9,0.8184
2023-07-06,21.4,0.606
2023-07-07,24.8,0.7023
2023-07-08,24.9,0.7051
2023-07-09,22.2,0.6286
2023-07-10,19.5,0.5522
2023-07-11,19.1,0.5409
2023-07-12,21.5,0.6088
2023-07-13,24.6,0.6966
2023-07-14,25.9,0.7334
2023-07-15,27.0,0.7646
2023-07-16,28.7,0.8127
2023-07-17,30.2,0.8552
2023-07-18,27.8,0.7872
2023-07-19,26.9,0.7617
2023-07-20,27.3,0.773
2023-07-21,26.1,0.7391
2023-07-22,29.5,0.8353
2023-07-23,43.6,1.2346
2023-07-24,42.6,1.2063
2023-07-25,32.3,0.9146
2023-07-26,33.3,0.9429
2023-07-27,29.9,0.8467
2023-07-28,26.1,0.7391
2023-07-29,21.7,0.6145
2023-07-30,20.0,0.5663
2023-07-31,19.7,0.5578
2023-08-01,23.8,0.6739
2023-08-02,32.1,0.909
2023-08-03,31.2,0.8835
2023-08-04,25.4,0.7192
2023-08-05,22.2,0.6286
2023-08-06,26.8,0.7589
2023-08-07,29.3,0.8297
2023-08-08,34.4,0.9741
2023-08-09,43.9,1.2431
2023-08-10,49.8,1.4102
2023-08-11,51.1,1.447
2023-08-12,42.1,1.1921
2023-08-13,35.3,0.9996
2023-08-14,34.4,0.9741
2023-08-15,39.6,1.1213
2023-08-16,37.0,1.0477
2023-08-17,30.2,0.8552
2023-08-18,27.6,0.7815
2023-08-19,25.8,0.7306
2023-08-20,24.4,0.6909
2023-08-21,26.7,0.7561
2023-08-22,31.9,0.9033
2023-08-23,39.7,1.1242
2023-08-24,33.5,0.9486
2023-08-25,35.7,1.0109
2023-08-26,42.0,1.1893
2023-08-27,41.9,1.1865
2023-08-28,51.6,1.4611
2023-08-29,42.2,1.195
2023-08-30,42.0,1.1893
2023-08-31,41.5,1.1751
2023-09-01,40.3,1.1412
2023-09-02,61.2,1.733
2023-09-03,59.2,1.6764
2023-09-04,54.8,1.5518
2023-09-05,47.6,1.3479
2023-09-06,37.9,1.0732
2023-09-07,34.7,0.9826
2023-09-08,32.7,0.926
2023-09-09,28.8,0.8155
2023-09-10,25.9,0.7334
2023-09-11,26.4,0.7476
2023-09-12,31.7,0.8976
2023-09-13,52.7,1.4923
2023-09-14,52.4,1.4838
2023-09-15,66.7,1.8887
2023-09-16,63.7,1.8038
2023-09-17,55.8,1.5801
2023-09-18,44.6,1.2629
2023-09-19,43.7,1.2374
2023-09-20,36.6,1.0364
2023-09-21,41.0,1.161
2023-09-22,45.1,1.2771
2023-09-23,40.1,1.1355
2023-09-24,41.7,1.1808
2023-09-25,42.9,1.2148
2023-09-26,36.2,1.0251
2023-09-27,42.4,1.2006
2023-09-28,51.1,1.447
2023-09-29,48.7,1.379
2023-09-30,55.5,1.5716
2023-10-01,60.1,1.7018
2023-10-02,52.9,1.498
2023-10-03,59.7,1.6905
2023-10-04,459.0,12.9974
2023-10-05,274.0,7.7588
2023-10-06,129.0,3.6529
2023-10-07,83.9,2.3758
2023-10-08,71.7,2.0303
2023-10-09,61.4,1.7387
2023-10-10,56.1,1.5886
2023-10-11,51.8,1.4668
2023-10-12,49.3,1.396
2023-10-13,45.1,1.2771
2023-10-14,43.7,1.2374
2023-10-15,50.0,1.4158
2023-10-16,52.8,1.4951
2023-10-17,57.9,1.6395
2023-10-18,60.1,1.7018
2023-10-19,50.8,1.4385
2023-10-20,51.9,1.4696
2023-10-21,57.2,1.6197
2023-10-22,56.1,1.5886
2023-10-23,51.0,1.4442
2023-10-24,61.8,1.75
2023-10-25,144.0,4.0776
2023-10-26,117.0,3.3131
2023-10-27,96.7,2.7382
2023-10-28,81.5,2.3078
2023-10-29,65.1,1.8434
2023-10-30,66.3,1.8774
2023-10-31,79.5,2.2512
2023-11-01,77.1,2.1832
2023-11-02,79.9,2.2625
2023-11-03,68.1,1.9284
2023-11-04,55.5,1.5716
2023-11-05,55.7,1.5772
2023-11-06,59.5,1.6848
2023-11-07,60.3,1.7075
2023-11-08,59.7,1.6905
2023-11-09,57.0,1.6141
2023-11-10,54.3,1.5376
2023-11-11,52.1,1.4753
2023-11-12,55.9,1.5829
2023-11-13,61.3,1.7358
2023-11-14,61.9,1.7528
2023-11-15,64.5,1.8264
2023-11-16,64.8,1.8349
2023-11-17,64.8,1.8349
2023-11-18,63.9,1.8094
2023-11-19,63.6,1.8009
2023-11-20,62.3,1.7641
2023-11-21,60.9,1.7245
2023-11-22,59.2,1.6764
2023-11-23,58.1,1.6452
2023-11-24,58.8,1.665
2023-11-25,58.9,1.6679
2023-11-26,59.9,1.6962
2023-11-27,59.3,1.6792
2023-11-28,58.9,1.6679
2023-11-29,59.4,1.682
2023-11-30,58.6,1.6594
2023-12-01,59.2,1.6764
2023-12-02,60.1,1.7018
2023-12-03,57.0,1.6141
2023-12-04,55.3,1.5659
2023-12-05,57.7,1.6339
2023-12-06,58.1,1.6452
2023-12-07,58.8,1.665
2023-12-08,58.2,1.648
2023-12-09,56.8,1.6084
2023-12-10,55.9,1.5829
2023-12-11,54.9,1.5546
2023-12-12,52.9,1.498
2023-12-13,54.5,1.5433
2023-12-14,55.9,1.5829
2023-12-15,59.5,1.6848
2023-12-16,59.7,1.6905
2023-12-17,59.8,1.6933
2023-12-18,56.1,1.5886
2023-12-19,55.5,1.5716
2023-12-20,53.6,1.5178
2023-12-21,50.9,1.4413
2023-12-22,53.0,1.5008
2023-12-23,56.4,1.5971
2023-12-24,57.5,1.6282
2023-12-25,57.4,1.6254
2023-12-26,57.2,1.6197
2023-12-27,56.5,1.5999
2023-12-28,62.7,1.7755
2023-12-29,56.5,1.5999
2023-12-30,51.1,1.447
2023-12-31,54.0,1.5291
2024-01-01,50.5,1.43
2024-01-02,52.8,1.4951
2024-01-03,53.7,1.5206
2024-01-04,54.4,1.5404
2024-01-05,55.8,1.5801
2024-01-06,56.0,1.5857
2024-01-07,55.9,1.5829
2024-01-08,54.6,1.5461
2024-01-09,52.9,1.498
2024-01-10,55.1,1.5603
2024-01-11,53.6,1.5178
2024-01-12,51.1,1.447
2024-01-13,58.7,1.6622
2024-01-14,53.1,1.5036
2024-01-15,44.1,1.2488
2024-01-16,43.5,1.2318
2024-01-17,44.7,1.2658
2024-01-18,46.2,1.3082
2024-01-19,47.4,1.3422
2024-01-20,47.1,1.3337
2024-01-21,46.3,1.3111
2024-01-22,46.7,1.3224
2024-01-23,48.0,1.3592
2024-01-24,49.9,1.413
2024-01-25,49.1,1.3904
2024-01-26,48.5,1.3734
2024-01-27,46.9,1.3281
2024-01-28,46.9,1.3281
2024-01-29,48.5,1.3734
2024-01-30,49.6,1.4045
2024-01-31,50.0,1.4158
2024-02-01,49.7,1.4073
2024-02-02,50.9,1.4413
2024-02-03,50.9,1.4413
2024-02-04,50.7,1.4357
2024-02-05,51.2,1.4498
2024-02-06,49.8,1.4102
2024-02-07,44.8,1.2686
2024-02-08,45.5,1.2884
2024-02-09,46.1,1.3054
2024-02-10,47.7,1.3507
2024-02-11,45.7,1.2941
2024-02-12,46.6,1.3196
2024-02-13,48.4,1.3705
2024-02-14,49.6,1.4045
2024-02-15,47.0,1.3309
2024-02-16,45.2,1.2799
2024-02-17,43.8,1.2403
2024-02-18,43.0,1.2176
2024-02-19,41.1,1.1638
2024-02-20,39.5,1.1185
2024-02-21,38.5,1.0902
2024-02-22,40.9,1.1582
2024-02-23,42.9,1.2148
2024-02-24,42.5,1.2035
2024-02-25,39.0,1.1044
2024-02-26,37.9,1.0732
2024-02-27,37.6,1.0647
2024-02-28,36.9,1.0449
2024-02-29,36.8,1.0421
2024-03-01,38.6,1.093
2024-03-02,38.6,1.093
2024-03-03,40.0,1.1327
2024-03-04,39.8,1.127
2024-03-05,37.0,1.0477
2024-03-06,37.0,1.0477
2024-03-07,36.8,1.0421
2024-03-08,37.7,1.0675
2024-03-09,38.0,1.076
2024-03-10,37.1,1.0506
2024-03-11,35.2,0.9968
2024-03-12,35.0,0.9911
2024-03-13,34.8,0.9854
2024-03-14,36.3,1.0279
2024-03-15,35.9,1.0166
2024-03-16,36.9,1.0449
2024-03-17,37.0,1.0477
2024-03-18,37.7,1.0675
2024-03-19,39.2,1.11
2024-03-20,39.3,1.1129
2024-03-21,39.2,1.11
2024-03-22,38.6,1.093
2024-03-23,35.8,1.0137
2024-03-24,31.8,0.9005
2024-03-25,29.7,0.841
2024-03-26,28.8,0.8155
2024-03-27,35.5,1.0052
2024-03-28,32.8,0.9288
2024-03-29,30.3,0.858
2024-03-30,31.2,0.8835
2024-03-31,32.3,0.9146
2024-04-01,33.7,0.9543
2024-04-02,33.4,0.9458
2024-04-03,33.2,0.9401
2024-04-04,51.1,1.447
2024-04-05,39.0,1.1044
2024-04-06,28.0,0.7929
2024-04-07,25.6,0.7249
2024-04-08,27.4,0.7759
2024-04-09,30.7,0.8693
2024-04-10,45.1,1.2771
2024-04-11,47.4,1.3422
2024-04-12,43.6,1.2346
2024-04-13,43.1,1.2205
2024-04-14,43.9,1.2431
2024-04-15,47.9,1.3564
2024-04-16,51.7,1.464
2024-04-17,55.3,1.5659
2024-04-18,46.5,1.3167
2024-04-19,38.2,1.0817
2024-04-20,41.9,1.1865
2024-04-21,44.0,1.2459
2024-04-22,49.5,1.4017
2024-04-23,47.9,1.3564
2024-04-24,47.4,1.3422
2024-04-25,39.4,1.1157
2024-04-26,36.0,1.0194
2024-04-27,34.0,0.9628
2024-04-28,33.0,0.9345
2024-04-29,32.3,0.9146
2024-04-30,40.6,1.1497
2024-05-01,43.4,1.2289
2024-05-02,36.7,1.0392
2024-05-03,35.7,1.0109
2024-05-04,33.2,0.9401
2024-05-05,33.1,0.9373
2024-05-06,35.3,0.9996
2024-05-07,36.0,1.0194
2024-05-08,36.4,1.0307
2024-05-09,38.5,1.0902
2024-05-10,37.6,1.0647
2024-05-11,31.3,0.8863
2024-05-12,28.7,0.8127
2024-05-13,27.0,0.7646
2024-05-14,25.3,0.7164
2024-05-15,25.4,0.7192
2024-05-16,25.7,0.7277
2024-05-17,24.2,0.6853
2024-05-18,24.6,0.6966
2024-05-19,25.6,0.7249
2024-05-20,23.8,0.6739
2024-05-21,21.0,0.5947
2024-05-22,19.0,0.538
2024-05-23,19.4,0.5493
2024-05-24,18.0,0.5097
2024-05-25,16.8,0.4757
2024-05-26,18.5,0.5239
2024-05-27,21.8,0.6173
2024-05-28,28.5,0.807
2024-05-29,24.3,0.6881
2024-05-30,21.8,0.6173
2024-05-31,32.0,0.9061
2024-06-01,34.1,0.9656
2024-06-02,37.1,1.0506
2024-06-03,31.3,0.8863
2024-06-04,31.2,0.8835
2024-06-05,31.5,0.892
2024-06-06,29.7,0.841
2024-06-07,28.3,0.8014
2024-06-08,28.3,0.8014
2024-06-09,162.0,4.5873
2024-06-10,115.0,3.2564
2024-06-11,31.4,0.8891
2024-06-12,27.8,0.7872
2024-06-13,32.7,0.926
2024-06-14,40.4,1.144
2024-06-15,33.2,0.9401
2024-06-16,29.7,0.841
2024-06-17,26.5,0.7504
2024-06-18,22.6,0.64
2024-06-19,19.0,0.538
2024-06-20,19.1,0.5409
2024-06-21,33.6,0.9514
2024-06-22,33.5,0.9486
2024-06-23,35.5,1.0052
2024-06-24,40.4,1.144
2024-06-25,36.7,1.0392
2024-06-26,34.9,0.9883
2024-06-27,33.4,0.9458
2024-06-28,29.3,0.8297
2024-06-29,27.1,0.7674
2024-06-30,26.0,0.7362
2024-07-01,28.1,0.7957
2024-07-02,27.5,0.7787
2024-07-03,30.9,0.875
2024-07-04,31.3,0.8863
2024-07-05,44.2,1.2516
2024-07-06,80.2,2.271
2024-07-07,27.7,0.7844
2024-07-08,25.6,0.7249
2024-07-09,25.9,0.7334
2024-07-10,24.7,0.6994
2024-07-11,25.6,0.7249
2024-07-12,24.7,0.6994
2024-07-13,23.8,0.6739
2024-07-14,26.4,0.7476
2024-07-15,24.2,0.6853
2024-07-16,22.1,0.6258
2024-07-17,25.5,0.7221
2024-07-18,20.4,0.5777
2024-07-19,21.4,0.606
2024-07-20,52.7,1.4923
2024-07-21,42.3,1.1978
2024-07-22,31.5,0.892
2024-07-23,29.2,0.8269
2024-07-24,29.8,0.8438
2024-07-25,34.2,0.9684
2024-07-26,29.4,0.8325
2024-07-27,25.4,0.7192
2024-07-28,22.7,0.6428
2024-07-29,20.7,0.5862
2024-07-30,21.1,0.5975
2024-07-31,28.1,0.7957
2024-08-01,28.3,0.8014
2024-08-02,25.5,0.7221
2024-08-03,24.2,0.6853
2024-08-04,23.5,0.6654
2024-08-05,23.6,0.6683
2024-08-06,23.0,0.6513
2024-08-07,22.6,0.64
2024-08-08,22.7,0.6428
2024-08-09,23.8,0.6739
2024-08-10,23.0,0.6513
2024-08-11,21.4,0.606
2024-08-12,19.4,0.5493
2024-08-13,18.4,0.521
2024-08-14,21.6,0.6116
2024-08-15,23.9,0.6768
2024-08-16,21.7,0.6145
2024-08-17,26.9,0.7617
2024-08-18,27.9,0.79
2024-08-19,24.2,0.6853
2024-08-20,21.0,0.5947
2024-08-21,18.8,0.5324
2024-08-22,23.9,0.6768
2024-08-23,23.1,0.6541
2024-08-24,22.2,0.6286
2024-08-25,24.8,0.7023
2024-08-26,23.9,0.6768
2024-08-27,27.6,0.7815
2024-08-28,28.0,0.7929
2024-08-29,25.6,0.7249
2024-08-30,25.6,0.7249
2024-08-31,26.8,0.7589
2024-09-01,30.9,0.875
2024-09-02,156.0,4.4174
2024-09-03,125.0,3.5396
2024-09-04,93.6,2.6505
2024-09-05,75.8,2.1464
2024-09-06,60.1,1.7018
2024-09-07,48.9,1.3847
2024-09-08,41.3,1.1695
2024-09-09,40.6,1.1497
2024-09-10,39.3,1.1129
2024-09-11,36.1,1.0222
2024-09-12,34.7,0.9826
2024-09-13,33.4,0.9458
2024-09-14,33.5,0.9486
2024-09-15,30.6,0.8665
2024-09-16,29.6,0.8382
2024-09-17,29.3,0.8297
2024-09-18,27.6,0.7815
2024-09-19,26.2,0.7419
2024-09-20,30.7,0.8693
2024-09-21,46.5,1.3167
2024-09-22,50.0,1.4158
2024-09-23,50.3,1.4243
2024-09-24,45.2,1.2799
2024-09-25,37.7,1.0675
2024-09-26,35.7,1.0109
2024-09-27,31.6,0.8948
2024-09-28,27.5,0.7787
2024-09-29,28.6,0.8099
2024-09-30,30.2,0.8552
2024-10-01,31.2,0.8835
2024-10-02,35.4,1.0024
2024-10-03,33.4,0.9458
2024-10-04,43.9,1.2431
2024-10-05,40.5,1.1468
2024-10-06,34.2,0.9684
2024-10-07,36.3,1.0279
2024-10-08,37.5,1.0619
2024-10-09,30.2,0.8552
2024-10-10,27.8,0.7872
2024-10-11,27.7,0.7844
2024-10-12,30.9,0.875
2024-10-13,39.4,1.1157
2024-10-14,36.1,1.0222
2024-10-15,41.1,1.1638
2024-10-16,38.4,1.0874
2024-10-17,39.7,1.1242
2024-10-18,32.2,0.9118
2024-10-19,33.9,0.9599
2024-10-20,36.4,1.0307
2024-10-21,39.4,1.1157
2024-10-22,38.7,1.0959
2024-10-23,49.4,1.3988
2024-10-24,57.0,1.6141
2024-10-25,49.2,1.3932
2024-10-26,46.1,1.3054
2024-10-27,39.8,1.127
2024-10-28,36.9,1.0449
2024-10-29,37.8,1.0704
2024-10-30,38.5,1.0902
2024-10-31,39.0,1.1044
2024-11-01,41.6,1.178
2024-11-02,44.6,1.2629
2024-11-03,66.1,1.8717
2024-11-04,89.2,2.5259
2024-11-05,64.3,1.8208
2024-11-06,52.4,1.4838
2024-11-07,47.8,1.3535
2024-11-08,46.6,1.3196
2024-11-09,48.8,1.3819
2024-11-10,53.2,1.5065
2024-11-11,49.1,1.3904
2024-11-12,48.5,1.3734
2024-11-13,47.8,1.3535
2024-11-14,46.5,1.3167
2024-11-15,45.6,1.2912
2024-11-16,44.6,1.2629
2024-11-17,46.4,1.3139
2024-11-18,56.7,1.6056
2024-11-19,75.9,2.1492
2024-11-20,68.3,1.934
2024-11-21,57.0,1.6141
2024-11-22,50.6,1.4328
2024-11-23,49.5,1.4017
2024-11-24,49.6,1.4045
2024-11-25,49.3,1.396
2024-11-26,48.8,1.3819
2024-11-27,48.5,1.3734
2024-11-28,47.4,1.3422
2024-11-29,47.6,1.3479
2024-11-30,47.5,1.345
2024-12-01,47.0,1.3309
2024-12-02,47.7,1.3507
2024-12-03,48.5,1.3734
2024-12-04,49.5,1.4017
2024-12-05,49.3,1.396
2024-12-06,48.0,1.3592
2024-12-07,49.4,1.3988
2024-12-08,46.3,1.3111
2024-12-09,44.9,1.2714
2024-12-10,44.7,1.2658
2024-12-11,42.3,1.1978
2024-12-12,40.4,1.144
2024-12-13,43.2,1.2233
2024-12-14,44.3,1.2544
2024-12-15,43.4,1.2289
2024-12-16,42.3,1.1978
2024-12-17,41.4,1.1723
2024-12-18,45.0,1.2743
2024-12-19,47.7,1.3507
2024-12-20,47.5,1.345
2024-12-21,48.2,1.3649
2024-12-22,48.3,1.3677
2024-12-23,48.8,1.3819
2024-12-24,48.8,1.3819
2024-12-25,48.8,1.3819
2024-12-26,49.7,1.4073
2024-12-27,49.3,1.396
2024-12-28,48.8,1.3819
2024-12-29,46.0,1.3026
2024-12-30,44.8,1.2686
2024-12-31,45.7,1.2941
2025-01-01,47.3,1.3394
2025-01-02,46.1,1.3054
2025-01-03,44.3,1.2544
2025-01-04,46.6,1.3196
2025-01-05,48.0,1.3592
2025-01-06,47.6,1.3479
2025-01-07,46.5,1.3167
2025-01-08,45.9,1.2997
2025-01-09,46.7,1.3224
2025-01-10,48.6,1.3762
2025-01-11,50.4,1.4272
2025-01-12,49.2,1.3932
2025-01-13,44.9,1.2714
2025-01-14,43.2,1.2233
2025-01-15,44.6,1.2629
2025-01-16,44.1,1.2488
2025-01-17,44.0,1.2459
2025-01-18,44.6,1.2629
2025-01-19,44.2,1.2516
2025-01-20,45.0,1.2743
2025-01-21,39.8,1.127
2025-01-22,42.7,1.2091
2025-01-23,44.1,1.2488
2025-01-24,45.2,1.2799
2025-01-25,44.7,1.2658
2025-01-26,43.9,1.2431
2025-01-27,42.6,1.2063
2025-01-28,44.7,1.2658
2025-01-29,47.4,1.3422
2025-01-30,46.8,1.3252
2025-01-31,50.3,1.4243
2025-02-01,72.0,2.0388
2025-02-02,69.0,1.9539
2025-02-03,57.4,1.6254
2025-02-04,48.5,1.3734
2025-02-05,45.4,1.2856
2025-02-06,44.9,1.2714
2025-02-07,46.2,1.3082
2025-02-08,45.4,1.2856
2025-02-09,43.7,1.2374
2025-02-10,44.0,1.2459
2025-02-11,46.5,1.3167
2025-02-12,45.1,1.2771
2025-02-13,45.7,1.2941
2025-02-14,45.1,1.2771
2025-02-15,44.6,1.2629
2025-02-16,44.5,1.2601
2025-02-17,46.6,1.3196
2025-02-18,45.4,1.2856
2025-02-19,45.6,1.2912
2025-02-20,44.5,1.2601
2025-02-21,45.3,1.2828
2025-02-22,43.2,1.2233
2025-02-23,43.3,1.2261
2025-02-24,44.9,1.2714
2025-02-25,45.7,1.2941
2025-02-26,45.9,1.2997
2025-02-27,44.1,1.2488
2025-02-28,44.3,1.2544
2025-03-01,43.7,1.2374
2025-03-02,43.4,1.2289
2025-03-03,41.3,1.1695
2025-03-04,41.5,1.1751
2025-03-05,39.6,1.1213
2025-03-06,39.7,1.1242
2025-03-07,38.9,1.1015
2025-03-08,39.2,1.11
2025-03-09,42.5,1.2035
2025-03-10,42.3,1.1978
2025-03-11,41.2,1.1667
2025-03-12,41.8,1.1836
2025-03-13,41.6,1.178
2025-03-14,42.2,1.195
2025-03-15,39.3,1.1129
2025-03-16,40.6,1.1497
2025-03-17,41.4,1.1723
2025-03-18,36.0,1.0194
2025-03-19,38.5,1.0902
2025-03-20,40.3,1.1412
2025-03-21,41.7,1.1808
2025-03-22,35.7,1.0109
2025-03-23,38.2,1.0817
2025-03-24,40.0,1.1327
2025-03-25,40.1,1.1355
2025-03-26,39.6,1.1213
2025-03-27,38.9,1.1015
2025-03-28,39.4,1.1157
2025-03-29,37.4,1.059
2025-03-30,37.8,1.0704
2025-03-31,35.7,1.0109
2025-04-01,33.2,0.9401
2025-04-02,33.5,0.9486
2025-04-03,35.5,1.0052
2025-04-04,42.1,1.1921
2025-04-05,49.3,1.396
2025-04-06,45.3,1.2828
2025-04-07,49.3,1.396
2025-04-08,53.3,1.5093
2025-04-09,47.7,1.3507
2025-04-10,41.3,1.1695
2025-04-11,39.6,1.1213
2025-04-12,39.0,1.1044
2025-04-13,36.2,1.0251
2025-04-14,37.2,1.0534
2025-04-15,33.9,0.9599
2025-04-16,33.1,0.9373
2025-04-17,28.8,0.8155
2025-04-18,25.8,0.7306
2025-04-19,24.9,0.7051
2025-04-20,24.7,0.6994
2025-04-21,27.2,0.7702
2025-04-22,30.5,0.8637
2025-04-23,28.3,0.8014
2025-04-24,33.7,0.9543
2025-04-25,50.0,1.4158
2025-04-26,1620.0,45.8732
2025-04-27,532.0,15.0645
2025-04-28,201.0,5.6917
2025-04-29,84.9,2.4041
2025-04-30,56.3,1.5942
2025-05-01,46.3,1.3111
2025-05-02,42.4,1.2006
2025-05-03,48.2,1.3649
2025-05-04,172.0,4.8705
2025-05-05,498.0,14.1018
2025-05-06,533.0,15.0929
2025-05-07,205.0,5.8049
2025-05-08,93.7,2.6533
2025-05-09,71.6,2.0275
2025-05-10,60.8,1.7217
2025-05-11,54.3,1.5376
2025-05-12,51.5,1.4583
2025-05-13,53.8,1.5234
2025-05-14,52.2,1.4781
2025-05-15,50.2,1.4215
2025-05-16,47.4,1.3422
2025-05-17,44.0,1.2459
2025-05-18,42.1,1.1921
2025-05-19,41.2,1.1667
2025-05-20,43.8,1.2403
2025-05-21,45.0,1.2743
2025-05-22,48.6,1.3762
2025-05-23,54.8,1.5518
2025-05-24,50.0,1.4158
2025-05-25,45.3,1.2828
2025-05-26,48.9,1.3847
2025-05-27,52.9,1.498
2025-05-28,54.0,1.5291
2025-05-29,36.0,1.0194
2025-05-30,39.8,1.127
2025-05-31,47.4,1.3422
2025-06-01,55.8,1.5801
2025-06-02,48.7,1.379
2025-06-03,43.8,1.2403
2025-06-04,43.1,1.2205
2025-06-05,52.7,1.4923
2025-06-06,62.9,1.7811
2025-06-07,47.3,1.3394
2025-06-08,43.9,1.2431
2025-06-09,41.4,1.1723
2025-06-10,162.0,4.5873
2025-06-11,9.06,0.2566
2025-06-12,46.1,1.3054
2025-06-13,62.1,1.7585
2025-06-14,49.2,1.3932
2025-06-15,39.7,1.1242
2025-06-16,37.6,1.0647
2025-06-17,39.1,1.1072
2025-06-18,54.6,1.5461
2025-06-19,57.0,1.6141
2025-06-20,45.7,1.2941
2025-06-21,50.8,1.4385
2025-06-22,47.2,1.3366
2025-06-23,52.4,1.4838
2025-06-24,57.5,1.6282
2025-06-25,70.1,1.985
2025-06-26,72.6,2.0558
2025-06-27,69.4,1.9652
2025-06-28,60.1,1.7018
2025-06-29,50.7,1.4357
2025-06-30,54.3,1.5376
2025-07-01,47.5,1.345
2025-07-02,50.7,1.4357
2025-07-03,166.0,4.7006
2025-07-04,81.3,2.3022
2025-07-05,119.0,3.3697
2025-07-06,85.4,2.4183
2025-07-07,59.4,1.682
2025-07-08,50.3,1.4243
2025-07-09,45.6,1.2912
2025-07-10,43.5,1.2318
2025-07-11,42.3,1.1978
2025-07-12,39.8,1.127
2025-07-13,41.8,1.1836
2025-07-14,41.9,1.1865
2025-07-15,42.5,1.2035
2025-07-16,43.1,1.2205
2025-07-17,45.7,1.2941
2025-07-18,54.4,1.5404
2025-07-19,51.8,1.4668
2025-07-20,49.1,1.3904
2025-07-21,50.7,1.4357
2025-07-22,58.5,1.6565
2025-07-23,82.1,2.3248
2025-07-24,65.8,1.8632
2025-07-25,59.7,1.6905
2025-07-26,61.1,1.7302
2025-07-27,50.9,1.4413
2025-07-28,47.1,1.3337
2025-07-29,50.6,1.4328
2025-07-30,56.0,1.5857
2025-07-31,56.8,1.6084
2025-08-01,51.4,1.4555
2025-08-02,59.0,1.6707
2025-08-03,66.7,1.8887
2025-08-04,68.6,1.9425
2025-08-05,58.2,1.648
2025-08-06,56.1,1.5886
2025-08-07,49.7,1.4073
2025-08-08,42.2,1.195
2025-08-09,46.5,1.3167
2025-08-10,49.5,1.4017
2025-08-11,59.6,1.6877
2025-08-12,72.5,2.053
2025-08-13,82.9,2.3475
2025-08-14,65.4,1.8519
2025-08-15,67.9,1.9227
2025-08-16,81.7,2.3135
2025-08-17,59.0,1.6707
2025-08-18,41.0,1.161
2025-08-19,58.9,1.6679
2025-08-20,46.8,1.3252
2025-08-21,55.4,1.5688
2025-08-22,49.2,1.3932
2025-08-23,45.5,1.2884
2025-08-24,46.9,1.3281
2025-08-25,41.8,1.1836
2025-08-26,41.8,1.1836
2025-08-27,38.6,1.093
2025-08-28,36.0,1.0194
2025-08-29,37.0,1.0477
2025-08-30,37.6,1.0647
2025-08-31,43.1,1.2205
2025-09-01,59.1,1.6735
2025-09-02,65.3,1.8491
2025-09-03,57.0,1.6141
2025-09-04,55.2,1.5631
2025-09-05,53.8,1.5234
2025-09-06,47.6,1.3479
2025-09-07,47.6,1.3479
2025-09-08,48.1,1.362
2025-09-09,45.9,1.2997
2025-09-10,44.0,1.2459
2025-09-11,45.1,1.2771
2025-09-12,44.8,1.2686
2025-09-13,45.7,1.2941
2025-09-14,51.4,1.4555
2025-09-15,54.8,1.5518
2025-09-16,52.6,1.4895
2025-09-17,52.3,1.481
2025-09-18,53.5,1.5149
2025-09-19,51.1,1.447
2025-09-20,56.3,1.5942
2025-09-21,53.3,1.5093
2025-09-22,50.4,1.4272
2025-09-23,53.9,1.5263
2025-09-24,46.7,1.3224
2025-09-25,41.8,1.1836
2025-09-26,43.0,1.2176
2025-09-27,41.9,1.1865
2025-09-28,42.2,1.195
2025-09-29,47.1,1.3337
2025-09-30,49.6,1.4045
2025-10-01,64.2,1.8179
2025-10-02,63.1,1.7868
2025-10-03,59.7,1.6905
2025-10-04,65.1,1.8434
2025-10-05,56.7,1.6056
2025-10-06,62.1,1.7585
2025-10-07,66.7,1.8887
2025-10-08,69.3,1.9624
2025-10-09,68.1,1.9284
2025-10-10,56.8,1.6084
2025-10-11,51.8,1.4668
2025-10-12,47.2,1.3366
2025-10-13,45.7,1.2941
2025-10-14,47.6,1.3479
2025-10-15,60.5,1.7132
2025-10-16,61.6,1.7443
2025-10-17,55.6,1.5744
2025-10-18,56.5,1.5999
2025-10-19,59.8,1.6933
2025-10-20,53.9,1.5263
2025-10-21,45.8,1.2969
2025-10-22,42.7,1.2091
2025-10-23,47.8,1.3535
2025-10-24,55.0,1.5574
2025-10-25,57.1,1.6169
2025-10-26,57.4,1.6254
2025-10-27,60.2,1.7047
2025-10-28,52.4,1.4838
2025-10-29,47.6,1.3479
2025-10-30,53.2,1.5065
2025-10-31,55.9,1.5829
2025-11-01,53.2,1.5065
2025-11-02,55.9,1.5829
2025-11-03,60.2,1.7047
2025-11-04,56.4,1.5971
2025-11-05,54.0,1.5291
2025-11-06,56.8,1.6084
2025-11-07,59.9,1.6962
2025-11-08,60.5,1.7132
2025-11-09,59.5,1.6848
2025-11-10,59.4,1.682
2025-11-11,59.9,1.6962
2025-11-12,59.7,1.6905
2025-11-13,60.5,1.7132
2025-11-14,61.2,1.733
2025-11-15,60.1,1.7018
2025-11-16,57.3,1.6226
2025-11-17,60.5,1.7132
2025-11-18,62.1,1.7585
2025-11-19,63.1,1.7868
2025-11-20,62.8,1.7783
2025-11-21,62.0,1.7556
2025-11-22,62.9,1.7811
2025-11-23,64.3,1.8208
2025-11-24,63.5,1.7981
2025-11-25,62.6,1.7726
2025-11-26,61.0,1.7273
2025-11-27,59.2,1.6764
2025-11-28,58.2,1.648
2025-11-29,57.9,1.6395
2025-11-30,59.1,1.6735
2025-12-01,59.8,1.6933
2025-12-02,59.8,1.6933
2025-12-03,59.8,1.6933
2025-12-04,59.7,1.6905
2025-12-05,61.4,1.7387
2025-12-06,61.1,1.7302
2025-12-07,58.6,1.6594
2025-12-08,59.9,1.6962
2025-12-09,60.6,1.716
2025-12-10,60.5,1.7132
2025-12-11,59.6,1.6877
2025-12-12,55.7,1.5772
2025-12-13,51.7,1.464
2025-12-14,52.9,1.498
2025-12-15,53.5,1.5149
2025-12-16,50.5,1.43
2025-12-17,54.7,1.5489
2025-12-18,58.5,1.6565
2025-12-19,54.8,1.5518
2025-12-20,51.5,1.4583
2025-12-21,52.9,1.498
2025-12-22,57.5,1.6282
2025-12-23,59.2,1.6764
2025-12-24,59.5,1.6848
2025-12-25,59.6,1.6877
2025-12-26,59.3,1.6792
2025-12-27,59.4,1.682
2025-12-28,60.4,1.7103
2025-12-29,61.4,1.7387
2025-12-30,64.7,1.8321
2025-12-31,66.7,1.8887
2026-01-01,69.2,1.9595
2026-01-02,66.9,1.8944
2026-01-03,64.0,1.8123
2026-01-04,62.8,1.7783
2026-01-05,61.7,1.7471
2026-01-06,60.9,1.7245
2026-01-07,60.5,1.7132
2026-01-08,61.3,1.7358
2026-01-09,58.6,1.6594
2026-01-10,59.6,1.6877
2026-01-11,90.9,2.574
2026-01-12,109.0,3.0865
2026-01-13,107.0,3.0299
2026-01-14,101.0,2.86
2026-01-15,97.5,2.7609
2026-01-16,93.3,2.642
2026-01-17,85.3,2.4154
2026-01-18,83.6,2.3673
2026-01-19,81.1,2.2965
2026-01-20,78.7,2.2285
2026-01-21,77.3,2.1889
2026-01-22,73.9,2.0926
2026-01-23,77.1,2.1832
2026-01-24,79.3,2.2455
2026-01-25,85.4,2.4183
2026-01-26,89.1,2.523
2026-01-27,86.8,2.4579
2026-01-28,82.9,2.3475
2026-01-29,80.8,2.288
2026-01-30,80.3,2.2738
2026-01-31,79.0,2.237
2026-02-01,78.6,2.2257
2026-02-02,77.3,2.1889
2026-02-03,77.1,2.1832
2026-02-04,76.6,2.1691
2026-02-05,75.9,2.1492
2026-02-06,74.8,2.1181
2026-02-07,74.4,2.1068
2026-02-08,73.1,2.07
2026-02-09,71.4,2.0218
2026-02-10,71.2,2.0162
2026-02-11,70.1,1.985
2026-02-12,66.8,1.8916
2026-02-13,67.3,1.9057
2026-02-14,70.4,1.9935
2026-02-15,71.2,2.0162
2026-02-16,69.5,1.968
2026-02-17,66.4,1.8802
2026-02-18,65.2,1.8463
2026-02-19,66.0,1.8689
2026-02-20,63.6,1.8009
2026-02-21,61.5,1.7415
2026-02-22,60.8,1.7217
2026-02-23,60.3,1.7075
2026-02-24,59.7,1.6905
2026-02-25,61.7,1.7471
2026-02-26,62.1,1.7585
2026-02-27,61.4,1.7387
2026-02-28,60.5,1.7132
2026-03-01,61.3,1.7358
2026-03-02,61.1,1.7302
2026-03-03,60.2,1.7047
2026-03-04,62.4,1.767
2026-03-05,62.3,1.7641
2026-03-06,59.5,1.6848
2026-03-07,57.2,1.6197
2026-03-08,57.2,1.6197
2026-03-09,57.2,1.6197
2026-03-10,57.6,1.631
2026-03-11,58.6,1.6594
2026-03-12,57.4,1.6254
2026-03-13,51.9,1.4696
2026-03-14,46.7,1.3224
2026-03-15,45.9,1.2997
2026-03-16,45.3,1.2828
2026-03-17,50.1,1.4187
2026-03-18,49.9,1.413
2026-03-19,52.2,1.4781
2026-03-20,54.9,1.5546
2026-03-21,55.6,1.5744
2026-03-22,55.7,1.5772
2026-03-23,53.9,1.5263
2026-03-24,52.9,1.498
2026-03-25,52.2,1.4781
2026-03-26,52.1,1.4753
2026-03-27,49.0,1.3875
2026-03-28,46.1,1.3054
2026-03-29,45.1,1.2771
2026-03-30,54.7,1.5489
2026-03-31,57.7,1.6339
2026-04-01,63.9,1.8094
2026-04-02,61.4,1.7387
2026-04-03,57.7,1.6339
2026-04-04,60.7,1.7188
2026-04-05,61.6,1.7443
2026-04-06,57.3,1.6226
2026-04-07,69.1,1.9567
2026-04-08,66.6,1.8859
2026-04-09,61.7,1.7471
2026-04-10,59.3,1.6792
2026-04-11,61.3,1.7358
2026-04-12,65.4,1.8519
2026-04-13,67.1,1.9001
2026-04-14,71.6,2.0275
2026-04-15,68.1,1.9284
2026-04-16,58.3,1.6509
2026-04-17,51.4,1.4555
2026-04-18,47.3,1.3394
2026-04-19,49.6,1.4045
2026-04-20,55.7,1.5772
2026-04-21,59.5,1.6848
2026-04-22,56.9,1.6112
2026-04-23,56.8,1.6084
2026-04-24,54.0,1.5291
2026-04-25,52.1,1.4753
2026-04-26,50.1,1.4187
2026-04-27,48.0,1.3592
2026-04-28,47.2,1.3366
2026-04-29,47.5,1.345
2026-04-30,46.9,1.3281
2026-05-01,54.1,1.5319
2026-05-02,66.8,1.8916
2026-05-03,68.4,1.9369
2026-05-04,69.7,1.9737
2026-05-05,64.1,1.8151
2026-05-06,59.3,1.6792
2026-05-07,56.4,1.5971
2026-05-08,53.4,1.5121
2026-05-09,51.3,1.4527
2026-05-10,55.8,1.5801
2026-05-11,53.3,1.5093
2026-05-12,51.3,1.4527
2026-05-13,55.8,1.5801
2026-05-14,58.7,1.6622
2026-05-15,54.5,1.5433
2026-05-16,39.5,1.1185
2026-05-17,29.8,0.8438
2026-05-18,24.2,0.6853
2026-05-19,20.0,0.5663
2026-05-20,18.4,0.521
2026-05-21,18.9,0.5352
2026-05-22,17.6,0.4984
2026-05-23,17.0,0.4814
2026-05-24,16.3,0.4616
2026-05-25,17.5,0.4955
2026-05-26,20.1,0.5692
2026-05-27,20.8,0.589
2026-05-28,17.7,0.5012
2026-05-29,17.1,0.4842
2026-05-30,20.8,0.589
2026-05-31,26.9,0.7617
2026-06-01,28.4,0.8042
2026-06-02,26.6,0.7532
2026-06-03,37.7,1.0675
2026-06-04,57.0,1.6141
2026-06-05,137.0,3.8794
2026-06-06,89.0,2.5202
2026-06-07,63.5,1.7981
2026-06-08,58.0,1.6424
2026-06-09,55.0,1.5574
2026-06-10,47.9,1.3564
2026-06-11,41.0,1.161
2026-06-12,37.7,1.0675
2026-06-13,37.4,1.059
2026-06-14,37.6,1.0647
2026-06-15,38.2,1.0817
2026-06-16,40.9,1.1582
2026-06-17,44.4,1.2573
2026-06-18,46.5,1.3167
2026-06-19,42.2,1.195
2026-06-20,39.6,1.1213
2026-06-21,34.4,0.9741
2026-06-22,31.4,0.8891
2026-06-23,34.3,0.9713
2026-06-24,39.2,1.11
2026-06-25,38.6,1.093
2026-06-26,37.7,1.0675
2026-06-27,36.7,1.0392
2026-06-28,37.3,1.0562
2026-06-29,38.5,1.0902
2026-06-30,42.7,1.2091
2026-07-01,48.7,1.379
2026-07-02,48.0,1.3592
2026-07-03,50.0,1.4158
2026-07-04,49.6,1.4045
2026-07-05,47.2,1.3366
2026-07-06,44.3,1.2544
2026-07-07,42.8,1.212
2026-07-08,41.6,1.178
2026-07-09,43.8,1.2403
2026-07-10,44.4,1.2573
2026-07-11,39.4,1.1157
2026-07-12,38.6,1.093
2026-07-13,44.2,1.2516
2026-07-14,43.1,1.2205
2026-07-15,62.2,1.7613
2026-07-16,67.4,1.9086
2026-07-17,58.1,1.6452
2026-07-18,49.4,1.3988
2026-07-19,48.9,1.3847
2026-07-20,52.4,1.4838
2026-07-21,57.4,1.6254
2026-07-22,62.1,1.7585
2026-07-23,67.2,1.9029
2026-07-24,58.4,1.6537
2026-07-25,51.7,1.464
2026-07-26,47.0,1.3309
2026-07-27,51.3,1.4527
2026-07-28,52.3,1.481
2026-07-29,54.8,1.5518
2026-07-30,51.9,1.4696
2026-07-31,47.5,1.345
2026-08-01,45.1,1.2771
2026-08-02,47.3,1.3394
2026-08-03,47.5,1.345
2026-08-04,44.7,1.2658
2026-08-05,43.6,1.2346
2026-08-06,44.6,1.2629
2026-08-07,38.7,1.0959
2026-08-08,35.8,1.0137
2026-08-09,38.4,1.0874
2026-08-10,42.7,1.2091
2026-08-11,43.4,1.2289
2026-08-12,41.3,1.1695
2026-08-13,44.2,1.2516
2026-08-14,43.6,1.2346
2026-08-15,47.1,1.3337
2026-08-16,45.4,1.2856
2026-08-17,45.8,1.2969
2026-08-18,45.3,1.2828
2026-08-19,45.1,1.2771
2026-08-20,44.2,1.2516
2026-08-21,45.1,1.2771
2026-08-22,43.8,1.2403
2026-08-23,44.8,1.2686
2026-08-24,45.2,1.2799
2026-08-25,45.5,1.2884
2026-08-26,46.1,1.3054
2026-08-27,43.3,1.2261
2026-08-28,39.1,1.1072
2026-08-29,48.4,1.3705
2026-08-30,45.1,1.2771
2026-08-31,39.5,1.1185
2026-09-01,38.1,1.0789
2026-09-02,38.4,1.0874
2026-09-03,37.8,1.0704
2026-09-04,37.3,1.0562
2026-09-05,38.3,1.0845
2026-09-06,45.3,1.2828
2026-09-07,47.7,1.3507
2026-09-08,45.2,1.2799
2026-09-09,43.4,1.2289
2026-09-10,44.0,1.2459
2026-09-11,44.3,1.2544
2026-09-12,44.1,1.2488
2026-09-13,43.4,1.2289
2026-09-14,44.0,1.2459
2026-09-15,44.3,1.2544
2026-09-16,49.5,1.4017
2026-09-17,54.7,1.5489
2026-09-18,52.1,1.4753
2026-09-19,47.8,1.3535
2026-09-20,52.2,1.4781
2026-09-21,47.5,1.345
2026-09-22,53.0,1.5008
2026-09-23,52.9,1.498
2026-09-24,66.7,1.8887
2026-09-25,137.0,3.8794
2026-09-26,252.0,7.1358
2026-09-27,331.0,9.3729
2026-09-28,202.0,5.72
